label,locality_grouping,school_year,name,value
State Average,state,2022,pct_disadv,40.978378076151984
State Average,state,2022,bully_rate_per_1k,2.2963809036957756
State Average,state,2022,staff_per_1k_students,7.257506170275645
State Average,state,2023,pct_disadv,44.06051448233173
State Average,state,2023,bully_rate_per_1k,2.7885800404791325
State Average,state,2023,staff_per_1k_students,7.051672237758308
State Average,state,2024,pct_disadv,43.45294930075887
State Average,state,2024,bully_rate_per_1k,2.61091226621638
State Average,state,2024,staff_per_1k_students,7.373485651075941
State Average,state,2025,pct_disadv,42.67048891418733
State Average,state,2025,bully_rate_per_1k,0
State Average,state,2025,staff_per_1k_students,7.6892658636881475
Central Virginia,region,2022,pct_disadv,42.43897938026824
Central Virginia,region,2022,bully_rate_per_1k,2.344754967678204
Central Virginia,region,2022,staff_per_1k_students,8.245721636335018
Northern Neck,region,2022,pct_disadv,38.618477887835645
Northern Neck,region,2022,bully_rate_per_1k,2.792866356611164
Northern Neck,region,2022,staff_per_1k_students,4.857930675376623
Northern Virginia,region,2022,pct_disadv,35.04689001770282
Northern Virginia,region,2022,bully_rate_per_1k,1.6054559816078964
Northern Virginia,region,2022,staff_per_1k_students,8.022335103616129
Southside,region,2022,pct_disadv,51.05991820808165
Southside,region,2022,bully_rate_per_1k,3.977038232093948
Southside,region,2022,staff_per_1k_students,6.801485761452745
Southwest,region,2022,pct_disadv,54.08333470958365
Southwest,region,2022,bully_rate_per_1k,4.145265974137503
Southwest,region,2022,staff_per_1k_students,5.460190583144787
Tidewater,region,2022,pct_disadv,44.97493089927364
Tidewater,region,2022,bully_rate_per_1k,2.3904030340039855
Tidewater,region,2022,staff_per_1k_students,6.511176640740503
Valley,region,2022,pct_disadv,45.63615957555351
Valley,region,2022,bully_rate_per_1k,2.581369248035915
Valley,region,2022,staff_per_1k_students,7.337720640750943
Western Virginia,region,2022,pct_disadv,43.26926597107816
Western Virginia,region,2022,bully_rate_per_1k,2.879980474708646
Western Virginia,region,2022,staff_per_1k_students,6.7973640856672155
Central Virginia,region,2023,pct_disadv,45.41675571703355
Central Virginia,region,2023,bully_rate_per_1k,2.724941226757854
Central Virginia,region,2023,staff_per_1k_students,7.008762556101732
Northern Neck,region,2023,pct_disadv,44.31063171245389
Northern Neck,region,2023,bully_rate_per_1k,3.642033488090666
Northern Neck,region,2023,staff_per_1k_students,5.844823774449913
Northern Virginia,region,2023,pct_disadv,37.22338443781534
Northern Virginia,region,2023,bully_rate_per_1k,2.0537976160671474
Northern Virginia,region,2023,staff_per_1k_students,7.970623055999932
Southside,region,2023,pct_disadv,58.16050839073024
Southside,region,2023,bully_rate_per_1k,5.023022185014651
Southside,region,2023,staff_per_1k_students,5.664218577571446
Southwest,region,2023,pct_disadv,55.933731545136936
Southwest,region,2023,bully_rate_per_1k,3.703047769316224
Southwest,region,2023,staff_per_1k_students,5.225805412889827
Tidewater,region,2023,pct_disadv,48.52581032412965
Tidewater,region,2023,bully_rate_per_1k,2.7651060424169667
Tidewater,region,2023,staff_per_1k_students,6.07202881152461
Valley,region,2023,pct_disadv,45.9379108099909
Valley,region,2023,bully_rate_per_1k,3.559510567296997
Valley,region,2023,staff_per_1k_students,8.251997168571139
Western Virginia,region,2023,pct_disadv,50.63597671346803
Western Virginia,region,2023,bully_rate_per_1k,3.77916931656964
Western Virginia,region,2023,staff_per_1k_students,6.496502128075925
Central Virginia,region,2024,pct_disadv,43.37624429309184
Central Virginia,region,2024,bully_rate_per_1k,2.1651501705389884
Central Virginia,region,2024,staff_per_1k_students,7.5933152993253294
Northern Neck,region,2024,pct_disadv,46.95609823975509
Northern Neck,region,2024,bully_rate_per_1k,3.142466198195691
Northern Neck,region,2024,staff_per_1k_students,5.960481458289849
Northern Virginia,region,2024,pct_disadv,37.2093121746901
Northern Virginia,region,2024,bully_rate_per_1k,2.092147670050525
Northern Virginia,region,2024,staff_per_1k_students,7.896946904341419
Southside,region,2024,pct_disadv,59.20648333077278
Southside,region,2024,bully_rate_per_1k,3.840835765862652
Southside,region,2024,staff_per_1k_students,5.4443846981103095
Southwest,region,2024,pct_disadv,54.06266681764505
Southwest,region,2024,bully_rate_per_1k,4.513175560911694
Southwest,region,2024,staff_per_1k_students,5.186916643750304
Tidewater,region,2024,pct_disadv,46.41985255609717
Tidewater,region,2024,bully_rate_per_1k,2.7393949160053177
Tidewater,region,2024,staff_per_1k_students,7.405229021472023
Valley,region,2024,pct_disadv,46.5297400216733
Valley,region,2024,bully_rate_per_1k,3.3016335996921176
Valley,region,2024,staff_per_1k_students,7.868420786112884
Western Virginia,region,2024,pct_disadv,50.24310190684971
Western Virginia,region,2024,bully_rate_per_1k,2.841291808016852
Western Virginia,region,2024,staff_per_1k_students,6.91034009773064
Central Virginia,region,2025,pct_disadv,44.57371977486568
Central Virginia,region,2025,bully_rate_per_1k,0
Central Virginia,region,2025,staff_per_1k_students,7.889818369639881
Northern Neck,region,2025,pct_disadv,45.91102406915972
Northern Neck,region,2025,bully_rate_per_1k,0
Northern Neck,region,2025,staff_per_1k_students,6.343388223842025
Northern Virginia,region,2025,pct_disadv,36.136320795677655
Northern Virginia,region,2025,bully_rate_per_1k,0
Northern Virginia,region,2025,staff_per_1k_students,8.417010659725385
Southside,region,2025,pct_disadv,56.36398763523957
Southside,region,2025,bully_rate_per_1k,0
Southside,region,2025,staff_per_1k_students,4.772024729520865
Southwest,region,2025,pct_disadv,51.484385040483225
Southwest,region,2025,bully_rate_per_1k,0
Southwest,region,2025,staff_per_1k_students,5.489814933813134
Tidewater,region,2025,pct_disadv,46.41454009896784
Tidewater,region,2025,bully_rate_per_1k,0
Tidewater,region,2025,staff_per_1k_students,7.521353342693333
Valley,region,2025,pct_disadv,43.57732292382994
Valley,region,2025,bully_rate_per_1k,0
Valley,region,2025,staff_per_1k_students,8.210630637919179
Western Virginia,region,2025,pct_disadv,49.21524802114076
Western Virginia,region,2025,bully_rate_per_1k,0
Western Virginia,region,2025,staff_per_1k_students,6.914090959607808
Accomack County,division,2022,pct_disadv,42.78198653198653
Accomack County,division,2022,bully_rate_per_1k,8.417508417508417
Accomack County,division,2022,staff_per_1k_students,3.680555555555556
Albemarle County,division,2022,pct_disadv,27.51472834387956
Albemarle County,division,2022,bully_rate_per_1k,1.9637791839406504
Albemarle County,division,2022,staff_per_1k_students,6.980144010473489
Alexandria City,division,2022,pct_disadv,58.45850305498982
Alexandria City,division,2022,bully_rate_per_1k,0.5728105906313645
Alexandria City,division,2022,staff_per_1k_students,10.100560081466394
Alleghany County,division,2022,pct_disadv,42.96180010465725
Alleghany County,division,2022,bully_rate_per_1k,1.5698587127158556
Alleghany County,division,2022,staff_per_1k_students,10.727367870225011
Amelia County,division,2022,pct_disadv,48.37920489296636
Amelia County,division,2022,bully_rate_per_1k,5.5045871559633035
Amelia County,division,2022,staff_per_1k_students,4.892966360856269
Amherst County,division,2022,pct_disadv,55.34005037783375
Amherst County,division,2022,bully_rate_per_1k,2.5188916876574305
Amherst County,division,2022,staff_per_1k_students,4.785894206549119
Appomattox County,division,2022,pct_disadv,46.44995722840034
Appomattox County,division,2022,bully_rate_per_1k,2.1385799828913603
Appomattox County,division,2022,staff_per_1k_students,6.201881950384944
Arlington County,division,2022,pct_disadv,32.31281198003328
Arlington County,division,2022,bully_rate_per_1k,0.776483638380477
Arlington County,division,2022,staff_per_1k_students,18.598631909779996
Augusta County,division,2022,pct_disadv,43.05709394824287
Augusta County,division,2022,bully_rate_per_1k,3.4236229986909676
Augusta County,division,2022,staff_per_1k_students,8.156278320410834
Bath County,division,2022,pct_disadv,59.561752988047814
Bath County,division,2022,bully_rate_per_1k,1.99203187250996
Bath County,division,2022,staff_per_1k_students,11.733067729083665
Bedford County,division,2022,pct_disadv,40.39294039294039
Bedford County,division,2022,bully_rate_per_1k,2.109002109002109
Bedford County,division,2022,staff_per_1k_students,6.214896214896216
Bland County,division,2022,pct_disadv,43.5326842837274
Bland County,division,2022,bully_rate_per_1k,5.563282336578581
Bland County,division,2022,staff_per_1k_students,4.172461752433936
Botetourt County,division,2022,pct_disadv,26.16279069767442
Botetourt County,division,2022,bully_rate_per_1k,6.037567084078711
Botetourt County,division,2022,staff_per_1k_students,5.778175313059034
Bristol City,division,2022,pct_disadv,67.04545454545455
Bristol City,division,2022,bully_rate_per_1k,2.2727272727272725
Bristol City,division,2022,staff_per_1k_students,9.318181818181818
Brunswick County,division,2022,pct_disadv,67.93516560958422
Brunswick County,division,2022,bully_rate_per_1k,1.4094432699083863
Brunswick County,division,2022,staff_per_1k_students,0
Buchanan County,division,2022,pct_disadv,58.92047795632468
Buchanan County,division,2022,bully_rate_per_1k,1.2360939431396785
Buchanan County,division,2022,staff_per_1k_students,4.738360115368768
Buckingham County,division,2022,pct_disadv,54.88877392653906
Buckingham County,division,2022,bully_rate_per_1k,3.1039834454216244
Buckingham County,division,2022,staff_per_1k_students,4.138644593895499
Buena Vista City,division,2022,pct_disadv,45.20856820744081
Buena Vista City,division,2022,bully_rate_per_1k,5.636978579481398
Buena Vista City,division,2022,staff_per_1k_students,7.384441939120632
Campbell County,division,2022,pct_disadv,47.83549783549784
Campbell County,division,2022,bully_rate_per_1k,3.947033358798065
Campbell County,division,2022,staff_per_1k_students,7.079195314489433
Caroline County,division,2022,pct_disadv,44.926852288815475
Caroline County,division,2022,bully_rate_per_1k,2.1236432279377064
Caroline County,division,2022,staff_per_1k_students,7.3147711184521
Carroll County,division,2022,pct_disadv,63.76811594202898
Carroll County,division,2022,bully_rate_per_1k,1.9892014776925264
Carroll County,division,2022,staff_per_1k_students,9.66183574879227
Charles City County,division,2022,pct_disadv,58.14393939393939
Charles City County,division,2022,bully_rate_per_1k,9.46969696969697
Charles City County,division,2022,staff_per_1k_students,9.46969696969697
Charlotte County,division,2022,pct_disadv,52.82021151586369
Charlotte County,division,2022,bully_rate_per_1k,2.3501762632197414
Charlotte County,division,2022,staff_per_1k_students,6.756756756756757
Charlottesville City,division,2022,pct_disadv,46.73659673659674
Charlottesville City,division,2022,bully_rate_per_1k,0.4662004662004662
Charlottesville City,division,2022,staff_per_1k_students,11.421911421911425
Chesapeake City,division,2022,pct_disadv,39.54740846879787
Chesapeake City,division,2022,bully_rate_per_1k,1.6305153416670783
Chesapeake City,division,2022,staff_per_1k_students,5.358466327387717
Chesterfield County,division,2022,pct_disadv,34.016000000000005
Chesterfield County,division,2022,bully_rate_per_1k,1.248
Chesterfield County,division,2022,staff_per_1k_students,6.8896
Clarke County,division,2022,pct_disadv,29.70027247956403
Clarke County,division,2022,bully_rate_per_1k,4.904632152588556
Clarke County,division,2022,staff_per_1k_students,9.89100817438692
Colonial Beach,division,2022,pct_disadv,59.68
Colonial Beach,division,2022,bully_rate_per_1k,0
Colonial Beach,division,2022,staff_per_1k_students,3.2
Colonial Heights City,division,2022,pct_disadv,54.845656855707105
Colonial Heights City,division,2022,bully_rate_per_1k,0.7178750897343863
Colonial Heights City,division,2022,staff_per_1k_students,5.025125628140704
Covington City,division,2022,pct_disadv,27.22567287784679
Covington City,division,2022,bully_rate_per_1k,1.0351966873706004
Covington City,division,2022,staff_per_1k_students,3.105590062111801
Craig County,division,2022,pct_disadv,51.461988304093566
Craig County,division,2022,bully_rate_per_1k,1.949317738791423
Craig County,division,2022,staff_per_1k_students,5.847953216374268
Culpeper County,division,2022,pct_disadv,48.960076500119534
Culpeper County,division,2022,bully_rate_per_1k,1.9125029882859192
Culpeper County,division,2022,staff_per_1k_students,4.5421945971790585
Cumberland County,division,2022,pct_disadv,57.69867549668874
Cumberland County,division,2022,bully_rate_per_1k,1.6556291390728477
Cumberland County,division,2022,staff_per_1k_students,4.13907284768212
Danville City,division,2022,pct_disadv,10.965829846582984
Danville City,division,2022,bully_rate_per_1k,3.1380753138075312
Danville City,division,2022,staff_per_1k_students,5.578800557880055
Dickenson County,division,2022,pct_disadv,45.29262086513995
Dickenson County,division,2022,bully_rate_per_1k,0.5089058524173028
Dickenson County,division,2022,staff_per_1k_students,7.221374045801528
Dinwiddie County,division,2022,pct_disadv,77.17832418238243
Dinwiddie County,division,2022,bully_rate_per_1k,4.296968250179041
Dinwiddie County,division,2022,staff_per_1k_students,6.32609214609692
Essex County,division,2022,pct_disadv,51.256281407035175
Essex County,division,2022,bully_rate_per_1k,2.871500358937545
Essex County,division,2022,staff_per_1k_students,3.5893754486719307
Fairfax County,division,2022,pct_disadv,31.74517871637697
Fairfax County,division,2022,bully_rate_per_1k,1.2259635569737175
Fairfax County,division,2022,staff_per_1k_students,9.891398662076298
Falls Church City,division,2022,pct_disadv,7.98235058162856
Falls Church City,division,2022,bully_rate_per_1k,0.8022462896109105
Falls Church City,division,2022,staff_per_1k_students,11.151223425591658
Fauquier County,division,2022,pct_disadv,25.602354239470294
Fauquier County,division,2022,bully_rate_per_1k,2.1151370240941696
Fauquier County,division,2022,staff_per_1k_students,6.115504874011403
Floyd County,division,2022,pct_disadv,43.41216216216216
Floyd County,division,2022,bully_rate_per_1k,5.0675675675675675
Floyd County,division,2022,staff_per_1k_students,3.490990990990991
Fluvanna County,division,2022,pct_disadv,41.19420989143546
Fluvanna County,division,2022,bully_rate_per_1k,0.30156815440289503
Fluvanna County,division,2022,staff_per_1k_students,5.428226779252111
Franklin City,division,2022,pct_disadv,76.71370967741935
Franklin City,division,2022,bully_rate_per_1k,14.112903225806452
Franklin City,division,2022,staff_per_1k_students,6.048387096774193
Franklin County,division,2022,pct_disadv,46.17088607594937
Franklin County,division,2022,bully_rate_per_1k,5.063291139240507
Franklin County,division,2022,staff_per_1k_students,9.335443037974684
Frederick County,division,2022,pct_disadv,41.30873450562122
Frederick County,division,2022,bully_rate_per_1k,2.5223407321994813
Frederick County,division,2022,staff_per_1k_students,3.5514557509368694
Fredericksburg City,division,2022,pct_disadv,45.198675496688736
Fredericksburg City,division,2022,bully_rate_per_1k,5.518763796909493
Fredericksburg City,division,2022,staff_per_1k_students,8.002207505518763
Galax City,division,2022,pct_disadv,59.040590405904055
Galax City,division,2022,bully_rate_per_1k,8.118081180811808
Galax City,division,2022,staff_per_1k_students,6.3837638376383765
Giles County,division,2022,pct_disadv,32.00226564712546
Giles County,division,2022,bully_rate_per_1k,7.9297649391107345
Giles County,division,2022,staff_per_1k_students,2.832058906825262
Gloucester County,division,2022,pct_disadv,43.79576489214328
Gloucester County,division,2022,bully_rate_per_1k,4.155946962200673
Gloucester County,division,2022,staff_per_1k_students,5.145458143677024
Goochland County,division,2022,pct_disadv,27.157164869029277
Goochland County,division,2022,bully_rate_per_1k,4.237288135593221
Goochland County,division,2022,staff_per_1k_students,2.1186440677966103
Grayson County,division,2022,pct_disadv,58.49673202614379
Grayson County,division,2022,bully_rate_per_1k,0
Grayson County,division,2022,staff_per_1k_students,5.555555555555555
Greene County,division,2022,pct_disadv,47.80807732136693
Greene County,division,2022,bully_rate_per_1k,0.6903693476009665
Greene County,division,2022,staff_per_1k_students,10.182947877114255
Greensville County,division,2022,pct_disadv,63.47569955817378
Greensville County,division,2022,bully_rate_per_1k,5.400098183603338
Greensville County,division,2022,staff_per_1k_students,4.909180166912126
Halifax County,division,2022,pct_disadv,56.150664053995214
Halifax County,division,2022,bully_rate_per_1k,0.8708904855214457
Halifax County,division,2022,staff_per_1k_students,9.902024820378838
Hampton City,division,2022,pct_disadv,48.13701004128651
Hampton City,division,2022,bully_rate_per_1k,1.8349559100871604
Hampton City,division,2022,staff_per_1k_students,5.581324226515113
Hanover County,division,2022,pct_disadv,24.47079750963534
Hanover County,division,2022,bully_rate_per_1k,0.17788319003854133
Hanover County,division,2022,staff_per_1k_students,6.356359324043878
Harrisonburg City,division,2022,pct_disadv,60.04504504504504
Harrisonburg City,division,2022,bully_rate_per_1k,2.5525525525525525
Harrisonburg City,division,2022,staff_per_1k_students,10.3978978978979
Henrico County,division,2022,pct_disadv,46.26032685883459
Henrico County,division,2022,bully_rate_per_1k,2.1403852693484824
Henrico County,division,2022,staff_per_1k_students,5.284951291232422
Henry County,division,2022,pct_disadv,63.3594306049822
Henry County,division,2022,bully_rate_per_1k,1.708185053380783
Henry County,division,2022,staff_per_1k_students,6.120996441281139
Highland County,division,2022,pct_disadv,45.50561797752809
Highland County,division,2022,bully_rate_per_1k,11.235955056179774
Highland County,division,2022,staff_per_1k_students,11.235955056179774
Hopewell City,division,2022,pct_disadv,70.81187147412314
Hopewell City,division,2022,bully_rate_per_1k,1.9622271277900416
Hopewell City,division,2022,staff_per_1k_students,22.56561196958548
Isle of Wight County,division,2022,pct_disadv,33.15536572343834
Isle of Wight County,division,2022,bully_rate_per_1k,1.0678056593699945
Isle of Wight County,division,2022,staff_per_1k_students,4.630717209467877
King George County,division,2022,pct_disadv,25.290957923008055
King George County,division,2022,bully_rate_per_1k,11.190689346463742
King George County,division,2022,staff_per_1k_students,4.028648164726947
King William County,division,2022,pct_disadv,39.163306451612904
King William County,division,2022,bully_rate_per_1k,1.5120967741935485
King William County,division,2022,staff_per_1k_students,6.048387096774193
King and Queen County,division,2022,pct_disadv,41.753171856978085
King and Queen County,division,2022,bully_rate_per_1k,4.61361014994233
King and Queen County,division,2022,staff_per_1k_students,7.497116493656286
Lancaster County,division,2022,pct_disadv,62.974051896207584
Lancaster County,division,2022,bully_rate_per_1k,2.9940119760479043
Lancaster County,division,2022,staff_per_1k_students,9.98003992015968
Lee County,division,2022,pct_disadv,64.89615253660197
Lee County,division,2022,bully_rate_per_1k,1.7024174327545114
Lee County,division,2022,staff_per_1k_students,7.49063670411985
Lexington City,division,2022,pct_disadv,30.462184873949575
Lexington City,division,2022,bully_rate_per_1k,8.403361344537815
Lexington City,division,2022,staff_per_1k_students,4.201680672268908
Loudoun County,division,2022,pct_disadv,22.403111236520225
Loudoun County,division,2022,bully_rate_per_1k,2.404583430457239
Loudoun County,division,2022,staff_per_1k_students,5.521954092085731
Louisa County,division,2022,pct_disadv,50.464396284829725
Louisa County,division,2022,bully_rate_per_1k,2.515479876160991
Louisa County,division,2022,staff_per_1k_students,4.353715170278638
Lunenburg County,division,2022,pct_disadv,55.75606720597387
Lunenburg County,division,2022,bully_rate_per_1k,4.978220286247667
Lunenburg County,division,2022,staff_per_1k_students,4.853764779091475
Lynchburg City,division,2022,pct_disadv,61.91141007742099
Lynchburg City,division,2022,bully_rate_per_1k,2.0307145576849854
Lynchburg City,division,2022,staff_per_1k_students,11.564919406015994
Madison County,division,2022,pct_disadv,46.45432692307692
Madison County,division,2022,bully_rate_per_1k,1.8028846153846152
Madison County,division,2022,staff_per_1k_students,6.911057692307692
Manassas City,division,2022,pct_disadv,41.082718651211806
Manassas City,division,2022,bully_rate_per_1k,0.922023182297155
Manassas City,division,2022,staff_per_1k_students,7.442044257112751
Manassas Park City,division,2022,pct_disadv,54.30444697833523
Manassas Park City,division,2022,bully_rate_per_1k,0.5701254275940707
Manassas Park City,division,2022,staff_per_1k_students,4.561003420752566
Martinsville City,division,2022,pct_disadv,75.12383048981837
Martinsville City,division,2022,bully_rate_per_1k,8.805723720418271
Martinsville City,division,2022,staff_per_1k_students,7.154650522839846
Mathews County,division,2022,pct_disadv,48.837209302325576
Mathews County,division,2022,bully_rate_per_1k,6.644518272425249
Mathews County,division,2022,staff_per_1k_students,6.644518272425249
Mecklenburg County,division,2022,pct_disadv,25.382882882882885
Mecklenburg County,division,2022,bully_rate_per_1k,9.00900900900901
Mecklenburg County,division,2022,staff_per_1k_students,12.83783783783784
Middlesex County,division,2022,pct_disadv,58.73544093178037
Middlesex County,division,2022,bully_rate_per_1k,6.655574043261232
Middlesex County,division,2022,staff_per_1k_students,4.9916805324459235
Montgomery County,division,2022,pct_disadv,36.15004122011541
Montgomery County,division,2022,bully_rate_per_1k,3.400659521846661
Montgomery County,division,2022,staff_per_1k_students,4.791838417147568
Nelson County,division,2022,pct_disadv,60.20806241872562
Nelson County,division,2022,bully_rate_per_1k,11.703511053315996
Nelson County,division,2022,staff_per_1k_students,7.802340702210663
New Kent County,division,2022,pct_disadv,25.114573785517873
New Kent County,division,2022,bully_rate_per_1k,4.88848151542927
New Kent County,division,2022,staff_per_1k_students,5.194011610143599
Newport News City,division,2022,pct_disadv,57.54770026614688
Newport News City,division,2022,bully_rate_per_1k,3.0738088990516172
Newport News City,division,2022,staff_per_1k_students,12.48266296809986
Norfolk City,division,2022,pct_disadv,60.677633015503304
Norfolk City,division,2022,bully_rate_per_1k,3.566489555280588
Norfolk City,division,2022,staff_per_1k_students,7.569692117330227
Northampton County,division,2022,pct_disadv,82.96296296296296
Northampton County,division,2022,bully_rate_per_1k,4.444444444444445
Northampton County,division,2022,staff_per_1k_students,4.444444444444445
Northumberland County,division,2022,pct_disadv,54.36071126164268
Northumberland County,division,2022,bully_rate_per_1k,5.927180355630822
Northumberland County,division,2022,staff_per_1k_students,4.233700254022015
Norton City,division,2022,pct_disadv,46.98067632850241
Norton City,division,2022,bully_rate_per_1k,0
Norton City,division,2022,staff_per_1k_students,3.94927536231884
Nottoway County,division,2022,pct_disadv,62.82894736842105
Nottoway County,division,2022,bully_rate_per_1k,8.223684210526315
Nottoway County,division,2022,staff_per_1k_students,4.934210526315789
Orange County,division,2022,pct_disadv,44.1527446300716
Orange County,division,2022,bully_rate_per_1k,2.5855210819411294
Orange County,division,2022,staff_per_1k_students,6.762132060461416
Page County,division,2022,pct_disadv,48.82015306122449
Page County,division,2022,bully_rate_per_1k,10.20408163265306
Page County,division,2022,staff_per_1k_students,7.493622448979592
Patrick County,division,2022,pct_disadv,46.61150512214342
Patrick County,division,2022,bully_rate_per_1k,1.5760441292356189
Patrick County,division,2022,staff_per_1k_students,2.364066193853428
Petersburg City,division,2022,pct_disadv,75.64010528834649
Petersburg City,division,2022,bully_rate_per_1k,2.632208662359416
Petersburg City,division,2022,staff_per_1k_students,8.614501076812635
Pittsylvania County,division,2022,pct_disadv,51.775110549589385
Pittsylvania County,division,2022,bully_rate_per_1k,2.0214782059380925
Pittsylvania County,division,2022,staff_per_1k_students,8.970309538850286
Poquoson City,division,2022,pct_disadv,20.833333333333336
Poquoson City,division,2022,bully_rate_per_1k,0.4789272030651341
Poquoson City,division,2022,staff_per_1k_students,5.268199233716476
Portsmouth City,division,2022,pct_disadv,50.617740622919285
Portsmouth City,division,2022,bully_rate_per_1k,3.477102907449878
Portsmouth City,division,2022,staff_per_1k_students,7.176148553673153
Powhatan County,division,2022,pct_disadv,20.534262485481996
Powhatan County,division,2022,bully_rate_per_1k,1.1614401858304295
Powhatan County,division,2022,staff_per_1k_students,5.621370499419281
Prince Edward County,division,2022,pct_disadv,55.816379760041734
Prince Edward County,division,2022,bully_rate_per_1k,0
Prince Edward County,division,2022,staff_per_1k_students,2.6082420448617634
Prince George County,division,2022,pct_disadv,49.063670411985015
Prince George County,division,2022,bully_rate_per_1k,2.11691906855561
Prince George County,division,2022,staff_per_1k_students,5.862237420615535
Prince William County,division,2022,pct_disadv,44.401176013757144
Prince William County,division,2022,bully_rate_per_1k,1.253675042991069
Prince William County,division,2022,staff_per_1k_students,4.833971265324236
Pulaski County,division,2022,pct_disadv,47.66146993318486
Pulaski County,division,2022,bully_rate_per_1k,2.969561989606533
Pulaski County,division,2022,staff_per_1k_students,5.1967334818114335
Radford City,division,2022,pct_disadv,30.099962976675304
Radford City,division,2022,bully_rate_per_1k,7.034431691965938
Radford City,division,2022,staff_per_1k_students,3.591262495372084
Rappahannock County,division,2022,pct_disadv,43.42629482071713
Rappahannock County,division,2022,bully_rate_per_1k,1.3280212483399734
Rappahannock County,division,2022,staff_per_1k_students,5.3120849933598935
Richmond City,division,2022,pct_disadv,57.9300250247887
Richmond City,division,2022,bully_rate_per_1k,7.03527078710043
Richmond City,division,2022,staff_per_1k_students,21.247462108692577
Richmond County,division,2022,pct_disadv,48.81481481481482
Richmond County,division,2022,bully_rate_per_1k,3.703703703703704
Richmond County,division,2022,staff_per_1k_students,6.666666666666667
Roanoke City,division,2022,pct_disadv,59.30622358256814
Roanoke City,division,2022,bully_rate_per_1k,2.55064859349949
Roanoke City,division,2022,staff_per_1k_students,6.2884419180877416
Roanoke County,division,2022,pct_disadv,31.461656106620055
Roanoke County,division,2022,bully_rate_per_1k,2.0391814143179667
Roanoke County,division,2022,staff_per_1k_students,9.08018352632729
Rockbridge County,division,2022,pct_disadv,49.582384206529994
Rockbridge County,division,2022,bully_rate_per_1k,2.277904328018223
Rockbridge County,division,2022,staff_per_1k_students,4.1761579347000755
Rockingham County,division,2022,pct_disadv,44.69496021220159
Rockingham County,division,2022,bully_rate_per_1k,2.9177718832891246
Rockingham County,division,2022,staff_per_1k_students,5.694076038903624
Russell County,division,2022,pct_disadv,63.13657407407407
Russell County,division,2022,bully_rate_per_1k,0.5787037037037037
Russell County,division,2022,staff_per_1k_students,6.655092592592593
Salem City,division,2022,pct_disadv,41.01079231376678
Salem City,division,2022,bully_rate_per_1k,0.26322716504343247
Salem City,division,2022,staff_per_1k_students,4.474861805738352
Scott County,division,2022,pct_disadv,100
Scott County,division,2022,bully_rate_per_1k,0.8481764206955047
Scott County,division,2022,staff_per_1k_students,5.581000848176421
Shenandoah County,division,2022,pct_disadv,48.05423490051065
Shenandoah County,division,2022,bully_rate_per_1k,2.2891354111639375
Shenandoah County,division,2022,staff_per_1k_students,8.276104948054234
Smyth County,division,2022,pct_disadv,54.96051332675223
Smyth County,division,2022,bully_rate_per_1k,1.727541954590326
Smyth County,division,2022,staff_per_1k_students,4.4422507403751235
Southampton County,division,2022,pct_disadv,40.38461538461539
Southampton County,division,2022,bully_rate_per_1k,0.7692307692307693
Southampton County,division,2022,staff_per_1k_students,3.4615384615384617
Spotsylvania County,division,2022,pct_disadv,42.737664957552326
Spotsylvania County,division,2022,bully_rate_per_1k,1.849205682104732
Spotsylvania County,division,2022,staff_per_1k_students,2.164411196099857
Stafford County,division,2022,pct_disadv,30.095494372067076
Stafford County,division,2022,bully_rate_per_1k,1.6079808354937155
Stafford County,division,2022,staff_per_1k_students,5.972500246119516
Staunton City,division,2022,pct_disadv,35.47445255474452
Staunton City,division,2022,bully_rate_per_1k,2.9197080291970803
Staunton City,division,2022,staff_per_1k_students,4.562043795620437
Suffolk City,division,2022,pct_disadv,36.49629840546697
Suffolk City,division,2022,bully_rate_per_1k,2.4914578587699316
Suffolk City,division,2022,staff_per_1k_students,6.371013667425967
Surry County,division,2022,pct_disadv,55.403348554033485
Surry County,division,2022,bully_rate_per_1k,1.5220700152207
Surry County,division,2022,staff_per_1k_students,7.610350076103501
Sussex County,division,2022,pct_disadv,51.69230769230769
Sussex County,division,2022,bully_rate_per_1k,5.128205128205129
Sussex County,division,2022,staff_per_1k_students,6.153846153846154
Tazewell County,division,2022,pct_disadv,60.38745387453874
Tazewell County,division,2022,bully_rate_per_1k,2.029520295202952
Tazewell County,division,2022,staff_per_1k_students,4.059040590405904
Virginia Beach City,division,2022,pct_disadv,43.59980457418547
Virginia Beach City,division,2022,bully_rate_per_1k,1.9084552200067175
Virginia Beach City,division,2022,staff_per_1k_students,5.600170997587713
Warren County,division,2022,pct_disadv,45.05027068832173
Warren County,division,2022,bully_rate_per_1k,6.380510440835266
Warren County,division,2022,staff_per_1k_students,3.480278422273782
Washington County,division,2022,pct_disadv,42.657757980697845
Washington County,division,2022,bully_rate_per_1k,3.2665181885671863
Washington County,division,2022,staff_per_1k_students,3.823311061618411
Waynesboro City,division,2022,pct_disadv,54.59960291197882
Waynesboro City,division,2022,bully_rate_per_1k,1.3236267372600927
Waynesboro City,division,2022,staff_per_1k_students,5.261416280608869
West Point,division,2022,pct_disadv,38.25338253382534
West Point,division,2022,bully_rate_per_1k,2.4600246002460024
West Point,division,2022,staff_per_1k_students,4.305043050430504
Westmoreland County,division,2022,pct_disadv,51.73089483997387
Westmoreland County,division,2022,bully_rate_per_1k,0.6531678641410843
Westmoreland County,division,2022,staff_per_1k_students,5.225342913128674
Williamsburg-James City County,division,2022,pct_disadv,35.329447094152975
Williamsburg-James City County,division,2022,bully_rate_per_1k,1.0598834128245893
Williamsburg-James City County,division,2022,staff_per_1k_students,6.18265324147677
Winchester City,division,2022,pct_disadv,60.825488776249095
Winchester City,division,2022,bully_rate_per_1k,0.724112961622013
Winchester City,division,2022,staff_per_1k_students,5.551532705768767
Wise County,division,2022,pct_disadv,44.718126626192536
Wise County,division,2022,bully_rate_per_1k,12.315698178664354
Wise County,division,2022,staff_per_1k_students,6.560277536860364
Wythe County,division,2022,pct_disadv,48.70858335507435
Wythe County,division,2022,bully_rate_per_1k,10.435690060005218
Wythe County,division,2022,staff_per_1k_students,4.6960605270023486
York County,division,2022,pct_disadv,20.84045362746621
York County,division,2022,bully_rate_per_1k,1.9418983998757184
York County,division,2022,staff_per_1k_students,4.233338511729066
Accomack County,division,2023,pct_disadv,60.5246456526338
Accomack County,division,2023,bully_rate_per_1k,6.98117199069177
Accomack County,division,2023,staff_per_1k_students,5.182991326422679
Albemarle County,division,2023,pct_disadv,31.01646385110952
Albemarle County,division,2023,bully_rate_per_1k,2.219040801717967
Albemarle County,division,2023,staff_per_1k_students,8.134574087329995
Alexandria City,division,2023,pct_disadv,70.20945987942072
Alexandria City,division,2023,bully_rate_per_1k,1.8646280067126608
Alexandria City,division,2023,staff_per_1k_students,13.332090247995524
Alleghany County,division,2023,pct_disadv,51.49305555555556
Alleghany County,division,2023,bully_rate_per_1k,3.819444444444444
Alleghany County,division,2023,staff_per_1k_students,3.472222222222222
Amelia County,division,2023,pct_disadv,49.7294046903187
Amelia County,division,2023,bully_rate_per_1k,2.4052916416115453
Amelia County,division,2023,staff_per_1k_students,4.2092603728202045
Amherst County,division,2023,pct_disadv,49.66139954853273
Amherst County,division,2023,bully_rate_per_1k,3.762227238525207
Amherst County,division,2023,staff_per_1k_students,9.882116879859543
Appomattox County,division,2023,pct_disadv,50.06353240152478
Appomattox County,division,2023,bully_rate_per_1k,2.1177467174925875
Appomattox County,division,2023,staff_per_1k_students,7.835662854722576
Arlington County,division,2023,pct_disadv,28.478718004495683
Arlington County,division,2023,bully_rate_per_1k,0.9063882242041912
Arlington County,division,2023,staff_per_1k_students,9.309694728446088
Augusta County,division,2023,pct_disadv,44.447752307234296
Augusta County,division,2023,bully_rate_per_1k,3.870199464126228
Augusta County,division,2023,staff_per_1k_students,9.857100327478417
Bath County,division,2023,pct_disadv,55.158730158730165
Bath County,division,2023,bully_rate_per_1k,9.92063492063492
Bath County,division,2023,staff_per_1k_students,11.686507936507937
Bedford County,division,2023,pct_disadv,39.70297029702971
Bedford County,division,2023,bully_rate_per_1k,2.86028602860286
Bedford County,division,2023,staff_per_1k_students,6.192519251925192
Bland County,division,2023,pct_disadv,49.120603015075375
Bland County,division,2023,bully_rate_per_1k,0
Bland County,division,2023,staff_per_1k_students,1.256281407035176
Botetourt County,division,2023,pct_disadv,34.75745438362261
Botetourt County,division,2023,bully_rate_per_1k,2.0026702269692924
Botetourt County,division,2023,staff_per_1k_students,5.694259012016021
Bristol City,division,2023,pct_disadv,58.4510250569476
Bristol City,division,2023,bully_rate_per_1k,8.656036446469248
Bristol City,division,2023,staff_per_1k_students,9.339407744874714
Brunswick County,division,2023,pct_disadv,72.81138790035587
Brunswick County,division,2023,bully_rate_per_1k,0
Brunswick County,division,2023,staff_per_1k_students,4.341637010676156
Buchanan County,division,2023,pct_disadv,62.95694557270512
Buchanan County,division,2023,bully_rate_per_1k,4.061738424045491
Buchanan County,division,2023,staff_per_1k_students,5.787977254264825
Buckingham County,division,2023,pct_disadv,63.30321285140562
Buckingham County,division,2023,bully_rate_per_1k,17.068273092369477
Buckingham County,division,2023,staff_per_1k_students,4.016064257028112
Buena Vista City,division,2023,pct_disadv,53.37078651685393
Buena Vista City,division,2023,bully_rate_per_1k,7.865168539325843
Buena Vista City,division,2023,staff_per_1k_students,6.573033707865168
Campbell County,division,2023,pct_disadv,48.685380414073414
Campbell County,division,2023,bully_rate_per_1k,4.572589864092468
Campbell County,division,2023,staff_per_1k_students,9.49701511494983
Caroline County,division,2023,pct_disadv,49.9654138805626
Caroline County,division,2023,bully_rate_per_1k,2.305741295826608
Caroline County,division,2023,staff_per_1k_students,5.764353239566521
Carroll County,division,2023,pct_disadv,56.31593954947248
Carroll County,division,2023,bully_rate_per_1k,1.996007984031936
Carroll County,division,2023,staff_per_1k_students,6.8434559452523525
Charles City County,division,2023,pct_disadv,62.989323843416365
Charles City County,division,2023,bully_rate_per_1k,1.779359430604982
Charles City County,division,2023,staff_per_1k_students,10.676156583629894
Charlotte County,division,2023,pct_disadv,54.376498800959226
Charlotte County,division,2023,bully_rate_per_1k,0.5995203836930455
Charlotte County,division,2023,staff_per_1k_students,3.5971223021582737
Charlottesville City,division,2023,pct_disadv,53.5292807837898
Charlottesville City,division,2023,bully_rate_per_1k,0.6680026720106881
Charlottesville City,division,2023,staff_per_1k_students,11.356045424181698
Chesapeake City,division,2023,pct_disadv,40.12150608755298
Chesapeake City,division,2023,bully_rate_per_1k,2.2537419465471205
Chesapeake City,division,2023,staff_per_1k_students,5.095416574802186
Chesterfield County,division,2023,pct_disadv,37.43941715393515
Chesterfield County,division,2023,bully_rate_per_1k,1.8761139426534503
Chesterfield County,division,2023,staff_per_1k_students,6.948344329445608
Clarke County,division,2023,pct_disadv,29.936642027455125
Clarke County,division,2023,bully_rate_per_1k,5.807814149947202
Clarke County,division,2023,staff_per_1k_students,8.90179514255544
Colonial Beach,division,2023,pct_disadv,51.74216027874565
Colonial Beach,division,2023,bully_rate_per_1k,5.226480836236934
Colonial Beach,division,2023,staff_per_1k_students,6.968641114982578
Colonial Heights City,division,2023,pct_disadv,57.580021104467114
Colonial Heights City,division,2023,bully_rate_per_1k,1.055223355610271
Colonial Heights City,division,2023,staff_per_1k_students,4.57263454097784
Craig County,division,2023,pct_disadv,51.89075630252101
Craig County,division,2023,bully_rate_per_1k,6.302521008403361
Craig County,division,2023,staff_per_1k_students,6.302521008403361
Culpeper County,division,2023,pct_disadv,48.64120675206512
Culpeper County,division,2023,bully_rate_per_1k,2.1549144020112534
Culpeper County,division,2023,staff_per_1k_students,4.788698671136119
Cumberland County,division,2023,pct_disadv,49.727201870615744
Cumberland County,division,2023,bully_rate_per_1k,2.3382696804364773
Cumberland County,division,2023,staff_per_1k_students,3.897116134060795
Danville City,division,2023,pct_disadv,80.7915567282322
Danville City,division,2023,bully_rate_per_1k,9.32277924362357
Danville City,division,2023,staff_per_1k_students,5.101143359718558
Dickenson County,division,2023,pct_disadv,62.48715313463515
Dickenson County,division,2023,bully_rate_per_1k,0.513874614594039
Dickenson County,division,2023,staff_per_1k_students,7.297019527235355
Dinwiddie County,division,2023,pct_disadv,57.317359642941035
Dinwiddie County,division,2023,bully_rate_per_1k,1.8792576932111815
Dinwiddie County,division,2023,staff_per_1k_students,4.463237021376556
Essex County,division,2023,pct_disadv,51.989839119390346
Essex County,division,2023,bully_rate_per_1k,8.46740050804403
Essex County,division,2023,staff_per_1k_students,5.817104149026249
Fairfax County,division,2023,pct_disadv,37.265929038955846
Fairfax County,division,2023,bully_rate_per_1k,1.8042825339899071
Fairfax County,division,2023,staff_per_1k_students,9.859043896806142
Falls Church City,division,2023,pct_disadv,6.6214599122457125
Falls Church City,division,2023,bully_rate_per_1k,2.3932987634623055
Falls Church City,division,2023,staff_per_1k_students,12.68448344635022
Fauquier County,division,2023,pct_disadv,31.81105268013654
Fauquier County,division,2023,bully_rate_per_1k,1.4761509364332503
Fauquier County,division,2023,staff_per_1k_students,6.642679213949626
Floyd County,division,2023,pct_disadv,45.08571428571428
Floyd County,division,2023,bully_rate_per_1k,10.857142857142858
Floyd County,division,2023,staff_per_1k_students,4.114285714285714
Fluvanna County,division,2023,pct_disadv,41.00029078220413
Fluvanna County,division,2023,bully_rate_per_1k,0.8723466123873219
Fluvanna County,division,2023,staff_per_1k_students,5.670252980517592
Franklin City,division,2023,pct_disadv,65.20039100684262
Franklin City,division,2023,bully_rate_per_1k,19.550342130987293
Franklin City,division,2023,staff_per_1k_students,5.865102639296188
Franklin County,division,2023,pct_disadv,48.12859884836852
Franklin County,division,2023,bully_rate_per_1k,4.798464491362764
Franklin County,division,2023,staff_per_1k_students,10.460652591170827
Frederick County,division,2023,pct_disadv,40.91104426299957
Frederick County,division,2023,bully_rate_per_1k,1.0743446497636442
Frederick County,division,2023,staff_per_1k_students,4.727116458960034
Fredericksburg City,division,2023,pct_disadv,53.56193514088251
Fredericksburg City,division,2023,bully_rate_per_1k,6.113769271664009
Fredericksburg City,division,2023,staff_per_1k_students,6.8580542264752795
Galax City,division,2023,pct_disadv,61.33428981348638
Galax City,division,2023,bully_rate_per_1k,5.0215208034433285
Galax City,division,2023,staff_per_1k_students,7.295552367288379
Giles County,division,2023,pct_disadv,41.79664933564414
Giles County,division,2023,bully_rate_per_1k,4.332755632582322
Giles County,division,2023,staff_per_1k_students,3.4662045060658575
Gloucester County,division,2023,pct_disadv,41.46868250539957
Gloucester County,division,2023,bully_rate_per_1k,6.479481641468682
Gloucester County,division,2023,staff_per_1k_students,5.2032201060278815
Goochland County,division,2023,pct_disadv,31.0253499810821
Goochland County,division,2023,bully_rate_per_1k,2.6485054861899355
Goochland County,division,2023,staff_per_1k_students,7.945516458569807
Grayson County,division,2023,pct_disadv,61.8193465727098
Grayson County,division,2023,bully_rate_per_1k,6.406149903907751
Grayson County,division,2023,staff_per_1k_students,5.445227418321589
Greene County,division,2023,pct_disadv,46.01832276250881
Greene County,division,2023,bully_rate_per_1k,0.7047216349541932
Greene County,division,2023,staff_per_1k_students,11.116983791402395
Greensville County,division,2023,pct_disadv,57.817109144542776
Greensville County,division,2023,bully_rate_per_1k,11.799410029498524
Greensville County,division,2023,staff_per_1k_students,5.899705014749262
Halifax County,division,2023,pct_disadv,57.64324324324325
Halifax County,division,2023,bully_rate_per_1k,1.0810810810810811
Halifax County,division,2023,staff_per_1k_students,8
Hampton City,division,2023,pct_disadv,52.83390583956354
Hampton City,division,2023,bully_rate_per_1k,3.081430592038795
Hampton City,division,2023,staff_per_1k_students,6.314406950899172
Hanover County,division,2023,pct_disadv,29.93085667408883
Hanover County,division,2023,bully_rate_per_1k,0.5859603890776984
Hanover County,division,2023,staff_per_1k_students,7.689558185866637
Harrisonburg City,division,2023,pct_disadv,50.927588270496706
Harrisonburg City,division,2023,bully_rate_per_1k,9.12627169359665
Harrisonburg City,division,2023,staff_per_1k_students,10.173548773189706
Henrico County,division,2023,pct_disadv,44.02746631209192
Henrico County,division,2023,bully_rate_per_1k,1.8853321161364585
Henrico County,division,2023,staff_per_1k_students,6.291055587529024
Henry County,division,2023,pct_disadv,68.33095577746077
Henry County,division,2023,bully_rate_per_1k,3.423680456490728
Henry County,division,2023,staff_per_1k_students,6.562054208273894
Highland County,division,2023,pct_disadv,44
Highland County,division,2023,bully_rate_per_1k,0
Highland County,division,2023,staff_per_1k_students,6.999999999999999
Hopewell City,division,2023,pct_disadv,91.2421580928482
Hopewell City,division,2023,bully_rate_per_1k,3.5131744040150568
Hopewell City,division,2023,staff_per_1k_students,5.771643663739021
Isle of Wight County,division,2023,pct_disadv,35.86782732279268
Isle of Wight County,division,2023,bully_rate_per_1k,1.7765144785930007
Isle of Wight County,division,2023,staff_per_1k_students,4.737964114407533
King George County,division,2023,pct_disadv,33.48816633488166
King George County,division,2023,bully_rate_per_1k,13.4925901349259
King George County,division,2023,staff_per_1k_students,4.2026100420261
King William County,division,2023,pct_disadv,34.93282149712092
King William County,division,2023,bully_rate_per_1k,1.4395393474088292
King William County,division,2023,staff_per_1k_students,5.758157389635317
King and Queen County,division,2023,pct_disadv,60.02331002331003
King and Queen County,division,2023,bully_rate_per_1k,6.993006993006993
King and Queen County,division,2023,staff_per_1k_students,6.118881118881119
Lancaster County,division,2023,pct_disadv,63.33012512030799
Lancaster County,division,2023,bully_rate_per_1k,3.849855630413859
Lancaster County,division,2023,staff_per_1k_students,9.865255052935517
Lee County,division,2023,pct_disadv,66.4292980671414
Lee County,division,2023,bully_rate_per_1k,0
Lee County,division,2023,staff_per_1k_students,6.951508986096982
Lexington City,division,2023,pct_disadv,28.54209445585216
Lexington City,division,2023,bully_rate_per_1k,4.106776180698152
Lexington City,division,2023,staff_per_1k_students,4.106776180698152
Loudoun County,division,2023,pct_disadv,24.161204649009527
Loudoun County,division,2023,bully_rate_per_1k,2.3025754733071806
Loudoun County,division,2023,staff_per_1k_students,6.53736507395044
Louisa County,division,2023,pct_disadv,41.32998260197178
Louisa County,division,2023,bully_rate_per_1k,4.059539918809201
Louisa County,division,2023,staff_per_1k_students,5.316064179393002
Lunenburg County,division,2023,pct_disadv,62.031746031746025
Lunenburg County,division,2023,bully_rate_per_1k,8.88888888888889
Lunenburg County,division,2023,staff_per_1k_students,5.714285714285714
Lynchburg City,division,2023,pct_disadv,63.05200556750601
Lynchburg City,division,2023,bully_rate_per_1k,1.6449449576110338
Lynchburg City,division,2023,staff_per_1k_students,9.631785397950145
Madison County,division,2023,pct_disadv,46.583481877599525
Madison County,division,2023,bully_rate_per_1k,1.1883541295306002
Madison County,division,2023,staff_per_1k_students,6.833036244800951
Manassas City,division,2023,pct_disadv,44.546751394112306
Manassas City,division,2023,bully_rate_per_1k,0.6484243288808196
Manassas City,division,2023,staff_per_1k_students,9.98573466476462
Manassas Park City,division,2023,pct_disadv,48.48573092603378
Manassas Park City,division,2023,bully_rate_per_1k,0.8736167734420501
Manassas Park City,division,2023,staff_per_1k_students,7.2801397786837505
Martinsville City,division,2023,pct_disadv,75.80110497237568
Martinsville City,division,2023,bully_rate_per_1k,3.314917127071823
Martinsville City,division,2023,staff_per_1k_students,7.734806629834255
Mathews County,division,2023,pct_disadv,46.54226125137212
Mathews County,division,2023,bully_rate_per_1k,10.976948408342482
Mathews County,division,2023,staff_per_1k_students,6.0373216245883645
Mecklenburg County,division,2023,pct_disadv,62.37100427888246
Mecklenburg County,division,2023,bully_rate_per_1k,7.299270072992701
Mecklenburg County,division,2023,staff_per_1k_students,5.474452554744526
Middlesex County,division,2023,pct_disadv,63.5048231511254
Middlesex County,division,2023,bully_rate_per_1k,7.234726688102894
Middlesex County,division,2023,staff_per_1k_students,4.82315112540193
Montgomery County,division,2023,pct_disadv,39.51695786228161
Montgomery County,division,2023,bully_rate_per_1k,4.933196300102775
Montgomery County,division,2023,staff_per_1k_students,4.70092497430627
Nelson County,division,2023,pct_disadv,62.63513513513514
Nelson County,division,2023,bully_rate_per_1k,16.89189189189189
Nelson County,division,2023,staff_per_1k_students,8.108108108108109
New Kent County,division,2023,pct_disadv,24.18509895227008
New Kent County,division,2023,bully_rate_per_1k,3.20139697322468
New Kent County,division,2023,staff_per_1k_students,5.820721769499419
Newport News City,division,2023,pct_disadv,63.71131691890671
Newport News City,division,2023,bully_rate_per_1k,3.2753557714027557
Newport News City,division,2023,staff_per_1k_students,6.249529402906407
Norfolk City,division,2023,pct_disadv,60.93229338313376
Norfolk City,division,2023,bully_rate_per_1k,2.526639569372734
Norfolk City,division,2023,staff_per_1k_students,8.751693580870775
Northampton County,division,2023,pct_disadv,70.86092715231787
Northampton County,division,2023,bully_rate_per_1k,5.886681383370125
Northampton County,division,2023,staff_per_1k_students,11.77336276674025
Northumberland County,division,2023,pct_disadv,60.5
Northumberland County,division,2023,bully_rate_per_1k,3.3333333333333335
Northumberland County,division,2023,staff_per_1k_students,5.008333333333334
Norton City,division,2023,pct_disadv,54.11042944785276
Norton City,division,2023,bully_rate_per_1k,1.2269938650306749
Norton City,division,2023,staff_per_1k_students,3.6809815950920246
Nottoway County,division,2023,pct_disadv,67.20044174489233
Nottoway County,division,2023,bully_rate_per_1k,2.2087244616234125
Nottoway County,division,2023,staff_per_1k_students,6.902263942573164
Orange County,division,2023,pct_disadv,44.08964696548989
Orange County,division,2023,bully_rate_per_1k,6.545021816739389
Orange County,division,2023,staff_per_1k_students,5.156683855612852
Page County,division,2023,pct_disadv,49.68677876689746
Page County,division,2023,bully_rate_per_1k,7.583250906693043
Page County,division,2023,staff_per_1k_students,4.945598417408506
Patrick County,division,2023,pct_disadv,48.3883964544722
Patrick County,division,2023,bully_rate_per_1k,4.0290088638195
Patrick County,division,2023,staff_per_1k_students,3.8275584206285256
Petersburg City,division,2023,pct_disadv,85.90823970037454
Petersburg City,division,2023,bully_rate_per_1k,5.1498127340823965
Petersburg City,division,2023,staff_per_1k_students,6.086142322097379
Pittsylvania County,division,2023,pct_disadv,46.041166813991666
Pittsylvania County,division,2023,bully_rate_per_1k,3.662078545270868
Pittsylvania County,division,2023,staff_per_1k_students,5.983078671549439
Poquoson City,division,2023,pct_disadv,22.829736211031175
Poquoson City,division,2023,bully_rate_per_1k,2.398081534772182
Poquoson City,division,2023,staff_per_1k_students,4.796163069544364
Portsmouth City,division,2023,pct_disadv,67.1228778700172
Portsmouth City,division,2023,bully_rate_per_1k,3.4402812055941965
Portsmouth City,division,2023,staff_per_1k_students,6.805773689327649
Powhatan County,division,2023,pct_disadv,27.334744765937423
Powhatan County,division,2023,bully_rate_per_1k,1.1761938367442957
Powhatan County,division,2023,staff_per_1k_students,6.492589978828511
Prince Edward County,division,2023,pct_disadv,49.33827421916358
Prince Edward County,division,2023,bully_rate_per_1k,4.764425622022234
Prince Edward County,division,2023,staff_per_1k_students,3.1762837480148227
Prince George County,division,2023,pct_disadv,53.71765476580413
Prince George County,division,2023,bully_rate_per_1k,2.1290533901080906
Prince George County,division,2023,staff_per_1k_students,5.1588601375696035
Prince William County,division,2023,pct_disadv,41.449879359508664
Prince William County,division,2023,bully_rate_per_1k,2.017986400526431
Prince William County,division,2023,staff_per_1k_students,5.3324193902171535
Pulaski County,division,2023,pct_disadv,51.78034102306921
Pulaski County,division,2023,bully_rate_per_1k,4.012036108324975
Pulaski County,division,2023,staff_per_1k_students,4.764292878635908
Radford City,division,2023,pct_disadv,43.2520325203252
Radford City,division,2023,bully_rate_per_1k,2.4390243902439024
Radford City,division,2023,staff_per_1k_students,3.905149051490515
Rappahannock County,division,2023,pct_disadv,40.48913043478261
Rappahannock County,division,2023,bully_rate_per_1k,12.22826086956522
Rappahannock County,division,2023,staff_per_1k_students,5.434782608695652
Richmond City,division,2023,pct_disadv,68.32527067495968
Richmond City,division,2023,bully_rate_per_1k,8.84588804422944
Richmond City,division,2023,staff_per_1k_students,10.089841050449206
Richmond County,division,2023,pct_disadv,51.2630014858841
Richmond County,division,2023,bully_rate_per_1k,8.172362555720655
Richmond County,division,2023,staff_per_1k_students,6.686478454680534
Roanoke City,division,2023,pct_disadv,60.516524403589415
Roanoke City,division,2023,bully_rate_per_1k,2.9182169694316773
Roanoke City,division,2023,staff_per_1k_students,7.637703363245057
Roanoke County,division,2023,pct_disadv,35.190679499240176
Roanoke County,division,2023,bully_rate_per_1k,1.8091034083508213
Roanoke County,division,2023,staff_per_1k_students,7.57507779144656
Rockbridge County,division,2023,pct_disadv,53.13725490196079
Rockbridge County,division,2023,bully_rate_per_1k,5.490196078431373
Rockbridge County,division,2023,staff_per_1k_students,5.490196078431373
Rockingham County,division,2023,pct_disadv,47.777005904828066
Rockingham County,division,2023,bully_rate_per_1k,2.3445640847516502
Rockingham County,division,2023,staff_per_1k_students,6.495310871830497
Russell County,division,2023,pct_disadv,63.85185185185185
Russell County,division,2023,bully_rate_per_1k,1.777777777777778
Russell County,division,2023,staff_per_1k_students,5.866666666666667
Salem City,division,2023,pct_disadv,45.52
Salem City,division,2023,bully_rate_per_1k,0.5333333333333333
Salem City,division,2023,staff_per_1k_students,5.066666666666666
Scott County,division,2023,pct_disadv,57.67130089374379
Scott County,division,2023,bully_rate_per_1k,0.24826216484607744
Scott County,division,2023,staff_per_1k_students,5.958291956305859
Shenandoah County,division,2023,pct_disadv,49.48490230905861
Shenandoah County,division,2023,bully_rate_per_1k,1.7761989342806397
Shenandoah County,division,2023,staff_per_1k_students,9.05861456483126
Smyth County,division,2023,pct_disadv,56.891790107958826
Smyth County,division,2023,bully_rate_per_1k,1.004268139593271
Smyth County,division,2023,staff_per_1k_students,3.51493848857645
Southampton County,division,2023,pct_disadv,44.746025591314464
Southampton County,division,2023,bully_rate_per_1k,6.591702210158977
Southampton County,division,2023,staff_per_1k_students,5.207444746025591
Spotsylvania County,division,2023,pct_disadv,48.70568837592745
Spotsylvania County,division,2023,bully_rate_per_1k,1.1541632316570487
Spotsylvania County,division,2023,staff_per_1k_students,6.32028029678483
Stafford County,division,2023,pct_disadv,37.400513478819
Stafford County,division,2023,bully_rate_per_1k,2.8562259306803597
Stafford County,division,2023,staff_per_1k_students,5.641848523748396
Staunton City,division,2023,pct_disadv,29.461966604823747
Staunton City,division,2023,bully_rate_per_1k,7.421150278293135
Staunton City,division,2023,staff_per_1k_students,4.267161410018553
Suffolk City,division,2023,pct_disadv,40.28295376121463
Suffolk City,division,2023,bully_rate_per_1k,3.3126293995859215
Suffolk City,division,2023,staff_per_1k_students,4.761904761904763
Surry County,division,2023,pct_disadv,57.22627737226277
Surry County,division,2023,bully_rate_per_1k,7.299270072992701
Surry County,division,2023,staff_per_1k_students,7.299270072992701
Sussex County,division,2023,pct_disadv,71.14228456913828
Sussex County,division,2023,bully_rate_per_1k,4.008016032064128
Sussex County,division,2023,staff_per_1k_students,8.016032064128256
Tazewell County,division,2023,pct_disadv,59.25857617115455
Tazewell County,division,2023,bully_rate_per_1k,2.9509406123201773
Tazewell County,division,2023,staff_per_1k_students,2.397639247510144
Virginia Beach City,division,2023,pct_disadv,45.93592677345538
Virginia Beach City,division,2023,bully_rate_per_1k,2.303585049580473
Virginia Beach City,division,2023,staff_per_1k_students,5.8093058733791
Warren County,division,2023,pct_disadv,43.887814313346226
Warren County,division,2023,bully_rate_per_1k,9.86460348162476
Warren County,division,2023,staff_per_1k_students,3.8684719535783367
Washington County,division,2023,pct_disadv,53.29873980726464
Washington County,division,2023,bully_rate_per_1k,1.6308376575240917
Washington County,division,2023,staff_per_1k_students,3.74351371386212
Waynesboro City,division,2023,pct_disadv,65.428853105488
Waynesboro City,division,2023,bully_rate_per_1k,0.6572461386789353
Waynesboro City,division,2023,staff_per_1k_students,10.351626684193231
West Point,division,2023,pct_disadv,40.98765432098765
West Point,division,2023,bully_rate_per_1k,4.938271604938271
West Point,division,2023,staff_per_1k_students,6.172839506172839
Westmoreland County,division,2023,pct_disadv,65.91928251121077
Westmoreland County,division,2023,bully_rate_per_1k,3.2030749519538757
Westmoreland County,division,2023,staff_per_1k_students,4.484304932735426
Williamsburg-James City County,division,2023,pct_disadv,35.05411441333104
Williamsburg-James City County,division,2023,bully_rate_per_1k,0.7730630475863254
Williamsburg-James City County,division,2023,staff_per_1k_students,6.3562961690431194
Winchester City,division,2023,pct_disadv,61.293345829428304
Winchester City,division,2023,bully_rate_per_1k,3.0459231490159326
Winchester City,division,2023,staff_per_1k_students,7.169634489222119
Wise County,division,2023,pct_disadv,60.0033823778116
Wise County,division,2023,bully_rate_per_1k,10.147133434804667
Wise County,division,2023,staff_per_1k_students,6.341958396752917
Wythe County,division,2023,pct_disadv,48.91752577319588
Wythe County,division,2023,bully_rate_per_1k,9.536082474226806
Wythe County,division,2023,staff_per_1k_students,7.603092783505154
York County,division,2023,pct_disadv,28.72578528980474
York County,division,2023,bully_rate_per_1k,2.701242571582928
York County,division,2023,staff_per_1k_students,5.248128424789689
Accomack County,division,2024,pct_disadv,55.01481168006771
Accomack County,division,2024,bully_rate_per_1k,7.829030892932713
Accomack County,division,2024,staff_per_1k_students,5.078290308929327
Albemarle County,division,2024,pct_disadv,30.33610408384532
Albemarle County,division,2024,bully_rate_per_1k,2.0961329960245756
Albemarle County,division,2024,staff_per_1k_students,7.891579327791831
Alexandria City,division,2024,pct_disadv,66.79846706004014
Alexandria City,division,2024,bully_rate_per_1k,0.973295212604173
Alexandria City,division,2024,staff_per_1k_students,9.112476428006572
Alleghany County,division,2024,pct_disadv,44.88716502115656
Alleghany County,division,2024,bully_rate_per_1k,9.520451339915375
Alleghany County,division,2024,staff_per_1k_students,2.8208744710860367
Amelia County,division,2024,pct_disadv,52.86425902864259
Amelia County,division,2024,bully_rate_per_1k,3.1133250311332503
Amelia County,division,2024,staff_per_1k_students,5.603985056039851
Amherst County,division,2024,pct_disadv,52.00504413619168
Amherst County,division,2024,bully_rate_per_1k,2.01765447667087
Amherst County,division,2024,staff_per_1k_students,5.800756620428752
Appomattox County,division,2024,pct_disadv,50.337268128161895
Appomattox County,division,2024,bully_rate_per_1k,1.6863406408094437
Appomattox County,division,2024,staff_per_1k_students,8.431703204047217
Arlington County,division,2024,pct_disadv,27.832655432887854
Arlington County,division,2024,bully_rate_per_1k,1.1984311446833238
Arlington County,division,2024,staff_per_1k_students,9.06449738524114
Augusta County,division,2024,pct_disadv,42.15299684542587
Augusta County,division,2024,bully_rate_per_1k,3.647476340694006
Augusta County,division,2024,staff_per_1k_students,10.137026813880126
Bath County,division,2024,pct_disadv,53.24165029469549
Bath County,division,2024,bully_rate_per_1k,13.7524557956778
Bath County,division,2024,staff_per_1k_students,10.805500982318271
Bedford County,division,2024,pct_disadv,40.52532833020638
Bedford County,division,2024,bully_rate_per_1k,2.5383511753669574
Bedford County,division,2024,staff_per_1k_students,7.146010374130891
Bland County,division,2024,pct_disadv,53.84615384615385
Bland County,division,2024,bully_rate_per_1k,2.5220680958385877
Bland County,division,2024,staff_per_1k_students,2.5220680958385877
Botetourt County,division,2024,pct_disadv,33.9349376114082
Botetourt County,division,2024,bully_rate_per_1k,4.233511586452763
Botetourt County,division,2024,staff_per_1k_students,5.325311942959002
Bristol City,division,2024,pct_disadv,64.71680594243269
Bristol City,division,2024,bully_rate_per_1k,2.785515320334262
Bristol City,division,2024,staff_per_1k_students,9.749303621169917
Brunswick County,division,2024,pct_disadv,76.98924731182795
Brunswick County,division,2024,bully_rate_per_1k,2.867383512544803
Brunswick County,division,2024,staff_per_1k_students,3.5842293906810037
Buchanan County,division,2024,pct_disadv,57.14886459209419
Buchanan County,division,2024,bully_rate_per_1k,0
Buchanan County,division,2024,staff_per_1k_students,5.046257359125316
Buckingham County,division,2024,pct_disadv,60.17293997965412
Buckingham County,division,2024,bully_rate_per_1k,7.121057985757885
Buckingham County,division,2024,staff_per_1k_students,4.0691759918616475
Buena Vista City,division,2024,pct_disadv,54.08878504672897
Buena Vista City,division,2024,bully_rate_per_1k,4.672897196261682
Buena Vista City,division,2024,staff_per_1k_students,7.009345794392523
Campbell County,division,2024,pct_disadv,48.5435663627153
Campbell County,division,2024,bully_rate_per_1k,2.532928064842958
Campbell County,division,2024,staff_per_1k_students,8.07497467071935
Caroline County,division,2024,pct_disadv,49.25503943908852
Caroline County,division,2024,bully_rate_per_1k,3.7248028045574055
Caroline County,division,2024,staff_per_1k_students,5.915863277826468
Carroll County,division,2024,pct_disadv,57.54936120789779
Carroll County,division,2024,bully_rate_per_1k,3.193960511033682
Carroll County,division,2024,staff_per_1k_students,6.562137049941928
Charles City County,division,2024,pct_disadv,53.20754716981132
Charles City County,division,2024,bully_rate_per_1k,0
Charles City County,division,2024,staff_per_1k_students,9.433962264150942
Charlotte County,division,2024,pct_disadv,57.59530791788856
Charlotte County,division,2024,bully_rate_per_1k,1.1730205278592376
Charlotte County,division,2024,staff_per_1k_students,3.5190615835777126
Charlottesville City,division,2024,pct_disadv,63.11881188118812
Charlottesville City,division,2024,bully_rate_per_1k,2.25022502250225
Charlottesville City,division,2024,staff_per_1k_students,13.726372637263728
Chesapeake City,division,2024,pct_disadv,29.293799212598422
Chesapeake City,division,2024,bully_rate_per_1k,0.9104330708661416
Chesapeake City,division,2024,staff_per_1k_students,9.318405511811024
Chesterfield County,division,2024,pct_disadv,32.67999314460216
Chesterfield County,division,2024,bully_rate_per_1k,1.464562267267033
Chesterfield County,division,2024,staff_per_1k_students,7.486406057678825
Clarke County,division,2024,pct_disadv,31.964656964656964
Clarke County,division,2024,bully_rate_per_1k,4.677754677754678
Clarke County,division,2024,staff_per_1k_students,8.67983367983368
Colonial Beach,division,2024,pct_disadv,58.84297520661157
Colonial Beach,division,2024,bully_rate_per_1k,0
Colonial Beach,division,2024,staff_per_1k_students,4.132231404958678
Colonial Heights City,division,2024,pct_disadv,57.01125895598772
Colonial Heights City,division,2024,bully_rate_per_1k,0
Colonial Heights City,division,2024,staff_per_1k_students,9.211873080859776
Craig County,division,2024,pct_disadv,52.34042553191489
Craig County,division,2024,bully_rate_per_1k,12.76595744680851
Craig County,division,2024,staff_per_1k_students,2.127659574468085
Culpeper County,division,2024,pct_disadv,44.968929254302104
Culpeper County,division,2024,bully_rate_per_1k,3.704588910133843
Culpeper County,division,2024,staff_per_1k_students,7.289674952198853
Cumberland County,division,2024,pct_disadv,43.47120843471208
Cumberland County,division,2024,bully_rate_per_1k,8.921330089213301
Cumberland County,division,2024,staff_per_1k_students,3.2441200324412005
Danville City,division,2024,pct_disadv,79.3189964157706
Danville City,division,2024,bully_rate_per_1k,4.121863799283155
Danville City,division,2024,staff_per_1k_students,8.24372759856631
Dickenson County,division,2024,pct_disadv,65.00265533722784
Dickenson County,division,2024,bully_rate_per_1k,2.1242697822623473
Dickenson County,division,2024,staff_per_1k_students,8.284652150823156
Dinwiddie County,division,2024,pct_disadv,57.09253170502583
Dinwiddie County,division,2024,bully_rate_per_1k,1.6439643024894317
Dinwiddie County,division,2024,staff_per_1k_students,4.697040864255519
Essex County,division,2024,pct_disadv,69.81943250214961
Essex County,division,2024,bully_rate_per_1k,5.159071367153913
Essex County,division,2024,staff_per_1k_students,4.729148753224419
Fairfax County,division,2024,pct_disadv,38.52793280654252
Fairfax County,division,2024,bully_rate_per_1k,1.6356302149527544
Fairfax County,division,2024,staff_per_1k_students,9.687738299165607
Falls Church City,division,2024,pct_disadv,11.65902140672783
Falls Church City,division,2024,bully_rate_per_1k,1.146788990825688
Falls Church City,division,2024,staff_per_1k_students,10.129969418960243
Fauquier County,division,2024,pct_disadv,32.21761180267404
Fauquier County,division,2024,bully_rate_per_1k,1.0142923005993547
Fauquier County,division,2024,staff_per_1k_students,6.77731673582296
Floyd County,division,2024,pct_disadv,43.43257443082312
Floyd County,division,2024,bully_rate_per_1k,0
Floyd County,division,2024,staff_per_1k_students,5.370694687682428
Fluvanna County,division,2024,pct_disadv,36.47686832740214
Fluvanna County,division,2024,bully_rate_per_1k,0.889679715302491
Fluvanna County,division,2024,staff_per_1k_students,4.744958481613287
Franklin City,division,2024,pct_disadv,70.64039408866995
Franklin City,division,2024,bully_rate_per_1k,17.733990147783253
Franklin City,division,2024,staff_per_1k_students,4.926108374384237
Franklin County,division,2024,pct_disadv,53.37662337662338
Franklin County,division,2024,bully_rate_per_1k,3.7337662337662336
Franklin County,division,2024,staff_per_1k_students,11.201298701298702
Frederick County,division,2024,pct_disadv,41.092217596839056
Frederick County,division,2024,bully_rate_per_1k,1.058350384533973
Frederick County,division,2024,staff_per_1k_students,5.962040499541382
Fredericksburg City,division,2024,pct_disadv,59.94969256567914
Fredericksburg City,division,2024,bully_rate_per_1k,5.030743432084964
Fredericksburg City,division,2024,staff_per_1k_students,9.167132476243712
Galax City,division,2024,pct_disadv,61.212976022567
Galax City,division,2024,bully_rate_per_1k,4.9365303244005645
Galax City,division,2024,staff_per_1k_students,7.574047954866009
Giles County,division,2024,pct_disadv,37.03915404401258
Giles County,division,2024,bully_rate_per_1k,9.145470134324093
Giles County,division,2024,staff_per_1k_students,3.4295513003715348
Gloucester County,division,2024,pct_disadv,42.8628389154705
Gloucester County,division,2024,bully_rate_per_1k,7.376395534290271
Gloucester County,division,2024,staff_per_1k_students,5.243221690590112
Goochland County,division,2024,pct_disadv,32.03732503888025
Goochland County,division,2024,bully_rate_per_1k,3.499222395023328
Goochland County,division,2024,staff_per_1k_students,5.05443234836703
Grayson County,division,2024,pct_disadv,55.901015228426395
Grayson County,division,2024,bully_rate_per_1k,10.786802030456853
Grayson County,division,2024,staff_per_1k_students,5.393401015228426
Greene County,division,2024,pct_disadv,43.47054648687012
Greene County,division,2024,bully_rate_per_1k,2.8388928317956
Greene County,division,2024,staff_per_1k_students,10.965223562810502
Greensville County,division,2024,pct_disadv,68.52491366551554
Greensville County,division,2024,bully_rate_per_1k,3.946719289590528
Greensville County,division,2024,staff_per_1k_students,4.440059200789344
Halifax County,division,2024,pct_disadv,58.10397553516819
Halifax County,division,2024,bully_rate_per_1k,1.529051987767584
Halifax County,division,2024,staff_per_1k_students,8.300567933595456
Hampton City,division,2024,pct_disadv,50.43487106454402
Hampton City,division,2024,bully_rate_per_1k,3.509485784039469
Hampton City,division,2024,staff_per_1k_students,6.434057270739027
Hanover County,division,2024,pct_disadv,33.29964328180737
Hanover County,division,2024,bully_rate_per_1k,0.356718192627824
Hanover County,division,2024,staff_per_1k_students,8.02615933412604
Harrisonburg City,division,2024,pct_disadv,52.64320424090708
Harrisonburg City,division,2024,bully_rate_per_1k,5.153880135473421
Harrisonburg City,division,2024,staff_per_1k_students,8.733618023855103
Henrico County,division,2024,pct_disadv,42.380707038681045
Henrico County,division,2024,bully_rate_per_1k,1.307863031071655
Henrico County,division,2024,staff_per_1k_students,5.84575142675967
Henry County,division,2024,pct_disadv,70.17872585759585
Henry County,division,2024,bully_rate_per_1k,2.450273854136639
Henry County,division,2024,staff_per_1k_students,6.702219659844335
Highland County,division,2024,pct_disadv,43.39622641509434
Highland County,division,2024,bully_rate_per_1k,18.867924528301884
Highland County,division,2024,staff_per_1k_students,6.603773584905659
Hopewell City,division,2024,pct_disadv,85.73238722757223
Hopewell City,division,2024,bully_rate_per_1k,2.787633046122656
Hopewell City,division,2024,staff_per_1k_students,10.55752660922453
Isle of Wight County,division,2024,pct_disadv,33.964962459778334
Isle of Wight County,division,2024,bully_rate_per_1k,2.502681444404719
Isle of Wight County,division,2024,staff_per_1k_students,4.915981408652128
King George County,division,2024,pct_disadv,38.11619718309859
King George County,division,2024,bully_rate_per_1k,10.56338028169014
King George County,division,2024,staff_per_1k_students,4.181338028169014
King William County,division,2024,pct_disadv,42.64007597340931
King William County,division,2024,bully_rate_per_1k,2.849002849002849
King William County,division,2024,staff_per_1k_students,5.223171889838556
King and Queen County,division,2024,pct_disadv,52.865497076023395
King and Queen County,division,2024,bully_rate_per_1k,1.1695906432748535
King and Queen County,division,2024,staff_per_1k_students,5.263157894736842
Lancaster County,division,2024,pct_disadv,61.274509803921575
Lancaster County,division,2024,bully_rate_per_1k,4.901960784313726
Lancaster County,division,2024,staff_per_1k_students,9.068627450980394
Lee County,division,2024,pct_disadv,58.73443285089196
Lee County,division,2024,bully_rate_per_1k,0.6731740154830024
Lee County,division,2024,staff_per_1k_students,6.9000336587007745
Lexington City,division,2024,pct_disadv,32.093933463796475
Lexington City,division,2024,bully_rate_per_1k,1.9569471624266144
Lexington City,division,2024,staff_per_1k_students,3.9138943248532287
Loudoun County,division,2024,pct_disadv,24.3965475203589
Loudoun County,division,2024,bully_rate_per_1k,2.7917296532891207
Loudoun County,division,2024,staff_per_1k_students,7.043082849758619
Louisa County,division,2024,pct_disadv,43.67683745922088
Louisa County,division,2024,bully_rate_per_1k,4.413740165035502
Louisa County,division,2024,staff_per_1k_students,5.56515064287085
Lunenburg County,division,2024,pct_disadv,61.883691529709225
Lunenburg County,division,2024,bully_rate_per_1k,3.7926675094816686
Lunenburg County,division,2024,staff_per_1k_students,5.056890012642225
Lynchburg City,division,2024,pct_disadv,65.20846696600385
Lynchburg City,division,2024,bully_rate_per_1k,1.2828736369467606
Lynchburg City,division,2024,staff_per_1k_students,8.735086593970493
Madison County,division,2024,pct_disadv,43.98563734290844
Madison County,division,2024,bully_rate_per_1k,4.78755236385398
Madison County,division,2024,staff_per_1k_students,6.283662477558349
Manassas City,division,2024,pct_disadv,45.883272537780094
Manassas City,division,2024,bully_rate_per_1k,1.6935904116727465
Manassas City,division,2024,staff_per_1k_students,10.031266284523188
Manassas Park City,division,2024,pct_disadv,51.935483870967744
Manassas Park City,division,2024,bully_rate_per_1k,2.6392961876832843
Manassas Park City,division,2024,staff_per_1k_students,5.865102639296188
Martinsville City,division,2024,pct_disadv,73.99003873824019
Martinsville City,division,2024,bully_rate_per_1k,1.6602102933038183
Martinsville City,division,2024,staff_per_1k_students,7.74764803541782
Mathews County,division,2024,pct_disadv,39.12009512485137
Mathews County,division,2024,bully_rate_per_1k,14.268727705112962
Mathews County,division,2024,staff_per_1k_students,6.539833531510107
Mecklenburg County,division,2024,pct_disadv,62.7729812087354
Mecklenburg County,division,2024,bully_rate_per_1k,5.8405281868969015
Mecklenburg County,division,2024,staff_per_1k_students,5.015236160487557
Middlesex County,division,2024,pct_disadv,65.66068515497552
Middlesex County,division,2024,bully_rate_per_1k,8.97226753670473
Middlesex County,division,2024,staff_per_1k_students,5.709624796084829
Montgomery County,division,2024,pct_disadv,36.69064748201439
Montgomery County,division,2024,bully_rate_per_1k,4.6918986549890525
Montgomery County,division,2024,staff_per_1k_students,4.58763424043374
Nelson County,division,2024,pct_disadv,61.80602006688963
Nelson County,division,2024,bully_rate_per_1k,6.020066889632107
Nelson County,division,2024,staff_per_1k_students,8.02675585284281
New Kent County,division,2024,pct_disadv,31.532805429864258
New Kent County,division,2024,bully_rate_per_1k,1.4140271493212668
New Kent County,division,2024,staff_per_1k_students,4.242081447963801
Newport News City,division,2024,pct_disadv,59.59800144933064
Newport News City,division,2024,bully_rate_per_1k,3.241923795720661
Newport News City,division,2024,staff_per_1k_students,8.318395057019718
Norfolk City,division,2024,pct_disadv,62.27123939889897
Norfolk City,division,2024,bully_rate_per_1k,2.083023359619104
Norfolk City,division,2024,staff_per_1k_students,8.927242969796161
Northampton County,division,2024,pct_disadv,67.31634182908546
Northampton County,division,2024,bully_rate_per_1k,2.998500749625187
Northampton County,division,2024,staff_per_1k_students,10.119940029985006
Northumberland County,division,2024,pct_disadv,58.89939810834049
Northumberland County,division,2024,bully_rate_per_1k,6.878761822871883
Northumberland County,division,2024,staff_per_1k_students,4.548581255374033
Norton City,division,2024,pct_disadv,66.04708798017349
Norton City,division,2024,bully_rate_per_1k,7.434944237918216
Norton City,division,2024,staff_per_1k_students,3.5315985130111525
Nottoway County,division,2024,pct_disadv,71.78217821782178
Nottoway County,division,2024,bully_rate_per_1k,0.55005500550055
Nottoway County,division,2024,staff_per_1k_students,7.700770077007701
Orange County,division,2024,pct_disadv,48.17001180637544
Orange County,division,2024,bully_rate_per_1k,8.067689885871703
Orange County,division,2024,staff_per_1k_students,6.099960645415191
Page County,division,2024,pct_disadv,55.197608767851214
Page County,division,2024,bully_rate_per_1k,10.295582862836268
Page County,division,2024,staff_per_1k_students,4.848887412819661
Patrick County,division,2024,pct_disadv,50.1891551071879
Patrick County,division,2024,bully_rate_per_1k,2.101723413198823
Patrick County,division,2024,staff_per_1k_students,3.572929802437999
Petersburg City,division,2024,pct_disadv,83.1989247311828
Petersburg City,division,2024,bully_rate_per_1k,4.032258064516129
Petersburg City,division,2024,staff_per_1k_students,8.512544802867383
Pittsylvania County,division,2024,pct_disadv,40.98715176186236
Pittsylvania County,division,2024,bully_rate_per_1k,1.2721027859051013
Pittsylvania County,division,2024,staff_per_1k_students,5.39117160666582
Poquoson City,division,2024,pct_disadv,21.980676328502415
Poquoson City,division,2024,bully_rate_per_1k,2.4154589371980677
Poquoson City,division,2024,staff_per_1k_students,4.830917874396135
Portsmouth City,division,2024,pct_disadv,68.42425163349036
Portsmouth City,division,2024,bully_rate_per_1k,5.926151040875247
Portsmouth City,division,2024,staff_per_1k_students,6.761890290229449
Powhatan County,division,2024,pct_disadv,28.375177640928467
Powhatan County,division,2024,bully_rate_per_1k,0.4737091425864519
Powhatan County,division,2024,staff_per_1k_students,6.324017053529134
Prince Edward County,division,2024,pct_disadv,43.61233480176212
Prince Edward County,division,2024,bully_rate_per_1k,8.259911894273127
Prince Edward County,division,2024,staff_per_1k_students,0.5506607929515419
Prince George County,division,2024,pct_disadv,53.25999029283287
Prince George County,division,2024,bully_rate_per_1k,3.5592946125222458
Prince George County,division,2024,staff_per_1k_students,4.934476621905841
Prince William County,division,2024,pct_disadv,38.73960332693538
Prince William County,division,2024,bully_rate_per_1k,1.820107220861738
Prince William County,division,2024,staff_per_1k_students,5.313720299159442
Pulaski County,division,2024,pct_disadv,50.30956202705802
Pulaski County,division,2024,bully_rate_per_1k,5.503324925475808
Pulaski County,division,2024,staff_per_1k_students,3.8981884888786977
Radford City,division,2024,pct_disadv,39.226691612098534
Radford City,division,2024,bully_rate_per_1k,4.989086373557842
Radford City,division,2024,staff_per_1k_students,3.07452447770502
Rappahannock County,division,2024,pct_disadv,37.338501291989665
Rappahannock County,division,2024,bully_rate_per_1k,12.919896640826872
Rappahannock County,division,2024,staff_per_1k_students,9.04392764857881
Richmond City,division,2024,pct_disadv,66.52711792652524
Richmond City,division,2024,bully_rate_per_1k,6.350251658121266
Richmond City,division,2024,staff_per_1k_students,12.653464415071264
Richmond County,division,2024,pct_disadv,50.58224163027657
Richmond County,division,2024,bully_rate_per_1k,0
Richmond County,division,2024,staff_per_1k_students,5.822416302765648
Roanoke City,division,2024,pct_disadv,60.20132759501058
Roanoke City,division,2024,bully_rate_per_1k,1.4588956160186737
Roanoke City,division,2024,staff_per_1k_students,8.83288350718506
Roanoke County,division,2024,pct_disadv,37.78888647395494
Roanoke County,division,2024,bully_rate_per_1k,1.811200463667319
Roanoke County,division,2024,staff_per_1k_students,7.946098674201261
Rockbridge County,division,2024,pct_disadv,48.157051282051285
Rockbridge County,division,2024,bully_rate_per_1k,6.41025641025641
Rockbridge County,division,2024,staff_per_1k_students,6.009615384615385
Rockingham County,division,2024,pct_disadv,47.8133102852204
Rockingham County,division,2024,bully_rate_per_1k,2.074330164217805
Rockingham County,division,2024,staff_per_1k_students,6.72428694900605
Russell County,division,2024,pct_disadv,48.147075854082225
Russell County,division,2024,bully_rate_per_1k,0
Russell County,division,2024,staff_per_1k_students,4.140127388535031
Salem City,division,2024,pct_disadv,44.34923575729504
Salem City,division,2024,bully_rate_per_1k,2.084298286243631
Salem City,division,2024,staff_per_1k_students,4.863362667901806
Scott County,division,2024,pct_disadv,51.33364529714554
Scott County,division,2024,bully_rate_per_1k,0.2339728591483388
Scott County,division,2024,staff_per_1k_students,6.434253626579317
Shenandoah County,division,2024,pct_disadv,51.378886351659936
Shenandoah County,division,2024,bully_rate_per_1k,2.9861233093272443
Shenandoah County,division,2024,staff_per_1k_students,7.46530827331811
Smyth County,division,2024,pct_disadv,58.39753466872111
Smyth County,division,2024,bully_rate_per_1k,3.852080123266564
Smyth County,division,2024,staff_per_1k_students,4.108885464817669
Southampton County,division,2024,pct_disadv,48.47403884264765
Southampton County,division,2024,bully_rate_per_1k,10.305192231470471
Southampton County,division,2024,staff_per_1k_students,5.1525961157352365
Spotsylvania County,division,2024,pct_disadv,51.89494680851063
Spotsylvania County,division,2024,bully_rate_per_1k,1.579122340425532
Spotsylvania County,division,2024,staff_per_1k_students,6.704205452127659
Stafford County,division,2024,pct_disadv,40.11671924290221
Stafford County,division,2024,bully_rate_per_1k,1.892744479495268
Stafford County,division,2024,staff_per_1k_students,5.608832807570979
Staunton City,division,2024,pct_disadv,48.62861378799111
Staunton City,division,2024,bully_rate_per_1k,18.161601186063752
Staunton City,division,2024,staff_per_1k_students,4.633061527057079
Suffolk City,division,2024,pct_disadv,44.731404958677686
Suffolk City,division,2024,bully_rate_per_1k,1.446280991735537
Suffolk City,division,2024,staff_per_1k_students,7.644628099173554
Surry County,division,2024,pct_disadv,55.3314121037464
Surry County,division,2024,bully_rate_per_1k,10.086455331412104
Surry County,division,2024,staff_per_1k_students,7.204610951008645
Sussex County,division,2024,pct_disadv,74.14486921529175
Sussex County,division,2024,bully_rate_per_1k,23.13883299798793
Sussex County,division,2024,staff_per_1k_students,19.11468812877263
Tazewell County,division,2024,pct_disadv,57.301677030337295
Tazewell County,division,2024,bully_rate_per_1k,3.014885999623139
Tazewell County,division,2024,staff_per_1k_students,3.391746749576032
Virginia Beach City,division,2024,pct_disadv,45.78813116567811
Virginia Beach City,division,2024,bully_rate_per_1k,2.6583484434063736
Virginia Beach City,division,2024,staff_per_1k_students,6.3754264113832635
Warren County,division,2024,pct_disadv,44.85981308411215
Warren County,division,2024,bully_rate_per_1k,8.761682242990654
Warren County,division,2024,staff_per_1k_students,4.08683800623053
Washington County,division,2024,pct_disadv,51.27364814538954
Washington County,division,2024,bully_rate_per_1k,5.660658423953524
Washington County,division,2024,staff_per_1k_students,4.357217339490541
Waynesboro City,division,2024,pct_disadv,57.15686274509804
Waynesboro City,division,2024,bully_rate_per_1k,1.96078431372549
Waynesboro City,division,2024,staff_per_1k_students,5.522875816993465
West Point,division,2024,pct_disadv,37.73809523809524
West Point,division,2024,bully_rate_per_1k,0
West Point,division,2024,staff_per_1k_students,5.05952380952381
Westmoreland County,division,2024,pct_disadv,65.86447118429386
Westmoreland County,division,2024,bully_rate_per_1k,2.53324889170361
Westmoreland County,division,2024,staff_per_1k_students,4.433185560481317
Williamsburg-James City County,division,2024,pct_disadv,34.9324439883701
Williamsburg-James City County,division,2024,bully_rate_per_1k,1.026167265264238
Williamsburg-James City County,division,2024,staff_per_1k_students,8.551393877201983
Winchester City,division,2024,pct_disadv,60.45797922568461
Winchester City,division,2024,bully_rate_per_1k,1.41643059490085
Winchester City,division,2024,staff_per_1k_students,7.424457034938622
Wise County,division,2024,pct_disadv,63.75998640149584
Wise County,division,2024,bully_rate_per_1k,11.388747237803845
Wise County,division,2024,staff_per_1k_students,6.756756756756757
Wythe County,division,2024,pct_disadv,49.82908230344465
Wythe County,division,2024,bully_rate_per_1k,3.944254535892716
Wythe County,division,2024,staff_per_1k_students,5.574546410728372
York County,division,2024,pct_disadv,29.46605644546148
York County,division,2024,bully_rate_per_1k,3.432494279176201
York County,division,2024,staff_per_1k_students,5.110602593440122
Accomack County,division,2025,pct_disadv,67.2723339822626
Accomack County,division,2025,bully_rate_per_1k,0
Accomack County,division,2025,staff_per_1k_students,5.624053644819382
Albemarle County,division,2025,pct_disadv,27.56649968249488
Albemarle County,division,2025,bully_rate_per_1k,0
Albemarle County,division,2025,staff_per_1k_students,8.232554857828266
Alexandria City,division,2025,pct_disadv,46.48769036296875
Alexandria City,division,2025,bully_rate_per_1k,0
Alexandria City,division,2025,staff_per_1k_students,16.342623246854874
Alleghany County,division,2025,pct_disadv,46.95187165775401
Alleghany County,division,2025,bully_rate_per_1k,0
Alleghany County,division,2025,staff_per_1k_students,3.5650623885918
Amelia County,division,2025,pct_disadv,49.5
Amelia County,division,2025,bully_rate_per_1k,0
Amelia County,division,2025,staff_per_1k_students,6.25
Amherst County,division,2025,pct_disadv,57.769230769230774
Amherst County,division,2025,bully_rate_per_1k,0
Amherst County,division,2025,staff_per_1k_students,5.897435897435898
Appomattox County,division,2025,pct_disadv,43.9487814952499
Appomattox County,division,2025,bully_rate_per_1k,0
Appomattox County,division,2025,staff_per_1k_students,7.847996695580339
Arlington County,division,2025,pct_disadv,25.577074251411418
Arlington County,division,2025,bully_rate_per_1k,0
Arlington County,division,2025,staff_per_1k_students,10.108268419924247
Augusta County,division,2025,pct_disadv,37.29767074615081
Augusta County,division,2025,bully_rate_per_1k,0
Augusta County,division,2025,staff_per_1k_students,9.946703513620214
Bath County,division,2025,pct_disadv,48.722986247544206
Bath County,division,2025,bully_rate_per_1k,0
Bath County,division,2025,staff_per_1k_students,10.805500982318271
Bedford County,division,2025,pct_disadv,36.18450515002239
Bedford County,division,2025,bully_rate_per_1k,0
Bedford County,division,2025,staff_per_1k_students,7.61307657859382
Bland County,division,2025,pct_disadv,52.32273838630807
Bland County,division,2025,bully_rate_per_1k,0
Bland County,division,2025,staff_per_1k_students,3.667481662591687
Botetourt County,division,2025,pct_disadv,33.00180831826401
Botetourt County,division,2025,bully_rate_per_1k,0
Botetourt County,division,2025,staff_per_1k_students,5.424954792043399
Bristol City,division,2025,pct_disadv,56.4836179049377
Bristol City,division,2025,bully_rate_per_1k,0
Bristol City,division,2025,staff_per_1k_students,8.306414397784955
Brunswick County,division,2025,pct_disadv,69.6128560993426
Brunswick County,division,2025,bully_rate_per_1k,0
Brunswick County,division,2025,staff_per_1k_students,4.7479912344777215
Buchanan County,division,2025,pct_disadv,51.68393782383419
Buchanan County,division,2025,bully_rate_per_1k,0
Buchanan County,division,2025,staff_per_1k_students,5.829015544041451
Buckingham County,division,2025,pct_disadv,49.892933618843685
Buckingham County,division,2025,bully_rate_per_1k,0
Buckingham County,division,2025,staff_per_1k_students,5.8886509635974305
Buena Vista City,division,2025,pct_disadv,44.35665914221219
Buena Vista City,division,2025,bully_rate_per_1k,0
Buena Vista City,division,2025,staff_per_1k_students,7.336343115124154
Campbell County,division,2025,pct_disadv,46.03317474604603
Campbell County,division,2025,bully_rate_per_1k,0
Campbell County,division,2025,staff_per_1k_students,6.043461489006043
Caroline County,division,2025,pct_disadv,46.24125874125874
Caroline County,division,2025,bully_rate_per_1k,0
Caroline County,division,2025,staff_per_1k_students,7.648601398601399
Carroll County,division,2025,pct_disadv,57.99883653286795
Carroll County,division,2025,bully_rate_per_1k,0
Carroll County,division,2025,staff_per_1k_students,3.9557882489819662
Charles City County,division,2025,pct_disadv,64.81835564053537
Charles City County,division,2025,bully_rate_per_1k,0
Charles City County,division,2025,staff_per_1k_students,7.648183556405353
Charlotte County,division,2025,pct_disadv,53.3684827182191
Charlotte County,division,2025,bully_rate_per_1k,0
Charlotte County,division,2025,staff_per_1k_students,4.100761570005858
Charlottesville City,division,2025,pct_disadv,52.397029034436194
Charlottesville City,division,2025,bully_rate_per_1k,0
Charlottesville City,division,2025,staff_per_1k_students,13.916272788656311
Chesapeake City,division,2025,pct_disadv,32.11503010937692
Chesapeake City,division,2025,bully_rate_per_1k,0
Chesapeake City,division,2025,staff_per_1k_students,9.472778665355785
Chesterfield County,division,2025,pct_disadv,40.79590375696455
Chesterfield County,division,2025,bully_rate_per_1k,0
Chesterfield County,division,2025,staff_per_1k_students,7.672674074765774
Clarke County,division,2025,pct_disadv,33.58050847457627
Clarke County,division,2025,bully_rate_per_1k,0
Clarke County,division,2025,staff_per_1k_students,7.680084745762712
Colonial Beach,division,2025,pct_disadv,59.696458684654296
Colonial Beach,division,2025,bully_rate_per_1k,0
Colonial Beach,division,2025,staff_per_1k_students,7.588532883642495
Colonial Heights City,division,2025,pct_disadv,61.22517670817906
Colonial Heights City,division,2025,bully_rate_per_1k,0
Colonial Heights City,division,2025,staff_per_1k_students,5.048805116122518
Craig County,division,2025,pct_disadv,46.15384615384615
Craig County,division,2025,bully_rate_per_1k,0
Craig County,division,2025,staff_per_1k_students,5.9171597633136095
Culpeper County,division,2025,pct_disadv,41.29578809211311
Culpeper County,division,2025,bully_rate_per_1k,0
Culpeper County,division,2025,staff_per_1k_students,7.755637752058227
Cumberland County,division,2025,pct_disadv,57.981220657277
Cumberland County,division,2025,bully_rate_per_1k,0
Cumberland County,division,2025,staff_per_1k_students,2.347417840375587
Danville City,division,2025,pct_disadv,79.6765498652291
Danville City,division,2025,bully_rate_per_1k,0
Danville City,division,2025,staff_per_1k_students,8.80503144654088
Dickenson County,division,2025,pct_disadv,52.08217656857301
Dickenson County,division,2025,bully_rate_per_1k,0
Dickenson County,division,2025,staff_per_1k_students,8.217656857301499
Dinwiddie County,division,2025,pct_disadv,48.44540853217643
Dinwiddie County,division,2025,bully_rate_per_1k,0
Dinwiddie County,division,2025,staff_per_1k_students,6.025548324897565
Essex County,division,2025,pct_disadv,57.14285714285714
Essex County,division,2025,bully_rate_per_1k,0
Essex County,division,2025,staff_per_1k_students,5.4945054945054945
Fairfax County,division,2025,pct_disadv,40.879938856212405
Fairfax County,division,2025,bully_rate_per_1k,0
Fairfax County,division,2025,staff_per_1k_students,9.885576933727666
Falls Church City,division,2025,pct_disadv,10.496824803884945
Falls Church City,division,2025,bully_rate_per_1k,0
Falls Church City,division,2025,staff_per_1k_students,10.459469555472545
Fauquier County,division,2025,pct_disadv,24.362397569284596
Fauquier County,division,2025,bully_rate_per_1k,0
Fauquier County,division,2025,staff_per_1k_students,6.85940521130651
Floyd County,division,2025,pct_disadv,41.95678271308523
Floyd County,division,2025,bully_rate_per_1k,0
Floyd County,division,2025,staff_per_1k_students,4.921968787515006
Fluvanna County,division,2025,pct_disadv,35.483870967741936
Fluvanna County,division,2025,bully_rate_per_1k,0
Fluvanna County,division,2025,staff_per_1k_students,5.728067530901417
Franklin City,division,2025,pct_disadv,55.733333333333334
Franklin City,division,2025,bully_rate_per_1k,0
Franklin City,division,2025,staff_per_1k_students,17.77777777777778
Franklin County,division,2025,pct_disadv,50.859387788508755
Franklin County,division,2025,bully_rate_per_1k,0
Franklin County,division,2025,staff_per_1k_students,11.442134555573745
Frederick County,division,2025,pct_disadv,44.95812859021386
Frederick County,division,2025,bully_rate_per_1k,0
Frederick County,division,2025,staff_per_1k_students,6.070316284864004
Fredericksburg City,division,2025,pct_disadv,52.863436123348016
Fredericksburg City,division,2025,bully_rate_per_1k,0
Fredericksburg City,division,2025,staff_per_1k_students,8.755506607929515
Galax City,division,2025,pct_disadv,60.111576011157595
Galax City,division,2025,bully_rate_per_1k,0
Galax City,division,2025,staff_per_1k_students,7.949790794979079
Giles County,division,2025,pct_disadv,40.6993006993007
Giles County,division,2025,bully_rate_per_1k,0
Giles County,division,2025,staff_per_1k_students,3.3566433566433567
Gloucester County,division,2025,pct_disadv,45.036319612590795
Gloucester County,division,2025,bully_rate_per_1k,0
Gloucester County,division,2025,staff_per_1k_students,5.782889426957223
Goochland County,division,2025,pct_disadv,29.05788876276958
Goochland County,division,2025,bully_rate_per_1k,0
Goochland County,division,2025,staff_per_1k_students,5.675368898978434
Grayson County,division,2025,pct_disadv,60.858424087123645
Grayson County,division,2025,bully_rate_per_1k,0
Grayson County,division,2025,staff_per_1k_students,5.445227418321589
Greene County,division,2025,pct_disadv,44.50035945363048
Greene County,division,2025,bully_rate_per_1k,0
Greene County,division,2025,staff_per_1k_students,7.584471603163193
Greensville County,division,2025,pct_disadv,78.82994546355975
Greensville County,division,2025,bully_rate_per_1k,0
Greensville County,division,2025,staff_per_1k_students,4.4620723847297965
Halifax County,division,2025,pct_disadv,57.40329035126723
Halifax County,division,2025,bully_rate_per_1k,0
Halifax County,division,2025,staff_per_1k_students,2.6678523788350375
Hampton City,division,2025,pct_disadv,54.27471116816432
Hampton City,division,2025,bully_rate_per_1k,0
Hampton City,division,2025,staff_per_1k_students,6.546854942233633
Hanover County,division,2025,pct_disadv,26.783158396946565
Hanover County,division,2025,bully_rate_per_1k,0
Hanover County,division,2025,staff_per_1k_students,8.289599236641223
Harrisonburg City,division,2025,pct_disadv,51.26777077531878
Harrisonburg City,division,2025,bully_rate_per_1k,0
Harrisonburg City,division,2025,staff_per_1k_students,10.597977429283306
Henrico County,division,2025,pct_disadv,41.275826852070075
Henrico County,division,2025,bully_rate_per_1k,0
Henrico County,division,2025,staff_per_1k_students,6.756225940765182
Henry County,division,2025,pct_disadv,64.83516483516483
Henry County,division,2025,bully_rate_per_1k,0
Henry County,division,2025,staff_per_1k_students,6.289762868710238
Highland County,division,2025,pct_disadv,46.15384615384615
Highland County,division,2025,bully_rate_per_1k,0
Highland County,division,2025,staff_per_1k_students,6.73076923076923
Hopewell City,division,2025,pct_disadv,77.67653758542141
Hopewell City,division,2025,bully_rate_per_1k,0
Hopewell City,division,2025,staff_per_1k_students,9.060997215894709
Isle of Wight County,division,2025,pct_disadv,32.107265809023374
Isle of Wight County,division,2025,bully_rate_per_1k,0
Isle of Wight County,division,2025,staff_per_1k_students,5.627831128827686
King George County,division,2025,pct_disadv,31.27312295973885
King George County,division,2025,bully_rate_per_1k,0
King George County,division,2025,staff_per_1k_students,4.570184983677911
King William County,division,2025,pct_disadv,42.857142857142854
King William County,division,2025,bully_rate_per_1k,0
King William County,division,2025,staff_per_1k_students,5.676442762535478
King and Queen County,division,2025,pct_disadv,45.335515548281506
King and Queen County,division,2025,bully_rate_per_1k,0
King and Queen County,division,2025,staff_per_1k_students,5.728314238952537
Lancaster County,division,2025,pct_disadv,56.581532416502945
Lancaster County,division,2025,bully_rate_per_1k,0
Lancaster County,division,2025,staff_per_1k_students,11.787819253438114
Lee County,division,2025,pct_disadv,65.03708698583951
Lee County,division,2025,bully_rate_per_1k,0
Lee County,division,2025,staff_per_1k_students,5.900202292650034
Lexington City,division,2025,pct_disadv,30.66914498141264
Lexington City,division,2025,bully_rate_per_1k,0
Lexington City,division,2025,staff_per_1k_students,3.717472118959108
Loudoun County,division,2025,pct_disadv,24.643899090441053
Loudoun County,division,2025,bully_rate_per_1k,0
Loudoun County,division,2025,staff_per_1k_students,7.509745274461252
Louisa County,division,2025,pct_disadv,45.10686164229472
Louisa County,division,2025,bully_rate_per_1k,0
Louisa County,division,2025,staff_per_1k_students,5.2493438320209975
Lunenburg County,division,2025,pct_disadv,58.40202916930881
Lunenburg County,division,2025,bully_rate_per_1k,0
Lunenburg County,division,2025,staff_per_1k_students,6.341154090044388
Lynchburg City,division,2025,pct_disadv,66.28586265091523
Lynchburg City,division,2025,bully_rate_per_1k,0
Lynchburg City,division,2025,staff_per_1k_students,14.020511489030248
Madison County,division,2025,pct_disadv,37.1374527112232
Madison County,division,2025,bully_rate_per_1k,0
Madison County,division,2025,staff_per_1k_students,5.674653215636822
Manassas City,division,2025,pct_disadv,43.70351037452695
Manassas City,division,2025,bully_rate_per_1k,0
Manassas City,division,2025,staff_per_1k_students,10.244029753360303
Manassas Park City,division,2025,pct_disadv,54.907161803713535
Manassas Park City,division,2025,bully_rate_per_1k,0
Manassas Park City,division,2025,staff_per_1k_students,6.4839375184202765
Martinsville City,division,2025,pct_disadv,69.8271054099275
Martinsville City,division,2025,bully_rate_per_1k,0
Martinsville City,division,2025,staff_per_1k_students,8.365867261572783
Mathews County,division,2025,pct_disadv,41.21365360303413
Mathews County,division,2025,bully_rate_per_1k,0
Mathews County,division,2025,staff_per_1k_students,8.849557522123893
Mecklenburg County,division,2025,pct_disadv,53.41694394676222
Mecklenburg County,division,2025,bully_rate_per_1k,0
Mecklenburg County,division,2025,staff_per_1k_students,5.1190171487074485
Middlesex County,division,2025,pct_disadv,63.570856685348275
Middlesex County,division,2025,bully_rate_per_1k,0
Middlesex County,division,2025,staff_per_1k_students,5.604483586869495
Montgomery County,division,2025,pct_disadv,37.536904259805986
Montgomery County,division,2025,bully_rate_per_1k,0
Montgomery County,division,2025,staff_per_1k_students,4.955714888232813
Nelson County,division,2025,pct_disadv,52.04286671131949
Nelson County,division,2025,bully_rate_per_1k,0
Nelson County,division,2025,staff_per_1k_students,6.363027461486939
New Kent County,division,2025,pct_disadv,28.55543113101904
New Kent County,division,2025,bully_rate_per_1k,0
New Kent County,division,2025,staff_per_1k_students,5.039193729003359
Newport News City,division,2025,pct_disadv,57.74881425211122
Newport News City,division,2025,bully_rate_per_1k,0
Newport News City,division,2025,staff_per_1k_students,6.979524158408206
Norfolk City,division,2025,pct_disadv,59.21214608124743
Norfolk City,division,2025,bully_rate_per_1k,0
Norfolk City,division,2025,staff_per_1k_students,9.139403887044429
Northampton County,division,2025,pct_disadv,66.6923076923077
Northampton County,division,2025,bully_rate_per_1k,0
Northampton County,division,2025,staff_per_1k_students,10.807692307692308
Northumberland County,division,2025,pct_disadv,54.90533562822719
Northumberland County,division,2025,bully_rate_per_1k,0
Northumberland County,division,2025,staff_per_1k_students,6.049913941480207
Norton City,division,2025,pct_disadv,55.2046783625731
Norton City,division,2025,bully_rate_per_1k,0
Norton City,division,2025,staff_per_1k_students,3.04093567251462
Nottoway County,division,2025,pct_disadv,73.9542665923034
Nottoway County,division,2025,bully_rate_per_1k,0
Nottoway County,division,2025,staff_per_1k_students,7.808142777467931
Orange County,division,2025,pct_disadv,43.7007874015748
Orange County,division,2025,bully_rate_per_1k,0
Orange County,division,2025,staff_per_1k_students,5.708661417322834
Page County,division,2025,pct_disadv,46.944349607374534
Page County,division,2025,bully_rate_per_1k,0
Page County,division,2025,staff_per_1k_students,4.779788323659952
Patrick County,division,2025,pct_disadv,51.4486391571554
Patrick County,division,2025,bully_rate_per_1k,0
Patrick County,division,2025,staff_per_1k_students,3.950834064969272
Petersburg City,division,2025,pct_disadv,69.38018332605849
Petersburg City,division,2025,bully_rate_per_1k,0
Petersburg City,division,2025,staff_per_1k_students,5.674378000872982
Pittsylvania County,division,2025,pct_disadv,36.01072659941259
Pittsylvania County,division,2025,bully_rate_per_1k,0
Pittsylvania County,division,2025,staff_per_1k_students,5.66722002298557
Poquoson City,division,2025,pct_disadv,25.375302663438255
Poquoson City,division,2025,bully_rate_per_1k,0
Poquoson City,division,2025,staff_per_1k_students,5.326876513317191
Portsmouth City,division,2025,pct_disadv,68.00402757338703
Portsmouth City,division,2025,bully_rate_per_1k,0
Portsmouth City,division,2025,staff_per_1k_students,7.977693439702579
Powhatan County,division,2025,pct_disadv,25.189904435187454
Powhatan County,division,2025,bully_rate_per_1k,0
Powhatan County,division,2025,staff_per_1k_students,5.48885077186964
Prince Edward County,division,2025,pct_disadv,37.289972899728994
Prince Edward County,division,2025,bully_rate_per_1k,0
Prince Edward County,division,2025,staff_per_1k_students,1.084010840108401
Prince George County,division,2025,pct_disadv,55.73058993730912
Prince George County,division,2025,bully_rate_per_1k,0
Prince George County,division,2025,staff_per_1k_students,4.902748754219578
Prince William County,division,2025,pct_disadv,34.01780886912577
Prince William County,division,2025,bully_rate_per_1k,0
Prince William County,division,2025,staff_per_1k_students,5.609683434662194
Pulaski County,division,2025,pct_disadv,43.62599771949829
Pulaski County,division,2025,bully_rate_per_1k,0
Pulaski County,division,2025,staff_per_1k_students,5.24515393386545
Radford City,division,2025,pct_disadv,44.61446144614462
Radford City,division,2025,bully_rate_per_1k,0
Radford City,division,2025,staff_per_1k_students,4.671467146714671
Rappahannock County,division,2025,pct_disadv,34.62532299741602
Rappahannock County,division,2025,bully_rate_per_1k,0
Rappahannock County,division,2025,staff_per_1k_students,9.04392764857881
Richmond City,division,2025,pct_disadv,66.07551220422832
Richmond City,division,2025,bully_rate_per_1k,0
Richmond City,division,2025,staff_per_1k_students,13.907686563681336
Richmond County,division,2025,pct_disadv,50.21428571428571
Richmond County,division,2025,bully_rate_per_1k,0
Richmond County,division,2025,staff_per_1k_students,5
Roanoke City,division,2025,pct_disadv,61.672549160844206
Roanoke City,division,2025,bully_rate_per_1k,0
Roanoke City,division,2025,staff_per_1k_students,8.761074695670963
Roanoke County,division,2025,pct_disadv,36.09493302271404
Roanoke County,division,2025,bully_rate_per_1k,0
Roanoke County,division,2025,staff_per_1k_students,7.061735585323238
Rockbridge County,division,2025,pct_disadv,43.51145038167939
Rockbridge County,division,2025,bully_rate_per_1k,0
Rockbridge County,division,2025,staff_per_1k_students,6.026516673362796
Rockingham County,division,2025,pct_disadv,41.88092594174426
Rockingham County,division,2025,bully_rate_per_1k,0
Rockingham County,division,2025,staff_per_1k_students,6.483300589390963
Russell County,division,2025,pct_disadv,52.16741405082213
Russell County,division,2025,bully_rate_per_1k,0
Russell County,division,2025,staff_per_1k_students,6.038863976083707
Salem City,division,2025,pct_disadv,45.08032128514056
Salem City,division,2025,bully_rate_per_1k,0
Salem City,division,2025,staff_per_1k_students,4.593373493975904
Scott County,division,2025,pct_disadv,45.491509208323365
Scott County,division,2025,bully_rate_per_1k,0
Scott County,division,2025,staff_per_1k_students,7.175316909830184
Shenandoah County,division,2025,pct_disadv,53.92963416768774
Shenandoah County,division,2025,bully_rate_per_1k,0
Shenandoah County,division,2025,staff_per_1k_students,5.601260283563802
Smyth County,division,2025,pct_disadv,55.8432131623518
Smyth County,division,2025,bully_rate_per_1k,0
Smyth County,division,2025,staff_per_1k_students,4.234212436486813
Southampton County,division,2025,pct_disadv,45.2814219212865
Southampton County,division,2025,bully_rate_per_1k,0
Southampton County,division,2025,staff_per_1k_students,5.50148116800677
Spotsylvania County,division,2025,pct_disadv,45.98879435567545
Spotsylvania County,division,2025,bully_rate_per_1k,0
Spotsylvania County,division,2025,staff_per_1k_students,6.8935463789167875
Stafford County,division,2025,pct_disadv,45.19567391847962
Stafford County,division,2025,bully_rate_per_1k,0
Stafford County,division,2025,staff_per_1k_students,5.838959739934984
Staunton City,division,2025,pct_disadv,47.624350408314776
Staunton City,division,2025,bully_rate_per_1k,0
Staunton City,division,2025,staff_per_1k_students,4.268745360059391
Suffolk City,division,2025,pct_disadv,41.56370126304228
Suffolk City,division,2025,bully_rate_per_1k,0
Suffolk City,division,2025,staff_per_1k_students,8.44316309719934
Surry County,division,2025,pct_disadv,54.7550432276657
Surry County,division,2025,bully_rate_per_1k,0
Surry County,division,2025,staff_per_1k_students,7.204610951008645
Sussex County,division,2025,pct_disadv,71.82425978987584
Sussex County,division,2025,bully_rate_per_1k,0
Sussex County,division,2025,staff_per_1k_students,10.506208213944603
Tazewell County,division,2025,pct_disadv,57.92955827982098
Tazewell County,division,2025,bully_rate_per_1k,0
Tazewell County,division,2025,staff_per_1k_students,6.030356100408641
Virginia Beach City,division,2025,pct_disadv,45.505453311324686
Virginia Beach City,division,2025,bully_rate_per_1k,0
Virginia Beach City,division,2025,staff_per_1k_students,6.300232942011324
Warren County,division,2025,pct_disadv,43.01331743192208
Warren County,division,2025,bully_rate_per_1k,0
Warren County,division,2025,staff_per_1k_students,5.167958656330749
Washington County,division,2025,pct_disadv,37.75398132894014
Washington County,division,2025,bully_rate_per_1k,0
Washington County,division,2025,staff_per_1k_students,3.912685337726524
Waynesboro City,division,2025,pct_disadv,53.843626806833115
Waynesboro City,division,2025,bully_rate_per_1k,0
Waynesboro City,division,2025,staff_per_1k_students,6.208935611038108
West Point,division,2025,pct_disadv,37.129300118623966
West Point,division,2025,bully_rate_per_1k,0
West Point,division,2025,staff_per_1k_students,5.931198102016607
Westmoreland County,division,2025,pct_disadv,54.76493011435832
Westmoreland County,division,2025,bully_rate_per_1k,0
Westmoreland County,division,2025,staff_per_1k_students,4.447268106734435
Williamsburg-James City County,division,2025,pct_disadv,34.00119362264473
Williamsburg-James City County,division,2025,bully_rate_per_1k,0
Williamsburg-James City County,division,2025,staff_per_1k_students,8.397987893256033
Winchester City,division,2025,pct_disadv,58.780375974323704
Winchester City,division,2025,bully_rate_per_1k,0
Winchester City,division,2025,staff_per_1k_students,6.086657496561211
Wise County,division,2025,pct_disadv,64.71707907942552
Wise County,division,2025,bully_rate_per_1k,0
Wise County,division,2025,staff_per_1k_students,6.310780411835958
Wythe County,division,2025,pct_disadv,47.53879079721776
Wythe County,division,2025,bully_rate_per_1k,0
Wythe County,division,2025,staff_per_1k_students,6.581059390048154
York County,division,2025,pct_disadv,29.776937618147446
York County,division,2025,bully_rate_per_1k,0
York County,division,2025,staff_per_1k_students,5.4442344045368625
Arcadia High,school,2022,pct_disadv,38.28238719068413
Arcadia High,school,2022,bully_rate_per_1k,0
Arcadia High,school,2022,staff_per_1k_students,4.366812227074235
Arcadia Middle,school,2022,pct_disadv,48.263254113345525
Arcadia Middle,school,2022,bully_rate_per_1k,16.453382084095065
Arcadia Middle,school,2022,staff_per_1k_students,0
Chincoteague High,school,2022,pct_disadv,29.69924812030075
Chincoteague High,school,2022,bully_rate_per_1k,11.278195488721805
Chincoteague High,school,2022,staff_per_1k_students,3.7593984962406015
Nandua High,school,2022,pct_disadv,40.03067484662577
Nandua High,school,2022,bully_rate_per_1k,6.134969325153374
Nandua High,school,2022,staff_per_1k_students,3.067484662576687
Nandua Middle,school,2022,pct_disadv,60.43956043956044
Nandua Middle,school,2022,bully_rate_per_1k,0
Nandua Middle,school,2022,staff_per_1k_students,2.197802197802198
Albemarle High,school,2022,pct_disadv,27.33437663015128
Albemarle High,school,2022,bully_rate_per_1k,0
Albemarle High,school,2022,staff_per_1k_students,5.738132498695879
Community Lab School,school,2022,pct_disadv,NA
Community Lab School,school,2022,bully_rate_per_1k,0
Community Lab School,school,2022,staff_per_1k_students,8.608247422680412
Journey Middle,school,2022,pct_disadv,44.668587896253605
Journey Middle,school,2022,bully_rate_per_1k,2.881844380403458
Journey Middle,school,2022,staff_per_1k_students,7.204610951008645
Jackson P. Burley Middle,school,2022,pct_disadv,38.666666666666664
Jackson P. Burley Middle,school,2022,bully_rate_per_1k,5
Jackson P. Burley Middle,school,2022,staff_per_1k_students,5.833333333333334
Joseph T. Henley Middle,school,2022,pct_disadv,13.895486935866982
Joseph T. Henley Middle,school,2022,bully_rate_per_1k,1.187648456057007
Joseph T. Henley Middle,school,2022,staff_per_1k_students,5.938242280285036
Lakeside Middle,school,2022,pct_disadv,19.16058394160584
Lakeside Middle,school,2022,bully_rate_per_1k,9.124087591240874
Lakeside Middle,school,2022,staff_per_1k_students,7.299270072992701
Leslie H. Walton Middle,school,2022,pct_disadv,32.02416918429003
Leslie H. Walton Middle,school,2022,bully_rate_per_1k,24.169184290030213
Leslie H. Walton Middle,school,2022,staff_per_1k_students,9.06344410876133
Monticello High,school,2022,pct_disadv,31.06557377049181
Monticello High,school,2022,bully_rate_per_1k,4.0983606557377055
Monticello High,school,2022,staff_per_1k_students,6.557377049180328
Western Albemarle High,school,2022,pct_disadv,11.495246326707
Western Albemarle High,school,2022,bully_rate_per_1k,0.8643042350907519
Western Albemarle High,school,2022,staff_per_1k_students,5.185825410544512
Alexandria City High,school,2022,pct_disadv,63.698318945933664
Alexandria City High,school,2022,bully_rate_per_1k,0.6815084052703316
Alexandria City High,school,2022,staff_per_1k_students,6.928668786915038
Francis C. Hammond Middle,school,2022,pct_disadv,74.29775280898876
Francis C. Hammond Middle,school,2022,bully_rate_per_1k,2.8089887640449436
Francis C. Hammond Middle,school,2022,staff_per_1k_students,11.235955056179774
George Washington Middle,school,2022,pct_disadv,49.06703524533518
George Washington Middle,school,2022,bully_rate_per_1k,0.691085003455425
George Washington Middle,school,2022,staff_per_1k_students,8.2930200414651
Alleghany High,school,2022,pct_disadv,37.628865979381445
Alleghany High,school,2022,bully_rate_per_1k,1.718213058419244
Alleghany High,school,2022,staff_per_1k_students,5.154639175257732
Covington Middle,school,2022,pct_disadv,42.092457420924575
Covington Middle,school,2022,bully_rate_per_1k,4.866180048661801
Covington Middle,school,2022,staff_per_1k_students,4.866180048661801
Amelia County High,school,2022,pct_disadv,40.77079107505071
Amelia County High,school,2022,bully_rate_per_1k,0
Amelia County High,school,2022,staff_per_1k_students,4.056795131845842
Amelia County Middle,school,2022,pct_disadv,51.6209476309227
Amelia County Middle,school,2022,bully_rate_per_1k,12.468827930174564
Amelia County Middle,school,2022,staff_per_1k_students,4.987531172069826
Amherst County High,school,2022,pct_disadv,53.73870172555464
Amherst County High,school,2022,bully_rate_per_1k,2.4650780608052587
Amherst County High,school,2022,staff_per_1k_students,3.286770747740345
Amherst Middle,school,2022,pct_disadv,55.82010582010582
Amherst Middle,school,2022,bully_rate_per_1k,0
Amherst Middle,school,2022,staff_per_1k_students,2.6455026455026456
Monelison Middle,school,2022,pct_disadv,58.03571428571429
Monelison Middle,school,2022,bully_rate_per_1k,10.714285714285714
Monelison Middle,school,2022,staff_per_1k_students,3.571428571428571
Appomattox County High,school,2022,pct_disadv,38.793103448275865
Appomattox County High,school,2022,bully_rate_per_1k,5.747126436781609
Appomattox County High,school,2022,staff_per_1k_students,6.4655172413793105
Appomattox Middle,school,2022,pct_disadv,50.64456721915286
Appomattox Middle,school,2022,bully_rate_per_1k,1.8416206261510129
Appomattox Middle,school,2022,staff_per_1k_students,7.366482504604051
Arlington Community High,school,2022,pct_disadv,20.33898305084746
Arlington Community High,school,2022,bully_rate_per_1k,0
Arlington Community High,school,2022,staff_per_1k_students,16.949152542372882
Dorothy Hamm Middle,school,2022,pct_disadv,18.7027027027027
Dorothy Hamm Middle,school,2022,bully_rate_per_1k,5.405405405405405
Dorothy Hamm Middle,school,2022,staff_per_1k_students,3.243243243243243
Gunston Middle,school,2022,pct_disadv,42.447257383966246
Gunston Middle,school,2022,bully_rate_per_1k,3.3755274261603376
Gunston Middle,school,2022,staff_per_1k_students,5.063291139240507
Jefferson Middle,school,2022,pct_disadv,46.81081081081081
Jefferson Middle,school,2022,bully_rate_per_1k,1.0810810810810811
Jefferson Middle,school,2022,staff_per_1k_students,5.405405405405405
Kenmore Middle,school,2022,pct_disadv,57.003891050583654
Kenmore Middle,school,2022,bully_rate_per_1k,2.9182879377431905
Kenmore Middle,school,2022,staff_per_1k_students,5.836575875486381
Swanson Middle,school,2022,pct_disadv,24.116424116424117
Swanson Middle,school,2022,bully_rate_per_1k,0
Swanson Middle,school,2022,staff_per_1k_students,5.197505197505198
Wakefield High,school,2022,pct_disadv,47.88579689194073
Wakefield High,school,2022,bully_rate_per_1k,0
Wakefield High,school,2022,staff_per_1k_students,4.6982291290206
Washington-Liberty High,school,2022,pct_disadv,33.90827126617013
Washington-Liberty High,school,2022,bully_rate_per_1k,0
Washington-Liberty High,school,2022,staff_per_1k_students,4.31203449627597
Williamsburg Middle,school,2022,pct_disadv,3.3333333333333335
Williamsburg Middle,school,2022,bully_rate_per_1k,3.571428571428571
Williamsburg Middle,school,2022,staff_per_1k_students,3.571428571428571
Yorktown High,school,2022,pct_disadv,15.436241610738255
Yorktown High,school,2022,bully_rate_per_1k,0.3947887879984208
Yorktown High,school,2022,staff_per_1k_students,4.579549940781681
Buffalo Gap High,school,2022,pct_disadv,41.3716814159292
Buffalo Gap High,school,2022,bully_rate_per_1k,0
Buffalo Gap High,school,2022,staff_per_1k_students,4.424778761061947
Fort Defiance High,school,2022,pct_disadv,37.05234159779614
Fort Defiance High,school,2022,bully_rate_per_1k,0
Fort Defiance High,school,2022,staff_per_1k_students,4.132231404958678
Riverheads High,school,2022,pct_disadv,35.22012578616352
Riverheads High,school,2022,bully_rate_per_1k,0
Riverheads High,school,2022,staff_per_1k_students,4.1928721174004195
S. Gordon Stewart Middle,school,2022,pct_disadv,43.333333333333336
S. Gordon Stewart Middle,school,2022,bully_rate_per_1k,3.92156862745098
S. Gordon Stewart Middle,school,2022,staff_per_1k_students,3.92156862745098
Stuarts Draft High,school,2022,pct_disadv,37.130801687763714
Stuarts Draft High,school,2022,bully_rate_per_1k,0
Stuarts Draft High,school,2022,staff_per_1k_students,4.219409282700422
Stuarts Draft Middle,school,2022,pct_disadv,43.53448275862069
Stuarts Draft Middle,school,2022,bully_rate_per_1k,0
Stuarts Draft Middle,school,2022,staff_per_1k_students,6.4655172413793105
Wilson Memorial High,school,2022,pct_disadv,37.91008505467801
Wilson Memorial High,school,2022,bully_rate_per_1k,18.226002430133654
Wilson Memorial High,school,2022,staff_per_1k_students,1.215066828675577
Wilson Middle,school,2022,pct_disadv,43.217665615141954
Wilson Middle,school,2022,bully_rate_per_1k,17.350157728706623
Wilson Middle,school,2022,staff_per_1k_students,3.1545741324921135
Bath County High,school,2022,pct_disadv,55.319148936170215
Bath County High,school,2022,bully_rate_per_1k,5.319148936170213
Bath County High,school,2022,staff_per_1k_students,NA
Forest Middle,school,2022,pct_disadv,23.496027241770715
Forest Middle,school,2022,bully_rate_per_1k,0
Forest Middle,school,2022,staff_per_1k_students,3.40522133938706
Jefferson Forest High,school,2022,pct_disadv,19.719407638347622
Jefferson Forest High,school,2022,bully_rate_per_1k,0
Jefferson Forest High,school,2022,staff_per_1k_students,3.897116134060795
Liberty High — Bedford County,school,2022,pct_disadv,48.2468443197756
Liberty High — Bedford County,school,2022,bully_rate_per_1k,0
Liberty High — Bedford County,school,2022,staff_per_1k_students,4.207573632538569
Liberty Middle — Bedford County,school,2022,pct_disadv,54.4280442804428
Liberty Middle — Bedford County,school,2022,bully_rate_per_1k,11.07011070110701
Liberty Middle — Bedford County,school,2022,staff_per_1k_students,5.535055350553505
Staunton River High,school,2022,pct_disadv,48.313384113166485
Staunton River High,school,2022,bully_rate_per_1k,1.088139281828074
Staunton River High,school,2022,staff_per_1k_students,3.264417845484222
Staunton River Middle,school,2022,pct_disadv,53.768844221105525
Staunton River Middle,school,2022,bully_rate_per_1k,6.700167504187605
Staunton River Middle,school,2022,staff_per_1k_students,5.025125628140704
Bland County High,school,2022,pct_disadv,43.54838709677419
Bland County High,school,2022,bully_rate_per_1k,10.752688172043012
Bland County High,school,2022,staff_per_1k_students,2.688172043010753
Central Academy Middle,school,2022,pct_disadv,33.33333333333333
Central Academy Middle,school,2022,bully_rate_per_1k,8.403361344537815
Central Academy Middle,school,2022,staff_per_1k_students,5.602240896358543
James River High — Botetourt County,school,2022,pct_disadv,22.268907563025213
James River High — Botetourt County,school,2022,bully_rate_per_1k,4.201680672268908
James River High — Botetourt County,school,2022,staff_per_1k_students,7.878151260504201
Lord Botetourt High,school,2022,pct_disadv,20.614469772051535
Lord Botetourt High,school,2022,bully_rate_per_1k,0
Lord Botetourt High,school,2022,staff_per_1k_students,5.698711595639247
Read Mountain Middle,school,2022,pct_disadv,25.86206896551724
Read Mountain Middle,school,2022,bully_rate_per_1k,6.269592476489028
Read Mountain Middle,school,2022,staff_per_1k_students,3.667711598746081
Virginia High,school,2022,pct_disadv,62.91079812206573
Virginia High,school,2022,bully_rate_per_1k,0
Virginia High,school,2022,staff_per_1k_students,3.1298904538341157
Virginia Middle,school,2022,pct_disadv,74.07407407407408
Virginia Middle,school,2022,bully_rate_per_1k,6.172839506172839
Virginia Middle,school,2022,staff_per_1k_students,2.05761316872428
Brunswick High,school,2022,pct_disadv,73.80410022779044
Brunswick High,school,2022,bully_rate_per_1k,2.277904328018223
Brunswick High,school,2022,staff_per_1k_students,NA
James S. Russell Middle,school,2022,pct_disadv,77.30061349693251
James S. Russell Middle,school,2022,bully_rate_per_1k,3.067484662576687
James S. Russell Middle,school,2022,staff_per_1k_students,NA
Council High,school,2022,pct_disadv,66.4
Council High,school,2022,bully_rate_per_1k,0
Council High,school,2022,staff_per_1k_students,4
Grundy High,school,2022,pct_disadv,50.140845070422536
Grundy High,school,2022,bully_rate_per_1k,0
Grundy High,school,2022,staff_per_1k_students,2.8169014084507045
Hurley High,school,2022,pct_disadv,60.09852216748769
Hurley High,school,2022,bully_rate_per_1k,0
Hurley High,school,2022,staff_per_1k_students,2.4630541871921183
Twin Valley High,school,2022,pct_disadv,63.13131313131313
Twin Valley High,school,2022,bully_rate_per_1k,0
Twin Valley High,school,2022,staff_per_1k_students,2.5252525252525255
Buckingham County High,school,2022,pct_disadv,48.32214765100672
Buckingham County High,school,2022,bully_rate_per_1k,1.6778523489932886
Buckingham County High,school,2022,staff_per_1k_students,3.3557046979865772
Buckingham County Middle,school,2022,pct_disadv,56.54761904761904
Buckingham County Middle,school,2022,bully_rate_per_1k,7.936507936507936
Buckingham County Middle,school,2022,staff_per_1k_students,3.968253968253968
Parry McCluer High,school,2022,pct_disadv,44.34782608695652
Parry McCluer High,school,2022,bully_rate_per_1k,0
Parry McCluer High,school,2022,staff_per_1k_students,2.608695652173913
Parry McCluer Middle,school,2022,pct_disadv,50
Parry McCluer Middle,school,2022,bully_rate_per_1k,8.064516129032258
Parry McCluer Middle,school,2022,staff_per_1k_students,8.064516129032258
Altavista High,school,2022,pct_disadv,48.148148148148145
Altavista High,school,2022,bully_rate_per_1k,7.122507122507122
Altavista High,school,2022,staff_per_1k_students,5.698005698005698
Brookville High,school,2022,pct_disadv,36.1
Brookville High,school,2022,bully_rate_per_1k,3
Brookville High,school,2022,staff_per_1k_students,4
Brookville Middle,school,2022,pct_disadv,40.32697547683924
Brookville Middle,school,2022,bully_rate_per_1k,21.7983651226158
Brookville Middle,school,2022,staff_per_1k_students,6.8119891008174385
Rustburg High,school,2022,pct_disadv,41.73913043478261
Rustburg High,school,2022,bully_rate_per_1k,0
Rustburg High,school,2022,staff_per_1k_students,4.9689440993788825
Rustburg Middle,school,2022,pct_disadv,51.2396694214876
Rustburg Middle,school,2022,bully_rate_per_1k,3.3057851239669422
Rustburg Middle,school,2022,staff_per_1k_students,4.958677685950414
William Campbell High,school,2022,pct_disadv,61.42506142506142
William Campbell High,school,2022,bully_rate_per_1k,2.457002457002457
William Campbell High,school,2022,staff_per_1k_students,7.371007371007371
Caroline High,school,2022,pct_disadv,43.76026272577997
Caroline High,school,2022,bully_rate_per_1k,2.4630541871921183
Caroline High,school,2022,staff_per_1k_students,10.673234811165846
Caroline Middle,school,2022,pct_disadv,44.75308641975309
Caroline Middle,school,2022,bully_rate_per_1k,4.11522633744856
Caroline Middle,school,2022,staff_per_1k_students,3.0864197530864197
Carroll County High,school,2022,pct_disadv,60.93155893536122
Carroll County High,school,2022,bully_rate_per_1k,1.9011406844106464
Carroll County High,school,2022,staff_per_1k_students,5.513307984790874
Carroll County Middle,school,2022,pct_disadv,74.67362924281984
Carroll County Middle,school,2022,bully_rate_per_1k,5.221932114882507
Carroll County Middle,school,2022,staff_per_1k_students,3.1331592689295036
Charles City County High,school,2022,pct_disadv,55.50847457627118
Charles City County High,school,2022,bully_rate_per_1k,4.237288135593221
Charles City County High,school,2022,staff_per_1k_students,8.474576271186441
Central Middle,school,2022,pct_disadv,49.6042216358839
Central Middle,school,2022,bully_rate_per_1k,0
Central Middle,school,2022,staff_per_1k_students,5.277044854881266
Randolph-Henry High,school,2022,pct_disadv,49.60629921259843
Randolph-Henry High,school,2022,bully_rate_per_1k,0
Randolph-Henry High,school,2022,staff_per_1k_students,4.921259842519685
Charlottesville Middle,school,2022,pct_disadv,59.766277128547586
Charlottesville Middle,school,2022,bully_rate_per_1k,3.33889816360601
Charlottesville Middle,school,2022,staff_per_1k_students,13.35559265442404
Charlottesville High,school,2022,pct_disadv,46.14760746147608
Charlottesville High,school,2022,bully_rate_per_1k,0
Charlottesville High,school,2022,staff_per_1k_students,13.7875101378751
Walker Upper Elementary,school,2022,pct_disadv,60.03210272873194
Walker Upper Elementary,school,2022,bully_rate_per_1k,0
Walker Upper Elementary,school,2022,staff_per_1k_students,4.815409309791332
Crestwood Middle,school,2022,pct_disadv,59.70961887477314
Crestwood Middle,school,2022,bully_rate_per_1k,29.038112522686024
Crestwood Middle,school,2022,staff_per_1k_students,5.44464609800363
Deep Creek High,school,2022,pct_disadv,48.29059829059829
Deep Creek High,school,2022,bully_rate_per_1k,0
Deep Creek High,school,2022,staff_per_1k_students,5.4945054945054945
Deep Creek Middle,school,2022,pct_disadv,47.381546134663346
Deep Creek Middle,school,2022,bully_rate_per_1k,6.234413965087282
Deep Creek Middle,school,2022,staff_per_1k_students,4.987531172069826
Grassfield High,school,2022,pct_disadv,16.041848299912818
Grassfield High,school,2022,bully_rate_per_1k,1.3077593722755014
Grassfield High,school,2022,staff_per_1k_students,3.4873583260680037
Great Bridge High,school,2022,pct_disadv,24.634146341463413
Great Bridge High,school,2022,bully_rate_per_1k,0
Great Bridge High,school,2022,staff_per_1k_students,4.878048780487805
Great Bridge Middle,school,2022,pct_disadv,19.07131011608623
Great Bridge Middle,school,2022,bully_rate_per_1k,0.8291873963515755
Great Bridge Middle,school,2022,staff_per_1k_students,4.1459369817578775
Greenbrier Middle,school,2022,pct_disadv,47.5177304964539
Greenbrier Middle,school,2022,bully_rate_per_1k,4.7281323877068555
Greenbrier Middle,school,2022,staff_per_1k_students,4.7281323877068555
Hickory High,school,2022,pct_disadv,12.51548946716233
Hickory High,school,2022,bully_rate_per_1k,0.6195786864931846
Hickory High,school,2022,staff_per_1k_students,4.956629491945477
Hickory Middle,school,2022,pct_disadv,15.978994748687173
Hickory Middle,school,2022,bully_rate_per_1k,1.5003750937734437
Hickory Middle,school,2022,staff_per_1k_students,3.750937734433608
Hugo A. Owens Middle,school,2022,pct_disadv,30.70507960576194
Hugo A. Owens Middle,school,2022,bully_rate_per_1k,0
Hugo A. Owens Middle,school,2022,staff_per_1k_students,3.032600454890068
Indian River High,school,2022,pct_disadv,53.6283185840708
Indian River High,school,2022,bully_rate_per_1k,0
Indian River High,school,2022,staff_per_1k_students,5.3097345132743365
Indian River Middle,school,2022,pct_disadv,62.71870794078062
Indian River Middle,school,2022,bully_rate_per_1k,10.767160161507402
Indian River Middle,school,2022,staff_per_1k_students,5.383580080753701
Jolliff Middle,school,2022,pct_disadv,39.54154727793696
Jolliff Middle,school,2022,bully_rate_per_1k,0
Jolliff Middle,school,2022,staff_per_1k_students,5.730659025787966
Oscar F. Smith High,school,2022,pct_disadv,64.0652557319224
Oscar F. Smith High,school,2022,bully_rate_per_1k,0.4409171075837742
Oscar F. Smith High,school,2022,staff_per_1k_students,3.968253968253968
Oscar Smith Middle,school,2022,pct_disadv,75.4863813229572
Oscar Smith Middle,school,2022,bully_rate_per_1k,4.863813229571985
Oscar Smith Middle,school,2022,staff_per_1k_students,4.863813229571985
Western Branch High,school,2022,pct_disadv,39.87816307403936
Western Branch High,school,2022,bully_rate_per_1k,0.46860356138706655
Western Branch High,school,2022,staff_per_1k_students,3.748828491096533
Western Branch Middle,school,2022,pct_disadv,43.95604395604395
Western Branch Middle,school,2022,bully_rate_per_1k,2.197802197802198
Western Branch Middle,school,2022,staff_per_1k_students,4.395604395604396
Bailey Bridge Middle,school,2022,pct_disadv,27.979604843849582
Bailey Bridge Middle,school,2022,bully_rate_per_1k,1.9120458891013383
Bailey Bridge Middle,school,2022,staff_per_1k_students,4.461440407903123
Carver College and Career Academy,school,2022,pct_disadv,61.904761904761905
Carver College and Career Academy,school,2022,bully_rate_per_1k,0
Carver College and Career Academy,school,2022,staff_per_1k_students,19.04761904761905
Carver Middle,school,2022,pct_disadv,50.603528319405754
Carver Middle,school,2022,bully_rate_per_1k,0.9285051067780872
Carver Middle,school,2022,staff_per_1k_students,4.642525533890436
Clover Hill High,school,2022,pct_disadv,25.72383073496659
Clover Hill High,school,2022,bully_rate_per_1k,0.5567928730512249
Clover Hill High,school,2022,staff_per_1k_students,5.011135857461025
Cosby High,school,2022,pct_disadv,10.767910767910768
Cosby High,school,2022,bully_rate_per_1k,0
Cosby High,school,2022,staff_per_1k_students,4.0755040755040755
Elizabeth Davis Middle,school,2022,pct_disadv,37.79342723004695
Elizabeth Davis Middle,school,2022,bully_rate_per_1k,0
Elizabeth Davis Middle,school,2022,staff_per_1k_students,4.694835680751174
Falling Creek Middle,school,2022,pct_disadv,56.56909462219196
Falling Creek Middle,school,2022,bully_rate_per_1k,0
Falling Creek Middle,school,2022,staff_per_1k_students,6.126616746085773
James River High — Chesterfield County,school,2022,pct_disadv,24.84375
James River High — Chesterfield County,school,2022,bully_rate_per_1k,0
James River High — Chesterfield County,school,2022,staff_per_1k_students,4.6875
Lloyd C. Bird High,school,2022,pct_disadv,45.05494505494506
Lloyd C. Bird High,school,2022,bully_rate_per_1k,1.6483516483516485
Lloyd C. Bird High,school,2022,staff_per_1k_students,4.945054945054945
Manchester High,school,2022,pct_disadv,29.539295392953928
Manchester High,school,2022,bully_rate_per_1k,2.710027100271003
Manchester High,school,2022,staff_per_1k_students,4.290876242095754
Manchester Middle,school,2022,pct_disadv,46.35879218472469
Manchester Middle,school,2022,bully_rate_per_1k,0
Manchester Middle,school,2022,staff_per_1k_students,5.328596802841918
Matoaca High,school,2022,pct_disadv,32.748184019370456
Matoaca High,school,2022,bully_rate_per_1k,0
Matoaca High,school,2022,staff_per_1k_students,5.145278450363196
Matoaca Middle,school,2022,pct_disadv,41.34929270946681
Matoaca Middle,school,2022,bully_rate_per_1k,0
Matoaca Middle,school,2022,staff_per_1k_students,5.4406964091403704
Meadowbrook High,school,2022,pct_disadv,51.38623326959847
Meadowbrook High,school,2022,bully_rate_per_1k,1.9120458891013383
Meadowbrook High,school,2022,staff_per_1k_students,5.258126195028681
Midlothian High,school,2022,pct_disadv,10.481444332998995
Midlothian High,school,2022,bully_rate_per_1k,0
Midlothian High,school,2022,staff_per_1k_students,4.262788365095286
Midlothian Middle,school,2022,pct_disadv,11.825572801182558
Midlothian Middle,school,2022,bully_rate_per_1k,0
Midlothian Middle,school,2022,staff_per_1k_students,5.543237250554324
Monacan High,school,2022,pct_disadv,30.3970223325062
Monacan High,school,2022,bully_rate_per_1k,0
Monacan High,school,2022,staff_per_1k_students,4.652605459057072
Providence Middle,school,2022,pct_disadv,54.19847328244275
Providence Middle,school,2022,bully_rate_per_1k,7.633587786259541
Providence Middle,school,2022,staff_per_1k_students,4.770992366412214
Robious Middle,school,2022,pct_disadv,23.41717259323504
Robious Middle,school,2022,bully_rate_per_1k,1.7346053772766694
Robious Middle,school,2022,staff_per_1k_students,4.336513443191674
Salem Church Middle,school,2022,pct_disadv,54.32098765432099
Salem Church Middle,school,2022,bully_rate_per_1k,1.122334455667789
Salem Church Middle,school,2022,staff_per_1k_students,6.7340067340067336
Swift Creek Middle,school,2022,pct_disadv,20.487364620938628
Swift Creek Middle,school,2022,bully_rate_per_1k,1.8050541516245489
Swift Creek Middle,school,2022,staff_per_1k_students,5.415162454873646
Thomas Dale High,school,2022,pct_disadv,32.99650213758259
Thomas Dale High,school,2022,bully_rate_per_1k,1.165954139137194
Thomas Dale High,school,2022,staff_per_1k_students,4.469490866692577
Tomahawk Creek Middle,school,2022,pct_disadv,11.67076167076167
Tomahawk Creek Middle,school,2022,bully_rate_per_1k,1.2285012285012284
Tomahawk Creek Middle,school,2022,staff_per_1k_students,4.606879606879607
Clarke County High,school,2022,pct_disadv,24.264705882352946
Clarke County High,school,2022,bully_rate_per_1k,2.941176470588235
Clarke County High,school,2022,staff_per_1k_students,5.382352941176471
Johnson-Williams Middle,school,2022,pct_disadv,34.05275779376499
Johnson-Williams Middle,school,2022,bully_rate_per_1k,4.796163069544364
Johnson-Williams Middle,school,2022,staff_per_1k_students,7.194244604316547
Colonial Beach High,school,2022,pct_disadv,56.59574468085107
Colonial Beach High,school,2022,bully_rate_per_1k,0
Colonial Beach High,school,2022,staff_per_1k_students,NA
Colonial Heights High,school,2022,pct_disadv,53.23741007194245
Colonial Heights High,school,2022,bully_rate_per_1k,0
Colonial Heights High,school,2022,staff_per_1k_students,4.796163069544364
Colonial Heights Middle,school,2022,pct_disadv,57.64525993883792
Colonial Heights Middle,school,2022,bully_rate_per_1k,0
Colonial Heights Middle,school,2022,staff_per_1k_students,1.529051987767584
Craig County High,school,2022,pct_disadv,48.333333333333336
Craig County High,school,2022,bully_rate_per_1k,3.3333333333333335
Craig County High,school,2022,staff_per_1k_students,3.3333333333333335
Culpeper County High,school,2022,pct_disadv,41.3477537437604
Culpeper County High,school,2022,bully_rate_per_1k,2.4958402662229617
Culpeper County High,school,2022,staff_per_1k_students,1.663893510815308
Culpeper Middle,school,2022,pct_disadv,48.090909090909086
Culpeper Middle,school,2022,bully_rate_per_1k,1.818181818181818
Culpeper Middle,school,2022,staff_per_1k_students,2.7272727272727275
Eastern View High,school,2022,pct_disadv,45.47787042976267
Eastern View High,school,2022,bully_rate_per_1k,0.6414368184733803
Eastern View High,school,2022,staff_per_1k_students,1.9243104554201411
Floyd T. Binns Middle,school,2022,pct_disadv,55.50239234449761
Floyd T. Binns Middle,school,2022,bully_rate_per_1k,4.784688995215311
Floyd T. Binns Middle,school,2022,staff_per_1k_students,3.5885167464114835
Cumberland High,school,2022,pct_disadv,54.44743935309974
Cumberland High,school,2022,bully_rate_per_1k,5.3908355795148255
Cumberland High,school,2022,staff_per_1k_students,3.234501347708895
Cumberland Middle,school,2022,pct_disadv,60
Cumberland Middle,school,2022,bully_rate_per_1k,0
Cumberland Middle,school,2022,staff_per_1k_students,3.4782608695652173
Galileo Magnet High,school,2022,pct_disadv,3.98406374501992
Galileo Magnet High,school,2022,bully_rate_per_1k,0
Galileo Magnet High,school,2022,staff_per_1k_students,3.98406374501992
George Washington High,school,2022,pct_disadv,13.818181818181818
George Washington High,school,2022,bully_rate_per_1k,0
George Washington High,school,2022,staff_per_1k_students,2.9090909090909087
O. Trent Bonner Middle,school,2022,pct_disadv,12.396694214876034
O. Trent Bonner Middle,school,2022,bully_rate_per_1k,13.774104683195592
O. Trent Bonner Middle,school,2022,staff_per_1k_students,2.7548209366391188
Westwood Middle,school,2022,pct_disadv,11.76470588235294
Westwood Middle,school,2022,bully_rate_per_1k,3.5650623885918
Westwood Middle,school,2022,staff_per_1k_students,5.347593582887701
Ridgeview High,school,2022,pct_disadv,50.498338870431894
Ridgeview High,school,2022,bully_rate_per_1k,0
Ridgeview High,school,2022,staff_per_1k_students,4.651162790697675
Ridgeview Middle,school,2022,pct_disadv,47.04491725768322
Ridgeview Middle,school,2022,bully_rate_per_1k,0
Ridgeview Middle,school,2022,staff_per_1k_students,5.9810874704491725
Dinwiddie County High,school,2022,pct_disadv,60.5242868157286
Dinwiddie County High,school,2022,bully_rate_per_1k,5.397070161912104
Dinwiddie County High,school,2022,staff_per_1k_students,3.855050115651504
Dinwiddie County Middle,school,2022,pct_disadv,93.2620320855615
Dinwiddie County Middle,school,2022,bully_rate_per_1k,4.278074866310161
Dinwiddie County Middle,school,2022,staff_per_1k_students,3.2085561497326203
Essex High,school,2022,pct_disadv,63.38582677165354
Essex High,school,2022,bully_rate_per_1k,0
Essex High,school,2022,staff_per_1k_students,3.937007874015748
James H. Cary Intermediate,school,2022,pct_disadv,70.95890410958904
James H. Cary Intermediate,school,2022,bully_rate_per_1k,10.95890410958904
James H. Cary Intermediate,school,2022,staff_per_1k_students,2.73972602739726
Annandale High,school,2022,pct_disadv,66.8145519077196
Annandale High,school,2022,bully_rate_per_1k,0
Annandale High,school,2022,staff_per_1k_students,7.098491570541261
Bryant High,school,2022,pct_disadv,71.42857142857143
Bryant High,school,2022,bully_rate_per_1k,0
Bryant High,school,2022,staff_per_1k_students,28.57142857142857
Carson Middle,school,2022,pct_disadv,14.285714285714285
Carson Middle,school,2022,bully_rate_per_1k,0
Carson Middle,school,2022,staff_per_1k_students,4.830917874396135
Centreville High,school,2022,pct_disadv,31.969111969111967
Centreville High,school,2022,bully_rate_per_1k,0
Centreville High,school,2022,staff_per_1k_students,5.7915057915057915
Chantilly High,school,2022,pct_disadv,20.9106239460371
Chantilly High,school,2022,bully_rate_per_1k,0.67453625632377745
Chantilly High,school,2022,staff_per_1k_students,6.408094435075886
Cooper Middle,school,2022,pct_disadv,3.096903096903097
Cooper Middle,school,2022,bully_rate_per_1k,1.998001998001998
Cooper Middle,school,2022,staff_per_1k_students,5.994005994005994
Edison High,school,2022,pct_disadv,41.012773722627735
Edison High,school,2022,bully_rate_per_1k,0
Edison High,school,2022,staff_per_1k_students,7.983576642335767
Fairfax County Adult High,school,2022,pct_disadv,45.07042253521127
Fairfax County Adult High,school,2022,bully_rate_per_1k,0
Fairfax County Adult High,school,2022,staff_per_1k_students,NA
Fairfax High,school,2022,pct_disadv,31.022530329289427
Fairfax High,school,2022,bully_rate_per_1k,1.7331022530329288
Fairfax High,school,2022,staff_per_1k_students,6.932409012131715
Falls Church High,school,2022,pct_disadv,58.65191146881288
Falls Church High,school,2022,bully_rate_per_1k,1.006036217303823
Falls Church High,school,2022,staff_per_1k_students,8.551307847082496
Franklin Middle,school,2022,pct_disadv,20
Franklin Middle,school,2022,bully_rate_per_1k,4.545454545454545
Franklin Middle,school,2022,staff_per_1k_students,5.681818181818182
Frost Middle,school,2022,pct_disadv,14.83924154987634
Frost Middle,school,2022,bully_rate_per_1k,1.6488046166529269
Frost Middle,school,2022,staff_per_1k_students,5.7708161582852435
Glasgow Middle,school,2022,pct_disadv,67.69983686786297
Glasgow Middle,school,2022,bully_rate_per_1k,1.087547580206634
Glasgow Middle,school,2022,staff_per_1k_students,6.253398586188146
Hayfield Secondary,school,2022,pct_disadv,33.11814073595868
Hayfield Secondary,school,2022,bully_rate_per_1k,0.32278889606197547
Hayfield Secondary,school,2022,staff_per_1k_students,6.132989025177534
Herndon High,school,2022,pct_disadv,50.77586206896552
Herndon High,school,2022,bully_rate_per_1k,0
Herndon High,school,2022,staff_per_1k_students,6.4655172413793105
Herndon Middle,school,2022,pct_disadv,58.04651162790697
Herndon Middle,school,2022,bully_rate_per_1k,0
Herndon Middle,school,2022,staff_per_1k_students,5.5813953488372094
Holmes Middle,school,2022,pct_disadv,58.99672846237731
Holmes Middle,school,2022,bully_rate_per_1k,0
Holmes Middle,school,2022,staff_per_1k_students,7.088331515812432
Hughes Middle,school,2022,pct_disadv,40.36885245901639
Hughes Middle,school,2022,bully_rate_per_1k,9.221311475409836
Hughes Middle,school,2022,staff_per_1k_students,7.172131147540984
Irving Middle,school,2022,pct_disadv,14.890154597233524
Irving Middle,school,2022,bully_rate_per_1k,2.441008950366151
Irving Middle,school,2022,staff_per_1k_students,4.882017900732302
Jackson Middle,school,2022,pct_disadv,50.72859744990893
Jackson Middle,school,2022,bully_rate_per_1k,3.6429872495446265
Jackson Middle,school,2022,staff_per_1k_students,5.46448087431694
Johnson Middle,school,2022,pct_disadv,31.720930232558143
Johnson Middle,school,2022,bully_rate_per_1k,7.44186046511628
Johnson Middle,school,2022,staff_per_1k_students,5.5813953488372094
Justice High,school,2022,pct_disadv,67.31028289178266
Justice High,school,2022,bully_rate_per_1k,1.347103726986978
Justice High,school,2022,staff_per_1k_students,6.7355186349348894
Key Middle,school,2022,pct_disadv,63.624161073825505
Key Middle,school,2022,bully_rate_per_1k,1.3422818791946307
Key Middle,school,2022,staff_per_1k_students,8.7248322147651
Kilmer Middle,school,2022,pct_disadv,19.1358024691358
Kilmer Middle,school,2022,bully_rate_per_1k,0
Kilmer Middle,school,2022,staff_per_1k_students,6.172839506172839
Kings Glen Elementary,school,2022,pct_disadv,25.70694087403599
Kings Glen Elementary,school,2022,bully_rate_per_1k,2.5706940874035986
Kings Glen Elementary,school,2022,staff_per_1k_students,2.5706940874035986
Lake Braddock Secondary,school,2022,pct_disadv,19.013923761698244
Lake Braddock Secondary,school,2022,bully_rate_per_1k,1.826067107966218
Lake Braddock Secondary,school,2022,staff_per_1k_students,5.021684546907099
Langley High,school,2022,pct_disadv,3.3186920448999513
Langley High,school,2022,bully_rate_per_1k,0.4880429477794046
Langley High,school,2022,staff_per_1k_students,5.368472425573451
Lewis High,school,2022,pct_disadv,62.71981242672919
Lewis High,school,2022,bully_rate_per_1k,0.5861664712778428
Lewis High,school,2022,staff_per_1k_students,8.206330597889801
Liberty Middle — Fairfax County,school,2022,pct_disadv,37.43693239152371
Liberty Middle — Fairfax County,school,2022,bully_rate_per_1k,4.036326942482341
Liberty Middle — Fairfax County,school,2022,staff_per_1k_students,6.054490413723511
Longfellow Middle,school,2022,pct_disadv,11.189913317572891
Longfellow Middle,school,2022,bully_rate_per_1k,0
Longfellow Middle,school,2022,staff_per_1k_students,5.516154452324665
Madison High,school,2022,pct_disadv,11.025756891098055
Madison High,school,2022,bully_rate_per_1k,1.3556258472661546
Madison High,school,2022,staff_per_1k_students,5.87437867148667
Marshall High,school,2022,pct_disadv,21.900627110467923
Marshall High,school,2022,bully_rate_per_1k,0
Marshall High,school,2022,staff_per_1k_students,8.200675349734682
McLean High,school,2022,pct_disadv,11.19087837837838
McLean High,school,2022,bully_rate_per_1k,2.1114864864864864
McLean High,school,2022,staff_per_1k_students,5.489864864864865
Mount Vernon High,school,2022,pct_disadv,61.02642276422764
Mount Vernon High,school,2022,bully_rate_per_1k,1.016260162601626
Mount Vernon High,school,2022,staff_per_1k_students,8.130081300813009
Mountain View High — Fairfax County,school,2022,pct_disadv,68.18181818181817
Mountain View High — Fairfax County,school,2022,bully_rate_per_1k,0
Mountain View High — Fairfax County,school,2022,staff_per_1k_students,32.467532467532465
Oakton High,school,2022,pct_disadv,13.3434420015163
Oakton High,school,2022,bully_rate_per_1k,0.3790750568612586
Oakton High,school,2022,staff_per_1k_students,5.686125852918878
Poe Middle,school,2022,pct_disadv,74.05281285878301
Poe Middle,school,2022,bully_rate_per_1k,3.4443168771526977
Poe Middle,school,2022,staff_per_1k_students,7.462686567164179
Robinson Secondary,school,2022,pct_disadv,13.463098134630982
Robinson Secondary,school,2022,bully_rate_per_1k,0.5406866720735334
Robinson Secondary,school,2022,staff_per_1k_students,5.947553392808867
Rocky Run Middle,school,2022,pct_disadv,16.420845624385446
Rocky Run Middle,school,2022,bully_rate_per_1k,0
Rocky Run Middle,school,2022,staff_per_1k_students,5.899705014749262
Sandburg Middle,school,2022,pct_disadv,48.91518737672584
Sandburg Middle,school,2022,bully_rate_per_1k,0
Sandburg Middle,school,2022,staff_per_1k_students,5.259697567389876
South County High,school,2022,pct_disadv,24.923879947803393
South County High,school,2022,bully_rate_per_1k,0
South County High,school,2022,staff_per_1k_students,6.089604175728578
South County Middle,school,2022,pct_disadv,22.279260780287473
South County Middle,school,2022,bully_rate_per_1k,1.026694045174538
South County Middle,school,2022,staff_per_1k_students,6.160164271047228
South Lakes High,school,2022,pct_disadv,31.927244582043347
South Lakes High,school,2022,bully_rate_per_1k,0
South Lakes High,school,2022,staff_per_1k_students,6.385448916408668
Stone Middle,school,2022,pct_disadv,36.857142857142854
Stone Middle,school,2022,bully_rate_per_1k,8.571428571428571
Stone Middle,school,2022,staff_per_1k_students,7.142857142857142
Thomas Jefferson High for Science and Technology,school,2022,pct_disadv,7.615546218487395
Thomas Jefferson High for Science and Technology,school,2022,bully_rate_per_1k,0
Thomas Jefferson High for Science and Technology,school,2022,staff_per_1k_students,6.302521008403361
Thoreau Middle,school,2022,pct_disadv,17.264957264957264
Thoreau Middle,school,2022,bully_rate_per_1k,0
Thoreau Middle,school,2022,staff_per_1k_students,5.982905982905983
Twain Middle,school,2022,pct_disadv,36.95652173913043
Twain Middle,school,2022,bully_rate_per_1k,6.91699604743083
Twain Middle,school,2022,staff_per_1k_students,6.91699604743083
West Potomac High,school,2022,pct_disadv,47.26664187430272
West Potomac High,school,2022,bully_rate_per_1k,0
West Potomac High,school,2022,staff_per_1k_students,6.69393826701376
West Springfield High,school,2022,pct_disadv,16.369278510473233
West Springfield High,school,2022,bully_rate_per_1k,0
West Springfield High,school,2022,staff_per_1k_students,5.430566330488752
Westfield High,school,2022,pct_disadv,31.78557946394866
Westfield High,school,2022,bully_rate_per_1k,1.1325028312570782
Westfield High,school,2022,staff_per_1k_students,5.662514156285391
Whitman Middle,school,2022,pct_disadv,60.45454545454545
Whitman Middle,school,2022,bully_rate_per_1k,2.2727272727272725
Whitman Middle,school,2022,staff_per_1k_students,6.8181818181818175
Woodson High,school,2022,pct_disadv,14.859437751004014
Woodson High,school,2022,bully_rate_per_1k,0.4016064257028112
Woodson High,school,2022,staff_per_1k_students,5.823293172690763
Mary Ellen Henderson Middle School,school,2022,pct_disadv,9.044368600682594
Mary Ellen Henderson Middle School,school,2022,bully_rate_per_1k,0
Mary Ellen Henderson Middle School,school,2022,staff_per_1k_students,7.167235494880546
Meridian High School,school,2022,pct_disadv,9.77620730270907
Meridian High School,school,2022,bully_rate_per_1k,2.3557126030624262
Meridian High School,school,2022,staff_per_1k_students,9.187279151943462
Auburn Middle — Fauquier County,school,2022,pct_disadv,10.238907849829353
Auburn Middle — Fauquier County,school,2022,bully_rate_per_1k,1.706484641638225
Auburn Middle — Fauquier County,school,2022,staff_per_1k_students,3.4129692832764507
Cedar Lee Middle,school,2022,pct_disadv,42.11356466876971
Cedar Lee Middle,school,2022,bully_rate_per_1k,1.5772870662460567
Cedar Lee Middle,school,2022,staff_per_1k_students,3.1545741324921135
Fauquier High,school,2022,pct_disadv,22.34910277324633
Fauquier High,school,2022,bully_rate_per_1k,0.8156606851549756
Fauquier High,school,2022,staff_per_1k_students,5.709624796084829
Kettle Run High,school,2022,pct_disadv,9.13006029285099
Kettle Run High,school,2022,bully_rate_per_1k,0.8613264427217916
Kettle Run High,school,2022,staff_per_1k_students,4.3066322136089585
Liberty High — Fauquier County,school,2022,pct_disadv,31.781226903178123
Liberty High — Fauquier County,school,2022,bully_rate_per_1k,2.2172949002217295
Liberty High — Fauquier County,school,2022,staff_per_1k_students,5.173688100517369
Marshall Middle,school,2022,pct_disadv,33.4106728538283
Marshall Middle,school,2022,bully_rate_per_1k,13.921113689095128
Marshall Middle,school,2022,staff_per_1k_students,3.480278422273782
W.C. Taylor Middle,school,2022,pct_disadv,29.010989010989015
W.C. Taylor Middle,school,2022,bully_rate_per_1k,6.593406593406593
W.C. Taylor Middle,school,2022,staff_per_1k_students,2.197802197802198
Floyd County High,school,2022,pct_disadv,38.52242744063325
Floyd County High,school,2022,bully_rate_per_1k,3.95778364116095
Floyd County High,school,2022,staff_per_1k_students,1.3192612137203166
Fluvanna County High,school,2022,pct_disadv,38.12801101169993
Fluvanna County High,school,2022,bully_rate_per_1k,0.68823124569855465
Fluvanna County High,school,2022,staff_per_1k_students,6.194081211286993
Fluvanna Middle,school,2022,pct_disadv,43.1241655540721
Fluvanna Middle,school,2022,bully_rate_per_1k,0
Fluvanna Middle,school,2022,staff_per_1k_students,5.34045393858478
Franklin High,school,2022,pct_disadv,67.67676767676768
Franklin High,school,2022,bully_rate_per_1k,13.468013468013469
Franklin High,school,2022,staff_per_1k_students,10.101010101010102
Benjamin Franklin Middle,school,2022,pct_disadv,57.391304347826086
Benjamin Franklin Middle,school,2022,bully_rate_per_1k,8.02675585284281
Benjamin Franklin Middle,school,2022,staff_per_1k_students,5.351170568561873
Franklin County High,school,2022,pct_disadv,37.76623376623377
Franklin County High,school,2022,bully_rate_per_1k,3.116883116883117
Franklin County High,school,2022,staff_per_1k_students,5.194805194805195
Admiral Richard E. Byrd Middle,school,2022,pct_disadv,38.0893300248139
Admiral Richard E. Byrd Middle,school,2022,bully_rate_per_1k,0
Admiral Richard E. Byrd Middle,school,2022,staff_per_1k_students,2.4813895781637716
Frederick County Middle,school,2022,pct_disadv,42.25352112676056
Frederick County Middle,school,2022,bully_rate_per_1k,0
Frederick County Middle,school,2022,staff_per_1k_students,2.560819462227913
James Wood High,school,2022,pct_disadv,32.962447844228095
James Wood High,school,2022,bully_rate_per_1k,3.4770514603616136
James Wood High,school,2022,staff_per_1k_students,3.4770514603616136
James Wood Middle,school,2022,pct_disadv,53.91198044009779
James Wood Middle,school,2022,bully_rate_per_1k,4.88997555012225
James Wood Middle,school,2022,staff_per_1k_students,2.444987775061125
Millbrook High,school,2022,pct_disadv,43.29829172141918
Millbrook High,school,2022,bully_rate_per_1k,0.657030223390276
Millbrook High,school,2022,staff_per_1k_students,2.628120893561104
Robert E. Aylor Middle,school,2022,pct_disadv,45.13064133016627
Robert E. Aylor Middle,school,2022,bully_rate_per_1k,20.190023752969122
Robert E. Aylor Middle,school,2022,staff_per_1k_students,2.375296912114014
Sherando High,school,2022,pct_disadv,35.08114856429464
Sherando High,school,2022,bully_rate_per_1k,1.8726591760299625
Sherando High,school,2022,staff_per_1k_students,2.4968789013732833
James Monroe High,school,2022,pct_disadv,37.00097370983447
James Monroe High,school,2022,bully_rate_per_1k,5.8422590068159685
James Monroe High,school,2022,staff_per_1k_students,5.8422590068159685
Walker-Grant Middle,school,2022,pct_disadv,44.37340153452685
Walker-Grant Middle,school,2022,bully_rate_per_1k,6.39386189258312
Walker-Grant Middle,school,2022,staff_per_1k_students,4.603580562659846
Galax High,school,2022,pct_disadv,54.54545454545454
Galax High,school,2022,bully_rate_per_1k,0
Galax High,school,2022,staff_per_1k_students,9.759358288770054
Galax Middle,school,2022,pct_disadv,61.63522012578616
Galax Middle,school,2022,bully_rate_per_1k,15.723270440251572
Galax Middle,school,2022,staff_per_1k_students,3.1446540880503147
Giles High,school,2022,pct_disadv,36.75213675213676
Giles High,school,2022,bully_rate_per_1k,35.612535612535616
Giles High,school,2022,staff_per_1k_students,1.4245014245014245
Narrows High,school,2022,pct_disadv,33.33333333333333
Narrows High,school,2022,bully_rate_per_1k,2.347417840375587
Narrows High,school,2022,staff_per_1k_students,2.347417840375587
Gloucester High,school,2022,pct_disadv,45.719844357976655
Gloucester High,school,2022,bully_rate_per_1k,2.594033722438392
Gloucester High,school,2022,staff_per_1k_students,3.891050583657587
Page Middle,school,2022,pct_disadv,52.40464344941957
Page Middle,school,2022,bully_rate_per_1k,4.975124378109452
Page Middle,school,2022,staff_per_1k_students,3.316749585406302
Peasley Middle,school,2022,pct_disadv,43.38118022328549
Peasley Middle,school,2022,bully_rate_per_1k,1.594896331738437
Peasley Middle,school,2022,staff_per_1k_students,3.189792663476874
Goochland High,school,2022,pct_disadv,27.77777777777778
Goochland High,school,2022,bully_rate_per_1k,4.62962962962963
Goochland High,school,2022,staff_per_1k_students,NA
Goochland Middle,school,2022,pct_disadv,29.064039408866993
Goochland Middle,school,2022,bully_rate_per_1k,11.494252873563218
Goochland Middle,school,2022,staff_per_1k_students,3.284072249589491
Grayson County High,school,2022,pct_disadv,56.5121412803532
Grayson County High,school,2022,bully_rate_per_1k,0
Grayson County High,school,2022,staff_per_1k_students,4.415011037527594
Independence Middle — Grayson County,school,2022,pct_disadv,52.589641434262944
Independence Middle — Grayson County,school,2022,bully_rate_per_1k,0
Independence Middle — Grayson County,school,2022,staff_per_1k_students,3.98406374501992
William Monroe High,school,2022,pct_disadv,44.92146596858639
William Monroe High,school,2022,bully_rate_per_1k,2.0942408376963355
William Monroe High,school,2022,staff_per_1k_students,6.596858638743456
William Monroe Middle,school,2022,pct_disadv,45.92696629213483
William Monroe Middle,school,2022,bully_rate_per_1k,0
William Monroe Middle,school,2022,staff_per_1k_students,5.758426966292134
Edward W. Wyatt Middle,school,2022,pct_disadv,71.57464212678937
Edward W. Wyatt Middle,school,2022,bully_rate_per_1k,6.134969325153374
Edward W. Wyatt Middle,school,2022,staff_per_1k_students,4.08997955010225
Greensville County High,school,2022,pct_disadv,65.06024096385542
Greensville County High,school,2022,bully_rate_per_1k,0
Greensville County High,school,2022,staff_per_1k_students,3.442340791738382
Halifax County High,school,2022,pct_disadv,51.18881118881119
Halifax County High,school,2022,bully_rate_per_1k,0
Halifax County High,school,2022,staff_per_1k_students,6.643356643356643
Halifax County Middle,school,2022,pct_disadv,58.31702544031311
Halifax County Middle,school,2022,bully_rate_per_1k,2.935420743639922
Halifax County Middle,school,2022,staff_per_1k_students,8.317025440313111
Benjamin Syms Middle,school,2022,pct_disadv,53.64850976361768
Benjamin Syms Middle,school,2022,bully_rate_per_1k,0
Benjamin Syms Middle,school,2022,staff_per_1k_students,3.5971223021582737
Bethel High,school,2022,pct_disadv,44.35261707988981
Bethel High,school,2022,bully_rate_per_1k,0
Bethel High,school,2022,staff_per_1k_students,4.407713498622589
C. Alton Lindsay Middle,school,2022,pct_disadv,62.035763411279234
C. Alton Lindsay Middle,school,2022,bully_rate_per_1k,6.87757909215956
C. Alton Lindsay Middle,school,2022,staff_per_1k_students,4.126547455295736
Cesar Tarrant Middle,school,2022,pct_disadv,53.43618513323983
Cesar Tarrant Middle,school,2022,bully_rate_per_1k,0
Cesar Tarrant Middle,school,2022,staff_per_1k_students,2.805049088359046
Francis W. Jones Magnet Middle,school,2022,pct_disadv,40.78740157480315
Francis W. Jones Magnet Middle,school,2022,bully_rate_per_1k,6.299212598425196
Francis W. Jones Magnet Middle,school,2022,staff_per_1k_students,3.149606299212598
Hampton High,school,2022,pct_disadv,52.54491017964072
Hampton High,school,2022,bully_rate_per_1k,0.7485029940119761
Hampton High,school,2022,staff_per_1k_students,5.239520958083832
Kecoughtan High,school,2022,pct_disadv,40.13647642679901
Kecoughtan High,school,2022,bully_rate_per_1k,3.7220843672456576
Kecoughtan High,school,2022,staff_per_1k_students,3.7220843672456576
Phoebus High,school,2022,pct_disadv,55.66112430720507
Phoebus High,school,2022,bully_rate_per_1k,0.7917656373713381
Phoebus High,school,2022,staff_per_1k_students,5.542359461599366
Thomas Eaton Middle,school,2022,pct_disadv,42.46823956442831
Thomas Eaton Middle,school,2022,bully_rate_per_1k,1.8148820326678765
Thomas Eaton Middle,school,2022,staff_per_1k_students,3.629764065335753
Atlee High,school,2022,pct_disadv,17.00194678780013
Atlee High,school,2022,bully_rate_per_1k,0
Atlee High,school,2022,staff_per_1k_students,3.7313432835820897
Bell Creek Middle,school,2022,pct_disadv,37.35926305015353
Bell Creek Middle,school,2022,bully_rate_per_1k,0
Bell Creek Middle,school,2022,staff_per_1k_students,3.0706243602865912
Chickahominy Middle,school,2022,pct_disadv,16.62125340599455
Chickahominy Middle,school,2022,bully_rate_per_1k,0
Chickahominy Middle,school,2022,staff_per_1k_students,2.7247956403269753
Hanover High,school,2022,pct_disadv,17.55464480874317
Hanover High,school,2022,bully_rate_per_1k,0
Hanover High,school,2022,staff_per_1k_students,3.927595628415301
Liberty Middle — Hanover County,school,2022,pct_disadv,37.69470404984423
Liberty Middle — Hanover County,school,2022,bully_rate_per_1k,0
Liberty Middle — Hanover County,school,2022,staff_per_1k_students,4.153686396677051
Mechanicsville High,school,2022,pct_disadv,29.94772218073189
Mechanicsville High,school,2022,bully_rate_per_1k,0.7468259895444362
Mechanicsville High,school,2022,staff_per_1k_students,5.041075429424945
Oak Knoll Middle,school,2022,pct_disadv,19.144144144144143
Oak Knoll Middle,school,2022,bully_rate_per_1k,1.1261261261261262
Oak Knoll Middle,school,2022,staff_per_1k_students,3.3783783783783785
Patrick Henry High — Hanover County,school,2022,pct_disadv,34.88888888888889
Patrick Henry High — Hanover County,school,2022,bully_rate_per_1k,0.7407407407407407
Patrick Henry High — Hanover County,school,2022,staff_per_1k_students,5
Harrisonburg High,school,2022,pct_disadv,60.70686070686071
Harrisonburg High,school,2022,bully_rate_per_1k,0.5197505197505198
Harrisonburg High,school,2022,staff_per_1k_students,8.705821205821206
Skyline Middle — Harrisonburg City,school,2022,pct_disadv,60.73871409028728
Skyline Middle — Harrisonburg City,school,2022,bully_rate_per_1k,1.3679890560875512
Skyline Middle — Harrisonburg City,school,2022,staff_per_1k_students,5.471956224350205
Thomas Harrison Middle,school,2022,pct_disadv,62.643678160919535
Thomas Harrison Middle,school,2022,bully_rate_per_1k,5.747126436781609
Thomas Harrison Middle,school,2022,staff_per_1k_students,7.183908045977011
Brookland Middle,school,2022,pct_disadv,72.18777679362267
Brookland Middle,school,2022,bully_rate_per_1k,0
Brookland Middle,school,2022,staff_per_1k_students,3.5429583702391496
Deep Run High,school,2022,pct_disadv,10.612043435340572
Deep Run High,school,2022,bully_rate_per_1k,1.4807502467917075
Deep Run High,school,2022,staff_per_1k_students,2.9615004935834155
Douglas S. Freeman High,school,2022,pct_disadv,35.482123510292524
Douglas S. Freeman High,school,2022,bully_rate_per_1k,1.0834236186348862
Douglas S. Freeman High,school,2022,staff_per_1k_students,3.2502708559046587
Elko Middle,school,2022,pct_disadv,67.07818930041152
Elko Middle,school,2022,bully_rate_per_1k,2.743484224965706
Elko Middle,school,2022,staff_per_1k_students,4.11522633744856
Fairfield Middle,school,2022,pct_disadv,70.12138188608776
Fairfield Middle,school,2022,bully_rate_per_1k,3.734827264239029
Fairfield Middle,school,2022,staff_per_1k_students,3.2679738562091503
George H. Moody Middle,school,2022,pct_disadv,35.186873290793066
George H. Moody Middle,school,2022,bully_rate_per_1k,5.469462169553328
George H. Moody Middle,school,2022,staff_per_1k_students,3.1905195989061075
Glen Allen High,school,2022,pct_disadv,24.755381604696673
Glen Allen High,school,2022,bully_rate_per_1k,0
Glen Allen High,school,2022,staff_per_1k_students,2.935420743639922
Henrico High,school,2022,pct_disadv,63.64922206506365
Henrico High,school,2022,bully_rate_per_1k,1.4144271570014144
Henrico High,school,2022,staff_per_1k_students,4.243281471004243
Hermitage High,school,2022,pct_disadv,66.89272503082614
Hermitage High,school,2022,bully_rate_per_1k,2.466091245376079
Hermitage High,school,2022,staff_per_1k_students,3.082614056720099
Highland Springs High,school,2022,pct_disadv,66.33712308452793
Highland Springs High,school,2022,bully_rate_per_1k,0.4943153732081067
Highland Springs High,school,2022,staff_per_1k_students,3.4602076124567476
Holman Middle,school,2022,pct_disadv,32.43873978996499
Holman Middle,school,2022,bully_rate_per_1k,1.1668611435239205
Holman Middle,school,2022,staff_per_1k_students,3.500583430571762
Hungary Creek Middle,school,2022,pct_disadv,36.321839080459775
Hungary Creek Middle,school,2022,bully_rate_per_1k,6.896551724137931
Hungary Creek Middle,school,2022,staff_per_1k_students,3.4482758620689653
John Randolph Tucker High,school,2022,pct_disadv,53.75816993464052
John Randolph Tucker High,school,2022,bully_rate_per_1k,0.5446623093681918
John Randolph Tucker High,school,2022,staff_per_1k_students,2.7233115468409586
John Rolfe Middle,school,2022,pct_disadv,70.28248587570621
John Rolfe Middle,school,2022,bully_rate_per_1k,13.559322033898304
John Rolfe Middle,school,2022,staff_per_1k_students,3.389830508474576
L. Douglas Wilder Middle,school,2022,pct_disadv,57.54716981132076
L. Douglas Wilder Middle,school,2022,bully_rate_per_1k,9.433962264150942
L. Douglas Wilder Middle,school,2022,staff_per_1k_students,5.3908355795148255
Mills E. Godwin High,school,2022,pct_disadv,21.92887931034483
Mills E. Godwin High,school,2022,bully_rate_per_1k,2.155172413793103
Mills E. Godwin High,school,2022,staff_per_1k_students,3.2327586206896552
Pocahontas Middle,school,2022,pct_disadv,25.42579075425791
Pocahontas Middle,school,2022,bully_rate_per_1k,2.4330900243309004
Pocahontas Middle,school,2022,staff_per_1k_students,3.6496350364963503
Quioccasin Middle,school,2022,pct_disadv,56.95238095238096
Quioccasin Middle,school,2022,bully_rate_per_1k,15.238095238095235
Quioccasin Middle,school,2022,staff_per_1k_students,3.8095238095238098
Short Pump Middle,school,2022,pct_disadv,13.066666666666665
Short Pump Middle,school,2022,bully_rate_per_1k,0.888888888888889
Short Pump Middle,school,2022,staff_per_1k_students,3.1111111111111107
Tuckahoe Middle,school,2022,pct_disadv,39.49579831932773
Tuckahoe Middle,school,2022,bully_rate_per_1k,0
Tuckahoe Middle,school,2022,staff_per_1k_students,3.2679738562091503
Varina High,school,2022,pct_disadv,69.10516002612671
Varina High,school,2022,bully_rate_per_1k,5.878510777269758
Varina High,school,2022,staff_per_1k_students,3.919007184846506
Bassett High,school,2022,pct_disadv,61.09589041095891
Bassett High,school,2022,bully_rate_per_1k,0.91324200913242
Bassett High,school,2022,staff_per_1k_students,3.65296803652968
Fieldale-Collinsville Middle,school,2022,pct_disadv,65.79261025029798
Fieldale-Collinsville Middle,school,2022,bully_rate_per_1k,1.1918951132300355
Fieldale-Collinsville Middle,school,2022,staff_per_1k_students,3.575685339690107
Laurel Park Middle,school,2022,pct_disadv,62.12871287128713
Laurel Park Middle,school,2022,bully_rate_per_1k,8.663366336633665
Laurel Park Middle,school,2022,staff_per_1k_students,3.7128712871287126
Magna Vista High,school,2022,pct_disadv,53.00092336103417
Magna Vista High,school,2022,bully_rate_per_1k,0
Magna Vista High,school,2022,staff_per_1k_students,4.616805170821792
Highland High,school,2022,pct_disadv,41.86046511627907
Highland High,school,2022,bully_rate_per_1k,0
Highland High,school,2022,staff_per_1k_students,11.627906976744184
Carter G. Woodson Middle,school,2022,pct_disadv,85.02923976608187
Carter G. Woodson Middle,school,2022,bully_rate_per_1k,3.5087719298245617
Carter G. Woodson Middle,school,2022,staff_per_1k_students,11.695906432748536
Hopewell High,school,2022,pct_disadv,85.34704370179949
Hopewell High,school,2022,bully_rate_per_1k,0.8568980291345331
Hopewell High,school,2022,staff_per_1k_students,5.141388174807197
Georgie D. Tyler Middle,school,2022,pct_disadv,42.70557029177719
Georgie D. Tyler Middle,school,2022,bully_rate_per_1k,0
Georgie D. Tyler Middle,school,2022,staff_per_1k_students,4.323607427055703
Smithfield High,school,2022,pct_disadv,27.13004484304933
Smithfield High,school,2022,bully_rate_per_1k,2.9895366218236172
Smithfield High,school,2022,staff_per_1k_students,3.834080717488789
Smithfield Middle,school,2022,pct_disadv,32.8525641025641
Smithfield Middle,school,2022,bully_rate_per_1k,3.205128205128205
Smithfield Middle,school,2022,staff_per_1k_students,3.4134615384615383
Westside Elementary,school,2022,pct_disadv,28.176795580110497
Westside Elementary,school,2022,bully_rate_per_1k,0
Westside Elementary,school,2022,staff_per_1k_students,3.453038674033149
Windsor High,school,2022,pct_disadv,51.272727272727266
Windsor High,school,2022,bully_rate_per_1k,0
Windsor High,school,2022,staff_per_1k_students,3.872727272727273
King George High,school,2022,pct_disadv,25.42955326460481
King George High,school,2022,bully_rate_per_1k,5.498281786941581
King George High,school,2022,staff_per_1k_students,3.436426116838488
King George Middle,school,2022,pct_disadv,27.48768472906404
King George Middle,school,2022,bully_rate_per_1k,39.40886699507389
King George Middle,school,2022,staff_per_1k_students,1.9704433497536944
Hamilton Holmes Middle,school,2022,pct_disadv,41.36460554371002
Hamilton Holmes Middle,school,2022,bully_rate_per_1k,2.1321961620469083
Hamilton Holmes Middle,school,2022,staff_per_1k_students,3.1982942430703623
King William High,school,2022,pct_disadv,38.23529411764706
King William High,school,2022,bully_rate_per_1k,2.941176470588235
King William High,school,2022,staff_per_1k_students,4.411764705882353
Central High — King and Queen County,school,2022,pct_disadv,62.31343283582089
Central High — King and Queen County,school,2022,bully_rate_per_1k,14.92537313432836
Central High — King and Queen County,school,2022,staff_per_1k_students,7.462686567164179
Lancaster High,school,2022,pct_disadv,61.86440677966102
Lancaster High,school,2022,bully_rate_per_1k,0
Lancaster High,school,2022,staff_per_1k_students,7.062146892655367
Elydale Middle,school,2022,pct_disadv,65.71428571428571
Elydale Middle,school,2022,bully_rate_per_1k,0
Elydale Middle,school,2022,staff_per_1k_students,7.142857142857142
Jonesville Middle,school,2022,pct_disadv,56.9620253164557
Jonesville Middle,school,2022,bully_rate_per_1k,0
Jonesville Middle,school,2022,staff_per_1k_students,4.219409282700422
Lee High,school,2022,pct_disadv,64.64646464646465
Lee High,school,2022,bully_rate_per_1k,2.5252525252525255
Lee High,school,2022,staff_per_1k_students,2.5252525252525255
Pennington Middle,school,2022,pct_disadv,77.22772277227723
Pennington Middle,school,2022,bully_rate_per_1k,6.600660066006601
Pennington Middle,school,2022,staff_per_1k_students,3.3003300330033003
Thomas Walker High,school,2022,pct_disadv,59.16955017301038
Thomas Walker High,school,2022,bully_rate_per_1k,0
Thomas Walker High,school,2022,staff_per_1k_students,3.4602076124567476
Lylburn Downing Middle,school,2022,pct_disadv,31.75675675675675
Lylburn Downing Middle,school,2022,bully_rate_per_1k,0
Lylburn Downing Middle,school,2022,staff_per_1k_students,6.756756756756757
Belmont Ridge Middle,school,2022,pct_disadv,15.43560606060606
Belmont Ridge Middle,school,2022,bully_rate_per_1k,1.893939393939394
Belmont Ridge Middle,school,2022,staff_per_1k_students,3.787878787878788
Blue Ridge Middle,school,2022,pct_disadv,14.819277108433734
Blue Ridge Middle,school,2022,bully_rate_per_1k,12.048192771084338
Blue Ridge Middle,school,2022,staff_per_1k_students,4.819277108433735
Brambleton Middle,school,2022,pct_disadv,7.243707796193983
Brambleton Middle,school,2022,bully_rate_per_1k,1.8416206261510129
Brambleton Middle,school,2022,staff_per_1k_students,3.990178023327194
Briar Woods High,school,2022,pct_disadv,10.617009449694274
Briar Woods High,school,2022,bully_rate_per_1k,0
Briar Woods High,school,2022,staff_per_1k_students,5.28071150639244
Broad Run High,school,2022,pct_disadv,23.794416243654823
Broad Run High,school,2022,bully_rate_per_1k,1.2690355329949237
Broad Run High,school,2022,staff_per_1k_students,5.076142131979695
Dominion High,school,2022,pct_disadv,38.124156545209175
Dominion High,school,2022,bully_rate_per_1k,0.6747638326585694
Dominion High,school,2022,staff_per_1k_students,4.048582995951417
Eagle Ridge Middle,school,2022,pct_disadv,8.044030482641828
Eagle Ridge Middle,school,2022,bully_rate_per_1k,0.8467400508044031
Eagle Ridge Middle,school,2022,staff_per_1k_students,4.233700254022015
Farmwell Station Middle,school,2022,pct_disadv,27.956989247311824
Farmwell Station Middle,school,2022,bully_rate_per_1k,0.8960573476702509
Farmwell Station Middle,school,2022,staff_per_1k_students,3.5842293906810037
Freedom High — Loudoun County,school,2022,pct_disadv,13.236009732360095
Freedom High — Loudoun County,school,2022,bully_rate_per_1k,0
Freedom High — Loudoun County,school,2022,staff_per_1k_students,4.13625304136253
Harmony Middle,school,2022,pct_disadv,10.793357933579337
Harmony Middle,school,2022,bully_rate_per_1k,4.612546125461255
Harmony Middle,school,2022,staff_per_1k_students,3.690036900369003
Harper Park Middle,school,2022,pct_disadv,30.392156862745097
Harper Park Middle,school,2022,bully_rate_per_1k,2.1786492374727673
Harper Park Middle,school,2022,staff_per_1k_students,4.357298474945535
Heritage High — Loudoun County,school,2022,pct_disadv,27.431254191817573
Heritage High — Loudoun County,school,2022,bully_rate_per_1k,0
Heritage High — Loudoun County,school,2022,staff_per_1k_students,4.024144869215292
Independence High,school,2022,pct_disadv,9.240021869874248
Independence High,school,2022,bully_rate_per_1k,1.0934937124111537
Independence High,school,2022,staff_per_1k_students,5.19409513395298
J. Lupton Simpson Middle,school,2022,pct_disadv,26.252505010020037
J. Lupton Simpson Middle,school,2022,bully_rate_per_1k,16.03206412825651
J. Lupton Simpson Middle,school,2022,staff_per_1k_students,4.008016032064128
J. Michael Lunsford Middle,school,2022,pct_disadv,14.30635838150289
J. Michael Lunsford Middle,school,2022,bully_rate_per_1k,1.445086705202312
J. Michael Lunsford Middle,school,2022,staff_per_1k_students,3.61271676300578
John Champe High,school,2022,pct_disadv,18.875739644970412
John Champe High,school,2022,bully_rate_per_1k,0.591715976331361
John Champe High,school,2022,staff_per_1k_students,5.680473372781065
Lightridge High,school,2022,pct_disadv,9.052924791086353
Lightridge High,school,2022,bully_rate_per_1k,0
Lightridge High,school,2022,staff_per_1k_students,4.874651810584958
Loudoun County High,school,2022,pct_disadv,24.13563829787234
Loudoun County High,school,2022,bully_rate_per_1k,3.324468085106383
Loudoun County High,school,2022,staff_per_1k_students,3.9893617021276593
Loudoun Valley High,school,2022,pct_disadv,14.170692431561996
Loudoun Valley High,school,2022,bully_rate_per_1k,0
Loudoun Valley High,school,2022,staff_per_1k_students,5.636070853462158
Gum Spring Middle,school,2022,pct_disadv,16.982622432859397
Gum Spring Middle,school,2022,bully_rate_per_1k,15.79778830963665
Gum Spring Middle,school,2022,staff_per_1k_students,3.9494470774091623
Park View High,school,2022,pct_disadv,76.08232789212207
Park View High,school,2022,bully_rate_per_1k,0
Park View High,school,2022,staff_per_1k_students,4.9680624556423
Potomac Falls High,school,2022,pct_disadv,30.90684762492289
Potomac Falls High,school,2022,bully_rate_per_1k,1.8507094386181369
Potomac Falls High,school,2022,staff_per_1k_students,4.9352251696483656
River Bend Middle,school,2022,pct_disadv,30.175438596491222
River Bend Middle,school,2022,bully_rate_per_1k,5.263157894736842
River Bend Middle,school,2022,staff_per_1k_students,3.5087719298245617
Riverside High,school,2022,pct_disadv,14.21514818880351
Riverside High,school,2022,bully_rate_per_1k,0
Riverside High,school,2022,staff_per_1k_students,5.214050493962678
Rock Ridge High,school,2022,pct_disadv,16.7621776504298
Rock Ridge High,school,2022,bully_rate_per_1k,0.7163323782234957
Rock Ridge High,school,2022,staff_per_1k_students,4.2979942693409745
Seneca Ridge Middle,school,2022,pct_disadv,41.17647058823529
Seneca Ridge Middle,school,2022,bully_rate_per_1k,8.97308075772682
Seneca Ridge Middle,school,2022,staff_per_1k_students,3.9880358923230306
Smart's Mill Middle,school,2022,pct_disadv,33.839479392624725
Smart's Mill Middle,school,2022,bully_rate_per_1k,7.592190889370932
Smart's Mill Middle,school,2022,staff_per_1k_students,4.3383947939262475
Sterling Middle,school,2022,pct_disadv,79.31671283471837
Sterling Middle,school,2022,bully_rate_per_1k,0.9233610341643582
Sterling Middle,school,2022,staff_per_1k_students,4.616805170821792
Stone Bridge High,school,2022,pct_disadv,14.770114942528735
Stone Bridge High,school,2022,bully_rate_per_1k,1.7241379310344829
Stone Bridge High,school,2022,staff_per_1k_students,5.172413793103448
Stone Hill Middle,school,2022,pct_disadv,13.093145869947277
Stone Hill Middle,school,2022,bully_rate_per_1k,1.757469244288225
Stone Hill Middle,school,2022,staff_per_1k_students,4.393673110720563
Trailside Middle,school,2022,pct_disadv,16.080843585237258
Trailside Middle,school,2022,bully_rate_per_1k,4.393673110720563
Trailside Middle,school,2022,staff_per_1k_students,4.393673110720563
Tuscarora High,school,2022,pct_disadv,34.475374732334046
Tuscarora High,school,2022,bully_rate_per_1k,4.282655246252677
Tuscarora High,school,2022,staff_per_1k_students,3.5688793718772303
W.O. Robey High,school,2022,pct_disadv,100
W.O. Robey High,school,2022,bully_rate_per_1k,0
W.O. Robey High,school,2022,staff_per_1k_students,50
Willard Middle,school,2022,pct_disadv,8.264462809917356
Willard Middle,school,2022,bully_rate_per_1k,8.900190718372537
Willard Middle,school,2022,staff_per_1k_students,3.814367450731087
Woodgrove High,school,2022,pct_disadv,11.877394636015326
Woodgrove High,school,2022,bully_rate_per_1k,2.554278416347382
Woodgrove High,school,2022,staff_per_1k_students,5.427841634738186
Louisa County High,school,2022,pct_disadv,48.660170523751525
Louisa County High,school,2022,bully_rate_per_1k,3.045066991473812
Louisa County High,school,2022,staff_per_1k_students,3.045066991473812
Louisa County Middle,school,2022,pct_disadv,50.9075907590759
Louisa County Middle,school,2022,bully_rate_per_1k,4.9504950495049505
Louisa County Middle,school,2022,staff_per_1k_students,2.4752475247524752
Central High — Lunenburg County,school,2022,pct_disadv,50.609756097560975
Central High — Lunenburg County,school,2022,bully_rate_per_1k,6.097560975609756
Central High — Lunenburg County,school,2022,staff_per_1k_students,5.5894308943089435
Lunenburg Middle,school,2022,pct_disadv,58.7912087912088
Lunenburg Middle,school,2022,bully_rate_per_1k,8.241758241758243
Lunenburg Middle,school,2022,staff_per_1k_students,4.807692307692308
E.C. Glass High,school,2022,pct_disadv,50.6990434142752
E.C. Glass High,school,2022,bully_rate_per_1k,0
E.C. Glass High,school,2022,staff_per_1k_students,1.846946284032377
Heritage High — Lynchburg City,school,2022,pct_disadv,57.78611632270169
Heritage High — Lynchburg City,school,2022,bully_rate_per_1k,4.690431519699813
Heritage High — Lynchburg City,school,2022,staff_per_1k_students,1.9418386491557225
Linkhorne Middle,school,2022,pct_disadv,57.76293823038397
Linkhorne Middle,school,2022,bully_rate_per_1k,1.669449081803005
Linkhorne Middle,school,2022,staff_per_1k_students,3.33889816360601
Paul Laurence Dunbar Middle for Innovation,school,2022,pct_disadv,64.25992779783394
Paul Laurence Dunbar Middle for Innovation,school,2022,bully_rate_per_1k,5.415162454873646
Paul Laurence Dunbar Middle for Innovation,school,2022,staff_per_1k_students,3.4657039711191335
Sandusky Middle,school,2022,pct_disadv,67.7007299270073
Sandusky Middle,school,2022,bully_rate_per_1k,3.6496350364963503
Sandusky Middle,school,2022,staff_per_1k_students,4.47080291970803
Madison County High,school,2022,pct_disadv,45.796064400715565
Madison County High,school,2022,bully_rate_per_1k,3.5778175313059033
Madison County High,school,2022,staff_per_1k_students,6.2611806797853315
William H. Wetsel Middle,school,2022,pct_disadv,43.55670103092783
William H. Wetsel Middle,school,2022,bully_rate_per_1k,2.577319587628866
William H. Wetsel Middle,school,2022,staff_per_1k_students,5.154639175257732
Baldwin Intermediate,school,2022,pct_disadv,45.98540145985402
Baldwin Intermediate,school,2022,bully_rate_per_1k,0
Baldwin Intermediate,school,2022,staff_per_1k_students,3.6496350364963503
Grace E. Metz Middle,school,2022,pct_disadv,44.75336322869955
Grace E. Metz Middle,school,2022,bully_rate_per_1k,5.381165919282512
Grace E. Metz Middle,school,2022,staff_per_1k_students,4.484304932735426
Mayfield Intermediate,school,2022,pct_disadv,41.64588528678304
Mayfield Intermediate,school,2022,bully_rate_per_1k,1.2468827930174564
Mayfield Intermediate,school,2022,staff_per_1k_students,6.85785536159601
Osbourn High,school,2022,pct_disadv,36.11111111111111
Osbourn High,school,2022,bully_rate_per_1k,0
Osbourn High,school,2022,staff_per_1k_students,6.172839506172839
Manassas Park High,school,2022,pct_disadv,48.2174688057041
Manassas Park High,school,2022,bully_rate_per_1k,0.8912655971479501
Manassas Park High,school,2022,staff_per_1k_students,0.8912655971479501
Manassas Park Middle,school,2022,pct_disadv,54.38813349814586
Manassas Park Middle,school,2022,bully_rate_per_1k,1.2360939431396785
Manassas Park Middle,school,2022,staff_per_1k_students,7.416563658838072
Martinsville High,school,2022,pct_disadv,71.94244604316546
Martinsville High,school,2022,bully_rate_per_1k,0
Martinsville High,school,2022,staff_per_1k_students,5.39568345323741
Martinsville Middle,school,2022,pct_disadv,76.86567164179104
Martinsville Middle,school,2022,bully_rate_per_1k,19.90049751243781
Martinsville Middle,school,2022,staff_per_1k_students,4.975124378109452
Mathews High,school,2022,pct_disadv,45.73378839590443
Mathews High,school,2022,bully_rate_per_1k,0
Mathews High,school,2022,staff_per_1k_students,6.825938566552901
Thomas Hunter Middle,school,2022,pct_disadv,51.890034364261176
Thomas Hunter Middle,school,2022,bully_rate_per_1k,20.61855670103093
Thomas Hunter Middle,school,2022,staff_per_1k_students,3.436426116838488
Middlesex High,school,2022,pct_disadv,55.223880597014926
Middlesex High,school,2022,bully_rate_per_1k,8.955223880597016
Middlesex High,school,2022,staff_per_1k_students,5.970149253731344
St. Clare Walker Middle,school,2022,pct_disadv,57.66423357664233
St. Clare Walker Middle,school,2022,bully_rate_per_1k,18.24817518248175
St. Clare Walker Middle,school,2022,staff_per_1k_students,3.6496350364963503
Auburn High,school,2022,pct_disadv,35.120643431635386
Auburn High,school,2022,bully_rate_per_1k,0
Auburn High,school,2022,staff_per_1k_students,5.361930294906166
Auburn Middle — Montgomery County,school,2022,pct_disadv,46.875
Auburn Middle — Montgomery County,school,2022,bully_rate_per_1k,13.888888888888888
Auburn Middle — Montgomery County,school,2022,staff_per_1k_students,3.472222222222222
Blacksburg High,school,2022,pct_disadv,19.51588502269289
Blacksburg High,school,2022,bully_rate_per_1k,3.7821482602118
Blacksburg High,school,2022,staff_per_1k_students,3.0257186081694405
Blacksburg Middle,school,2022,pct_disadv,26.64509169363538
Blacksburg Middle,school,2022,bully_rate_per_1k,8.629989212513484
Blacksburg Middle,school,2022,staff_per_1k_students,3.236245954692557
Christiansburg High,school,2022,pct_disadv,37.46581586144029
Christiansburg High,school,2022,bully_rate_per_1k,1.8231540565177755
Christiansburg High,school,2022,staff_per_1k_students,3.646308113035551
Christiansburg Middle,school,2022,pct_disadv,40.605296343001264
Christiansburg Middle,school,2022,bully_rate_per_1k,11.349306431273645
Christiansburg Middle,school,2022,staff_per_1k_students,3.7831021437578816
Eastern Montgomery High,school,2022,pct_disadv,54.94880546075085
Eastern Montgomery High,school,2022,bully_rate_per_1k,6.825938566552901
Eastern Montgomery High,school,2022,staff_per_1k_students,5.1194539249146755
Shawsville Middle,school,2022,pct_disadv,60.37735849056604
Shawsville Middle,school,2022,bully_rate_per_1k,9.433962264150942
Shawsville Middle,school,2022,staff_per_1k_students,4.716981132075471
Nelson County High,school,2022,pct_disadv,58.1651376146789
Nelson County High,school,2022,bully_rate_per_1k,0
Nelson County High,school,2022,staff_per_1k_students,11.009174311926609
Nelson Middle,school,2022,pct_disadv,62.67409470752089
Nelson Middle,school,2022,bully_rate_per_1k,50.13927576601671
Nelson Middle,school,2022,staff_per_1k_students,5.571030640668524
New Kent High,school,2022,pct_disadv,22.437673130193904
New Kent High,school,2022,bully_rate_per_1k,2.770083102493075
New Kent High,school,2022,staff_per_1k_students,4.616805170821792
New Kent Middle,school,2022,pct_disadv,24.67362924281985
New Kent Middle,school,2022,bully_rate_per_1k,16.971279373368148
New Kent Middle,school,2022,staff_per_1k_students,3.916449086161879
Achievable Dream Middle/High,school,2022,pct_disadv,70.29702970297029
Achievable Dream Middle/High,school,2022,bully_rate_per_1k,7.920792079207921
Achievable Dream Middle/High,school,2022,staff_per_1k_students,3.96039603960396
B.T. Washington Middle,school,2022,pct_disadv,41.105769230769226
B.T. Washington Middle,school,2022,bully_rate_per_1k,2.403846153846154
B.T. Washington Middle,school,2022,staff_per_1k_students,4.807692307692308
Crittenden Middle,school,2022,pct_disadv,72.56637168141593
Crittenden Middle,school,2022,bully_rate_per_1k,6.6371681415929205
Crittenden Middle,school,2022,staff_per_1k_students,7.743362831858407
Denbigh High,school,2022,pct_disadv,64.73988439306359
Denbigh High,school,2022,bully_rate_per_1k,2.477291494632535
Denbigh High,school,2022,staff_per_1k_students,11.973575557390587
Ella J. Fitzgerald Middle,school,2022,pct_disadv,56.14349775784754
Ella J. Fitzgerald Middle,school,2022,bully_rate_per_1k,5.381165919282512
Ella J. Fitzgerald Middle,school,2022,staff_per_1k_students,4.484304932735426
Ethel M. Gildersleeve Middle,school,2022,pct_disadv,48.291782086795934
Ethel M. Gildersleeve Middle,school,2022,bully_rate_per_1k,2.770083102493075
Ethel M. Gildersleeve Middle,school,2022,staff_per_1k_students,5.54016620498615
Heritage High — Newport News City,school,2022,pct_disadv,71.34302822925578
Heritage High — Newport News City,school,2022,bully_rate_per_1k,0.8554319931565441
Heritage High — Newport News City,school,2022,staff_per_1k_students,11.120615911035072
Homer L. Hines Middle,school,2022,pct_disadv,63.65546218487395
Homer L. Hines Middle,school,2022,bully_rate_per_1k,0
Homer L. Hines Middle,school,2022,staff_per_1k_students,5.2521008403361344
Huntington Middle,school,2022,pct_disadv,85.1063829787234
Huntington Middle,school,2022,bully_rate_per_1k,17.73049645390071
Huntington Middle,school,2022,staff_per_1k_students,3.5460992907801416
Mary Passage Middle,school,2022,pct_disadv,57.85207700101317
Mary Passage Middle,school,2022,bully_rate_per_1k,7.092198581560283
Mary Passage Middle,school,2022,staff_per_1k_students,7.092198581560283
Menchville High,school,2022,pct_disadv,42.29659549913445
Menchville High,school,2022,bully_rate_per_1k,0
Menchville High,school,2022,staff_per_1k_students,6.924408540103866
Warwick High,school,2022,pct_disadv,54.590264941466415
Warwick High,school,2022,bully_rate_per_1k,0.6161429451632779
Warwick High,school,2022,staff_per_1k_students,7.393715341959335
Woodside High,school,2022,pct_disadv,46.1847389558233
Woodside High,school,2022,bully_rate_per_1k,7.458405048766495
Woodside High,school,2022,staff_per_1k_students,8.032128514056224
Academy for Discovery at Lakewood,school,2022,pct_disadv,25.591098748261476
Academy for Discovery at Lakewood,school,2022,bully_rate_per_1k,5.563282336578581
Academy for Discovery at Lakewood,school,2022,staff_per_1k_students,4.172461752433936
Azalea Gardens Middle,school,2022,pct_disadv,58.06451612903226
Azalea Gardens Middle,school,2022,bully_rate_per_1k,5.760368663594471
Azalea Gardens Middle,school,2022,staff_per_1k_students,8.064516129032258
Blair Middle,school,2022,pct_disadv,58.9975349219392
Blair Middle,school,2022,bully_rate_per_1k,3.286770747740345
Blair Middle,school,2022,staff_per_1k_students,6.57354149548069
Booker T Washington High,school,2022,pct_disadv,74.13087934560328
Booker T Washington High,school,2022,bully_rate_per_1k,2.044989775051125
Booker T Washington High,school,2022,staff_per_1k_students,11.247443762781186
Granby High,school,2022,pct_disadv,55.44820182501342
Granby High,school,2022,bully_rate_per_1k,4.294149221685454
Granby High,school,2022,staff_per_1k_students,7.514761137949544
Lake Taylor High,school,2022,pct_disadv,67.78656126482213
Lake Taylor High,school,2022,bully_rate_per_1k,1.976284584980237
Lake Taylor High,school,2022,staff_per_1k_students,9.881422924901186
Matthew Fontaine Maury High,school,2022,pct_disadv,45.53296364756624
Matthew Fontaine Maury High,school,2022,bully_rate_per_1k,0
Matthew Fontaine Maury High,school,2022,staff_per_1k_students,6.777572396796057
Northside Middle — Norfolk City,school,2022,pct_disadv,61.753494282083864
Northside Middle — Norfolk City,school,2022,bully_rate_per_1k,3.8119440914866582
Northside Middle — Norfolk City,school,2022,staff_per_1k_students,6.353240152477763
Norview High,school,2022,pct_disadv,55.63790365272631
Norview High,school,2022,bully_rate_per_1k,0
Norview High,school,2022,staff_per_1k_students,6.881948120698782
Norview Middle,school,2022,pct_disadv,69.765625
Norview Middle,school,2022,bully_rate_per_1k,7.8125
Norview Middle,school,2022,staff_per_1k_students,6.25
Ruffner School,school,2022,pct_disadv,87.78625954198473
Ruffner School,school,2022,bully_rate_per_1k,7.633587786259541
Ruffner School,school,2022,staff_per_1k_students,13.358778625954198
Northampton High,school,2022,pct_disadv,80.04694835680752
Northampton High,school,2022,bully_rate_per_1k,0
Northampton High,school,2022,staff_per_1k_students,7.042253521126761
Northampton Middle,school,2022,pct_disadv,85.05154639175258
Northampton Middle,school,2022,bully_rate_per_1k,20.61855670103093
Northampton Middle,school,2022,staff_per_1k_students,0
Northumberland High,school,2022,pct_disadv,46.81440443213297
Northumberland High,school,2022,bully_rate_per_1k,2.770083102493075
Northumberland High,school,2022,staff_per_1k_students,5.54016620498615
Northumberland Middle,school,2022,pct_disadv,55.75539568345324
Northumberland Middle,school,2022,bully_rate_per_1k,10.79136690647482
Northumberland Middle,school,2022,staff_per_1k_students,0
J.I. Burton High,school,2022,pct_disadv,54.79876160990712
J.I. Burton High,school,2022,bully_rate_per_1k,0
J.I. Burton High,school,2022,staff_per_1k_students,3.405572755417957
Nottoway High,school,2022,pct_disadv,57.09219858156028
Nottoway High,school,2022,bully_rate_per_1k,3.5460992907801416
Nottoway High,school,2022,staff_per_1k_students,7.092198581560283
Nottoway Intermediate,school,2022,pct_disadv,65.82278481012658
Nottoway Intermediate,school,2022,bully_rate_per_1k,4.219409282700422
Nottoway Intermediate,school,2022,staff_per_1k_students,4.219409282700422
Nottoway Middle,school,2022,pct_disadv,64.85507246376811
Nottoway Middle,school,2022,bully_rate_per_1k,39.85507246376811
Nottoway Middle,school,2022,staff_per_1k_students,0
Locust Grove Middle,school,2022,pct_disadv,40.08941877794337
Locust Grove Middle,school,2022,bully_rate_per_1k,5.961251862891207
Locust Grove Middle,school,2022,staff_per_1k_students,2.9806259314456036
Orange County High,school,2022,pct_disadv,43.82391590013141
Orange County High,school,2022,bully_rate_per_1k,0
Orange County High,school,2022,staff_per_1k_students,2.628120893561104
Prospect Heights Middle,school,2022,pct_disadv,57.14285714285714
Prospect Heights Middle,school,2022,bully_rate_per_1k,2.100840336134454
Prospect Heights Middle,school,2022,staff_per_1k_students,4.201680672268908
Luray High,school,2022,pct_disadv,43.141153081510936
Luray High,school,2022,bully_rate_per_1k,1.9880715705765408
Luray High,school,2022,staff_per_1k_students,5.964214711729622
Luray Middle,school,2022,pct_disadv,47.53623188405797
Luray Middle,school,2022,bully_rate_per_1k,31.884057971014492
Luray Middle,school,2022,staff_per_1k_students,4.3478260869565215
Page County High,school,2022,pct_disadv,43.29710144927536
Page County High,school,2022,bully_rate_per_1k,3.6231884057971016
Page County High,school,2022,staff_per_1k_students,5.434782608695652
Page County Middle,school,2022,pct_disadv,46.27659574468085
Page County Middle,school,2022,bully_rate_per_1k,13.297872340425531
Page County Middle,school,2022,staff_per_1k_students,2.6595744680851063
Hardin Reynolds Memorial School,school,2022,pct_disadv,59.44700460829493
Hardin Reynolds Memorial School,school,2022,bully_rate_per_1k,0
Hardin Reynolds Memorial School,school,2022,staff_per_1k_students,NA
Patrick County High,school,2022,pct_disadv,47.40484429065744
Patrick County High,school,2022,bully_rate_per_1k,0
Patrick County High,school,2022,staff_per_1k_students,2.306805074971165
Petersburg High,school,2022,pct_disadv,78.28627069133398
Petersburg High,school,2022,bully_rate_per_1k,0
Petersburg High,school,2022,staff_per_1k_students,3.894839337877313
Vernon Johns Middle,school,2022,pct_disadv,79.49836423118866
Vernon Johns Middle,school,2022,bully_rate_per_1k,9.814612868047982
Vernon Johns Middle,school,2022,staff_per_1k_students,3.271537622682661
Chatham High,school,2022,pct_disadv,42.857142857142854
Chatham High,school,2022,bully_rate_per_1k,1.6233766233766236
Chatham High,school,2022,staff_per_1k_students,4.87012987012987
Chatham Middle,school,2022,pct_disadv,52.5974025974026
Chatham Middle,school,2022,bully_rate_per_1k,2.1645021645021645
Chatham Middle,school,2022,staff_per_1k_students,4.329004329004329
Dan River High,school,2022,pct_disadv,49.36305732484077
Dan River High,school,2022,bully_rate_per_1k,1.5923566878980893
Dan River High,school,2022,staff_per_1k_students,4.777070063694267
Dan River Middle,school,2022,pct_disadv,51.80180180180181
Dan River Middle,school,2022,bully_rate_per_1k,6.756756756756757
Dan River Middle,school,2022,staff_per_1k_students,4.504504504504505
Gretna High,school,2022,pct_disadv,55.23465703971119
Gretna High,school,2022,bully_rate_per_1k,12.63537906137184
Gretna High,school,2022,staff_per_1k_students,5.415162454873646
Gretna Middle,school,2022,pct_disadv,59.11330049261084
Gretna Middle,school,2022,bully_rate_per_1k,2.4630541871921183
Gretna Middle,school,2022,staff_per_1k_students,4.926108374384237
Tunstall High,school,2022,pct_disadv,41.43712574850299
Tunstall High,school,2022,bully_rate_per_1k,2.395209580838323
Tunstall High,school,2022,staff_per_1k_students,3.592814371257485
Tunstall Middle,school,2022,pct_disadv,48.34205933682373
Tunstall Middle,school,2022,bully_rate_per_1k,0
Tunstall Middle,school,2022,staff_per_1k_students,3.4904013961605584
Poquoson High,school,2022,pct_disadv,18.741058655221742
Poquoson High,school,2022,bully_rate_per_1k,0
Poquoson High,school,2022,staff_per_1k_students,4.291845493562231
Poquoson Middle,school,2022,pct_disadv,20.127118644067796
Poquoson Middle,school,2022,bully_rate_per_1k,0
Poquoson Middle,school,2022,staff_per_1k_students,4.237288135593221
Churchland High,school,2022,pct_disadv,38.759689922480625
Churchland High,school,2022,bully_rate_per_1k,0.7047216349541932
Churchland High,school,2022,staff_per_1k_students,4.933051444679352
Churchland Middle,school,2022,pct_disadv,49.202733485193626
Churchland Middle,school,2022,bully_rate_per_1k,7.972665148063782
Churchland Middle,school,2022,staff_per_1k_students,4.555808656036446
Cradock Middle,school,2022,pct_disadv,63.93129770992366
Cradock Middle,school,2022,bully_rate_per_1k,11.450381679389311
Cradock Middle,school,2022,staff_per_1k_students,5.7251908396946565
I.C. Norcom High,school,2022,pct_disadv,64.34463794683776
I.C. Norcom High,school,2022,bully_rate_per_1k,2.749770852428964
I.C. Norcom High,school,2022,staff_per_1k_students,5.499541704857928
Manor High,school,2022,pct_disadv,54.36507936507936
Manor High,school,2022,bully_rate_per_1k,0
Manor High,school,2022,staff_per_1k_students,5.555555555555555
William E. Waters Middle,school,2022,pct_disadv,55.614035087719294
William E. Waters Middle,school,2022,bully_rate_per_1k,14.035087719298248
William E. Waters Middle,school,2022,staff_per_1k_students,5.263157894736842
Powhatan High,school,2022,pct_disadv,18.788713007570543
Powhatan High,school,2022,bully_rate_per_1k,0
Powhatan High,school,2022,staff_per_1k_students,3.4411562284927735
Powhatan Middle,school,2022,pct_disadv,19.02834008097166
Powhatan Middle,school,2022,bully_rate_per_1k,2.0242914979757085
Powhatan Middle,school,2022,staff_per_1k_students,3.0364372469635628
Prince Edward County High,school,2022,pct_disadv,51.03448275862069
Prince Edward County High,school,2022,bully_rate_per_1k,0
Prince Edward County High,school,2022,staff_per_1k_students,3.4482758620689653
Prince Edward Middle,school,2022,pct_disadv,58.92857142857143
Prince Edward Middle,school,2022,bully_rate_per_1k,0
Prince Edward Middle,school,2022,staff_per_1k_students,NA
J.E.J. Moore Middle,school,2022,pct_disadv,50.67137809187279
J.E.J. Moore Middle,school,2022,bully_rate_per_1k,0
J.E.J. Moore Middle,school,2022,staff_per_1k_students,2.1201413427561837
Prince George High,school,2022,pct_disadv,42.329227323628224
Prince George High,school,2022,bully_rate_per_1k,0
Prince George High,school,2022,staff_per_1k_students,2.799552071668533
Battlefield High,school,2022,pct_disadv,11.636079656384226
Battlefield High,school,2022,bully_rate_per_1k,0.39047247169074584
Battlefield High,school,2022,staff_per_1k_students,3.1237797735259667
Brentsville District High,school,2022,pct_disadv,16.578108395324122
Brentsville District High,school,2022,bully_rate_per_1k,2.1253985122210413
Brentsville District High,school,2022,staff_per_1k_students,3.188097768331562
Bull Run Middle,school,2022,pct_disadv,37.00361010830325
Bull Run Middle,school,2022,bully_rate_per_1k,3.6101083032490977
Bull Run Middle,school,2022,staff_per_1k_students,3.6101083032490977
C.D. Hylton High,school,2022,pct_disadv,47.40134744947064
C.D. Hylton High,school,2022,bully_rate_per_1k,0.4812319538017325
C.D. Hylton High,school,2022,staff_per_1k_students,3.849855630413859
Charles J. Colgan Sr. High,school,2022,pct_disadv,20.871080139372825
Charles J. Colgan Sr. High,school,2022,bully_rate_per_1k,0.6968641114982579
Charles J. Colgan Sr. High,school,2022,staff_per_1k_students,3.484320557491289
E.H. Marsteller Middle,school,2022,pct_disadv,20.31640299750208
E.H. Marsteller Middle,school,2022,bully_rate_per_1k,0.8326394671107411
E.H. Marsteller Middle,school,2022,staff_per_1k_students,4.163197335553705
Forest Park High,school,2022,pct_disadv,35.22530329289428
Forest Park High,school,2022,bully_rate_per_1k,0.8665511265164644
Forest Park High,school,2022,staff_per_1k_students,3.032928942807626
Fred M. Lynn Middle,school,2022,pct_disadv,76.29046369203849
Fred M. Lynn Middle,school,2022,bully_rate_per_1k,5.2493438320209975
Fred M. Lynn Middle,school,2022,staff_per_1k_students,3.499562554680665
Freedom High — Prince William County,school,2022,pct_disadv,72.77701778385773
Freedom High — Prince William County,school,2022,bully_rate_per_1k,0.45599635202918376
Freedom High — Prince William County,school,2022,staff_per_1k_students,3.191974464204286
Gainesville High,school,2022,pct_disadv,23.326133909287257
Gainesville High,school,2022,bully_rate_per_1k,0
Gainesville High,school,2022,staff_per_1k_students,3.599712023038157
Gainesville Middle,school,2022,pct_disadv,20.916905444126073
Gainesville Middle,school,2022,bully_rate_per_1k,0.7163323782234957
Gainesville Middle,school,2022,staff_per_1k_students,2.865329512893983
Gar-Field High,school,2022,pct_disadv,70.39395145244728
Gar-Field High,school,2022,bully_rate_per_1k,0.7958615200955034
Gar-Field High,school,2022,staff_per_1k_students,3.1834460803820135
George M. Hampton Middle,school,2022,pct_disadv,75.48806941431671
George M. Hampton Middle,school,2022,bully_rate_per_1k,14.099783080260304
George M. Hampton Middle,school,2022,staff_per_1k_students,2.1691973969631237
Graham Park Middle,school,2022,pct_disadv,64.64088397790056
Graham Park Middle,school,2022,bully_rate_per_1k,2.7624309392265194
Graham Park Middle,school,2022,staff_per_1k_students,4.143646408839778
Herbert J. Saunders Middle,school,2022,pct_disadv,37.24832214765101
Herbert J. Saunders Middle,school,2022,bully_rate_per_1k,5.87248322147651
Herbert J. Saunders Middle,school,2022,staff_per_1k_students,4.194630872483222
Lake Ridge Middle,school,2022,pct_disadv,38.13202247191011
Lake Ridge Middle,school,2022,bully_rate_per_1k,2.106741573033708
Lake Ridge Middle,school,2022,staff_per_1k_students,3.5112359550561796
Louise A. Benton Middle,school,2022,pct_disadv,19.82758620689655
Louise A. Benton Middle,school,2022,bully_rate_per_1k,5.028735632183908
Louise A. Benton Middle,school,2022,staff_per_1k_students,3.5919540229885056
Osbourn Park High,school,2022,pct_disadv,43.126586869786
Osbourn Park High,school,2022,bully_rate_per_1k,0.3627130939426913
Osbourn Park High,school,2022,staff_per_1k_students,2.9017047515415304
Parkside Middle,school,2022,pct_disadv,57.16244002741604
Parkside Middle,school,2022,bully_rate_per_1k,1.3708019191226868
Parkside Middle,school,2022,staff_per_1k_students,4.112405757368061
Patriot High,school,2022,pct_disadv,17.6545842217484
Patriot High,school,2022,bully_rate_per_1k,0
Patriot High,school,2022,staff_per_1k_students,2.985074626865672
Potomac High,school,2022,pct_disadv,55.938123752495
Potomac High,school,2022,bully_rate_per_1k,0.998003992015968
Potomac High,school,2022,staff_per_1k_students,2.4950099800399204
Potomac Middle,school,2022,pct_disadv,62.38938053097345
Potomac Middle,school,2022,bully_rate_per_1k,3.31858407079646
Potomac Middle,school,2022,staff_per_1k_students,5.530973451327434
Potomac Shores Middle,school,2022,pct_disadv,46.70380687093779
Potomac Shores Middle,school,2022,bully_rate_per_1k,0.9285051067780872
Potomac Shores Middle,school,2022,staff_per_1k_students,3.714020427112349
Rippon Middle,school,2022,pct_disadv,64.4648829431438
Rippon Middle,school,2022,bully_rate_per_1k,2.508361204013378
Rippon Middle,school,2022,staff_per_1k_students,4.180602006688963
Ronald Wilson Reagan Middle,school,2022,pct_disadv,15.223665223665222
Ronald Wilson Reagan Middle,school,2022,bully_rate_per_1k,2.886002886002886
Ronald Wilson Reagan Middle,school,2022,staff_per_1k_students,3.6075036075036073
Stuart M. Beville Middle,school,2022,pct_disadv,66.96997270245679
Stuart M. Beville Middle,school,2022,bully_rate_per_1k,4.549590536851683
Stuart M. Beville Middle,school,2022,staff_per_1k_students,3.639672429481347
Unity Braxton Middle,school,2022,pct_disadv,73.93278837420527
Unity Braxton Middle,school,2022,bully_rate_per_1k,2.7247956403269753
Unity Braxton Middle,school,2022,staff_per_1k_students,4.087193460490463
Unity Reed High,school,2022,pct_disadv,68.8544639217285
Unity Reed High,school,2022,bully_rate_per_1k,0
Unity Reed High,school,2022,staff_per_1k_students,3.261312678353037
Woodbridge High,school,2022,pct_disadv,48.44851904090268
Woodbridge High,school,2022,bully_rate_per_1k,0.3526093088857546
Woodbridge High,school,2022,staff_per_1k_students,2.4682651622002822
Woodbridge Middle,school,2022,pct_disadv,54.25531914893617
Woodbridge Middle,school,2022,bully_rate_per_1k,0
Woodbridge Middle,school,2022,staff_per_1k_students,3.8684719535783367
Pulaski County Middle,school,2022,pct_disadv,50.495049504950494
Pulaski County Middle,school,2022,bully_rate_per_1k,5.500550055005501
Pulaski County Middle,school,2022,staff_per_1k_students,2.2002200220022
Pulaski County Senior High,school,2022,pct_disadv,42.868785656071715
Pulaski County Senior High,school,2022,bully_rate_per_1k,0.8149959250203749
Pulaski County Senior High,school,2022,staff_per_1k_students,7.334963325183374
John N. Dalton Intermediate,school,2022,pct_disadv,25.14395393474088
John N. Dalton Intermediate,school,2022,bully_rate_per_1k,19.193857965451055
John N. Dalton Intermediate,school,2022,staff_per_1k_students,2.495201535508637
Radford High,school,2022,pct_disadv,24.728588661037396
Radford High,school,2022,bully_rate_per_1k,4.82509047044632
Radford High,school,2022,staff_per_1k_students,5.572979493365501
Rappahannock County High,school,2022,pct_disadv,37.62376237623762
Rappahannock County High,school,2022,bully_rate_per_1k,0
Rappahannock County High,school,2022,staff_per_1k_students,3.3003300330033003
Albert Hill Middle,school,2022,pct_disadv,52.11581291759465
Albert Hill Middle,school,2022,bully_rate_per_1k,22.271714922048996
Albert Hill Middle,school,2022,staff_per_1k_students,8.908685968819599
Armstrong High,school,2022,pct_disadv,78.6082474226804
Armstrong High,school,2022,bully_rate_per_1k,7.731958762886598
Armstrong High,school,2022,staff_per_1k_students,9.02061855670103
Dogwood Middle,school,2022,pct_disadv,48.05825242718447
Dogwood Middle,school,2022,bully_rate_per_1k,2.4271844660194173
Dogwood Middle,school,2022,staff_per_1k_students,9.70873786407767
Franklin Military Academy,school,2022,pct_disadv,56.15141955835961
Franklin Military Academy,school,2022,bully_rate_per_1k,0
Franklin Military Academy,school,2022,staff_per_1k_students,3.1545741324921135
Richmond High School for the Arts,school,2022,pct_disadv,44.37596302003082
Richmond High School for the Arts,school,2022,bully_rate_per_1k,4.622496147919877
Richmond High School for the Arts,school,2022,staff_per_1k_students,9.244992295839754
Thomas H. Henderson Middle,school,2022,pct_disadv,76.5661252900232
Thomas H. Henderson Middle,school,2022,bully_rate_per_1k,37.12296983758701
Thomas H. Henderson Middle,school,2022,staff_per_1k_students,13.921113689095128
Huguenot High,school,2022,pct_disadv,50.41075429424944
Huguenot High,school,2022,bully_rate_per_1k,2.2404779686333085
Huguenot High,school,2022,staff_per_1k_students,6.721433905899925
John Marshall High,school,2022,pct_disadv,68.45018450184503
John Marshall High,school,2022,bully_rate_per_1k,1.8450184501845015
John Marshall High,school,2022,staff_per_1k_students,9.22509225092251
Lucille M. Brown Middle,school,2022,pct_disadv,60.78767123287672
Lucille M. Brown Middle,school,2022,bully_rate_per_1k,1.7123287671232876
Lucille M. Brown Middle,school,2022,staff_per_1k_students,8.561643835616438
Martin Luther King Jr. Middle,school,2022,pct_disadv,85.60311284046692
Martin Luther King Jr. Middle,school,2022,bully_rate_per_1k,7.782101167315175
Martin Luther King Jr. Middle,school,2022,staff_per_1k_students,13.618677042801556
Open High,school,2022,pct_disadv,28.723404255319153
Open High,school,2022,bully_rate_per_1k,0
Open High,school,2022,staff_per_1k_students,5.319148936170213
Richmond Success Academy,school,2022,pct_disadv,82.3943661971831
Richmond Success Academy,school,2022,bully_rate_per_1k,0
Richmond Success Academy,school,2022,staff_per_1k_students,7.042253521126761
Richmond Career Education and Employment Charter School,school,2022,pct_disadv,50
Richmond Career Education and Employment Charter School,school,2022,bully_rate_per_1k,0
Richmond Career Education and Employment Charter School,school,2022,staff_per_1k_students,NA
Richmond Community High,school,2022,pct_disadv,26.540284360189577
Richmond Community High,school,2022,bully_rate_per_1k,0
Richmond Community High,school,2022,staff_per_1k_students,4.739336492890995
River City Middle,school,2022,pct_disadv,59.20792079207921
River City Middle,school,2022,bully_rate_per_1k,27.06270627062706
River City Middle,school,2022,staff_per_1k_students,8.58085808580858
Thomas C. Boushall Middle,school,2022,pct_disadv,69.01098901098901
Thomas C. Boushall Middle,school,2022,bully_rate_per_1k,6.593406593406593
Thomas C. Boushall Middle,school,2022,staff_per_1k_students,15.384615384615383
Thomas Jefferson High,school,2022,pct_disadv,52.20264317180616
Thomas Jefferson High,school,2022,bully_rate_per_1k,3.303964757709251
Thomas Jefferson High,school,2022,staff_per_1k_students,6.607929515418502
Rappahannock High,school,2022,pct_disadv,46.21072088724584
Rappahannock High,school,2022,bully_rate_per_1k,0
Rappahannock High,school,2022,staff_per_1k_students,2.7726432532347505
Addison Aerospace Magnet Middle,school,2022,pct_disadv,73.16239316239316
Addison Aerospace Magnet Middle,school,2022,bully_rate_per_1k,13.675213675213676
Addison Aerospace Magnet Middle,school,2022,staff_per_1k_students,5.128205128205129
Breckinridge Middle,school,2022,pct_disadv,60.778443113772454
Breckinridge Middle,school,2022,bully_rate_per_1k,0
Breckinridge Middle,school,2022,staff_per_1k_students,4.491017964071856
James Madison Middle,school,2022,pct_disadv,53.07167235494881
James Madison Middle,school,2022,bully_rate_per_1k,3.4129692832764507
James Madison Middle,school,2022,staff_per_1k_students,3.4129692832764507
John P. Fishwick Middle,school,2022,pct_disadv,62.47464503042597
John P. Fishwick Middle,school,2022,bully_rate_per_1k,0
John P. Fishwick Middle,school,2022,staff_per_1k_students,4.056795131845842
Patrick Henry High — Roanoke City,school,2022,pct_disadv,52.28052967140755
Patrick Henry High — Roanoke City,school,2022,bully_rate_per_1k,1.4713094654242276
Patrick Henry High — Roanoke City,school,2022,staff_per_1k_students,5.394801373222168
William Fleming High,school,2022,pct_disadv,57.65864332603938
William Fleming High,school,2022,bully_rate_per_1k,0
William Fleming High,school,2022,staff_per_1k_students,5.470459518599562
Woodrow Wilson Middle,school,2022,pct_disadv,54.377880184331794
Woodrow Wilson Middle,school,2022,bully_rate_per_1k,9.216589861751151
Woodrow Wilson Middle,school,2022,staff_per_1k_students,3.0721966205837172
Cave Spring High,school,2022,pct_disadv,16.40625
Cave Spring High,school,2022,bully_rate_per_1k,3.90625
Cave Spring High,school,2022,staff_per_1k_students,6.8359375
Cave Spring Middle,school,2022,pct_disadv,24.903225806451612
Cave Spring Middle,school,2022,bully_rate_per_1k,0
Cave Spring Middle,school,2022,staff_per_1k_students,7.741935483870968
Glenvar High,school,2022,pct_disadv,27.929373996789725
Glenvar High,school,2022,bully_rate_per_1k,0
Glenvar High,school,2022,staff_per_1k_students,8.025682182985554
Glenvar Middle,school,2022,pct_disadv,29.318181818181817
Glenvar Middle,school,2022,bully_rate_per_1k,2.2727272727272725
Glenvar Middle,school,2022,staff_per_1k_students,13.636363636363637
Hidden Valley High,school,2022,pct_disadv,19.12302070645554
Hidden Valley High,school,2022,bully_rate_per_1k,0
Hidden Valley High,school,2022,staff_per_1k_students,9.7442143727162
Hidden Valley Middle,school,2022,pct_disadv,21.18491921005386
Hidden Valley Middle,school,2022,bully_rate_per_1k,7.1813285457809695
Hidden Valley Middle,school,2022,staff_per_1k_students,8.976660682226212
Northside High,school,2022,pct_disadv,38.0065717415115
Northside High,school,2022,bully_rate_per_1k,1.095290251916758
Northside High,school,2022,staff_per_1k_students,7.667031763417305
Northside Middle — Roanoke County,school,2022,pct_disadv,44.1400304414003
Northside Middle — Roanoke County,school,2022,bully_rate_per_1k,1.5220700152207
Northside Middle — Roanoke County,school,2022,staff_per_1k_students,7.610350076103501
William Byrd High,school,2022,pct_disadv,34.869015356820235
William Byrd High,school,2022,bully_rate_per_1k,2.710027100271003
William Byrd High,school,2022,staff_per_1k_students,7.226738934056007
William Byrd Middle,school,2022,pct_disadv,35.294117647058826
William Byrd Middle,school,2022,bully_rate_per_1k,13.84083044982699
William Byrd Middle,school,2022,staff_per_1k_students,6.920415224913495
Maury River Middle,school,2022,pct_disadv,55.51663747810858
Maury River Middle,school,2022,bully_rate_per_1k,1.7513134851138354
Maury River Middle,school,2022,staff_per_1k_students,5.253940455341506
Rockbridge County High,school,2022,pct_disadv,42.829643888354184
Rockbridge County High,school,2022,bully_rate_per_1k,2.8873917228103942
Rockbridge County High,school,2022,staff_per_1k_students,1.9249278152069296
Broadway High,school,2022,pct_disadv,43.97089397089397
Broadway High,school,2022,bully_rate_per_1k,2.079002079002079
Broadway High,school,2022,staff_per_1k_students,3.118503118503119
East Rockingham High,school,2022,pct_disadv,44.021024967148485
East Rockingham High,school,2022,bully_rate_per_1k,1.314060446780552
East Rockingham High,school,2022,staff_per_1k_students,3.2851511169513796
Elkton Middle,school,2022,pct_disadv,47.89207419898819
Elkton Middle,school,2022,bully_rate_per_1k,6.745362563237774
Elkton Middle,school,2022,staff_per_1k_students,3.372681281618887
J. Frank Hillyard Middle,school,2022,pct_disadv,49.06832298136646
J. Frank Hillyard Middle,school,2022,bully_rate_per_1k,20.18633540372671
J. Frank Hillyard Middle,school,2022,staff_per_1k_students,3.105590062111801
Montevideo Middle,school,2022,pct_disadv,42.99674267100978
Montevideo Middle,school,2022,bully_rate_per_1k,3.257328990228013
Montevideo Middle,school,2022,staff_per_1k_students,3.257328990228013
Spotswood High,school,2022,pct_disadv,38.655462184873954
Spotswood High,school,2022,bully_rate_per_1k,3.1512605042016806
Spotswood High,school,2022,staff_per_1k_students,3.1512605042016806
Turner Ashby High,school,2022,pct_disadv,37.303149606299215
Turner Ashby High,school,2022,bully_rate_per_1k,0
Turner Ashby High,school,2022,staff_per_1k_students,1.968503937007874
Wilbur S. Pence Middle,school,2022,pct_disadv,41.39402560455192
Wilbur S. Pence Middle,school,2022,bully_rate_per_1k,1.4224751066856332
Wilbur S. Pence Middle,school,2022,staff_per_1k_students,2.8449502133712663
Castlewood High,school,2022,pct_disadv,64.0625
Castlewood High,school,2022,bully_rate_per_1k,0
Castlewood High,school,2022,staff_per_1k_students,NA
Honaker High,school,2022,pct_disadv,58.35140997830802
Honaker High,school,2022,bully_rate_per_1k,0
Honaker High,school,2022,staff_per_1k_students,4.3383947939262475
Lebanon High,school,2022,pct_disadv,59.04436860068259
Lebanon High,school,2022,bully_rate_per_1k,3.4129692832764507
Lebanon High,school,2022,staff_per_1k_students,3.4129692832764507
Lebanon Middle,school,2022,pct_disadv,53.26797385620915
Lebanon Middle,school,2022,bully_rate_per_1k,0
Lebanon Middle,school,2022,staff_per_1k_students,3.2679738562091503
Andrew Lewis Middle,school,2022,pct_disadv,42.728297632469
Andrew Lewis Middle,school,2022,bully_rate_per_1k,0
Andrew Lewis Middle,school,2022,staff_per_1k_students,3.3821871476888385
Salem High — Salem City,school,2022,pct_disadv,35.14811849479584
Salem High — Salem City,school,2022,bully_rate_per_1k,0
Salem High — Salem City,school,2022,staff_per_1k_students,3.2025620496397114
Gate City High,school,2022,pct_disadv,100
Gate City High,school,2022,bully_rate_per_1k,0
Gate City High,school,2022,staff_per_1k_students,3.095975232198142
Gate City Middle,school,2022,pct_disadv,100
Gate City Middle,school,2022,bully_rate_per_1k,0
Gate City Middle,school,2022,staff_per_1k_students,9.11854103343465
Rye Cove High,school,2022,pct_disadv,100
Rye Cove High,school,2022,bully_rate_per_1k,11.811023622047244
Rye Cove High,school,2022,staff_per_1k_students,3.937007874015748
Rye Cove Intermediate,school,2022,pct_disadv,100
Rye Cove Intermediate,school,2022,bully_rate_per_1k,0
Rye Cove Intermediate,school,2022,staff_per_1k_students,2.6595744680851063
Twin Springs High,school,2022,pct_disadv,100
Twin Springs High,school,2022,bully_rate_per_1k,0
Twin Springs High,school,2022,staff_per_1k_students,4.081632653061225
Central High — Shenandoah County,school,2022,pct_disadv,44.07894736842105
Central High — Shenandoah County,school,2022,bully_rate_per_1k,0
Central High — Shenandoah County,school,2022,staff_per_1k_students,6.578947368421052
Stonewall Jackson High,school,2022,pct_disadv,43.166666666666664
Stonewall Jackson High,school,2022,bully_rate_per_1k,5
Stonewall Jackson High,school,2022,staff_per_1k_students,9.166666666666666
North Fork Middle,school,2022,pct_disadv,53.42857142857142
North Fork Middle,school,2022,bully_rate_per_1k,14.285714285714285
North Fork Middle,school,2022,staff_per_1k_students,5.714285714285714
Peter Muhlenberg Middle,school,2022,pct_disadv,53.50194552529183
Peter Muhlenberg Middle,school,2022,bully_rate_per_1k,0
Peter Muhlenberg Middle,school,2022,staff_per_1k_students,6.809338521400778
Signal Knob Middle,school,2022,pct_disadv,42.391304347826086
Signal Knob Middle,school,2022,bully_rate_per_1k,2.1739130434782608
Signal Knob Middle,school,2022,staff_per_1k_students,4.3478260869565215
Strasburg High,school,2022,pct_disadv,36.36363636363637
Strasburg High,school,2022,bully_rate_per_1k,1.7482517482517483
Strasburg High,school,2022,staff_per_1k_students,4.370629370629371
Chilhowie High,school,2022,pct_disadv,41.33016627078385
Chilhowie High,school,2022,bully_rate_per_1k,7.125890736342043
Chilhowie High,school,2022,staff_per_1k_students,2.375296912114014
Chilhowie Middle,school,2022,pct_disadv,45.32871972318339
Chilhowie Middle,school,2022,bully_rate_per_1k,3.4602076124567476
Chilhowie Middle,school,2022,staff_per_1k_students,4.1522491349480966
Marion Middle,school,2022,pct_disadv,62.44444444444445
Marion Middle,school,2022,bully_rate_per_1k,2.2222222222222223
Marion Middle,school,2022,staff_per_1k_students,3.1111111111111107
Marion Senior High,school,2022,pct_disadv,51.08695652173913
Marion Senior High,school,2022,bully_rate_per_1k,0
Marion Senior High,school,2022,staff_per_1k_students,3.105590062111801
Northwood High,school,2022,pct_disadv,53.30578512396694
Northwood High,school,2022,bully_rate_per_1k,0
Northwood High,school,2022,staff_per_1k_students,4.132231404958678
Northwood Middle,school,2022,pct_disadv,53.04878048780488
Northwood Middle,school,2022,bully_rate_per_1k,12.195121951219512
Northwood Middle,school,2022,staff_per_1k_students,4.878048780487805
Southampton High,school,2022,pct_disadv,37.11615487316422
Southampton High,school,2022,bully_rate_per_1k,1.335113484646195
Southampton High,school,2022,staff_per_1k_students,2.67022696929239
Southampton Middle,school,2022,pct_disadv,45.51083591331269
Southampton Middle,school,2022,bully_rate_per_1k,1.547987616099071
Southampton Middle,school,2022,staff_per_1k_students,3.095975232198142
Battlefield Middle,school,2022,pct_disadv,53.2608695652174
Battlefield Middle,school,2022,bully_rate_per_1k,9.66183574879227
Battlefield Middle,school,2022,staff_per_1k_students,NA
Chancellor High,school,2022,pct_disadv,47.95991410164638
Chancellor High,school,2022,bully_rate_per_1k,1.4316392269148177
Chancellor High,school,2022,staff_per_1k_students,NA
Chancellor Middle,school,2022,pct_disadv,49.883449883449885
Chancellor Middle,school,2022,bully_rate_per_1k,6.993006993006993
Chancellor Middle,school,2022,staff_per_1k_students,NA
Courtland High,school,2022,pct_disadv,34.774193548387096
Courtland High,school,2022,bully_rate_per_1k,0.6451612903225806
Courtland High,school,2022,staff_per_1k_students,NA
Freedom Middle,school,2022,pct_disadv,43.20827943078913
Freedom Middle,school,2022,bully_rate_per_1k,5.17464424320828
Freedom Middle,school,2022,staff_per_1k_students,NA
Massaponax High,school,2022,pct_disadv,40.08191925102399
Massaponax High,school,2022,bully_rate_per_1k,1.7554125219426564
Massaponax High,school,2022,staff_per_1k_students,NA
Ni River Middle,school,2022,pct_disadv,30.08356545961003
Ni River Middle,school,2022,bully_rate_per_1k,1.392757660167131
Ni River Middle,school,2022,staff_per_1k_students,NA
Post Oak Middle,school,2022,pct_disadv,48.06312769010043
Post Oak Middle,school,2022,bully_rate_per_1k,0
Post Oak Middle,school,2022,staff_per_1k_students,NA
Riverbend High,school,2022,pct_disadv,29.240374609781476
Riverbend High,school,2022,bully_rate_per_1k,1.040582726326743
Riverbend High,school,2022,staff_per_1k_students,NA
Spotsylvania High,school,2022,pct_disadv,44.376434583014536
Spotsylvania High,school,2022,bully_rate_per_1k,0
Spotsylvania High,school,2022,staff_per_1k_students,NA
Spotsylvania Middle,school,2022,pct_disadv,37.13991769547325
Spotsylvania Middle,school,2022,bully_rate_per_1k,0
Spotsylvania Middle,school,2022,staff_per_1k_students,NA
Thornburg Middle,school,2022,pct_disadv,43.30357142857143
Thornburg Middle,school,2022,bully_rate_per_1k,1.488095238095238
Thornburg Middle,school,2022,staff_per_1k_students,NA
Andrew G. Wright Middle,school,2022,pct_disadv,25.591882750845546
Andrew G. Wright Middle,school,2022,bully_rate_per_1k,12.401352874859075
Andrew G. Wright Middle,school,2022,staff_per_1k_students,4.509582863585118
Brooke Point High,school,2022,pct_disadv,27.8345498783455
Brooke Point High,school,2022,bully_rate_per_1k,0
Brooke Point High,school,2022,staff_per_1k_students,4.866180048661801
Colonial Forge High,school,2022,pct_disadv,20.16008004002001
Colonial Forge High,school,2022,bully_rate_per_1k,0
Colonial Forge High,school,2022,staff_per_1k_students,5.5027513756878434
Donald B. Dixon-Lyle R. Smith Middle,school,2022,pct_disadv,27.017114914425427
Donald B. Dixon-Lyle R. Smith Middle,school,2022,bully_rate_per_1k,12.224938875305623
Donald B. Dixon-Lyle R. Smith Middle,school,2022,staff_per_1k_students,4.88997555012225
Edward E. Drew Jr. Middle,school,2022,pct_disadv,38.9937106918239
Edward E. Drew Jr. Middle,school,2022,bully_rate_per_1k,3.1446540880503147
Edward E. Drew Jr. Middle,school,2022,staff_per_1k_students,18.867924528301884
H.H. Poole Middle,school,2022,pct_disadv,28.284854563691077
H.H. Poole Middle,school,2022,bully_rate_per_1k,2.0060180541624875
H.H. Poole Middle,school,2022,staff_per_1k_students,3.009027081243731
Mountain View High — Stafford County,school,2022,pct_disadv,17.847157502329917
Mountain View High — Stafford County,school,2022,bully_rate_per_1k,0.9319664492078285
Mountain View High — Stafford County,school,2022,staff_per_1k_students,5.591798695246971
North Stafford High,school,2022,pct_disadv,33.35120643431635
North Stafford High,school,2022,bully_rate_per_1k,2.1447721179624666
North Stafford High,school,2022,staff_per_1k_students,4.289544235924933
Rodney E. Thompson Middle,school,2022,pct_disadv,15.963855421686745
Rodney E. Thompson Middle,school,2022,bully_rate_per_1k,0
Rodney E. Thompson Middle,school,2022,staff_per_1k_students,4.016064257028112
Shirley C. Heim Middle,school,2022,pct_disadv,35.97194388777555
Shirley C. Heim Middle,school,2022,bully_rate_per_1k,4.008016032064128
Shirley C. Heim Middle,school,2022,staff_per_1k_students,4.008016032064128
Stafford Middle,school,2022,pct_disadv,34.950385887541344
Stafford Middle,school,2022,bully_rate_per_1k,0
Stafford Middle,school,2022,staff_per_1k_students,4.410143329658214
Stafford Senior High,school,2022,pct_disadv,28.12803103782735
Stafford Senior High,school,2022,bully_rate_per_1k,2.4248302618816684
Stafford Senior High,school,2022,staff_per_1k_students,6.304558680892337
T. Benton Gayle Middle,school,2022,pct_disadv,30.27426160337553
T. Benton Gayle Middle,school,2022,bully_rate_per_1k,1.0548523206751057
T. Benton Gayle Middle,school,2022,staff_per_1k_students,3.1645569620253164
Shelburne Middle,school,2022,pct_disadv,39.565943238731215
Shelburne Middle,school,2022,bully_rate_per_1k,6.67779632721202
Shelburne Middle,school,2022,staff_per_1k_students,5.0083472454090145
Staunton High,school,2022,pct_disadv,41.42857142857143
Staunton High,school,2022,bully_rate_per_1k,1.190476190476191
Staunton High,school,2022,staff_per_1k_students,4.761904761904763
Colonel Fred Cherry Middle,school,2022,pct_disadv,30.698287220026348
Colonel Fred Cherry Middle,school,2022,bully_rate_per_1k,2.635046113306983
Colonel Fred Cherry Middle,school,2022,staff_per_1k_students,2.635046113306983
Forest Glen Middle,school,2022,pct_disadv,40.274599542334094
Forest Glen Middle,school,2022,bully_rate_per_1k,2.288329519450801
Forest Glen Middle,school,2022,staff_per_1k_students,2.288329519450801
John F. Kennedy Middle,school,2022,pct_disadv,54.01174168297456
John F. Kennedy Middle,school,2022,bully_rate_per_1k,1.9569471624266144
John F. Kennedy Middle,school,2022,staff_per_1k_students,3.9138943248532287
John Yeates Middle,school,2022,pct_disadv,19.166666666666668
John Yeates Middle,school,2022,bully_rate_per_1k,10.416666666666666
John Yeates Middle,school,2022,staff_per_1k_students,4.166666666666667
King's Fork High,school,2022,pct_disadv,41.134328358208954
King's Fork High,school,2022,bully_rate_per_1k,1.791044776119403
King's Fork High,school,2022,staff_per_1k_students,2.985074626865672
King's Fork Middle,school,2022,pct_disadv,46.59735349716446
King's Fork Middle,school,2022,bully_rate_per_1k,7.561436672967864
King's Fork Middle,school,2022,staff_per_1k_students,2.835538752362949
Lakeland High,school,2022,pct_disadv,45.16129032258064
Lakeland High,school,2022,bully_rate_per_1k,0.9216589861751152
Lakeland High,school,2022,staff_per_1k_students,3.686635944700461
Nansemond River High,school,2022,pct_disadv,22.50300842358604
Nansemond River High,school,2022,bully_rate_per_1k,0.601684717208183
Nansemond River High,school,2022,staff_per_1k_students,3.0084235860409145
Luther P. Jackson Middle,school,2022,pct_disadv,56.613756613756614
Luther P. Jackson Middle,school,2022,bully_rate_per_1k,0
Luther P. Jackson Middle,school,2022,staff_per_1k_students,5.291005291005291
Surry County High,school,2022,pct_disadv,43.859649122807014
Surry County High,school,2022,bully_rate_per_1k,0
Surry County High,school,2022,staff_per_1k_students,4.385964912280701
Sussex Central High,school,2022,pct_disadv,54.166666666666664
Sussex Central High,school,2022,bully_rate_per_1k,0
Sussex Central High,school,2022,staff_per_1k_students,0
Sussex Central Middle,school,2022,pct_disadv,62.5
Sussex Central Middle,school,2022,bully_rate_per_1k,0
Sussex Central Middle,school,2022,staff_per_1k_students,8.928571428571429
Graham High,school,2022,pct_disadv,46.588693957115005
Graham High,school,2022,bully_rate_per_1k,3.898635477582846
Graham High,school,2022,staff_per_1k_students,3.898635477582846
Graham Middle,school,2022,pct_disadv,55.26992287917738
Graham Middle,school,2022,bully_rate_per_1k,10.282776349614394
Graham Middle,school,2022,staff_per_1k_students,2.5706940874035986
Richlands High,school,2022,pct_disadv,59.26470588235294
Richlands High,school,2022,bully_rate_per_1k,0
Richlands High,school,2022,staff_per_1k_students,2.941176470588235
Richlands Middle,school,2022,pct_disadv,63.01075268817205
Richlands Middle,school,2022,bully_rate_per_1k,2.150537634408602
Richlands Middle,school,2022,staff_per_1k_students,2.150537634408602
Tazewell High,school,2022,pct_disadv,59.53307392996109
Tazewell High,school,2022,bully_rate_per_1k,1.9455252918287935
Tazewell High,school,2022,staff_per_1k_students,3.891050583657587
Tazewell Middle,school,2022,pct_disadv,64.75409836065575
Tazewell Middle,school,2022,bully_rate_per_1k,2.73224043715847
Tazewell Middle,school,2022,staff_per_1k_students,2.73224043715847
Bayside High,school,2022,pct_disadv,64.08016443987667
Bayside High,school,2022,bully_rate_per_1k,1.027749229188078
Bayside High,school,2022,staff_per_1k_students,3.905447070914697
Bayside Middle,school,2022,pct_disadv,72.38219895287958
Bayside Middle,school,2022,bully_rate_per_1k,14.397905759162304
Bayside Middle,school,2022,staff_per_1k_students,5.759162303664922
Brandon Middle,school,2022,pct_disadv,53.17972350230414
Brandon Middle,school,2022,bully_rate_per_1k,0.9216589861751152
Brandon Middle,school,2022,staff_per_1k_students,4.608294930875576
Corporate Landing Middle,school,2022,pct_disadv,53.838951310861425
Corporate Landing Middle,school,2022,bully_rate_per_1k,4.681647940074907
Corporate Landing Middle,school,2022,staff_per_1k_students,4.213483146067416
First Colonial High,school,2022,pct_disadv,38.35085777531821
First Colonial High,school,2022,bully_rate_per_1k,1.6602102933038183
First Colonial High,school,2022,staff_per_1k_students,3.6524626452684
Floyd Kellam High,school,2022,pct_disadv,14.997378080755114
Floyd Kellam High,school,2022,bully_rate_per_1k,0.5243838489774515
Floyd Kellam High,school,2022,staff_per_1k_students,3.8804404824331415
Frank W. Cox High,school,2022,pct_disadv,29.767441860465116
Frank W. Cox High,school,2022,bully_rate_per_1k,0
Frank W. Cox High,school,2022,staff_per_1k_students,3.72093023255814
Great Neck Middle,school,2022,pct_disadv,28.47866419294991
Great Neck Middle,school,2022,bully_rate_per_1k,0.927643784786642
Great Neck Middle,school,2022,staff_per_1k_students,3.710575139146568
Green Run Collegiate,school,2022,pct_disadv,52.75
Green Run Collegiate,school,2022,bully_rate_per_1k,0
Green Run Collegiate,school,2022,staff_per_1k_students,2.7500000000000004
Green Run High,school,2022,pct_disadv,65.73759347382733
Green Run High,school,2022,bully_rate_per_1k,1.3596193065941535
Green Run High,school,2022,staff_per_1k_students,4.418762746430999
Independence Middle — Virginia Beach City,school,2022,pct_disadv,52
Independence Middle — Virginia Beach City,school,2022,bully_rate_per_1k,1.6666666666666667
Independence Middle — Virginia Beach City,school,2022,staff_per_1k_students,2.8333333333333335
Kempsville High,school,2022,pct_disadv,46.95247933884297
Kempsville High,school,2022,bully_rate_per_1k,0
Kempsville High,school,2022,staff_per_1k_students,3.2024793388429753
Kempsville Middle,school,2022,pct_disadv,39.89834815756035
Kempsville Middle,school,2022,bully_rate_per_1k,1.2706480304955527
Kempsville Middle,school,2022,staff_per_1k_students,4.066073697585769
Landstown High,school,2022,pct_disadv,41.19253527537551
Landstown High,school,2022,bully_rate_per_1k,0.9103322712790168
Landstown High,school,2022,staff_per_1k_students,3.3682294037323626
Landstown Middle,school,2022,pct_disadv,43.365455893254264
Landstown Middle,school,2022,bully_rate_per_1k,7.4128984432913265
Landstown Middle,school,2022,staff_per_1k_students,3.6323202372127503
Larkspur Middle,school,2022,pct_disadv,64.58467482292338
Larkspur Middle,school,2022,bully_rate_per_1k,8.370895041854475
Larkspur Middle,school,2022,staff_per_1k_students,3.541532517707662
Lynnhaven Middle,school,2022,pct_disadv,57.082452431289646
Lynnhaven Middle,school,2022,bully_rate_per_1k,6.342494714587738
Lynnhaven Middle,school,2022,staff_per_1k_students,3.594080338266385
Ocean Lakes High,school,2022,pct_disadv,32.18797372410308
Ocean Lakes High,school,2022,bully_rate_per_1k,0.5053057099545225
Ocean Lakes High,school,2022,staff_per_1k_students,3.739262253663467
Old Donation School,school,2022,pct_disadv,14.39509954058193
Old Donation School,school,2022,bully_rate_per_1k,0
Old Donation School,school,2022,staff_per_1k_students,3.3690658499234307
Plaza Middle,school,2022,pct_disadv,55.97667638483965
Plaza Middle,school,2022,bully_rate_per_1k,1.943634596695821
Plaza Middle,school,2022,staff_per_1k_students,3.790087463556851
Princess Anne High,school,2022,pct_disadv,34.87419543592744
Princess Anne High,school,2022,bully_rate_per_1k,2.3405500292568755
Princess Anne High,school,2022,staff_per_1k_students,3.7448800468110006
Princess Anne Middle,school,2022,pct_disadv,17.537313432835823
Princess Anne Middle,school,2022,bully_rate_per_1k,9.701492537313433
Princess Anne Middle,school,2022,staff_per_1k_students,3.134328358208955
Salem High — Virginia Beach City,school,2022,pct_disadv,38.52163461538461
Salem High — Virginia Beach City,school,2022,bully_rate_per_1k,0
Salem High — Virginia Beach City,school,2022,staff_per_1k_students,3.9663461538461537
Salem Middle,school,2022,pct_disadv,37.39910313901345
Salem Middle,school,2022,bully_rate_per_1k,1.7937219730941705
Salem Middle,school,2022,staff_per_1k_students,3.587443946188341
Tallwood High,school,2022,pct_disadv,46.2962962962963
Tallwood High,school,2022,bully_rate_per_1k,1.6339869281045751
Tallwood High,school,2022,staff_per_1k_students,4.030501089324619
Virginia Beach Middle,school,2022,pct_disadv,47.81906300484653
Virginia Beach Middle,school,2022,bully_rate_per_1k,0
Virginia Beach Middle,school,2022,staff_per_1k_students,4.684975767366721
Skyline High,school,2022,pct_disadv,44.72190692395006
Skyline High,school,2022,bully_rate_per_1k,4.540295119182747
Skyline High,school,2022,staff_per_1k_students,2.270147559591374
Skyline Middle — Warren County,school,2022,pct_disadv,53.42465753424658
Skyline Middle — Warren County,school,2022,bully_rate_per_1k,8.561643835616438
Skyline Middle — Warren County,school,2022,staff_per_1k_students,3.4246575342465753
Warren County High,school,2022,pct_disadv,36.07520564042303
Warren County High,school,2022,bully_rate_per_1k,0
Warren County High,school,2022,staff_per_1k_students,2.3501762632197414
Warren County Middle,school,2022,pct_disadv,38.70967741935484
Warren County Middle,school,2022,bully_rate_per_1k,37.634408602150536
Warren County Middle,school,2022,staff_per_1k_students,3.5842293906810037
Abingdon High,school,2022,pct_disadv,37.97909407665505
Abingdon High,school,2022,bully_rate_per_1k,3.484320557491289
Abingdon High,school,2022,staff_per_1k_students,3.6004645760743323
Damascus Middle,school,2022,pct_disadv,52.72727272727272
Damascus Middle,school,2022,bully_rate_per_1k,0
Damascus Middle,school,2022,staff_per_1k_students,6.666666666666667
E.B. Stanley Middle,school,2022,pct_disadv,42.53048780487805
E.B. Stanley Middle,school,2022,bully_rate_per_1k,0
E.B. Stanley Middle,school,2022,staff_per_1k_students,3.353658536585366
Glade Spring Middle,school,2022,pct_disadv,53.2608695652174
Glade Spring Middle,school,2022,bully_rate_per_1k,0
Glade Spring Middle,school,2022,staff_per_1k_students,3.804347826086957
Holston High,school,2022,pct_disadv,47.794117647058826
Holston High,school,2022,bully_rate_per_1k,11.029411764705882
Holston High,school,2022,staff_per_1k_students,4.044117647058824
John S. Battle High,school,2022,pct_disadv,34.8159509202454
John S. Battle High,school,2022,bully_rate_per_1k,0
John S. Battle High,school,2022,staff_per_1k_students,4.754601226993866
Patrick Henry High — Washington County,school,2022,pct_disadv,48.1203007518797
Patrick Henry High — Washington County,school,2022,bully_rate_per_1k,0
Patrick Henry High — Washington County,school,2022,staff_per_1k_students,2.506265664160401
Wallace Middle,school,2022,pct_disadv,40
Wallace Middle,school,2022,bully_rate_per_1k,15.384615384615383
Wallace Middle,school,2022,staff_per_1k_students,2.4175824175824174
Kate Collins Middle,school,2022,pct_disadv,54.899135446685875
Kate Collins Middle,school,2022,bully_rate_per_1k,1.440922190201729
Kate Collins Middle,school,2022,staff_per_1k_students,2.593659942363112
Waynesboro High,school,2022,pct_disadv,47.150837988826815
Waynesboro High,school,2022,bully_rate_per_1k,1.11731843575419
Waynesboro High,school,2022,staff_per_1k_students,2.9050279329608935
West Point Middle/High,school,2022,pct_disadv,36.72566371681416
West Point Middle/High,school,2022,bully_rate_per_1k,4.424778761061947
West Point Middle/High,school,2022,staff_per_1k_students,4.424778761061947
Montross Middle,school,2022,pct_disadv,51.651651651651655
Montross Middle,school,2022,bully_rate_per_1k,0
Montross Middle,school,2022,staff_per_1k_students,3.003003003003003
Westmoreland High,school,2022,pct_disadv,49.0721649484536
Westmoreland High,school,2022,bully_rate_per_1k,0
Westmoreland High,school,2022,staff_per_1k_students,4.123711340206186
Berkeley Middle,school,2022,pct_disadv,38.193343898573694
Berkeley Middle,school,2022,bully_rate_per_1k,3.1695721077654517
Berkeley Middle,school,2022,staff_per_1k_students,3.1695721077654517
James Blair Middle,school,2022,pct_disadv,40.36697247706422
James Blair Middle,school,2022,bully_rate_per_1k,0
James Blair Middle,school,2022,staff_per_1k_students,3.669724770642202
Jamestown High,school,2022,pct_disadv,23.767178658043655
Jamestown High,school,2022,bully_rate_per_1k,0.8084074373484236
Jamestown High,school,2022,staff_per_1k_students,4.042037186742118
Lafayette High,school,2022,pct_disadv,37.46701846965699
Lafayette High,school,2022,bully_rate_per_1k,0
Lafayette High,school,2022,staff_per_1k_students,3.518029903254178
Lois Hornsby Middle,school,2022,pct_disadv,32.91298865069357
Lois Hornsby Middle,school,2022,bully_rate_per_1k,1.261034047919294
Lois Hornsby Middle,school,2022,staff_per_1k_students,3.7831021437578816
Toano Middle,school,2022,pct_disadv,34.57792207792208
Toano Middle,school,2022,bully_rate_per_1k,0
Toano Middle,school,2022,staff_per_1k_students,4.87012987012987
Warhill High,school,2022,pct_disadv,32.458770614692654
Warhill High,school,2022,bully_rate_per_1k,0.7496251874062968
Warhill High,school,2022,staff_per_1k_students,3.748125937031484
Daniel Morgan Intermediate,school,2022,pct_disadv,64.68590831918506
Daniel Morgan Intermediate,school,2022,bully_rate_per_1k,1.697792869269949
Daniel Morgan Intermediate,school,2022,staff_per_1k_students,5.093378607809847
Daniel Morgan Middle,school,2022,pct_disadv,65.1685393258427
Daniel Morgan Middle,school,2022,bully_rate_per_1k,0
Daniel Morgan Middle,school,2022,staff_per_1k_students,4.815409309791332
John Handley High,school,2022,pct_disadv,58.52568875651526
John Handley High,school,2022,bully_rate_per_1k,1.4892032762472078
John Handley High,school,2022,staff_per_1k_students,4.467609828741623
Central High — Wise County,school,2022,pct_disadv,46.61764705882353
Central High — Wise County,school,2022,bully_rate_per_1k,2.941176470588235
Central High — Wise County,school,2022,staff_per_1k_students,4.411764705882353
Coeburn Middle,school,2022,pct_disadv,62.057877813504824
Coeburn Middle,school,2022,bully_rate_per_1k,3.215434083601286
Coeburn Middle,school,2022,staff_per_1k_students,3.215434083601286
Eastside High,school,2022,pct_disadv,60.15625
Eastside High,school,2022,bully_rate_per_1k,13.020833333333334
Eastside High,school,2022,staff_per_1k_students,6.067708333333334
L.F. Addington Middle,school,2022,pct_disadv,48.78048780487805
L.F. Addington Middle,school,2022,bully_rate_per_1k,2.2172949002217295
L.F. Addington Middle,school,2022,staff_per_1k_students,3.3259423503325944
Union High,school,2022,pct_disadv,54.166666666666664
Union High,school,2022,bully_rate_per_1k,29.51388888888889
Union High,school,2022,staff_per_1k_students,5.78125
Union Middle,school,2022,pct_disadv,54.60750853242321
Union Middle,school,2022,bully_rate_per_1k,54.60750853242321
Union Middle,school,2022,staff_per_1k_students,3.4129692832764507
Fort Chiswell High,school,2022,pct_disadv,39.737991266375545
Fort Chiswell High,school,2022,bully_rate_per_1k,8.73362445414847
Fort Chiswell High,school,2022,staff_per_1k_students,4.366812227074235
Fort Chiswell Middle,school,2022,pct_disadv,47.78481012658228
Fort Chiswell Middle,school,2022,bully_rate_per_1k,28.481012658227847
Fort Chiswell Middle,school,2022,staff_per_1k_students,3.1645569620253164
George Wythe High,school,2022,pct_disadv,48.9977728285078
George Wythe High,school,2022,bully_rate_per_1k,13.3630289532294
George Wythe High,school,2022,staff_per_1k_students,4.4543429844097995
Rural Retreat High,school,2022,pct_disadv,41.1214953271028
Rural Retreat High,school,2022,bully_rate_per_1k,6.230529595015576
Rural Retreat High,school,2022,staff_per_1k_students,3.115264797507788
Rural Retreat Middle,school,2022,pct_disadv,45.37444933920705
Rural Retreat Middle,school,2022,bully_rate_per_1k,8.81057268722467
Rural Retreat Middle,school,2022,staff_per_1k_students,4.405286343612335
Scott Memorial Middle,school,2022,pct_disadv,50.31250000000001
Scott Memorial Middle,school,2022,bully_rate_per_1k,37.5
Scott Memorial Middle,school,2022,staff_per_1k_students,3.125
Bruton High,school,2022,pct_disadv,26.403641881638844
Bruton High,school,2022,bully_rate_per_1k,1.5174506828528074
Bruton High,school,2022,staff_per_1k_students,NA
Grafton High,school,2022,pct_disadv,15.508474576271189
Grafton High,school,2022,bully_rate_per_1k,0
Grafton High,school,2022,staff_per_1k_students,NA
Grafton Middle,school,2022,pct_disadv,19.523269012485812
Grafton Middle,school,2022,bully_rate_per_1k,4.540295119182747
Grafton Middle,school,2022,staff_per_1k_students,NA
Queens Lake Middle,school,2022,pct_disadv,25.555555555555554
Queens Lake Middle,school,2022,bully_rate_per_1k,0
Queens Lake Middle,school,2022,staff_per_1k_students,NA
Tabb High,school,2022,pct_disadv,18.5595567867036
Tabb High,school,2022,bully_rate_per_1k,5.54016620498615
Tabb High,school,2022,staff_per_1k_students,NA
Tabb Middle,school,2022,pct_disadv,23.258426966292134
Tabb Middle,school,2022,bully_rate_per_1k,4.49438202247191
Tabb Middle,school,2022,staff_per_1k_students,NA
York High,school,2022,pct_disadv,21.906507791017415
York High,school,2022,bully_rate_per_1k,3.6663611365719526
York High,school,2022,staff_per_1k_students,NA
York River Academy,school,2022,pct_disadv,24.59016393442623
York River Academy,school,2022,bully_rate_per_1k,0
York River Academy,school,2022,staff_per_1k_students,NA
Yorktown Middle,school,2022,pct_disadv,26.053042121684868
Yorktown Middle,school,2022,bully_rate_per_1k,1.5600624024960998
Yorktown Middle,school,2022,staff_per_1k_students,NA
Arcadia High,school,2023,pct_disadv,60.16830294530154
Arcadia High,school,2023,bully_rate_per_1k,0
Arcadia High,school,2023,staff_per_1k_students,4.207573632538569
Arcadia Middle,school,2023,pct_disadv,74.89626556016597
Arcadia Middle,school,2023,bully_rate_per_1k,12.448132780082986
Arcadia Middle,school,2023,staff_per_1k_students,2.074688796680498
Chincoteague High,school,2023,pct_disadv,40.67796610169492
Chincoteague High,school,2023,bully_rate_per_1k,16.949152542372882
Chincoteague High,school,2023,staff_per_1k_students,3.389830508474576
Nandua High,school,2023,pct_disadv,59.96860282574568
Nandua High,school,2023,bully_rate_per_1k,4.7095761381475665
Nandua High,school,2023,staff_per_1k_students,4.7095761381475665
Nandua Middle,school,2023,pct_disadv,71.30801687763713
Nandua Middle,school,2023,bully_rate_per_1k,2.109704641350211
Nandua Middle,school,2023,staff_per_1k_students,2.109704641350211
Albemarle High,school,2023,pct_disadv,33.133133133133136
Albemarle High,school,2023,bully_rate_per_1k,2.002002002002002
Albemarle High,school,2023,staff_per_1k_students,10.510510510510512
Community Lab School,school,2023,pct_disadv,7.8125
Community Lab School,school,2023,bully_rate_per_1k,0
Community Lab School,school,2023,staff_per_1k_students,16.614583333333332
Jackson P. Burley Middle,school,2023,pct_disadv,45.40816326530612
Jackson P. Burley Middle,school,2023,bully_rate_per_1k,13.605442176870747
Jackson P. Burley Middle,school,2023,staff_per_1k_students,5.1020408163265305
Joseph T. Henley Middle,school,2023,pct_disadv,13.30049261083744
Joseph T. Henley Middle,school,2023,bully_rate_per_1k,1.2315270935960592
Joseph T. Henley Middle,school,2023,staff_per_1k_students,6.157635467980296
Journey Middle,school,2023,pct_disadv,51.73501577287066
Journey Middle,school,2023,bully_rate_per_1k,6.309148264984227
Journey Middle,school,2023,staff_per_1k_students,7.886435331230284
Lakeside Middle,school,2023,pct_disadv,23.73540856031128
Lakeside Middle,school,2023,bully_rate_per_1k,13.618677042801556
Lakeside Middle,school,2023,staff_per_1k_students,7.782101167315175
Leslie H. Walton Middle,school,2023,pct_disadv,37.94117647058823
Leslie H. Walton Middle,school,2023,bully_rate_per_1k,2.941176470588235
Leslie H. Walton Middle,school,2023,staff_per_1k_students,8.823529411764707
Monticello High,school,2023,pct_disadv,35.78947368421053
Monticello High,school,2023,bully_rate_per_1k,0
Monticello High,school,2023,staff_per_1k_students,10.526315789473683
Western Albemarle High,school,2023,pct_disadv,12.983662940670678
Western Albemarle High,school,2023,bully_rate_per_1k,0.8598452278589854
Western Albemarle High,school,2023,staff_per_1k_students,6.0189165950128976
Alexandria City High,school,2023,pct_disadv,68.6784140969163
Alexandria City High,school,2023,bully_rate_per_1k,0.881057268722467
Alexandria City High,school,2023,staff_per_1k_students,10.308370044052865
Francis C. Hammond Middle,school,2023,pct_disadv,95.79375848032564
Francis C. Hammond Middle,school,2023,bully_rate_per_1k,10.854816824966075
Francis C. Hammond Middle,school,2023,staff_per_1k_students,8.819538670284938
George Washington Middle,school,2023,pct_disadv,53.01818181818182
George Washington Middle,school,2023,bully_rate_per_1k,1.4545454545454544
George Washington Middle,school,2023,staff_per_1k_students,11.054545454545456
Alleghany High,school,2023,pct_disadv,44.559585492227974
Alleghany High,school,2023,bully_rate_per_1k,1.7271157167530224
Alleghany High,school,2023,staff_per_1k_students,4.317789291882556
Covington Middle,school,2023,pct_disadv,47.94188861985472
Covington Middle,school,2023,bully_rate_per_1k,0
Covington Middle,school,2023,staff_per_1k_students,4.8426150121065374
Amelia County High,school,2023,pct_disadv,44.237918215613384
Amelia County High,school,2023,bully_rate_per_1k,0
Amelia County High,school,2023,staff_per_1k_students,3.717472118959108
Amelia County Middle,school,2023,pct_disadv,53.15068493150685
Amelia County Middle,school,2023,bully_rate_per_1k,5.47945205479452
Amelia County Middle,school,2023,staff_per_1k_students,5.47945205479452
Amherst County High,school,2023,pct_disadv,43.17460317460318
Amherst County High,school,2023,bully_rate_per_1k,2.380952380952382
Amherst County High,school,2023,staff_per_1k_students,5.555555555555555
Amherst Middle,school,2023,pct_disadv,44.09221902017291
Amherst Middle,school,2023,bully_rate_per_1k,5.763688760806916
Amherst Middle,school,2023,staff_per_1k_students,2.881844380403458
Monelison Middle,school,2023,pct_disadv,51.656920077972714
Monelison Middle,school,2023,bully_rate_per_1k,3.898635477582846
Monelison Middle,school,2023,staff_per_1k_students,3.898635477582846
Appomattox County High,school,2023,pct_disadv,45.92274678111588
Appomattox County High,school,2023,bully_rate_per_1k,4.291845493562231
Appomattox County High,school,2023,staff_per_1k_students,7.868383404864091
Appomattox Middle,school,2023,pct_disadv,51.02040816326531
Appomattox Middle,school,2023,bully_rate_per_1k,1.855287569573284
Appomattox Middle,school,2023,staff_per_1k_students,9.27643784786642
Arlington Community High,school,2023,pct_disadv,14.975845410628018
Arlington Community High,school,2023,bully_rate_per_1k,0
Arlington Community High,school,2023,staff_per_1k_students,18.84057971014493
Dorothy Hamm Middle,school,2023,pct_disadv,19.021134593993324
Dorothy Hamm Middle,school,2023,bully_rate_per_1k,1.1123470522803114
Dorothy Hamm Middle,school,2023,staff_per_1k_students,6.1179087875417135
Gunston Middle,school,2023,pct_disadv,38.1294964028777
Gunston Middle,school,2023,bully_rate_per_1k,5.39568345323741
Gunston Middle,school,2023,staff_per_1k_students,6.744604316546762
Jefferson Middle,school,2023,pct_disadv,42.69449715370019
Jefferson Middle,school,2023,bully_rate_per_1k,0.9487666034155596
Jefferson Middle,school,2023,staff_per_1k_students,6.641366223908919
Kenmore Middle,school,2023,pct_disadv,52.104208416833664
Kenmore Middle,school,2023,bully_rate_per_1k,2.004008016032064
Kenmore Middle,school,2023,staff_per_1k_students,21.042084168336675
Swanson Middle,school,2023,pct_disadv,20.085470085470085
Swanson Middle,school,2023,bully_rate_per_1k,1.0683760683760686
Swanson Middle,school,2023,staff_per_1k_students,7.478632478632479
Wakefield High,school,2023,pct_disadv,38.16738816738817
Wakefield High,school,2023,bully_rate_per_1k,0.3607503607503608
Wakefield High,school,2023,staff_per_1k_students,6.493506493506494
Washington-Liberty High,school,2023,pct_disadv,28.11924917188075
Washington-Liberty High,school,2023,bully_rate_per_1k,0.736105999263894
Washington-Liberty High,school,2023,staff_per_1k_students,5.999263894000737
Williamsburg Middle,school,2023,pct_disadv,2.2974607013301087
Williamsburg Middle,school,2023,bully_rate_per_1k,0
Williamsburg Middle,school,2023,staff_per_1k_students,4.836759371221281
Yorktown High,school,2023,pct_disadv,13.736903376018628
Yorktown High,school,2023,bully_rate_per_1k,0.38804811796662786
Yorktown High,school,2023,staff_per_1k_students,4.695382227396197
Buffalo Gap High,school,2023,pct_disadv,38.62068965517241
Buffalo Gap High,school,2023,bully_rate_per_1k,9.195402298850574
Buffalo Gap High,school,2023,staff_per_1k_students,4.597701149425287
Fort Defiance High,school,2023,pct_disadv,41.12792297111417
Fort Defiance High,school,2023,bully_rate_per_1k,1.375515818431912
Fort Defiance High,school,2023,staff_per_1k_students,5.502063273727648
Riverheads High,school,2023,pct_disadv,38.577586206896555
Riverheads High,school,2023,bully_rate_per_1k,0
Riverheads High,school,2023,staff_per_1k_students,4.310344827586206
S. Gordon Stewart Middle,school,2023,pct_disadv,47.01195219123506
S. Gordon Stewart Middle,school,2023,bully_rate_per_1k,0
S. Gordon Stewart Middle,school,2023,staff_per_1k_students,3.98406374501992
Stuarts Draft High,school,2023,pct_disadv,38.054363376251786
Stuarts Draft High,school,2023,bully_rate_per_1k,0
Stuarts Draft High,school,2023,staff_per_1k_students,1.9027181688125896
Stuarts Draft Middle,school,2023,pct_disadv,46.10655737704918
Stuarts Draft Middle,school,2023,bully_rate_per_1k,10.24590163934426
Stuarts Draft Middle,school,2023,staff_per_1k_students,4.508196721311475
Wilson Memorial High,school,2023,pct_disadv,37.76223776223776
Wilson Memorial High,school,2023,bully_rate_per_1k,3.4965034965034967
Wilson Memorial High,school,2023,staff_per_1k_students,3.4965034965034967
Wilson Middle,school,2023,pct_disadv,47.151898734177216
Wilson Middle,school,2023,bully_rate_per_1k,12.658227848101266
Wilson Middle,school,2023,staff_per_1k_students,3.1645569620253164
Bath County High,school,2023,pct_disadv,48.369565217391305
Bath County High,school,2023,bully_rate_per_1k,21.73913043478261
Bath County High,school,2023,staff_per_1k_students,NA
Forest Middle,school,2023,pct_disadv,21.444954128440365
Forest Middle,school,2023,bully_rate_per_1k,3.440366972477064
Forest Middle,school,2023,staff_per_1k_students,3.440366972477064
Jefferson Forest High,school,2023,pct_disadv,21.52671755725191
Jefferson Forest High,school,2023,bully_rate_per_1k,1.5267175572519085
Jefferson Forest High,school,2023,staff_per_1k_students,3.8167938931297702
Liberty High — Bedford County,school,2023,pct_disadv,45.3168044077135
Liberty High — Bedford County,school,2023,bully_rate_per_1k,1.3774104683195594
Liberty High — Bedford County,school,2023,staff_per_1k_students,5.5096418732782375
Liberty Middle — Bedford County,school,2023,pct_disadv,51.96261682242991
Liberty Middle — Bedford County,school,2023,bully_rate_per_1k,1.8691588785046729
Liberty Middle — Bedford County,school,2023,staff_per_1k_students,5.607476635514018
Staunton River High,school,2023,pct_disadv,44.831460674157306
Staunton River High,school,2023,bully_rate_per_1k,0
Staunton River High,school,2023,staff_per_1k_students,3.370786516853933
Staunton River Middle,school,2023,pct_disadv,48.2484076433121
Staunton River Middle,school,2023,bully_rate_per_1k,7.961783439490445
Staunton River Middle,school,2023,staff_per_1k_students,4.777070063694267
Bland County High,school,2023,pct_disadv,45.41176470588235
Bland County High,school,2023,bully_rate_per_1k,0
Bland County High,school,2023,staff_per_1k_students,0
Central Academy Middle,school,2023,pct_disadv,41.73441734417344
Central Academy Middle,school,2023,bully_rate_per_1k,0
Central Academy Middle,school,2023,staff_per_1k_students,6.504065040650406
James River High — Botetourt County,school,2023,pct_disadv,31.521739130434785
James River High — Botetourt County,school,2023,bully_rate_per_1k,0
James River High — Botetourt County,school,2023,staff_per_1k_students,5.6521739130434785
Lord Botetourt High,school,2023,pct_disadv,26.605504587155966
Lord Botetourt High,school,2023,bully_rate_per_1k,2.0387359836901124
Lord Botetourt High,school,2023,staff_per_1k_students,5.45361875637105
Read Mountain Middle,school,2023,pct_disadv,34.09436834094368
Read Mountain Middle,school,2023,bully_rate_per_1k,4.5662100456621
Read Mountain Middle,school,2023,staff_per_1k_students,4.170471841704718
Virginia High,school,2023,pct_disadv,59.96860282574568
Virginia High,school,2023,bully_rate_per_1k,3.1397174254317113
Virginia High,school,2023,staff_per_1k_students,3.1397174254317113
Virginia Middle,school,2023,pct_disadv,69.4672131147541
Virginia Middle,school,2023,bully_rate_per_1k,24.59016393442623
Virginia Middle,school,2023,staff_per_1k_students,2.0491803278688527
Brunswick High,school,2023,pct_disadv,69.48356807511738
Brunswick High,school,2023,bully_rate_per_1k,0
Brunswick High,school,2023,staff_per_1k_students,5.164319248826292
James S. Russell Middle,school,2023,pct_disadv,71.47435897435898
James S. Russell Middle,school,2023,bully_rate_per_1k,0
James S. Russell Middle,school,2023,staff_per_1k_students,3.205128205128205
Council High,school,2023,pct_disadv,66.38655462184873
Council High,school,2023,bully_rate_per_1k,16.80672268907563
Council High,school,2023,staff_per_1k_students,4.201680672268908
Grundy High,school,2023,pct_disadv,54.3661971830986
Grundy High,school,2023,bully_rate_per_1k,0
Grundy High,school,2023,staff_per_1k_students,2.8169014084507045
Hurley High,school,2023,pct_disadv,62.5
Hurley High,school,2023,bully_rate_per_1k,0
Hurley High,school,2023,staff_per_1k_students,2.314814814814815
Twin Valley High,school,2023,pct_disadv,61.34020618556701
Twin Valley High,school,2023,bully_rate_per_1k,0
Twin Valley High,school,2023,staff_per_1k_students,2.577319587628866
Buckingham County High,school,2023,pct_disadv,58.86850152905198
Buckingham County High,school,2023,bully_rate_per_1k,3.058103975535168
Buckingham County High,school,2023,staff_per_1k_students,3.058103975535168
Buckingham County Middle,school,2023,pct_disadv,64.8068669527897
Buckingham County Middle,school,2023,bully_rate_per_1k,62.231759656652365
Buckingham County Middle,school,2023,staff_per_1k_students,4.291845493562231
Parry McCluer High,school,2023,pct_disadv,46.36363636363636
Parry McCluer High,school,2023,bully_rate_per_1k,15.151515151515152
Parry McCluer High,school,2023,staff_per_1k_students,3.0303030303030303
Parry McCluer Middle,school,2023,pct_disadv,57.14285714285714
Parry McCluer Middle,school,2023,bully_rate_per_1k,0
Parry McCluer Middle,school,2023,staff_per_1k_students,8.403361344537815
Altavista High,school,2023,pct_disadv,52.16741405082213
Altavista High,school,2023,bully_rate_per_1k,11.958146487294467
Altavista High,school,2023,staff_per_1k_students,5.9790732436472345
Brookville High,school,2023,pct_disadv,37.899073120494336
Brookville High,school,2023,bully_rate_per_1k,0
Brookville High,school,2023,staff_per_1k_students,3.089598352214212
Brookville Middle,school,2023,pct_disadv,41.53846153846154
Brookville Middle,school,2023,bully_rate_per_1k,23.776223776223777
Brookville Middle,school,2023,staff_per_1k_students,4.195804195804196
Rustburg High,school,2023,pct_disadv,41.06280193236715
Rustburg High,school,2023,bully_rate_per_1k,0
Rustburg High,school,2023,staff_per_1k_students,4.830917874396135
Rustburg Middle,school,2023,pct_disadv,49.66996699669967
Rustburg Middle,school,2023,bully_rate_per_1k,8.25082508250825
Rustburg Middle,school,2023,staff_per_1k_students,3.3003300330033003
William Campbell High,school,2023,pct_disadv,58.69017632241813
William Campbell High,school,2023,bully_rate_per_1k,2.5188916876574305
William Campbell High,school,2023,staff_per_1k_students,10.075566750629722
Caroline High,school,2023,pct_disadv,47.482014388489205
Caroline High,school,2023,bully_rate_per_1k,0
Caroline High,school,2023,staff_per_1k_students,3.9968025579536377
Caroline Middle,school,2023,pct_disadv,50.46248715313464
Caroline Middle,school,2023,bully_rate_per_1k,6.166495375128468
Caroline Middle,school,2023,staff_per_1k_students,5.138746145940391
Carroll County High,school,2023,pct_disadv,49.01960784313725
Carroll County High,school,2023,bully_rate_per_1k,0
Carroll County High,school,2023,staff_per_1k_students,3.5480859010270773
Carroll County Middle,school,2023,pct_disadv,57.01058201058201
Carroll County Middle,school,2023,bully_rate_per_1k,6.613756613756613
Carroll County Middle,school,2023,staff_per_1k_students,3.3068783068783065
Charles City County High,school,2023,pct_disadv,61.1336032388664
Charles City County High,school,2023,bully_rate_per_1k,0
Charles City County High,school,2023,staff_per_1k_students,8.097165991902834
Central Middle,school,2023,pct_disadv,50.810810810810814
Central Middle,school,2023,bully_rate_per_1k,2.702702702702702
Central Middle,school,2023,staff_per_1k_students,2.702702702702702
Randolph-Henry High,school,2023,pct_disadv,51.67364016736402
Randolph-Henry High,school,2023,bully_rate_per_1k,0
Randolph-Henry High,school,2023,staff_per_1k_students,4.184100418410042
Charlottesville Middle,school,2023,pct_disadv,60.03430531732419
Charlottesville Middle,school,2023,bully_rate_per_1k,1.7152658662092624
Charlottesville Middle,school,2023,staff_per_1k_students,13.7221269296741
Charlottesville High,school,2023,pct_disadv,48.53157121879589
Charlottesville High,school,2023,bully_rate_per_1k,0.7342143906020557
Charlottesville High,school,2023,staff_per_1k_students,13.582966226138032
Walker Upper Elementary,school,2023,pct_disadv,54.78119935170178
Walker Upper Elementary,school,2023,bully_rate_per_1k,1.6207455429497568
Walker Upper Elementary,school,2023,staff_per_1k_students,4.862236628849271
Crestwood Middle,school,2023,pct_disadv,60.28880866425993
Crestwood Middle,school,2023,bully_rate_per_1k,1.8050541516245489
Crestwood Middle,school,2023,staff_per_1k_students,3.6101083032490977
Deep Creek High,school,2023,pct_disadv,49.40662086196127
Deep Creek High,school,2023,bully_rate_per_1k,0.6246096189881324
Deep Creek High,school,2023,staff_per_1k_students,5.621486570893191
Deep Creek Middle,school,2023,pct_disadv,49.48051948051948
Deep Creek Middle,school,2023,bully_rate_per_1k,6.493506493506494
Deep Creek Middle,school,2023,staff_per_1k_students,5.194805194805195
Grassfield High,school,2023,pct_disadv,17.71551724137931
Grassfield High,school,2023,bully_rate_per_1k,0.8620689655172413
Grassfield High,school,2023,staff_per_1k_students,3.8793103448275863
Great Bridge High,school,2023,pct_disadv,26.338461538461537
Great Bridge High,school,2023,bully_rate_per_1k,0.6153846153846154
Great Bridge High,school,2023,staff_per_1k_students,4.923076923076923
Great Bridge Middle,school,2023,pct_disadv,17.387755102040817
Great Bridge Middle,school,2023,bully_rate_per_1k,4.8979591836734695
Great Bridge Middle,school,2023,staff_per_1k_students,4.081632653061225
Greenbrier Middle,school,2023,pct_disadv,46.562123039807
Greenbrier Middle,school,2023,bully_rate_per_1k,12.062726176115802
Greenbrier Middle,school,2023,staff_per_1k_students,3.618817852834741
Hickory High,school,2023,pct_disadv,12.002526847757425
Hickory High,school,2023,bully_rate_per_1k,0.6317119393556537
Hickory High,school,2023,staff_per_1k_students,5.05369551484523
Hickory Middle,school,2023,pct_disadv,16.017964071856287
Hickory Middle,school,2023,bully_rate_per_1k,4.491017964071856
Hickory Middle,school,2023,staff_per_1k_students,1.497005988023952
Hugo A. Owens Middle,school,2023,pct_disadv,32.39543726235741
Hugo A. Owens Middle,school,2023,bully_rate_per_1k,3.041825095057034
Hugo A. Owens Middle,school,2023,staff_per_1k_students,3.802281368821293
Indian River High,school,2023,pct_disadv,54.39110070257611
Indian River High,school,2023,bully_rate_per_1k,2.927400468384075
Indian River High,school,2023,staff_per_1k_students,5.269320843091335
Indian River Middle,school,2023,pct_disadv,65.5359565807327
Indian River Middle,school,2023,bully_rate_per_1k,5.427408412483039
Indian River Middle,school,2023,staff_per_1k_students,3.799185888738128
Jolliff Middle,school,2023,pct_disadv,44.58689458689459
Jolliff Middle,school,2023,bully_rate_per_1k,4.273504273504274
Jolliff Middle,school,2023,staff_per_1k_students,5.698005698005698
Oscar F. Smith High,school,2023,pct_disadv,61.541811846689896
Oscar F. Smith High,school,2023,bully_rate_per_1k,2.177700348432056
Oscar F. Smith High,school,2023,staff_per_1k_students,4.355400696864112
Oscar Smith Middle,school,2023,pct_disadv,77.10718002081165
Oscar Smith Middle,school,2023,bully_rate_per_1k,11.446409989594173
Oscar Smith Middle,school,2023,staff_per_1k_students,3.1217481789802286
Western Branch High,school,2023,pct_disadv,41.0933081998115
Western Branch High,school,2023,bully_rate_per_1k,0.471253534401508
Western Branch High,school,2023,staff_per_1k_students,3.770028275212064
Western Branch Middle,school,2023,pct_disadv,44.65691788526434
Western Branch Middle,school,2023,bully_rate_per_1k,2.249718785151856
Western Branch Middle,school,2023,staff_per_1k_students,4.499437570303712
Bailey Bridge Middle,school,2023,pct_disadv,32.90013679890561
Bailey Bridge Middle,school,2023,bully_rate_per_1k,3.4199726402188784
Bailey Bridge Middle,school,2023,staff_per_1k_students,4.7879616963064295
Carver College and Career Academy,school,2023,pct_disadv,62.24899598393574
Carver College and Career Academy,school,2023,bully_rate_per_1k,0
Carver College and Career Academy,school,2023,staff_per_1k_students,20.080321285140563
Carver Middle,school,2023,pct_disadv,54.05669599217986
Carver Middle,school,2023,bully_rate_per_1k,1.9550342130987293
Carver Middle,school,2023,staff_per_1k_students,5.865102639296188
Clover Hill High,school,2023,pct_disadv,29.408450704225352
Clover Hill High,school,2023,bully_rate_per_1k,1.1267605633802815
Clover Hill High,school,2023,staff_per_1k_students,5.070422535211267
Cosby High,school,2023,pct_disadv,13.950565563468787
Cosby High,school,2023,bully_rate_per_1k,0
Cosby High,school,2023,staff_per_1k_students,3.770423125261835
Elizabeth Davis Middle,school,2023,pct_disadv,44.70149253731343
Elizabeth Davis Middle,school,2023,bully_rate_per_1k,1.492537313432836
Elizabeth Davis Middle,school,2023,staff_per_1k_students,4.477611940298508
Falling Creek Middle,school,2023,pct_disadv,63.54679802955665
Falling Creek Middle,school,2023,bully_rate_per_1k,2.8149190710767065
Falling Creek Middle,school,2023,staff_per_1k_students,5.629838142153413
James River High — Chesterfield County,school,2023,pct_disadv,31.104199066874028
James River High — Chesterfield County,school,2023,bully_rate_per_1k,0.5184033177812338
James River High — Chesterfield County,school,2023,staff_per_1k_students,4.665629860031105
Lloyd C. Bird High,school,2023,pct_disadv,47.270044269552386
Lloyd C. Bird High,school,2023,bully_rate_per_1k,1.4756517461878995
Lloyd C. Bird High,school,2023,staff_per_1k_students,4.918839153959666
Manchester High,school,2023,pct_disadv,36.38433515482696
Manchester High,school,2023,bully_rate_per_1k,2.276867030965392
Manchester High,school,2023,staff_per_1k_students,4.0983606557377055
Manchester Middle,school,2023,pct_disadv,47.50679963735268
Manchester Middle,school,2023,bully_rate_per_1k,4.533091568449683
Manchester Middle,school,2023,staff_per_1k_students,5.439709882139619
Matoaca High,school,2023,pct_disadv,37.44654856444715
Matoaca High,school,2023,bully_rate_per_1k,0
Matoaca High,school,2023,staff_per_1k_students,5.497861942577886
Matoaca Middle,school,2023,pct_disadv,45.895953757225435
Matoaca Middle,school,2023,bully_rate_per_1k,2.3121387283236996
Matoaca Middle,school,2023,staff_per_1k_students,5.780346820809248
Meadowbrook High,school,2023,pct_disadv,52.28726020659125
Meadowbrook High,school,2023,bully_rate_per_1k,2.951303492375799
Meadowbrook High,school,2023,staff_per_1k_students,5.902606984751598
Midlothian High,school,2023,pct_disadv,13.594132029339852
Midlothian High,school,2023,bully_rate_per_1k,0.4889975550122249
Midlothian High,school,2023,staff_per_1k_students,4.400977995110024
Midlothian Middle,school,2023,pct_disadv,14.25438596491228
Midlothian Middle,school,2023,bully_rate_per_1k,0.7309941520467835
Midlothian Middle,school,2023,staff_per_1k_students,5.116959064327485
Monacan High,school,2023,pct_disadv,33.57843137254902
Monacan High,school,2023,bully_rate_per_1k,1.2254901960784317
Monacan High,school,2023,staff_per_1k_students,4.901960784313726
Providence Middle,school,2023,pct_disadv,56.50140318054257
Providence Middle,school,2023,bully_rate_per_1k,2.806361085126286
Providence Middle,school,2023,staff_per_1k_students,5.144995322731525
Robious Middle,school,2023,pct_disadv,26.04074402125775
Robious Middle,school,2023,bully_rate_per_1k,7.085916740478299
Robious Middle,school,2023,staff_per_1k_students,5.606731620903455
Salem Church Middle,school,2023,pct_disadv,55.87266739846323
Salem Church Middle,school,2023,bully_rate_per_1k,2.1953896816684964
Salem Church Middle,school,2023,staff_per_1k_students,6.586169045005488
Swift Creek Middle,school,2023,pct_disadv,27.264573991031387
Swift Creek Middle,school,2023,bully_rate_per_1k,0.8968609865470852
Swift Creek Middle,school,2023,staff_per_1k_students,5.381165919282512
Thomas Dale High,school,2023,pct_disadv,39.11007025761124
Thomas Dale High,school,2023,bully_rate_per_1k,2.34192037470726
Thomas Dale High,school,2023,staff_per_1k_students,4.68384074941452
Tomahawk Creek Middle,school,2023,pct_disadv,14.922711058263973
Tomahawk Creek Middle,school,2023,bully_rate_per_1k,1.7835909631391202
Tomahawk Creek Middle,school,2023,staff_per_1k_students,4.161712247324614
Clarke County High,school,2023,pct_disadv,26.65706051873199
Clarke County High,school,2023,bully_rate_per_1k,0
Clarke County High,school,2023,staff_per_1k_students,6.85878962536023
Johnson-Williams Middle,school,2023,pct_disadv,28.87323943661972
Johnson-Williams Middle,school,2023,bully_rate_per_1k,16.431924882629108
Johnson-Williams Middle,school,2023,staff_per_1k_students,4.929577464788733
Colonial Beach High,school,2023,pct_disadv,49.532710280373834
Colonial Beach High,school,2023,bully_rate_per_1k,0
Colonial Beach High,school,2023,staff_per_1k_students,4.672897196261682
Colonial Heights High,school,2023,pct_disadv,51.25570776255708
Colonial Heights High,school,2023,bully_rate_per_1k,0
Colonial Heights High,school,2023,staff_per_1k_students,NA
Colonial Heights Middle,school,2023,pct_disadv,57.35785953177257
Colonial Heights Middle,school,2023,bully_rate_per_1k,5.016722408026756
Colonial Heights Middle,school,2023,staff_per_1k_students,NA
Craig County High,school,2023,pct_disadv,46.41509433962264
Craig County High,school,2023,bully_rate_per_1k,7.547169811320755
Craig County High,school,2023,staff_per_1k_students,3.7735849056603774
Culpeper County High,school,2023,pct_disadv,44.44444444444444
Culpeper County High,school,2023,bully_rate_per_1k,0.8169934640522876
Culpeper County High,school,2023,staff_per_1k_students,3.2679738562091503
Culpeper Middle,school,2023,pct_disadv,49.62476547842402
Culpeper Middle,school,2023,bully_rate_per_1k,2.8142589118198873
Culpeper Middle,school,2023,staff_per_1k_students,2.8142589118198873
Eastern View High,school,2023,pct_disadv,45.442875481386395
Eastern View High,school,2023,bully_rate_per_1k,0
Eastern View High,school,2023,staff_per_1k_students,1.925545571245186
Floyd T. Binns Middle,school,2023,pct_disadv,52.88831835686778
Floyd T. Binns Middle,school,2023,bully_rate_per_1k,3.851091142490372
Floyd T. Binns Middle,school,2023,staff_per_1k_students,3.851091142490372
Cumberland High,school,2023,pct_disadv,52.56410256410257
Cumberland High,school,2023,bully_rate_per_1k,5.128205128205129
Cumberland High,school,2023,staff_per_1k_students,3.076923076923077
Cumberland Middle,school,2023,pct_disadv,57.10227272727273
Cumberland Middle,school,2023,bully_rate_per_1k,0
Cumberland Middle,school,2023,staff_per_1k_students,3.4090909090909087
Galileo Magnet High,school,2023,pct_disadv,49.224806201550386
Galileo Magnet High,school,2023,bully_rate_per_1k,0
Galileo Magnet High,school,2023,staff_per_1k_students,3.875968992248062
George Washington High,school,2023,pct_disadv,78.22765469824293
George Washington High,school,2023,bully_rate_per_1k,3.0557677616501144
George Washington High,school,2023,staff_per_1k_students,3.819709702062643
O. Trent Bonner Middle,school,2023,pct_disadv,80.70692194403534
O. Trent Bonner Middle,school,2023,bully_rate_per_1k,17.673048600883654
O. Trent Bonner Middle,school,2023,staff_per_1k_students,3.681885125184094
R.I.S.E Academy at the John M. Langston Campus,school,2023,pct_disadv,100
R.I.S.E Academy at the John M. Langston Campus,school,2023,bully_rate_per_1k,27.027027027027028
R.I.S.E Academy at the John M. Langston Campus,school,2023,staff_per_1k_students,54.054054054054056
Westwood Middle,school,2023,pct_disadv,83.2512315270936
Westwood Middle,school,2023,bully_rate_per_1k,29.556650246305416
Westwood Middle,school,2023,staff_per_1k_students,2.4630541871921183
Ridgeview High,school,2023,pct_disadv,56.92567567567568
Ridgeview High,school,2023,bully_rate_per_1k,0
Ridgeview High,school,2023,staff_per_1k_students,4.729729729729729
Ridgeview Middle,school,2023,pct_disadv,59.31818181818181
Ridgeview Middle,school,2023,bully_rate_per_1k,0
Ridgeview Middle,school,2023,staff_per_1k_students,5
Dinwiddie County High,school,2023,pct_disadv,51.31782945736434
Dinwiddie County High,school,2023,bully_rate_per_1k,1.550387596899225
Dinwiddie County High,school,2023,staff_per_1k_students,3.875968992248062
Dinwiddie County Middle,school,2023,pct_disadv,59.33263816475496
Dinwiddie County Middle,school,2023,bully_rate_per_1k,4.1710114702815435
Dinwiddie County Middle,school,2023,staff_per_1k_students,3.1282586027111576
Essex High,school,2023,pct_disadv,63.42412451361867
Essex High,school,2023,bully_rate_per_1k,19.45525291828794
Essex High,school,2023,staff_per_1k_students,5.836575875486381
James H. Cary Intermediate,school,2023,pct_disadv,62.76276276276276
James H. Cary Intermediate,school,2023,bully_rate_per_1k,0
James H. Cary Intermediate,school,2023,staff_per_1k_students,3.003003003003003
Annandale High,school,2023,pct_disadv,71.1212814645309
Annandale High,school,2023,bully_rate_per_1k,0.4576659038901602
Annandale High,school,2023,staff_per_1k_students,6.864988558352402
Bryant High,school,2023,pct_disadv,79.3103448275862
Bryant High,school,2023,bully_rate_per_1k,0
Bryant High,school,2023,staff_per_1k_students,28.735632183908045
Carson Middle,school,2023,pct_disadv,17.180616740088105
Carson Middle,school,2023,bully_rate_per_1k,1.4684287812041117
Carson Middle,school,2023,staff_per_1k_students,5.506607929515419
Centreville High,school,2023,pct_disadv,36.810049486105825
Centreville High,school,2023,bully_rate_per_1k,1.5226494099733536
Centreville High,school,2023,staff_per_1k_students,5.709935287400076
Chantilly High,school,2023,pct_disadv,22.742701968771215
Chantilly High,school,2023,bully_rate_per_1k,0.3394433129667345
Chantilly High,school,2023,staff_per_1k_students,6.449422946367957
Cooper Middle,school,2023,pct_disadv,4.549763033175355
Cooper Middle,school,2023,bully_rate_per_1k,4.739336492890995
Cooper Middle,school,2023,staff_per_1k_students,6.161137440758294
Edison High,school,2023,pct_disadv,43.397887323943664
Edison High,school,2023,bully_rate_per_1k,0
Edison High,school,2023,staff_per_1k_students,7.702464788732395
Fairfax County Adult High,school,2023,pct_disadv,56.074766355140184
Fairfax County Adult High,school,2023,bully_rate_per_1k,0
Fairfax County Adult High,school,2023,staff_per_1k_students,NA
Fairfax High,school,2023,pct_disadv,36.79562657695543
Fairfax High,school,2023,bully_rate_per_1k,0.4205214465937762
Fairfax High,school,2023,staff_per_1k_students,6.72834314550042
Falls Church High,school,2023,pct_disadv,66.4625529910504
Falls Church High,school,2023,bully_rate_per_1k,0.4710315591144607
Falls Church High,school,2023,staff_per_1k_students,7.536504945831371
Franklin Middle,school,2023,pct_disadv,23.169267707082835
Franklin Middle,school,2023,bully_rate_per_1k,0
Franklin Middle,school,2023,staff_per_1k_students,6.002400960384154
Frost Middle,school,2023,pct_disadv,16.01981833195706
Frost Middle,school,2023,bully_rate_per_1k,0
Frost Middle,school,2023,staff_per_1k_students,5.780346820809248
Glasgow Middle,school,2023,pct_disadv,93.62772498602573
Glasgow Middle,school,2023,bully_rate_per_1k,2.2358859698155396
Glasgow Middle,school,2023,staff_per_1k_students,5.869200670765791
Hayfield Secondary,school,2023,pct_disadv,34.70812182741117
Hayfield Secondary,school,2023,bully_rate_per_1k,1.2690355329949237
Hayfield Secondary,school,2023,staff_per_1k_students,5.710659898477157
Herndon High,school,2023,pct_disadv,55.19425675675676
Herndon High,school,2023,bully_rate_per_1k,0.4222972972972973
Herndon High,school,2023,staff_per_1k_students,6.33445945945946
Herndon Middle,school,2023,pct_disadv,63.82536382536382
Herndon Middle,school,2023,bully_rate_per_1k,1.0395010395010396
Herndon Middle,school,2023,staff_per_1k_students,6.237006237006238
Holmes Middle,school,2023,pct_disadv,66.13816534541337
Holmes Middle,school,2023,bully_rate_per_1k,12.45753114382786
Holmes Middle,school,2023,staff_per_1k_students,7.361268403171008
Hughes Middle,school,2023,pct_disadv,46.7935871743487
Hughes Middle,school,2023,bully_rate_per_1k,6.012024048096192
Hughes Middle,school,2023,staff_per_1k_students,6.513026052104208
Irving Middle,school,2023,pct_disadv,16.495726495726494
Irving Middle,school,2023,bully_rate_per_1k,4.273504273504274
Irving Middle,school,2023,staff_per_1k_students,5.128205128205129
Jackson Middle,school,2023,pct_disadv,58.996212121212125
Jackson Middle,school,2023,bully_rate_per_1k,2.840909090909091
Jackson Middle,school,2023,staff_per_1k_students,5.681818181818182
Johnson Middle,school,2023,pct_disadv,35.28864059590317
Johnson Middle,school,2023,bully_rate_per_1k,7.4487895716946
Johnson Middle,school,2023,staff_per_1k_students,6.517690875232775
Justice High,school,2023,pct_disadv,74.38818565400844
Justice High,school,2023,bully_rate_per_1k,0
Justice High,school,2023,staff_per_1k_students,6.540084388185654
Key Middle,school,2023,pct_disadv,71.95301027900148
Key Middle,school,2023,bully_rate_per_1k,5.873715124816446
Key Middle,school,2023,staff_per_1k_students,9.544787077826726
Kilmer Middle,school,2023,pct_disadv,21.317157712305026
Kilmer Middle,school,2023,bully_rate_per_1k,1.7331022530329288
Kilmer Middle,school,2023,staff_per_1k_students,6.065857885615252
Kings Glen Elementary,school,2023,pct_disadv,30.26004728132388
Kings Glen Elementary,school,2023,bully_rate_per_1k,2.364066193853428
Kings Glen Elementary,school,2023,staff_per_1k_students,2.364066193853428
Lake Braddock Secondary,school,2023,pct_disadv,22.02001819836215
Lake Braddock Secondary,school,2023,bully_rate_per_1k,3.867151956323931
Lake Braddock Secondary,school,2023,staff_per_1k_students,5.004549590536851
Langley High,school,2023,pct_disadv,4.370300751879699
Langley High,school,2023,bully_rate_per_1k,0.4699248120300752
Langley High,school,2023,staff_per_1k_students,6.109022556390977
Lewis High,school,2023,pct_disadv,68.35294117647058
Lewis High,school,2023,bully_rate_per_1k,2.941176470588235
Lewis High,school,2023,staff_per_1k_students,8.823529411764707
Liberty Middle — Fairfax County,school,2023,pct_disadv,37.59479956663056
Liberty Middle — Fairfax County,school,2023,bully_rate_per_1k,3.2502708559046587
Liberty Middle — Fairfax County,school,2023,staff_per_1k_students,6.500541711809317
Longfellow Middle,school,2023,pct_disadv,14.926590538336052
Longfellow Middle,school,2023,bully_rate_per_1k,0.8156606851549756
Longfellow Middle,school,2023,staff_per_1k_students,5.709624796084829
Madison High,school,2023,pct_disadv,12.891172349369452
Madison High,school,2023,bully_rate_per_1k,0.9341429238673516
Madison High,school,2023,staff_per_1k_students,6.071929005137786
Marshall High,school,2023,pct_disadv,25.070688030160227
Marshall High,school,2023,bully_rate_per_1k,0.471253534401508
Marshall High,school,2023,staff_per_1k_students,7.540056550424128
McLean High,school,2023,pct_disadv,13.773431132844337
McLean High,school,2023,bully_rate_per_1k,0
McLean High,school,2023,staff_per_1k_students,5.704971475142624
Mount Vernon High,school,2023,pct_disadv,65.31027466937945
Mount Vernon High,school,2023,bully_rate_per_1k,1.017293997965412
Mount Vernon High,school,2023,staff_per_1k_students,7.121057985757885
Mountain View High — Fairfax County,school,2023,pct_disadv,57.03125
Mountain View High — Fairfax County,school,2023,bully_rate_per_1k,0
Mountain View High — Fairfax County,school,2023,staff_per_1k_students,46.875
Oakton High,school,2023,pct_disadv,15.952732644017726
Oakton High,school,2023,bully_rate_per_1k,0
Oakton High,school,2023,staff_per_1k_students,5.1698670605613
Poe Middle,school,2023,pct_disadv,92.10526315789474
Poe Middle,school,2023,bully_rate_per_1k,2.288329519450801
Poe Middle,school,2023,staff_per_1k_students,8.009153318077804
Robinson Secondary,school,2023,pct_disadv,14.941892639734366
Robinson Secondary,school,2023,bully_rate_per_1k,2.767017155506364
Robinson Secondary,school,2023,staff_per_1k_students,6.3641394576646375
Rocky Run Middle,school,2023,pct_disadv,22.43589743589744
Rocky Run Middle,school,2023,bully_rate_per_1k,3.205128205128205
Rocky Run Middle,school,2023,staff_per_1k_students,6.41025641025641
Sandburg Middle,school,2023,pct_disadv,56.80555555555556
Sandburg Middle,school,2023,bully_rate_per_1k,0
Sandburg Middle,school,2023,staff_per_1k_students,6.944444444444444
South County High,school,2023,pct_disadv,25.999121651295564
South County High,school,2023,bully_rate_per_1k,3.0742204655248133
South County High,school,2023,staff_per_1k_students,5.709266578831796
South County Middle,school,2023,pct_disadv,24.185068349106203
South County Middle,school,2023,bully_rate_per_1k,0
South County Middle,school,2023,staff_per_1k_students,6.309148264984227
South Lakes High,school,2023,pct_disadv,35.57993730407524
South Lakes High,school,2023,bully_rate_per_1k,0.39184952978056425
South Lakes High,school,2023,staff_per_1k_students,6.073667711598746
Stone Middle,school,2023,pct_disadv,42.56259204712813
Stone Middle,school,2023,bully_rate_per_1k,1.4727540500736376
Stone Middle,school,2023,staff_per_1k_students,7.363770250368188
Thomas Jefferson High for Science and Technology,school,2023,pct_disadv,11.97969543147208
Thomas Jefferson High for Science and Technology,school,2023,bully_rate_per_1k,0
Thomas Jefferson High for Science and Technology,school,2023,staff_per_1k_students,6.091370558375634
Thoreau Middle,school,2023,pct_disadv,18.045112781954884
Thoreau Middle,school,2023,bully_rate_per_1k,2.506265664160401
Thoreau Middle,school,2023,staff_per_1k_students,5.012531328320802
Twain Middle,school,2023,pct_disadv,42.78506559031282
Twain Middle,school,2023,bully_rate_per_1k,4.036326942482341
Twain Middle,school,2023,staff_per_1k_students,6.559031281533804
West Potomac High,school,2023,pct_disadv,52.47739602169982
West Potomac High,school,2023,bully_rate_per_1k,0.7233273056057866
West Potomac High,school,2023,staff_per_1k_students,6.509945750452079
West Springfield High,school,2023,pct_disadv,18.399401645474946
West Springfield High,school,2023,bully_rate_per_1k,0
West Springfield High,school,2023,staff_per_1k_students,5.983545250560957
Westfield High,school,2023,pct_disadv,36.27596439169139
Westfield High,school,2023,bully_rate_per_1k,1.483679525222552
Westfield High,school,2023,staff_per_1k_students,5.56379821958457
Whitman Middle,school,2023,pct_disadv,69.73532796317606
Whitman Middle,school,2023,bully_rate_per_1k,1.150747986191024
Whitman Middle,school,2023,staff_per_1k_students,8.05523590333717
Woodson High,school,2023,pct_disadv,14.65863453815261
Woodson High,school,2023,bully_rate_per_1k,0
Woodson High,school,2023,staff_per_1k_students,6.224899598393574
Mary Ellen Henderson Middle School,school,2023,pct_disadv,7.903780068728522
Mary Ellen Henderson Middle School,school,2023,bully_rate_per_1k,0
Mary Ellen Henderson Middle School,school,2023,staff_per_1k_students,7.216494845360825
Meridian High School,school,2023,pct_disadv,9.142857142857142
Meridian High School,school,2023,bully_rate_per_1k,6.857142857142857
Meridian High School,school,2023,staff_per_1k_students,8.914285714285715
Auburn Middle — Fauquier County,school,2023,pct_disadv,14.259927797833935
Auburn Middle — Fauquier County,school,2023,bully_rate_per_1k,3.6101083032490977
Auburn Middle — Fauquier County,school,2023,staff_per_1k_students,3.6101083032490977
Cedar Lee Middle,school,2023,pct_disadv,51.47540983606558
Cedar Lee Middle,school,2023,bully_rate_per_1k,0
Cedar Lee Middle,school,2023,staff_per_1k_students,3.278688524590164
Fauquier High,school,2023,pct_disadv,28.890799656061912
Fauquier High,school,2023,bully_rate_per_1k,0
Fauquier High,school,2023,staff_per_1k_students,6.0189165950128976
Kettle Run High,school,2023,pct_disadv,13.91880695940348
Kettle Run High,school,2023,bully_rate_per_1k,0
Kettle Run High,school,2023,staff_per_1k_students,4.971002485501243
Liberty High — Fauquier County,school,2023,pct_disadv,44.05543398978848
Liberty High — Fauquier County,school,2023,bully_rate_per_1k,0.7293946024799417
Liberty High — Fauquier County,school,2023,staff_per_1k_students,4.3763676148796495
Marshall Middle,school,2023,pct_disadv,36.69064748201439
Marshall Middle,school,2023,bully_rate_per_1k,2.398081534772182
Marshall Middle,school,2023,staff_per_1k_students,1.199040767386091
W.C. Taylor Middle,school,2023,pct_disadv,36.15560640732266
W.C. Taylor Middle,school,2023,bully_rate_per_1k,6.864988558352402
W.C. Taylor Middle,school,2023,staff_per_1k_students,3.432494279176201
Floyd County High,school,2023,pct_disadv,42.2475106685633
Floyd County High,school,2023,bully_rate_per_1k,2.8449502133712663
Floyd County High,school,2023,staff_per_1k_students,2.8449502133712663
Fluvanna County High,school,2023,pct_disadv,35.862995298858294
Fluvanna County High,school,2023,bully_rate_per_1k,1.343183344526528
Fluvanna County High,school,2023,staff_per_1k_students,6.044325050369375
Fluvanna Middle,school,2023,pct_disadv,41.15334207077326
Fluvanna Middle,school,2023,bully_rate_per_1k,1.3106159895150722
Fluvanna Middle,school,2023,staff_per_1k_students,4.587155963302752
Franklin High,school,2023,pct_disadv,65.07936507936508
Franklin High,school,2023,bully_rate_per_1k,42.32804232804233
Franklin High,school,2023,staff_per_1k_students,5.291005291005291
Benjamin Franklin Middle,school,2023,pct_disadv,47.24409448818898
Benjamin Franklin Middle,school,2023,bully_rate_per_1k,3.5790980672870436
Benjamin Franklin Middle,school,2023,staff_per_1k_students,5.72655690765927
Franklin County High,school,2023,pct_disadv,43.43487394957983
Franklin County High,school,2023,bully_rate_per_1k,3.1512605042016806
Franklin County High,school,2023,staff_per_1k_students,5.2521008403361344
Admiral Richard E. Byrd Middle,school,2023,pct_disadv,34.452736318407965
Admiral Richard E. Byrd Middle,school,2023,bully_rate_per_1k,1.243781094527363
Admiral Richard E. Byrd Middle,school,2023,staff_per_1k_students,3.7313432835820897
Frederick County Middle,school,2023,pct_disadv,39.41411451398136
Frederick County Middle,school,2023,bully_rate_per_1k,3.9946737683089215
Frederick County Middle,school,2023,staff_per_1k_students,3.9946737683089215
James Wood High,school,2023,pct_disadv,32.47566063977747
James Wood High,school,2023,bully_rate_per_1k,0.6954102920723226
James Wood High,school,2023,staff_per_1k_students,3.4770514603616136
James Wood Middle,school,2023,pct_disadv,51.30759651307597
James Wood Middle,school,2023,bully_rate_per_1k,3.7359900373599007
James Wood Middle,school,2023,staff_per_1k_students,3.7359900373599007
Millbrook High,school,2023,pct_disadv,43.04548450889914
Millbrook High,school,2023,bully_rate_per_1k,0
Millbrook High,school,2023,staff_per_1k_students,3.955174686882004
Robert E. Aylor Middle,school,2023,pct_disadv,41.67709637046307
Robert E. Aylor Middle,school,2023,bully_rate_per_1k,2.5031289111389237
Robert E. Aylor Middle,school,2023,staff_per_1k_students,3.7546933667083855
Sherando High,school,2023,pct_disadv,33.793517406962785
Sherando High,school,2023,bully_rate_per_1k,1.2004801920768309
Sherando High,school,2023,staff_per_1k_students,3.001200480192077
James Monroe High,school,2023,pct_disadv,46.40718562874252
James Monroe High,school,2023,bully_rate_per_1k,3.992015968063872
James Monroe High,school,2023,staff_per_1k_students,3.992015968063872
Walker-Grant Middle,school,2023,pct_disadv,57.599999999999994
Walker-Grant Middle,school,2023,bully_rate_per_1k,14.666666666666666
Walker-Grant Middle,school,2023,staff_per_1k_students,6.666666666666667
Galax High,school,2023,pct_disadv,57.25593667546174
Galax High,school,2023,bully_rate_per_1k,5.277044854881266
Galax High,school,2023,staff_per_1k_students,12.13720316622691
Galax Middle,school,2023,pct_disadv,60.48632218844985
Galax Middle,school,2023,bully_rate_per_1k,9.11854103343465
Galax Middle,school,2023,staff_per_1k_students,3.0395136778115504
Giles High,school,2023,pct_disadv,41.88163884673748
Giles High,school,2023,bully_rate_per_1k,1.5174506828528074
Giles High,school,2023,staff_per_1k_students,3.0349013657056148
Narrows High,school,2023,pct_disadv,42.33576642335766
Narrows High,school,2023,bully_rate_per_1k,7.299270072992701
Narrows High,school,2023,staff_per_1k_students,2.4330900243309004
Gloucester High,school,2023,pct_disadv,41.27604166666667
Gloucester High,school,2023,bully_rate_per_1k,4.557291666666667
Gloucester High,school,2023,staff_per_1k_students,3.2552083333333335
Page Middle,school,2023,pct_disadv,44.57831325301205
Page Middle,school,2023,bully_rate_per_1k,20.654044750430295
Page Middle,school,2023,staff_per_1k_students,3.442340791738382
Peasley Middle,school,2023,pct_disadv,37.58064516129032
Peasley Middle,school,2023,bully_rate_per_1k,9.67741935483871
Peasley Middle,school,2023,staff_per_1k_students,3.225806451612903
Goochland High,school,2023,pct_disadv,27.752808988764045
Goochland High,school,2023,bully_rate_per_1k,4.49438202247191
Goochland High,school,2023,staff_per_1k_students,5.617977528089887
Goochland Middle,school,2023,pct_disadv,32.22996515679443
Goochland Middle,school,2023,bully_rate_per_1k,3.484320557491289
Goochland Middle,school,2023,staff_per_1k_students,3.484320557491289
Grayson County High,school,2023,pct_disadv,56.774193548387096
Grayson County High,school,2023,bully_rate_per_1k,10.752688172043012
Grayson County High,school,2023,staff_per_1k_students,4.301075268817204
Independence Middle — Grayson County,school,2023,pct_disadv,60.68702290076335
Independence Middle — Grayson County,school,2023,bully_rate_per_1k,11.450381679389311
Independence Middle — Grayson County,school,2023,staff_per_1k_students,3.8167938931297702
William Monroe High,school,2023,pct_disadv,42.31974921630094
William Monroe High,school,2023,bully_rate_per_1k,1.0449320794148382
William Monroe High,school,2023,staff_per_1k_students,7.6802507836990594
William Monroe Middle,school,2023,pct_disadv,43.7037037037037
William Monroe Middle,school,2023,bully_rate_per_1k,0
William Monroe Middle,school,2023,staff_per_1k_students,6.0740740740740735
Edward W. Wyatt Middle,school,2023,pct_disadv,66.59242761692651
Edward W. Wyatt Middle,school,2023,bully_rate_per_1k,2.2271714922048997
Edward W. Wyatt Middle,school,2023,staff_per_1k_students,4.4543429844097995
Greensville County High,school,2023,pct_disadv,72.48764415156508
Greensville County High,school,2023,bully_rate_per_1k,0
Greensville County High,school,2023,staff_per_1k_students,3.2948929159802307
Halifax County High,school,2023,pct_disadv,53.13837375178316
Halifax County High,school,2023,bully_rate_per_1k,2.8530670470756063
Halifax County High,school,2023,staff_per_1k_students,4.279600570613409
Halifax County Middle,school,2023,pct_disadv,59.45945945945946
Halifax County Middle,school,2023,bully_rate_per_1k,0
Halifax County Middle,school,2023,staff_per_1k_students,6.486486486486486
Benjamin Syms Middle,school,2023,pct_disadv,56.187290969899664
Benjamin Syms Middle,school,2023,bully_rate_per_1k,1.1148272017837235
Benjamin Syms Middle,school,2023,staff_per_1k_students,4.459308807134894
Bethel High,school,2023,pct_disadv,49.352841868317384
Bethel High,school,2023,bully_rate_per_1k,0.5627462014631401
Bethel High,school,2023,staff_per_1k_students,5.6274620146314005
C. Alton Lindsay Middle,school,2023,pct_disadv,65.06364922206507
C. Alton Lindsay Middle,school,2023,bully_rate_per_1k,9.9009900990099
C. Alton Lindsay Middle,school,2023,staff_per_1k_students,5.657708628005658
Cesar Tarrant Middle,school,2023,pct_disadv,55.02958579881657
Cesar Tarrant Middle,school,2023,bully_rate_per_1k,2.9585798816568047
Cesar Tarrant Middle,school,2023,staff_per_1k_students,2.9585798816568047
Francis W. Jones Magnet Middle,school,2023,pct_disadv,41.80327868852459
Francis W. Jones Magnet Middle,school,2023,bully_rate_per_1k,0
Francis W. Jones Magnet Middle,school,2023,staff_per_1k_students,3.278688524590164
Hampton High,school,2023,pct_disadv,57.02722590139808
Hampton High,school,2023,bully_rate_per_1k,2.207505518763797
Hampton High,school,2023,staff_per_1k_students,5.886681383370125
Kecoughtan High,school,2023,pct_disadv,43.41432225063939
Kecoughtan High,school,2023,bully_rate_per_1k,0.639386189258312
Kecoughtan High,school,2023,staff_per_1k_students,5.754475703324808
Phoebus High,school,2023,pct_disadv,57.21611721611721
Phoebus High,school,2023,bully_rate_per_1k,2.197802197802198
Phoebus High,school,2023,staff_per_1k_students,5.86080586080586
Thomas Eaton Middle,school,2023,pct_disadv,47.14038128249567
Thomas Eaton Middle,school,2023,bully_rate_per_1k,3.4662045060658575
Thomas Eaton Middle,school,2023,staff_per_1k_students,3.4662045060658575
Atlee High,school,2023,pct_disadv,20.31454783748362
Atlee High,school,2023,bully_rate_per_1k,0
Atlee High,school,2023,staff_per_1k_students,6.061598951507208
Bell Creek Middle,school,2023,pct_disadv,43.683083511777305
Bell Creek Middle,school,2023,bully_rate_per_1k,1.0706638115631693
Bell Creek Middle,school,2023,staff_per_1k_students,5.620985010706638
Chickahominy Middle,school,2023,pct_disadv,21.131741821396993
Chickahominy Middle,school,2023,bully_rate_per_1k,0.8841732979664013
Chickahominy Middle,school,2023,staff_per_1k_students,5.083996463306808
Hanover High,school,2023,pct_disadv,21.303433777154872
Hanover High,school,2023,bully_rate_per_1k,0
Hanover High,school,2023,staff_per_1k_students,8.234057463209531
Liberty Middle — Hanover County,school,2023,pct_disadv,42.700329308452254
Liberty Middle — Hanover County,school,2023,bully_rate_per_1k,4.390779363336993
Liberty Middle — Hanover County,school,2023,staff_per_1k_students,9.055982436882546
Mechanicsville High,school,2023,pct_disadv,35.81979320531758
Mechanicsville High,school,2023,bully_rate_per_1k,0.7385524372230429
Mechanicsville High,school,2023,staff_per_1k_students,8.308714918759232
Oak Knoll Middle,school,2023,pct_disadv,19.872476089266737
Oak Knoll Middle,school,2023,bully_rate_per_1k,0
Oak Knoll Middle,school,2023,staff_per_1k_students,7.704569606801275
Patrick Henry High — Hanover County,school,2023,pct_disadv,39.15343915343915
Patrick Henry High — Hanover County,school,2023,bully_rate_per_1k,0
Patrick Henry High — Hanover County,school,2023,staff_per_1k_students,9.63718820861678
Harrisonburg High,school,2023,pct_disadv,48.07987711213518
Harrisonburg High,school,2023,bully_rate_per_1k,0.5120327700972862
Harrisonburg High,school,2023,staff_per_1k_students,4.608294930875576
Skyline Middle — Harrisonburg City,school,2023,pct_disadv,54.51936872309899
Skyline Middle — Harrisonburg City,school,2023,bully_rate_per_1k,4.30416068866571
Skyline Middle — Harrisonburg City,school,2023,staff_per_1k_students,7.173601147776184
Thomas Harrison Middle,school,2023,pct_disadv,46.897546897546896
Thomas Harrison Middle,school,2023,bully_rate_per_1k,4.329004329004329
Thomas Harrison Middle,school,2023,staff_per_1k_students,7.215007215007215
Brookland Middle,school,2023,pct_disadv,61.731843575419
Brookland Middle,school,2023,bully_rate_per_1k,5.58659217877095
Brookland Middle,school,2023,staff_per_1k_students,3.7243947858473
Deep Run High,school,2023,pct_disadv,11.39615194869265
Deep Run High,school,2023,bully_rate_per_1k,0.493339911198816
Deep Run High,school,2023,staff_per_1k_students,2.9600394671928956
Douglas S. Freeman High,school,2023,pct_disadv,35.537634408602145
Douglas S. Freeman High,school,2023,bully_rate_per_1k,0.5376344086021505
Douglas S. Freeman High,school,2023,staff_per_1k_students,3.225806451612903
Elko Middle,school,2023,pct_disadv,61.917808219178085
Elko Middle,school,2023,bully_rate_per_1k,0
Elko Middle,school,2023,staff_per_1k_students,5.47945205479452
Fairfield Middle,school,2023,pct_disadv,64.6403242147923
Fairfield Middle,school,2023,bully_rate_per_1k,2.026342451874367
Fairfield Middle,school,2023,staff_per_1k_students,4.052684903748734
George H. Moody Middle,school,2023,pct_disadv,32.36940298507462
George H. Moody Middle,school,2023,bully_rate_per_1k,4.664179104477611
George H. Moody Middle,school,2023,staff_per_1k_students,3.7313432835820897
Glen Allen High,school,2023,pct_disadv,24.32701894317049
Glen Allen High,school,2023,bully_rate_per_1k,0
Glen Allen High,school,2023,staff_per_1k_students,2.991026919242273
Henrico High,school,2023,pct_disadv,53.338278931750736
Henrico High,school,2023,bully_rate_per_1k,0.741839762611276
Henrico High,school,2023,staff_per_1k_students,4.451038575667656
Hermitage High,school,2023,pct_disadv,50.844496214327314
Hermitage High,school,2023,bully_rate_per_1k,0
Hermitage High,school,2023,staff_per_1k_students,3.4944670937682005
Highland Springs High,school,2023,pct_disadv,58.59262805169938
Highland Springs High,school,2023,bully_rate_per_1k,0.9573958831977024
Highland Springs High,school,2023,staff_per_1k_students,3.350885591191958
Holman Middle,school,2023,pct_disadv,34.470588235294116
Holman Middle,school,2023,bully_rate_per_1k,7.058823529411765
Holman Middle,school,2023,staff_per_1k_students,3.5294117647058827
Hungary Creek Middle,school,2023,pct_disadv,37.51507840772014
Hungary Creek Middle,school,2023,bully_rate_per_1k,7.237635705669481
Hungary Creek Middle,school,2023,staff_per_1k_students,3.618817852834741
John Randolph Tucker High,school,2023,pct_disadv,52.24425887265136
John Randolph Tucker High,school,2023,bully_rate_per_1k,0
John Randolph Tucker High,school,2023,staff_per_1k_students,3.131524008350731
John Rolfe Middle,school,2023,pct_disadv,65.0523560209424
John Rolfe Middle,school,2023,bully_rate_per_1k,5.235602094240838
John Rolfe Middle,school,2023,staff_per_1k_students,5.235602094240838
L. Douglas Wilder Middle,school,2023,pct_disadv,55.584756898817346
L. Douglas Wilder Middle,school,2023,bully_rate_per_1k,5.256241787122208
L. Douglas Wilder Middle,school,2023,staff_per_1k_students,5.256241787122208
Mills E. Godwin High,school,2023,pct_disadv,22.39142695995488
Mills E. Godwin High,school,2023,bully_rate_per_1k,0
Mills E. Godwin High,school,2023,staff_per_1k_students,3.3840947546531304
Pocahontas Middle,school,2023,pct_disadv,25.333333333333336
Pocahontas Middle,school,2023,bully_rate_per_1k,1.2121212121212122
Pocahontas Middle,school,2023,staff_per_1k_students,3.636363636363636
Quioccasin Middle,school,2023,pct_disadv,45
Quioccasin Middle,school,2023,bully_rate_per_1k,8.653846153846155
Quioccasin Middle,school,2023,staff_per_1k_students,3.8461538461538463
Short Pump Middle,school,2023,pct_disadv,13.129496402877695
Short Pump Middle,school,2023,bully_rate_per_1k,1.7985611510791368
Short Pump Middle,school,2023,staff_per_1k_students,3.5971223021582737
Tuckahoe Middle,school,2023,pct_disadv,37.78664007976072
Tuckahoe Middle,school,2023,bully_rate_per_1k,6.979062811565304
Tuckahoe Middle,school,2023,staff_per_1k_students,3.9880358923230306
Varina High,school,2023,pct_disadv,53.45195729537367
Varina High,school,2023,bully_rate_per_1k,0
Varina High,school,2023,staff_per_1k_students,4.270462633451958
Bassett High,school,2023,pct_disadv,68.74435411020777
Bassett High,school,2023,bully_rate_per_1k,0
Bassett High,school,2023,staff_per_1k_students,4.5167118337850045
Fieldale-Collinsville Middle,school,2023,pct_disadv,69.8136645962733
Fieldale-Collinsville Middle,school,2023,bully_rate_per_1k,2.4844720496894412
Fieldale-Collinsville Middle,school,2023,staff_per_1k_students,3.7267080745341614
Laurel Park Middle,school,2023,pct_disadv,66.41221374045801
Laurel Park Middle,school,2023,bully_rate_per_1k,25.44529262086514
Laurel Park Middle,school,2023,staff_per_1k_students,4.452926208651399
Magna Vista High,school,2023,pct_disadv,58.60507246376812
Magna Vista High,school,2023,bully_rate_per_1k,0.9057971014492754
Magna Vista High,school,2023,staff_per_1k_students,4.076086956521739
Highland High,school,2023,pct_disadv,33.980582524271846
Highland High,school,2023,bully_rate_per_1k,0
Highland High,school,2023,staff_per_1k_students,4.854368932038835
Carter G. Woodson Middle,school,2023,pct_disadv,94.91525423728814
Carter G. Woodson Middle,school,2023,bully_rate_per_1k,8.474576271186441
Carter G. Woodson Middle,school,2023,staff_per_1k_students,3.6319612590799033
Hopewell High,school,2023,pct_disadv,93.75
Hopewell High,school,2023,bully_rate_per_1k,4.401408450704226
Hopewell High,school,2023,staff_per_1k_students,4.401408450704226
Georgie D. Tyler Middle,school,2023,pct_disadv,39.2
Georgie D. Tyler Middle,school,2023,bully_rate_per_1k,16
Georgie D. Tyler Middle,school,2023,staff_per_1k_students,4.426666666666668
Smithfield High,school,2023,pct_disadv,31.60237388724035
Smithfield High,school,2023,bully_rate_per_1k,0
Smithfield High,school,2023,staff_per_1k_students,3.449554896142433
Smithfield Middle,school,2023,pct_disadv,37.868852459016395
Smithfield Middle,school,2023,bully_rate_per_1k,3.278688524590164
Smithfield Middle,school,2023,staff_per_1k_students,4.360655737704918
Westside Elementary,school,2023,pct_disadv,30.589849108367627
Westside Elementary,school,2023,bully_rate_per_1k,0
Westside Elementary,school,2023,staff_per_1k_students,5.253772290809328
Windsor High,school,2023,pct_disadv,37.381404174573056
Windsor High,school,2023,bully_rate_per_1k,1.8975332068311197
Windsor High,school,2023,staff_per_1k_students,4.421252371916508
King George High,school,2023,pct_disadv,31.161853593015447
King George High,school,2023,bully_rate_per_1k,9.402283411685696
King George High,school,2023,staff_per_1k_students,5.372733378106112
King George Middle,school,2023,pct_disadv,32.26773226773227
King George Middle,school,2023,bully_rate_per_1k,43.95604395604395
King George Middle,school,2023,staff_per_1k_students,2.997002997002997
Hamilton Holmes Middle,school,2023,pct_disadv,40.22222222222222
Hamilton Holmes Middle,school,2023,bully_rate_per_1k,4.444444444444445
Hamilton Holmes Middle,school,2023,staff_per_1k_students,4.444444444444445
King William High,school,2023,pct_disadv,36.7816091954023
King William High,school,2023,bully_rate_per_1k,1.4367816091954022
King William High,school,2023,staff_per_1k_students,2.8735632183908044
Central High — King and Queen County,school,2023,pct_disadv,65.2014652014652
Central High — King and Queen County,school,2023,bully_rate_per_1k,21.978021978021975
Central High — King and Queen County,school,2023,staff_per_1k_students,7.326007326007326
Lancaster High,school,2023,pct_disadv,58.80893300248139
Lancaster High,school,2023,bully_rate_per_1k,4.962779156327543
Lancaster High,school,2023,staff_per_1k_students,7.444168734491315
Elydale Middle,school,2023,pct_disadv,61.87050359712231
Elydale Middle,school,2023,bully_rate_per_1k,0
Elydale Middle,school,2023,staff_per_1k_students,7.194244604316547
Jonesville Middle,school,2023,pct_disadv,56.85483870967742
Jonesville Middle,school,2023,bully_rate_per_1k,0
Jonesville Middle,school,2023,staff_per_1k_students,4.032258064516129
Lee High,school,2023,pct_disadv,62.740076824583866
Lee High,school,2023,bully_rate_per_1k,0
Lee High,school,2023,staff_per_1k_students,2.560819462227913
Pennington Middle,school,2023,pct_disadv,76.27737226277372
Pennington Middle,school,2023,bully_rate_per_1k,0
Pennington Middle,school,2023,staff_per_1k_students,3.6496350364963503
Thomas Walker High,school,2023,pct_disadv,56.83453237410072
Thomas Walker High,school,2023,bully_rate_per_1k,0
Thomas Walker High,school,2023,staff_per_1k_students,3.5971223021582737
Lylburn Downing Middle,school,2023,pct_disadv,25.925925925925924
Lylburn Downing Middle,school,2023,bully_rate_per_1k,12.34567901234568
Lylburn Downing Middle,school,2023,staff_per_1k_students,6.172839506172839
Belmont Ridge Middle,school,2023,pct_disadv,18.22429906542056
Belmont Ridge Middle,school,2023,bully_rate_per_1k,4.672897196261682
Belmont Ridge Middle,school,2023,staff_per_1k_students,3.7383177570093458
Blue Ridge Middle,school,2023,pct_disadv,15.835411471321695
Blue Ridge Middle,school,2023,bully_rate_per_1k,2.493765586034913
Blue Ridge Middle,school,2023,staff_per_1k_students,3.740648379052369
Brambleton Middle,school,2023,pct_disadv,9.057301293900183
Brambleton Middle,school,2023,bully_rate_per_1k,7.393715341959335
Brambleton Middle,school,2023,staff_per_1k_students,4.004929143561306
Briar Woods High,school,2023,pct_disadv,11.313246162592382
Briar Woods High,school,2023,bully_rate_per_1k,0
Briar Woods High,school,2023,staff_per_1k_students,5.11654349061967
Broad Run High,school,2023,pct_disadv,27.186910006293267
Broad Run High,school,2023,bully_rate_per_1k,0.6293266205160478
Broad Run High,school,2023,staff_per_1k_students,3.775959723096287
Dominion High,school,2023,pct_disadv,44.002650762094106
Dominion High,school,2023,bully_rate_per_1k,1.3253810470510272
Dominion High,school,2023,staff_per_1k_students,3.976143141153081
Eagle Ridge Middle,school,2023,pct_disadv,10.364842454394694
Eagle Ridge Middle,school,2023,bully_rate_per_1k,2.487562189054726
Eagle Ridge Middle,school,2023,staff_per_1k_students,3.316749585406302
Farmwell Station Middle,school,2023,pct_disadv,29.629629629629623
Farmwell Station Middle,school,2023,bully_rate_per_1k,0
Farmwell Station Middle,school,2023,staff_per_1k_students,3.898635477582846
Freedom High — Loudoun County,school,2023,pct_disadv,14.185814185814186
Freedom High — Loudoun County,school,2023,bully_rate_per_1k,0.4995004995004995
Freedom High — Loudoun County,school,2023,staff_per_1k_students,4.495504495504496
Harmony Middle,school,2023,pct_disadv,11.970534069981584
Harmony Middle,school,2023,bully_rate_per_1k,7.366482504604051
Harmony Middle,school,2023,staff_per_1k_students,3.6832412523020257
Harper Park Middle,school,2023,pct_disadv,31.44208037825059
Harper Park Middle,school,2023,bully_rate_per_1k,8.274231678486997
Harper Park Middle,school,2023,staff_per_1k_students,4.7281323877068555
Heritage High — Loudoun County,school,2023,pct_disadv,31.94822888283379
Heritage High — Loudoun County,school,2023,bully_rate_per_1k,0
Heritage High — Loudoun County,school,2023,staff_per_1k_students,5.449591280653951
Independence High,school,2023,pct_disadv,9.945571499257792
Independence High,school,2023,bully_rate_per_1k,0.9896091044037606
Independence High,school,2023,staff_per_1k_students,3.9584364176150424
J. Lupton Simpson Middle,school,2023,pct_disadv,25.87268993839836
J. Lupton Simpson Middle,school,2023,bully_rate_per_1k,12.320328542094456
J. Lupton Simpson Middle,school,2023,staff_per_1k_students,4.106776180698152
J. Michael Lunsford Middle,school,2023,pct_disadv,15.963855421686745
J. Michael Lunsford Middle,school,2023,bully_rate_per_1k,4.518072289156627
J. Michael Lunsford Middle,school,2023,staff_per_1k_students,4.518072289156627
John Champe High,school,2023,pct_disadv,20.875
John Champe High,school,2023,bully_rate_per_1k,1.875
John Champe High,school,2023,staff_per_1k_students,5.375
Lightridge High,school,2023,pct_disadv,9.542631281761716
Lightridge High,school,2023,bully_rate_per_1k,1.6939582156973465
Lightridge High,school,2023,staff_per_1k_students,4.234895539243365
Loudoun County High,school,2023,pct_disadv,26.28497072218607
Loudoun County High,school,2023,bully_rate_per_1k,1.951854261548471
Loudoun County High,school,2023,staff_per_1k_students,4.554326610279766
Loudoun Valley High,school,2023,pct_disadv,15.021097046413502
Loudoun Valley High,school,2023,bully_rate_per_1k,0
Loudoun Valley High,school,2023,staff_per_1k_students,5.063291139240507
Gum Spring Middle,school,2023,pct_disadv,18.115942028985508
Gum Spring Middle,school,2023,bully_rate_per_1k,1.4492753623188406
Gum Spring Middle,school,2023,staff_per_1k_students,3.6231884057971016
Park View High,school,2023,pct_disadv,75.840768702814
Park View High,school,2023,bully_rate_per_1k,0
Park View High,school,2023,staff_per_1k_students,6.177076183939602
Potomac Falls High,school,2023,pct_disadv,35.199004975124375
Potomac Falls High,school,2023,bully_rate_per_1k,2.487562189054726
Potomac Falls High,school,2023,staff_per_1k_students,4.353233830845771
River Bend Middle,school,2023,pct_disadv,37.38156761412576
River Bend Middle,school,2023,bully_rate_per_1k,5.167958656330749
River Bend Middle,school,2023,staff_per_1k_students,3.4453057708871664
Riverside High,school,2023,pct_disadv,17.008310249307478
Riverside High,school,2023,bully_rate_per_1k,0
Riverside High,school,2023,staff_per_1k_students,4.709141274238227
Rock Ridge High,school,2023,pct_disadv,19.61459050240881
Rock Ridge High,school,2023,bully_rate_per_1k,0
Rock Ridge High,school,2023,staff_per_1k_students,4.129387474191328
Seneca Ridge Middle,school,2023,pct_disadv,46.288209606986904
Seneca Ridge Middle,school,2023,bully_rate_per_1k,8.73362445414847
Seneca Ridge Middle,school,2023,staff_per_1k_students,4.366812227074235
Smart's Mill Middle,school,2023,pct_disadv,36.04118993135012
Smart's Mill Middle,school,2023,bully_rate_per_1k,5.720823798627002
Smart's Mill Middle,school,2023,staff_per_1k_students,3.432494279176201
Sterling Middle,school,2023,pct_disadv,79.32692307692307
Sterling Middle,school,2023,bully_rate_per_1k,0.9615384615384616
Sterling Middle,school,2023,staff_per_1k_students,4.807692307692308
Stone Bridge High,school,2023,pct_disadv,15.59202813599062
Stone Bridge High,school,2023,bully_rate_per_1k,1.1723329425556857
Stone Bridge High,school,2023,staff_per_1k_students,4.9824150058616645
Stone Hill Middle,school,2023,pct_disadv,15.135135135135137
Stone Hill Middle,school,2023,bully_rate_per_1k,0
Stone Hill Middle,school,2023,staff_per_1k_students,3.603603603603604
Trailside Middle,school,2023,pct_disadv,19.200695047784535
Trailside Middle,school,2023,bully_rate_per_1k,12.16333622936577
Trailside Middle,school,2023,staff_per_1k_students,3.475238922675934
Tuscarora High,school,2023,pct_disadv,36.344389555398735
Tuscarora High,school,2023,bully_rate_per_1k,3.5285815102328866
Tuscarora High,school,2023,staff_per_1k_students,4.940014114326042
W.O. Robey High,school,2023,pct_disadv,93.5483870967742
W.O. Robey High,school,2023,bully_rate_per_1k,0
W.O. Robey High,school,2023,staff_per_1k_students,32.25806451612903
Willard Middle,school,2023,pct_disadv,8.254568367989918
Willard Middle,school,2023,bully_rate_per_1k,5.040957781978576
Willard Middle,school,2023,staff_per_1k_students,3.780718336483932
Woodgrove High,school,2023,pct_disadv,13.511830635118308
Woodgrove High,school,2023,bully_rate_per_1k,1.2453300124533002
Woodgrove High,school,2023,staff_per_1k_students,4.981320049813201
Louisa County High,school,2023,pct_disadv,39.56442831215971
Louisa County High,school,2023,bully_rate_per_1k,3.0248033877797944
Louisa County High,school,2023,staff_per_1k_students,3.0248033877797944
Louisa County Middle,school,2023,pct_disadv,40.19097222222222
Louisa County Middle,school,2023,bully_rate_per_1k,6.944444444444444
Louisa County Middle,school,2023,staff_per_1k_students,3.472222222222222
Central High — Lunenburg County,school,2023,pct_disadv,54.94949494949495
Central High — Lunenburg County,school,2023,bully_rate_per_1k,16.161616161616163
Central High — Lunenburg County,school,2023,staff_per_1k_students,6.565656565656566
Lunenburg Middle,school,2023,pct_disadv,59.63855421686747
Lunenburg Middle,school,2023,bully_rate_per_1k,6.024096385542169
Lunenburg Middle,school,2023,staff_per_1k_students,6.77710843373494
E.C. Glass High,school,2023,pct_disadv,50.49056603773585
E.C. Glass High,school,2023,bully_rate_per_1k,0
E.C. Glass High,school,2023,staff_per_1k_students,1.9471698113207547
Heritage High — Lynchburg City,school,2023,pct_disadv,60.764212488350424
Heritage High — Lynchburg City,school,2023,bully_rate_per_1k,1.863932898415657
Heritage High — Lynchburg City,school,2023,staff_per_1k_students,2.059645852749301
Linkhorne Middle,school,2023,pct_disadv,61.60409556313993
Linkhorne Middle,school,2023,bully_rate_per_1k,0
Linkhorne Middle,school,2023,staff_per_1k_students,5.1194539249146755
Paul Laurence Dunbar Middle for Innovation,school,2023,pct_disadv,63.2768361581921
Paul Laurence Dunbar Middle for Innovation,school,2023,bully_rate_per_1k,0
Paul Laurence Dunbar Middle for Innovation,school,2023,staff_per_1k_students,4.161958568738229
Sandusky Middle,school,2023,pct_disadv,69.19014084507043
Sandusky Middle,school,2023,bully_rate_per_1k,8.802816901408452
Sandusky Middle,school,2023,staff_per_1k_students,6.073943661971832
Madison County High,school,2023,pct_disadv,45.357142857142854
Madison County High,school,2023,bully_rate_per_1k,3.571428571428571
Madison County High,school,2023,staff_per_1k_students,6.25
William H. Wetsel Middle,school,2023,pct_disadv,45.68527918781726
William H. Wetsel Middle,school,2023,bully_rate_per_1k,0
William H. Wetsel Middle,school,2023,staff_per_1k_students,5.076142131979695
Baldwin Intermediate,school,2023,pct_disadv,47.30769230769231
Baldwin Intermediate,school,2023,bully_rate_per_1k,0
Baldwin Intermediate,school,2023,staff_per_1k_students,7.6923076923076925
Grace E. Metz Middle,school,2023,pct_disadv,46.73321234119782
Grace E. Metz Middle,school,2023,bully_rate_per_1k,1.8148820326678765
Grace E. Metz Middle,school,2023,staff_per_1k_students,7.259528130671506
Mayfield Intermediate,school,2023,pct_disadv,47.85714285714286
Mayfield Intermediate,school,2023,bully_rate_per_1k,2.380952380952382
Mayfield Intermediate,school,2023,staff_per_1k_students,8.333333333333334
Osbourn High,school,2023,pct_disadv,43.94329896907217
Osbourn High,school,2023,bully_rate_per_1k,0.42955326460481097
Osbourn High,school,2023,staff_per_1k_students,6.8728522336769755
Manassas Park High,school,2023,pct_disadv,42.98401420959148
Manassas Park High,school,2023,bully_rate_per_1k,0
Manassas Park High,school,2023,staff_per_1k_students,4.440497335701599
Manassas Park Middle,school,2023,pct_disadv,48.673740053050395
Manassas Park Middle,school,2023,bully_rate_per_1k,2.6525198938992043
Manassas Park Middle,school,2023,staff_per_1k_students,5.305039787798409
Martinsville High,school,2023,pct_disadv,68.26241134751773
Martinsville High,school,2023,bully_rate_per_1k,1.7730496453900708
Martinsville High,school,2023,staff_per_1k_students,5.319148936170213
Martinsville Middle,school,2023,pct_disadv,80.6615776081425
Martinsville Middle,school,2023,bully_rate_per_1k,5.089058524173028
Martinsville Middle,school,2023,staff_per_1k_students,5.089058524173028
Mathews High,school,2023,pct_disadv,43.225806451612904
Mathews High,school,2023,bully_rate_per_1k,3.225806451612903
Mathews High,school,2023,staff_per_1k_students,6.451612903225806
Thomas Hunter Middle,school,2023,pct_disadv,51.590106007067135
Thomas Hunter Middle,school,2023,bully_rate_per_1k,28.268551236749115
Thomas Hunter Middle,school,2023,staff_per_1k_students,3.5335689045936394
Mecklenburg County High,school,2023,pct_disadv,51.975945017182134
Mecklenburg County High,school,2023,bully_rate_per_1k,0.8591065292096219
Mecklenburg County High,school,2023,staff_per_1k_students,3.865979381443299
Mecklenburg County Middle,school,2023,pct_disadv,60.297482837528605
Mecklenburg County Middle,school,2023,bully_rate_per_1k,22.88329519450801
Mecklenburg County Middle,school,2023,staff_per_1k_students,3.432494279176201
Middlesex High,school,2023,pct_disadv,58.95953757225434
Middlesex High,school,2023,bully_rate_per_1k,8.670520231213873
Middlesex High,school,2023,staff_per_1k_students,5.780346820809248
St. Clare Walker Middle,school,2023,pct_disadv,66.55052264808361
St. Clare Walker Middle,school,2023,bully_rate_per_1k,20.905923344947738
St. Clare Walker Middle,school,2023,staff_per_1k_students,3.484320557491289
Auburn High,school,2023,pct_disadv,43.60313315926893
Auburn High,school,2023,bully_rate_per_1k,0
Auburn High,school,2023,staff_per_1k_students,3.472584856396867
Auburn Middle — Montgomery County,school,2023,pct_disadv,41.11498257839721
Auburn Middle — Montgomery County,school,2023,bully_rate_per_1k,13.937282229965156
Auburn Middle — Montgomery County,school,2023,staff_per_1k_students,4.634146341463415
Blacksburg High,school,2023,pct_disadv,21.86567164179105
Blacksburg High,school,2023,bully_rate_per_1k,5.223880597014926
Blacksburg High,school,2023,staff_per_1k_students,4.029850746268657
Blacksburg Middle,school,2023,pct_disadv,27.329842931937172
Blacksburg Middle,school,2023,bully_rate_per_1k,4.188481675392671
Blacksburg Middle,school,2023,staff_per_1k_students,3.6649214659685865
Christiansburg High,school,2023,pct_disadv,41.875
Christiansburg High,school,2023,bully_rate_per_1k,3.571428571428571
Christiansburg High,school,2023,staff_per_1k_students,3.928571428571429
Christiansburg Middle,school,2023,pct_disadv,43.63395225464191
Christiansburg Middle,school,2023,bully_rate_per_1k,21.22015915119363
Christiansburg Middle,school,2023,staff_per_1k_students,4.641909814323608
Eastern Montgomery High,school,2023,pct_disadv,58.86524822695035
Eastern Montgomery High,school,2023,bully_rate_per_1k,0
Eastern Montgomery High,school,2023,staff_per_1k_students,8.51063829787234
Shawsville Middle,school,2023,pct_disadv,74.03846153846155
Shawsville Middle,school,2023,bully_rate_per_1k,33.65384615384615
Shawsville Middle,school,2023,staff_per_1k_students,6.73076923076923
Nelson County High,school,2023,pct_disadv,61.12185686653772
Nelson County High,school,2023,bully_rate_per_1k,1.9342359767891684
Nelson County High,school,2023,staff_per_1k_students,9.67117988394584
Nelson Middle,school,2023,pct_disadv,65.88235294117646
Nelson Middle,school,2023,bully_rate_per_1k,70.58823529411765
Nelson Middle,school,2023,staff_per_1k_students,5.88235294117647
New Kent High,school,2023,pct_disadv,21.76628010704728
New Kent High,school,2023,bully_rate_per_1k,2.676181980374665
New Kent High,school,2023,staff_per_1k_students,4.460303300624442
New Kent Middle,school,2023,pct_disadv,25.19480519480519
New Kent Middle,school,2023,bully_rate_per_1k,7.792207792207792
New Kent Middle,school,2023,staff_per_1k_students,3.896103896103896
Achievable Dream Middle/High,school,2023,pct_disadv,73.5655737704918
Achievable Dream Middle/High,school,2023,bully_rate_per_1k,4.0983606557377055
Achievable Dream Middle/High,school,2023,staff_per_1k_students,2.0491803278688527
B.T. Washington Middle,school,2023,pct_disadv,40.75829383886256
B.T. Washington Middle,school,2023,bully_rate_per_1k,0
B.T. Washington Middle,school,2023,staff_per_1k_students,2.3696682464454977
Crittenden Middle,school,2023,pct_disadv,76.62162162162161
Crittenden Middle,school,2023,bully_rate_per_1k,5.405405405405405
Crittenden Middle,school,2023,staff_per_1k_students,4.054054054054054
Denbigh High,school,2023,pct_disadv,69.38110749185668
Denbigh High,school,2023,bully_rate_per_1k,1.6286644951140066
Denbigh High,school,2023,staff_per_1k_students,3.257328990228013
Ella J. Fitzgerald Middle,school,2023,pct_disadv,61.5819209039548
Ella J. Fitzgerald Middle,school,2023,bully_rate_per_1k,1.8832391713747645
Ella J. Fitzgerald Middle,school,2023,staff_per_1k_students,2.824858757062147
Ethel M. Gildersleeve Middle,school,2023,pct_disadv,56.00706713780919
Ethel M. Gildersleeve Middle,school,2023,bully_rate_per_1k,1.7667844522968197
Ethel M. Gildersleeve Middle,school,2023,staff_per_1k_students,2.65017667844523
Heritage High — Newport News City,school,2023,pct_disadv,77.068345323741
Heritage High — Newport News City,school,2023,bully_rate_per_1k,2.697841726618705
Heritage High — Newport News City,school,2023,staff_per_1k_students,6.294964028776978
Homer L. Hines Middle,school,2023,pct_disadv,69.20454545454545
Homer L. Hines Middle,school,2023,bully_rate_per_1k,2.2727272727272725
Homer L. Hines Middle,school,2023,staff_per_1k_students,3.4090909090909087
Huntington Middle,school,2023,pct_disadv,91.48418491484183
Huntington Middle,school,2023,bully_rate_per_1k,4.866180048661801
Huntington Middle,school,2023,staff_per_1k_students,4.866180048661801
Mary Passage Middle,school,2023,pct_disadv,62.07627118644068
Mary Passage Middle,school,2023,bully_rate_per_1k,1.0593220338983051
Mary Passage Middle,school,2023,staff_per_1k_students,3.1779661016949157
Menchville High,school,2023,pct_disadv,47.154017857142854
Menchville High,school,2023,bully_rate_per_1k,0.5580357142857143
Menchville High,school,2023,staff_per_1k_students,5.301339285714286
Warwick High,school,2023,pct_disadv,62.560679611650485
Warwick High,school,2023,bully_rate_per_1k,3.0339805825242716
Warwick High,school,2023,staff_per_1k_students,4.854368932038835
Woodside High,school,2023,pct_disadv,51.93370165745856
Woodside High,school,2023,bully_rate_per_1k,2.7624309392265194
Woodside High,school,2023,staff_per_1k_students,4.419889502762431
Academy for Discovery at Lakewood,school,2023,pct_disadv,26.564673157162726
Academy for Discovery at Lakewood,school,2023,bully_rate_per_1k,2.7816411682892905
Academy for Discovery at Lakewood,school,2023,staff_per_1k_students,4.172461752433936
Azalea Gardens Middle,school,2023,pct_disadv,59.7877358490566
Azalea Gardens Middle,school,2023,bully_rate_per_1k,0
Azalea Gardens Middle,school,2023,staff_per_1k_students,8.254716981132075
Blair Middle,school,2023,pct_disadv,60.661444734551786
Blair Middle,school,2023,bully_rate_per_1k,0.8703220191470844
Blair Middle,school,2023,staff_per_1k_students,8.703220191470844
Booker T Washington High,school,2023,pct_disadv,73.07286166842661
Booker T Washington High,school,2023,bully_rate_per_1k,0
Booker T Washington High,school,2023,staff_per_1k_students,13.727560718057022
Granby High,school,2023,pct_disadv,55.57974959172564
Granby High,school,2023,bully_rate_per_1k,0
Granby High,school,2023,staff_per_1k_students,7.621121393576484
Lake Taylor High,school,2023,pct_disadv,71.16504854368932
Lake Taylor High,school,2023,bully_rate_per_1k,0
Lake Taylor High,school,2023,staff_per_1k_students,9.70873786407767
Matthew Fontaine Maury High,school,2023,pct_disadv,49.3223335297584
Matthew Fontaine Maury High,school,2023,bully_rate_per_1k,0.5892751915144372
Matthew Fontaine Maury High,school,2023,staff_per_1k_students,7.071302298173247
Northside Middle — Norfolk City,school,2023,pct_disadv,66.57929226736566
Northside Middle — Norfolk City,school,2023,bully_rate_per_1k,0
Northside Middle — Norfolk City,school,2023,staff_per_1k_students,6.55307994757536
Norview High,school,2023,pct_disadv,56.71018276762402
Norview High,school,2023,bully_rate_per_1k,0.5221932114882506
Norview High,school,2023,staff_per_1k_students,6.788511749347259
Norview Middle,school,2023,pct_disadv,72.12073073868149
Norview Middle,school,2023,bully_rate_per_1k,11.914217633042098
Norview Middle,school,2023,staff_per_1k_students,7.942811755361397
Ruffner School,school,2023,pct_disadv,88.9908256880734
Ruffner School,school,2023,bully_rate_per_1k,4.587155963302752
Ruffner School,school,2023,staff_per_1k_students,16.055045871559635
Northampton High,school,2023,pct_disadv,65.81986143187068
Northampton High,school,2023,bully_rate_per_1k,4.618937644341801
Northampton High,school,2023,staff_per_1k_students,4.618937644341801
Northampton Middle,school,2023,pct_disadv,67.47572815533981
Northampton Middle,school,2023,bully_rate_per_1k,24.271844660194173
Northampton Middle,school,2023,staff_per_1k_students,9.70873786407767
Northumberland High,school,2023,pct_disadv,57.96344647519582
Northumberland High,school,2023,bully_rate_per_1k,2.6109660574412534
Northumberland High,school,2023,staff_per_1k_students,5.221932114882507
Northumberland Middle,school,2023,pct_disadv,56.52173913043478
Northumberland Middle,school,2023,bully_rate_per_1k,10.869565217391305
Northumberland Middle,school,2023,staff_per_1k_students,3.6231884057971016
J.I. Burton High,school,2023,pct_disadv,51.75718849840255
J.I. Burton High,school,2023,bully_rate_per_1k,3.1948881789137378
J.I. Burton High,school,2023,staff_per_1k_students,3.514376996805112
Nottoway High,school,2023,pct_disadv,61.63873370577281
Nottoway High,school,2023,bully_rate_per_1k,3.7243947858473
Nottoway High,school,2023,staff_per_1k_students,5.58659217877095
Nottoway Intermediate,school,2023,pct_disadv,68.75
Nottoway Intermediate,school,2023,bully_rate_per_1k,0
Nottoway Intermediate,school,2023,staff_per_1k_students,3.90625
Nottoway Middle,school,2023,pct_disadv,70.34220532319392
Nottoway Middle,school,2023,bully_rate_per_1k,3.802281368821293
Nottoway Middle,school,2023,staff_per_1k_students,3.802281368821293
Locust Grove Middle,school,2023,pct_disadv,36.74351585014409
Locust Grove Middle,school,2023,bully_rate_per_1k,30.259365994236312
Locust Grove Middle,school,2023,staff_per_1k_students,2.881844380403458
Orange County High,school,2023,pct_disadv,41.8526031102096
Orange County High,school,2023,bully_rate_per_1k,1.352265043948614
Orange County High,school,2023,staff_per_1k_students,2.704530087897228
Prospect Heights Middle,school,2023,pct_disadv,52.723311546840954
Prospect Heights Middle,school,2023,bully_rate_per_1k,4.357298474945535
Prospect Heights Middle,school,2023,staff_per_1k_students,4.357298474945535
Luray High,school,2023,pct_disadv,46.01593625498008
Luray High,school,2023,bully_rate_per_1k,3.98406374501992
Luray High,school,2023,staff_per_1k_students,5.9760956175298805
Luray Middle,school,2023,pct_disadv,51.410658307210035
Luray Middle,school,2023,bully_rate_per_1k,18.808777429467085
Luray Middle,school,2023,staff_per_1k_students,4.702194357366771
Page County High,school,2023,pct_disadv,44.24242424242424
Page County High,school,2023,bully_rate_per_1k,2.0202020202020203
Page County High,school,2023,staff_per_1k_students,6.0606060606060606
Page County Middle,school,2023,pct_disadv,44.31818181818182
Page County Middle,school,2023,bully_rate_per_1k,22.727272727272727
Page County Middle,school,2023,staff_per_1k_students,2.840909090909091
Hardin Reynolds Memorial School,school,2023,pct_disadv,59.44700460829493
Hardin Reynolds Memorial School,school,2023,bully_rate_per_1k,9.216589861751151
Hardin Reynolds Memorial School,school,2023,staff_per_1k_students,NA
Patrick County High,school,2023,pct_disadv,49.70622796709753
Patrick County High,school,2023,bully_rate_per_1k,4.700352526439483
Patrick County High,school,2023,staff_per_1k_students,4.112808460634548
Petersburg High,school,2023,pct_disadv,84.07407407407408
Petersburg High,school,2023,bully_rate_per_1k,2.7777777777777777
Petersburg High,school,2023,staff_per_1k_students,3.703703703703704
Vernon Johns Middle,school,2023,pct_disadv,88.59934853420195
Vernon Johns Middle,school,2023,bully_rate_per_1k,10.857763300760045
Vernon Johns Middle,school,2023,staff_per_1k_students,3.257328990228013
Chatham High,school,2023,pct_disadv,43.24734446130501
Chatham High,school,2023,bully_rate_per_1k,6.0698027314112295
Chatham High,school,2023,staff_per_1k_students,4.552352048558422
Chatham Middle,school,2023,pct_disadv,46.478873239436616
Chatham Middle,school,2023,bully_rate_per_1k,2.347417840375587
Chatham Middle,school,2023,staff_per_1k_students,4.694835680751174
Dan River High,school,2023,pct_disadv,46.677471636953
Dan River High,school,2023,bully_rate_per_1k,0
Dan River High,school,2023,staff_per_1k_students,3.2414910858995136
Dan River Middle,school,2023,pct_disadv,54.377880184331794
Dan River Middle,school,2023,bully_rate_per_1k,6.912442396313365
Dan River Middle,school,2023,staff_per_1k_students,4.608294930875576
Gretna High,school,2023,pct_disadv,54.2910447761194
Gretna High,school,2023,bully_rate_per_1k,3.7313432835820897
Gretna High,school,2023,staff_per_1k_students,5.597014925373134
Gretna Middle,school,2023,pct_disadv,55.41561712846348
Gretna Middle,school,2023,bully_rate_per_1k,0
Gretna Middle,school,2023,staff_per_1k_students,5.037783375314861
Tunstall High,school,2023,pct_disadv,42.94187425860024
Tunstall High,school,2023,bully_rate_per_1k,0
Tunstall High,school,2023,staff_per_1k_students,3.558718861209964
Tunstall Middle,school,2023,pct_disadv,43.97163120567376
Tunstall Middle,school,2023,bully_rate_per_1k,19.50354609929078
Tunstall Middle,school,2023,staff_per_1k_students,3.5460992907801416
Poquoson High,school,2023,pct_disadv,18.985507246376812
Poquoson High,school,2023,bully_rate_per_1k,4.3478260869565215
Poquoson High,school,2023,staff_per_1k_students,4.3478260869565215
Poquoson Middle,school,2023,pct_disadv,22.394678492239468
Poquoson Middle,school,2023,bully_rate_per_1k,4.434589800443459
Poquoson Middle,school,2023,staff_per_1k_students,4.434589800443459
Churchland High,school,2023,pct_disadv,51.21951219512195
Churchland High,school,2023,bully_rate_per_1k,0
Churchland High,school,2023,staff_per_1k_students,1.3937282229965158
Churchland Middle,school,2023,pct_disadv,63.48314606741573
Churchland Middle,school,2023,bully_rate_per_1k,3.370786516853933
Churchland Middle,school,2023,staff_per_1k_students,4.49438202247191
Cradock Middle,school,2023,pct_disadv,78.98686679174483
Cradock Middle,school,2023,bully_rate_per_1k,3.75234521575985
Cradock Middle,school,2023,staff_per_1k_students,5.628517823639775
I.C. Norcom High,school,2023,pct_disadv,73.05848513902205
I.C. Norcom High,school,2023,bully_rate_per_1k,1.9175455417066152
I.C. Norcom High,school,2023,staff_per_1k_students,4.793863854266539
Manor High,school,2023,pct_disadv,66.18122977346277
Manor High,school,2023,bully_rate_per_1k,4.0453074433656955
Manor High,school,2023,staff_per_1k_students,4.0453074433656955
William E. Waters Middle,school,2023,pct_disadv,70.2247191011236
William E. Waters Middle,school,2023,bully_rate_per_1k,7.49063670411985
William E. Waters Middle,school,2023,staff_per_1k_students,5.617977528089887
Powhatan High,school,2023,pct_disadv,25.21246458923513
Powhatan High,school,2023,bully_rate_per_1k,0.708215297450425
Powhatan High,school,2023,staff_per_1k_students,4.24929178470255
Powhatan Middle,school,2023,pct_disadv,25.952626158599383
Powhatan Middle,school,2023,bully_rate_per_1k,0
Powhatan Middle,school,2023,staff_per_1k_students,3.089598352214212
Prince Edward County High,school,2023,pct_disadv,51.96261682242991
Prince Edward County High,school,2023,bully_rate_per_1k,5.607476635514018
Prince Edward County High,school,2023,staff_per_1k_students,5.607476635514018
Prince Edward Middle,school,2023,pct_disadv,57.35294117647059
Prince Edward Middle,school,2023,bully_rate_per_1k,7.352941176470588
Prince Edward Middle,school,2023,staff_per_1k_students,1.838235294117647
J.E.J. Moore Middle,school,2023,pct_disadv,51.97415649676957
J.E.J. Moore Middle,school,2023,bully_rate_per_1k,1.4357501794687726
J.E.J. Moore Middle,school,2023,staff_per_1k_students,2.1536252692031588
Prince George High,school,2023,pct_disadv,48.55233853006681
Prince George High,school,2023,bully_rate_per_1k,2.2271714922048997
Prince George High,school,2023,staff_per_1k_students,2.783964365256125
Battlefield High,school,2023,pct_disadv,11.435941530524506
Battlefield High,school,2023,bully_rate_per_1k,0.4299226139294927
Battlefield High,school,2023,staff_per_1k_students,3.4393809114359417
Brentsville District High,school,2023,pct_disadv,19.683257918552037
Brentsville District High,school,2023,bully_rate_per_1k,1.1312217194570138
Brentsville District High,school,2023,staff_per_1k_students,3.3936651583710407
Bull Run Middle,school,2023,pct_disadv,33.70892018779343
Bull Run Middle,school,2023,bully_rate_per_1k,0
Bull Run Middle,school,2023,staff_per_1k_students,4.694835680751174
C.D. Hylton High,school,2023,pct_disadv,49.01465386558869
C.D. Hylton High,school,2023,bully_rate_per_1k,0.5053057099545225
C.D. Hylton High,school,2023,staff_per_1k_students,3.031834259727135
Charles J. Colgan Sr. High,school,2023,pct_disadv,21.17566173942936
Charles J. Colgan Sr. High,school,2023,bully_rate_per_1k,0.3437607425232039
Charles J. Colgan Sr. High,school,2023,staff_per_1k_students,3.4376074252320383
E.H. Marsteller Middle,school,2023,pct_disadv,20.10221465076661
E.H. Marsteller Middle,school,2023,bully_rate_per_1k,0.8517887563884157
E.H. Marsteller Middle,school,2023,staff_per_1k_students,3.4071550255536627
Forest Park High,school,2023,pct_disadv,33.96797922977066
Forest Park High,school,2023,bully_rate_per_1k,0
Forest Park High,school,2023,staff_per_1k_students,3.4617048896581566
Fred M. Lynn Middle,school,2023,pct_disadv,58.85826771653543
Fred M. Lynn Middle,school,2023,bully_rate_per_1k,2.952755905511811
Fred M. Lynn Middle,school,2023,staff_per_1k_students,5.905511811023622
Freedom High — Prince William County,school,2023,pct_disadv,54.94037478705282
Freedom High — Prince William County,school,2023,bully_rate_per_1k,1.2776831345826234
Freedom High — Prince William County,school,2023,staff_per_1k_students,2.981260647359455
Gainesville High,school,2023,pct_disadv,23.79784102060844
Gainesville High,school,2023,bully_rate_per_1k,1.4720314033366044
Gainesville High,school,2023,staff_per_1k_students,3.434739941118744
Gainesville Middle,school,2023,pct_disadv,20.3862660944206
Gainesville Middle,school,2023,bully_rate_per_1k,4.291845493562231
Gainesville Middle,school,2023,staff_per_1k_students,4.291845493562231
Gar-Field High,school,2023,pct_disadv,51.352410819286554
Gar-Field High,school,2023,bully_rate_per_1k,1.9600156801254411
Gar-Field High,school,2023,staff_per_1k_students,2.352018816150529
George M. Hampton Middle,school,2023,pct_disadv,65.74172892209178
George M. Hampton Middle,school,2023,bully_rate_per_1k,10.672358591248669
George M. Hampton Middle,school,2023,staff_per_1k_students,4.268943436499467
Graham Park Middle,school,2023,pct_disadv,53.40236686390533
Graham Park Middle,school,2023,bully_rate_per_1k,8.875739644970414
Graham Park Middle,school,2023,staff_per_1k_students,4.437869822485207
Herbert J. Saunders Middle,school,2023,pct_disadv,39.95290423861852
Herbert J. Saunders Middle,school,2023,bully_rate_per_1k,25.11773940345369
Herbert J. Saunders Middle,school,2023,staff_per_1k_students,3.9246467817896384
Lake Ridge Middle,school,2023,pct_disadv,38.81578947368421
Lake Ridge Middle,school,2023,bully_rate_per_1k,2.923976608187134
Lake Ridge Middle,school,2023,staff_per_1k_students,3.654970760233918
Louise A. Benton Middle,school,2023,pct_disadv,19.71119133574007
Louise A. Benton Middle,school,2023,bully_rate_per_1k,2.8880866425992777
Louise A. Benton Middle,school,2023,staff_per_1k_students,3.6101083032490977
Osbourn Park High,school,2023,pct_disadv,45.270025371511416
Osbourn Park High,school,2023,bully_rate_per_1k,1.0873504893077202
Osbourn Park High,school,2023,staff_per_1k_students,2.899601304820587
Parkside Middle,school,2023,pct_disadv,57.47368421052632
Parkside Middle,school,2023,bully_rate_per_1k,0
Parkside Middle,school,2023,staff_per_1k_students,4.2105263157894735
Patriot High,school,2023,pct_disadv,20.50561797752809
Patriot High,school,2023,bully_rate_per_1k,1.8726591760299625
Patriot High,school,2023,staff_per_1k_students,2.8089887640449436
Potomac High,school,2023,pct_disadv,54.25531914893617
Potomac High,school,2023,bully_rate_per_1k,0.9671179883945842
Potomac High,school,2023,staff_per_1k_students,3.8684719535783367
Potomac Middle,school,2023,pct_disadv,62.64929424538545
Potomac Middle,school,2023,bully_rate_per_1k,6.514657980456026
Potomac Middle,school,2023,staff_per_1k_students,4.3431053203040175
Potomac Shores Middle,school,2023,pct_disadv,47.13541666666667
Potomac Shores Middle,school,2023,bully_rate_per_1k,7.8125
Potomac Shores Middle,school,2023,staff_per_1k_students,4.340277777777778
Rippon Middle,school,2023,pct_disadv,67.91171477079796
Rippon Middle,school,2023,bully_rate_per_1k,5.093378607809847
Rippon Middle,school,2023,staff_per_1k_students,4.244482173174873
Ronald Wilson Reagan Middle,school,2023,pct_disadv,15.373244641537326
Ronald Wilson Reagan Middle,school,2023,bully_rate_per_1k,7.390983000739098
Ronald Wilson Reagan Middle,school,2023,staff_per_1k_students,4.434589800443459
Stuart M. Beville Middle,school,2023,pct_disadv,54.88789237668161
Stuart M. Beville Middle,school,2023,bully_rate_per_1k,5.381165919282512
Stuart M. Beville Middle,school,2023,staff_per_1k_students,3.587443946188341
Unity Braxton Middle,school,2023,pct_disadv,51.52329749103942
Unity Braxton Middle,school,2023,bully_rate_per_1k,6.272401433691757
Unity Braxton Middle,school,2023,staff_per_1k_students,4.480286738351254
Unity Reed High,school,2023,pct_disadv,50.086355785837654
Unity Reed High,school,2023,bully_rate_per_1k,1.2953367875647668
Unity Reed High,school,2023,staff_per_1k_students,3.454231433506045
Woodbridge High,school,2023,pct_disadv,47.90378006872852
Woodbridge High,school,2023,bully_rate_per_1k,1.0309278350515465
Woodbridge High,school,2023,staff_per_1k_students,3.436426116838488
Woodbridge Middle,school,2023,pct_disadv,58.83620689655172
Woodbridge Middle,school,2023,bully_rate_per_1k,0
Woodbridge Middle,school,2023,staff_per_1k_students,3.2327586206896552
Pulaski County Middle,school,2023,pct_disadv,53.90334572490706
Pulaski County Middle,school,2023,bully_rate_per_1k,2.4783147459727384
Pulaski County Middle,school,2023,staff_per_1k_students,2.4783147459727384
Pulaski County Senior High,school,2023,pct_disadv,45.34510433386838
Pulaski County Senior High,school,2023,bully_rate_per_1k,4.815409309791332
Pulaski County Senior High,school,2023,staff_per_1k_students,4.815409309791332
John N. Dalton Intermediate,school,2023,pct_disadv,49.361702127659576
John N. Dalton Intermediate,school,2023,bully_rate_per_1k,0
John N. Dalton Intermediate,school,2023,staff_per_1k_students,4.25531914893617
Radford High,school,2023,pct_disadv,41.86507936507937
Radford High,school,2023,bully_rate_per_1k,17.857142857142858
Radford High,school,2023,staff_per_1k_students,8.49206349206349
Rappahannock County High,school,2023,pct_disadv,35.98615916955018
Rappahannock County High,school,2023,bully_rate_per_1k,20.761245674740483
Rappahannock County High,school,2023,staff_per_1k_students,3.4602076124567476
Albert Hill Middle,school,2023,pct_disadv,62.77533039647577
Albert Hill Middle,school,2023,bully_rate_per_1k,22.026431718061676
Albert Hill Middle,school,2023,staff_per_1k_students,2.2026431718061676
Armstrong High,school,2023,pct_disadv,85.40829986613119
Armstrong High,school,2023,bully_rate_per_1k,6.693440428380187
Armstrong High,school,2023,staff_per_1k_students,9.370816599732263
Dogwood Middle,school,2023,pct_disadv,65.7079646017699
Dogwood Middle,school,2023,bully_rate_per_1k,6.6371681415929205
Dogwood Middle,school,2023,staff_per_1k_students,4.424778761061947
Franklin Military Academy,school,2023,pct_disadv,62.116040955631405
Franklin Military Academy,school,2023,bully_rate_per_1k,0
Franklin Military Academy,school,2023,staff_per_1k_students,3.4129692832764507
Richmond High School for the Arts,school,2023,pct_disadv,60.09174311926605
Richmond High School for the Arts,school,2023,bully_rate_per_1k,5.351681957186544
Richmond High School for the Arts,school,2023,staff_per_1k_students,6.8807339449541285
Thomas H. Henderson Middle,school,2023,pct_disadv,79.81438515081206
Thomas H. Henderson Middle,school,2023,bully_rate_per_1k,23.20185614849188
Thomas H. Henderson Middle,school,2023,staff_per_1k_students,6.960556844547564
Huguenot High,school,2023,pct_disadv,62.75773195876289
Huguenot High,school,2023,bully_rate_per_1k,0
Huguenot High,school,2023,staff_per_1k_students,5.154639175257732
John Marshall High,school,2023,pct_disadv,72
John Marshall High,school,2023,bully_rate_per_1k,5
John Marshall High,school,2023,staff_per_1k_students,8.333333333333334
Lucille M. Brown Middle,school,2023,pct_disadv,71.0091743119266
Lucille M. Brown Middle,school,2023,bully_rate_per_1k,22.018348623853218
Lucille M. Brown Middle,school,2023,staff_per_1k_students,7.339449541284404
Martin Luther King Jr. Middle,school,2023,pct_disadv,93.812375249501
Martin Luther King Jr. Middle,school,2023,bully_rate_per_1k,19.960079840319363
Martin Luther King Jr. Middle,school,2023,staff_per_1k_students,5.9880239520958085
Open High,school,2023,pct_disadv,36.95652173913043
Open High,school,2023,bully_rate_per_1k,0
Open High,school,2023,staff_per_1k_students,5.434782608695652
Richmond Success Academy,school,2023,pct_disadv,89.50617283950618
Richmond Success Academy,school,2023,bully_rate_per_1k,0
Richmond Success Academy,school,2023,staff_per_1k_students,6.172839506172839
Richmond Career Education and Employment Charter School,school,2023,pct_disadv,51.85185185185185
Richmond Career Education and Employment Charter School,school,2023,bully_rate_per_1k,0
Richmond Career Education and Employment Charter School,school,2023,staff_per_1k_students,NA
Richmond Community High,school,2023,pct_disadv,36.5
Richmond Community High,school,2023,bully_rate_per_1k,10
Richmond Community High,school,2023,staff_per_1k_students,5
River City Middle,school,2023,pct_disadv,67.88135593220339
River City Middle,school,2023,bully_rate_per_1k,25.423728813559325
River City Middle,school,2023,staff_per_1k_students,5.084745762711864
Thomas C. Boushall Middle,school,2023,pct_disadv,74.95908346972176
Thomas C. Boushall Middle,school,2023,bully_rate_per_1k,8.183306055646481
Thomas C. Boushall Middle,school,2023,staff_per_1k_students,4.909983633387888
Thomas Jefferson High,school,2023,pct_disadv,61.66056166056166
Thomas Jefferson High,school,2023,bully_rate_per_1k,4.884004884004884
Thomas Jefferson High,school,2023,staff_per_1k_students,4.884004884004884
Rappahannock High,school,2023,pct_disadv,48
Rappahannock High,school,2023,bully_rate_per_1k,0
Rappahannock High,school,2023,staff_per_1k_students,2.857142857142857
Addison Aerospace Magnet Middle,school,2023,pct_disadv,79.61904761904762
Addison Aerospace Magnet Middle,school,2023,bully_rate_per_1k,47.61904761904761
Addison Aerospace Magnet Middle,school,2023,staff_per_1k_students,10.095238095238097
Breckinridge Middle,school,2023,pct_disadv,68.75
Breckinridge Middle,school,2023,bully_rate_per_1k,1.6025641025641024
Breckinridge Middle,school,2023,staff_per_1k_students,5.608974358974359
James Madison Middle,school,2023,pct_disadv,52.83993115318416
James Madison Middle,school,2023,bully_rate_per_1k,1.721170395869191
James Madison Middle,school,2023,staff_per_1k_students,5.163511187607573
John P. Fishwick Middle,school,2023,pct_disadv,60.31746031746032
John P. Fishwick Middle,school,2023,bully_rate_per_1k,0
John P. Fishwick Middle,school,2023,staff_per_1k_students,9.325396825396826
Patrick Henry High — Roanoke City,school,2023,pct_disadv,54.80673934588701
Patrick Henry High — Roanoke City,school,2023,bully_rate_per_1k,1.9821605550049552
Patrick Henry High — Roanoke City,school,2023,staff_per_1k_students,5.550049554013875
William Fleming High,school,2023,pct_disadv,62.135416666666664
William Fleming High,school,2023,bully_rate_per_1k,0
William Fleming High,school,2023,staff_per_1k_students,6.25
Woodrow Wilson Middle,school,2023,pct_disadv,56.61538461538461
Woodrow Wilson Middle,school,2023,bully_rate_per_1k,1.5384615384615383
Woodrow Wilson Middle,school,2023,staff_per_1k_students,7.3076923076923075
Cave Spring High,school,2023,pct_disadv,21.59090909090909
Cave Spring High,school,2023,bully_rate_per_1k,0.946969696969697
Cave Spring High,school,2023,staff_per_1k_students,6.628787878787879
Cave Spring Middle,school,2023,pct_disadv,28.59007832898172
Cave Spring Middle,school,2023,bully_rate_per_1k,1.3054830287206267
Cave Spring Middle,school,2023,staff_per_1k_students,6.5274151436031325
Glenvar High,school,2023,pct_disadv,29.66507177033493
Glenvar High,school,2023,bully_rate_per_1k,0
Glenvar High,school,2023,staff_per_1k_students,7.464114832535885
Glenvar Middle,school,2023,pct_disadv,33.874709976798144
Glenvar Middle,school,2023,bully_rate_per_1k,6.960556844547564
Glenvar Middle,school,2023,staff_per_1k_students,13.921113689095128
Hidden Valley High,school,2023,pct_disadv,22.716346153846153
Hidden Valley High,school,2023,bully_rate_per_1k,0
Hidden Valley High,school,2023,staff_per_1k_students,9.615384615384617
Hidden Valley Middle,school,2023,pct_disadv,25.08650519031142
Hidden Valley Middle,school,2023,bully_rate_per_1k,1.7301038062283738
Hidden Valley Middle,school,2023,staff_per_1k_students,8.650519031141869
Northside High,school,2023,pct_disadv,43.89473684210527
Northside High,school,2023,bully_rate_per_1k,0
Northside High,school,2023,staff_per_1k_students,7.368421052631579
Northside Middle — Roanoke County,school,2023,pct_disadv,50.15923566878981
Northside Middle — Roanoke County,school,2023,bully_rate_per_1k,4.777070063694267
Northside Middle — Roanoke County,school,2023,staff_per_1k_students,7.961783439490445
William Byrd High,school,2023,pct_disadv,36.1646234676007
William Byrd High,school,2023,bully_rate_per_1k,0.8756567425569177
William Byrd High,school,2023,staff_per_1k_students,7.005253940455342
William Byrd Middle,school,2023,pct_disadv,40.26602176541717
William Byrd Middle,school,2023,bully_rate_per_1k,15.719467956469163
William Byrd Middle,school,2023,staff_per_1k_students,7.255139056831923
Maury River Middle,school,2023,pct_disadv,54.563492063492056
Maury River Middle,school,2023,bully_rate_per_1k,1.984126984126984
Maury River Middle,school,2023,staff_per_1k_students,3.968253968253968
Rockbridge County High,school,2023,pct_disadv,44.41087613293052
Rockbridge County High,school,2023,bully_rate_per_1k,11.07754279959718
Rockbridge County High,school,2023,staff_per_1k_students,4.028197381671702
Broadway High,school,2023,pct_disadv,46.76025917926566
Broadway High,school,2023,bully_rate_per_1k,5.399568034557235
Broadway High,school,2023,staff_per_1k_students,3.239740820734341
East Rockingham High,school,2023,pct_disadv,45.64102564102564
East Rockingham High,school,2023,bully_rate_per_1k,3.8461538461538463
East Rockingham High,school,2023,staff_per_1k_students,3.205128205128205
Elkton Middle,school,2023,pct_disadv,51.43769968051119
Elkton Middle,school,2023,bully_rate_per_1k,3.1948881789137378
Elkton Middle,school,2023,staff_per_1k_students,3.1948881789137378
J. Frank Hillyard Middle,school,2023,pct_disadv,50.30030030030031
J. Frank Hillyard Middle,school,2023,bully_rate_per_1k,9.00900900900901
J. Frank Hillyard Middle,school,2023,staff_per_1k_students,4.504504504504505
Montevideo Middle,school,2023,pct_disadv,44.78827361563518
Montevideo Middle,school,2023,bully_rate_per_1k,9.771986970684038
Montevideo Middle,school,2023,staff_per_1k_students,4.885993485342019
Spotswood High,school,2023,pct_disadv,40.694006309148264
Spotswood High,school,2023,bully_rate_per_1k,2.103049421661409
Spotswood High,school,2023,staff_per_1k_students,3.1545741324921135
Turner Ashby High,school,2023,pct_disadv,39.6
Turner Ashby High,school,2023,bully_rate_per_1k,0
Turner Ashby High,school,2023,staff_per_1k_students,3
Wilbur S. Pence Middle,school,2023,pct_disadv,42.15246636771301
Wilbur S. Pence Middle,school,2023,bully_rate_per_1k,0
Wilbur S. Pence Middle,school,2023,staff_per_1k_students,5.23168908819133
Castlewood High,school,2023,pct_disadv,63.05732484076433
Castlewood High,school,2023,bully_rate_per_1k,0
Castlewood High,school,2023,staff_per_1k_students,NA
Honaker High,school,2023,pct_disadv,62.52873563218391
Honaker High,school,2023,bully_rate_per_1k,4.597701149425287
Honaker High,school,2023,staff_per_1k_students,4.597701149425287
Lebanon High,school,2023,pct_disadv,54.62046204620462
Lebanon High,school,2023,bully_rate_per_1k,4.9504950495049505
Lebanon High,school,2023,staff_per_1k_students,3.3003300330033003
Lebanon Middle,school,2023,pct_disadv,59.45017182130584
Lebanon Middle,school,2023,bully_rate_per_1k,0
Lebanon Middle,school,2023,staff_per_1k_students,3.436426116838488
Andrew Lewis Middle,school,2023,pct_disadv,46.14525139664805
Andrew Lewis Middle,school,2023,bully_rate_per_1k,0
Andrew Lewis Middle,school,2023,staff_per_1k_students,3.35195530726257
Salem High — Salem City,school,2023,pct_disadv,40.66829665851671
Salem High — Salem City,school,2023,bully_rate_per_1k,0
Salem High — Salem City,school,2023,staff_per_1k_students,3.2599837000814995
Gate City High,school,2023,pct_disadv,56.451612903225815
Gate City High,school,2023,bully_rate_per_1k,0
Gate City High,school,2023,staff_per_1k_students,3.225806451612903
Gate City Middle,school,2023,pct_disadv,51.95195195195195
Gate City Middle,school,2023,bully_rate_per_1k,0
Gate City Middle,school,2023,staff_per_1k_students,3.003003003003003
Rye Cove High,school,2023,pct_disadv,72.04301075268818
Rye Cove High,school,2023,bully_rate_per_1k,0
Rye Cove High,school,2023,staff_per_1k_students,3.5842293906810037
Rye Cove Intermediate,school,2023,pct_disadv,70.58823529411765
Rye Cove Intermediate,school,2023,bully_rate_per_1k,0
Rye Cove Intermediate,school,2023,staff_per_1k_students,3.2679738562091503
Twin Springs High,school,2023,pct_disadv,62.396694214876035
Twin Springs High,school,2023,bully_rate_per_1k,0
Twin Springs High,school,2023,staff_per_1k_students,4.132231404958678
Central High — Shenandoah County,school,2023,pct_disadv,47.53004005340454
Central High — Shenandoah County,school,2023,bully_rate_per_1k,1.335113484646195
Central High — Shenandoah County,school,2023,staff_per_1k_students,8.01068090787717
Stonewall Jackson High,school,2023,pct_disadv,45.85987261146497
Stonewall Jackson High,school,2023,bully_rate_per_1k,0
Stonewall Jackson High,school,2023,staff_per_1k_students,7.961783439490445
North Fork Middle,school,2023,pct_disadv,53.42857142857142
North Fork Middle,school,2023,bully_rate_per_1k,14.285714285714285
North Fork Middle,school,2023,staff_per_1k_students,5.714285714285714
Peter Muhlenberg Middle,school,2023,pct_disadv,51.44124168514412
Peter Muhlenberg Middle,school,2023,bully_rate_per_1k,2.2172949002217295
Peter Muhlenberg Middle,school,2023,staff_per_1k_students,7.760532150776053
Signal Knob Middle,school,2023,pct_disadv,45.80335731414868
Signal Knob Middle,school,2023,bully_rate_per_1k,0
Signal Knob Middle,school,2023,staff_per_1k_students,4.796163069544364
Strasburg High,school,2023,pct_disadv,40.83769633507853
Strasburg High,school,2023,bully_rate_per_1k,0
Strasburg High,school,2023,staff_per_1k_students,3.4904013961605584
Chilhowie High,school,2023,pct_disadv,44.02035623409669
Chilhowie High,school,2023,bully_rate_per_1k,0
Chilhowie High,school,2023,staff_per_1k_students,2.544529262086514
Chilhowie Middle,school,2023,pct_disadv,47.88273615635179
Chilhowie Middle,school,2023,bully_rate_per_1k,6.514657980456026
Chilhowie Middle,school,2023,staff_per_1k_students,3.257328990228013
Marion Middle,school,2023,pct_disadv,60.32482598607889
Marion Middle,school,2023,bully_rate_per_1k,0
Marion Middle,school,2023,staff_per_1k_students,2.320185614849188
Marion Senior High,school,2023,pct_disadv,54.77308294209703
Marion Senior High,school,2023,bully_rate_per_1k,0
Marion Senior High,school,2023,staff_per_1k_students,3.1298904538341157
Northwood High,school,2023,pct_disadv,56.25
Northwood High,school,2023,bully_rate_per_1k,0
Northwood High,school,2023,staff_per_1k_students,4.166666666666667
Northwood Middle,school,2023,pct_disadv,62.913907284768214
Northwood Middle,school,2023,bully_rate_per_1k,6.622516556291391
Northwood Middle,school,2023,staff_per_1k_students,6.622516556291391
Southampton High,school,2023,pct_disadv,43.172951885565666
Southampton High,school,2023,bully_rate_per_1k,6.501950585175552
Southampton High,school,2023,staff_per_1k_students,2.6007802340702213
Southampton Middle,school,2023,pct_disadv,50.35335689045937
Southampton Middle,school,2023,bully_rate_per_1k,21.20141342756184
Southampton Middle,school,2023,staff_per_1k_students,7.067137809187279
Battlefield Middle,school,2023,pct_disadv,63.337547408343866
Battlefield Middle,school,2023,bully_rate_per_1k,1.2642225031605565
Battlefield Middle,school,2023,staff_per_1k_students,3.7926675094816686
Chancellor High,school,2023,pct_disadv,54.785714285714285
Chancellor High,school,2023,bully_rate_per_1k,0.7142857142857143
Chancellor High,school,2023,staff_per_1k_students,4.285714285714286
Chancellor Middle,school,2023,pct_disadv,56.674473067915685
Chancellor Middle,school,2023,bully_rate_per_1k,2.34192037470726
Chancellor Middle,school,2023,staff_per_1k_students,4.68384074941452
Courtland High,school,2023,pct_disadv,43.15992292870906
Courtland High,school,2023,bully_rate_per_1k,1.9267822736030829
Courtland High,school,2023,staff_per_1k_students,3.8535645472061657
Freedom Middle,school,2023,pct_disadv,51.48005148005148
Freedom Middle,school,2023,bully_rate_per_1k,0
Freedom Middle,school,2023,staff_per_1k_students,2.574002574002574
Massaponax High,school,2023,pct_disadv,48.25014343086632
Massaponax High,school,2023,bully_rate_per_1k,0.5737234652897303
Massaponax High,school,2023,staff_per_1k_students,4.589787722317842
Ni River Middle,school,2023,pct_disadv,33.101529902642554
Ni River Middle,school,2023,bully_rate_per_1k,1.3908205841446453
Ni River Middle,school,2023,staff_per_1k_students,2.7816411682892905
Post Oak Middle,school,2023,pct_disadv,53.0827067669173
Post Oak Middle,school,2023,bully_rate_per_1k,3.0075187969924815
Post Oak Middle,school,2023,staff_per_1k_students,4.511278195488722
Riverbend High,school,2023,pct_disadv,35.18518518518518
Riverbend High,school,2023,bully_rate_per_1k,0.5005005005005005
Riverbend High,school,2023,staff_per_1k_students,3.5035035035035036
Spotsylvania High,school,2023,pct_disadv,48.81209503239741
Spotsylvania High,school,2023,bully_rate_per_1k,0.7199424046076314
Spotsylvania High,school,2023,staff_per_1k_students,3.837293016558675
Spotsylvania Middle,school,2023,pct_disadv,43.4826883910387
Spotsylvania Middle,school,2023,bully_rate_per_1k,3.054989816700611
Spotsylvania Middle,school,2023,staff_per_1k_students,3.054989816700611
Thornburg Middle,school,2023,pct_disadv,48.13218390804598
Thornburg Middle,school,2023,bully_rate_per_1k,4.310344827586206
Thornburg Middle,school,2023,staff_per_1k_students,2.8735632183908044
Andrew G. Wright Middle,school,2023,pct_disadv,34.13793103448276
Andrew G. Wright Middle,school,2023,bully_rate_per_1k,16.091954022988507
Andrew G. Wright Middle,school,2023,staff_per_1k_students,5.747126436781609
Brooke Point High,school,2023,pct_disadv,35.26413345690454
Brooke Point High,school,2023,bully_rate_per_1k,0
Brooke Point High,school,2023,staff_per_1k_students,4.633920296570898
Colonial Forge High,school,2023,pct_disadv,26.44710578842315
Colonial Forge High,school,2023,bully_rate_per_1k,0.998003992015968
Colonial Forge High,school,2023,staff_per_1k_students,5.489021956087824
Donald B. Dixon-Lyle R. Smith Middle,school,2023,pct_disadv,33.70411568409344
Donald B. Dixon-Lyle R. Smith Middle,school,2023,bully_rate_per_1k,6.674082313681869
Donald B. Dixon-Lyle R. Smith Middle,school,2023,staff_per_1k_students,4.4493882091212456
Edward E. Drew Jr. Middle,school,2023,pct_disadv,46.35332252836304
Edward E. Drew Jr. Middle,school,2023,bully_rate_per_1k,0
Edward E. Drew Jr. Middle,school,2023,staff_per_1k_students,24.311183144246353
H.H. Poole Middle,school,2023,pct_disadv,35.8087487283825
H.H. Poole Middle,school,2023,bully_rate_per_1k,3.051881993896236
H.H. Poole Middle,school,2023,staff_per_1k_students,5.0864699898270604
Mountain View High — Stafford County,school,2023,pct_disadv,22.857142857142858
Mountain View High — Stafford County,school,2023,bully_rate_per_1k,5.895691609977325
Mountain View High — Stafford County,school,2023,staff_per_1k_students,5.442176870748299
North Stafford High,school,2023,pct_disadv,44.409937888198755
North Stafford High,school,2023,bully_rate_per_1k,4.140786749482402
North Stafford High,school,2023,staff_per_1k_students,5.175983436853002
Rodney E. Thompson Middle,school,2023,pct_disadv,22.4950884086444
Rodney E. Thompson Middle,school,2023,bully_rate_per_1k,4.911591355599214
Rodney E. Thompson Middle,school,2023,staff_per_1k_students,3.929273084479371
Shirley C. Heim Middle,school,2023,pct_disadv,49.1353001017294
Shirley C. Heim Middle,school,2023,bully_rate_per_1k,7.121057985757885
Shirley C. Heim Middle,school,2023,staff_per_1k_students,4.0691759918616475
Stafford Middle,school,2023,pct_disadv,47.4090407938258
Stafford Middle,school,2023,bully_rate_per_1k,13.230429988974642
Stafford Middle,school,2023,staff_per_1k_students,4.410143329658214
Stafford Senior High,school,2023,pct_disadv,38.26578699340245
Stafford Senior High,school,2023,bully_rate_per_1k,4.7125353440150795
Stafford Senior High,school,2023,staff_per_1k_students,6.032045240339303
T. Benton Gayle Middle,school,2023,pct_disadv,36.544850498338874
T. Benton Gayle Middle,school,2023,bully_rate_per_1k,0
T. Benton Gayle Middle,school,2023,staff_per_1k_students,4.4296788482834994
Shelburne Middle,school,2023,pct_disadv,36.80555555555556
Shelburne Middle,school,2023,bully_rate_per_1k,6.944444444444444
Shelburne Middle,school,2023,staff_per_1k_students,5.208333333333333
Staunton High,school,2023,pct_disadv,38.76063183475091
Staunton High,school,2023,bully_rate_per_1k,7.290400972053463
Staunton High,school,2023,staff_per_1k_students,4.860267314702308
Colonel Fred Cherry Middle,school,2023,pct_disadv,32.450331125827816
Colonel Fred Cherry Middle,school,2023,bully_rate_per_1k,2.6490066225165565
Colonel Fred Cherry Middle,school,2023,staff_per_1k_students,2.6490066225165565
Forest Glen Middle,school,2023,pct_disadv,38.732394366197184
Forest Glen Middle,school,2023,bully_rate_per_1k,11.737089201877934
Forest Glen Middle,school,2023,staff_per_1k_students,4.694835680751174
John F. Kennedy Middle,school,2023,pct_disadv,59.375
John F. Kennedy Middle,school,2023,bully_rate_per_1k,9.191176470588236
John F. Kennedy Middle,school,2023,staff_per_1k_students,5.514705882352941
John Yeates Middle,school,2023,pct_disadv,21.34387351778656
John Yeates Middle,school,2023,bully_rate_per_1k,13.83399209486166
John Yeates Middle,school,2023,staff_per_1k_students,3.952569169960474
King's Fork High,school,2023,pct_disadv,43.01708898055392
King's Fork High,school,2023,bully_rate_per_1k,4.124926340601061
King's Fork High,school,2023,staff_per_1k_students,3.5356511490866236
King's Fork Middle,school,2023,pct_disadv,49.272550921435496
King's Fork Middle,school,2023,bully_rate_per_1k,1.939864209505335
King's Fork Middle,school,2023,staff_per_1k_students,2.909796314258002
Lakeland High,school,2023,pct_disadv,47.183748845798704
Lakeland High,school,2023,bully_rate_per_1k,1.8467220683287164
Lakeland High,school,2023,staff_per_1k_students,3.693444136657433
Nansemond River High,school,2023,pct_disadv,23.32155477031802
Nansemond River High,school,2023,bully_rate_per_1k,1.1778563015312131
Nansemond River High,school,2023,staff_per_1k_students,3.5335689045936394
Luther P. Jackson Middle,school,2023,pct_disadv,59.20398009950249
Luther P. Jackson Middle,school,2023,bully_rate_per_1k,9.950248756218905
Luther P. Jackson Middle,school,2023,staff_per_1k_students,4.975124378109452
Surry County High,school,2023,pct_disadv,47.64150943396226
Surry County High,school,2023,bully_rate_per_1k,4.716981132075471
Surry County High,school,2023,staff_per_1k_students,4.716981132075471
Sussex Central High,school,2023,pct_disadv,63.322884012539184
Sussex Central High,school,2023,bully_rate_per_1k,0
Sussex Central High,school,2023,staff_per_1k_students,NA
Sussex Central Middle,school,2023,pct_disadv,72.45762711864407
Sussex Central Middle,school,2023,bully_rate_per_1k,0
Sussex Central Middle,school,2023,staff_per_1k_students,8.474576271186441
Graham High,school,2023,pct_disadv,41.38576779026217
Graham High,school,2023,bully_rate_per_1k,0
Graham High,school,2023,staff_per_1k_students,1.8726591760299625
Graham Middle,school,2023,pct_disadv,51.88172043010753
Graham Middle,school,2023,bully_rate_per_1k,5.376344086021506
Graham Middle,school,2023,staff_per_1k_students,2.688172043010753
Richlands High,school,2023,pct_disadv,55.66037735849056
Richlands High,school,2023,bully_rate_per_1k,0
Richlands High,school,2023,staff_per_1k_students,1.572327044025157
Richlands Middle,school,2023,pct_disadv,59.79797979797979
Richlands Middle,school,2023,bully_rate_per_1k,8.080808080808081
Richlands Middle,school,2023,staff_per_1k_students,2.0202020202020203
Tazewell High,school,2023,pct_disadv,54.08921933085502
Tazewell High,school,2023,bully_rate_per_1k,1.858736059479554
Tazewell High,school,2023,staff_per_1k_students,1.858736059479554
Tazewell Middle,school,2023,pct_disadv,60.43360433604336
Tazewell Middle,school,2023,bully_rate_per_1k,13.550135501355014
Tazewell Middle,school,2023,staff_per_1k_students,2.710027100271003
Bayside High,school,2023,pct_disadv,61.89039718451483
Bayside High,school,2023,bully_rate_per_1k,1.0055304172951232
Bayside High,school,2023,staff_per_1k_students,4.32378079436903
Bayside Middle,school,2023,pct_disadv,76.92307692307693
Bayside Middle,school,2023,bully_rate_per_1k,8.547008547008549
Bayside Middle,school,2023,staff_per_1k_students,6.267806267806268
Brandon Middle,school,2023,pct_disadv,55.52407932011331
Brandon Middle,school,2023,bully_rate_per_1k,2.8328611898017
Brandon Middle,school,2023,staff_per_1k_students,4.1548630783758265
Corporate Landing Middle,school,2023,pct_disadv,54.0719696969697
Corporate Landing Middle,school,2023,bully_rate_per_1k,4.734848484848485
Corporate Landing Middle,school,2023,staff_per_1k_students,4.261363636363636
First Colonial High,school,2023,pct_disadv,46.13674263479711
First Colonial High,school,2023,bully_rate_per_1k,0.5558643690939411
First Colonial High,school,2023,staff_per_1k_students,3.668704836020011
Floyd Kellam High,school,2023,pct_disadv,15.69459172852598
Floyd Kellam High,school,2023,bully_rate_per_1k,1.0604453870625663
Floyd Kellam High,school,2023,staff_per_1k_students,3.923647932131496
Frank W. Cox High,school,2023,pct_disadv,33.2347723240686
Frank W. Cox High,school,2023,bully_rate_per_1k,0.5913660555884093
Frank W. Cox High,school,2023,staff_per_1k_students,3.19337670017741
Great Neck Middle,school,2023,pct_disadv,32.41706161137441
Great Neck Middle,school,2023,bully_rate_per_1k,3.791469194312796
Great Neck Middle,school,2023,staff_per_1k_students,3.981042654028436
Green Run Collegiate,school,2023,pct_disadv,52.02156334231805
Green Run Collegiate,school,2023,bully_rate_per_1k,0
Green Run Collegiate,school,2023,staff_per_1k_students,2.964959568733154
Green Run High,school,2023,pct_disadv,66.66666666666666
Green Run High,school,2023,bully_rate_per_1k,3.9447731755424065
Green Run High,school,2023,staff_per_1k_students,4.273504273504274
Independence Middle — Virginia Beach City,school,2023,pct_disadv,56.16093880972338
Independence Middle — Virginia Beach City,school,2023,bully_rate_per_1k,0.8382229673093042
Independence Middle — Virginia Beach City,school,2023,staff_per_1k_students,3.688181056160939
Kempsville High,school,2023,pct_disadv,48.258706467661696
Kempsville High,school,2023,bully_rate_per_1k,0
Kempsville High,school,2023,staff_per_1k_students,3.582089552238806
Kempsville Middle,school,2023,pct_disadv,41.08108108108108
Kempsville Middle,school,2023,bully_rate_per_1k,1.351351351351351
Kempsville Middle,school,2023,staff_per_1k_students,4.324324324324325
Landstown High,school,2023,pct_disadv,43.96590399282189
Landstown High,school,2023,bully_rate_per_1k,0.44863167339614174
Landstown High,school,2023,staff_per_1k_students,3.3198743831314492
Landstown Middle,school,2023,pct_disadv,45.234375
Landstown Middle,school,2023,bully_rate_per_1k,0.78125
Landstown Middle,school,2023,staff_per_1k_students,3.4375000000000004
Larkspur Middle,school,2023,pct_disadv,68.7256176853056
Larkspur Middle,school,2023,bully_rate_per_1k,3.901170351105331
Larkspur Middle,school,2023,staff_per_1k_students,4.22626788036411
Lynnhaven Middle,school,2023,pct_disadv,55.86907449209932
Lynnhaven Middle,school,2023,bully_rate_per_1k,0
Lynnhaven Middle,school,2023,staff_per_1k_students,3.8374717832957113
Ocean Lakes High,school,2023,pct_disadv,33.11827956989247
Ocean Lakes High,school,2023,bully_rate_per_1k,3.225806451612903
Ocean Lakes High,school,2023,staff_per_1k_students,3.978494623655914
Old Donation School,school,2023,pct_disadv,15.880149812734082
Old Donation School,school,2023,bully_rate_per_1k,2.247191011235955
Old Donation School,school,2023,staff_per_1k_students,3.2958801498127346
Plaza Middle,school,2023,pct_disadv,56.509161041465774
Plaza Middle,school,2023,bully_rate_per_1k,0
Plaza Middle,school,2023,staff_per_1k_students,4.243008678881389
Princess Anne High,school,2023,pct_disadv,38.00116211504939
Princess Anne High,school,2023,bully_rate_per_1k,0.5810575246949448
Princess Anne High,school,2023,staff_per_1k_students,3.718768158047647
Princess Anne Middle,school,2023,pct_disadv,16.84511063526053
Princess Anne Middle,school,2023,bully_rate_per_1k,4.996431120628123
Princess Anne Middle,school,2023,staff_per_1k_students,2.9978586723768736
Salem High — Virginia Beach City,school,2023,pct_disadv,40.2416918429003
Salem High — Virginia Beach City,school,2023,bully_rate_per_1k,0
Salem High — Virginia Beach City,school,2023,staff_per_1k_students,3.987915407854985
Salem Middle,school,2023,pct_disadv,41.22562674094708
Salem Middle,school,2023,bully_rate_per_1k,18.570102135561743
Salem Middle,school,2023,staff_per_1k_students,5.013927576601671
Tallwood High,school,2023,pct_disadv,49.892933618843685
Tallwood High,school,2023,bully_rate_per_1k,0.5353319057815846
Tallwood High,school,2023,staff_per_1k_students,3.9614561027837265
Virginia Beach Middle,school,2023,pct_disadv,60.78098471986417
Virginia Beach Middle,school,2023,bully_rate_per_1k,1.697792869269949
Virginia Beach Middle,school,2023,staff_per_1k_students,4.923599320882852
Skyline High,school,2023,pct_disadv,42.72930648769575
Skyline High,school,2023,bully_rate_per_1k,6.7114093959731544
Skyline High,school,2023,staff_per_1k_students,3.3557046979865772
Skyline Middle — Warren County,school,2023,pct_disadv,48.68189806678383
Skyline Middle — Warren County,school,2023,bully_rate_per_1k,43.936731107205624
Skyline Middle — Warren County,school,2023,staff_per_1k_students,3.51493848857645
Warren County High,school,2023,pct_disadv,33.772455089820355
Warren County High,school,2023,bully_rate_per_1k,4.790419161676646
Warren County High,school,2023,staff_per_1k_students,3.592814371257485
Warren County Middle,school,2023,pct_disadv,42.018348623853214
Warren County Middle,school,2023,bully_rate_per_1k,16.51376146788991
Warren County Middle,school,2023,staff_per_1k_students,3.669724770642202
Abingdon High,school,2023,pct_disadv,46.37514384349827
Abingdon High,school,2023,bully_rate_per_1k,0
Abingdon High,school,2023,staff_per_1k_students,3.452243958573072
Damascus Middle,school,2023,pct_disadv,64.70588235294117
Damascus Middle,school,2023,bully_rate_per_1k,17.647058823529413
Damascus Middle,school,2023,staff_per_1k_students,5.88235294117647
E.B. Stanley Middle,school,2023,pct_disadv,46.273291925465834
E.B. Stanley Middle,school,2023,bully_rate_per_1k,1.5527950310559004
E.B. Stanley Middle,school,2023,staff_per_1k_students,3.105590062111801
Glade Spring Middle,school,2023,pct_disadv,63.38582677165354
Glade Spring Middle,school,2023,bully_rate_per_1k,3.937007874015748
Glade Spring Middle,school,2023,staff_per_1k_students,3.937007874015748
Holston High,school,2023,pct_disadv,55.28455284552846
Holston High,school,2023,bully_rate_per_1k,0
Holston High,school,2023,staff_per_1k_students,4.065040650406504
John S. Battle High,school,2023,pct_disadv,45.75757575757576
John S. Battle High,school,2023,bully_rate_per_1k,0
John S. Battle High,school,2023,staff_per_1k_students,4.545454545454545
Patrick Henry High — Washington County,school,2023,pct_disadv,58.26558265582656
Patrick Henry High — Washington County,school,2023,bully_rate_per_1k,0
Patrick Henry High — Washington County,school,2023,staff_per_1k_students,2.710027100271003
Wallace Middle,school,2023,pct_disadv,52.58215962441315
Wallace Middle,school,2023,bully_rate_per_1k,0
Wallace Middle,school,2023,staff_per_1k_students,2.347417840375587
Kate Collins Middle,school,2023,pct_disadv,63.19875776397515
Kate Collins Middle,school,2023,bully_rate_per_1k,1.5527950310559004
Kate Collins Middle,school,2023,staff_per_1k_students,6.211180124223602
Waynesboro High,school,2023,pct_disadv,61.9625137816979
Waynesboro High,school,2023,bully_rate_per_1k,0
Waynesboro High,school,2023,staff_per_1k_students,8.820286659316428
West Point Middle/High,school,2023,pct_disadv,39.54545454545455
West Point Middle/High,school,2023,bully_rate_per_1k,9.09090909090909
West Point Middle/High,school,2023,staff_per_1k_students,4.545454545454545
Montross Middle,school,2023,pct_disadv,67.63754045307444
Montross Middle,school,2023,bully_rate_per_1k,9.70873786407767
Montross Middle,school,2023,staff_per_1k_students,3.236245954692557
Westmoreland High,school,2023,pct_disadv,61.72839506172839
Westmoreland High,school,2023,bully_rate_per_1k,4.11522633744856
Westmoreland High,school,2023,staff_per_1k_students,4.11522633744856
Berkeley Middle,school,2023,pct_disadv,38.80368098159509
Berkeley Middle,school,2023,bully_rate_per_1k,3.067484662576687
Berkeley Middle,school,2023,staff_per_1k_students,3.067484662576687
James Blair Middle,school,2023,pct_disadv,44.505494505494504
James Blair Middle,school,2023,bully_rate_per_1k,1.8315018315018312
James Blair Middle,school,2023,staff_per_1k_students,3.663003663003663
Jamestown High,school,2023,pct_disadv,27.435064935064936
Jamestown High,school,2023,bully_rate_per_1k,0.8116883116883118
Jamestown High,school,2023,staff_per_1k_students,4.87012987012987
Lafayette High,school,2023,pct_disadv,40.06595218466611
Lafayette High,school,2023,bully_rate_per_1k,0
Lafayette High,school,2023,staff_per_1k_students,7.41962077493817
Lois Hornsby Middle,school,2023,pct_disadv,36.83544303797469
Lois Hornsby Middle,school,2023,bully_rate_per_1k,1.2658227848101269
Lois Hornsby Middle,school,2023,staff_per_1k_students,3.797468354430379
Toano Middle,school,2023,pct_disadv,34.51327433628318
Toano Middle,school,2023,bully_rate_per_1k,0
Toano Middle,school,2023,staff_per_1k_students,4.424778761061947
Warhill High,school,2023,pct_disadv,38.18867924528302
Warhill High,school,2023,bully_rate_per_1k,0
Warhill High,school,2023,staff_per_1k_students,4.528301886792453
Daniel Morgan Intermediate,school,2023,pct_disadv,61.78861788617886
Daniel Morgan Intermediate,school,2023,bully_rate_per_1k,0
Daniel Morgan Intermediate,school,2023,staff_per_1k_students,4.878048780487805
Daniel Morgan Middle,school,2023,pct_disadv,67.53670473083197
Daniel Morgan Middle,school,2023,bully_rate_per_1k,11.419249592169658
Daniel Morgan Middle,school,2023,staff_per_1k_students,6.525285481239805
John Handley High,school,2023,pct_disadv,59.2485549132948
John Handley High,school,2023,bully_rate_per_1k,2.890173410404624
John Handley High,school,2023,staff_per_1k_students,5.491329479768786
Central High — Wise County,school,2023,pct_disadv,50
Central High — Wise County,school,2023,bully_rate_per_1k,5.934718100890208
Central High — Wise County,school,2023,staff_per_1k_students,4.451038575667656
Coeburn Middle,school,2023,pct_disadv,70.35830618892508
Coeburn Middle,school,2023,bully_rate_per_1k,3.257328990228013
Coeburn Middle,school,2023,staff_per_1k_students,3.257328990228013
Eastside High,school,2023,pct_disadv,62.82051282051282
Eastside High,school,2023,bully_rate_per_1k,7.6923076923076925
Eastside High,school,2023,staff_per_1k_students,6.41025641025641
L.F. Addington Middle,school,2023,pct_disadv,50.99778270509978
L.F. Addington Middle,school,2023,bully_rate_per_1k,24.390243902439025
L.F. Addington Middle,school,2023,staff_per_1k_students,2.2172949002217295
Union High,school,2023,pct_disadv,61.56405990016639
Union High,school,2023,bully_rate_per_1k,38.26955074875208
Union High,school,2023,staff_per_1k_students,4.9916805324459235
Union Middle,school,2023,pct_disadv,63.293310463121784
Union Middle,school,2023,bully_rate_per_1k,24.01372212692967
Union Middle,school,2023,staff_per_1k_students,3.4305317324185247
Fort Chiswell High,school,2023,pct_disadv,42.06896551724138
Fort Chiswell High,school,2023,bully_rate_per_1k,2.2988505747126435
Fort Chiswell High,school,2023,staff_per_1k_students,6.896551724137931
Fort Chiswell Middle,school,2023,pct_disadv,48.734177215189874
Fort Chiswell Middle,school,2023,bully_rate_per_1k,18.9873417721519
Fort Chiswell Middle,school,2023,staff_per_1k_students,6.329113924050633
George Wythe High,school,2023,pct_disadv,45.78833693304535
George Wythe High,school,2023,bully_rate_per_1k,4.319654427645789
George Wythe High,school,2023,staff_per_1k_students,6.479481641468682
Rural Retreat High,school,2023,pct_disadv,42.94871794871795
Rural Retreat High,school,2023,bully_rate_per_1k,22.43589743589743
Rural Retreat High,school,2023,staff_per_1k_students,3.205128205128205
Rural Retreat Middle,school,2023,pct_disadv,46.32034632034632
Rural Retreat Middle,school,2023,bully_rate_per_1k,4.329004329004329
Rural Retreat Middle,school,2023,staff_per_1k_students,8.658008658008658
Scott Memorial Middle,school,2023,pct_disadv,46.85534591194968
Scott Memorial Middle,school,2023,bully_rate_per_1k,40.880503144654085
Scott Memorial Middle,school,2023,staff_per_1k_students,6.289308176100629
Bruton High,school,2023,pct_disadv,31.08298171589311
Bruton High,school,2023,bully_rate_per_1k,1.4064697609001406
Bruton High,school,2023,staff_per_1k_students,NA
Grafton High,school,2023,pct_disadv,20.957095709570957
Grafton High,school,2023,bully_rate_per_1k,3.3003300330033003
Grafton High,school,2023,staff_per_1k_students,NA
Grafton Middle,school,2023,pct_disadv,25.62929061784897
Grafton Middle,school,2023,bully_rate_per_1k,3.432494279176201
Grafton Middle,school,2023,staff_per_1k_students,NA
Queens Lake Middle,school,2023,pct_disadv,31.01045296167247
Queens Lake Middle,school,2023,bully_rate_per_1k,1.7421602787456445
Queens Lake Middle,school,2023,staff_per_1k_students,NA
Tabb High,school,2023,pct_disadv,20.90747330960854
Tabb High,school,2023,bully_rate_per_1k,0.889679715302491
Tabb High,school,2023,staff_per_1k_students,NA
Tabb Middle,school,2023,pct_disadv,25.692137320044296
Tabb Middle,school,2023,bully_rate_per_1k,2.2148394241417497
Tabb Middle,school,2023,staff_per_1k_students,NA
York High,school,2023,pct_disadv,27.566539923954377
York High,school,2023,bully_rate_per_1k,4.752851711026616
York High,school,2023,staff_per_1k_students,NA
York River Academy,school,2023,pct_disadv,41.17647058823529
York River Academy,school,2023,bully_rate_per_1k,0
York River Academy,school,2023,staff_per_1k_students,NA
Yorktown Middle,school,2023,pct_disadv,31.67701863354037
Yorktown Middle,school,2023,bully_rate_per_1k,7.763975155279503
Yorktown Middle,school,2023,staff_per_1k_students,NA
Arcadia High,school,2024,pct_disadv,61.726618705035975
Arcadia High,school,2024,bully_rate_per_1k,0
Arcadia High,school,2024,staff_per_1k_students,4.316546762589928
Arcadia Middle,school,2024,pct_disadv,70.84188911704312
Arcadia Middle,school,2024,bully_rate_per_1k,14.373716632443532
Arcadia Middle,school,2024,staff_per_1k_students,4.106776180698152
Chincoteague High,school,2024,pct_disadv,41.891891891891895
Chincoteague High,school,2024,bully_rate_per_1k,6.756756756756757
Chincoteague High,school,2024,staff_per_1k_students,3.3783783783783785
Nandua High,school,2024,pct_disadv,60.44303797468354
Nandua High,school,2024,bully_rate_per_1k,4.746835443037975
Nandua High,school,2024,staff_per_1k_students,4.746835443037975
Nandua Middle,school,2024,pct_disadv,67.3076923076923
Nandua Middle,school,2024,bully_rate_per_1k,6.41025641025641
Nandua Middle,school,2024,staff_per_1k_students,6.41025641025641
Albemarle High,school,2024,pct_disadv,33.33333333333333
Albemarle High,school,2024,bully_rate_per_1k,2.9717682020802374
Albemarle High,school,2024,staff_per_1k_students,9.078751857355126
Community Lab School,school,2024,pct_disadv,5.58659217877095
Community Lab School,school,2024,bully_rate_per_1k,0
Community Lab School,school,2024,staff_per_1k_students,11.1731843575419
Jackson P. Burley Middle,school,2024,pct_disadv,45.471014492753625
Jackson P. Burley Middle,school,2024,bully_rate_per_1k,3.6231884057971016
Jackson P. Burley Middle,school,2024,staff_per_1k_students,5.434782608695652
Joseph T. Henley Middle,school,2024,pct_disadv,13.930348258706468
Joseph T. Henley Middle,school,2024,bully_rate_per_1k,2.487562189054726
Joseph T. Henley Middle,school,2024,staff_per_1k_students,5.597014925373134
Journey Middle,school,2024,pct_disadv,48.848684210526315
Journey Middle,school,2024,bully_rate_per_1k,0
Journey Middle,school,2024,staff_per_1k_students,6.578947368421052
Lakeside Middle,school,2024,pct_disadv,23.846153846153847
Lakeside Middle,school,2024,bully_rate_per_1k,0
Lakeside Middle,school,2024,staff_per_1k_students,5.769230769230769
Leslie H. Walton Middle,school,2024,pct_disadv,38.48484848484848
Leslie H. Walton Middle,school,2024,bully_rate_per_1k,6.0606060606060606
Leslie H. Walton Middle,school,2024,staff_per_1k_students,9.09090909090909
Monticello High,school,2024,pct_disadv,36.00330305532617
Monticello High,school,2024,bully_rate_per_1k,0.8257638315441783
Monticello High,school,2024,staff_per_1k_students,8.257638315441783
Western Albemarle High,school,2024,pct_disadv,12.69296740994854
Western Albemarle High,school,2024,bully_rate_per_1k,4.288164665523157
Western Albemarle High,school,2024,staff_per_1k_students,6.003430531732418
Alexandria City High,school,2024,pct_disadv,65.74621959237344
Alexandria City High,school,2024,bully_rate_per_1k,0.6574621959237344
Alexandria City High,school,2024,staff_per_1k_students,9.423624808240191
Francis C. Hammond Middle,school,2024,pct_disadv,93.11714096624752
Francis C. Hammond Middle,school,2024,bully_rate_per_1k,4.632693580410324
Francis C. Hammond Middle,school,2024,staff_per_1k_students,9.927200529450696
George Washington Middle,school,2024,pct_disadv,52.352941176470594
George Washington Middle,school,2024,bully_rate_per_1k,0
George Washington Middle,school,2024,staff_per_1k_students,8.823529411764707
Alleghany High,school,2024,pct_disadv,42.668269230769226
Alleghany High,school,2024,bully_rate_per_1k,0
Alleghany High,school,2024,staff_per_1k_students,3.605769230769231
Covington Middle,school,2024,pct_disadv,48.07073954983923
Covington Middle,school,2024,bully_rate_per_1k,12.861736334405144
Covington Middle,school,2024,staff_per_1k_students,3.215434083601286
Amelia County High,school,2024,pct_disadv,47.283702213279675
Amelia County High,school,2024,bully_rate_per_1k,4.024144869215292
Amelia County High,school,2024,staff_per_1k_students,4.024144869215292
Amelia County Middle,school,2024,pct_disadv,53.27635327635327
Amelia County Middle,school,2024,bully_rate_per_1k,2.849002849002849
Amelia County Middle,school,2024,staff_per_1k_students,5.698005698005698
Amherst County High,school,2024,pct_disadv,44.97184231697506
Amherst County High,school,2024,bully_rate_per_1k,0.8045052292839903
Amherst County High,school,2024,staff_per_1k_students,4.827031375703942
Amherst Middle,school,2024,pct_disadv,47.47191011235955
Amherst Middle,school,2024,bully_rate_per_1k,0
Amherst Middle,school,2024,staff_per_1k_students,2.8089887640449436
Monelison Middle,school,2024,pct_disadv,53.3203125
Monelison Middle,school,2024,bully_rate_per_1k,1.953125
Monelison Middle,school,2024,staff_per_1k_students,3.90625
Appomattox County High,school,2024,pct_disadv,47.63231197771588
Appomattox County High,school,2024,bully_rate_per_1k,0
Appomattox County High,school,2024,staff_per_1k_students,6.963788300835654
Appomattox Middle,school,2024,pct_disadv,50.1953125
Appomattox Middle,school,2024,bully_rate_per_1k,7.8125
Appomattox Middle,school,2024,staff_per_1k_students,11.71875
Arlington Community High,school,2024,pct_disadv,11.409395973154362
Arlington Community High,school,2024,bully_rate_per_1k,0
Arlington Community High,school,2024,staff_per_1k_students,26.174496644295303
Dorothy Hamm Middle,school,2024,pct_disadv,18.220793140407288
Dorothy Hamm Middle,school,2024,bully_rate_per_1k,2.1436227224008575
Dorothy Hamm Middle,school,2024,staff_per_1k_students,4.715969989281887
Gunston Middle,school,2024,pct_disadv,34.62657613967022
Gunston Middle,school,2024,bully_rate_per_1k,9.699321047526674
Gunston Middle,school,2024,staff_per_1k_students,6.304558680892337
Jefferson Middle,school,2024,pct_disadv,39.44954128440367
Jefferson Middle,school,2024,bully_rate_per_1k,0.9174311926605504
Jefferson Middle,school,2024,staff_per_1k_students,7.79816513761468
Kenmore Middle,school,2024,pct_disadv,40.83250743310208
Kenmore Middle,school,2024,bully_rate_per_1k,2.973240832507433
Kenmore Middle,school,2024,staff_per_1k_students,5.946481665014866
Swanson Middle,school,2024,pct_disadv,20.621761658031087
Swanson Middle,school,2024,bully_rate_per_1k,2.0725388601036268
Swanson Middle,school,2024,staff_per_1k_students,6.217616580310881
Wakefield High,school,2024,pct_disadv,38.79500367376929
Wakefield High,school,2024,bully_rate_per_1k,0.7347538574577516
Wakefield High,school,2024,staff_per_1k_students,4.702424687729611
Washington-Liberty High,school,2024,pct_disadv,30.40633608815427
Washington-Liberty High,school,2024,bully_rate_per_1k,1.0330578512396695
Washington-Liberty High,school,2024,staff_per_1k_students,6.749311294765841
Williamsburg Middle,school,2024,pct_disadv,2.102803738317757
Williamsburg Middle,school,2024,bully_rate_per_1k,3.5046728971962615
Williamsburg Middle,school,2024,staff_per_1k_students,5.841121495327102
Yorktown High,school,2024,pct_disadv,14.21706047256708
Yorktown High,school,2024,bully_rate_per_1k,0.4004805766920304
Yorktown High,school,2024,staff_per_1k_students,5.326391670004005
Buffalo Gap High,school,2024,pct_disadv,40.144230769230774
Buffalo Gap High,school,2024,bully_rate_per_1k,2.403846153846154
Buffalo Gap High,school,2024,staff_per_1k_students,4.807692307692308
Fort Defiance High,school,2024,pct_disadv,43.360433604336045
Fort Defiance High,school,2024,bully_rate_per_1k,1.3550135501355014
Fort Defiance High,school,2024,staff_per_1k_students,5.420054200542006
Riverheads High,school,2024,pct_disadv,33.92857142857143
Riverheads High,school,2024,bully_rate_per_1k,0
Riverheads High,school,2024,staff_per_1k_students,4.464285714285714
S. Gordon Stewart Middle,school,2024,pct_disadv,43.02325581395349
S. Gordon Stewart Middle,school,2024,bully_rate_per_1k,1.937984496124031
S. Gordon Stewart Middle,school,2024,staff_per_1k_students,3.875968992248062
Stuarts Draft High,school,2024,pct_disadv,40.81346423562413
Stuarts Draft High,school,2024,bully_rate_per_1k,4.207573632538569
Stuarts Draft High,school,2024,staff_per_1k_students,4.6704067321178115
Stuarts Draft Middle,school,2024,pct_disadv,39.285714285714285
Stuarts Draft Middle,school,2024,bully_rate_per_1k,3.968253968253968
Stuarts Draft Middle,school,2024,staff_per_1k_students,4.365079365079366
Wilson Memorial High,school,2024,pct_disadv,35.83815028901734
Wilson Memorial High,school,2024,bully_rate_per_1k,5.780346820809248
Wilson Memorial High,school,2024,staff_per_1k_students,2.3121387283236996
Wilson Middle,school,2024,pct_disadv,40.54878048780488
Wilson Middle,school,2024,bully_rate_per_1k,3.048780487804878
Wilson Middle,school,2024,staff_per_1k_students,4.573170731707317
Bath County High,school,2024,pct_disadv,42.62295081967213
Bath County High,school,2024,bully_rate_per_1k,38.25136612021858
Bath County High,school,2024,staff_per_1k_students,5.46448087431694
Forest Middle,school,2024,pct_disadv,22.02247191011236
Forest Middle,school,2024,bully_rate_per_1k,1.1235955056179776
Forest Middle,school,2024,staff_per_1k_students,3.370786516853933
Jefferson Forest High,school,2024,pct_disadv,21.662852784134248
Jefferson Forest High,school,2024,bully_rate_per_1k,0
Jefferson Forest High,school,2024,staff_per_1k_students,3.051106025934401
Liberty High — Bedford County,school,2024,pct_disadv,45.80467675378267
Liberty High — Bedford County,school,2024,bully_rate_per_1k,0
Liberty High — Bedford County,school,2024,staff_per_1k_students,4.126547455295736
Liberty Middle — Bedford County,school,2024,pct_disadv,56.074766355140184
Liberty Middle — Bedford County,school,2024,bully_rate_per_1k,9.345794392523365
Liberty Middle — Bedford County,school,2024,staff_per_1k_students,3.7383177570093458
Staunton River High,school,2024,pct_disadv,43.613348676639816
Staunton River High,school,2024,bully_rate_per_1k,6.904487917146144
Staunton River High,school,2024,staff_per_1k_students,3.452243958573072
Staunton River Middle,school,2024,pct_disadv,50.513698630136986
Staunton River Middle,school,2024,bully_rate_per_1k,8.561643835616438
Staunton River Middle,school,2024,staff_per_1k_students,3.4246575342465753
Bland County High,school,2024,pct_disadv,50.68807339449541
Bland County High,school,2024,bully_rate_per_1k,4.587155963302752
Bland County High,school,2024,staff_per_1k_students,0
Central Academy Middle,school,2024,pct_disadv,37.569060773480665
Central Academy Middle,school,2024,bully_rate_per_1k,0
Central Academy Middle,school,2024,staff_per_1k_students,5.524861878453039
James River High — Botetourt County,school,2024,pct_disadv,32.10412147505423
James River High — Botetourt County,school,2024,bully_rate_per_1k,0
James River High — Botetourt County,school,2024,staff_per_1k_students,4.3383947939262475
Lord Botetourt High,school,2024,pct_disadv,27.87385554425229
Lord Botetourt High,school,2024,bully_rate_per_1k,6.103763987792472
Lord Botetourt High,school,2024,staff_per_1k_students,4.0691759918616475
Read Mountain Middle,school,2024,pct_disadv,32.677760968229954
Read Mountain Middle,school,2024,bully_rate_per_1k,0
Read Mountain Middle,school,2024,staff_per_1k_students,3.630862329803328
Virginia High,school,2024,pct_disadv,66.4
Virginia High,school,2024,bully_rate_per_1k,0
Virginia High,school,2024,staff_per_1k_students,3.2
Virginia Middle,school,2024,pct_disadv,73.14410480349345
Virginia Middle,school,2024,bully_rate_per_1k,6.550218340611353
Virginia Middle,school,2024,staff_per_1k_students,2.1834061135371177
Brunswick High,school,2024,pct_disadv,74.40758293838863
Brunswick High,school,2024,bully_rate_per_1k,0
Brunswick High,school,2024,staff_per_1k_students,5.213270142180095
James S. Russell Middle,school,2024,pct_disadv,72.88135593220339
James S. Russell Middle,school,2024,bully_rate_per_1k,3.389830508474576
James S. Russell Middle,school,2024,staff_per_1k_students,3.389830508474576
Council High,school,2024,pct_disadv,63.06306306306306
Council High,school,2024,bully_rate_per_1k,0
Council High,school,2024,staff_per_1k_students,4.504504504504505
Grundy High,school,2024,pct_disadv,55.172413793103445
Grundy High,school,2024,bully_rate_per_1k,0
Grundy High,school,2024,staff_per_1k_students,2.8735632183908044
Hurley High,school,2024,pct_disadv,62.38938053097345
Hurley High,school,2024,bully_rate_per_1k,0
Hurley High,school,2024,staff_per_1k_students,4.424778761061947
Twin Valley High,school,2024,pct_disadv,62.365591397849464
Twin Valley High,school,2024,bully_rate_per_1k,0
Twin Valley High,school,2024,staff_per_1k_students,5.376344086021506
Buckingham County High,school,2024,pct_disadv,54.59854014598539
Buckingham County High,school,2024,bully_rate_per_1k,2.9197080291970803
Buckingham County High,school,2024,staff_per_1k_students,2.9197080291970803
Buckingham County Middle,school,2024,pct_disadv,60.46511627906976
Buckingham County Middle,school,2024,bully_rate_per_1k,9.30232558139535
Buckingham County Middle,school,2024,staff_per_1k_students,4.651162790697675
Parry McCluer High,school,2024,pct_disadv,48.40764331210191
Parry McCluer High,school,2024,bully_rate_per_1k,3.1847133757961785
Parry McCluer High,school,2024,staff_per_1k_students,3.1847133757961785
Parry McCluer Middle,school,2024,pct_disadv,55.46218487394958
Parry McCluer Middle,school,2024,bully_rate_per_1k,25.210084033613445
Parry McCluer Middle,school,2024,staff_per_1k_students,14.705882352941176
Altavista High,school,2024,pct_disadv,53.785488958990534
Altavista High,school,2024,bully_rate_per_1k,3.1545741324921135
Altavista High,school,2024,staff_per_1k_students,4.73186119873817
Brookville High,school,2024,pct_disadv,37.53694581280788
Brookville High,school,2024,bully_rate_per_1k,0.9852216748768472
Brookville High,school,2024,staff_per_1k_students,2.9556650246305423
Brookville Middle,school,2024,pct_disadv,40.70796460176992
Brookville Middle,school,2024,bully_rate_per_1k,5.899705014749262
Brookville Middle,school,2024,staff_per_1k_students,4.424778761061947
Rustburg High,school,2024,pct_disadv,40.8930669800235
Rustburg High,school,2024,bully_rate_per_1k,2.3501762632197414
Rustburg High,school,2024,staff_per_1k_students,4.700352526439483
Rustburg Middle,school,2024,pct_disadv,49.44532488114105
Rustburg Middle,school,2024,bully_rate_per_1k,6.3391442155309035
Rustburg Middle,school,2024,staff_per_1k_students,4.754358161648177
William Campbell High,school,2024,pct_disadv,60
William Campbell High,school,2024,bully_rate_per_1k,2.4691358024691357
William Campbell High,school,2024,staff_per_1k_students,7.407407407407407
Caroline High,school,2024,pct_disadv,45.46165884194053
Caroline High,school,2024,bully_rate_per_1k,3.912363067292645
Caroline High,school,2024,staff_per_1k_students,3.1298904538341157
Caroline Middle,school,2024,pct_disadv,48.4
Caroline Middle,school,2024,bully_rate_per_1k,11
Caroline Middle,school,2024,staff_per_1k_students,4
Carroll County High,school,2024,pct_disadv,51.36921624173749
Carroll County High,school,2024,bully_rate_per_1k,3.7771482530689338
Carroll County High,school,2024,staff_per_1k_students,4.53257790368272
Carroll County Middle,school,2024,pct_disadv,58.1267217630854
Carroll County Middle,school,2024,bully_rate_per_1k,0
Carroll County Middle,school,2024,staff_per_1k_students,3.3057851239669422
Charles City County High,school,2024,pct_disadv,59.53488372093023
Charles City County High,school,2024,bully_rate_per_1k,0
Charles City County High,school,2024,staff_per_1k_students,4.651162790697675
Central Middle,school,2024,pct_disadv,56.1038961038961
Central Middle,school,2024,bully_rate_per_1k,2.5974025974025974
Central Middle,school,2024,staff_per_1k_students,2.5974025974025974
Randolph-Henry High,school,2024,pct_disadv,52.83018867924528
Randolph-Henry High,school,2024,bully_rate_per_1k,2.0964360587002098
Randolph-Henry High,school,2024,staff_per_1k_students,4.1928721174004195
Charlottesville Middle,school,2024,pct_disadv,56.68449197860963
Charlottesville Middle,school,2024,bully_rate_per_1k,3.5650623885918
Charlottesville Middle,school,2024,staff_per_1k_students,14.2602495543672
Charlottesville High,school,2024,pct_disadv,51.09851169383416
Charlottesville High,school,2024,bully_rate_per_1k,0
Charlottesville High,school,2024,staff_per_1k_students,9.213323883770377
Walker Upper Elementary,school,2024,pct_disadv,49.42339373970346
Walker Upper Elementary,school,2024,bully_rate_per_1k,11.532125205930807
Walker Upper Elementary,school,2024,staff_per_1k_students,13.179571663920925
Crestwood Middle,school,2024,pct_disadv,42.32142857142857
Crestwood Middle,school,2024,bully_rate_per_1k,0
Crestwood Middle,school,2024,staff_per_1k_students,7.142857142857142
Deep Creek High,school,2024,pct_disadv,35.722964763061974
Deep Creek High,school,2024,bully_rate_per_1k,0
Deep Creek High,school,2024,staff_per_1k_students,6.682867557715674
Deep Creek Middle,school,2024,pct_disadv,35.95505617977528
Deep Creek Middle,school,2024,bully_rate_per_1k,0
Deep Creek Middle,school,2024,staff_per_1k_students,6.242197253433208
Grassfield High,school,2024,pct_disadv,11.759619541720708
Grassfield High,school,2024,bully_rate_per_1k,0
Grassfield High,school,2024,staff_per_1k_students,4.32338953739732
Great Bridge High,school,2024,pct_disadv,18.5378590078329
Great Bridge High,school,2024,bully_rate_per_1k,0
Great Bridge High,school,2024,staff_per_1k_students,6.5274151436031325
Great Bridge Middle,school,2024,pct_disadv,12.413261372397841
Great Bridge Middle,school,2024,bully_rate_per_1k,0.7710100231303006
Great Bridge Middle,school,2024,staff_per_1k_students,5.397070161912104
Greenbrier Middle,school,2024,pct_disadv,31.060606060606062
Greenbrier Middle,school,2024,bully_rate_per_1k,2.5252525252525255
Greenbrier Middle,school,2024,staff_per_1k_students,7.575757575757576
Hickory High,school,2024,pct_disadv,9.58904109589041
Hickory High,school,2024,bully_rate_per_1k,0
Hickory High,school,2024,staff_per_1k_students,5.603985056039851
Hickory Middle,school,2024,pct_disadv,10.78582434514638
Hickory Middle,school,2024,bully_rate_per_1k,0.7704160246533128
Hickory Middle,school,2024,staff_per_1k_students,5.3929121725731894
Hugo A. Owens Middle,school,2024,pct_disadv,21.543162719633308
Hugo A. Owens Middle,school,2024,bully_rate_per_1k,0
Hugo A. Owens Middle,school,2024,staff_per_1k_students,5.347593582887701
Indian River High,school,2024,pct_disadv,39.83548766157462
Indian River High,school,2024,bully_rate_per_1k,0
Indian River High,school,2024,staff_per_1k_students,6.462984723854289
Indian River Middle,school,2024,pct_disadv,50.916230366492144
Indian River Middle,school,2024,bully_rate_per_1k,1.3089005235602096
Indian River Middle,school,2024,staff_per_1k_students,4.973821989528796
Jolliff Middle,school,2024,pct_disadv,29.35251798561151
Jolliff Middle,school,2024,bully_rate_per_1k,2.8776978417266186
Jolliff Middle,school,2024,staff_per_1k_students,5.755395683453237
Oscar F. Smith High,school,2024,pct_disadv,46.85073339085418
Oscar F. Smith High,school,2024,bully_rate_per_1k,1.2942191544434856
Oscar F. Smith High,school,2024,staff_per_1k_students,6.039689387402934
Oscar Smith Middle,school,2024,pct_disadv,63.934426229508205
Oscar Smith Middle,school,2024,bully_rate_per_1k,0
Oscar Smith Middle,school,2024,staff_per_1k_students,7.172131147540984
Western Branch High,school,2024,pct_disadv,28.167687235044745
Western Branch High,school,2024,bully_rate_per_1k,0
Western Branch High,school,2024,staff_per_1k_students,5.181347150259067
Western Branch Middle,school,2024,pct_disadv,33.29646017699115
Western Branch Middle,school,2024,bully_rate_per_1k,2.2123893805309733
Western Branch Middle,school,2024,staff_per_1k_students,6.6371681415929205
Bailey Bridge Middle,school,2024,pct_disadv,28.670360110803323
Bailey Bridge Middle,school,2024,bully_rate_per_1k,3.4626038781163433
Bailey Bridge Middle,school,2024,staff_per_1k_students,4.84764542936288
Carver College and Career Academy,school,2024,pct_disadv,65.03496503496503
Carver College and Career Academy,school,2024,bully_rate_per_1k,0
Carver College and Career Academy,school,2024,staff_per_1k_students,17.482517482517483
Carver Middle,school,2024,pct_disadv,49.55577492596249
Carver Middle,school,2024,bully_rate_per_1k,1.9743336623889436
Carver Middle,school,2024,staff_per_1k_students,6.910167818361304
Clover Hill High,school,2024,pct_disadv,29.506378258458128
Clover Hill High,school,2024,bully_rate_per_1k,2.2185246810870773
Clover Hill High,school,2024,staff_per_1k_students,4.9916805324459235
Cosby High,school,2024,pct_disadv,14.30260047281324
Cosby High,school,2024,bully_rate_per_1k,0.39401103230890466
Cosby High,school,2024,staff_per_1k_students,3.940110323089046
Elizabeth Davis Middle,school,2024,pct_disadv,41.056603773584904
Elizabeth Davis Middle,school,2024,bully_rate_per_1k,0
Elizabeth Davis Middle,school,2024,staff_per_1k_students,5.283018867924529
Falling Creek Middle,school,2024,pct_disadv,54.82708933717579
Falling Creek Middle,school,2024,bully_rate_per_1k,2.881844380403458
Falling Creek Middle,school,2024,staff_per_1k_students,5.763688760806916
James River High — Chesterfield County,school,2024,pct_disadv,29.754273504273502
James River High — Chesterfield County,school,2024,bully_rate_per_1k,1.6025641025641024
James River High — Chesterfield County,school,2024,staff_per_1k_students,4.273504273504274
Lloyd C. Bird High,school,2024,pct_disadv,46.08899297423888
Lloyd C. Bird High,school,2024,bully_rate_per_1k,0
Lloyd C. Bird High,school,2024,staff_per_1k_students,4.68384074941452
Manchester High,school,2024,pct_disadv,35.841495992876226
Manchester High,school,2024,bully_rate_per_1k,2.226179875333927
Manchester High,school,2024,staff_per_1k_students,4.007123775601068
Manchester Middle,school,2024,pct_disadv,44.64446444644464
Manchester Middle,school,2024,bully_rate_per_1k,0.9000900090009001
Manchester Middle,school,2024,staff_per_1k_students,6.300630063006301
Matoaca High,school,2024,pct_disadv,38.382619191309594
Matoaca High,school,2024,bully_rate_per_1k,0.6035003017501509
Matoaca High,school,2024,staff_per_1k_students,4.828002414001207
Matoaca Middle,school,2024,pct_disadv,43.17617866004963
Matoaca Middle,school,2024,bully_rate_per_1k,1.2406947890818858
Matoaca Middle,school,2024,staff_per_1k_students,6.20347394540943
Meadowbrook High,school,2024,pct_disadv,49.51653944020356
Meadowbrook High,school,2024,bully_rate_per_1k,0.5089058524173028
Meadowbrook High,school,2024,staff_per_1k_students,6.6157760814249365
Midlothian High,school,2024,pct_disadv,13.408093612871768
Midlothian High,school,2024,bully_rate_per_1k,0.9751340809361286
Midlothian High,school,2024,staff_per_1k_students,4.388103364212579
Midlothian Middle,school,2024,pct_disadv,12.086220169361049
Midlothian Middle,school,2024,bully_rate_per_1k,0.7698229407236336
Midlothian Middle,school,2024,staff_per_1k_students,5.388760585065435
Monacan High,school,2024,pct_disadv,32.036474164133736
Monacan High,school,2024,bully_rate_per_1k,0.6079027355623101
Monacan High,school,2024,staff_per_1k_students,4.863221884498481
Providence Middle,school,2024,pct_disadv,52.97560975609756
Providence Middle,school,2024,bully_rate_per_1k,1.951219512195122
Providence Middle,school,2024,staff_per_1k_students,4.878048780487805
Robious Middle,school,2024,pct_disadv,25
Robious Middle,school,2024,bully_rate_per_1k,2.688172043010753
Robious Middle,school,2024,staff_per_1k_students,5.376344086021506
Salem Church Middle,school,2024,pct_disadv,55.683122847301945
Salem Church Middle,school,2024,bully_rate_per_1k,0
Salem Church Middle,school,2024,staff_per_1k_students,6.8886337543053955
Swift Creek Middle,school,2024,pct_disadv,25.11013215859031
Swift Creek Middle,school,2024,bully_rate_per_1k,0
Swift Creek Middle,school,2024,staff_per_1k_students,5.286343612334802
Thomas Dale High,school,2024,pct_disadv,39.620449264136326
Thomas Dale High,school,2024,bully_rate_per_1k,2.323780015491866
Thomas Dale High,school,2024,staff_per_1k_students,4.260263361735089
Tomahawk Creek Middle,school,2024,pct_disadv,13.58560794044665
Tomahawk Creek Middle,school,2024,bully_rate_per_1k,0.6203473945409429
Tomahawk Creek Middle,school,2024,staff_per_1k_students,4.962779156327543
Clarke County High,school,2024,pct_disadv,25.356125356125357
Clarke County High,school,2024,bully_rate_per_1k,0
Clarke County High,school,2024,staff_per_1k_students,4.415954415954417
Johnson-Williams Middle,school,2024,pct_disadv,33.88235294117647
Johnson-Williams Middle,school,2024,bully_rate_per_1k,21.176470588235293
Johnson-Williams Middle,school,2024,staff_per_1k_students,7.294117647058823
Colonial Beach High,school,2024,pct_disadv,58.4070796460177
Colonial Beach High,school,2024,bully_rate_per_1k,0
Colonial Beach High,school,2024,staff_per_1k_students,0
Colonial Heights High,school,2024,pct_disadv,53.092182030338385
Colonial Heights High,school,2024,bully_rate_per_1k,0
Colonial Heights High,school,2024,staff_per_1k_students,5.834305717619603
Colonial Heights Middle,school,2024,pct_disadv,57.870370370370374
Colonial Heights Middle,school,2024,bully_rate_per_1k,0
Colonial Heights Middle,school,2024,staff_per_1k_students,4.62962962962963
Craig County High,school,2024,pct_disadv,46.74329501915709
Craig County High,school,2024,bully_rate_per_1k,15.32567049808429
Craig County High,school,2024,staff_per_1k_students,0
Culpeper County High,school,2024,pct_disadv,43.91233766233766
Culpeper County High,school,2024,bully_rate_per_1k,1.6233766233766236
Culpeper County High,school,2024,staff_per_1k_students,4.058441558441558
Culpeper Middle,school,2024,pct_disadv,41.92634560906516
Culpeper Middle,school,2024,bully_rate_per_1k,0.9442870632672332
Culpeper Middle,school,2024,staff_per_1k_students,3.7771482530689338
Eastern View High,school,2024,pct_disadv,44.487678339818416
Eastern View High,school,2024,bully_rate_per_1k,1.9455252918287935
Eastern View High,school,2024,staff_per_1k_students,3.891050583657587
Floyd T. Binns Middle,school,2024,pct_disadv,43.25699745547074
Floyd T. Binns Middle,school,2024,bully_rate_per_1k,7.633587786259541
Floyd T. Binns Middle,school,2024,staff_per_1k_students,5.089058524173028
Cumberland High,school,2024,pct_disadv,52.92479108635098
Cumberland High,school,2024,bully_rate_per_1k,16.71309192200557
Cumberland High,school,2024,staff_per_1k_students,2.785515320334262
Cumberland Middle,school,2024,pct_disadv,51.117318435754186
Cumberland Middle,school,2024,bully_rate_per_1k,5.58659217877095
Cumberland Middle,school,2024,staff_per_1k_students,2.793296089385475
Galileo Magnet High,school,2024,pct_disadv,51.61290322580645
Galileo Magnet High,school,2024,bully_rate_per_1k,0
Galileo Magnet High,school,2024,staff_per_1k_students,3.5842293906810037
George Washington High,school,2024,pct_disadv,75.54347826086956
George Washington High,school,2024,bully_rate_per_1k,0
George Washington High,school,2024,staff_per_1k_students,5.434782608695652
O. Trent Bonner Middle,school,2024,pct_disadv,79.58115183246073
O. Trent Bonner Middle,school,2024,bully_rate_per_1k,5.235602094240838
O. Trent Bonner Middle,school,2024,staff_per_1k_students,3.4904013961605584
R.I.S.E Academy at the John M. Langston Campus,school,2024,pct_disadv,89.0625
R.I.S.E Academy at the John M. Langston Campus,school,2024,bully_rate_per_1k,0
R.I.S.E Academy at the John M. Langston Campus,school,2024,staff_per_1k_students,23.4375
Westwood Middle,school,2024,pct_disadv,82.49097472924187
Westwood Middle,school,2024,bully_rate_per_1k,1.8050541516245489
Westwood Middle,school,2024,staff_per_1k_students,3.6101083032490977
Ridgeview High,school,2024,pct_disadv,58.44827586206897
Ridgeview High,school,2024,bully_rate_per_1k,0
Ridgeview High,school,2024,staff_per_1k_students,5.862068965517241
Ridgeview Middle,school,2024,pct_disadv,64.15525114155251
Ridgeview Middle,school,2024,bully_rate_per_1k,0
Ridgeview Middle,school,2024,staff_per_1k_students,5.479452054794521
Dinwiddie County High,school,2024,pct_disadv,51.02040816326531
Dinwiddie County High,school,2024,bully_rate_per_1k,0.7558578987150416
Dinwiddie County High,school,2024,staff_per_1k_students,3.779289493575208
Dinwiddie County Middle,school,2024,pct_disadv,59.115426105717376
Dinwiddie County Middle,school,2024,bully_rate_per_1k,3.236245954692557
Dinwiddie County Middle,school,2024,staff_per_1k_students,3.236245954692557
Essex High,school,2024,pct_disadv,74.8780487804878
Essex High,school,2024,bully_rate_per_1k,0
Essex High,school,2024,staff_per_1k_students,3.658536585365854
James H. Cary Intermediate,school,2024,pct_disadv,77.0392749244713
James H. Cary Intermediate,school,2024,bully_rate_per_1k,3.0211480362537766
James H. Cary Intermediate,school,2024,staff_per_1k_students,3.0211480362537766
Annandale High,school,2024,pct_disadv,92.3952641165756
Annandale High,school,2024,bully_rate_per_1k,0.4553734061930783
Annandale High,school,2024,staff_per_1k_students,6.375227686703097
Bryant High,school,2024,pct_disadv,84.90566037735849
Bryant High,school,2024,bully_rate_per_1k,6.289308176100629
Bryant High,school,2024,staff_per_1k_students,31.446540880503143
Carson Middle,school,2024,pct_disadv,18.82693700217234
Carson Middle,school,2024,bully_rate_per_1k,0
Carson Middle,school,2024,staff_per_1k_students,5.068790731354091
Centreville High,school,2024,pct_disadv,35.70281124497992
Centreville High,school,2024,bully_rate_per_1k,0.8032128514056225
Centreville High,school,2024,staff_per_1k_students,6.024096385542169
Chantilly High,school,2024,pct_disadv,22.793629727936295
Chantilly High,school,2024,bully_rate_per_1k,0.33178500331785005
Chantilly High,school,2024,staff_per_1k_students,6.303915063039151
Cooper Middle,school,2024,pct_disadv,5.130597014925374
Cooper Middle,school,2024,bully_rate_per_1k,0
Cooper Middle,school,2024,staff_per_1k_students,5.597014925373134
Edison High,school,2024,pct_disadv,44.04709986916703
Edison High,school,2024,bully_rate_per_1k,0.8722197993894462
Edison High,school,2024,staff_per_1k_students,7.631923244657654
Fairfax County Adult High,school,2024,pct_disadv,43.56846473029046
Fairfax County Adult High,school,2024,bully_rate_per_1k,0
Fairfax County Adult High,school,2024,staff_per_1k_students,NA
Fairfax High,school,2024,pct_disadv,39.202375901569795
Fairfax High,school,2024,bully_rate_per_1k,0.848536274925753
Fairfax High,school,2024,staff_per_1k_students,7.000424268137462
Falls Church High,school,2024,pct_disadv,66.4967562557924
Falls Church High,school,2024,bully_rate_per_1k,0.4633920296570899
Falls Church High,school,2024,staff_per_1k_students,6.950880444856348
Franklin Middle,school,2024,pct_disadv,21.09090909090909
Franklin Middle,school,2024,bully_rate_per_1k,0
Franklin Middle,school,2024,staff_per_1k_students,6.0606060606060606
Frost Middle,school,2024,pct_disadv,16.826923076923077
Frost Middle,school,2024,bully_rate_per_1k,0.8012820512820512
Frost Middle,school,2024,staff_per_1k_students,5.608974358974359
Glasgow Middle,school,2024,pct_disadv,94.0324449594438
Glasgow Middle,school,2024,bully_rate_per_1k,9.269988412514484
Glasgow Middle,school,2024,staff_per_1k_students,6.662804171494786
Hayfield Secondary,school,2024,pct_disadv,35.685670261941446
Hayfield Secondary,school,2024,bully_rate_per_1k,1.8489984591679507
Hayfield Secondary,school,2024,staff_per_1k_students,5.855161787365177
Herndon High,school,2024,pct_disadv,56.98607007176023
Herndon High,school,2024,bully_rate_per_1k,1.6884761502743773
Herndon High,school,2024,staff_per_1k_students,6.331785563528915
Herndon Middle,school,2024,pct_disadv,60
Herndon Middle,school,2024,bully_rate_per_1k,5.555555555555555
Herndon Middle,school,2024,staff_per_1k_students,5.555555555555555
Holmes Middle,school,2024,pct_disadv,67.71300448430493
Holmes Middle,school,2024,bully_rate_per_1k,3.36322869955157
Holmes Middle,school,2024,staff_per_1k_students,6.165919282511211
Hughes Middle,school,2024,pct_disadv,47.71825396825397
Hughes Middle,school,2024,bully_rate_per_1k,3.968253968253968
Hughes Middle,school,2024,staff_per_1k_students,6.448412698412698
Irving Middle,school,2024,pct_disadv,17.4055829228243
Irving Middle,school,2024,bully_rate_per_1k,5.747126436781609
Irving Middle,school,2024,staff_per_1k_students,4.926108374384237
Jackson Middle,school,2024,pct_disadv,58.96373056994819
Jackson Middle,school,2024,bully_rate_per_1k,2.0725388601036268
Jackson Middle,school,2024,staff_per_1k_students,6.217616580310881
Johnson Middle,school,2024,pct_disadv,37.598597721297104
Johnson Middle,school,2024,bully_rate_per_1k,3.5056967572304996
Johnson Middle,school,2024,staff_per_1k_students,6.134969325153374
Justice High,school,2024,pct_disadv,96.30091438071489
Justice High,school,2024,bully_rate_per_1k,1.2468827930174564
Justice High,school,2024,staff_per_1k_students,6.442227763923524
Key Middle,school,2024,pct_disadv,89.25979680696662
Key Middle,school,2024,bully_rate_per_1k,0
Key Middle,school,2024,staff_per_1k_students,9.433962264150942
Kilmer Middle,school,2024,pct_disadv,22.5752508361204
Kilmer Middle,school,2024,bully_rate_per_1k,0
Kilmer Middle,school,2024,staff_per_1k_students,5.016722408026756
Kings Glen Elementary,school,2024,pct_disadv,27.038626609442066
Kings Glen Elementary,school,2024,bully_rate_per_1k,0
Kings Glen Elementary,school,2024,staff_per_1k_students,2.1459227467811157
Lake Braddock Secondary,school,2024,pct_disadv,22.815753734721593
Lake Braddock Secondary,school,2024,bully_rate_per_1k,1.131733816206428
Lake Braddock Secondary,school,2024,staff_per_1k_students,5.20597555454957
Langley High,school,2024,pct_disadv,4.3884220354808585
Langley High,school,2024,bully_rate_per_1k,0
Langley High,school,2024,staff_per_1k_students,6.069094304388422
Lewis High,school,2024,pct_disadv,73.07462686567165
Lewis High,school,2024,bully_rate_per_1k,1.1940298507462688
Lewis High,school,2024,staff_per_1k_students,7.164179104477612
Liberty Middle — Fairfax County,school,2024,pct_disadv,40.48672566371682
Liberty Middle — Fairfax County,school,2024,bully_rate_per_1k,0
Liberty Middle — Fairfax County,school,2024,staff_per_1k_students,6.084070796460177
Longfellow Middle,school,2024,pct_disadv,12.83891547049442
Longfellow Middle,school,2024,bully_rate_per_1k,0.7974481658692185
Longfellow Middle,school,2024,staff_per_1k_students,3.987240829346092
Madison High,school,2024,pct_disadv,13.563327032136105
Madison High,school,2024,bully_rate_per_1k,1.4177693761814745
Madison High,school,2024,staff_per_1k_students,6.616257088846881
Marshall High,school,2024,pct_disadv,26.6425011327594
Marshall High,school,2024,bully_rate_per_1k,0
Marshall High,school,2024,staff_per_1k_students,7.702763932940644
McLean High,school,2024,pct_disadv,14.786150712830956
McLean High,school,2024,bully_rate_per_1k,0.814663951120163
McLean High,school,2024,staff_per_1k_students,6.109979633401222
Mount Vernon High,school,2024,pct_disadv,64.36957631444614
Mount Vernon High,school,2024,bully_rate_per_1k,0.5104645227156713
Mount Vernon High,school,2024,staff_per_1k_students,7.656967840735069
Mountain View High — Fairfax County,school,2024,pct_disadv,69.01408450704226
Mountain View High — Fairfax County,school,2024,bully_rate_per_1k,0
Mountain View High — Fairfax County,school,2024,staff_per_1k_students,42.25352112676056
Oakton High,school,2024,pct_disadv,16.673011039208223
Oakton High,school,2024,bully_rate_per_1k,0
Oakton High,school,2024,staff_per_1k_students,6.0905976398934145
Poe Middle,school,2024,pct_disadv,91.51785714285714
Poe Middle,school,2024,bully_rate_per_1k,2.232142857142857
Poe Middle,school,2024,staff_per_1k_students,5.022321428571429
Robinson Secondary,school,2024,pct_disadv,15.568862275449105
Robinson Secondary,school,2024,bully_rate_per_1k,6.804572672836146
Robinson Secondary,school,2024,staff_per_1k_students,6.260206859009254
Rocky Run Middle,school,2024,pct_disadv,24.577226606538897
Rocky Run Middle,school,2024,bully_rate_per_1k,0
Rocky Run Middle,school,2024,staff_per_1k_students,5.636978579481398
Sandburg Middle,school,2024,pct_disadv,59.158945117605136
Sandburg Middle,school,2024,bully_rate_per_1k,0
Sandburg Middle,school,2024,staff_per_1k_students,5.702066999287242
South County High,school,2024,pct_disadv,24.97733454215775
South County High,school,2024,bully_rate_per_1k,0.9066183136899364
South County High,school,2024,staff_per_1k_students,5.893019038984588
South County Middle,school,2024,pct_disadv,25.826446280991732
South County Middle,school,2024,bully_rate_per_1k,0
South County Middle,school,2024,staff_per_1k_students,5.1652892561983474
South Lakes High,school,2024,pct_disadv,35.81189710610933
South Lakes High,school,2024,bully_rate_per_1k,0
South Lakes High,school,2024,staff_per_1k_students,6.832797427652733
Stone Middle,school,2024,pct_disadv,42.05344585091421
Stone Middle,school,2024,bully_rate_per_1k,0
Stone Middle,school,2024,staff_per_1k_students,7.032348804500703
Thomas Jefferson High for Science and Technology,school,2024,pct_disadv,13.832424392662372
Thomas Jefferson High for Science and Technology,school,2024,bully_rate_per_1k,0.49578582052553294
Thomas Jefferson High for Science and Technology,school,2024,staff_per_1k_students,6.4452156668319285
Thoreau Middle,school,2024,pct_disadv,19.71153846153846
Thoreau Middle,school,2024,bully_rate_per_1k,4.006410256410256
Thoreau Middle,school,2024,staff_per_1k_students,4.807692307692308
Twain Middle,school,2024,pct_disadv,41.45601617795754
Twain Middle,school,2024,bully_rate_per_1k,0
Twain Middle,school,2024,staff_per_1k_students,6.572295247724975
West Potomac High,school,2024,pct_disadv,52.83370618941089
West Potomac High,school,2024,bully_rate_per_1k,0.3728560775540641
West Potomac High,school,2024,staff_per_1k_students,6.33855331841909
West Springfield High,school,2024,pct_disadv,18.580224556320175
West Springfield High,school,2024,bully_rate_per_1k,0.7243752263672583
West Springfield High,school,2024,staff_per_1k_students,5.251720391162622
Westfield High,school,2024,pct_disadv,37.3367198838897
Westfield High,school,2024,bully_rate_per_1k,0.362844702467344
Westfield High,school,2024,staff_per_1k_students,5.44267053701016
Whitman Middle,school,2024,pct_disadv,74.35897435897436
Whitman Middle,school,2024,bully_rate_per_1k,0
Whitman Middle,school,2024,staff_per_1k_students,7.326007326007326
Woodson High,school,2024,pct_disadv,15.533199195171028
Woodson High,school,2024,bully_rate_per_1k,0.40241448692152915
Woodson High,school,2024,staff_per_1k_students,5.8350100603621735
Mary Ellen Henderson Middle School,school,2024,pct_disadv,10.929853181076671
Mary Ellen Henderson Middle School,school,2024,bully_rate_per_1k,1.6313213703099512
Mary Ellen Henderson Middle School,school,2024,staff_per_1k_students,NA
Meridian High School,school,2024,pct_disadv,13.131313131313131
Meridian High School,school,2024,bully_rate_per_1k,1.122334455667789
Meridian High School,school,2024,staff_per_1k_students,NA
Auburn Middle — Fauquier County,school,2024,pct_disadv,14.7766323024055
Auburn Middle — Fauquier County,school,2024,bully_rate_per_1k,0
Auburn Middle — Fauquier County,school,2024,staff_per_1k_students,3.436426116838488
Cedar Lee Middle,school,2024,pct_disadv,47.83118405627198
Cedar Lee Middle,school,2024,bully_rate_per_1k,2.3446658851113713
Cedar Lee Middle,school,2024,staff_per_1k_students,3.5169988276670576
Fauquier High,school,2024,pct_disadv,30.37865748709122
Fauquier High,school,2024,bully_rate_per_1k,0
Fauquier High,school,2024,staff_per_1k_students,6.884681583476764
Kettle Run High,school,2024,pct_disadv,14.88645920941968
Kettle Run High,school,2024,bully_rate_per_1k,0
Kettle Run High,school,2024,staff_per_1k_students,5.887300252312868
Liberty High — Fauquier County,school,2024,pct_disadv,42.79411764705882
Liberty High — Fauquier County,school,2024,bully_rate_per_1k,1.4705882352941175
Liberty High — Fauquier County,school,2024,staff_per_1k_students,5.88235294117647
Marshall Middle,school,2024,pct_disadv,36.58536585365854
Marshall Middle,school,2024,bully_rate_per_1k,0
Marshall Middle,school,2024,staff_per_1k_students,2.4390243902439024
W.C. Taylor Middle,school,2024,pct_disadv,23.114754098360656
W.C. Taylor Middle,school,2024,bully_rate_per_1k,0
W.C. Taylor Middle,school,2024,staff_per_1k_students,2.459016393442623
Floyd County High,school,2024,pct_disadv,39.705882352941174
Floyd County High,school,2024,bully_rate_per_1k,0
Floyd County High,school,2024,staff_per_1k_students,4.411764705882353
Fluvanna County High,school,2024,pct_disadv,35.0104821802935
Fluvanna County High,school,2024,bully_rate_per_1k,0
Fluvanna County High,school,2024,staff_per_1k_students,4.1928721174004195
Fluvanna Middle,school,2024,pct_disadv,36.22795115332429
Fluvanna Middle,school,2024,bully_rate_per_1k,4.07055630936228
Fluvanna Middle,school,2024,staff_per_1k_students,4.07055630936228
Franklin High,school,2024,pct_disadv,74.93333333333332
Franklin High,school,2024,bully_rate_per_1k,29.333333333333332
Franklin High,school,2024,staff_per_1k_students,5.333333333333333
Benjamin Franklin Middle,school,2024,pct_disadv,52.69590222861251
Benjamin Franklin Middle,school,2024,bully_rate_per_1k,1.4378145219266716
Benjamin Franklin Middle,school,2024,staff_per_1k_students,10.783608914450037
Franklin County High,school,2024,pct_disadv,47.9199578725645
Franklin County High,school,2024,bully_rate_per_1k,3.1595576619273302
Franklin County High,school,2024,staff_per_1k_students,5.265929436545551
Admiral Richard E. Byrd Middle,school,2024,pct_disadv,34.15841584158416
Admiral Richard E. Byrd Middle,school,2024,bully_rate_per_1k,6.188118811881188
Admiral Richard E. Byrd Middle,school,2024,staff_per_1k_students,3.7128712871287126
Frederick County Middle,school,2024,pct_disadv,39.14780292942743
Frederick County Middle,school,2024,bully_rate_per_1k,0
Frederick County Middle,school,2024,staff_per_1k_students,5.326231691078562
James Wood High,school,2024,pct_disadv,34.01639344262295
James Wood High,school,2024,bully_rate_per_1k,0
James Wood High,school,2024,staff_per_1k_students,4.0983606557377055
James Wood Middle,school,2024,pct_disadv,48.201438848920866
James Wood Middle,school,2024,bully_rate_per_1k,4.796163069544364
James Wood Middle,school,2024,staff_per_1k_students,4.796163069544364
Millbrook High,school,2024,pct_disadv,44.88239033693579
Millbrook High,school,2024,bully_rate_per_1k,0
Millbrook High,school,2024,staff_per_1k_students,4.450095359186268
Robert E. Aylor Middle,school,2024,pct_disadv,42.10526315789473
Robert E. Aylor Middle,school,2024,bully_rate_per_1k,0
Robert E. Aylor Middle,school,2024,staff_per_1k_students,5.012531328320802
Sherando High,school,2024,pct_disadv,35.931790499390985
Sherando High,school,2024,bully_rate_per_1k,1.8270401948842871
Sherando High,school,2024,staff_per_1k_students,4.263093788063338
James Monroe High,school,2024,pct_disadv,50.69582504970179
James Monroe High,school,2024,bully_rate_per_1k,7.952286282306162
James Monroe High,school,2024,staff_per_1k_students,5.964214711729622
Walker-Grant Middle,school,2024,pct_disadv,62.24226804123711
Walker-Grant Middle,school,2024,bully_rate_per_1k,2.577319587628866
Walker-Grant Middle,school,2024,staff_per_1k_students,6.443298969072164
Galax High,school,2024,pct_disadv,55.44554455445545
Galax High,school,2024,bully_rate_per_1k,2.4752475247524752
Galax High,school,2024,staff_per_1k_students,11.806930693069305
Galax Middle,school,2024,pct_disadv,61.09422492401215
Galax Middle,school,2024,bully_rate_per_1k,12.1580547112462
Galax Middle,school,2024,staff_per_1k_students,3.0395136778115504
Giles High,school,2024,pct_disadv,45.667870036101085
Giles High,school,2024,bully_rate_per_1k,7.220216606498195
Giles High,school,2024,staff_per_1k_students,3.6101083032490977
Narrows High,school,2024,pct_disadv,51.50501672240802
Narrows High,school,2024,bully_rate_per_1k,16.72240802675585
Narrows High,school,2024,staff_per_1k_students,3.3444816053511706
Gloucester High,school,2024,pct_disadv,38.86378308586185
Gloucester High,school,2024,bully_rate_per_1k,3.2278889606197545
Gloucester High,school,2024,staff_per_1k_students,3.8734667527437057
Page Middle,school,2024,pct_disadv,48.04964539007092
Page Middle,school,2024,bully_rate_per_1k,17.73049645390071
Page Middle,school,2024,staff_per_1k_students,3.191489361702128
Peasley Middle,school,2024,pct_disadv,40.472175379426645
Peasley Middle,school,2024,bully_rate_per_1k,26.981450252951095
Peasley Middle,school,2024,staff_per_1k_students,3.372681281618887
Goochland High,school,2024,pct_disadv,29.75206611570248
Goochland High,school,2024,bully_rate_per_1k,2.361275088547816
Goochland High,school,2024,staff_per_1k_students,3.541912632821724
Goochland Middle,school,2024,pct_disadv,31.552587646076795
Goochland Middle,school,2024,bully_rate_per_1k,6.67779632721202
Goochland Middle,school,2024,staff_per_1k_students,6.67779632721202
Grayson County High,school,2024,pct_disadv,51.42231947483589
Grayson County High,school,2024,bully_rate_per_1k,4.3763676148796495
Grayson County High,school,2024,staff_per_1k_students,4.3763676148796495
Independence Middle — Grayson County,school,2024,pct_disadv,51.186440677966104
Independence Middle — Grayson County,school,2024,bully_rate_per_1k,44.06779661016949
Independence Middle — Grayson County,school,2024,staff_per_1k_students,3.389830508474576
William Monroe High,school,2024,pct_disadv,39.42798774259448
William Monroe High,school,2024,bully_rate_per_1k,1.021450459652707
William Monroe High,school,2024,staff_per_1k_students,6.639427987742594
William Monroe Middle,school,2024,pct_disadv,42.72
William Monroe Middle,school,2024,bully_rate_per_1k,11.2
William Monroe Middle,school,2024,staff_per_1k_students,6.88
Edward W. Wyatt Middle,school,2024,pct_disadv,72.08237986270024
Edward W. Wyatt Middle,school,2024,bully_rate_per_1k,4.576659038901602
Edward W. Wyatt Middle,school,2024,staff_per_1k_students,4.576659038901602
Greensville County High,school,2024,pct_disadv,70.93023255813954
Greensville County High,school,2024,bully_rate_per_1k,3.3222591362126246
Greensville County High,school,2024,staff_per_1k_students,3.3222591362126246
Halifax County High,school,2024,pct_disadv,53.28898743532889
Halifax County High,school,2024,bully_rate_per_1k,4.434589800443459
Halifax County High,school,2024,staff_per_1k_students,5.173688100517369
Halifax County Middle,school,2024,pct_disadv,56.601607347876005
Halifax County Middle,school,2024,bully_rate_per_1k,1.148105625717566
Halifax County Middle,school,2024,staff_per_1k_students,4.5924225028702645
Benjamin Syms Middle,school,2024,pct_disadv,57.27482678983834
Benjamin Syms Middle,school,2024,bully_rate_per_1k,2.3094688221709005
Benjamin Syms Middle,school,2024,staff_per_1k_students,4.618937644341801
Bethel High,school,2024,pct_disadv,51.72031076581576
Bethel High,school,2024,bully_rate_per_1k,3.8845726970033296
Bethel High,school,2024,staff_per_1k_students,5.549389567147614
C. Alton Lindsay Middle,school,2024,pct_disadv,62.61127596439169
C. Alton Lindsay Middle,school,2024,bully_rate_per_1k,7.41839762611276
C. Alton Lindsay Middle,school,2024,staff_per_1k_students,5.934718100890208
Cesar Tarrant Middle,school,2024,pct_disadv,57.122302158273385
Cesar Tarrant Middle,school,2024,bully_rate_per_1k,28.77697841726619
Cesar Tarrant Middle,school,2024,staff_per_1k_students,2.8776978417266186
Francis W. Jones Magnet Middle,school,2024,pct_disadv,40.368509212730316
Francis W. Jones Magnet Middle,school,2024,bully_rate_per_1k,1.6750418760469012
Francis W. Jones Magnet Middle,school,2024,staff_per_1k_students,3.3500837520938025
Hampton High,school,2024,pct_disadv,59.51612903225807
Hampton High,school,2024,bully_rate_per_1k,4.032258064516129
Hampton High,school,2024,staff_per_1k_students,6.451612903225806
Kecoughtan High,school,2024,pct_disadv,45.131578947368425
Kecoughtan High,school,2024,bully_rate_per_1k,0.6578947368421052
Kecoughtan High,school,2024,staff_per_1k_students,6.578947368421052
Phoebus High,school,2024,pct_disadv,57.58645024700071
Phoebus High,school,2024,bully_rate_per_1k,0.7057163020465773
Phoebus High,school,2024,staff_per_1k_students,6.351446718419195
Thomas Eaton Middle,school,2024,pct_disadv,52
Thomas Eaton Middle,school,2024,bully_rate_per_1k,1.6666666666666667
Thomas Eaton Middle,school,2024,staff_per_1k_students,5
Atlee High,school,2024,pct_disadv,23.194168323392976
Atlee High,school,2024,bully_rate_per_1k,0
Atlee High,school,2024,staff_per_1k_students,5.964214711729622
Bell Creek Middle,school,2024,pct_disadv,46.730975348338696
Bell Creek Middle,school,2024,bully_rate_per_1k,0
Bell Creek Middle,school,2024,staff_per_1k_students,4.287245444801715
Chickahominy Middle,school,2024,pct_disadv,21.9946571682992
Chickahominy Middle,school,2024,bully_rate_per_1k,0
Chickahominy Middle,school,2024,staff_per_1k_students,4.452359750667854
Hanover High,school,2024,pct_disadv,22.312223858615617
Hanover High,school,2024,bully_rate_per_1k,0
Hanover High,school,2024,staff_per_1k_students,8.100147275405009
Liberty Middle — Hanover County,school,2024,pct_disadv,44.601962922573605
Liberty Middle — Hanover County,school,2024,bully_rate_per_1k,1.0905125408942202
Liberty Middle — Hanover County,school,2024,staff_per_1k_students,9.814612868047982
Mechanicsville High,school,2024,pct_disadv,39.80509745127437
Mechanicsville High,school,2024,bully_rate_per_1k,0
Mechanicsville High,school,2024,staff_per_1k_students,8.245877061469265
Oak Knoll Middle,school,2024,pct_disadv,21.22587968217934
Oak Knoll Middle,school,2024,bully_rate_per_1k,0
Oak Knoll Middle,school,2024,staff_per_1k_students,6.81044267877412
Patrick Henry High — Hanover County,school,2024,pct_disadv,43.98496240601504
Patrick Henry High — Hanover County,school,2024,bully_rate_per_1k,0.7518796992481204
Patrick Henry High — Hanover County,school,2024,staff_per_1k_students,9.022556390977444
Harrisonburg High,school,2024,pct_disadv,48.94894894894895
Harrisonburg High,school,2024,bully_rate_per_1k,0
Harrisonburg High,school,2024,staff_per_1k_students,6.006006006006006
Skyline Middle — Harrisonburg City,school,2024,pct_disadv,51.7385257301808
Skyline Middle — Harrisonburg City,school,2024,bully_rate_per_1k,19.471488178025034
Skyline Middle — Harrisonburg City,school,2024,staff_per_1k_students,5.563282336578581
Thomas Harrison Middle,school,2024,pct_disadv,49.44134078212291
Thomas Harrison Middle,school,2024,bully_rate_per_1k,1.3966480446927374
Thomas Harrison Middle,school,2024,staff_per_1k_students,6.983240223463687
Brookland Middle,school,2024,pct_disadv,61.71039844509232
Brookland Middle,school,2024,bully_rate_per_1k,4.859086491739553
Brookland Middle,school,2024,staff_per_1k_students,3.887269193391642
Deep Run High,school,2024,pct_disadv,11.672388425698871
Deep Run High,school,2024,bully_rate_per_1k,0
Deep Run High,school,2024,staff_per_1k_students,2.942618930848455
Douglas S. Freeman High,school,2024,pct_disadv,33.12135665076841
Douglas S. Freeman High,school,2024,bully_rate_per_1k,0.5299417064122947
Douglas S. Freeman High,school,2024,staff_per_1k_students,3.179650238473768
Elko Middle,school,2024,pct_disadv,61.56028368794326
Elko Middle,school,2024,bully_rate_per_1k,2.8368794326241136
Elko Middle,school,2024,staff_per_1k_students,7.092198581560283
Fairfield Middle,school,2024,pct_disadv,58.60517435320585
Fairfield Middle,school,2024,bully_rate_per_1k,1.124859392575928
Fairfield Middle,school,2024,staff_per_1k_students,5.624296962879639
George H. Moody Middle,school,2024,pct_disadv,31.03448275862069
George H. Moody Middle,school,2024,bully_rate_per_1k,3.629764065335753
George H. Moody Middle,school,2024,staff_per_1k_students,3.629764065335753
Glen Allen High,school,2024,pct_disadv,23.99372713016205
Glen Allen High,school,2024,bully_rate_per_1k,0
Glen Allen High,school,2024,staff_per_1k_students,3.1364349189754313
Henrico High,school,2024,pct_disadv,55.11450381679389
Henrico High,school,2024,bully_rate_per_1k,3.0534351145038165
Henrico High,school,2024,staff_per_1k_students,4.580152671755726
Hermitage High,school,2024,pct_disadv,51.27906976744187
Hermitage High,school,2024,bully_rate_per_1k,0
Hermitage High,school,2024,staff_per_1k_students,3.488372093023256
Highland Springs High,school,2024,pct_disadv,57.48743718592964
Highland Springs High,school,2024,bully_rate_per_1k,1.507537688442211
Highland Springs High,school,2024,staff_per_1k_students,3.015075376884422
Holman Middle,school,2024,pct_disadv,30.39443155452436
Holman Middle,school,2024,bully_rate_per_1k,1.160092807424594
Holman Middle,school,2024,staff_per_1k_students,3.480278422273782
Hungary Creek Middle,school,2024,pct_disadv,34.50704225352113
Hungary Creek Middle,school,2024,bully_rate_per_1k,2.347417840375587
Hungary Creek Middle,school,2024,staff_per_1k_students,3.5211267605633805
John Randolph Tucker High,school,2024,pct_disadv,41.732283464566926
John Randolph Tucker High,school,2024,bully_rate_per_1k,0.4921259842519685
John Randolph Tucker High,school,2024,staff_per_1k_students,2.952755905511811
John Rolfe Middle,school,2024,pct_disadv,64.74926253687315
John Rolfe Middle,school,2024,bully_rate_per_1k,2.949852507374631
John Rolfe Middle,school,2024,staff_per_1k_students,7.374631268436578
L. Douglas Wilder Middle,school,2024,pct_disadv,53.70611183355006
L. Douglas Wilder Middle,school,2024,bully_rate_per_1k,0
L. Douglas Wilder Middle,school,2024,staff_per_1k_students,5.201560468140443
Mills E. Godwin High,school,2024,pct_disadv,21.379310344827587
Mills E. Godwin High,school,2024,bully_rate_per_1k,1.1494252873563218
Mills E. Godwin High,school,2024,staff_per_1k_students,3.4482758620689653
Pocahontas Middle,school,2024,pct_disadv,21.70263788968825
Pocahontas Middle,school,2024,bully_rate_per_1k,4.796163069544364
Pocahontas Middle,school,2024,staff_per_1k_students,3.5971223021582737
Quioccasin Middle,school,2024,pct_disadv,44.22507403751234
Quioccasin Middle,school,2024,bully_rate_per_1k,11.846001974333662
Quioccasin Middle,school,2024,staff_per_1k_students,3.948667324777887
Short Pump Middle,school,2024,pct_disadv,13.12384473197782
Short Pump Middle,school,2024,bully_rate_per_1k,0.9242144177449167
Short Pump Middle,school,2024,staff_per_1k_students,3.696857670979667
Tuckahoe Middle,school,2024,pct_disadv,33.49101229895932
Tuckahoe Middle,school,2024,bully_rate_per_1k,0
Tuckahoe Middle,school,2024,staff_per_1k_students,2.838221381267739
Varina High,school,2024,pct_disadv,56.059532246633594
Varina High,school,2024,bully_rate_per_1k,0.7087172218284905
Varina High,school,2024,staff_per_1k_students,4.961020552799433
Bassett High,school,2024,pct_disadv,69.12280701754386
Bassett High,school,2024,bully_rate_per_1k,0.8771929824561404
Bassett High,school,2024,staff_per_1k_students,4.385964912280701
Fieldale-Collinsville Middle,school,2024,pct_disadv,74.54068241469817
Fieldale-Collinsville Middle,school,2024,bully_rate_per_1k,0
Fieldale-Collinsville Middle,school,2024,staff_per_1k_students,3.937007874015748
Laurel Park Middle,school,2024,pct_disadv,66.48721399730822
Laurel Park Middle,school,2024,bully_rate_per_1k,6.7294751009421265
Laurel Park Middle,school,2024,staff_per_1k_students,4.710632570659489
Magna Vista High,school,2024,pct_disadv,60.47745358090185
Magna Vista High,school,2024,bully_rate_per_1k,7.0733863837312105
Magna Vista High,school,2024,staff_per_1k_students,4.420866489832007
Highland High,school,2024,pct_disadv,39
Highland High,school,2024,bully_rate_per_1k,0
Highland High,school,2024,staff_per_1k_students,5
Carter G. Woodson Middle,school,2024,pct_disadv,89.48655256723717
Carter G. Woodson Middle,school,2024,bully_rate_per_1k,6.112469437652813
Carter G. Woodson Middle,school,2024,staff_per_1k_students,7.334963325183374
Hopewell High,school,2024,pct_disadv,90.50522648083624
Hopewell High,school,2024,bully_rate_per_1k,1.7421602787456445
Hopewell High,school,2024,staff_per_1k_students,6.097560975609756
Georgie D. Tyler Middle,school,2024,pct_disadv,33.24396782841823
Georgie D. Tyler Middle,school,2024,bully_rate_per_1k,0
Georgie D. Tyler Middle,school,2024,staff_per_1k_students,7.158176943699732
Smithfield High,school,2024,pct_disadv,32.471482889733835
Smithfield High,school,2024,bully_rate_per_1k,1.520912547528517
Smithfield High,school,2024,staff_per_1k_students,2.7756653992395437
Smithfield Middle,school,2024,pct_disadv,30.948419301164726
Smithfield Middle,school,2024,bully_rate_per_1k,9.983361064891849
Smithfield Middle,school,2024,staff_per_1k_students,4.4425956738768715
Westside Elementary,school,2024,pct_disadv,29.76995940460081
Westside Elementary,school,2024,bully_rate_per_1k,2.706359945872802
Westside Elementary,school,2024,staff_per_1k_students,4.100135317997294
Windsor High,school,2024,pct_disadv,36.62239089184061
Windsor High,school,2024,bully_rate_per_1k,1.8975332068311197
Windsor High,school,2024,staff_per_1k_students,4.421252371916508
King George High,school,2024,pct_disadv,35.34136546184739
King George High,school,2024,bully_rate_per_1k,5.35475234270415
King George High,school,2024,staff_per_1k_students,4.685408299866132
King George Middle,school,2024,pct_disadv,38.41059602649007
King George Middle,school,2024,bully_rate_per_1k,32.16650898770104
King George Middle,school,2024,staff_per_1k_students,3.784295175023652
Hamilton Holmes Middle,school,2024,pct_disadv,43.84449244060475
Hamilton Holmes Middle,school,2024,bully_rate_per_1k,8.639308855291578
Hamilton Holmes Middle,school,2024,staff_per_1k_students,2.1598272138228944
King William High,school,2024,pct_disadv,37.905604719764014
King William High,school,2024,bully_rate_per_1k,1.4749262536873156
King William High,school,2024,staff_per_1k_students,2.949852507374631
Central High — King and Queen County,school,2024,pct_disadv,55.35055350553506
Central High — King and Queen County,school,2024,bully_rate_per_1k,3.690036900369003
Central High — King and Queen County,school,2024,staff_per_1k_students,3.690036900369003
Lancaster High,school,2024,pct_disadv,60.5392156862745
Lancaster High,school,2024,bully_rate_per_1k,0
Lancaster High,school,2024,staff_per_1k_students,9.803921568627452
Elydale Middle,school,2024,pct_disadv,62.04379562043796
Elydale Middle,school,2024,bully_rate_per_1k,7.299270072992701
Elydale Middle,school,2024,staff_per_1k_students,7.299270072992701
Jonesville Middle,school,2024,pct_disadv,53.78151260504202
Jonesville Middle,school,2024,bully_rate_per_1k,0
Jonesville Middle,school,2024,staff_per_1k_students,4.201680672268908
Lee High,school,2024,pct_disadv,60.23166023166024
Lee High,school,2024,bully_rate_per_1k,0
Lee High,school,2024,staff_per_1k_students,2.574002574002574
Pennington Middle,school,2024,pct_disadv,73.17073170731707
Pennington Middle,school,2024,bully_rate_per_1k,0
Pennington Middle,school,2024,staff_per_1k_students,3.484320557491289
Thomas Walker High,school,2024,pct_disadv,54.06360424028268
Thomas Walker High,school,2024,bully_rate_per_1k,3.5335689045936394
Thomas Walker High,school,2024,staff_per_1k_students,3.5335689045936394
Lylburn Downing Middle,school,2024,pct_disadv,29.2817679558011
Lylburn Downing Middle,school,2024,bully_rate_per_1k,0
Lylburn Downing Middle,school,2024,staff_per_1k_students,5.524861878453039
Belmont Ridge Middle,school,2024,pct_disadv,19.45996275605214
Belmont Ridge Middle,school,2024,bully_rate_per_1k,3.7243947858473
Belmont Ridge Middle,school,2024,staff_per_1k_students,3.7243947858473
Blue Ridge Middle,school,2024,pct_disadv,15.896739130434783
Blue Ridge Middle,school,2024,bully_rate_per_1k,0
Blue Ridge Middle,school,2024,staff_per_1k_students,4.076086956521739
Brambleton Middle,school,2024,pct_disadv,9.134045077105576
Brambleton Middle,school,2024,bully_rate_per_1k,4.151838671411625
Brambleton Middle,school,2024,staff_per_1k_students,4.151838671411625
Briar Woods High,school,2024,pct_disadv,12.124645892351277
Briar Woods High,school,2024,bully_rate_per_1k,0.56657223796034
Briar Woods High,school,2024,staff_per_1k_students,4.53257790368272
Broad Run High,school,2024,pct_disadv,26.9811320754717
Broad Run High,school,2024,bully_rate_per_1k,1.8867924528301887
Broad Run High,school,2024,staff_per_1k_students,4.40251572327044
Dominion High,school,2024,pct_disadv,46.15902964959569
Dominion High,school,2024,bully_rate_per_1k,0
Dominion High,school,2024,staff_per_1k_students,4.716981132075471
Eagle Ridge Middle,school,2024,pct_disadv,10.946051602814698
Eagle Ridge Middle,school,2024,bully_rate_per_1k,1.563721657544957
Eagle Ridge Middle,school,2024,staff_per_1k_students,3.909304143862392
Farmwell Station Middle,school,2024,pct_disadv,30.691056910569102
Farmwell Station Middle,school,2024,bully_rate_per_1k,0
Farmwell Station Middle,school,2024,staff_per_1k_students,4.065040650406504
Freedom High — Loudoun County,school,2024,pct_disadv,15.068493150684931
Freedom High — Loudoun County,school,2024,bully_rate_per_1k,11.161846778285136
Freedom High — Loudoun County,school,2024,staff_per_1k_students,5.073566717402334
Harmony Middle,school,2024,pct_disadv,11.842105263157894
Harmony Middle,school,2024,bully_rate_per_1k,3.5087719298245617
Harmony Middle,school,2024,staff_per_1k_students,3.5087719298245617
Harper Park Middle,school,2024,pct_disadv,31.441543700340524
Harper Park Middle,school,2024,bully_rate_per_1k,9.080590238365494
Harper Park Middle,school,2024,staff_per_1k_students,4.540295119182747
Heritage High — Loudoun County,school,2024,pct_disadv,33.225178455548345
Heritage High — Loudoun County,school,2024,bully_rate_per_1k,0
Heritage High — Loudoun County,school,2024,staff_per_1k_students,5.1914341336794285
Independence High,school,2024,pct_disadv,9.230769230769232
Independence High,school,2024,bully_rate_per_1k,0.9615384615384616
Independence High,school,2024,staff_per_1k_students,4.807692307692308
J. Lupton Simpson Middle,school,2024,pct_disadv,27.45995423340961
J. Lupton Simpson Middle,school,2024,bully_rate_per_1k,14.874141876430206
J. Lupton Simpson Middle,school,2024,staff_per_1k_students,3.432494279176201
J. Michael Lunsford Middle,school,2024,pct_disadv,16.423948220064723
J. Michael Lunsford Middle,school,2024,bully_rate_per_1k,1.6181229773462784
J. Michael Lunsford Middle,school,2024,staff_per_1k_students,4.854368932038835
John Champe High,school,2024,pct_disadv,19.43807339449541
John Champe High,school,2024,bully_rate_per_1k,0.573394495412844
John Champe High,school,2024,staff_per_1k_students,4.89105504587156
Lightridge High,school,2024,pct_disadv,9.807991696938249
Lightridge High,school,2024,bully_rate_per_1k,3.632589517384535
Lightridge High,school,2024,staff_per_1k_students,3.8920601971977167
Loudoun County High,school,2024,pct_disadv,22.924059616749467
Loudoun County High,school,2024,bully_rate_per_1k,2.8388928317956
Loudoun County High,school,2024,staff_per_1k_students,4.2583392476933994
Loudoun Valley High,school,2024,pct_disadv,16.030534351145036
Loudoun Valley High,school,2024,bully_rate_per_1k,3.392705682782019
Loudoun Valley High,school,2024,staff_per_1k_students,5.089058524173028
Gum Spring Middle,school,2024,pct_disadv,18.628808864265928
Gum Spring Middle,school,2024,bully_rate_per_1k,2.770083102493075
Gum Spring Middle,school,2024,staff_per_1k_students,3.4626038781163433
Park View High,school,2024,pct_disadv,66.94386694386695
Park View High,school,2024,bully_rate_per_1k,0
Park View High,school,2024,staff_per_1k_students,6.237006237006238
Potomac Falls High,school,2024,pct_disadv,35.11269276393831
Potomac Falls High,school,2024,bully_rate_per_1k,2.3724792408066433
Potomac Falls High,school,2024,staff_per_1k_students,4.151838671411625
River Bend Middle,school,2024,pct_disadv,39.467110741049126
River Bend Middle,school,2024,bully_rate_per_1k,10.824313072439637
River Bend Middle,school,2024,staff_per_1k_students,3.3305578684429644
Riverside High,school,2024,pct_disadv,17.321937321937323
Riverside High,school,2024,bully_rate_per_1k,1.1396011396011396
Riverside High,school,2024,staff_per_1k_students,4.273504273504274
Rock Ridge High,school,2024,pct_disadv,19.71372804163956
Rock Ridge High,school,2024,bully_rate_per_1k,0
Rock Ridge High,school,2024,staff_per_1k_students,3.903708523096942
Seneca Ridge Middle,school,2024,pct_disadv,43.08755760368664
Seneca Ridge Middle,school,2024,bully_rate_per_1k,2.304147465437788
Seneca Ridge Middle,school,2024,staff_per_1k_students,4.608294930875576
Smart's Mill Middle,school,2024,pct_disadv,34.86766398158803
Smart's Mill Middle,school,2024,bully_rate_per_1k,4.602991944764097
Smart's Mill Middle,school,2024,staff_per_1k_students,3.452243958573072
Sterling Middle,school,2024,pct_disadv,68.95459345300951
Sterling Middle,school,2024,bully_rate_per_1k,2.1119324181626187
Sterling Middle,school,2024,staff_per_1k_students,5.279831045406547
Stone Bridge High,school,2024,pct_disadv,16.32413388138579
Stone Bridge High,school,2024,bully_rate_per_1k,3.523194362889019
Stone Bridge High,school,2024,staff_per_1k_students,4.403992953611274
Stone Hill Middle,school,2024,pct_disadv,17.368873602751506
Stone Hill Middle,school,2024,bully_rate_per_1k,5.159071367153913
Stone Hill Middle,school,2024,staff_per_1k_students,2.5795356835769563
Trailside Middle,school,2024,pct_disadv,18.103448275862068
Trailside Middle,school,2024,bully_rate_per_1k,8.620689655172413
Trailside Middle,school,2024,staff_per_1k_students,3.4482758620689653
Tuscarora High,school,2024,pct_disadv,35.99167822468793
Tuscarora High,school,2024,bully_rate_per_1k,4.854368932038835
Tuscarora High,school,2024,staff_per_1k_students,5.547850208044383
W.O. Robey High,school,2024,pct_disadv,84.31372549019608
W.O. Robey High,school,2024,bully_rate_per_1k,0
W.O. Robey High,school,2024,staff_per_1k_students,19.607843137254903
Willard Middle,school,2024,pct_disadv,8.671586715867159
Willard Middle,school,2024,bully_rate_per_1k,2.4600246002460024
Willard Middle,school,2024,staff_per_1k_students,3.075030750307503
Woodgrove High,school,2024,pct_disadv,13.621691413815364
Woodgrove High,school,2024,bully_rate_per_1k,1.9367333763718528
Woodgrove High,school,2024,staff_per_1k_students,5.1646223369916084
Louisa County High,school,2024,pct_disadv,41.06369820655535
Louisa County High,school,2024,bully_rate_per_1k,6.802721088435374
Louisa County High,school,2024,staff_per_1k_students,3.0921459492888066
Louisa County Middle,school,2024,pct_disadv,43.83561643835616
Louisa County Middle,school,2024,bully_rate_per_1k,4.280821917808219
Louisa County Middle,school,2024,staff_per_1k_students,3.4246575342465753
Central High — Lunenburg County,school,2024,pct_disadv,54.89795918367347
Central High — Lunenburg County,school,2024,bully_rate_per_1k,2.0408163265306123
Central High — Lunenburg County,school,2024,staff_per_1k_students,6.63265306122449
Lunenburg Middle,school,2024,pct_disadv,60.36036036036037
Lunenburg Middle,school,2024,bully_rate_per_1k,15.015015015015017
Lunenburg Middle,school,2024,staff_per_1k_students,6.756756756756757
E.C. Glass High,school,2024,pct_disadv,53.93794749403341
E.C. Glass High,school,2024,bully_rate_per_1k,2.3866348448687353
E.C. Glass High,school,2024,staff_per_1k_students,1.2569610182975337
Heritage High — Lynchburg City,school,2024,pct_disadv,66.48148148148148
Heritage High — Lynchburg City,school,2024,bully_rate_per_1k,0
Heritage High — Lynchburg City,school,2024,staff_per_1k_students,2.046296296296296
Linkhorne Middle,school,2024,pct_disadv,63.78091872791519
Linkhorne Middle,school,2024,bully_rate_per_1k,0
Linkhorne Middle,school,2024,staff_per_1k_students,5.30035335689046
Paul Laurence Dunbar Middle for Innovation,school,2024,pct_disadv,61.16322701688556
Paul Laurence Dunbar Middle for Innovation,school,2024,bully_rate_per_1k,0
Paul Laurence Dunbar Middle for Innovation,school,2024,staff_per_1k_students,6.02251407129456
Sandusky Middle,school,2024,pct_disadv,74.76979742173113
Sandusky Middle,school,2024,bully_rate_per_1k,3.6832412523020257
Sandusky Middle,school,2024,staff_per_1k_students,3.6832412523020257
Madison County High,school,2024,pct_disadv,40.25974025974026
Madison County High,school,2024,bully_rate_per_1k,7.421150278293135
Madison County High,school,2024,staff_per_1k_students,4.63821892393321
William H. Wetsel Middle,school,2024,pct_disadv,40.24691358024691
William H. Wetsel Middle,school,2024,bully_rate_per_1k,4.938271604938271
William H. Wetsel Middle,school,2024,staff_per_1k_students,4.938271604938271
Baldwin Intermediate,school,2024,pct_disadv,50
Baldwin Intermediate,school,2024,bully_rate_per_1k,0
Baldwin Intermediate,school,2024,staff_per_1k_students,3.968253968253968
Grace E. Metz Middle,school,2024,pct_disadv,46.18959107806692
Grace E. Metz Middle,school,2024,bully_rate_per_1k,5.5762081784386615
Grace E. Metz Middle,school,2024,staff_per_1k_students,7.434944237918216
Mayfield Intermediate,school,2024,pct_disadv,50.29036004645761
Mayfield Intermediate,school,2024,bully_rate_per_1k,6.968641114982578
Mayfield Intermediate,school,2024,staff_per_1k_students,12.775842044134729
Osbourn High,school,2024,pct_disadv,45.224839400428266
Osbourn High,school,2024,bully_rate_per_1k,0
Osbourn High,school,2024,staff_per_1k_students,6.852248394004282
Manassas Park High,school,2024,pct_disadv,48.04964539007092
Manassas Park High,school,2024,bully_rate_per_1k,0
Manassas Park High,school,2024,staff_per_1k_students,4.432624113475177
Manassas Park Middle,school,2024,pct_disadv,52.569169960474305
Manassas Park Middle,school,2024,bully_rate_per_1k,6.587615283267457
Manassas Park Middle,school,2024,staff_per_1k_students,5.270092226613966
Martinsville High,school,2024,pct_disadv,68.99641577060932
Martinsville High,school,2024,bully_rate_per_1k,0
Martinsville High,school,2024,staff_per_1k_students,5.376344086021506
Martinsville Middle,school,2024,pct_disadv,78.9203084832905
Martinsville Middle,school,2024,bully_rate_per_1k,2.5706940874035986
Martinsville Middle,school,2024,staff_per_1k_students,5.141388174807197
Mathews High,school,2024,pct_disadv,31.543624161073826
Mathews High,school,2024,bully_rate_per_1k,0
Mathews High,school,2024,staff_per_1k_students,6.7114093959731544
Thomas Hunter Middle,school,2024,pct_disadv,40.81632653061224
Thomas Hunter Middle,school,2024,bully_rate_per_1k,44.897959183673464
Thomas Hunter Middle,school,2024,staff_per_1k_students,4.081632653061225
Mecklenburg County High,school,2024,pct_disadv,52.7681660899654
Mecklenburg County High,school,2024,bully_rate_per_1k,0.8650519031141869
Mecklenburg County High,school,2024,staff_per_1k_students,2.5951557093425603
Mecklenburg County Middle,school,2024,pct_disadv,61.642156862745104
Mecklenburg County Middle,school,2024,bully_rate_per_1k,22.058823529411764
Mecklenburg County Middle,school,2024,staff_per_1k_students,2.7573529411764706
Middlesex High,school,2024,pct_disadv,63.48314606741573
Middlesex High,school,2024,bully_rate_per_1k,8.426966292134832
Middlesex High,school,2024,staff_per_1k_students,8.426966292134832
St. Clare Walker Middle,school,2024,pct_disadv,67.03703703703704
St. Clare Walker Middle,school,2024,bully_rate_per_1k,3.703703703703704
St. Clare Walker Middle,school,2024,staff_per_1k_students,3.703703703703704
Auburn High,school,2024,pct_disadv,41.28205128205128
Auburn High,school,2024,bully_rate_per_1k,0
Auburn High,school,2024,staff_per_1k_students,10.256410256410255
Auburn Middle — Montgomery County,school,2024,pct_disadv,42.857142857142854
Auburn Middle — Montgomery County,school,2024,bully_rate_per_1k,32.467532467532465
Auburn Middle — Montgomery County,school,2024,staff_per_1k_students,3.246753246753247
Blacksburg High,school,2024,pct_disadv,20.471841704718415
Blacksburg High,school,2024,bully_rate_per_1k,0
Blacksburg High,school,2024,staff_per_1k_students,3.8051750380517504
Blacksburg Middle,school,2024,pct_disadv,23.316582914572862
Blacksburg Middle,school,2024,bully_rate_per_1k,12.060301507537687
Blacksburg Middle,school,2024,staff_per_1k_students,4.020100502512563
Christiansburg High,school,2024,pct_disadv,38.2600561272217
Christiansburg High,school,2024,bully_rate_per_1k,7.483629560336763
Christiansburg High,school,2024,staff_per_1k_students,4.677268475210477
Christiansburg Middle,school,2024,pct_disadv,40.23591087811271
Christiansburg Middle,school,2024,bully_rate_per_1k,9.174311926605505
Christiansburg Middle,school,2024,staff_per_1k_students,5.242463958060289
Eastern Montgomery High,school,2024,pct_disadv,58.23754789272031
Eastern Montgomery High,school,2024,bully_rate_per_1k,11.494252873563218
Eastern Montgomery High,school,2024,staff_per_1k_students,11.494252873563218
Shawsville Middle,school,2024,pct_disadv,68.39622641509435
Shawsville Middle,school,2024,bully_rate_per_1k,4.716981132075471
Shawsville Middle,school,2024,staff_per_1k_students,4.716981132075471
Nelson County High,school,2024,pct_disadv,60.41237113402062
Nelson County High,school,2024,bully_rate_per_1k,0
Nelson County High,school,2024,staff_per_1k_students,10.309278350515465
Nelson Middle,school,2024,pct_disadv,63.78830083565459
Nelson Middle,school,2024,bully_rate_per_1k,25.069637883008355
Nelson Middle,school,2024,staff_per_1k_students,5.571030640668524
New Kent High,school,2024,pct_disadv,26.7921146953405
New Kent High,school,2024,bully_rate_per_1k,1.7921146953405018
New Kent High,school,2024,staff_per_1k_students,3.5842293906810037
New Kent Middle,school,2024,pct_disadv,32.968369829683695
New Kent Middle,school,2024,bully_rate_per_1k,2.4330900243309004
New Kent Middle,school,2024,staff_per_1k_students,3.6496350364963503
Achievable Dream Middle/High,school,2024,pct_disadv,74.2798353909465
Achievable Dream Middle/High,school,2024,bully_rate_per_1k,4.11522633744856
Achievable Dream Middle/High,school,2024,staff_per_1k_students,4.11522633744856
B.T. Washington Middle,school,2024,pct_disadv,42.62295081967213
B.T. Washington Middle,school,2024,bully_rate_per_1k,0
B.T. Washington Middle,school,2024,staff_per_1k_students,3.51288056206089
Crittenden Middle,school,2024,pct_disadv,77.79083431257344
Crittenden Middle,school,2024,bully_rate_per_1k,8.225616921269095
Crittenden Middle,school,2024,staff_per_1k_students,3.5252643948296125
Denbigh High,school,2024,pct_disadv,68.17460317460318
Denbigh High,school,2024,bully_rate_per_1k,3.968253968253968
Denbigh High,school,2024,staff_per_1k_students,3.968253968253968
Ella J. Fitzgerald Middle,school,2024,pct_disadv,63.748712667353246
Ella J. Fitzgerald Middle,school,2024,bully_rate_per_1k,1.0298661174047374
Ella J. Fitzgerald Middle,school,2024,staff_per_1k_students,3.089598352214212
Ethel M. Gildersleeve Middle,school,2024,pct_disadv,54.959053685168335
Ethel M. Gildersleeve Middle,school,2024,bully_rate_per_1k,3.639672429481347
Ethel M. Gildersleeve Middle,school,2024,staff_per_1k_students,2.72975432211101
Heritage High — Newport News City,school,2024,pct_disadv,80.16682113067655
Heritage High — Newport News City,school,2024,bully_rate_per_1k,0.9267840593141798
Heritage High — Newport News City,school,2024,staff_per_1k_students,4.170528266913809
Homer L. Hines Middle,school,2024,pct_disadv,70.24793388429752
Homer L. Hines Middle,school,2024,bully_rate_per_1k,3.541912632821724
Homer L. Hines Middle,school,2024,staff_per_1k_students,3.541912632821724
Huntington Middle,school,2024,pct_disadv,89.66789667896678
Huntington Middle,school,2024,bully_rate_per_1k,3.690036900369003
Huntington Middle,school,2024,staff_per_1k_students,7.380073800738007
Mary Passage Middle,school,2024,pct_disadv,62.19262295081968
Mary Passage Middle,school,2024,bully_rate_per_1k,4.0983606557377055
Mary Passage Middle,school,2024,staff_per_1k_students,4.0983606557377055
Menchville High,school,2024,pct_disadv,48.665530948324815
Menchville High,school,2024,bully_rate_per_1k,1.7035775127768311
Menchville High,school,2024,staff_per_1k_students,3.691084611016468
Warwick High,school,2024,pct_disadv,64.90354698195395
Warwick High,school,2024,bully_rate_per_1k,0
Warwick High,school,2024,staff_per_1k_students,3.422526446795271
Woodside High,school,2024,pct_disadv,53.19383259911894
Woodside High,school,2024,bully_rate_per_1k,1.6519823788546255
Woodside High,school,2024,staff_per_1k_students,3.854625550660793
Academy for Discovery at Lakewood,school,2024,pct_disadv,30.136986301369863
Academy for Discovery at Lakewood,school,2024,bully_rate_per_1k,5.47945205479452
Academy for Discovery at Lakewood,school,2024,staff_per_1k_students,4.10958904109589
Azalea Gardens Middle,school,2024,pct_disadv,61.50990099009901
Azalea Gardens Middle,school,2024,bully_rate_per_1k,0
Azalea Gardens Middle,school,2024,staff_per_1k_students,7.425742574257425
Blair Middle,school,2024,pct_disadv,61.84701492537313
Blair Middle,school,2024,bully_rate_per_1k,0.9328358208955224
Blair Middle,school,2024,staff_per_1k_students,9.328358208955224
Booker T Washington High,school,2024,pct_disadv,71.72774869109948
Booker T Washington High,school,2024,bully_rate_per_1k,0
Booker T Washington High,school,2024,staff_per_1k_students,10.471204188481677
Granby High,school,2024,pct_disadv,58.16216216216217
Granby High,school,2024,bully_rate_per_1k,0
Granby High,school,2024,staff_per_1k_students,7.567567567567568
Lake Taylor High,school,2024,pct_disadv,70.68661971830986
Lake Taylor High,school,2024,bully_rate_per_1k,0
Lake Taylor High,school,2024,staff_per_1k_students,8.802816901408452
Matthew Fontaine Maury High,school,2024,pct_disadv,50.086355785837654
Matthew Fontaine Maury High,school,2024,bully_rate_per_1k,0
Matthew Fontaine Maury High,school,2024,staff_per_1k_students,8.059873344847437
Northside Middle — Norfolk City,school,2024,pct_disadv,67.79661016949152
Northside Middle — Norfolk City,school,2024,bully_rate_per_1k,0
Northside Middle — Norfolk City,school,2024,staff_per_1k_students,6.51890482398957
Norview High,school,2024,pct_disadv,59.934138309549944
Norview High,school,2024,bully_rate_per_1k,1.0976948408342482
Norview High,school,2024,staff_per_1k_students,7.683863885839736
Norview Middle,school,2024,pct_disadv,72.74305555555556
Norview Middle,school,2024,bully_rate_per_1k,2.6041666666666665
Norview Middle,school,2024,staff_per_1k_students,10.416666666666666
Ruffner School,school,2024,pct_disadv,89.07407407407408
Ruffner School,school,2024,bully_rate_per_1k,5.555555555555555
Ruffner School,school,2024,staff_per_1k_students,18.51851851851852
Northampton High,school,2024,pct_disadv,62.61904761904762
Northampton High,school,2024,bully_rate_per_1k,4.761904761904763
Northampton High,school,2024,staff_per_1k_students,7.142857142857142
Northampton Middle,school,2024,pct_disadv,69.68325791855203
Northampton Middle,school,2024,bully_rate_per_1k,4.524886877828055
Northampton Middle,school,2024,staff_per_1k_students,9.04977375565611
Northumberland High,school,2024,pct_disadv,54.35356200527705
Northumberland High,school,2024,bully_rate_per_1k,21.108179419525065
Northumberland High,school,2024,staff_per_1k_students,0
Northumberland Middle,school,2024,pct_disadv,60.1593625498008
Northumberland Middle,school,2024,bully_rate_per_1k,0
Northumberland Middle,school,2024,staff_per_1k_students,7.968127490039841
J.I. Burton High,school,2024,pct_disadv,61.07594936708861
J.I. Burton High,school,2024,bully_rate_per_1k,18.9873417721519
J.I. Burton High,school,2024,staff_per_1k_students,3.4810126582278484
Nottoway High,school,2024,pct_disadv,67.22532588454376
Nottoway High,school,2024,bully_rate_per_1k,1.86219739292365
Nottoway High,school,2024,staff_per_1k_students,8.379888268156424
Nottoway Intermediate,school,2024,pct_disadv,78.87323943661971
Nottoway Intermediate,school,2024,bully_rate_per_1k,0
Nottoway Intermediate,school,2024,staff_per_1k_students,3.5211267605633805
Nottoway Middle,school,2024,pct_disadv,70.96774193548387
Nottoway Middle,school,2024,bully_rate_per_1k,0
Nottoway Middle,school,2024,staff_per_1k_students,0
Locust Grove Middle,school,2024,pct_disadv,37.5
Locust Grove Middle,school,2024,bully_rate_per_1k,42.64705882352941
Locust Grove Middle,school,2024,staff_per_1k_students,2.941176470588235
Orange County High,school,2024,pct_disadv,45.96994535519126
Orange County High,school,2024,bully_rate_per_1k,4.781420765027322
Orange County High,school,2024,staff_per_1k_students,3.415300546448087
Prospect Heights Middle,school,2024,pct_disadv,55.35714285714286
Prospect Heights Middle,school,2024,bully_rate_per_1k,6.696428571428571
Prospect Heights Middle,school,2024,staff_per_1k_students,4.464285714285714
Luray High,school,2024,pct_disadv,52.164948453608254
Luray High,school,2024,bully_rate_per_1k,0
Luray High,school,2024,staff_per_1k_students,6.185567010309278
Luray Middle,school,2024,pct_disadv,56.187290969899664
Luray Middle,school,2024,bully_rate_per_1k,36.78929765886288
Luray Middle,school,2024,staff_per_1k_students,3.3444816053511706
Page County High,school,2024,pct_disadv,48.343079922027286
Page County High,school,2024,bully_rate_per_1k,13.64522417153996
Page County High,school,2024,staff_per_1k_students,5.847953216374268
Page County Middle,school,2024,pct_disadv,56.15615615615616
Page County Middle,school,2024,bully_rate_per_1k,21.021021021021024
Page County Middle,school,2024,staff_per_1k_students,4.804804804804806
Hardin Reynolds Memorial School,school,2024,pct_disadv,62.8140703517588
Hardin Reynolds Memorial School,school,2024,bully_rate_per_1k,10.050251256281408
Hardin Reynolds Memorial School,school,2024,staff_per_1k_students,NA
Patrick County High,school,2024,pct_disadv,51.566265060240966
Patrick County High,school,2024,bully_rate_per_1k,2.4096385542168677
Patrick County High,school,2024,staff_per_1k_students,5.421686746987952
Petersburg High,school,2024,pct_disadv,84.20153714773699
Petersburg High,school,2024,bully_rate_per_1k,2.5619128949615715
Petersburg High,school,2024,staff_per_1k_students,5.977796754910333
Vernon Johns Middle,school,2024,pct_disadv,87.34739178690344
Vernon Johns Middle,school,2024,bully_rate_per_1k,6.659267480577136
Vernon Johns Middle,school,2024,staff_per_1k_students,4.439511653718091
Chatham High,school,2024,pct_disadv,42.78768233387358
Chatham High,school,2024,bully_rate_per_1k,0
Chatham High,school,2024,staff_per_1k_students,4.862236628849271
Chatham Middle,school,2024,pct_disadv,43.30900243309003
Chatham Middle,school,2024,bully_rate_per_1k,0
Chatham Middle,school,2024,staff_per_1k_students,2.4330900243309004
Dan River High,school,2024,pct_disadv,46.5195246179966
Dan River High,school,2024,bully_rate_per_1k,3.395585738539898
Dan River High,school,2024,staff_per_1k_students,5.093378607809847
Dan River Middle,school,2024,pct_disadv,50.779510022271715
Dan River Middle,school,2024,bully_rate_per_1k,8.908685968819599
Dan River Middle,school,2024,staff_per_1k_students,4.4543429844097995
Gretna High,school,2024,pct_disadv,52.77777777777778
Gretna High,school,2024,bully_rate_per_1k,0
Gretna High,school,2024,staff_per_1k_students,5.555555555555555
Gretna Middle,school,2024,pct_disadv,53.015075376884425
Gretna Middle,school,2024,bully_rate_per_1k,0
Gretna Middle,school,2024,staff_per_1k_students,2.512562814070352
Tunstall High,school,2024,pct_disadv,40.588235294117645
Tunstall High,school,2024,bully_rate_per_1k,1.176470588235294
Tunstall High,school,2024,staff_per_1k_students,3.5294117647058827
Tunstall Middle,school,2024,pct_disadv,43.81625441696113
Tunstall Middle,school,2024,bully_rate_per_1k,0
Tunstall Middle,school,2024,staff_per_1k_students,3.5335689045936394
Poquoson High,school,2024,pct_disadv,19.880418535127056
Poquoson High,school,2024,bully_rate_per_1k,0
Poquoson High,school,2024,staff_per_1k_students,7.473841554559043
Poquoson Middle,school,2024,pct_disadv,19.50718685831622
Poquoson Middle,school,2024,bully_rate_per_1k,4.106776180698152
Poquoson Middle,school,2024,staff_per_1k_students,NA
Churchland High,school,2024,pct_disadv,53.58126721763086
Churchland High,school,2024,bully_rate_per_1k,0
Churchland High,school,2024,staff_per_1k_students,4.132231404958678
Churchland Middle,school,2024,pct_disadv,64.40476190476191
Churchland Middle,school,2024,bully_rate_per_1k,7.142857142857142
Churchland Middle,school,2024,staff_per_1k_students,4.761904761904763
Cradock Middle,school,2024,pct_disadv,81.36882129277566
Cradock Middle,school,2024,bully_rate_per_1k,11.40684410646388
Cradock Middle,school,2024,staff_per_1k_students,3.802281368821293
I.C. Norcom High,school,2024,pct_disadv,75.46251217137294
I.C. Norcom High,school,2024,bully_rate_per_1k,2.9211295034079843
I.C. Norcom High,school,2024,staff_per_1k_students,4.868549172346641
Manor High,school,2024,pct_disadv,68.29477292202229
Manor High,school,2024,bully_rate_per_1k,0.8568980291345331
Manor High,school,2024,staff_per_1k_students,5.141388174807197
William E. Waters Middle,school,2024,pct_disadv,71.53024911032028
William E. Waters Middle,school,2024,bully_rate_per_1k,16.014234875444842
William E. Waters Middle,school,2024,staff_per_1k_students,5.338078291814947
Powhatan High,school,2024,pct_disadv,25.84837545126354
Powhatan High,school,2024,bully_rate_per_1k,0.7220216606498194
Powhatan High,school,2024,staff_per_1k_students,3.9711191335740073
Powhatan Middle,school,2024,pct_disadv,27.698574338085542
Powhatan Middle,school,2024,bully_rate_per_1k,1.0183299389002036
Powhatan Middle,school,2024,staff_per_1k_students,3.054989816700611
Prince Edward County High,school,2024,pct_disadv,48.57142857142857
Prince Edward County High,school,2024,bully_rate_per_1k,0
Prince Edward County High,school,2024,staff_per_1k_students,1.9047619047619049
Prince Edward Middle,school,2024,pct_disadv,55.7504873294347
Prince Edward Middle,school,2024,bully_rate_per_1k,27.29044834307992
Prince Edward Middle,school,2024,staff_per_1k_students,NA
J.E.J. Moore Middle,school,2024,pct_disadv,54.48028673835126
J.E.J. Moore Middle,school,2024,bully_rate_per_1k,3.5842293906810037
J.E.J. Moore Middle,school,2024,staff_per_1k_students,2.150537634408602
Prince George High,school,2024,pct_disadv,48.67986798679868
Prince George High,school,2024,bully_rate_per_1k,0
Prince George High,school,2024,staff_per_1k_students,2.7502750275027505
Battlefield High,school,2024,pct_disadv,11.079943899018232
Battlefield High,school,2024,bully_rate_per_1k,0.9350163627863488
Battlefield High,school,2024,staff_per_1k_students,3.7400654511453952
Brentsville District High,school,2024,pct_disadv,19.930475086906146
Brentsville District High,school,2024,bully_rate_per_1k,0
Brentsville District High,school,2024,staff_per_1k_students,3.4762456546929315
Bull Run Middle,school,2024,pct_disadv,32.26691042047532
Bull Run Middle,school,2024,bully_rate_per_1k,0.9140767824497258
Bull Run Middle,school,2024,staff_per_1k_students,3.656307129798903
C.D. Hylton High,school,2024,pct_disadv,43.93305439330544
C.D. Hylton High,school,2024,bully_rate_per_1k,0
C.D. Hylton High,school,2024,staff_per_1k_students,3.1380753138075312
Charles J. Colgan Sr. High,school,2024,pct_disadv,20.271186440677965
Charles J. Colgan Sr. High,school,2024,bully_rate_per_1k,0.6779661016949153
Charles J. Colgan Sr. High,school,2024,staff_per_1k_students,3.389830508474576
E.H. Marsteller Middle,school,2024,pct_disadv,20.050761421319795
E.H. Marsteller Middle,school,2024,bully_rate_per_1k,3.3840947546531304
E.H. Marsteller Middle,school,2024,staff_per_1k_students,3.3840947546531304
Forest Park High,school,2024,pct_disadv,31.915807560137456
Forest Park High,school,2024,bully_rate_per_1k,0.8591065292096219
Forest Park High,school,2024,staff_per_1k_students,3.436426116838488
Fred M. Lynn Middle,school,2024,pct_disadv,58.29042224510813
Fred M. Lynn Middle,school,2024,bully_rate_per_1k,2.059732234809475
Fred M. Lynn Middle,school,2024,staff_per_1k_students,4.11946446961895
Freedom High — Prince William County,school,2024,pct_disadv,51.170710940825884
Freedom High — Prince William County,school,2024,bully_rate_per_1k,5.108556832694764
Freedom High — Prince William County,school,2024,staff_per_1k_students,2.979991485738612
Gainesville High,school,2024,pct_disadv,22.86885245901639
Gainesville High,school,2024,bully_rate_per_1k,0
Gainesville High,school,2024,staff_per_1k_students,3.278688524590164
Gainesville Middle,school,2024,pct_disadv,19.208211143695017
Gainesville Middle,school,2024,bully_rate_per_1k,3.6656891495601176
Gainesville Middle,school,2024,staff_per_1k_students,2.932551319648094
Gar-Field High,school,2024,pct_disadv,47.93613707165109
Gar-Field High,school,2024,bully_rate_per_1k,0.778816199376947
Gar-Field High,school,2024,staff_per_1k_students,3.115264797507788
George M. Hampton Middle,school,2024,pct_disadv,57.73317591499409
George M. Hampton Middle,school,2024,bully_rate_per_1k,4.7225501770956315
George M. Hampton Middle,school,2024,staff_per_1k_students,3.541912632821724
Graham Park Middle,school,2024,pct_disadv,50.21897810218978
Graham Park Middle,school,2024,bully_rate_per_1k,2.9197080291970803
Graham Park Middle,school,2024,staff_per_1k_students,3.6496350364963503
Herbert J. Saunders Middle,school,2024,pct_disadv,35.77371048252912
Herbert J. Saunders Middle,school,2024,bully_rate_per_1k,12.479201331114808
Herbert J. Saunders Middle,school,2024,staff_per_1k_students,3.327787021630616
Lake Ridge Middle,school,2024,pct_disadv,37.766714082503555
Lake Ridge Middle,school,2024,bully_rate_per_1k,0.7112375533428166
Lake Ridge Middle,school,2024,staff_per_1k_students,3.5561877667140824
Louise A. Benton Middle,school,2024,pct_disadv,19.05813097866078
Louise A. Benton Middle,school,2024,bully_rate_per_1k,2.943340691685062
Louise A. Benton Middle,school,2024,staff_per_1k_students,3.679175864606328
Osbourn Park High,school,2024,pct_disadv,39.72303206997084
Osbourn Park High,school,2024,bully_rate_per_1k,0.3644314868804665
Osbourn Park High,school,2024,staff_per_1k_students,3.2798833819241984
Parkside Middle,school,2024,pct_disadv,50.7505360972123
Parkside Middle,school,2024,bully_rate_per_1k,0
Parkside Middle,school,2024,staff_per_1k_students,2.8591851322373123
Patriot High,school,2024,pct_disadv,19.971056439942114
Patriot High,school,2024,bully_rate_per_1k,0
Patriot High,school,2024,staff_per_1k_students,3.376748673420164
Potomac High,school,2024,pct_disadv,48.20607175712971
Potomac High,school,2024,bully_rate_per_1k,1.3799448022079115
Potomac High,school,2024,staff_per_1k_students,3.219871205151794
Potomac Middle,school,2024,pct_disadv,50.709939148073026
Potomac Middle,school,2024,bully_rate_per_1k,2.028397565922921
Potomac Middle,school,2024,staff_per_1k_students,2.028397565922921
Potomac Shores Middle,school,2024,pct_disadv,42.868785656071715
Potomac Shores Middle,school,2024,bully_rate_per_1k,17.929910350448246
Potomac Shores Middle,school,2024,staff_per_1k_students,3.2599837000814995
Rippon Middle,school,2024,pct_disadv,49.57482993197279
Rippon Middle,school,2024,bully_rate_per_1k,2.5510204081632653
Rippon Middle,school,2024,staff_per_1k_students,3.401360544217687
Ronald Wilson Reagan Middle,school,2024,pct_disadv,15.848214285714285
Ronald Wilson Reagan Middle,school,2024,bully_rate_per_1k,6.696428571428571
Ronald Wilson Reagan Middle,school,2024,staff_per_1k_students,3.3482142857142856
Stuart M. Beville Middle,school,2024,pct_disadv,51.46666666666667
Stuart M. Beville Middle,school,2024,bully_rate_per_1k,1.777777777777778
Stuart M. Beville Middle,school,2024,staff_per_1k_students,3.555555555555556
Unity Braxton Middle,school,2024,pct_disadv,51.45914396887159
Unity Braxton Middle,school,2024,bully_rate_per_1k,6.809338521400778
Unity Braxton Middle,school,2024,staff_per_1k_students,3.891050583657587
Unity Reed High,school,2024,pct_disadv,47.93008279668813
Unity Reed High,school,2024,bully_rate_per_1k,1.8399264029438824
Unity Reed High,school,2024,staff_per_1k_students,3.679852805887765
Woodbridge High,school,2024,pct_disadv,41.19055764625385
Woodbridge High,school,2024,bully_rate_per_1k,0
Woodbridge High,school,2024,staff_per_1k_students,3.079028395484092
Woodbridge Middle,school,2024,pct_disadv,46.48829431438127
Woodbridge Middle,school,2024,bully_rate_per_1k,6.688963210702341
Woodbridge Middle,school,2024,staff_per_1k_students,3.3444816053511706
Pulaski County Middle,school,2024,pct_disadv,51.31744040150564
Pulaski County Middle,school,2024,bully_rate_per_1k,5.018820577164366
Pulaski County Middle,school,2024,staff_per_1k_students,3.764115432873275
Pulaski County Senior High,school,2024,pct_disadv,44.50041981528128
Pulaski County Senior High,school,2024,bully_rate_per_1k,9.235936188077249
Pulaski County Senior High,school,2024,staff_per_1k_students,5.037783375314861
John N. Dalton Intermediate,school,2024,pct_disadv,37.916666666666664
John N. Dalton Intermediate,school,2024,bully_rate_per_1k,41.666666666666664
John N. Dalton Intermediate,school,2024,staff_per_1k_students,4.583333333333333
Radford High,school,2024,pct_disadv,40.3960396039604
Radford High,school,2024,bully_rate_per_1k,9.9009900990099
Radford High,school,2024,staff_per_1k_students,7.683168316831683
Rappahannock County High,school,2024,pct_disadv,35.064935064935064
Rappahannock County High,school,2024,bully_rate_per_1k,19.48051948051948
Rappahannock County High,school,2024,staff_per_1k_students,3.246753246753247
Albert Hill Middle,school,2024,pct_disadv,60.32388663967612
Albert Hill Middle,school,2024,bully_rate_per_1k,2.0242914979757085
Albert Hill Middle,school,2024,staff_per_1k_students,2.0242914979757085
Armstrong High,school,2024,pct_disadv,83.47826086956522
Armstrong High,school,2024,bully_rate_per_1k,10.144927536231885
Armstrong High,school,2024,staff_per_1k_students,10.144927536231885
Dogwood Middle,school,2024,pct_disadv,67.77493606138107
Dogwood Middle,school,2024,bully_rate_per_1k,30.69053708439898
Dogwood Middle,school,2024,staff_per_1k_students,7.672634271099745
Franklin Military Academy,school,2024,pct_disadv,58.917197452229296
Franklin Military Academy,school,2024,bully_rate_per_1k,0
Franklin Military Academy,school,2024,staff_per_1k_students,3.1847133757961785
Thomas H. Henderson Middle,school,2024,pct_disadv,75.16629711751663
Thomas H. Henderson Middle,school,2024,bully_rate_per_1k,8.869179600886918
Thomas H. Henderson Middle,school,2024,staff_per_1k_students,4.434589800443459
Huguenot High,school,2024,pct_disadv,61.696487740225315
Huguenot High,school,2024,bully_rate_per_1k,1.3253810470510272
Huguenot High,school,2024,staff_per_1k_students,5.964214711729622
John Marshall High,school,2024,pct_disadv,65.81059390048154
John Marshall High,school,2024,bully_rate_per_1k,1.6051364365971108
John Marshall High,school,2024,staff_per_1k_students,11.235955056179774
Lucille M. Brown Middle,school,2024,pct_disadv,69.18819188191881
Lucille M. Brown Middle,school,2024,bully_rate_per_1k,7.380073800738007
Lucille M. Brown Middle,school,2024,staff_per_1k_students,7.380073800738007
Martin Luther King Jr. Middle,school,2024,pct_disadv,88.91129032258065
Martin Luther King Jr. Middle,school,2024,bully_rate_per_1k,6.048387096774193
Martin Luther King Jr. Middle,school,2024,staff_per_1k_students,8.064516129032258
Open High,school,2024,pct_disadv,31.428571428571427
Open High,school,2024,bully_rate_per_1k,5.714285714285714
Open High,school,2024,staff_per_1k_students,5.714285714285714
Richmond Success Academy,school,2024,pct_disadv,85.07462686567165
Richmond Success Academy,school,2024,bully_rate_per_1k,0
Richmond Success Academy,school,2024,staff_per_1k_students,NA
Richmond Career Education and Employment Charter School,school,2024,pct_disadv,57.89473684210527
Richmond Career Education and Employment Charter School,school,2024,bully_rate_per_1k,26.31578947368421
Richmond Career Education and Employment Charter School,school,2024,staff_per_1k_students,NA
Richmond Community High,school,2024,pct_disadv,38.38383838383838
Richmond Community High,school,2024,bully_rate_per_1k,0
Richmond Community High,school,2024,staff_per_1k_students,5.050505050505051
Richmond High School for the Arts,school,2024,pct_disadv,56.811145510835914
Richmond High School for the Arts,school,2024,bully_rate_per_1k,2.3219814241486065
Richmond High School for the Arts,school,2024,staff_per_1k_students,5.41795665634675
River City Middle,school,2024,pct_disadv,66.61002548853017
River City Middle,school,2024,bully_rate_per_1k,20.390824129141887
River City Middle,school,2024,staff_per_1k_students,5.9473237043330505
Thomas C. Boushall Middle,school,2024,pct_disadv,72.12317666126418
Thomas C. Boushall Middle,school,2024,bully_rate_per_1k,1.6207455429497568
Thomas C. Boushall Middle,school,2024,staff_per_1k_students,6.482982171799027
Thomas Jefferson High,school,2024,pct_disadv,61.20358514724712
Thomas Jefferson High,school,2024,bully_rate_per_1k,7.682458386683739
Thomas Jefferson High,school,2024,staff_per_1k_students,6.402048655569782
Rappahannock High,school,2024,pct_disadv,45.40441176470589
Rappahannock High,school,2024,bully_rate_per_1k,0
Rappahannock High,school,2024,staff_per_1k_students,2.7573529411764706
Addison Aerospace Magnet Middle,school,2024,pct_disadv,80.61855670103093
Addison Aerospace Magnet Middle,school,2024,bully_rate_per_1k,4.123711340206186
Addison Aerospace Magnet Middle,school,2024,staff_per_1k_students,15.051546391752575
Breckinridge Middle,school,2024,pct_disadv,69.46308724832215
Breckinridge Middle,school,2024,bully_rate_per_1k,0
Breckinridge Middle,school,2024,staff_per_1k_students,8.55704697986577
James Madison Middle,school,2024,pct_disadv,55.00000000000001
James Madison Middle,school,2024,bully_rate_per_1k,10.714285714285714
James Madison Middle,school,2024,staff_per_1k_students,8.75
John P. Fishwick Middle,school,2024,pct_disadv,60.48109965635739
John P. Fishwick Middle,school,2024,bully_rate_per_1k,0
John P. Fishwick Middle,school,2024,staff_per_1k_students,7.216494845360825
Patrick Henry High — Roanoke City,school,2024,pct_disadv,55.70866141732284
Patrick Henry High — Roanoke City,school,2024,bully_rate_per_1k,1.4763779527559056
Patrick Henry High — Roanoke City,school,2024,staff_per_1k_students,6.742125984251968
William Fleming High,school,2024,pct_disadv,62.779802186361266
William Fleming High,school,2024,bully_rate_per_1k,0.5205622071837585
William Fleming High,school,2024,staff_per_1k_students,6.715252472670484
Woodrow Wilson Middle,school,2024,pct_disadv,55.55555555555556
Woodrow Wilson Middle,school,2024,bully_rate_per_1k,2.886002886002886
Woodrow Wilson Middle,school,2024,staff_per_1k_students,6.421356421356421
Cave Spring High,school,2024,pct_disadv,29.30232558139535
Cave Spring High,school,2024,bully_rate_per_1k,0.930232558139535
Cave Spring High,school,2024,staff_per_1k_students,6.511627906976744
Cave Spring Middle,school,2024,pct_disadv,28.894806924101196
Cave Spring Middle,school,2024,bully_rate_per_1k,1.3315579227696406
Cave Spring Middle,school,2024,staff_per_1k_students,6.657789613848202
Glenvar High,school,2024,pct_disadv,34.565916398713824
Glenvar High,school,2024,bully_rate_per_1k,0
Glenvar High,school,2024,staff_per_1k_students,7.524115755627009
Glenvar Middle,school,2024,pct_disadv,36.556603773584904
Glenvar Middle,school,2024,bully_rate_per_1k,2.3584905660377355
Glenvar Middle,school,2024,staff_per_1k_students,14.150943396226417
Hidden Valley High,school,2024,pct_disadv,26.79200940070505
Hidden Valley High,school,2024,bully_rate_per_1k,0
Hidden Valley High,school,2024,staff_per_1k_students,9.400705052878966
Hidden Valley Middle,school,2024,pct_disadv,25.704225352112676
Hidden Valley Middle,school,2024,bully_rate_per_1k,1.7605633802816902
Hidden Valley Middle,school,2024,staff_per_1k_students,7.042253521126761
Northside High,school,2024,pct_disadv,42.145178764897075
Northside High,school,2024,bully_rate_per_1k,0
Northside High,school,2024,staff_per_1k_students,7.583965330444204
Northside Middle — Roanoke County,school,2024,pct_disadv,46.317512274959086
Northside Middle — Roanoke County,school,2024,bully_rate_per_1k,6.546644844517186
Northside Middle — Roanoke County,school,2024,staff_per_1k_students,8.183306055646481
William Byrd High,school,2024,pct_disadv,38.56382978723404
William Byrd High,school,2024,bully_rate_per_1k,0.8865248226950354
William Byrd High,school,2024,staff_per_1k_students,7.092198581560283
William Byrd Middle,school,2024,pct_disadv,47.868453105968335
William Byrd Middle,school,2024,bully_rate_per_1k,7.308160779537149
William Byrd Middle,school,2024,staff_per_1k_students,7.308160779537149
Maury River Middle,school,2024,pct_disadv,47.7124183006536
Maury River Middle,school,2024,bully_rate_per_1k,6.5359477124183005
Maury River Middle,school,2024,staff_per_1k_students,4.357298474945535
Rockbridge County High,school,2024,pct_disadv,38.50931677018634
Rockbridge County High,school,2024,bully_rate_per_1k,7.246376811594203
Rockbridge County High,school,2024,staff_per_1k_students,4.140786749482402
Broadway High,school,2024,pct_disadv,44.95614035087719
Broadway High,school,2024,bully_rate_per_1k,1.0964912280701753
Broadway High,school,2024,staff_per_1k_students,3.289473684210526
East Rockingham High,school,2024,pct_disadv,47.4937343358396
East Rockingham High,school,2024,bully_rate_per_1k,5.012531328320802
East Rockingham High,school,2024,staff_per_1k_students,3.132832080200501
Elkton Middle,school,2024,pct_disadv,50.32894736842105
Elkton Middle,school,2024,bully_rate_per_1k,8.223684210526315
Elkton Middle,school,2024,staff_per_1k_students,4.934210526315789
J. Frank Hillyard Middle,school,2024,pct_disadv,52.32919254658385
J. Frank Hillyard Middle,school,2024,bully_rate_per_1k,0
J. Frank Hillyard Middle,school,2024,staff_per_1k_students,4.658385093167702
Montevideo Middle,school,2024,pct_disadv,46.849757673667206
Montevideo Middle,school,2024,bully_rate_per_1k,4.846526655896607
Montevideo Middle,school,2024,staff_per_1k_students,4.846526655896607
Spotswood High,school,2024,pct_disadv,41.17647058823529
Spotswood High,school,2024,bully_rate_per_1k,0
Spotswood High,school,2024,staff_per_1k_students,3.2085561497326203
Turner Ashby High,school,2024,pct_disadv,39.88212180746562
Turner Ashby High,school,2024,bully_rate_per_1k,0
Turner Ashby High,school,2024,staff_per_1k_students,2.9469548133595285
Wilbur S. Pence Middle,school,2024,pct_disadv,45.007451564828614
Wilbur S. Pence Middle,school,2024,bully_rate_per_1k,1.4903129657228018
Wilbur S. Pence Middle,school,2024,staff_per_1k_students,4.470938897168406
Castlewood High,school,2024,pct_disadv,NA
Castlewood High,school,2024,bully_rate_per_1k,0
Castlewood High,school,2024,staff_per_1k_students,NA
Honaker High,school,2024,pct_disadv,49.65675057208238
Honaker High,school,2024,bully_rate_per_1k,0
Honaker High,school,2024,staff_per_1k_students,4.576659038901602
Lebanon High,school,2024,pct_disadv,45.1505016722408
Lebanon High,school,2024,bully_rate_per_1k,0
Lebanon High,school,2024,staff_per_1k_students,3.846153846153846
Lebanon Middle,school,2024,pct_disadv,48.85245901639344
Lebanon Middle,school,2024,bully_rate_per_1k,0
Lebanon Middle,school,2024,staff_per_1k_students,3.278688524590164
Andrew Lewis Middle,school,2024,pct_disadv,47.294117647058826
Andrew Lewis Middle,school,2024,bully_rate_per_1k,1.176470588235294
Andrew Lewis Middle,school,2024,staff_per_1k_students,3.5294117647058827
Salem High — Salem City,school,2024,pct_disadv,41.13767518549052
Salem High — Salem City,school,2024,bully_rate_per_1k,1.6488046166529269
Salem High — Salem City,school,2024,staff_per_1k_students,3.2976092333058533
Gate City High,school,2024,pct_disadv,47.77594728171334
Gate City High,school,2024,bully_rate_per_1k,1.6474464579901154
Gate City High,school,2024,staff_per_1k_students,3.2948929159802307
Gate City Middle,school,2024,pct_disadv,46.94533762057878
Gate City Middle,school,2024,bully_rate_per_1k,0
Gate City Middle,school,2024,staff_per_1k_students,3.215434083601286
Rye Cove High,school,2024,pct_disadv,63.31168831168831
Rye Cove High,school,2024,bully_rate_per_1k,0
Rye Cove High,school,2024,staff_per_1k_students,3.246753246753247
Rye Cove Intermediate,school,2024,pct_disadv,70.96774193548387
Rye Cove Intermediate,school,2024,bully_rate_per_1k,0
Rye Cove Intermediate,school,2024,staff_per_1k_students,6.451612903225806
Twin Springs High,school,2024,pct_disadv,55.78512396694215
Twin Springs High,school,2024,bully_rate_per_1k,0
Twin Springs High,school,2024,staff_per_1k_students,4.132231404958678
Central High — Shenandoah County,school,2024,pct_disadv,47.24517906336088
Central High — Shenandoah County,school,2024,bully_rate_per_1k,0
Central High — Shenandoah County,school,2024,staff_per_1k_students,5.5096418732782375
Stonewall Jackson High,school,2024,pct_disadv,51.574803149606296
Stonewall Jackson High,school,2024,bully_rate_per_1k,0
Stonewall Jackson High,school,2024,staff_per_1k_students,5.905511811023622
North Fork Middle,school,2024,pct_disadv,54.874651810584965
North Fork Middle,school,2024,bully_rate_per_1k,5.571030640668524
North Fork Middle,school,2024,staff_per_1k_students,4.178272980501393
Peter Muhlenberg Middle,school,2024,pct_disadv,52.104208416833664
Peter Muhlenberg Middle,school,2024,bully_rate_per_1k,10.02004008016032
Peter Muhlenberg Middle,school,2024,staff_per_1k_students,4.008016032064128
Signal Knob Middle,school,2024,pct_disadv,45.77114427860697
Signal Knob Middle,school,2024,bully_rate_per_1k,9.950248756218905
Signal Knob Middle,school,2024,staff_per_1k_students,2.487562189054726
Strasburg High,school,2024,pct_disadv,42.38952536824877
Strasburg High,school,2024,bully_rate_per_1k,0
Strasburg High,school,2024,staff_per_1k_students,7.364975450081833
Chilhowie High,school,2024,pct_disadv,47.381546134663346
Chilhowie High,school,2024,bully_rate_per_1k,0
Chilhowie High,school,2024,staff_per_1k_students,2.493765586034913
Chilhowie Middle,school,2024,pct_disadv,51.186440677966104
Chilhowie Middle,school,2024,bully_rate_per_1k,13.559322033898304
Chilhowie Middle,school,2024,staff_per_1k_students,3.389830508474576
Marion Middle,school,2024,pct_disadv,63.239074550128535
Marion Middle,school,2024,bully_rate_per_1k,7.712082262210797
Marion Middle,school,2024,staff_per_1k_students,2.5706940874035986
Marion Senior High,school,2024,pct_disadv,54.2713567839196
Marion Senior High,school,2024,bully_rate_per_1k,0
Marion Senior High,school,2024,staff_per_1k_students,3.3500837520938025
Northwood High,school,2024,pct_disadv,57.391304347826086
Northwood High,school,2024,bully_rate_per_1k,4.3478260869565215
Northwood High,school,2024,staff_per_1k_students,4.3478260869565215
Northwood Middle,school,2024,pct_disadv,65.2439024390244
Northwood Middle,school,2024,bully_rate_per_1k,36.58536585365854
Northwood Middle,school,2024,staff_per_1k_students,6.097560975609756
Southampton High,school,2024,pct_disadv,49.86702127659575
Southampton High,school,2024,bully_rate_per_1k,6.648936170212766
Southampton High,school,2024,staff_per_1k_students,3.9893617021276593
Southampton Middle,school,2024,pct_disadv,51.691729323308266
Southampton Middle,school,2024,bully_rate_per_1k,35.714285714285715
Southampton Middle,school,2024,staff_per_1k_students,5.639097744360902
Battlefield Middle,school,2024,pct_disadv,64.57516339869281
Battlefield Middle,school,2024,bully_rate_per_1k,2.6143790849673203
Battlefield Middle,school,2024,staff_per_1k_students,5.228758169934641
Chancellor High,school,2024,pct_disadv,58.59318346627991
Chancellor High,school,2024,bully_rate_per_1k,0
Chancellor High,school,2024,staff_per_1k_students,4.350978970268311
Chancellor Middle,school,2024,pct_disadv,57.90139064475349
Chancellor Middle,school,2024,bully_rate_per_1k,5.056890012642225
Chancellor Middle,school,2024,staff_per_1k_students,3.7926675094816686
Courtland High,school,2024,pct_disadv,50.33377837116155
Courtland High,school,2024,bully_rate_per_1k,2.67022696929239
Courtland High,school,2024,staff_per_1k_students,4.005340453938585
Freedom Middle,school,2024,pct_disadv,62.81540504648074
Freedom Middle,school,2024,bully_rate_per_1k,1.3280212483399734
Freedom Middle,school,2024,staff_per_1k_students,3.98406374501992
Massaponax High,school,2024,pct_disadv,49.737609329446066
Massaponax High,school,2024,bully_rate_per_1k,1.749271137026239
Massaponax High,school,2024,staff_per_1k_students,4.664723032069971
Ni River Middle,school,2024,pct_disadv,40.97902097902098
Ni River Middle,school,2024,bully_rate_per_1k,2.797202797202797
Ni River Middle,school,2024,staff_per_1k_students,2.797202797202797
Post Oak Middle,school,2024,pct_disadv,53.727144866385366
Post Oak Middle,school,2024,bully_rate_per_1k,2.8129395218002813
Post Oak Middle,school,2024,staff_per_1k_students,4.219409282700422
Riverbend High,school,2024,pct_disadv,39.27291346646186
Riverbend High,school,2024,bully_rate_per_1k,0
Riverbend High,school,2024,staff_per_1k_students,4.09626216077829
Spotsylvania High,school,2024,pct_disadv,48.3433734939759
Spotsylvania High,school,2024,bully_rate_per_1k,1.5060240963855422
Spotsylvania High,school,2024,staff_per_1k_students,5.519578313253012
Spotsylvania Middle,school,2024,pct_disadv,50.34825870646766
Spotsylvania Middle,school,2024,bully_rate_per_1k,0
Spotsylvania Middle,school,2024,staff_per_1k_students,3.980099502487562
Thornburg Middle,school,2024,pct_disadv,57.41496598639456
Thornburg Middle,school,2024,bully_rate_per_1k,6.802721088435374
Thornburg Middle,school,2024,staff_per_1k_students,5.442176870748299
Andrew G. Wright Middle,school,2024,pct_disadv,35.03562945368171
Andrew G. Wright Middle,school,2024,bully_rate_per_1k,13.064133016627078
Andrew G. Wright Middle,school,2024,staff_per_1k_students,5.938242280285036
Brooke Point High,school,2024,pct_disadv,38.84924174843889
Brooke Point High,school,2024,bully_rate_per_1k,0
Brooke Point High,school,2024,staff_per_1k_students,4.014272970561998
Colonial Forge High,school,2024,pct_disadv,28.126569563033648
Colonial Forge High,school,2024,bully_rate_per_1k,0.5022601707684581
Colonial Forge High,school,2024,staff_per_1k_students,5.524861878453039
Donald B. Dixon-Lyle R. Smith Middle,school,2024,pct_disadv,36.063708759954494
Donald B. Dixon-Lyle R. Smith Middle,school,2024,bully_rate_per_1k,4.550625711035267
Donald B. Dixon-Lyle R. Smith Middle,school,2024,staff_per_1k_students,4.550625711035267
Edward E. Drew Jr. Middle,school,2024,pct_disadv,49.25124792013311
Edward E. Drew Jr. Middle,school,2024,bully_rate_per_1k,3.327787021630616
Edward E. Drew Jr. Middle,school,2024,staff_per_1k_students,28.286189683860233
H.H. Poole Middle,school,2024,pct_disadv,40.448343079922026
H.H. Poole Middle,school,2024,bully_rate_per_1k,2.923976608187134
H.H. Poole Middle,school,2024,staff_per_1k_students,4.8732943469785575
Mountain View High — Stafford County,school,2024,pct_disadv,24.86413043478261
Mountain View High — Stafford County,school,2024,bully_rate_per_1k,4.076086956521739
Mountain View High — Stafford County,school,2024,staff_per_1k_students,4.528985507246377
North Stafford High,school,2024,pct_disadv,46.68938656280429
North Stafford High,school,2024,bully_rate_per_1k,1.460564751703992
North Stafford High,school,2024,staff_per_1k_students,4.868549172346641
Rodney E. Thompson Middle,school,2024,pct_disadv,25.169409486931265
Rodney E. Thompson Middle,school,2024,bully_rate_per_1k,1.936108422071636
Rodney E. Thompson Middle,school,2024,staff_per_1k_students,3.872216844143272
Shirley C. Heim Middle,school,2024,pct_disadv,55.67226890756303
Shirley C. Heim Middle,school,2024,bully_rate_per_1k,0
Shirley C. Heim Middle,school,2024,staff_per_1k_students,3.676470588235294
Stafford Middle,school,2024,pct_disadv,51.23523093447906
Stafford Middle,school,2024,bully_rate_per_1k,0
Stafford Middle,school,2024,staff_per_1k_students,4.296455424274973
Stafford Senior High,school,2024,pct_disadv,40.421713772992376
Stafford Senior High,school,2024,bully_rate_per_1k,3.589053387169134
Stafford Senior High,school,2024,staff_per_1k_students,5.293853746074474
T. Benton Gayle Middle,school,2024,pct_disadv,38.966630785791175
T. Benton Gayle Middle,school,2024,bully_rate_per_1k,7.534983853606028
T. Benton Gayle Middle,school,2024,staff_per_1k_students,4.3057050592034445
Shelburne Middle,school,2024,pct_disadv,51.273344651952456
Shelburne Middle,school,2024,bully_rate_per_1k,50.93378607809847
Shelburne Middle,school,2024,staff_per_1k_students,5.093378607809847
Staunton High,school,2024,pct_disadv,41.89873417721519
Staunton High,school,2024,bully_rate_per_1k,13.924050632911392
Staunton High,school,2024,staff_per_1k_students,5.063291139240507
Colonel Fred Cherry Middle,school,2024,pct_disadv,38.73626373626374
Colonel Fred Cherry Middle,school,2024,bully_rate_per_1k,2.7472527472527473
Colonel Fred Cherry Middle,school,2024,staff_per_1k_students,4.120879120879121
Forest Glen Middle,school,2024,pct_disadv,41.44144144144144
Forest Glen Middle,school,2024,bully_rate_per_1k,0
Forest Glen Middle,school,2024,staff_per_1k_students,6.756756756756757
John F. Kennedy Middle,school,2024,pct_disadv,63.369963369963365
John F. Kennedy Middle,school,2024,bully_rate_per_1k,5.4945054945054945
John F. Kennedy Middle,school,2024,staff_per_1k_students,12.82051282051282
John Yeates Middle,school,2024,pct_disadv,19.342359767891683
John Yeates Middle,school,2024,bully_rate_per_1k,3.8684719535783367
John Yeates Middle,school,2024,staff_per_1k_students,9.67117988394584
King's Fork High,school,2024,pct_disadv,46.03841536614646
King's Fork High,school,2024,bully_rate_per_1k,1.2004801920768309
King's Fork High,school,2024,staff_per_1k_students,8.403361344537815
King's Fork Middle,school,2024,pct_disadv,55.6910569105691
King's Fork Middle,school,2024,bully_rate_per_1k,1.016260162601626
King's Fork Middle,school,2024,staff_per_1k_students,5.08130081300813
Lakeland High,school,2024,pct_disadv,51.35895032802249
Lakeland High,school,2024,bully_rate_per_1k,1.8744142455482664
Lakeland High,school,2024,staff_per_1k_students,8.434864104967199
Nansemond River High,school,2024,pct_disadv,28.435455086258184
Nansemond River High,school,2024,bully_rate_per_1k,0.5948839976204641
Nansemond River High,school,2024,staff_per_1k_students,7.138607971445568
Luther P. Jackson Middle,school,2024,pct_disadv,54.807692307692314
Luther P. Jackson Middle,school,2024,bully_rate_per_1k,24.03846153846154
Luther P. Jackson Middle,school,2024,staff_per_1k_students,4.807692307692308
Surry County High,school,2024,pct_disadv,49.75369458128079
Surry County High,school,2024,bully_rate_per_1k,0
Surry County High,school,2024,staff_per_1k_students,4.926108374384237
Sussex Central High,school,2024,pct_disadv,67.601246105919
Sussex Central High,school,2024,bully_rate_per_1k,9.345794392523365
Sussex Central High,school,2024,staff_per_1k_students,18.69158878504673
Sussex Central Middle,school,2024,pct_disadv,73.33333333333333
Sussex Central Middle,school,2024,bully_rate_per_1k,8.88888888888889
Sussex Central Middle,school,2024,staff_per_1k_students,22.22222222222222
Graham High,school,2024,pct_disadv,41.308411214953274
Graham High,school,2024,bully_rate_per_1k,0
Graham High,school,2024,staff_per_1k_students,3.7383177570093458
Graham Middle,school,2024,pct_disadv,44.61538461538462
Graham Middle,school,2024,bully_rate_per_1k,0
Graham Middle,school,2024,staff_per_1k_students,3.076923076923077
Richlands High,school,2024,pct_disadv,57.333333333333336
Richlands High,school,2024,bully_rate_per_1k,0
Richlands High,school,2024,staff_per_1k_students,3.3333333333333335
Richlands Middle,school,2024,pct_disadv,62.84501061571125
Richlands Middle,school,2024,bully_rate_per_1k,14.8619957537155
Richlands Middle,school,2024,staff_per_1k_students,4.246284501061571
Tazewell High,school,2024,pct_disadv,54.02750491159135
Tazewell High,school,2024,bully_rate_per_1k,1.9646365422396856
Tazewell High,school,2024,staff_per_1k_students,3.929273084479371
Tazewell Middle,school,2024,pct_disadv,62.43386243386243
Tazewell Middle,school,2024,bully_rate_per_1k,2.6455026455026456
Tazewell Middle,school,2024,staff_per_1k_students,2.6455026455026456
Bayside High,school,2024,pct_disadv,62.83851554663992
Bayside High,school,2024,bully_rate_per_1k,2.0060180541624875
Bayside High,school,2024,staff_per_1k_students,4.312938816449348
Bayside Middle,school,2024,pct_disadv,74.78632478632478
Bayside Middle,school,2024,bully_rate_per_1k,18.51851851851852
Bayside Middle,school,2024,staff_per_1k_students,6.267806267806268
Brandon Middle,school,2024,pct_disadv,55.56640625
Brandon Middle,school,2024,bully_rate_per_1k,0.9765625
Brandon Middle,school,2024,staff_per_1k_students,4.296874999999999
Corporate Landing Middle,school,2024,pct_disadv,52.019230769230774
Corporate Landing Middle,school,2024,bully_rate_per_1k,7.6923076923076925
Corporate Landing Middle,school,2024,staff_per_1k_students,4.230769230769232
First Colonial High,school,2024,pct_disadv,46.10951008645533
First Colonial High,school,2024,bully_rate_per_1k,0
First Colonial High,school,2024,staff_per_1k_students,3.6887608069164264
Floyd Kellam High,school,2024,pct_disadv,15.822784810126585
Floyd Kellam High,school,2024,bully_rate_per_1k,4.219409282700422
Floyd Kellam High,school,2024,staff_per_1k_students,3.9029535864978904
Frank W. Cox High,school,2024,pct_disadv,33.41389728096677
Frank W. Cox High,school,2024,bully_rate_per_1k,0
Frank W. Cox High,school,2024,staff_per_1k_students,3.7462235649546822
Great Neck Middle,school,2024,pct_disadv,32.76676109537299
Great Neck Middle,school,2024,bully_rate_per_1k,8.4985835694051
Great Neck Middle,school,2024,staff_per_1k_students,3.96600566572238
Green Run Collegiate,school,2024,pct_disadv,50.6631299734748
Green Run Collegiate,school,2024,bully_rate_per_1k,0
Green Run Collegiate,school,2024,staff_per_1k_students,5.570291777188329
Green Run High,school,2024,pct_disadv,64.53168044077135
Green Run High,school,2024,bully_rate_per_1k,0.6887052341597797
Green Run High,school,2024,staff_per_1k_students,5.1652892561983474
Independence Middle — Virginia Beach City,school,2024,pct_disadv,55.24360033030553
Independence Middle — Virginia Beach City,school,2024,bully_rate_per_1k,0
Independence Middle — Virginia Beach City,school,2024,staff_per_1k_students,3.633360858794385
Kempsville High,school,2024,pct_disadv,47.08454810495627
Kempsville High,school,2024,bully_rate_per_1k,0.9718172983479104
Kempsville High,school,2024,staff_per_1k_students,3.5957240038872693
Kempsville Middle,school,2024,pct_disadv,43.95448079658606
Kempsville Middle,school,2024,bully_rate_per_1k,2.8449502133712663
Kempsville Middle,school,2024,staff_per_1k_students,4.551920341394026
Landstown High,school,2024,pct_disadv,43.772563176895304
Landstown High,school,2024,bully_rate_per_1k,1.8050541516245489
Landstown High,school,2024,staff_per_1k_students,3.880866425992779
Landstown Middle,school,2024,pct_disadv,44.00630914826498
Landstown Middle,school,2024,bully_rate_per_1k,0.7886435331230284
Landstown Middle,school,2024,staff_per_1k_students,3.864353312302839
Larkspur Middle,school,2024,pct_disadv,67.29602157788267
Larkspur Middle,school,2024,bully_rate_per_1k,16.857720836142953
Larkspur Middle,school,2024,staff_per_1k_students,3.7761294672960215
Lynnhaven Middle,school,2024,pct_disadv,54.14364640883977
Lynnhaven Middle,school,2024,bully_rate_per_1k,17.955801104972377
Lynnhaven Middle,school,2024,staff_per_1k_students,6.0773480662983435
Ocean Lakes High,school,2024,pct_disadv,33.86476085761407
Ocean Lakes High,school,2024,bully_rate_per_1k,1.6492578339747117
Ocean Lakes High,school,2024,staff_per_1k_students,4.068169323804288
Old Donation School,school,2024,pct_disadv,17.75631500742942
Old Donation School,school,2024,bully_rate_per_1k,0.7429420505200593
Old Donation School,school,2024,staff_per_1k_students,3.2689450222882614
Plaza Middle,school,2024,pct_disadv,53.97727272727273
Plaza Middle,school,2024,bully_rate_per_1k,1.893939393939394
Plaza Middle,school,2024,staff_per_1k_students,4.166666666666667
Princess Anne High,school,2024,pct_disadv,37.96511627906977
Princess Anne High,school,2024,bully_rate_per_1k,0
Princess Anne High,school,2024,staff_per_1k_students,3.72093023255814
Princess Anne Middle,school,2024,pct_disadv,16.804201050262566
Princess Anne Middle,school,2024,bully_rate_per_1k,3.750937734433608
Princess Anne Middle,school,2024,staff_per_1k_students,3.900975243810953
Salem High — Virginia Beach City,school,2024,pct_disadv,40.14251781472685
Salem High — Virginia Beach City,school,2024,bully_rate_per_1k,0
Salem High — Virginia Beach City,school,2024,staff_per_1k_students,3.8004750593824226
Salem Middle,school,2024,pct_disadv,40.508628519527704
Salem Middle,school,2024,bully_rate_per_1k,2.7247956403269753
Salem Middle,school,2024,staff_per_1k_students,3.9963669391462298
Tallwood High,school,2024,pct_disadv,47.66206163655685
Tallwood High,school,2024,bully_rate_per_1k,0
Tallwood High,school,2024,staff_per_1k_students,4.038257173219979
Virginia Beach Middle,school,2024,pct_disadv,63.26530612244898
Virginia Beach Middle,school,2024,bully_rate_per_1k,0
Virginia Beach Middle,school,2024,staff_per_1k_students,5.337519623233908
Skyline High,school,2024,pct_disadv,45.23809523809524
Skyline High,school,2024,bully_rate_per_1k,14.739229024943311
Skyline High,school,2024,staff_per_1k_students,3.7755102040816326
Skyline Middle — Warren County,school,2024,pct_disadv,48.01381692573403
Skyline Middle — Warren County,school,2024,bully_rate_per_1k,25.906735751295336
Skyline Middle — Warren County,school,2024,staff_per_1k_students,3.454231433506045
Warren County High,school,2024,pct_disadv,38.2640586797066
Warren County High,school,2024,bully_rate_per_1k,7.334963325183374
Warren County High,school,2024,staff_per_1k_students,4.474327628361858
Warren County Middle,school,2024,pct_disadv,37.924528301886795
Warren County Middle,school,2024,bully_rate_per_1k,11.320754716981131
Warren County Middle,school,2024,staff_per_1k_students,1.8867924528301887
Abingdon High,school,2024,pct_disadv,45.051194539249146
Abingdon High,school,2024,bully_rate_per_1k,0
Abingdon High,school,2024,staff_per_1k_students,3.4129692832764507
Damascus Middle,school,2024,pct_disadv,62.34567901234568
Damascus Middle,school,2024,bully_rate_per_1k,0
Damascus Middle,school,2024,staff_per_1k_students,6.172839506172839
E.B. Stanley Middle,school,2024,pct_disadv,44.42771084337349
E.B. Stanley Middle,school,2024,bully_rate_per_1k,4.518072289156627
E.B. Stanley Middle,school,2024,staff_per_1k_students,3.0120481927710845
Glade Spring Middle,school,2024,pct_disadv,55.98290598290598
Glade Spring Middle,school,2024,bully_rate_per_1k,0
Glade Spring Middle,school,2024,staff_per_1k_students,4.273504273504274
Holston High,school,2024,pct_disadv,56.17529880478087
Holston High,school,2024,bully_rate_per_1k,0
Holston High,school,2024,staff_per_1k_students,3.98406374501992
John S. Battle High,school,2024,pct_disadv,48.536209553158706
John S. Battle High,school,2024,bully_rate_per_1k,0
John S. Battle High,school,2024,staff_per_1k_students,4.622496147919877
Patrick Henry High — Washington County,school,2024,pct_disadv,59.693877551020414
Patrick Henry High — Washington County,school,2024,bully_rate_per_1k,15.306122448979592
Patrick Henry High — Washington County,school,2024,staff_per_1k_students,2.5510204081632653
Wallace Middle,school,2024,pct_disadv,52.92740046838408
Wallace Middle,school,2024,bully_rate_per_1k,21.07728337236534
Wallace Middle,school,2024,staff_per_1k_students,2.34192037470726
Kate Collins Middle,school,2024,pct_disadv,55.44871794871795
Kate Collins Middle,school,2024,bully_rate_per_1k,1.6025641025641024
Kate Collins Middle,school,2024,staff_per_1k_students,4.487179487179487
Waynesboro High,school,2024,pct_disadv,49.61832061068702
Waynesboro High,school,2024,bully_rate_per_1k,0
Waynesboro High,school,2024,staff_per_1k_students,2.835332606324972
West Point Middle/High,school,2024,pct_disadv,40.57649667405765
West Point Middle/High,school,2024,bully_rate_per_1k,0
West Point Middle/High,school,2024,staff_per_1k_students,2.2172949002217295
Montross Middle,school,2024,pct_disadv,65.17857142857143
Montross Middle,school,2024,bully_rate_per_1k,0
Montross Middle,school,2024,staff_per_1k_students,2.976190476190476
Westmoreland High,school,2024,pct_disadv,64.17004048582996
Westmoreland High,school,2024,bully_rate_per_1k,2.0242914979757085
Westmoreland High,school,2024,staff_per_1k_students,4.048582995951417
Berkeley Middle,school,2024,pct_disadv,37.29323308270677
Berkeley Middle,school,2024,bully_rate_per_1k,0
Berkeley Middle,school,2024,staff_per_1k_students,3.0075187969924815
James Blair Middle,school,2024,pct_disadv,40.96153846153846
James Blair Middle,school,2024,bully_rate_per_1k,0
James Blair Middle,school,2024,staff_per_1k_students,3.8461538461538463
Jamestown High,school,2024,pct_disadv,26.682887266828875
Jamestown High,school,2024,bully_rate_per_1k,0.8110300081103001
Jamestown High,school,2024,staff_per_1k_students,5.6772100567721004
Lafayette High,school,2024,pct_disadv,33.17307692307692
Lafayette High,school,2024,bully_rate_per_1k,0
Lafayette High,school,2024,staff_per_1k_students,5.608974358974359
Lois Hornsby Middle,school,2024,pct_disadv,33.95291201982652
Lois Hornsby Middle,school,2024,bully_rate_per_1k,2.4783147459727384
Lois Hornsby Middle,school,2024,staff_per_1k_students,3.717472118959108
Toano Middle,school,2024,pct_disadv,32.714285714285715
Toano Middle,school,2024,bully_rate_per_1k,2.857142857142857
Toano Middle,school,2024,staff_per_1k_students,4.285714285714286
Warhill High,school,2024,pct_disadv,32.434514637904464
Warhill High,school,2024,bully_rate_per_1k,0
Warhill High,school,2024,staff_per_1k_students,5.3929121725731894
Daniel Morgan Intermediate,school,2024,pct_disadv,60.333333333333336
Daniel Morgan Intermediate,school,2024,bully_rate_per_1k,8.333333333333334
Daniel Morgan Intermediate,school,2024,staff_per_1k_students,3.3333333333333335
Daniel Morgan Middle,school,2024,pct_disadv,65.36502546689303
Daniel Morgan Middle,school,2024,bully_rate_per_1k,0
Daniel Morgan Middle,school,2024,staff_per_1k_students,3.8370118845500847
John Handley High,school,2024,pct_disadv,60.88560885608856
John Handley High,school,2024,bully_rate_per_1k,0.7380073800738007
John Handley High,school,2024,staff_per_1k_students,5.195571955719557
Central High — Wise County,school,2024,pct_disadv,55.35444947209653
Central High — Wise County,school,2024,bully_rate_per_1k,1.5082956259426847
Central High — Wise County,school,2024,staff_per_1k_students,4.524886877828055
Coeburn Middle,school,2024,pct_disadv,71.30177514792899
Coeburn Middle,school,2024,bully_rate_per_1k,11.83431952662722
Coeburn Middle,school,2024,staff_per_1k_students,2.9585798816568047
Eastside High,school,2024,pct_disadv,66.75126903553299
Eastside High,school,2024,bully_rate_per_1k,10.15228426395939
Eastside High,school,2024,staff_per_1k_students,6.345177664974619
L.F. Addington Middle,school,2024,pct_disadv,52.567237163814184
L.F. Addington Middle,school,2024,bully_rate_per_1k,22.004889975550125
L.F. Addington Middle,school,2024,staff_per_1k_students,4.88997555012225
Union High,school,2024,pct_disadv,64.90299823633157
Union High,school,2024,bully_rate_per_1k,29.98236331569665
Union High,school,2024,staff_per_1k_students,5.291005291005291
Union Middle,school,2024,pct_disadv,65.5536028119508
Union Middle,school,2024,bully_rate_per_1k,38.664323374340945
Union Middle,school,2024,staff_per_1k_students,3.51493848857645
Fort Chiswell High,school,2024,pct_disadv,40.835266821345705
Fort Chiswell High,school,2024,bully_rate_per_1k,11.60092807424594
Fort Chiswell High,school,2024,staff_per_1k_students,4.640371229698376
Fort Chiswell Middle,school,2024,pct_disadv,50.65359477124183
Fort Chiswell Middle,school,2024,bully_rate_per_1k,6.5359477124183005
Fort Chiswell Middle,school,2024,staff_per_1k_students,3.2679738562091503
George Wythe High,school,2024,pct_disadv,47.55555555555556
George Wythe High,school,2024,bully_rate_per_1k,8.88888888888889
George Wythe High,school,2024,staff_per_1k_students,4.444444444444445
Rural Retreat High,school,2024,pct_disadv,47.096774193548384
Rural Retreat High,school,2024,bully_rate_per_1k,9.67741935483871
Rural Retreat High,school,2024,staff_per_1k_students,3.225806451612903
Rural Retreat Middle,school,2024,pct_disadv,47.59825327510917
Rural Retreat Middle,school,2024,bully_rate_per_1k,0
Rural Retreat Middle,school,2024,staff_per_1k_students,4.366812227074235
Scott Memorial Middle,school,2024,pct_disadv,45.57377049180328
Scott Memorial Middle,school,2024,bully_rate_per_1k,3.278688524590164
Scott Memorial Middle,school,2024,staff_per_1k_students,3.278688524590164
Bruton High,school,2024,pct_disadv,31.071913161465396
Bruton High,school,2024,bully_rate_per_1k,5.427408412483039
Bruton High,school,2024,staff_per_1k_students,4.07055630936228
Grafton High,school,2024,pct_disadv,23.270951993490645
Grafton High,school,2024,bully_rate_per_1k,1.6273393002441008
Grafton High,school,2024,staff_per_1k_students,2.441008950366151
Grafton Middle,school,2024,pct_disadv,26.286966046002192
Grafton Middle,school,2024,bully_rate_per_1k,16.42935377875137
Grafton Middle,school,2024,staff_per_1k_students,3.2858707557502735
Queens Lake Middle,school,2024,pct_disadv,33.86243386243386
Queens Lake Middle,school,2024,bully_rate_per_1k,5.291005291005291
Queens Lake Middle,school,2024,staff_per_1k_students,3.527336860670194
Tabb High,school,2024,pct_disadv,21.131741821396993
Tabb High,school,2024,bully_rate_per_1k,3.5366931918656053
Tabb High,school,2024,staff_per_1k_students,3.5366931918656053
Tabb Middle,school,2024,pct_disadv,27.497425334706488
Tabb Middle,school,2024,bully_rate_per_1k,2.059732234809475
Tabb Middle,school,2024,staff_per_1k_students,3.089598352214212
York High,school,2024,pct_disadv,27.02429149797571
York High,school,2024,bully_rate_per_1k,2.0242914979757085
York High,school,2024,staff_per_1k_students,4.048582995951417
York River Academy,school,2024,pct_disadv,33.80281690140845
York River Academy,school,2024,bully_rate_per_1k,14.084507042253522
York River Academy,school,2024,staff_per_1k_students,14.084507042253522
Yorktown Middle,school,2024,pct_disadv,31.901840490797547
Yorktown Middle,school,2024,bully_rate_per_1k,1.5337423312883436
Yorktown Middle,school,2024,staff_per_1k_students,4.601226993865031
Arcadia High,school,2025,pct_disadv,71.07558139534885
Arcadia High,school,2025,bully_rate_per_1k,0
Arcadia High,school,2025,staff_per_1k_students,4.3604651162790695
Arcadia Middle,school,2025,pct_disadv,81.2366737739872
Arcadia Middle,school,2025,bully_rate_per_1k,0
Arcadia Middle,school,2025,staff_per_1k_students,4.264392324093817
Chincoteague High,school,2025,pct_disadv,49.44649446494465
Chincoteague High,school,2025,bully_rate_per_1k,0
Chincoteague High,school,2025,staff_per_1k_students,3.690036900369003
Nandua High,school,2025,pct_disadv,69.08212560386472
Nandua High,school,2025,bully_rate_per_1k,0
Nandua High,school,2025,staff_per_1k_students,4.830917874396135
Nandua Middle,school,2025,pct_disadv,72.24669603524228
Nandua Middle,school,2025,bully_rate_per_1k,0
Nandua Middle,school,2025,staff_per_1k_students,6.607929515418502
Albemarle High,school,2025,pct_disadv,29.620253164556964
Albemarle High,school,2025,bully_rate_per_1k,0
Albemarle High,school,2025,staff_per_1k_students,10.379746835443038
Community Lab School,school,2025,pct_disadv,NA
Community Lab School,school,2025,bully_rate_per_1k,0
Community Lab School,school,2025,staff_per_1k_students,16.101694915254235
Jackson P. Burley Middle,school,2025,pct_disadv,37.19626168224299
Jackson P. Burley Middle,school,2025,bully_rate_per_1k,0
Jackson P. Burley Middle,school,2025,staff_per_1k_students,5.607476635514018
Joseph T. Henley Middle,school,2025,pct_disadv,12.868949232585598
Joseph T. Henley Middle,school,2025,bully_rate_per_1k,0
Joseph T. Henley Middle,school,2025,staff_per_1k_students,5.112160566706022
Journey Middle,school,2025,pct_disadv,44.907407407407405
Journey Middle,school,2025,bully_rate_per_1k,0
Journey Middle,school,2025,staff_per_1k_students,7.716049382716049
Lakeside Middle,school,2025,pct_disadv,25.217391304347824
Lakeside Middle,school,2025,bully_rate_per_1k,0
Lakeside Middle,school,2025,staff_per_1k_students,5.217391304347826
Leslie H. Walton Middle,school,2025,pct_disadv,32.743362831858406
Leslie H. Walton Middle,school,2025,bully_rate_per_1k,0
Leslie H. Walton Middle,school,2025,staff_per_1k_students,8.849557522123893
Monticello High,school,2025,pct_disadv,31.318219983207392
Monticello High,school,2025,bully_rate_per_1k,0
Monticello High,school,2025,staff_per_1k_students,8.39630562552477
Western Albemarle High,school,2025,pct_disadv,11.852433281004709
Western Albemarle High,school,2025,bully_rate_per_1k,0
Western Albemarle High,school,2025,staff_per_1k_students,6.279434850863423
Alexandria City High,school,2025,pct_disadv,42.44434931506849
Alexandria City High,school,2025,bully_rate_per_1k,0
Alexandria City High,school,2025,staff_per_1k_students,14.875856164383562
Francis C. Hammond Middle,school,2025,pct_disadv,52.911709455228554
Francis C. Hammond Middle,school,2025,bully_rate_per_1k,0
Francis C. Hammond Middle,school,2025,staff_per_1k_students,15.028177833437695
George Washington Middle,school,2025,pct_disadv,43.912448700410394
George Washington Middle,school,2025,bully_rate_per_1k,0
George Washington Middle,school,2025,staff_per_1k_students,15.047879616963064
Alleghany High,school,2025,pct_disadv,46.15384615384615
Alleghany High,school,2025,bully_rate_per_1k,0
Alleghany High,school,2025,staff_per_1k_students,3.663003663003663
Covington Middle,school,2025,pct_disadv,46.464646464646464
Covington Middle,school,2025,bully_rate_per_1k,0
Covington Middle,school,2025,staff_per_1k_students,3.3670033670033668
Amelia County High,school,2025,pct_disadv,50.3875968992248
Amelia County High,school,2025,bully_rate_per_1k,0
Amelia County High,school,2025,staff_per_1k_students,3.875968992248062
Amelia County Middle,school,2025,pct_disadv,54.57516339869281
Amelia County Middle,school,2025,bully_rate_per_1k,0
Amelia County Middle,school,2025,staff_per_1k_students,6.5359477124183005
Amherst County High,school,2025,pct_disadv,59.51612903225807
Amherst County High,school,2025,bully_rate_per_1k,0
Amherst County High,school,2025,staff_per_1k_students,4.032258064516129
Amherst Middle,school,2025,pct_disadv,50.673854447439346
Amherst Middle,school,2025,bully_rate_per_1k,0
Amherst Middle,school,2025,staff_per_1k_students,2.6954177897574128
Monelison Middle,school,2025,pct_disadv,58.2089552238806
Monelison Middle,school,2025,bully_rate_per_1k,0
Monelison Middle,school,2025,staff_per_1k_students,4.264392324093817
Appomattox County High,school,2025,pct_disadv,41.17647058823529
Appomattox County High,school,2025,bully_rate_per_1k,0
Appomattox County High,school,2025,staff_per_1k_students,5.471956224350205
Appomattox Middle,school,2025,pct_disadv,42.066420664206646
Appomattox Middle,school,2025,bully_rate_per_1k,0
Appomattox Middle,school,2025,staff_per_1k_students,9.22509225092251
Arlington Community High,school,2025,pct_disadv,16.025641025641026
Arlington Community High,school,2025,bully_rate_per_1k,0
Arlington Community High,school,2025,staff_per_1k_students,22.43589743589743
Dorothy Hamm Middle,school,2025,pct_disadv,19.57618567103935
Dorothy Hamm Middle,school,2025,bully_rate_per_1k,0
Dorothy Hamm Middle,school,2025,staff_per_1k_students,7.568113017154389
Gunston Middle,school,2025,pct_disadv,33.33333333333333
Gunston Middle,school,2025,bully_rate_per_1k,0
Gunston Middle,school,2025,staff_per_1k_students,7.4487895716946
Jefferson Middle,school,2025,pct_disadv,45.673505798394295
Jefferson Middle,school,2025,bully_rate_per_1k,0
Jefferson Middle,school,2025,staff_per_1k_students,8.474576271186441
Kenmore Middle,school,2025,pct_disadv,33.27014218009479
Kenmore Middle,school,2025,bully_rate_per_1k,0
Kenmore Middle,school,2025,staff_per_1k_students,8.530805687203792
Swanson Middle,school,2025,pct_disadv,21.227364185110662
Swanson Middle,school,2025,bully_rate_per_1k,0
Swanson Middle,school,2025,staff_per_1k_students,6.5392354124748495
Wakefield High,school,2025,pct_disadv,29.675716440422324
Wakefield High,school,2025,bully_rate_per_1k,0
Wakefield High,school,2025,staff_per_1k_students,7.352941176470588
Washington-Liberty High,school,2025,pct_disadv,29.475409836065573
Washington-Liberty High,school,2025,bully_rate_per_1k,0
Washington-Liberty High,school,2025,staff_per_1k_students,6.426229508196722
Williamsburg Middle,school,2025,pct_disadv,2.6837806301050176
Williamsburg Middle,school,2025,bully_rate_per_1k,0
Williamsburg Middle,school,2025,staff_per_1k_students,4.667444574095682
Yorktown High,school,2025,pct_disadv,16.153846153846153
Yorktown High,school,2025,bully_rate_per_1k,0
Yorktown High,school,2025,staff_per_1k_students,6.5
Buffalo Gap High,school,2025,pct_disadv,30.73170731707317
Buffalo Gap High,school,2025,bully_rate_per_1k,0
Buffalo Gap High,school,2025,staff_per_1k_students,4.878048780487805
Buffalo Gap Middle,school,2025,pct_disadv,33.33333333333333
Buffalo Gap Middle,school,2025,bully_rate_per_1k,0
Buffalo Gap Middle,school,2025,staff_per_1k_students,7.017543859649123
Fort Defiance High,school,2025,pct_disadv,36.11491108071135
Fort Defiance High,school,2025,bully_rate_per_1k,0
Fort Defiance High,school,2025,staff_per_1k_students,5.471956224350205
Riverheads High,school,2025,pct_disadv,33.190578158458244
Riverheads High,school,2025,bully_rate_per_1k,0
Riverheads High,school,2025,staff_per_1k_students,4.282655246252677
Riverheads Middle,school,2025,pct_disadv,31.420765027322407
Riverheads Middle,school,2025,bully_rate_per_1k,0
Riverheads Middle,school,2025,staff_per_1k_students,8.196721311475411
S. Gordon Stewart Middle,school,2025,pct_disadv,34.883720930232556
S. Gordon Stewart Middle,school,2025,bully_rate_per_1k,0
S. Gordon Stewart Middle,school,2025,staff_per_1k_students,9.689922480620154
Stuarts Draft High,school,2025,pct_disadv,35.17964071856288
Stuarts Draft High,school,2025,bully_rate_per_1k,0
Stuarts Draft High,school,2025,staff_per_1k_students,4.985029940119761
Stuarts Draft Middle,school,2025,pct_disadv,34.63035019455253
Stuarts Draft Middle,school,2025,bully_rate_per_1k,0
Stuarts Draft Middle,school,2025,staff_per_1k_students,6.3229571984435795
Wilson Memorial High,school,2025,pct_disadv,31.42174432497013
Wilson Memorial High,school,2025,bully_rate_per_1k,0
Wilson Memorial High,school,2025,staff_per_1k_students,3.5842293906810037
Wilson Middle,school,2025,pct_disadv,39.93759750390016
Wilson Middle,school,2025,bully_rate_per_1k,0
Wilson Middle,school,2025,staff_per_1k_students,6.240249609984399
Bath County High,school,2025,pct_disadv,38.46153846153847
Bath County High,school,2025,bully_rate_per_1k,0
Bath County High,school,2025,staff_per_1k_students,5.4945054945054945
Forest Middle,school,2025,pct_disadv,18.149882903981265
Forest Middle,school,2025,bully_rate_per_1k,0
Forest Middle,school,2025,staff_per_1k_students,3.51288056206089
Jefferson Forest High,school,2025,pct_disadv,19.65678627145086
Jefferson Forest High,school,2025,bully_rate_per_1k,0
Jefferson Forest High,school,2025,staff_per_1k_students,3.1201248049921997
Liberty High — Bedford County,school,2025,pct_disadv,41.94915254237288
Liberty High — Bedford County,school,2025,bully_rate_per_1k,0
Liberty High — Bedford County,school,2025,staff_per_1k_students,4.237288135593221
Liberty Middle — Bedford County,school,2025,pct_disadv,53.28185328185329
Liberty Middle — Bedford County,school,2025,bully_rate_per_1k,0
Liberty Middle — Bedford County,school,2025,staff_per_1k_students,3.8610038610038617
Staunton River High,school,2025,pct_disadv,39.48655256723717
Staunton River High,school,2025,bully_rate_per_1k,0
Staunton River High,school,2025,staff_per_1k_students,3.667481662591687
Staunton River Middle,school,2025,pct_disadv,45.26143790849673
Staunton River Middle,school,2025,bully_rate_per_1k,0
Staunton River Middle,school,2025,staff_per_1k_students,3.2679738562091503
Bland County High,school,2025,pct_disadv,51.25725338491296
Bland County High,school,2025,bully_rate_per_1k,0
Bland County High,school,2025,staff_per_1k_students,1.9342359767891684
Central Academy Middle,school,2025,pct_disadv,32.967032967032964
Central Academy Middle,school,2025,bully_rate_per_1k,0
Central Academy Middle,school,2025,staff_per_1k_students,5.4945054945054945
James River High — Botetourt County,school,2025,pct_disadv,35.12931034482759
James River High — Botetourt County,school,2025,bully_rate_per_1k,0
James River High — Botetourt County,school,2025,staff_per_1k_students,6.4655172413793105
Lord Botetourt High,school,2025,pct_disadv,27.206645898234683
Lord Botetourt High,school,2025,bully_rate_per_1k,0
Lord Botetourt High,school,2025,staff_per_1k_students,4.153686396677051
Read Mountain Middle,school,2025,pct_disadv,33.88059701492537
Read Mountain Middle,school,2025,bully_rate_per_1k,0
Read Mountain Middle,school,2025,staff_per_1k_students,2.985074626865672
Virginia High,school,2025,pct_disadv,64.89028213166145
Virginia High,school,2025,bully_rate_per_1k,0
Virginia High,school,2025,staff_per_1k_students,3.134796238244514
Virginia Middle,school,2025,pct_disadv,68.80530973451327
Virginia Middle,school,2025,bully_rate_per_1k,0
Virginia Middle,school,2025,staff_per_1k_students,2.2123893805309733
Brunswick High,school,2025,pct_disadv,66.58415841584159
Brunswick High,school,2025,bully_rate_per_1k,0
Brunswick High,school,2025,staff_per_1k_students,6.806930693069307
James S. Russell Middle,school,2025,pct_disadv,67.36111111111111
James S. Russell Middle,school,2025,bully_rate_per_1k,0
James S. Russell Middle,school,2025,staff_per_1k_students,3.472222222222222
Council High,school,2025,pct_disadv,66.95652173913044
Council High,school,2025,bully_rate_per_1k,0
Council High,school,2025,staff_per_1k_students,4.3478260869565215
Grundy High,school,2025,pct_disadv,55.39772727272727
Grundy High,school,2025,bully_rate_per_1k,0
Grundy High,school,2025,staff_per_1k_students,2.840909090909091
Hurley High,school,2025,pct_disadv,65.97938144329896
Hurley High,school,2025,bully_rate_per_1k,0
Hurley High,school,2025,staff_per_1k_students,5.154639175257732
Twin Valley High,school,2025,pct_disadv,56.98324022346368
Twin Valley High,school,2025,bully_rate_per_1k,0
Twin Valley High,school,2025,staff_per_1k_students,5.58659217877095
Buckingham County High,school,2025,pct_disadv,50
Buckingham County High,school,2025,bully_rate_per_1k,0
Buckingham County High,school,2025,staff_per_1k_students,4.643962848297213
Buckingham County Middle,school,2025,pct_disadv,53.8083538083538
Buckingham County Middle,school,2025,bully_rate_per_1k,0
Buckingham County Middle,school,2025,staff_per_1k_students,4.914004914004914
Parry McCluer High,school,2025,pct_disadv,45.714285714285715
Parry McCluer High,school,2025,bully_rate_per_1k,0
Parry McCluer High,school,2025,staff_per_1k_students,3.1746031746031744
Parry McCluer Middle,school,2025,pct_disadv,44.44444444444444
Parry McCluer Middle,school,2025,bully_rate_per_1k,0
Parry McCluer Middle,school,2025,staff_per_1k_students,15.873015873015872
Altavista High,school,2025,pct_disadv,50.99009900990099
Altavista High,school,2025,bully_rate_per_1k,0
Altavista High,school,2025,staff_per_1k_students,4.9504950495049505
Brookville High,school,2025,pct_disadv,34.21828908554572
Brookville High,school,2025,bully_rate_per_1k,0
Brookville High,school,2025,staff_per_1k_students,2.949852507374631
Brookville Middle,school,2025,pct_disadv,38.58024691358025
Brookville Middle,school,2025,bully_rate_per_1k,0
Brookville Middle,school,2025,staff_per_1k_students,4.62962962962963
Rustburg High,school,2025,pct_disadv,41.02870813397129
Rustburg High,school,2025,bully_rate_per_1k,0
Rustburg High,school,2025,staff_per_1k_students,3.5885167464114835
Rustburg Middle,school,2025,pct_disadv,46.48562300319489
Rustburg Middle,school,2025,bully_rate_per_1k,0
Rustburg Middle,school,2025,staff_per_1k_students,4.792332268370607
William Campbell High,school,2025,pct_disadv,54.166666666666664
William Campbell High,school,2025,bully_rate_per_1k,0
William Campbell High,school,2025,staff_per_1k_students,5.208333333333333
Caroline High,school,2025,pct_disadv,42.86803966437834
Caroline High,school,2025,bully_rate_per_1k,0
Caroline High,school,2025,staff_per_1k_students,5.339435545385203
Caroline Middle,school,2025,pct_disadv,42.769857433808554
Caroline Middle,school,2025,bully_rate_per_1k,0
Caroline Middle,school,2025,staff_per_1k_students,6.109979633401222
Carroll County High,school,2025,pct_disadv,55.60928433268859
Carroll County High,school,2025,bully_rate_per_1k,0
Carroll County High,school,2025,staff_per_1k_students,3.3849129593810448
Carroll County Middle,school,2025,pct_disadv,60.10709504685408
Carroll County Middle,school,2025,bully_rate_per_1k,0
Carroll County Middle,school,2025,staff_per_1k_students,3.3467202141900936
Charles City County High,school,2025,pct_disadv,63.348416289592755
Charles City County High,school,2025,bully_rate_per_1k,0
Charles City County High,school,2025,staff_per_1k_students,4.524886877828055
Central Middle,school,2025,pct_disadv,51.70603674540683
Central Middle,school,2025,bully_rate_per_1k,0
Central Middle,school,2025,staff_per_1k_students,2.6246719160104988
Randolph-Henry High,school,2025,pct_disadv,46.30434782608695
Randolph-Henry High,school,2025,bully_rate_per_1k,0
Randolph-Henry High,school,2025,staff_per_1k_students,6.521739130434782
Charlottesville Middle,school,2025,pct_disadv,56.560283687943254
Charlottesville Middle,school,2025,bully_rate_per_1k,0
Charlottesville Middle,school,2025,staff_per_1k_students,16.54255319148936
Charlottesville High,school,2025,pct_disadv,50.24288688410826
Charlottesville High,school,2025,bully_rate_per_1k,0
Charlottesville High,school,2025,staff_per_1k_students,9.715475364330326
Walker Upper Elementary,school,2025,pct_disadv,52.45614035087719
Walker Upper Elementary,school,2025,bully_rate_per_1k,0
Walker Upper Elementary,school,2025,staff_per_1k_students,11.403508771929824
Crestwood Middle,school,2025,pct_disadv,45.25939177101968
Crestwood Middle,school,2025,bully_rate_per_1k,0
Crestwood Middle,school,2025,staff_per_1k_students,5.366726296958855
Deep Creek High,school,2025,pct_disadv,37.8680800942285
Deep Creek High,school,2025,bully_rate_per_1k,0
Deep Creek High,school,2025,staff_per_1k_students,6.478209658421672
Deep Creek Middle,school,2025,pct_disadv,41.2303664921466
Deep Creek Middle,school,2025,bully_rate_per_1k,0
Deep Creek Middle,school,2025,staff_per_1k_students,6.544502617801047
Grassfield High,school,2025,pct_disadv,12.45748299319728
Grassfield High,school,2025,bully_rate_per_1k,0
Grassfield High,school,2025,staff_per_1k_students,5.1020408163265305
Great Bridge High,school,2025,pct_disadv,19.101876675603215
Great Bridge High,school,2025,bully_rate_per_1k,0
Great Bridge High,school,2025,staff_per_1k_students,6.702412868632708
Great Bridge Middle,school,2025,pct_disadv,13.64329268292683
Great Bridge Middle,school,2025,bully_rate_per_1k,0
Great Bridge Middle,school,2025,staff_per_1k_students,5.335365853658537
Greenbrier Middle,school,2025,pct_disadv,29.96207332490518
Greenbrier Middle,school,2025,bully_rate_per_1k,0
Greenbrier Middle,school,2025,staff_per_1k_students,7.585335018963337
Hickory High,school,2025,pct_disadv,10.674157303370784
Hickory High,school,2025,bully_rate_per_1k,0
Hickory High,school,2025,staff_per_1k_students,6.242197253433208
Hickory Middle,school,2025,pct_disadv,13.2295719844358
Hickory Middle,school,2025,bully_rate_per_1k,0
Hickory Middle,school,2025,staff_per_1k_students,5.447470817120622
Hugo A. Owens Middle,school,2025,pct_disadv,22.981366459627328
Hugo A. Owens Middle,school,2025,bully_rate_per_1k,0
Hugo A. Owens Middle,school,2025,staff_per_1k_students,5.434782608695652
Indian River High,school,2025,pct_disadv,43.39622641509434
Indian River High,school,2025,bully_rate_per_1k,0
Indian River High,school,2025,staff_per_1k_students,6.695069993913573
Indian River Middle,school,2025,pct_disadv,52.82258064516129
Indian River Middle,school,2025,bully_rate_per_1k,0
Indian River Middle,school,2025,staff_per_1k_students,5.376344086021506
Jolliff Middle,school,2025,pct_disadv,33.02387267904509
Jolliff Middle,school,2025,bully_rate_per_1k,0
Jolliff Middle,school,2025,staff_per_1k_students,6.631299734748011
Oscar F. Smith High,school,2025,pct_disadv,50.35273368606702
Oscar F. Smith High,school,2025,bully_rate_per_1k,0
Oscar F. Smith High,school,2025,staff_per_1k_students,5.731922398589065
Oscar Smith Middle,school,2025,pct_disadv,65.87872559095581
Oscar Smith Middle,school,2025,bully_rate_per_1k,0
Oscar Smith Middle,school,2025,staff_per_1k_students,7.194244604316547
Western Branch High,school,2025,pct_disadv,32.54079254079254
Western Branch High,school,2025,bully_rate_per_1k,0
Western Branch High,school,2025,staff_per_1k_students,5.128205128205129
Western Branch Middle,school,2025,pct_disadv,34.731934731934736
Western Branch Middle,school,2025,bully_rate_per_1k,0
Western Branch Middle,school,2025,staff_per_1k_students,6.993006993006993
Bailey Bridge Middle,school,2025,pct_disadv,37.04939919893191
Bailey Bridge Middle,school,2025,bully_rate_per_1k,0
Bailey Bridge Middle,school,2025,staff_per_1k_students,4.672897196261682
Carver College and Career Academy,school,2025,pct_disadv,69.59706959706959
Carver College and Career Academy,school,2025,bully_rate_per_1k,0
Carver College and Career Academy,school,2025,staff_per_1k_students,18.315018315018317
Carver Middle,school,2025,pct_disadv,58.39340885684861
Carver Middle,school,2025,bully_rate_per_1k,0
Carver Middle,school,2025,staff_per_1k_students,7.209062821833162
Clover Hill High,school,2025,pct_disadv,37.68613974799542
Clover Hill High,school,2025,bully_rate_per_1k,0
Clover Hill High,school,2025,staff_per_1k_students,4.581901489117985
Cosby High,school,2025,pct_disadv,18.839427662957075
Cosby High,school,2025,bully_rate_per_1k,0
Cosby High,school,2025,staff_per_1k_students,4.372019077901431
Elizabeth Davis Middle,school,2025,pct_disadv,44.47695683979517
Elizabeth Davis Middle,school,2025,bully_rate_per_1k,0
Elizabeth Davis Middle,school,2025,staff_per_1k_students,5.120702267739576
Falling Creek Middle,school,2025,pct_disadv,63.96396396396396
Falling Creek Middle,school,2025,bully_rate_per_1k,0
Falling Creek Middle,school,2025,staff_per_1k_students,4.851004851004851
James River High — Chesterfield County,school,2025,pct_disadv,36.89636462289745
James River High — Chesterfield County,school,2025,bully_rate_per_1k,0
James River High — Chesterfield County,school,2025,staff_per_1k_students,4.3407487791644055
Lloyd C. Bird High,school,2025,pct_disadv,54.02999062792877
Lloyd C. Bird High,school,2025,bully_rate_per_1k,0
Lloyd C. Bird High,school,2025,staff_per_1k_students,5.154639175257732
Manchester High,school,2025,pct_disadv,39.90191707534552
Manchester High,school,2025,bully_rate_per_1k,0
Manchester High,school,2025,staff_per_1k_students,4.012483281319661
Manchester Middle,school,2025,pct_disadv,52.66005410279531
Manchester Middle,school,2025,bully_rate_per_1k,0
Manchester Middle,school,2025,staff_per_1k_students,6.311992786293959
Matoaca High,school,2025,pct_disadv,43.611793611793615
Matoaca High,school,2025,bully_rate_per_1k,0
Matoaca High,school,2025,staff_per_1k_students,4.914004914004914
Matoaca Middle,school,2025,pct_disadv,44.97422680412371
Matoaca Middle,school,2025,bully_rate_per_1k,0
Matoaca Middle,school,2025,staff_per_1k_students,6.443298969072164
Meadowbrook High,school,2025,pct_disadv,58.772378516624045
Meadowbrook High,school,2025,bully_rate_per_1k,0
Meadowbrook High,school,2025,staff_per_1k_students,6.138107416879795
Midlothian High,school,2025,pct_disadv,16.61793372319688
Midlothian High,school,2025,bully_rate_per_1k,0
Midlothian High,school,2025,staff_per_1k_students,4.385964912280701
Midlothian Middle,school,2025,pct_disadv,16.003005259203608
Midlothian Middle,school,2025,bully_rate_per_1k,0
Midlothian Middle,school,2025,staff_per_1k_students,5.259203606311044
Monacan High,school,2025,pct_disadv,38.62530413625304
Monacan High,school,2025,bully_rate_per_1k,0
Monacan High,school,2025,staff_per_1k_students,4.866180048661801
Providence Middle,school,2025,pct_disadv,62.66924564796905
Providence Middle,school,2025,bully_rate_per_1k,0
Providence Middle,school,2025,staff_per_1k_students,5.802707930367505
Robious Middle,school,2025,pct_disadv,29.972247918593897
Robious Middle,school,2025,bully_rate_per_1k,0
Robious Middle,school,2025,staff_per_1k_students,5.550416281221091
Salem Church Middle,school,2025,pct_disadv,62.02964652223489
Salem Church Middle,school,2025,bully_rate_per_1k,0
Salem Church Middle,school,2025,staff_per_1k_students,6.841505131128849
Swift Creek Middle,school,2025,pct_disadv,31.53000845308538
Swift Creek Middle,school,2025,bully_rate_per_1k,0
Swift Creek Middle,school,2025,staff_per_1k_students,5.07185122569738
Thomas Dale High,school,2025,pct_disadv,43.07751639028153
Thomas Dale High,school,2025,bully_rate_per_1k,0
Thomas Dale High,school,2025,staff_per_1k_students,4.242190512919398
Tomahawk Creek Middle,school,2025,pct_disadv,16.12121212121212
Tomahawk Creek Middle,school,2025,bully_rate_per_1k,0
Tomahawk Creek Middle,school,2025,staff_per_1k_students,4.242424242424243
Clarke County High,school,2025,pct_disadv,29.721815519765737
Clarke County High,school,2025,bully_rate_per_1k,0
Clarke County High,school,2025,staff_per_1k_students,4.685212298682284
Johnson-Williams Middle,school,2025,pct_disadv,35.903614457831324
Johnson-Williams Middle,school,2025,bully_rate_per_1k,0
Johnson-Williams Middle,school,2025,staff_per_1k_students,7.228915662650603
Colonial Beach High,school,2025,pct_disadv,61.06194690265486
Colonial Beach High,school,2025,bully_rate_per_1k,0
Colonial Beach High,school,2025,staff_per_1k_students,4.424778761061947
Colonial Heights High,school,2025,pct_disadv,56.43340857787811
Colonial Heights High,school,2025,bully_rate_per_1k,0
Colonial Heights High,school,2025,staff_per_1k_students,NA
Colonial Heights Middle,school,2025,pct_disadv,64
Colonial Heights Middle,school,2025,bully_rate_per_1k,0
Colonial Heights Middle,school,2025,staff_per_1k_students,4.285714285714286
Craig County High,school,2025,pct_disadv,44.24460431654676
Craig County High,school,2025,bully_rate_per_1k,0
Craig County High,school,2025,staff_per_1k_students,3.5971223021582737
Culpeper County High,school,2025,pct_disadv,37.04318936877076
Culpeper County High,school,2025,bully_rate_per_1k,0
Culpeper County High,school,2025,staff_per_1k_students,4.152823920265781
Culpeper Middle,school,2025,pct_disadv,40.48076923076923
Culpeper Middle,school,2025,bully_rate_per_1k,0
Culpeper Middle,school,2025,staff_per_1k_students,3.8461538461538463
Eastern View High,school,2025,pct_disadv,39.04512753433617
Eastern View High,school,2025,bully_rate_per_1k,0
Eastern View High,school,2025,staff_per_1k_students,3.924133420536298
Floyd T. Binns Middle,school,2025,pct_disadv,40.96969696969697
Floyd T. Binns Middle,school,2025,bully_rate_per_1k,0
Floyd T. Binns Middle,school,2025,staff_per_1k_students,4.848484848484849
Cumberland High,school,2025,pct_disadv,53.475935828877006
Cumberland High,school,2025,bully_rate_per_1k,0
Cumberland High,school,2025,staff_per_1k_students,0
Cumberland Middle,school,2025,pct_disadv,63.63636363636363
Cumberland Middle,school,2025,bully_rate_per_1k,0
Cumberland Middle,school,2025,staff_per_1k_students,2.6737967914438503
Galileo Magnet High,school,2025,pct_disadv,60
Galileo Magnet High,school,2025,bully_rate_per_1k,0
Galileo Magnet High,school,2025,staff_per_1k_students,3.8461538461538463
George Washington High,school,2025,pct_disadv,79.32692307692307
George Washington High,school,2025,bully_rate_per_1k,0
George Washington High,school,2025,staff_per_1k_students,4.807692307692308
O. Trent Bonner Middle,school,2025,pct_disadv,74.8502994011976
O. Trent Bonner Middle,school,2025,bully_rate_per_1k,0
O. Trent Bonner Middle,school,2025,staff_per_1k_students,3.992015968063872
R.I.S.E Academy at the John M. Langston Campus,school,2025,pct_disadv,94.47852760736195
R.I.S.E Academy at the John M. Langston Campus,school,2025,bully_rate_per_1k,0
R.I.S.E Academy at the John M. Langston Campus,school,2025,staff_per_1k_students,12.269938650306749
Westwood Middle,school,2025,pct_disadv,85.82554517133957
Westwood Middle,school,2025,bully_rate_per_1k,0
Westwood Middle,school,2025,staff_per_1k_students,3.115264797507788
Ridgeview High,school,2025,pct_disadv,45.8029197080292
Ridgeview High,school,2025,bully_rate_per_1k,0
Ridgeview High,school,2025,staff_per_1k_students,5.109489051094891
Ridgeview Middle,school,2025,pct_disadv,50.51194539249146
Ridgeview Middle,school,2025,bully_rate_per_1k,0
Ridgeview Middle,school,2025,staff_per_1k_students,4.778156996587031
Dinwiddie County High,school,2025,pct_disadv,42.18873909595559
Dinwiddie County High,school,2025,bully_rate_per_1k,0
Dinwiddie County High,school,2025,staff_per_1k_students,3.1720856463124503
Dinwiddie County Middle,school,2025,pct_disadv,50.21739130434783
Dinwiddie County Middle,school,2025,bully_rate_per_1k,0
Dinwiddie County Middle,school,2025,staff_per_1k_students,5.434782608695652
Essex High,school,2025,pct_disadv,53.68956743002544
Essex High,school,2025,bully_rate_per_1k,0
Essex High,school,2025,staff_per_1k_students,2.544529262086514
James H. Cary Intermediate,school,2025,pct_disadv,57.859531772575245
James H. Cary Intermediate,school,2025,bully_rate_per_1k,0
James H. Cary Intermediate,school,2025,staff_per_1k_students,0
Annandale High,school,2025,pct_disadv,95.83911234396672
Annandale High,school,2025,bully_rate_per_1k,0
Annandale High,school,2025,staff_per_1k_students,6.472491909385114
Bryant High,school,2025,pct_disadv,87.01298701298701
Bryant High,school,2025,bully_rate_per_1k,0
Bryant High,school,2025,staff_per_1k_students,32.467532467532465
Carson Middle,school,2025,pct_disadv,22.426470588235293
Carson Middle,school,2025,bully_rate_per_1k,0
Carson Middle,school,2025,staff_per_1k_students,5.147058823529412
Centreville High,school,2025,pct_disadv,35.87234042553191
Centreville High,school,2025,bully_rate_per_1k,0
Centreville High,school,2025,staff_per_1k_students,6.808510638297872
Chantilly High,school,2025,pct_disadv,23.463497453310698
Chantilly High,school,2025,bully_rate_per_1k,0
Chantilly High,school,2025,staff_per_1k_students,6.791171477079796
Cooper Middle,school,2025,pct_disadv,3.9
Cooper Middle,school,2025,bully_rate_per_1k,0
Cooper Middle,school,2025,staff_per_1k_students,6
Edison High,school,2025,pct_disadv,44.19817470664928
Edison High,school,2025,bully_rate_per_1k,0
Edison High,school,2025,staff_per_1k_students,7.6053889613211645
Fairfax County Adult High,school,2025,pct_disadv,57.9646017699115
Fairfax County Adult High,school,2025,bully_rate_per_1k,0
Fairfax County Adult High,school,2025,staff_per_1k_students,NA
Fairfax High,school,2025,pct_disadv,40.323920265780735
Fairfax High,school,2025,bully_rate_per_1k,0
Fairfax High,school,2025,staff_per_1k_students,6.852159468438538
Falls Church High,school,2025,pct_disadv,67.72413793103448
Falls Church High,school,2025,bully_rate_per_1k,0
Falls Church High,school,2025,staff_per_1k_students,7.816091954022988
Franklin Middle,school,2025,pct_disadv,22.846441947565545
Franklin Middle,school,2025,bully_rate_per_1k,0
Franklin Middle,school,2025,staff_per_1k_students,6.242197253433208
Frost Middle,school,2025,pct_disadv,17.982799061767004
Frost Middle,school,2025,bully_rate_per_1k,0
Frost Middle,school,2025,staff_per_1k_students,5.473025801407349
Glasgow Middle,school,2025,pct_disadv,93.95894428152492
Glasgow Middle,school,2025,bully_rate_per_1k,0
Glasgow Middle,school,2025,staff_per_1k_students,6.744868035190616
Hayfield Secondary,school,2025,pct_disadv,36.88399142944597
Hayfield Secondary,school,2025,bully_rate_per_1k,0
Hayfield Secondary,school,2025,staff_per_1k_students,5.5096418732782375
Herndon High,school,2025,pct_disadv,63.1671812968681
Herndon High,school,2025,bully_rate_per_1k,0
Herndon High,school,2025,staff_per_1k_students,6.6166740185266875
Herndon Middle,school,2025,pct_disadv,85.77728776185226
Herndon Middle,school,2025,bully_rate_per_1k,0
Herndon Middle,school,2025,staff_per_1k_students,5.512679162072767
Holmes Middle,school,2025,pct_disadv,91.05322763306908
Holmes Middle,school,2025,bully_rate_per_1k,0
Holmes Middle,school,2025,staff_per_1k_students,5.662514156285391
Hughes Middle,school,2025,pct_disadv,48.326771653543304
Hughes Middle,school,2025,bully_rate_per_1k,0
Hughes Middle,school,2025,staff_per_1k_students,5.413385826771654
Irving Middle,school,2025,pct_disadv,17.462932454695224
Irving Middle,school,2025,bully_rate_per_1k,0
Irving Middle,school,2025,staff_per_1k_students,4.942339373970346
Jackson Middle,school,2025,pct_disadv,60.06036217303823
Jackson Middle,school,2025,bully_rate_per_1k,0
Jackson Middle,school,2025,staff_per_1k_students,6.036217303822937
Johnson Middle,school,2025,pct_disadv,38.87468030690537
Johnson Middle,school,2025,bully_rate_per_1k,0
Johnson Middle,school,2025,staff_per_1k_students,5.967604433077579
Justice High,school,2025,pct_disadv,97.2869860110216
Justice High,school,2025,bully_rate_per_1k,0
Justice High,school,2025,staff_per_1k_students,6.994489190334888
Key Middle,school,2025,pct_disadv,89.61593172119487
Key Middle,school,2025,bully_rate_per_1k,0
Key Middle,school,2025,staff_per_1k_students,7.823613086770981
Kilmer Middle,school,2025,pct_disadv,23.36911643270025
Kilmer Middle,school,2025,bully_rate_per_1k,0
Kilmer Middle,school,2025,staff_per_1k_students,5.780346820809248
Kings Glen Elementary,school,2025,pct_disadv,28.721174004192875
Kings Glen Elementary,school,2025,bully_rate_per_1k,0
Kings Glen Elementary,school,2025,staff_per_1k_students,2.0964360587002098
Lake Braddock Secondary,school,2025,pct_disadv,24.02348159855498
Lake Braddock Secondary,school,2025,bully_rate_per_1k,0
Lake Braddock Secondary,school,2025,staff_per_1k_students,5.193045834274102
Langley High,school,2025,pct_disadv,5.4945054945054945
Langley High,school,2025,bully_rate_per_1k,0
Langley High,school,2025,staff_per_1k_students,5.952380952380952
Lewis High,school,2025,pct_disadv,95.0572634116938
Lewis High,school,2025,bully_rate_per_1k,0
Lewis High,school,2025,staff_per_1k_students,8.1374321880651
Liberty Middle — Fairfax County,school,2025,pct_disadv,44.32314410480349
Liberty Middle — Fairfax County,school,2025,bully_rate_per_1k,0
Liberty Middle — Fairfax County,school,2025,staff_per_1k_students,6.004366812227074
Longfellow Middle,school,2025,pct_disadv,11.328443357783213
Longfellow Middle,school,2025,bully_rate_per_1k,0
Longfellow Middle,school,2025,staff_per_1k_students,4.88997555012225
Madison High,school,2025,pct_disadv,13.371537726838586
Madison High,school,2025,bully_rate_per_1k,0
Madison High,school,2025,staff_per_1k_students,6.20821394460363
Marshall High,school,2025,pct_disadv,28.268710550045085
Marshall High,school,2025,bully_rate_per_1k,0
Marshall High,school,2025,staff_per_1k_students,7.664562669071236
McLean High,school,2025,pct_disadv,14.848236259228877
McLean High,school,2025,bully_rate_per_1k,0
McLean High,school,2025,staff_per_1k_students,6.152584085315833
Mount Vernon High,school,2025,pct_disadv,64.53862660944206
Mount Vernon High,school,2025,bully_rate_per_1k,0
Mount Vernon High,school,2025,staff_per_1k_students,8.047210300429184
Mountain View High — Fairfax County,school,2025,pct_disadv,71.03448275862068
Mountain View High — Fairfax County,school,2025,bully_rate_per_1k,0
Mountain View High — Fairfax County,school,2025,staff_per_1k_students,41.37931034482759
Oakton High,school,2025,pct_disadv,17.8734756097561
Oakton High,school,2025,bully_rate_per_1k,0
Oakton High,school,2025,staff_per_1k_students,6.097560975609756
Poe Middle,school,2025,pct_disadv,94.6590909090909
Poe Middle,school,2025,bully_rate_per_1k,0
Poe Middle,school,2025,staff_per_1k_students,7.386363636363636
Robinson Secondary,school,2025,pct_disadv,15.529285330467491
Robinson Secondary,school,2025,bully_rate_per_1k,0
Robinson Secondary,school,2025,staff_per_1k_students,5.910800644814616
Rocky Run Middle,school,2025,pct_disadv,24.441964285714285
Rocky Run Middle,school,2025,bully_rate_per_1k,0
Rocky Run Middle,school,2025,staff_per_1k_students,5.580357142857143
Sandburg Middle,school,2025,pct_disadv,58.60597439544808
Sandburg Middle,school,2025,bully_rate_per_1k,0
Sandburg Middle,school,2025,staff_per_1k_students,5.689900426742533
South County High,school,2025,pct_disadv,26.293308020882773
South County High,school,2025,bully_rate_per_1k,0
South County High,school,2025,staff_per_1k_students,6.644518272425249
South County Middle,school,2025,pct_disadv,26.48305084745763
South County Middle,school,2025,bully_rate_per_1k,0
South County Middle,school,2025,staff_per_1k_students,6.355932203389831
South Lakes High,school,2025,pct_disadv,38
South Lakes High,school,2025,bully_rate_per_1k,0
South Lakes High,school,2025,staff_per_1k_students,6.938775510204081
Stone Middle,school,2025,pct_disadv,45.29085872576177
Stone Middle,school,2025,bully_rate_per_1k,0
Stone Middle,school,2025,staff_per_1k_students,6.925207756232687
Thomas Jefferson High for Science and Technology,school,2025,pct_disadv,16.816674561819042
Thomas Jefferson High for Science and Technology,school,2025,bully_rate_per_1k,0
Thomas Jefferson High for Science and Technology,school,2025,staff_per_1k_students,6.1582188536238744
Thoreau Middle,school,2025,pct_disadv,20.4
Thoreau Middle,school,2025,bully_rate_per_1k,0
Thoreau Middle,school,2025,staff_per_1k_students,4.8
Twain Middle,school,2025,pct_disadv,40
Twain Middle,school,2025,bully_rate_per_1k,0
Twain Middle,school,2025,staff_per_1k_students,6.310679611650485
West Potomac High,school,2025,pct_disadv,54.20353982300885
West Potomac High,school,2025,bully_rate_per_1k,0
West Potomac High,school,2025,staff_per_1k_students,6.6371681415929205
West Springfield High,school,2025,pct_disadv,18.83232467070132
West Springfield High,school,2025,bully_rate_per_1k,0
West Springfield High,school,2025,staff_per_1k_students,5.33997864008544
Westfield High,school,2025,pct_disadv,39.74545454545454
Westfield High,school,2025,bully_rate_per_1k,0
Westfield High,school,2025,staff_per_1k_students,5.454545454545455
Whitman Middle,school,2025,pct_disadv,74.9699157641396
Whitman Middle,school,2025,bully_rate_per_1k,0
Whitman Middle,school,2025,staff_per_1k_students,6.618531889290012
Woodson High,school,2025,pct_disadv,16.8369431957499
Woodson High,school,2025,bully_rate_per_1k,0
Woodson High,school,2025,staff_per_1k_students,5.925623212096444
Mary Ellen Henderson Middle School,school,2025,pct_disadv,9.936908517350158
Mary Ellen Henderson Middle School,school,2025,bully_rate_per_1k,0
Mary Ellen Henderson Middle School,school,2025,staff_per_1k_students,6.309148264984227
Meridian High School,school,2025,pct_disadv,12.597547380156076
Meridian High School,school,2025,bully_rate_per_1k,0
Meridian High School,school,2025,staff_per_1k_students,7.803790412486065
Auburn Middle — Fauquier County,school,2025,pct_disadv,12.280701754385964
Auburn Middle — Fauquier County,school,2025,bully_rate_per_1k,0
Auburn Middle — Fauquier County,school,2025,staff_per_1k_students,3.5087719298245617
Cedar Lee Middle,school,2025,pct_disadv,34.030197444831586
Cedar Lee Middle,school,2025,bully_rate_per_1k,0
Cedar Lee Middle,school,2025,staff_per_1k_students,2.3228803716608595
Fauquier High,school,2025,pct_disadv,23.09688581314879
Fauquier High,school,2025,bully_rate_per_1k,0
Fauquier High,school,2025,staff_per_1k_students,6.920415224913495
Kettle Run High,school,2025,pct_disadv,10.893617021276595
Kettle Run High,school,2025,bully_rate_per_1k,0
Kettle Run High,school,2025,staff_per_1k_students,5.957446808510639
Liberty High — Fauquier County,school,2025,pct_disadv,31.683168316831683
Liberty High — Fauquier County,school,2025,bully_rate_per_1k,0
Liberty High — Fauquier County,school,2025,staff_per_1k_students,6.092916984006093
Marshall Middle,school,2025,pct_disadv,26.056338028169012
Marshall Middle,school,2025,bully_rate_per_1k,0
Marshall Middle,school,2025,staff_per_1k_students,4.694835680751174
W.C. Taylor Middle,school,2025,pct_disadv,19.743178170144464
W.C. Taylor Middle,school,2025,bully_rate_per_1k,0
W.C. Taylor Middle,school,2025,staff_per_1k_students,2.407704654895666
Floyd County High,school,2025,pct_disadv,37.87425149700599
Floyd County High,school,2025,bully_rate_per_1k,0
Floyd County High,school,2025,staff_per_1k_students,4.491017964071856
Fluvanna County High,school,2025,pct_disadv,32.45227606461087
Fluvanna County High,school,2025,bully_rate_per_1k,0
Fluvanna County High,school,2025,staff_per_1k_students,5.139500734214391
Fluvanna Middle,school,2025,pct_disadv,31.860776439089697
Fluvanna Middle,school,2025,bully_rate_per_1k,0
Fluvanna Middle,school,2025,staff_per_1k_students,5.35475234270415
Franklin High,school,2025,pct_disadv,66.86507936507937
Franklin High,school,2025,bully_rate_per_1k,0
Franklin High,school,2025,staff_per_1k_students,13.888888888888888
Benjamin Franklin Middle,school,2025,pct_disadv,49.34876989869754
Benjamin Franklin Middle,school,2025,bully_rate_per_1k,0
Benjamin Franklin Middle,school,2025,staff_per_1k_students,10.130246020260492
Franklin County High,school,2025,pct_disadv,46.64893617021277
Franklin County High,school,2025,bully_rate_per_1k,0
Franklin County High,school,2025,staff_per_1k_students,5.319148936170213
Admiral Richard E. Byrd Middle,school,2025,pct_disadv,40.211019929660026
Admiral Richard E. Byrd Middle,school,2025,bully_rate_per_1k,0
Admiral Richard E. Byrd Middle,school,2025,staff_per_1k_students,2.3446658851113713
Frederick County Middle,school,2025,pct_disadv,41.66666666666667
Frederick County Middle,school,2025,bully_rate_per_1k,0
Frederick County Middle,school,2025,staff_per_1k_students,5.560109289617487
James Wood High,school,2025,pct_disadv,36.47540983606557
James Wood High,school,2025,bully_rate_per_1k,0
James Wood High,school,2025,staff_per_1k_students,4.0983606557377055
James Wood Middle,school,2025,pct_disadv,49.36998854524628
James Wood Middle,school,2025,bully_rate_per_1k,0
James Wood Middle,school,2025,staff_per_1k_students,4.581901489117985
Millbrook High,school,2025,pct_disadv,53.09677419354839
Millbrook High,school,2025,bully_rate_per_1k,0
Millbrook High,school,2025,staff_per_1k_students,5.806451612903226
Robert E. Aylor Middle,school,2025,pct_disadv,43.43786295005807
Robert E. Aylor Middle,school,2025,bully_rate_per_1k,0
Robert E. Aylor Middle,school,2025,staff_per_1k_students,4.645760743321719
Sherando High,school,2025,pct_disadv,41.201716738197426
Sherando High,school,2025,bully_rate_per_1k,0
Sherando High,school,2025,staff_per_1k_students,3.678724708767627
James Monroe High,school,2025,pct_disadv,49.40828402366864
James Monroe High,school,2025,bully_rate_per_1k,0
James Monroe High,school,2025,staff_per_1k_students,5.9171597633136095
Walker-Grant Middle,school,2025,pct_disadv,62.78195488721805
Walker-Grant Middle,school,2025,bully_rate_per_1k,0
Walker-Grant Middle,school,2025,staff_per_1k_students,5.012531328320802
Galax High,school,2025,pct_disadv,55.55555555555556
Galax High,school,2025,bully_rate_per_1k,0
Galax High,school,2025,staff_per_1k_students,10.648148148148149
Galax Middle,school,2025,pct_disadv,58.2089552238806
Galax Middle,school,2025,bully_rate_per_1k,0
Galax Middle,school,2025,staff_per_1k_students,2.985074626865672
Giles High,school,2025,pct_disadv,34.33962264150943
Giles High,school,2025,bully_rate_per_1k,0
Giles High,school,2025,staff_per_1k_students,3.7735849056603774
Narrows High,school,2025,pct_disadv,39
Narrows High,school,2025,bully_rate_per_1k,0
Narrows High,school,2025,staff_per_1k_students,3.3333333333333335
Gloucester High,school,2025,pct_disadv,42.571059431524546
Gloucester High,school,2025,bully_rate_per_1k,0
Gloucester High,school,2025,staff_per_1k_students,3.875968992248062
Page Middle,school,2025,pct_disadv,50.08726003490401
Page Middle,school,2025,bully_rate_per_1k,0
Page Middle,school,2025,staff_per_1k_students,1.7452006980802792
Peasley Middle,school,2025,pct_disadv,45.48672566371682
Peasley Middle,school,2025,bully_rate_per_1k,0
Peasley Middle,school,2025,staff_per_1k_students,3.5398230088495577
Goochland High,school,2025,pct_disadv,27.41176470588235
Goochland High,school,2025,bully_rate_per_1k,0
Goochland High,school,2025,staff_per_1k_students,4.705882352941176
Goochland Middle,school,2025,pct_disadv,30.519480519480517
Goochland Middle,school,2025,bully_rate_per_1k,0
Goochland Middle,school,2025,staff_per_1k_students,3.246753246753247
Grayson County High,school,2025,pct_disadv,55.09761388286334
Grayson County High,school,2025,bully_rate_per_1k,0
Grayson County High,school,2025,staff_per_1k_students,4.3383947939262475
Independence Middle — Grayson County,school,2025,pct_disadv,61.07142857142858
Independence Middle — Grayson County,school,2025,bully_rate_per_1k,0
Independence Middle — Grayson County,school,2025,staff_per_1k_students,3.571428571428571
William Monroe High,school,2025,pct_disadv,43.86149003147954
William Monroe High,school,2025,bully_rate_per_1k,0
William Monroe High,school,2025,staff_per_1k_students,6.9254984260230845
William Monroe Middle,school,2025,pct_disadv,50
William Monroe Middle,school,2025,bully_rate_per_1k,0
William Monroe Middle,school,2025,staff_per_1k_students,5.536912751677852
Edward W. Wyatt Middle,school,2025,pct_disadv,76.33928571428571
Edward W. Wyatt Middle,school,2025,bully_rate_per_1k,0
Edward W. Wyatt Middle,school,2025,staff_per_1k_students,4.464285714285714
Greensville County High,school,2025,pct_disadv,76.1986301369863
Greensville County High,school,2025,bully_rate_per_1k,0
Greensville County High,school,2025,staff_per_1k_students,3.4246575342465753
Halifax County High,school,2025,pct_disadv,51.4018691588785
Halifax County High,school,2025,bully_rate_per_1k,0
Halifax County High,school,2025,staff_per_1k_students,2.336448598130841
Halifax County Middle,school,2025,pct_disadv,55.96221959858324
Halifax County Middle,school,2025,bully_rate_per_1k,0
Halifax County Middle,school,2025,staff_per_1k_students,2.361275088547816
Benjamin Syms Middle,school,2025,pct_disadv,59.57696827262045
Benjamin Syms Middle,school,2025,bully_rate_per_1k,0
Benjamin Syms Middle,school,2025,staff_per_1k_students,4.700352526439483
Bethel High,school,2025,pct_disadv,55.172413793103445
Bethel High,school,2025,bully_rate_per_1k,0
Bethel High,school,2025,staff_per_1k_students,5.652911249293386
C. Alton Lindsay Middle,school,2025,pct_disadv,65.84967320261438
C. Alton Lindsay Middle,school,2025,bully_rate_per_1k,0
C. Alton Lindsay Middle,school,2025,staff_per_1k_students,4.901960784313726
Cesar Tarrant Middle,school,2025,pct_disadv,63.22930800542741
Cesar Tarrant Middle,school,2025,bully_rate_per_1k,0
Cesar Tarrant Middle,school,2025,staff_per_1k_students,2.7137042062415193
Francis W. Jones Magnet Middle,school,2025,pct_disadv,43.3931484502447
Francis W. Jones Magnet Middle,school,2025,bully_rate_per_1k,0
Francis W. Jones Magnet Middle,school,2025,staff_per_1k_students,3.2626427406199023
Hampton High,school,2025,pct_disadv,62.903225806451616
Hampton High,school,2025,bully_rate_per_1k,0
Hampton High,school,2025,staff_per_1k_students,6.1443932411674345
Kecoughtan High,school,2025,pct_disadv,46.58944658944659
Kecoughtan High,school,2025,bully_rate_per_1k,0
Kecoughtan High,school,2025,staff_per_1k_students,5.7915057915057915
Phoebus High,school,2025,pct_disadv,58.01581595974119
Phoebus High,school,2025,bully_rate_per_1k,0
Phoebus High,school,2025,staff_per_1k_students,6.4701653486700215
Thomas Eaton Middle,school,2025,pct_disadv,56.970740103270224
Thomas Eaton Middle,school,2025,bully_rate_per_1k,0
Thomas Eaton Middle,school,2025,staff_per_1k_students,5.163511187607574
Atlee High,school,2025,pct_disadv,17.210884353741495
Atlee High,school,2025,bully_rate_per_1k,0
Atlee High,school,2025,staff_per_1k_students,6.122448979591836
Bell Creek Middle,school,2025,pct_disadv,35.65891472868217
Bell Creek Middle,school,2025,bully_rate_per_1k,0
Bell Creek Middle,school,2025,staff_per_1k_students,4.4296788482834994
Chickahominy Middle,school,2025,pct_disadv,17.514595496246873
Chickahominy Middle,school,2025,bully_rate_per_1k,0
Chickahominy Middle,school,2025,staff_per_1k_students,4.170141784820684
Hanover High,school,2025,pct_disadv,14.158636026686434
Hanover High,school,2025,bully_rate_per_1k,0
Hanover High,school,2025,staff_per_1k_students,7.4128984432913265
Liberty Middle — Hanover County,school,2025,pct_disadv,40.10989010989011
Liberty Middle — Hanover County,school,2025,bully_rate_per_1k,0
Liberty Middle — Hanover County,school,2025,staff_per_1k_students,9.89010989010989
Mechanicsville High,school,2025,pct_disadv,30.522088353413658
Mechanicsville High,school,2025,bully_rate_per_1k,0
Mechanicsville High,school,2025,staff_per_1k_students,8.032128514056224
Oak Knoll Middle,school,2025,pct_disadv,14.733178654292342
Oak Knoll Middle,school,2025,bully_rate_per_1k,0
Oak Knoll Middle,school,2025,staff_per_1k_students,6.960556844547564
Patrick Henry High — Hanover County,school,2025,pct_disadv,34.38948995363214
Patrick Henry High — Hanover County,school,2025,bully_rate_per_1k,0
Patrick Henry High — Hanover County,school,2025,staff_per_1k_students,8.500772797527048
Harrisonburg High,school,2025,pct_disadv,47.79559118236472
Harrisonburg High,school,2025,bully_rate_per_1k,0
Harrisonburg High,school,2025,staff_per_1k_students,9.01803607214429
Rocktown High,school,2025,pct_disadv,49.11067193675889
Rocktown High,school,2025,bully_rate_per_1k,0
Rocktown High,school,2025,staff_per_1k_students,7.905138339920948
Skyline Middle — Harrisonburg City,school,2025,pct_disadv,54.20054200542005
Skyline Middle — Harrisonburg City,school,2025,bully_rate_per_1k,0
Skyline Middle — Harrisonburg City,school,2025,staff_per_1k_students,5.420054200542006
Thomas Harrison Middle,school,2025,pct_disadv,43.7094682230869
Thomas Harrison Middle,school,2025,bully_rate_per_1k,0
Thomas Harrison Middle,school,2025,staff_per_1k_students,5.188067444876784
Brookland Middle,school,2025,pct_disadv,56.963249516441
Brookland Middle,school,2025,bully_rate_per_1k,0
Brookland Middle,school,2025,staff_per_1k_students,3.8684719535783367
Deep Run High,school,2025,pct_disadv,11.847389558232932
Deep Run High,school,2025,bully_rate_per_1k,0
Deep Run High,school,2025,staff_per_1k_students,3.0120481927710845
Douglas S. Freeman High,school,2025,pct_disadv,36.20414673046252
Douglas S. Freeman High,school,2025,bully_rate_per_1k,0
Douglas S. Freeman High,school,2025,staff_per_1k_students,3.189792663476874
Elko Middle,school,2025,pct_disadv,58.70503597122302
Elko Middle,school,2025,bully_rate_per_1k,0
Elko Middle,school,2025,staff_per_1k_students,7.194244604316547
Fairfield Middle,school,2025,pct_disadv,61.21794871794872
Fairfield Middle,school,2025,bully_rate_per_1k,0
Fairfield Middle,school,2025,staff_per_1k_students,5.3418803418803416
George H. Moody Middle,school,2025,pct_disadv,30.11049723756906
George H. Moody Middle,school,2025,bully_rate_per_1k,0
George H. Moody Middle,school,2025,staff_per_1k_students,3.6832412523020257
Glen Allen High,school,2025,pct_disadv,26.405363589479116
Glen Allen High,school,2025,bully_rate_per_1k,0
Glen Allen High,school,2025,staff_per_1k_students,3.094378545642084
Henrico High,school,2025,pct_disadv,54.84615384615385
Henrico High,school,2025,bully_rate_per_1k,0
Henrico High,school,2025,staff_per_1k_students,4.615384615384616
Hermitage High,school,2025,pct_disadv,51.30890052356021
Hermitage High,school,2025,bully_rate_per_1k,0
Hermitage High,school,2025,staff_per_1k_students,4.072134962187318
Highland Springs High,school,2025,pct_disadv,53.42323651452282
Highland Springs High,school,2025,bully_rate_per_1k,0
Highland Springs High,school,2025,staff_per_1k_students,4.668049792531121
Holman Middle,school,2025,pct_disadv,33.29466357308585
Holman Middle,school,2025,bully_rate_per_1k,0
Holman Middle,school,2025,staff_per_1k_students,3.480278422273782
Hungary Creek Middle,school,2025,pct_disadv,29.73621103117506
Hungary Creek Middle,school,2025,bully_rate_per_1k,0
Hungary Creek Middle,school,2025,staff_per_1k_students,3.5971223021582737
John Randolph Tucker High,school,2025,pct_disadv,39.72795497185741
John Randolph Tucker High,school,2025,bully_rate_per_1k,0
John Randolph Tucker High,school,2025,staff_per_1k_students,2.8142589118198873
John Rolfe Middle,school,2025,pct_disadv,61.556064073226544
John Rolfe Middle,school,2025,bully_rate_per_1k,0
John Rolfe Middle,school,2025,staff_per_1k_students,6.864988558352402
L. Douglas Wilder Middle,school,2025,pct_disadv,52.90237467018469
L. Douglas Wilder Middle,school,2025,bully_rate_per_1k,0
L. Douglas Wilder Middle,school,2025,staff_per_1k_students,5.277044854881266
Mills E. Godwin High,school,2025,pct_disadv,22.38542890716804
Mills E. Godwin High,school,2025,bully_rate_per_1k,0
Mills E. Godwin High,school,2025,staff_per_1k_students,3.5252643948296125
Pocahontas Middle,school,2025,pct_disadv,24.945295404814004
Pocahontas Middle,school,2025,bully_rate_per_1k,0
Pocahontas Middle,school,2025,staff_per_1k_students,3.282275711159737
Quioccasin Middle,school,2025,pct_disadv,42.64007597340931
Quioccasin Middle,school,2025,bully_rate_per_1k,0
Quioccasin Middle,school,2025,staff_per_1k_students,3.798670465337133
Short Pump Middle,school,2025,pct_disadv,14.772727272727272
Short Pump Middle,school,2025,bully_rate_per_1k,0
Short Pump Middle,school,2025,staff_per_1k_students,3.787878787878788
Tuckahoe Middle,school,2025,pct_disadv,29.71274685816876
Tuckahoe Middle,school,2025,bully_rate_per_1k,0
Tuckahoe Middle,school,2025,staff_per_1k_students,3.5906642728904847
Varina High,school,2025,pct_disadv,55.633802816901415
Varina High,school,2025,bully_rate_per_1k,0
Varina High,school,2025,staff_per_1k_students,6.338028169014085
Bassett High,school,2025,pct_disadv,68.94353369763205
Bassett High,school,2025,bully_rate_per_1k,0
Bassett High,school,2025,staff_per_1k_students,4.553734061930784
Fieldale-Collinsville Middle,school,2025,pct_disadv,71.71717171717171
Fieldale-Collinsville Middle,school,2025,bully_rate_per_1k,0
Fieldale-Collinsville Middle,school,2025,staff_per_1k_students,3.787878787878788
Laurel Park Middle,school,2025,pct_disadv,66.7574931880109
Laurel Park Middle,school,2025,bully_rate_per_1k,0
Laurel Park Middle,school,2025,staff_per_1k_students,4.768392370572207
Magna Vista High,school,2025,pct_disadv,62.85963382737576
Magna Vista High,school,2025,bully_rate_per_1k,0
Magna Vista High,school,2025,staff_per_1k_students,4.795117698343505
Highland High,school,2025,pct_disadv,41.74757281553398
Highland High,school,2025,bully_rate_per_1k,0
Highland High,school,2025,staff_per_1k_students,4.854368932038835
Carter G. Woodson Middle,school,2025,pct_disadv,81.3200498132005
Carter G. Woodson Middle,school,2025,bully_rate_per_1k,0
Carter G. Woodson Middle,school,2025,staff_per_1k_students,6.226650062266501
Hopewell High,school,2025,pct_disadv,73.90158172231986
Hopewell High,school,2025,bully_rate_per_1k,0
Hopewell High,school,2025,staff_per_1k_students,7.0298769771529
Georgie D. Tyler Middle,school,2025,pct_disadv,32.065217391304344
Georgie D. Tyler Middle,school,2025,bully_rate_per_1k,0
Georgie D. Tyler Middle,school,2025,staff_per_1k_students,4.9184782608695645
Smithfield High,school,2025,pct_disadv,30.786686838124055
Smithfield High,school,2025,bully_rate_per_1k,0
Smithfield High,school,2025,staff_per_1k_students,3.623298033282905
Smithfield Middle,school,2025,pct_disadv,28.31858407079646
Smithfield Middle,school,2025,bully_rate_per_1k,0
Smithfield Middle,school,2025,staff_per_1k_students,4.884955752212389
Westside Elementary,school,2025,pct_disadv,37.976539589442815
Westside Elementary,school,2025,bully_rate_per_1k,0
Westside Elementary,school,2025,staff_per_1k_students,6.099706744868035
Windsor High,school,2025,pct_disadv,31.10236220472441
Windsor High,school,2025,bully_rate_per_1k,0
Windsor High,school,2025,staff_per_1k_students,5.4921259842519685
King George High,school,2025,pct_disadv,28.2943143812709
King George High,school,2025,bully_rate_per_1k,0
King George High,school,2025,staff_per_1k_students,5.351170568561873
King George Middle,school,2025,pct_disadv,31.602914389799636
King George Middle,school,2025,bully_rate_per_1k,0
King George Middle,school,2025,staff_per_1k_students,3.6429872495446265
Hamilton Holmes Middle,school,2025,pct_disadv,40
Hamilton Holmes Middle,school,2025,bully_rate_per_1k,0
Hamilton Holmes Middle,school,2025,staff_per_1k_students,3.370786516853933
King William High,school,2025,pct_disadv,40.729927007299274
King William High,school,2025,bully_rate_per_1k,0
King William High,school,2025,staff_per_1k_students,2.9197080291970803
Central High — King and Queen County,school,2025,pct_disadv,43.39622641509434
Central High — King and Queen County,school,2025,bully_rate_per_1k,0
Central High — King and Queen County,school,2025,staff_per_1k_students,3.7735849056603774
Lancaster High,school,2025,pct_disadv,60.19900497512438
Lancaster High,school,2025,bully_rate_per_1k,0
Lancaster High,school,2025,staff_per_1k_students,9.950248756218905
Elydale Middle,school,2025,pct_disadv,71.42857142857143
Elydale Middle,school,2025,bully_rate_per_1k,0
Elydale Middle,school,2025,staff_per_1k_students,7.518796992481203
Jonesville Middle,school,2025,pct_disadv,58.44155844155844
Jonesville Middle,school,2025,bully_rate_per_1k,0
Jonesville Middle,school,2025,staff_per_1k_students,0
Lee High,school,2025,pct_disadv,66.3760896637609
Lee High,school,2025,bully_rate_per_1k,0
Lee High,school,2025,staff_per_1k_students,2.4906600249066004
Pennington Middle,school,2025,pct_disadv,77.6978417266187
Pennington Middle,school,2025,bully_rate_per_1k,0
Pennington Middle,school,2025,staff_per_1k_students,0
Thomas Walker High,school,2025,pct_disadv,60.48109965635739
Thomas Walker High,school,2025,bully_rate_per_1k,0
Thomas Walker High,school,2025,staff_per_1k_students,3.436426116838488
Lylburn Downing Middle,school,2025,pct_disadv,32.085561497326204
Lylburn Downing Middle,school,2025,bully_rate_per_1k,0
Lylburn Downing Middle,school,2025,staff_per_1k_students,5.347593582887701
Belmont Ridge Middle,school,2025,pct_disadv,20.782851817334578
Belmont Ridge Middle,school,2025,bully_rate_per_1k,0
Belmont Ridge Middle,school,2025,staff_per_1k_students,3.727865796831314
Blue Ridge Middle,school,2025,pct_disadv,15.87743732590529
Blue Ridge Middle,school,2025,bully_rate_per_1k,0
Blue Ridge Middle,school,2025,staff_per_1k_students,4.178272980501393
Brambleton Middle,school,2025,pct_disadv,10.90128755364807
Brambleton Middle,school,2025,bully_rate_per_1k,0
Brambleton Middle,school,2025,staff_per_1k_students,4.291845493562231
Briar Woods High,school,2025,pct_disadv,11.796246648793565
Briar Woods High,school,2025,bully_rate_per_1k,0
Briar Woods High,school,2025,staff_per_1k_students,4.82573726541555
Broad Run High,school,2025,pct_disadv,28.233034571062745
Broad Run High,school,2025,bully_rate_per_1k,0
Broad Run High,school,2025,staff_per_1k_students,4.481434058898848
Dominion High,school,2025,pct_disadv,45.67307692307692
Dominion High,school,2025,bully_rate_per_1k,0
Dominion High,school,2025,staff_per_1k_students,3.2967032967032965
Eagle Ridge Middle,school,2025,pct_disadv,11.517077045274029
Eagle Ridge Middle,school,2025,bully_rate_per_1k,0
Eagle Ridge Middle,school,2025,staff_per_1k_students,3.971405877680698
Farmwell Station Middle,school,2025,pct_disadv,30.925737538148525
Farmwell Station Middle,school,2025,bully_rate_per_1k,0
Farmwell Station Middle,school,2025,staff_per_1k_students,4.0691759918616475
Freedom High — Loudoun County,school,2025,pct_disadv,16.41949152542373
Freedom High — Loudoun County,school,2025,bully_rate_per_1k,0
Freedom High — Loudoun County,school,2025,staff_per_1k_students,4.766949152542373
Harmony Middle,school,2025,pct_disadv,11.559139784946236
Harmony Middle,school,2025,bully_rate_per_1k,0
Harmony Middle,school,2025,staff_per_1k_students,4.480286738351254
Harper Park Middle,school,2025,pct_disadv,31.23543123543124
Harper Park Middle,school,2025,bully_rate_per_1k,0
Harper Park Middle,school,2025,staff_per_1k_students,4.662004662004662
Heritage High — Loudoun County,school,2025,pct_disadv,33.15290933694182
Heritage High — Loudoun County,school,2025,bully_rate_per_1k,0
Heritage High — Loudoun County,school,2025,staff_per_1k_students,5.412719891745603
Independence High,school,2025,pct_disadv,10.03683241252302
Independence High,school,2025,bully_rate_per_1k,0
Independence High,school,2025,staff_per_1k_students,4.6040515653775325
J. Lupton Simpson Middle,school,2025,pct_disadv,27.45995423340961
J. Lupton Simpson Middle,school,2025,bully_rate_per_1k,0
J. Lupton Simpson Middle,school,2025,staff_per_1k_students,4.576659038901602
J. Michael Lunsford Middle,school,2025,pct_disadv,16.666666666666664
J. Michael Lunsford Middle,school,2025,bully_rate_per_1k,0
J. Michael Lunsford Middle,school,2025,staff_per_1k_students,4.230118443316413
John Champe High,school,2025,pct_disadv,20.485175202156334
John Champe High,school,2025,bully_rate_per_1k,0
John Champe High,school,2025,staff_per_1k_students,4.598382749326145
Lightridge High,school,2025,pct_disadv,9.793307086614174
Lightridge High,school,2025,bully_rate_per_1k,0
Lightridge High,school,2025,staff_per_1k_students,4.675196850393701
Loudoun County High,school,2025,pct_disadv,24.43778110944528
Loudoun County High,school,2025,bully_rate_per_1k,0
Loudoun County High,school,2025,staff_per_1k_students,4.497751124437781
Loudoun Valley High,school,2025,pct_disadv,14.991334488734836
Loudoun Valley High,school,2025,bully_rate_per_1k,0
Loudoun Valley High,school,2025,staff_per_1k_students,5.199306759098787
Gum Spring Middle,school,2025,pct_disadv,18.30020562028787
Gum Spring Middle,school,2025,bully_rate_per_1k,0
Gum Spring Middle,school,2025,staff_per_1k_students,4.112405757368061
Park View High,school,2025,pct_disadv,65.08498583569406
Park View High,school,2025,bully_rate_per_1k,0
Park View High,school,2025,staff_per_1k_students,4.24929178470255
Potomac Falls High,school,2025,pct_disadv,34.25480769230769
Potomac Falls High,school,2025,bully_rate_per_1k,0
Potomac Falls High,school,2025,staff_per_1k_students,4.507211538461538
River Bend Middle,school,2025,pct_disadv,38.69832893579595
River Bend Middle,school,2025,bully_rate_per_1k,0
River Bend Middle,school,2025,staff_per_1k_students,5.277044854881266
Riverside High,school,2025,pct_disadv,17.763541059988352
Riverside High,school,2025,bully_rate_per_1k,0
Riverside High,school,2025,staff_per_1k_students,4.368083867210251
Rock Ridge High,school,2025,pct_disadv,18.929016189290163
Rock Ridge High,school,2025,bully_rate_per_1k,0
Rock Ridge High,school,2025,staff_per_1k_students,4.35865504358655
Seneca Ridge Middle,school,2025,pct_disadv,46.51972157772622
Seneca Ridge Middle,school,2025,bully_rate_per_1k,0
Seneca Ridge Middle,school,2025,staff_per_1k_students,5.800464037122969
Smart's Mill Middle,school,2025,pct_disadv,34.537246049661405
Smart's Mill Middle,school,2025,bully_rate_per_1k,0
Smart's Mill Middle,school,2025,staff_per_1k_students,3.386004514672686
Sterling Middle,school,2025,pct_disadv,67.3890608875129
Sterling Middle,school,2025,bully_rate_per_1k,0
Sterling Middle,school,2025,staff_per_1k_students,5.159958720330238
Stone Bridge High,school,2025,pct_disadv,18.82640586797066
Stone Bridge High,school,2025,bully_rate_per_1k,0
Stone Bridge High,school,2025,staff_per_1k_students,4.584352078239609
Stone Hill Middle,school,2025,pct_disadv,17.539267015706805
Stone Hill Middle,school,2025,bully_rate_per_1k,0
Stone Hill Middle,school,2025,staff_per_1k_students,3.4904013961605584
Trailside Middle,school,2025,pct_disadv,19.628647214854112
Trailside Middle,school,2025,bully_rate_per_1k,0
Trailside Middle,school,2025,staff_per_1k_students,3.5366931918656053
Tuscarora High,school,2025,pct_disadv,36.52173913043478
Tuscarora High,school,2025,bully_rate_per_1k,0
Tuscarora High,school,2025,staff_per_1k_students,5.0724637681159415
W.O. Robey High,school,2025,pct_disadv,93.22033898305084
W.O. Robey High,school,2025,bully_rate_per_1k,0
W.O. Robey High,school,2025,staff_per_1k_students,16.949152542372882
Watson Mountain Middle,school,2025,pct_disadv,11.819887429643527
Watson Mountain Middle,school,2025,bully_rate_per_1k,0
Watson Mountain Middle,school,2025,staff_per_1k_students,5.628517823639775
Willard Middle,school,2025,pct_disadv,8.2541567695962
Willard Middle,school,2025,bully_rate_per_1k,0
Willard Middle,school,2025,staff_per_1k_students,3.5629453681710217
Woodgrove High,school,2025,pct_disadv,12.20597584233948
Woodgrove High,school,2025,bully_rate_per_1k,0
Woodgrove High,school,2025,staff_per_1k_students,5.08582326764145
Louisa County High,school,2025,pct_disadv,45.409119300437226
Louisa County High,school,2025,bully_rate_per_1k,0
Louisa County High,school,2025,staff_per_1k_students,2.4984384759525295
Louisa County Middle,school,2025,pct_disadv,45.08529650690495
Louisa County Middle,school,2025,bully_rate_per_1k,0
Louisa County Middle,school,2025,staff_per_1k_students,4.061738424045491
Central High — Lunenburg County,school,2025,pct_disadv,52.58620689655172
Central High — Lunenburg County,school,2025,bully_rate_per_1k,0
Central High — Lunenburg County,school,2025,staff_per_1k_students,8.081896551724139
Lunenburg Middle,school,2025,pct_disadv,54.83870967741935
Lunenburg Middle,school,2025,bully_rate_per_1k,0
Lunenburg Middle,school,2025,staff_per_1k_students,8.064516129032258
E.C. Glass High,school,2025,pct_disadv,55.16393442622951
E.C. Glass High,school,2025,bully_rate_per_1k,0
E.C. Glass High,school,2025,staff_per_1k_students,8.196721311475411
Heritage High — Lynchburg City,school,2025,pct_disadv,67.65498652291106
Heritage High — Lynchburg City,school,2025,bully_rate_per_1k,0
Heritage High — Lynchburg City,school,2025,staff_per_1k_students,7.187780772686433
Linkhorne Middle,school,2025,pct_disadv,63.58381502890174
Linkhorne Middle,school,2025,bully_rate_per_1k,0
Linkhorne Middle,school,2025,staff_per_1k_students,9.633911368015411
Paul Laurence Dunbar Middle for Innovation,school,2025,pct_disadv,61.5819209039548
Paul Laurence Dunbar Middle for Innovation,school,2025,bully_rate_per_1k,0
Paul Laurence Dunbar Middle for Innovation,school,2025,staff_per_1k_students,9.416195856873822
Sandusky Middle,school,2025,pct_disadv,78.3876500857633
Sandusky Middle,school,2025,bully_rate_per_1k,0
Sandusky Middle,school,2025,staff_per_1k_students,6.861063464837049
Madison County High,school,2025,pct_disadv,32.64150943396226
Madison County High,school,2025,bully_rate_per_1k,0
Madison County High,school,2025,staff_per_1k_students,3.7735849056603774
William H. Wetsel Middle,school,2025,pct_disadv,36.51685393258427
William H. Wetsel Middle,school,2025,bully_rate_per_1k,0
William H. Wetsel Middle,school,2025,staff_per_1k_students,5.617977528089887
Baldwin Intermediate,school,2025,pct_disadv,51.53846153846153
Baldwin Intermediate,school,2025,bully_rate_per_1k,0
Baldwin Intermediate,school,2025,staff_per_1k_students,3.8461538461538463
Grace E. Metz Middle,school,2025,pct_disadv,45.184518451845186
Grace E. Metz Middle,school,2025,bully_rate_per_1k,0
Grace E. Metz Middle,school,2025,staff_per_1k_students,13.95139513951395
Mayfield Intermediate,school,2025,pct_disadv,43.214285714285715
Mayfield Intermediate,school,2025,bully_rate_per_1k,0
Mayfield Intermediate,school,2025,staff_per_1k_students,10.714285714285714
Osbourn High,school,2025,pct_disadv,40.00868809730669
Osbourn High,school,2025,bully_rate_per_1k,0
Osbourn High,school,2025,staff_per_1k_students,5.647263249348393
Manassas Park High,school,2025,pct_disadv,51.540616246498594
Manassas Park High,school,2025,bully_rate_per_1k,0
Manassas Park High,school,2025,staff_per_1k_students,5.602240896358543
Manassas Park Middle,school,2025,pct_disadv,54.980079681274894
Manassas Park Middle,school,2025,bully_rate_per_1k,0
Manassas Park Middle,school,2025,staff_per_1k_students,5.3120849933598935
Martinsville High,school,2025,pct_disadv,67.4074074074074
Martinsville High,school,2025,bully_rate_per_1k,0
Martinsville High,school,2025,staff_per_1k_students,5.555555555555555
Martinsville Middle,school,2025,pct_disadv,72.60981912144703
Martinsville Middle,school,2025,bully_rate_per_1k,0
Martinsville Middle,school,2025,staff_per_1k_students,5.167958656330749
Mathews High,school,2025,pct_disadv,34.4311377245509
Mathews High,school,2025,bully_rate_per_1k,0
Mathews High,school,2025,staff_per_1k_students,5.9880239520958085
Thomas Hunter Middle,school,2025,pct_disadv,45.45454545454545
Thomas Hunter Middle,school,2025,bully_rate_per_1k,0
Thomas Hunter Middle,school,2025,staff_per_1k_students,5.681818181818182
Mecklenburg County High,school,2025,pct_disadv,48.1578947368421
Mecklenburg County High,school,2025,bully_rate_per_1k,0
Mecklenburg County High,school,2025,staff_per_1k_students,2.631578947368421
Mecklenburg County Middle,school,2025,pct_disadv,56.04395604395605
Mecklenburg County Middle,school,2025,bully_rate_per_1k,0
Mecklenburg County Middle,school,2025,staff_per_1k_students,2.442002442002442
Middlesex High,school,2025,pct_disadv,62.43243243243243
Middlesex High,school,2025,bully_rate_per_1k,0
Middlesex High,school,2025,staff_per_1k_students,8.108108108108109
St. Clare Walker Middle,school,2025,pct_disadv,66.40926640926641
St. Clare Walker Middle,school,2025,bully_rate_per_1k,0
St. Clare Walker Middle,school,2025,staff_per_1k_students,3.8610038610038617
Auburn High,school,2025,pct_disadv,40.458015267175576
Auburn High,school,2025,bully_rate_per_1k,0
Auburn High,school,2025,staff_per_1k_students,5.089058524173028
Auburn Middle — Montgomery County,school,2025,pct_disadv,42.394822006472495
Auburn Middle — Montgomery County,school,2025,bully_rate_per_1k,0
Auburn Middle — Montgomery County,school,2025,staff_per_1k_students,3.236245954692557
Blacksburg High,school,2025,pct_disadv,21.90760059612519
Blacksburg High,school,2025,bully_rate_per_1k,0
Blacksburg High,school,2025,staff_per_1k_students,3.725782414307005
Blacksburg Middle,school,2025,pct_disadv,25.078043704474503
Blacksburg Middle,school,2025,bully_rate_per_1k,0
Blacksburg Middle,school,2025,staff_per_1k_students,3.1217481789802286
Christiansburg High,school,2025,pct_disadv,37.09226467847158
Christiansburg High,school,2025,bully_rate_per_1k,0
Christiansburg High,school,2025,staff_per_1k_students,3.727865796831314
Christiansburg Middle,school,2025,pct_disadv,37.56410256410256
Christiansburg Middle,school,2025,bully_rate_per_1k,0
Christiansburg Middle,school,2025,staff_per_1k_students,3.8461538461538463
Eastern Montgomery High,school,2025,pct_disadv,53.14960629921261
Eastern Montgomery High,school,2025,bully_rate_per_1k,0
Eastern Montgomery High,school,2025,staff_per_1k_students,7.874015748031496
Shawsville Middle,school,2025,pct_disadv,65.80310880829016
Shawsville Middle,school,2025,bully_rate_per_1k,0
Shawsville Middle,school,2025,staff_per_1k_students,5.181347150259067
Nelson County High,school,2025,pct_disadv,46.502057613168724
Nelson County High,school,2025,bully_rate_per_1k,0
Nelson County High,school,2025,staff_per_1k_students,9.77366255144033
Nelson Middle,school,2025,pct_disadv,50.455927051671736
Nelson Middle,school,2025,bully_rate_per_1k,0
Nelson Middle,school,2025,staff_per_1k_students,5.319148936170213
New Kent High,school,2025,pct_disadv,25.06989748369059
New Kent High,school,2025,bully_rate_per_1k,0
New Kent High,school,2025,staff_per_1k_students,3.727865796831314
New Kent Middle,school,2025,pct_disadv,28.347406513872137
New Kent Middle,school,2025,bully_rate_per_1k,0
New Kent Middle,school,2025,staff_per_1k_students,3.618817852834741
Achievable Dream Middle/High,school,2025,pct_disadv,64.05622489959839
Achievable Dream Middle/High,school,2025,bully_rate_per_1k,0
Achievable Dream Middle/High,school,2025,staff_per_1k_students,4.016064257028112
B.T. Washington Middle,school,2025,pct_disadv,40.57971014492754
B.T. Washington Middle,school,2025,bully_rate_per_1k,0
B.T. Washington Middle,school,2025,staff_per_1k_students,4.830917874396135
Crittenden Middle,school,2025,pct_disadv,70.44585987261146
Crittenden Middle,school,2025,bully_rate_per_1k,0
Crittenden Middle,school,2025,staff_per_1k_students,5.095541401273885
Denbigh High,school,2025,pct_disadv,58.89763779527559
Denbigh High,school,2025,bully_rate_per_1k,0
Denbigh High,school,2025,staff_per_1k_students,3.149606299212598
Ella J. Fitzgerald Middle,school,2025,pct_disadv,57.04225352112676
Ella J. Fitzgerald Middle,school,2025,bully_rate_per_1k,0
Ella J. Fitzgerald Middle,school,2025,staff_per_1k_students,5.030181086519114
Ethel M. Gildersleeve Middle,school,2025,pct_disadv,47.658402203856745
Ethel M. Gildersleeve Middle,school,2025,bully_rate_per_1k,0
Ethel M. Gildersleeve Middle,school,2025,staff_per_1k_students,1.8365472910927456
Heritage High — Newport News City,school,2025,pct_disadv,70.21660649819495
Heritage High — Newport News City,school,2025,bully_rate_per_1k,0
Heritage High — Newport News City,school,2025,staff_per_1k_students,2.707581227436823
Homer L. Hines Middle,school,2025,pct_disadv,64.85849056603774
Homer L. Hines Middle,school,2025,bully_rate_per_1k,0
Homer L. Hines Middle,school,2025,staff_per_1k_students,4.716981132075471
Huntington Middle,school,2025,pct_disadv,87.71331058020478
Huntington Middle,school,2025,bully_rate_per_1k,0
Huntington Middle,school,2025,staff_per_1k_students,6.825938566552901
Mary Passage Middle,school,2025,pct_disadv,53.37620578778135
Mary Passage Middle,school,2025,bully_rate_per_1k,0
Mary Passage Middle,school,2025,staff_per_1k_students,4.287245444801715
Menchville High,school,2025,pct_disadv,43.358689291983616
Menchville High,school,2025,bully_rate_per_1k,0
Menchville High,school,2025,staff_per_1k_students,3.510825043885313
Warwick High,school,2025,pct_disadv,58.64615384615385
Warwick High,school,2025,bully_rate_per_1k,0
Warwick High,school,2025,staff_per_1k_students,3.692307692307692
Woodside High,school,2025,pct_disadv,41.2037037037037
Woodside High,school,2025,bully_rate_per_1k,0
Woodside High,school,2025,staff_per_1k_students,4.62962962962963
Academy for Discovery at Lakewood,school,2025,pct_disadv,26.251691474966172
Academy for Discovery at Lakewood,school,2025,bully_rate_per_1k,0
Academy for Discovery at Lakewood,school,2025,staff_per_1k_students,2.706359945872802
Azalea Gardens Middle,school,2025,pct_disadv,58.333333333333336
Azalea Gardens Middle,school,2025,bully_rate_per_1k,0
Azalea Gardens Middle,school,2025,staff_per_1k_students,8.838383838383837
Blair Middle,school,2025,pct_disadv,58.54513584574934
Blair Middle,school,2025,bully_rate_per_1k,0
Blair Middle,school,2025,staff_per_1k_students,8.76424189307625
Booker T Washington High,school,2025,pct_disadv,68.91592920353983
Booker T Washington High,school,2025,bully_rate_per_1k,0
Booker T Washington High,school,2025,staff_per_1k_students,13.27433628318584
Granby High,school,2025,pct_disadv,55.35353535353536
Granby High,school,2025,bully_rate_per_1k,0
Granby High,school,2025,staff_per_1k_students,6.0606060606060606
Lake Taylor High,school,2025,pct_disadv,69.19602529358627
Lake Taylor High,school,2025,bully_rate_per_1k,0
Lake Taylor High,school,2025,staff_per_1k_students,9.93676603432701
Matthew Fontaine Maury High,school,2025,pct_disadv,48.161120840630474
Matthew Fontaine Maury High,school,2025,bully_rate_per_1k,0
Matthew Fontaine Maury High,school,2025,staff_per_1k_students,7.589025102159954
Northside Middle — Norfolk City,school,2025,pct_disadv,59.42622950819673
Northside Middle — Norfolk City,school,2025,bully_rate_per_1k,0
Northside Middle — Norfolk City,school,2025,staff_per_1k_students,10.92896174863388
Norview High,school,2025,pct_disadv,55.64668769716088
Norview High,school,2025,bully_rate_per_1k,0
Norview High,school,2025,staff_per_1k_students,8.201892744479496
Norview Middle,school,2025,pct_disadv,67.05685618729098
Norview Middle,school,2025,bully_rate_per_1k,0
Norview Middle,school,2025,staff_per_1k_students,7.525083612040134
Ruffner School,school,2025,pct_disadv,87.5
Ruffner School,school,2025,bully_rate_per_1k,0
Ruffner School,school,2025,staff_per_1k_students,13.888888888888888
Northampton High,school,2025,pct_disadv,60.84788029925187
Northampton High,school,2025,bully_rate_per_1k,0
Northampton High,school,2025,staff_per_1k_students,16.783042394014963
Northampton Middle,school,2025,pct_disadv,65.88785046728972
Northampton Middle,school,2025,bully_rate_per_1k,0
Northampton Middle,school,2025,staff_per_1k_students,4.672897196261682
Northumberland High,school,2025,pct_disadv,54.473684210526315
Northumberland High,school,2025,bully_rate_per_1k,0
Northumberland High,school,2025,staff_per_1k_students,5.263157894736842
Northumberland Middle,school,2025,pct_disadv,53.04659498207885
Northumberland Middle,school,2025,bully_rate_per_1k,0
Northumberland Middle,school,2025,staff_per_1k_students,6.093189964157705
J.I. Burton High,school,2025,pct_disadv,57.012195121951216
J.I. Burton High,school,2025,bully_rate_per_1k,0
J.I. Burton High,school,2025,staff_per_1k_students,3.353658536585366
Nottoway High,school,2025,pct_disadv,70.45009784735812
Nottoway High,school,2025,bully_rate_per_1k,0
Nottoway High,school,2025,staff_per_1k_students,10.76320939334638
Nottoway Intermediate,school,2025,pct_disadv,79.77941176470588
Nottoway Intermediate,school,2025,bully_rate_per_1k,0
Nottoway Intermediate,school,2025,staff_per_1k_students,3.676470588235294
Nottoway Middle,school,2025,pct_disadv,75.46468401486989
Nottoway Middle,school,2025,bully_rate_per_1k,0
Nottoway Middle,school,2025,staff_per_1k_students,3.717472118959108
Locust Grove Middle,school,2025,pct_disadv,39.2128279883382
Locust Grove Middle,school,2025,bully_rate_per_1k,0
Locust Grove Middle,school,2025,staff_per_1k_students,2.9154518950437316
Orange County High,school,2025,pct_disadv,44.73684210526316
Orange County High,school,2025,bully_rate_per_1k,0
Orange County High,school,2025,staff_per_1k_students,3.373819163292848
Prospect Heights Middle,school,2025,pct_disadv,51.28755364806867
Prospect Heights Middle,school,2025,bully_rate_per_1k,0
Prospect Heights Middle,school,2025,staff_per_1k_students,4.291845493562231
Luray High,school,2025,pct_disadv,43.26710816777042
Luray High,school,2025,bully_rate_per_1k,0
Luray High,school,2025,staff_per_1k_students,6.622516556291391
Luray Middle,school,2025,pct_disadv,49.84126984126984
Luray Middle,school,2025,bully_rate_per_1k,0
Luray Middle,school,2025,staff_per_1k_students,3.1746031746031744
Page County High,school,2025,pct_disadv,42.917547568710354
Page County High,school,2025,bully_rate_per_1k,0
Page County High,school,2025,staff_per_1k_students,4.2283298097251585
Page County Middle,school,2025,pct_disadv,48.113207547169814
Page County Middle,school,2025,bully_rate_per_1k,0
Page County Middle,school,2025,staff_per_1k_students,3.1446540880503147
Hardin Reynolds Memorial School,school,2025,pct_disadv,63.54679802955665
Hardin Reynolds Memorial School,school,2025,bully_rate_per_1k,0
Hardin Reynolds Memorial School,school,2025,staff_per_1k_students,NA
Patrick County High,school,2025,pct_disadv,47.9297365119197
Patrick County High,school,2025,bully_rate_per_1k,0
Patrick County High,school,2025,staff_per_1k_students,3.764115432873275
Petersburg High,school,2025,pct_disadv,79.75308641975309
Petersburg High,school,2025,bully_rate_per_1k,0
Petersburg High,school,2025,staff_per_1k_students,3.292181069958848
Vernon Johns Middle,school,2025,pct_disadv,76.71232876712328
Vernon Johns Middle,school,2025,bully_rate_per_1k,0
Vernon Johns Middle,school,2025,staff_per_1k_students,2.107481559536354
Chatham High,school,2025,pct_disadv,43.02134646962233
Chatham High,school,2025,bully_rate_per_1k,0
Chatham High,school,2025,staff_per_1k_students,1.6420361247947457
Chatham Middle,school,2025,pct_disadv,41.37931034482759
Chatham Middle,school,2025,bully_rate_per_1k,0
Chatham Middle,school,2025,staff_per_1k_students,4.926108374384237
Dan River High,school,2025,pct_disadv,44.25385934819897
Dan River High,school,2025,bully_rate_per_1k,0
Dan River High,school,2025,staff_per_1k_students,5.145797598627787
Dan River Middle,school,2025,pct_disadv,50.11389521640092
Dan River Middle,school,2025,bully_rate_per_1k,0
Dan River Middle,school,2025,staff_per_1k_students,4.555808656036446
Gretna High,school,2025,pct_disadv,51.87376725838264
Gretna High,school,2025,bully_rate_per_1k,0
Gretna High,school,2025,staff_per_1k_students,5.9171597633136095
Gretna Middle,school,2025,pct_disadv,49.09090909090909
Gretna Middle,school,2025,bully_rate_per_1k,0
Gretna Middle,school,2025,staff_per_1k_students,5.194805194805195
Tunstall High,school,2025,pct_disadv,40.75
Tunstall High,school,2025,bully_rate_per_1k,0
Tunstall High,school,2025,staff_per_1k_students,3.75
Tunstall Middle,school,2025,pct_disadv,39.737274220032845
Tunstall Middle,school,2025,bully_rate_per_1k,0
Tunstall Middle,school,2025,staff_per_1k_students,3.284072249589491
Poquoson High,school,2025,pct_disadv,21.638330757341578
Poquoson High,school,2025,bully_rate_per_1k,0
Poquoson High,school,2025,staff_per_1k_students,4.63678516228748
Poquoson Middle,school,2025,pct_disadv,23.21792260692464
Poquoson Middle,school,2025,bully_rate_per_1k,0
Poquoson Middle,school,2025,staff_per_1k_students,4.0733197556008145
Churchland High,school,2025,pct_disadv,58.21305841924399
Churchland High,school,2025,bully_rate_per_1k,0
Churchland High,school,2025,staff_per_1k_students,3.436426116838488
Churchland Middle,school,2025,pct_disadv,63.90977443609023
Churchland Middle,school,2025,bully_rate_per_1k,0
Churchland Middle,school,2025,staff_per_1k_students,5.012531328320802
Cradock Middle,school,2025,pct_disadv,79.11025145067698
Cradock Middle,school,2025,bully_rate_per_1k,0
Cradock Middle,school,2025,staff_per_1k_students,5.802707930367505
I.C. Norcom High,school,2025,pct_disadv,77.89890981169475
I.C. Norcom High,school,2025,bully_rate_per_1k,0
I.C. Norcom High,school,2025,staff_per_1k_students,3.9643211100099105
Manor High,school,2025,pct_disadv,68.84247171453438
Manor High,school,2025,bully_rate_per_1k,0
Manor High,school,2025,staff_per_1k_students,5.221932114882507
William E. Waters Middle,school,2025,pct_disadv,71.27272727272728
William E. Waters Middle,school,2025,bully_rate_per_1k,0
William E. Waters Middle,school,2025,staff_per_1k_students,5.454545454545455
Powhatan High,school,2025,pct_disadv,21.578947368421055
Powhatan High,school,2025,bully_rate_per_1k,0
Powhatan High,school,2025,staff_per_1k_students,3.7593984962406015
Powhatan Middle,school,2025,pct_disadv,25.735294117647054
Powhatan Middle,school,2025,bully_rate_per_1k,0
Powhatan Middle,school,2025,staff_per_1k_students,3.1512605042016806
Prince Edward County High,school,2025,pct_disadv,47.211155378486055
Prince Edward County High,school,2025,bully_rate_per_1k,0
Prince Edward County High,school,2025,staff_per_1k_students,1.99203187250996
Prince Edward Middle,school,2025,pct_disadv,54.03846153846153
Prince Edward Middle,school,2025,bully_rate_per_1k,0
Prince Edward Middle,school,2025,staff_per_1k_students,NA
J.E.J. Moore Middle,school,2025,pct_disadv,55.15501081470801
J.E.J. Moore Middle,school,2025,bully_rate_per_1k,0
J.E.J. Moore Middle,school,2025,staff_per_1k_students,1.4419610670511895
Prince George High,school,2025,pct_disadv,48.99441340782123
Prince George High,school,2025,bully_rate_per_1k,0
Prince George High,school,2025,staff_per_1k_students,2.793296089385475
Battlefield High,school,2025,pct_disadv,11.223996129656506
Battlefield High,school,2025,bully_rate_per_1k,0
Battlefield High,school,2025,staff_per_1k_students,3.8703434929850022
Brentsville District High,school,2025,pct_disadv,22.0536756126021
Brentsville District High,school,2025,bully_rate_per_1k,0
Brentsville District High,school,2025,staff_per_1k_students,4.667444574095682
Bull Run Middle,school,2025,pct_disadv,30.46944198405669
Bull Run Middle,school,2025,bully_rate_per_1k,0
Bull Run Middle,school,2025,staff_per_1k_students,3.5429583702391496
C.D. Hylton High,school,2025,pct_disadv,32.54691689008043
C.D. Hylton High,school,2025,bully_rate_per_1k,0
C.D. Hylton High,school,2025,staff_per_1k_students,3.7533512064343166
Charles J. Colgan Sr. High,school,2025,pct_disadv,22.285906945380983
Charles J. Colgan Sr. High,school,2025,bully_rate_per_1k,0
Charles J. Colgan Sr. High,school,2025,staff_per_1k_students,3.7086985839514495
E.H. Marsteller Middle,school,2025,pct_disadv,20.19064124783362
E.H. Marsteller Middle,school,2025,bully_rate_per_1k,0
E.H. Marsteller Middle,school,2025,staff_per_1k_students,3.4662045060658575
Forest Park High,school,2025,pct_disadv,33.20545609548167
Forest Park High,school,2025,bully_rate_per_1k,0
Forest Park High,school,2025,staff_per_1k_students,3.836317135549872
Fred M. Lynn Middle,school,2025,pct_disadv,49.89733059548255
Fred M. Lynn Middle,school,2025,bully_rate_per_1k,0
Fred M. Lynn Middle,school,2025,staff_per_1k_students,4.106776180698152
Freedom High — Prince William County,school,2025,pct_disadv,47.165729121592385
Freedom High — Prince William County,school,2025,bully_rate_per_1k,0
Freedom High — Prince William County,school,2025,staff_per_1k_students,4.759844223279965
Gainesville High,school,2025,pct_disadv,24.161326799849228
Gainesville High,school,2025,bully_rate_per_1k,0
Gainesville High,school,2025,staff_per_1k_students,3.769317753486619
Gainesville Middle,school,2025,pct_disadv,20.883820384889525
Gainesville Middle,school,2025,bully_rate_per_1k,0
Gainesville Middle,school,2025,staff_per_1k_students,3.5637918745545263
Gar-Field High,school,2025,pct_disadv,42.72727272727273
Gar-Field High,school,2025,bully_rate_per_1k,0
Gar-Field High,school,2025,staff_per_1k_students,3.1620553359683794
George M. Hampton Middle,school,2025,pct_disadv,46.70391061452514
George M. Hampton Middle,school,2025,bully_rate_per_1k,0
George M. Hampton Middle,school,2025,staff_per_1k_students,3.35195530726257
Graham Park Middle,school,2025,pct_disadv,44.55307262569833
Graham Park Middle,school,2025,bully_rate_per_1k,0
Graham Park Middle,school,2025,staff_per_1k_students,3.4916201117318435
Herbert J. Saunders Middle,school,2025,pct_disadv,25.27105921601334
Herbert J. Saunders Middle,school,2025,bully_rate_per_1k,0
Herbert J. Saunders Middle,school,2025,staff_per_1k_students,2.5020850708924103
Lake Ridge Middle,school,2025,pct_disadv,27.468099395567496
Lake Ridge Middle,school,2025,bully_rate_per_1k,0
Lake Ridge Middle,school,2025,staff_per_1k_students,3.3579583613163195
Louise A. Benton Middle,school,2025,pct_disadv,21.19402985074627
Louise A. Benton Middle,school,2025,bully_rate_per_1k,0
Louise A. Benton Middle,school,2025,staff_per_1k_students,3.7313432835820897
Osbourn Park High,school,2025,pct_disadv,29.524166354439863
Osbourn Park High,school,2025,bully_rate_per_1k,0
Osbourn Park High,school,2025,staff_per_1k_students,3.372049456725365
Parkside Middle,school,2025,pct_disadv,38.12684365781711
Parkside Middle,school,2025,bully_rate_per_1k,0
Parkside Middle,school,2025,staff_per_1k_students,3.687315634218289
Patriot High,school,2025,pct_disadv,20.50395256916996
Patriot High,school,2025,bully_rate_per_1k,0
Patriot High,school,2025,staff_per_1k_students,3.952569169960474
Potomac High,school,2025,pct_disadv,36.96639418710264
Potomac High,school,2025,bully_rate_per_1k,0
Potomac High,school,2025,staff_per_1k_students,3.633060853769301
Potomac Middle,school,2025,pct_disadv,42.97963558413719
Potomac Middle,school,2025,bully_rate_per_1k,0
Potomac Middle,school,2025,staff_per_1k_students,3.215434083601286
Potomac Shores Middle,school,2025,pct_disadv,29.813160032493908
Potomac Shores Middle,school,2025,bully_rate_per_1k,0
Potomac Shores Middle,school,2025,staff_per_1k_students,2.437043054427295
Rippon Middle,school,2025,pct_disadv,44.55527847049044
Rippon Middle,school,2025,bully_rate_per_1k,0
Rippon Middle,school,2025,staff_per_1k_students,3.325020781379884
Ronald Wilson Reagan Middle,school,2025,pct_disadv,14.920194309507288
Ronald Wilson Reagan Middle,school,2025,bully_rate_per_1k,0
Ronald Wilson Reagan Middle,school,2025,staff_per_1k_students,3.4698126301179735
Stuart M. Beville Middle,school,2025,pct_disadv,47.377326565143825
Stuart M. Beville Middle,school,2025,bully_rate_per_1k,0
Stuart M. Beville Middle,school,2025,staff_per_1k_students,3.3840947546531304
Unity Braxton Middle,school,2025,pct_disadv,46.11742424242424
Unity Braxton Middle,school,2025,bully_rate_per_1k,0
Unity Braxton Middle,school,2025,staff_per_1k_students,1.893939393939394
Unity Reed High,school,2025,pct_disadv,44.16218856863703
Unity Reed High,school,2025,bully_rate_per_1k,0
Unity Reed High,school,2025,staff_per_1k_students,3.908158280410357
Woodbridge High,school,2025,pct_disadv,31.129476584022036
Woodbridge High,school,2025,bully_rate_per_1k,0
Woodbridge High,school,2025,staff_per_1k_students,3.787878787878788
Woodbridge Middle,school,2025,pct_disadv,37.80068728522337
Woodbridge Middle,school,2025,bully_rate_per_1k,0
Woodbridge Middle,school,2025,staff_per_1k_students,3.436426116838488
Pulaski County Middle,school,2025,pct_disadv,46.666666666666664
Pulaski County Middle,school,2025,bully_rate_per_1k,0
Pulaski County Middle,school,2025,staff_per_1k_students,3.636363636363636
Pulaski County Senior High,school,2025,pct_disadv,39.51682484900776
Pulaski County Senior High,school,2025,bully_rate_per_1k,0
Pulaski County Senior High,school,2025,staff_per_1k_students,4.3140638481449525
John N. Dalton Intermediate,school,2025,pct_disadv,43.77358490566038
John N. Dalton Intermediate,school,2025,bully_rate_per_1k,0
John N. Dalton Intermediate,school,2025,staff_per_1k_students,3.7735849056603774
Radford High,school,2025,pct_disadv,45.25691699604743
Radford High,school,2025,bully_rate_per_1k,0
Radford High,school,2025,staff_per_1k_students,7.905138339920948
Rappahannock County High,school,2025,pct_disadv,30.914826498422716
Rappahannock County High,school,2025,bully_rate_per_1k,0
Rappahannock County High,school,2025,staff_per_1k_students,3.1545741324921135
Albert Hill Middle,school,2025,pct_disadv,59.20792079207921
Albert Hill Middle,school,2025,bully_rate_per_1k,0
Albert Hill Middle,school,2025,staff_per_1k_students,1.98019801980198
Armstrong High,school,2025,pct_disadv,81.66431593794076
Armstrong High,school,2025,bully_rate_per_1k,0
Armstrong High,school,2025,staff_per_1k_students,8.462623413258111
Dogwood Middle,school,2025,pct_disadv,71.50537634408603
Dogwood Middle,school,2025,bully_rate_per_1k,0
Dogwood Middle,school,2025,staff_per_1k_students,5.376344086021506
Franklin Military Academy,school,2025,pct_disadv,49.55223880597015
Franklin Military Academy,school,2025,bully_rate_per_1k,0
Franklin Military Academy,school,2025,staff_per_1k_students,2.985074626865672
Huguenot High,school,2025,pct_disadv,62.20258327668253
Huguenot High,school,2025,bully_rate_per_1k,0
Huguenot High,school,2025,staff_per_1k_students,6.118286879673692
John Marshall High,school,2025,pct_disadv,68.26625386996903
John Marshall High,school,2025,bully_rate_per_1k,0
John Marshall High,school,2025,staff_per_1k_students,7.739938080495356
Lucille M. Brown Middle,school,2025,pct_disadv,71.78217821782178
Lucille M. Brown Middle,school,2025,bully_rate_per_1k,0
Lucille M. Brown Middle,school,2025,staff_per_1k_students,8.25082508250825
Martin Luther King Jr. Middle,school,2025,pct_disadv,90.6
Martin Luther King Jr. Middle,school,2025,bully_rate_per_1k,0
Martin Luther King Jr. Middle,school,2025,staff_per_1k_students,6
Open High,school,2025,pct_disadv,30.45977011494253
Open High,school,2025,bully_rate_per_1k,0
Open High,school,2025,staff_per_1k_students,5.747126436781609
Richmond Success Academy,school,2025,pct_disadv,70.7581227436823
Richmond Success Academy,school,2025,bully_rate_per_1k,0
Richmond Success Academy,school,2025,staff_per_1k_students,NA
Richmond Career Education and Employment Charter School,school,2025,pct_disadv,78.125
Richmond Career Education and Employment Charter School,school,2025,bully_rate_per_1k,0
Richmond Career Education and Employment Charter School,school,2025,staff_per_1k_students,NA
Richmond Community High,school,2025,pct_disadv,40.28436018957346
Richmond Community High,school,2025,bully_rate_per_1k,0
Richmond Community High,school,2025,staff_per_1k_students,4.739336492890995
Richmond High School for the Arts,school,2025,pct_disadv,60.66308243727598
Richmond High School for the Arts,school,2025,bully_rate_per_1k,0
Richmond High School for the Arts,school,2025,staff_per_1k_students,9.85663082437276
River City Middle,school,2025,pct_disadv,63.47826086956522
River City Middle,school,2025,bully_rate_per_1k,0
River City Middle,school,2025,staff_per_1k_students,5.217391304347826
Thomas C. Boushall Middle,school,2025,pct_disadv,67.31078904991948
Thomas C. Boushall Middle,school,2025,bully_rate_per_1k,0
Thomas C. Boushall Middle,school,2025,staff_per_1k_students,4.830917874396135
Thomas H. Henderson Middle,school,2025,pct_disadv,74.07407407407408
Thomas H. Henderson Middle,school,2025,bully_rate_per_1k,0
Thomas H. Henderson Middle,school,2025,staff_per_1k_students,6.944444444444444
Thomas Jefferson High,school,2025,pct_disadv,62.45006657789614
Thomas Jefferson High,school,2025,bully_rate_per_1k,0
Thomas Jefferson High,school,2025,staff_per_1k_students,6.657789613848202
Rappahannock High,school,2025,pct_disadv,47.069597069597066
Rappahannock High,school,2025,bully_rate_per_1k,0
Rappahannock High,school,2025,staff_per_1k_students,2.7472527472527473
Addison Aerospace Magnet Middle,school,2025,pct_disadv,73.61623616236163
Addison Aerospace Magnet Middle,school,2025,bully_rate_per_1k,0
Addison Aerospace Magnet Middle,school,2025,staff_per_1k_students,13.468634686346864
Breckinridge Middle,school,2025,pct_disadv,62.26158038147139
Breckinridge Middle,school,2025,bully_rate_per_1k,0
Breckinridge Middle,school,2025,staff_per_1k_students,5.858310626702998
James Madison Middle,school,2025,pct_disadv,58.069883527454245
James Madison Middle,school,2025,bully_rate_per_1k,0
James Madison Middle,school,2025,staff_per_1k_students,8.48585690515807
John P. Fishwick Middle,school,2025,pct_disadv,71.33479212253829
John P. Fishwick Middle,school,2025,bully_rate_per_1k,0
John P. Fishwick Middle,school,2025,staff_per_1k_students,7.00218818380744
Patrick Henry High — Roanoke City,school,2025,pct_disadv,56.399026763990264
Patrick Henry High — Roanoke City,school,2025,bully_rate_per_1k,0
Patrick Henry High — Roanoke City,school,2025,staff_per_1k_students,6.666666666666666
William Fleming High,school,2025,pct_disadv,61.42131979695431
William Fleming High,school,2025,bully_rate_per_1k,0
William Fleming High,school,2025,staff_per_1k_students,6.548223350253807
Woodrow Wilson Middle,school,2025,pct_disadv,53.60655737704918
Woodrow Wilson Middle,school,2025,bully_rate_per_1k,0
Woodrow Wilson Middle,school,2025,staff_per_1k_students,9.18032786885246
Cave Spring High,school,2025,pct_disadv,26.673040152963672
Cave Spring High,school,2025,bully_rate_per_1k,0
Cave Spring High,school,2025,staff_per_1k_students,6.061185468451242
Cave Spring Middle,school,2025,pct_disadv,30.160857908847184
Cave Spring Middle,school,2025,bully_rate_per_1k,0
Cave Spring Middle,school,2025,staff_per_1k_students,7.372654155495979
Glenvar High,school,2025,pct_disadv,34.78260869565217
Glenvar High,school,2025,bully_rate_per_1k,0
Glenvar High,school,2025,staff_per_1k_students,7.777777777777778
Glenvar Middle,school,2025,pct_disadv,36.72055427251732
Glenvar Middle,school,2025,bully_rate_per_1k,0
Glenvar Middle,school,2025,staff_per_1k_students,10.02309468822171
Hidden Valley High,school,2025,pct_disadv,25.721153846153843
Hidden Valley High,school,2025,bully_rate_per_1k,0
Hidden Valley High,school,2025,staff_per_1k_students,7.8125
Hidden Valley Middle,school,2025,pct_disadv,29.604130808950085
Hidden Valley Middle,school,2025,bully_rate_per_1k,0
Hidden Valley Middle,school,2025,staff_per_1k_students,7.74526678141136
Northside High,school,2025,pct_disadv,40.04352557127312
Northside High,school,2025,bully_rate_per_1k,0
Northside High,school,2025,staff_per_1k_students,8.161044613710555
Northside Middle — Roanoke County,school,2025,pct_disadv,45.21604938271605
Northside Middle — Roanoke County,school,2025,bully_rate_per_1k,0
Northside Middle — Roanoke County,school,2025,staff_per_1k_students,8.487654320987653
William Byrd High,school,2025,pct_disadv,36.68430335097001
William Byrd High,school,2025,bully_rate_per_1k,0
William Byrd High,school,2025,staff_per_1k_students,7.054673721340388
William Byrd Middle,school,2025,pct_disadv,38.90274314214464
William Byrd Middle,school,2025,bully_rate_per_1k,0
William Byrd Middle,school,2025,staff_per_1k_students,8.104738154613466
Maury River Middle,school,2025,pct_disadv,45.32224532224532
Maury River Middle,school,2025,bully_rate_per_1k,0
Maury River Middle,school,2025,staff_per_1k_students,4.158004158004158
Rockbridge County High,school,2025,pct_disadv,35.33260632497274
Rockbridge County High,school,2025,bully_rate_per_1k,0
Rockbridge County High,school,2025,staff_per_1k_students,6.543075245365322
Broadway High,school,2025,pct_disadv,42.94803817603394
Broadway High,school,2025,bully_rate_per_1k,0
Broadway High,school,2025,staff_per_1k_students,3.181336161187699
East Rockingham High,school,2025,pct_disadv,42.14372716199756
East Rockingham High,school,2025,bully_rate_per_1k,0
East Rockingham High,school,2025,staff_per_1k_students,3.045066991473812
Elkton Middle,school,2025,pct_disadv,41.711229946524064
Elkton Middle,school,2025,bully_rate_per_1k,0
Elkton Middle,school,2025,staff_per_1k_students,5.347593582887701
J. Frank Hillyard Middle,school,2025,pct_disadv,39.33975240715269
J. Frank Hillyard Middle,school,2025,bully_rate_per_1k,0
J. Frank Hillyard Middle,school,2025,staff_per_1k_students,4.126547455295736
Montevideo Middle,school,2025,pct_disadv,37.60539629005059
Montevideo Middle,school,2025,bully_rate_per_1k,0
Montevideo Middle,school,2025,staff_per_1k_students,5.059021922428331
Spotswood High,school,2025,pct_disadv,38.87005649717514
Spotswood High,school,2025,bully_rate_per_1k,0
Spotswood High,school,2025,staff_per_1k_students,3.389830508474576
Turner Ashby High,school,2025,pct_disadv,38.69047619047619
Turner Ashby High,school,2025,bully_rate_per_1k,0
Turner Ashby High,school,2025,staff_per_1k_students,2.976190476190476
Wilbur S. Pence Middle,school,2025,pct_disadv,43.154761904761905
Wilbur S. Pence Middle,school,2025,bully_rate_per_1k,0
Wilbur S. Pence Middle,school,2025,staff_per_1k_students,5.208333333333333
Castlewood High,school,2025,pct_disadv,57.89473684210527
Castlewood High,school,2025,bully_rate_per_1k,0
Castlewood High,school,2025,staff_per_1k_students,3.5087719298245617
Honaker High,school,2025,pct_disadv,50
Honaker High,school,2025,bully_rate_per_1k,0
Honaker High,school,2025,staff_per_1k_students,4.739336492890995
Lebanon High,school,2025,pct_disadv,44.30823117338004
Lebanon High,school,2025,bully_rate_per_1k,0
Lebanon High,school,2025,staff_per_1k_students,3.502626970227671
Lebanon Middle,school,2025,pct_disadv,46.51162790697674
Lebanon Middle,school,2025,bully_rate_per_1k,0
Lebanon Middle,school,2025,staff_per_1k_students,3.3222591362126246
Andrew Lewis Middle,school,2025,pct_disadv,44.69606674612634
Andrew Lewis Middle,school,2025,bully_rate_per_1k,0
Andrew Lewis Middle,school,2025,staff_per_1k_students,3.969010727056019
Salem High — Salem City,school,2025,pct_disadv,40.59900166389351
Salem High — Salem City,school,2025,bully_rate_per_1k,0
Salem High — Salem City,school,2025,staff_per_1k_students,3.602329450915142
Gate City High,school,2025,pct_disadv,47.44645799011532
Gate City High,school,2025,bully_rate_per_1k,0
Gate City High,school,2025,staff_per_1k_students,3.2948929159802307
Gate City Middle,school,2025,pct_disadv,46.3768115942029
Gate City Middle,school,2025,bully_rate_per_1k,0
Gate City Middle,school,2025,staff_per_1k_students,3.6231884057971016
Rye Cove High,school,2025,pct_disadv,67.46575342465754
Rye Cove High,school,2025,bully_rate_per_1k,0
Rye Cove High,school,2025,staff_per_1k_students,3.4246575342465753
Rye Cove Intermediate,school,2025,pct_disadv,70.28985507246377
Rye Cove Intermediate,school,2025,bully_rate_per_1k,0
Rye Cove Intermediate,school,2025,staff_per_1k_students,7.246376811594203
Twin Springs High,school,2025,pct_disadv,57.85123966942148
Twin Springs High,school,2025,bully_rate_per_1k,0
Twin Springs High,school,2025,staff_per_1k_students,4.132231404958678
Central High — Shenandoah County,school,2025,pct_disadv,52.81207133058985
Central High — Shenandoah County,school,2025,bully_rate_per_1k,0
Central High — Shenandoah County,school,2025,staff_per_1k_students,4.11522633744856
North Fork Middle,school,2025,pct_disadv,54.41988950276243
North Fork Middle,school,2025,bully_rate_per_1k,0
North Fork Middle,school,2025,staff_per_1k_students,5.524861878453039
Peter Muhlenberg Middle,school,2025,pct_disadv,53.64485981308411
Peter Muhlenberg Middle,school,2025,bully_rate_per_1k,0
Peter Muhlenberg Middle,school,2025,staff_per_1k_students,5.607476635514018
Signal Knob Middle,school,2025,pct_disadv,49.39467312348668
Signal Knob Middle,school,2025,bully_rate_per_1k,0
Signal Knob Middle,school,2025,staff_per_1k_students,3.6319612590799033
Stonewall Jackson High,school,2025,pct_disadv,55.489021956087825
Stonewall Jackson High,school,2025,bully_rate_per_1k,0
Stonewall Jackson High,school,2025,staff_per_1k_students,9.98003992015968
Strasburg High,school,2025,pct_disadv,44.89465153970826
Strasburg High,school,2025,bully_rate_per_1k,0
Strasburg High,school,2025,staff_per_1k_students,7.293354943273906
Chilhowie High,school,2025,pct_disadv,42.70833333333333
Chilhowie High,school,2025,bully_rate_per_1k,0
Chilhowie High,school,2025,staff_per_1k_students,2.6041666666666665
Chilhowie Middle,school,2025,pct_disadv,43.95604395604395
Chilhowie Middle,school,2025,bully_rate_per_1k,0
Chilhowie Middle,school,2025,staff_per_1k_students,3.663003663003663
Marion Middle,school,2025,pct_disadv,57.356608478803
Marion Middle,school,2025,bully_rate_per_1k,0
Marion Middle,school,2025,staff_per_1k_students,2.493765586034913
Marion Senior High,school,2025,pct_disadv,54.78723404255319
Marion Senior High,school,2025,bully_rate_per_1k,0
Marion Senior High,school,2025,staff_per_1k_students,3.5460992907801416
Northwood High,school,2025,pct_disadv,57.84313725490197
Northwood High,school,2025,bully_rate_per_1k,0
Northwood High,school,2025,staff_per_1k_students,4.901960784313726
Northwood Middle,school,2025,pct_disadv,60.75949367088608
Northwood Middle,school,2025,bully_rate_per_1k,0
Northwood Middle,school,2025,staff_per_1k_students,6.329113924050633
Southampton High,school,2025,pct_disadv,43.465909090909086
Southampton High,school,2025,bully_rate_per_1k,0
Southampton High,school,2025,staff_per_1k_students,4.261363636363636
Southampton Middle,school,2025,pct_disadv,44.26559356136821
Southampton Middle,school,2025,bully_rate_per_1k,0
Southampton Middle,school,2025,staff_per_1k_students,6.036217303822937
Battlefield Middle,school,2025,pct_disadv,55.12820512820513
Battlefield Middle,school,2025,bully_rate_per_1k,0
Battlefield Middle,school,2025,staff_per_1k_students,5.128205128205129
Chancellor High,school,2025,pct_disadv,50.075414781297134
Chancellor High,school,2025,bully_rate_per_1k,0
Chancellor High,school,2025,staff_per_1k_students,3.770739064856712
Chancellor Middle,school,2025,pct_disadv,51.06117353308365
Chancellor Middle,school,2025,bully_rate_per_1k,0
Chancellor Middle,school,2025,staff_per_1k_students,3.745318352059925
Courtland High,school,2025,pct_disadv,40.62708472314876
Courtland High,school,2025,bully_rate_per_1k,0
Courtland High,school,2025,staff_per_1k_students,4.0026684456304205
Freedom Middle,school,2025,pct_disadv,47.774869109947645
Freedom Middle,school,2025,bully_rate_per_1k,0
Freedom Middle,school,2025,staff_per_1k_students,3.926701570680628
Massaponax High,school,2025,pct_disadv,44.988207547169814
Massaponax High,school,2025,bully_rate_per_1k,0
Massaponax High,school,2025,staff_per_1k_students,4.716981132075471
Ni River Middle,school,2025,pct_disadv,29.47976878612717
Ni River Middle,school,2025,bully_rate_per_1k,0
Ni River Middle,school,2025,staff_per_1k_students,4.335260115606936
Post Oak Middle,school,2025,pct_disadv,47.56995581737849
Post Oak Middle,school,2025,bully_rate_per_1k,0
Post Oak Middle,school,2025,staff_per_1k_students,5.89101620029455
Riverbend High,school,2025,pct_disadv,33.7160751565762
Riverbend High,school,2025,bully_rate_per_1k,0
Riverbend High,school,2025,staff_per_1k_students,3.6534446764091855
Spotsylvania High,school,2025,pct_disadv,40.82798001427552
Spotsylvania High,school,2025,bully_rate_per_1k,0
Spotsylvania High,school,2025,staff_per_1k_students,4.282655246252677
Spotsylvania Middle,school,2025,pct_disadv,42.87128712871287
Spotsylvania Middle,school,2025,bully_rate_per_1k,0
Spotsylvania Middle,school,2025,staff_per_1k_students,3.96039603960396
Thornburg Middle,school,2025,pct_disadv,43.04635761589404
Thornburg Middle,school,2025,bully_rate_per_1k,0
Thornburg Middle,school,2025,staff_per_1k_students,5.298013245033113
Andrew G. Wright Middle,school,2025,pct_disadv,37.33955659276546
Andrew G. Wright Middle,school,2025,bully_rate_per_1k,0
Andrew G. Wright Middle,school,2025,staff_per_1k_students,5.834305717619603
Brooke Point High,school,2025,pct_disadv,47.21593481213219
Brooke Point High,school,2025,bully_rate_per_1k,0
Brooke Point High,school,2025,staff_per_1k_students,3.847894975101856
Colonial Forge High,school,2025,pct_disadv,33.771723813997184
Colonial Forge High,school,2025,bully_rate_per_1k,0
Colonial Forge High,school,2025,staff_per_1k_students,5.6364490371066225
Donald B. Dixon-Lyle R. Smith Middle,school,2025,pct_disadv,40.9652076318743
Donald B. Dixon-Lyle R. Smith Middle,school,2025,bully_rate_per_1k,0
Donald B. Dixon-Lyle R. Smith Middle,school,2025,staff_per_1k_students,4.489337822671156
Edward E. Drew Jr. Middle,school,2025,pct_disadv,53.28000000000001
Edward E. Drew Jr. Middle,school,2025,bully_rate_per_1k,0
Edward E. Drew Jr. Middle,school,2025,staff_per_1k_students,28.8
H.H. Poole Middle,school,2025,pct_disadv,47.28915662650602
H.H. Poole Middle,school,2025,bully_rate_per_1k,0
H.H. Poole Middle,school,2025,staff_per_1k_students,3.514056224899598
Mountain View High — Stafford County,school,2025,pct_disadv,29.12014292094685
Mountain View High — Stafford County,school,2025,bully_rate_per_1k,0
Mountain View High — Stafford County,school,2025,staff_per_1k_students,4.912907548012505
North Stafford High,school,2025,pct_disadv,52.98245614035088
North Stafford High,school,2025,bully_rate_per_1k,0
North Stafford High,school,2025,staff_per_1k_students,4.511278195488722
Rodney E. Thompson Middle,school,2025,pct_disadv,31.279178338001863
Rodney E. Thompson Middle,school,2025,bully_rate_per_1k,0
Rodney E. Thompson Middle,school,2025,staff_per_1k_students,4.6685340802987865
Shirley C. Heim Middle,school,2025,pct_disadv,62.82722513089005
Shirley C. Heim Middle,school,2025,bully_rate_per_1k,0
Shirley C. Heim Middle,school,2025,staff_per_1k_students,4.188481675392671
Stafford Middle,school,2025,pct_disadv,55.55555555555556
Stafford Middle,school,2025,bully_rate_per_1k,0
Stafford Middle,school,2025,staff_per_1k_students,1.038421599169263
Stafford Senior High,school,2025,pct_disadv,47.32061762034514
Stafford Senior High,school,2025,bully_rate_per_1k,0
Stafford Senior High,school,2025,staff_per_1k_students,6.267029972752044
T. Benton Gayle Middle,school,2025,pct_disadv,50.37037037037037
T. Benton Gayle Middle,school,2025,bully_rate_per_1k,0
T. Benton Gayle Middle,school,2025,staff_per_1k_students,4.2328042328042335
Shelburne Middle,school,2025,pct_disadv,46.82675814751286
Shelburne Middle,school,2025,bully_rate_per_1k,0
Shelburne Middle,school,2025,staff_per_1k_students,5.145797598627787
Staunton High,school,2025,pct_disadv,41.66666666666667
Staunton High,school,2025,bully_rate_per_1k,0
Staunton High,school,2025,staff_per_1k_students,3.90625
Colonel Fred Cherry Middle,school,2025,pct_disadv,36.141304347826086
Colonel Fred Cherry Middle,school,2025,bully_rate_per_1k,0
Colonel Fred Cherry Middle,school,2025,staff_per_1k_students,5.434782608695652
Forest Glen Middle,school,2025,pct_disadv,41.10854503464203
Forest Glen Middle,school,2025,bully_rate_per_1k,0
Forest Glen Middle,school,2025,staff_per_1k_students,11.547344110854503
John F. Kennedy Middle,school,2025,pct_disadv,61.044176706827315
John F. Kennedy Middle,school,2025,bully_rate_per_1k,0
John F. Kennedy Middle,school,2025,staff_per_1k_students,18.072289156626507
John Yeates Middle,school,2025,pct_disadv,21.218074656188605
John Yeates Middle,school,2025,bully_rate_per_1k,0
John Yeates Middle,school,2025,staff_per_1k_students,11.787819253438114
King's Fork High,school,2025,pct_disadv,46.8564650059312
King's Fork High,school,2025,bully_rate_per_1k,0
King's Fork High,school,2025,staff_per_1k_students,6.524317912218268
King's Fork Middle,school,2025,pct_disadv,51.41987829614605
King's Fork Middle,school,2025,bully_rate_per_1k,0
King's Fork Middle,school,2025,staff_per_1k_students,9.1277890466531435
Lakeland High,school,2025,pct_disadv,49.904580152671755
Lakeland High,school,2025,bully_rate_per_1k,0
Lakeland High,school,2025,staff_per_1k_students,7.633587786259541
Nansemond River High,school,2025,pct_disadv,28.104575163398692
Nansemond River High,school,2025,bully_rate_per_1k,0
Nansemond River High,school,2025,staff_per_1k_students,7.1301247771836005
Luther P. Jackson Middle,school,2025,pct_disadv,59.20398009950249
Luther P. Jackson Middle,school,2025,bully_rate_per_1k,0
Luther P. Jackson Middle,school,2025,staff_per_1k_students,4.975124378109452
Surry County High,school,2025,pct_disadv,48.258706467661696
Surry County High,school,2025,bully_rate_per_1k,0
Surry County High,school,2025,staff_per_1k_students,4.975124378109452
Sussex Central High,school,2025,pct_disadv,63.74622356495468
Sussex Central High,school,2025,bully_rate_per_1k,0
Sussex Central High,school,2025,staff_per_1k_students,16.132930513595166
Sussex Central Middle,school,2025,pct_disadv,72.26890756302521
Sussex Central Middle,school,2025,bully_rate_per_1k,0
Sussex Central Middle,school,2025,staff_per_1k_students,13.991596638655462
Graham High,school,2025,pct_disadv,44.73684210526316
Graham High,school,2025,bully_rate_per_1k,0
Graham High,school,2025,staff_per_1k_students,6.0728744939271255
Graham Middle,school,2025,pct_disadv,47.1976401179941
Graham Middle,school,2025,bully_rate_per_1k,0
Graham Middle,school,2025,staff_per_1k_students,5.899705014749262
Richlands High,school,2025,pct_disadv,58.52782764811491
Richlands High,school,2025,bully_rate_per_1k,0
Richlands High,school,2025,staff_per_1k_students,5.3859964093357275
Richlands Middle,school,2025,pct_disadv,59.28411633109619
Richlands Middle,school,2025,bully_rate_per_1k,0
Richlands Middle,school,2025,staff_per_1k_students,6.7114093959731544
Tazewell High,school,2025,pct_disadv,54.02750491159135
Tazewell High,school,2025,bully_rate_per_1k,0
Tazewell High,school,2025,staff_per_1k_students,5.893909626719057
Tazewell Middle,school,2025,pct_disadv,64.19098143236074
Tazewell Middle,school,2025,bully_rate_per_1k,0
Tazewell Middle,school,2025,staff_per_1k_students,5.305039787798409
Bayside High,school,2025,pct_disadv,62.776659959758554
Bayside High,school,2025,bully_rate_per_1k,0
Bayside High,school,2025,staff_per_1k_students,4.325955734406438
Bayside Middle,school,2025,pct_disadv,70.06369426751591
Bayside Middle,school,2025,bully_rate_per_1k,0
Bayside Middle,school,2025,staff_per_1k_students,7.006369426751593
Brandon Middle,school,2025,pct_disadv,52.70655270655271
Brandon Middle,school,2025,bully_rate_per_1k,0
Brandon Middle,school,2025,staff_per_1k_students,4.178537511870846
Corporate Landing Middle,school,2025,pct_disadv,52.40480961923848
Corporate Landing Middle,school,2025,bully_rate_per_1k,0
Corporate Landing Middle,school,2025,staff_per_1k_students,4.408817635270542
First Colonial High,school,2025,pct_disadv,47.71279675738275
First Colonial High,school,2025,bully_rate_per_1k,0
First Colonial High,school,2025,staff_per_1k_students,3.705848291835553
Floyd Kellam High,school,2025,pct_disadv,15.98049837486457
Floyd Kellam High,school,2025,bully_rate_per_1k,0
Floyd Kellam High,school,2025,staff_per_1k_students,4.008667388949079
Frank W. Cox High,school,2025,pct_disadv,34.04384896467722
Frank W. Cox High,school,2025,bully_rate_per_1k,0
Frank W. Cox High,school,2025,staff_per_1k_students,3.775883069427527
Great Neck Middle,school,2025,pct_disadv,36.18864292589028
Great Neck Middle,school,2025,bully_rate_per_1k,0
Great Neck Middle,school,2025,staff_per_1k_students,4.042348411934553
Green Run Collegiate,school,2025,pct_disadv,54.73145780051151
Green Run Collegiate,school,2025,bully_rate_per_1k,0
Green Run Collegiate,school,2025,staff_per_1k_students,5.370843989769821
Green Run High,school,2025,pct_disadv,64.80978260869566
Green Run High,school,2025,bully_rate_per_1k,0
Green Run High,school,2025,staff_per_1k_students,5.095108695652174
Independence Middle — Virginia Beach City,school,2025,pct_disadv,58.34031852472757
Independence Middle — Virginia Beach City,school,2025,bully_rate_per_1k,0
Independence Middle — Virginia Beach City,school,2025,staff_per_1k_students,3.688181056160939
Kempsville High,school,2025,pct_disadv,50.02430724355859
Kempsville High,school,2025,bully_rate_per_1k,0
Kempsville High,school,2025,staff_per_1k_students,3.597472046669908
Kempsville Middle,school,2025,pct_disadv,50.137362637362635
Kempsville Middle,school,2025,bully_rate_per_1k,0
Kempsville Middle,school,2025,staff_per_1k_students,4.395604395604396
Landstown High,school,2025,pct_disadv,43.57904496986555
Landstown High,school,2025,bully_rate_per_1k,0
Landstown High,school,2025,staff_per_1k_students,3.9870190078813166
Landstown Middle,school,2025,pct_disadv,44.0251572327044
Landstown Middle,school,2025,bully_rate_per_1k,0
Landstown Middle,school,2025,staff_per_1k_students,3.852201257861635
Larkspur Middle,school,2025,pct_disadv,62.30717639168344
Larkspur Middle,school,2025,bully_rate_per_1k,0
Larkspur Middle,school,2025,staff_per_1k_students,3.755868544600939
Lynnhaven Middle,school,2025,pct_disadv,53.0949105914718
Lynnhaven Middle,school,2025,bully_rate_per_1k,0
Lynnhaven Middle,school,2025,staff_per_1k_students,6.052269601100413
Ocean Lakes High,school,2025,pct_disadv,35.290918977705275
Ocean Lakes High,school,2025,bully_rate_per_1k,0
Ocean Lakes High,school,2025,staff_per_1k_students,4.023926046764546
Old Donation School,school,2025,pct_disadv,20.47930283224401
Old Donation School,school,2025,bully_rate_per_1k,0
Old Donation School,school,2025,staff_per_1k_students,3.1953522149600584
Plaza Middle,school,2025,pct_disadv,54.50145208131656
Plaza Middle,school,2025,bully_rate_per_1k,0
Plaza Middle,school,2025,staff_per_1k_students,3.7754114230396905
Princess Anne High,school,2025,pct_disadv,37.9987722529159
Princess Anne High,school,2025,bully_rate_per_1k,0
Princess Anne High,school,2025,staff_per_1k_students,3.928790669122161
Princess Anne Middle,school,2025,pct_disadv,17.304860088365242
Princess Anne Middle,school,2025,bully_rate_per_1k,0
Princess Anne Middle,school,2025,staff_per_1k_students,3.829160530191458
Salem High — Virginia Beach City,school,2025,pct_disadv,40.294117647058826
Salem High — Virginia Beach City,school,2025,bully_rate_per_1k,0
Salem High — Virginia Beach City,school,2025,staff_per_1k_students,3.764705882352941
Salem Middle,school,2025,pct_disadv,41.97761194029851
Salem Middle,school,2025,bully_rate_per_1k,0
Salem Middle,school,2025,staff_per_1k_students,4.1044776119402995
Tallwood High,school,2025,pct_disadv,54.34439178515008
Tallwood High,school,2025,bully_rate_per_1k,0
Tallwood High,school,2025,staff_per_1k_students,4.002106371774618
Virginia Beach Middle,school,2025,pct_disadv,50.43731778425656
Virginia Beach Middle,school,2025,bully_rate_per_1k,0
Virginia Beach Middle,school,2025,staff_per_1k_students,4.227405247813412
Skyline High,school,2025,pct_disadv,42.94117647058823
Skyline High,school,2025,bully_rate_per_1k,0
Skyline High,school,2025,staff_per_1k_students,3.5294117647058827
Skyline Middle — Warren County,school,2025,pct_disadv,45.06517690875233
Skyline Middle — Warren County,school,2025,bully_rate_per_1k,0
Skyline Middle — Warren County,school,2025,staff_per_1k_students,3.7243947858473
Warren County High,school,2025,pct_disadv,35.400516795865634
Warren County High,school,2025,bully_rate_per_1k,0
Warren County High,school,2025,staff_per_1k_students,3.875968992248062
Warren County Middle,school,2025,pct_disadv,36.666666666666664
Warren County Middle,school,2025,bully_rate_per_1k,0
Warren County Middle,school,2025,staff_per_1k_students,3.5087719298245617
Abingdon High,school,2025,pct_disadv,36.235038084874866
Abingdon High,school,2025,bully_rate_per_1k,0
Abingdon High,school,2025,staff_per_1k_students,3.264417845484222
Damascus Middle,school,2025,pct_disadv,53.191489361702125
Damascus Middle,school,2025,bully_rate_per_1k,0
Damascus Middle,school,2025,staff_per_1k_students,5.319148936170213
E.B. Stanley Middle,school,2025,pct_disadv,33.68740515933232
E.B. Stanley Middle,school,2025,bully_rate_per_1k,0
E.B. Stanley Middle,school,2025,staff_per_1k_students,3.0349013657056148
Glade Spring Middle,school,2025,pct_disadv,51.75438596491229
Glade Spring Middle,school,2025,bully_rate_per_1k,0
Glade Spring Middle,school,2025,staff_per_1k_students,4.385964912280701
Holston High,school,2025,pct_disadv,46.875
Holston High,school,2025,bully_rate_per_1k,0
Holston High,school,2025,staff_per_1k_students,3.90625
John S. Battle High,school,2025,pct_disadv,32.57328990228013
John S. Battle High,school,2025,bully_rate_per_1k,0
John S. Battle High,school,2025,staff_per_1k_students,4.885993485342019
Patrick Henry High — Washington County,school,2025,pct_disadv,46.32911392405064
Patrick Henry High — Washington County,school,2025,bully_rate_per_1k,0
Patrick Henry High — Washington County,school,2025,staff_per_1k_students,2.5316455696202533
Wallace Middle,school,2025,pct_disadv,42.88939051918736
Wallace Middle,school,2025,bully_rate_per_1k,0
Wallace Middle,school,2025,staff_per_1k_students,2.257336343115124
Kate Collins Middle,school,2025,pct_disadv,50.16611295681063
Kate Collins Middle,school,2025,bully_rate_per_1k,0
Kate Collins Middle,school,2025,staff_per_1k_students,4.651162790697675
Waynesboro High,school,2025,pct_disadv,48.004314994606254
Waynesboro High,school,2025,bully_rate_per_1k,0
Waynesboro High,school,2025,staff_per_1k_students,2.804746494066882
West Point Middle/High,school,2025,pct_disadv,40.09216589861751
West Point Middle/High,school,2025,bully_rate_per_1k,0
West Point Middle/High,school,2025,staff_per_1k_students,4.608294930875576
Montross Middle,school,2025,pct_disadv,52.69461077844312
Montross Middle,school,2025,bully_rate_per_1k,0
Montross Middle,school,2025,staff_per_1k_students,2.9940119760479043
Westmoreland High,school,2025,pct_disadv,51.434426229508205
Westmoreland High,school,2025,bully_rate_per_1k,0
Westmoreland High,school,2025,staff_per_1k_students,4.0983606557377055
Berkeley Middle,school,2025,pct_disadv,34.68468468468468
Berkeley Middle,school,2025,bully_rate_per_1k,0
Berkeley Middle,school,2025,staff_per_1k_students,3.003003003003003
James Blair Middle,school,2025,pct_disadv,40.11857707509881
James Blair Middle,school,2025,bully_rate_per_1k,0
James Blair Middle,school,2025,staff_per_1k_students,3.952569169960474
Jamestown High,school,2025,pct_disadv,26.04501607717042
Jamestown High,school,2025,bully_rate_per_1k,0
Jamestown High,school,2025,staff_per_1k_students,5.627009646302251
Lafayette High,school,2025,pct_disadv,36.69064748201439
Lafayette High,school,2025,bully_rate_per_1k,0
Lafayette High,school,2025,staff_per_1k_students,5.595523581135092
Lois Hornsby Middle,school,2025,pct_disadv,34.285714285714285
Lois Hornsby Middle,school,2025,bully_rate_per_1k,0
Lois Hornsby Middle,school,2025,staff_per_1k_students,3.7267080745341614
Toano Middle,school,2025,pct_disadv,32.8125
Toano Middle,school,2025,bully_rate_per_1k,0
Toano Middle,school,2025,staff_per_1k_students,4.261363636363636
Warhill High,school,2025,pct_disadv,36.356528537920255
Warhill High,school,2025,bully_rate_per_1k,0
Warhill High,school,2025,staff_per_1k_students,5.473025801407349
Daniel Morgan Intermediate,school,2025,pct_disadv,60.86956521739131
Daniel Morgan Intermediate,school,2025,bully_rate_per_1k,0
Daniel Morgan Intermediate,school,2025,staff_per_1k_students,2.1913043478260867
Daniel Morgan Middle,school,2025,pct_disadv,61.52647975077882
Daniel Morgan Middle,school,2025,bully_rate_per_1k,0
Daniel Morgan Middle,school,2025,staff_per_1k_students,5.077881619937695
John Handley High,school,2025,pct_disadv,62.30712711241734
John Handley High,school,2025,bully_rate_per_1k,0
John Handley High,school,2025,staff_per_1k_students,6.994856722997795
Central High — Wise County,school,2025,pct_disadv,55.47337278106509
Central High — Wise County,school,2025,bully_rate_per_1k,0
Central High — Wise County,school,2025,staff_per_1k_students,4.437869822485207
Coeburn Middle,school,2025,pct_disadv,74.67105263157895
Coeburn Middle,school,2025,bully_rate_per_1k,0
Coeburn Middle,school,2025,staff_per_1k_students,3.289473684210526
Eastside High,school,2025,pct_disadv,65.78947368421053
Eastside High,school,2025,bully_rate_per_1k,0
Eastside High,school,2025,staff_per_1k_students,5.980861244019139
L.F. Addington Middle,school,2025,pct_disadv,56.58914728682171
L.F. Addington Middle,school,2025,bully_rate_per_1k,0
L.F. Addington Middle,school,2025,staff_per_1k_students,5.167958656330749
Union High,school,2025,pct_disadv,65.0709219858156
Union High,school,2025,bully_rate_per_1k,0
Union High,school,2025,staff_per_1k_students,5.319148936170213
Union Middle,school,2025,pct_disadv,69.16221033868094
Union Middle,school,2025,bully_rate_per_1k,0
Union Middle,school,2025,staff_per_1k_students,3.5650623885918
Fort Chiswell High,school,2025,pct_disadv,39.17274939172749
Fort Chiswell High,school,2025,bully_rate_per_1k,0
Fort Chiswell High,school,2025,staff_per_1k_students,7.299270072992701
Fort Chiswell Middle,school,2025,pct_disadv,48.589341692789965
Fort Chiswell Middle,school,2025,bully_rate_per_1k,0
Fort Chiswell Middle,school,2025,staff_per_1k_students,3.134796238244514
George Wythe High,school,2025,pct_disadv,44.575471698113205
George Wythe High,school,2025,bully_rate_per_1k,0
George Wythe High,school,2025,staff_per_1k_students,4.716981132075471
Rural Retreat High,school,2025,pct_disadv,41.333333333333336
Rural Retreat High,school,2025,bully_rate_per_1k,0
Rural Retreat High,school,2025,staff_per_1k_students,4.666666666666666
Rural Retreat Middle,school,2025,pct_disadv,43.64406779661017
Rural Retreat Middle,school,2025,bully_rate_per_1k,0
Rural Retreat Middle,school,2025,staff_per_1k_students,4.237288135593221
Scott Memorial Middle,school,2025,pct_disadv,45.90163934426229
Scott Memorial Middle,school,2025,bully_rate_per_1k,0
Scott Memorial Middle,school,2025,staff_per_1k_students,3.278688524590164
Bruton High,school,2025,pct_disadv,30.843706777316736
Bruton High,school,2025,bully_rate_per_1k,0
Bruton High,school,2025,staff_per_1k_students,4.149377593360996
Grafton High,school,2025,pct_disadv,25.182186234817816
Grafton High,school,2025,bully_rate_per_1k,0
Grafton High,school,2025,staff_per_1k_students,3.2388663967611335
Grafton Middle,school,2025,pct_disadv,25.933831376734258
Grafton Middle,school,2025,bully_rate_per_1k,0
Grafton Middle,school,2025,staff_per_1k_students,3.2017075773746
Queens Lake Middle,school,2025,pct_disadv,32.12996389891697
Queens Lake Middle,school,2025,bully_rate_per_1k,0
Queens Lake Middle,school,2025,staff_per_1k_students,3.6101083032490977
Tabb High,school,2025,pct_disadv,21.837088388214905
Tabb High,school,2025,bully_rate_per_1k,0
Tabb High,school,2025,staff_per_1k_students,3.4662045060658575
Tabb Middle,school,2025,pct_disadv,27.789256198347108
Tabb Middle,school,2025,bully_rate_per_1k,0
Tabb Middle,school,2025,staff_per_1k_students,3.0991735537190084
York High,school,2025,pct_disadv,26.715945089757128
York High,school,2025,bully_rate_per_1k,0
York High,school,2025,staff_per_1k_students,4.223864836325237
York River Academy,school,2025,pct_disadv,30.555555555555557
York River Academy,school,2025,bully_rate_per_1k,0
York River Academy,school,2025,staff_per_1k_students,13.888888888888888
Yorktown Middle,school,2025,pct_disadv,33.751743375174335
Yorktown Middle,school,2025,bully_rate_per_1k,0
Yorktown Middle,school,2025,staff_per_1k_students,4.184100418410042
