label,locality_grouping,name,value
State Average,state,pct_disadv,42.67048891418733
State Average,state,staff_per_1k_students,7.6892658636881475
Central Virginia,region,pct_disadv,44.57371977486568
Central Virginia,region,staff_per_1k_students,7.889818369639881
Northern Neck,region,pct_disadv,45.91102406915972
Northern Neck,region,staff_per_1k_students,6.343388223842025
Northern Virginia,region,pct_disadv,36.136320795677655
Northern Virginia,region,staff_per_1k_students,8.417010659725385
Southside,region,pct_disadv,56.36398763523957
Southside,region,staff_per_1k_students,4.772024729520865
Southwest,region,pct_disadv,51.484385040483225
Southwest,region,staff_per_1k_students,5.489814933813134
Tidewater,region,pct_disadv,46.41454009896784
Tidewater,region,staff_per_1k_students,7.521353342693333
Valley,region,pct_disadv,43.57732292382994
Valley,region,staff_per_1k_students,8.210630637919179
Western Virginia,region,pct_disadv,49.21524802114076
Western Virginia,region,staff_per_1k_students,6.914090959607808
Accomack County,division,pct_disadv,67.2723339822626
Accomack County,division,staff_per_1k_students,5.624053644819382
Albemarle County,division,pct_disadv,27.56649968249488
Albemarle County,division,staff_per_1k_students,8.232554857828266
Alexandria City,division,pct_disadv,46.48769036296875
Alexandria City,division,staff_per_1k_students,16.342623246854874
Alleghany County,division,pct_disadv,46.95187165775401
Alleghany County,division,staff_per_1k_students,3.5650623885918
Amelia County,division,pct_disadv,49.5
Amelia County,division,staff_per_1k_students,6.25
Amherst County,division,pct_disadv,57.769230769230774
Amherst County,division,staff_per_1k_students,5.897435897435898
Appomattox County,division,pct_disadv,43.9487814952499
Appomattox County,division,staff_per_1k_students,7.847996695580339
Arlington County,division,pct_disadv,25.577074251411418
Arlington County,division,staff_per_1k_students,10.108268419924247
Augusta County,division,pct_disadv,37.29767074615081
Augusta County,division,staff_per_1k_students,9.946703513620214
Bath County,division,pct_disadv,48.722986247544206
Bath County,division,staff_per_1k_students,10.805500982318271
Bedford County,division,pct_disadv,36.18450515002239
Bedford County,division,staff_per_1k_students,7.61307657859382
Bland County,division,pct_disadv,52.32273838630807
Bland County,division,staff_per_1k_students,3.667481662591687
Botetourt County,division,pct_disadv,33.00180831826401
Botetourt County,division,staff_per_1k_students,5.424954792043399
Bristol City,division,pct_disadv,56.4836179049377
Bristol City,division,staff_per_1k_students,8.306414397784955
Brunswick County,division,pct_disadv,69.6128560993426
Brunswick County,division,staff_per_1k_students,4.7479912344777215
Buchanan County,division,pct_disadv,51.68393782383419
Buchanan County,division,staff_per_1k_students,5.829015544041451
Buckingham County,division,pct_disadv,49.892933618843685
Buckingham County,division,staff_per_1k_students,5.8886509635974305
Buena Vista City,division,pct_disadv,44.35665914221219
Buena Vista City,division,staff_per_1k_students,7.336343115124154
Campbell County,division,pct_disadv,46.03317474604603
Campbell County,division,staff_per_1k_students,6.043461489006043
Caroline County,division,pct_disadv,46.24125874125874
Caroline County,division,staff_per_1k_students,7.648601398601399
Carroll County,division,pct_disadv,57.99883653286795
Carroll County,division,staff_per_1k_students,3.9557882489819662
Charles City County,division,pct_disadv,64.81835564053537
Charles City County,division,staff_per_1k_students,7.648183556405353
Charlotte County,division,pct_disadv,53.3684827182191
Charlotte County,division,staff_per_1k_students,4.100761570005858
Charlottesville City,division,pct_disadv,52.397029034436194
Charlottesville City,division,staff_per_1k_students,13.916272788656311
Chesapeake City,division,pct_disadv,32.11503010937692
Chesapeake City,division,staff_per_1k_students,9.472778665355785
Chesterfield County,division,pct_disadv,40.79590375696455
Chesterfield County,division,staff_per_1k_students,7.672674074765774
Clarke County,division,pct_disadv,33.58050847457627
Clarke County,division,staff_per_1k_students,7.680084745762712
Colonial Beach,division,pct_disadv,59.696458684654296
Colonial Beach,division,staff_per_1k_students,7.588532883642495
Colonial Heights City,division,pct_disadv,61.22517670817906
Colonial Heights City,division,staff_per_1k_students,5.048805116122518
Craig County,division,pct_disadv,46.15384615384615
Craig County,division,staff_per_1k_students,5.9171597633136095
Culpeper County,division,pct_disadv,41.29578809211311
Culpeper County,division,staff_per_1k_students,7.755637752058227
Cumberland County,division,pct_disadv,57.981220657277
Cumberland County,division,staff_per_1k_students,2.347417840375587
Danville City,division,pct_disadv,79.6765498652291
Danville City,division,staff_per_1k_students,8.80503144654088
Dickenson County,division,pct_disadv,52.08217656857301
Dickenson County,division,staff_per_1k_students,8.217656857301499
Dinwiddie County,division,pct_disadv,48.44540853217643
Dinwiddie County,division,staff_per_1k_students,6.025548324897565
Essex County,division,pct_disadv,57.14285714285714
Essex County,division,staff_per_1k_students,5.4945054945054945
Fairfax County,division,pct_disadv,40.879938856212405
Fairfax County,division,staff_per_1k_students,9.885576933727666
Falls Church City,division,pct_disadv,10.496824803884945
Falls Church City,division,staff_per_1k_students,10.459469555472545
Fauquier County,division,pct_disadv,24.362397569284596
Fauquier County,division,staff_per_1k_students,6.85940521130651
Floyd County,division,pct_disadv,41.95678271308523
Floyd County,division,staff_per_1k_students,4.921968787515006
Fluvanna County,division,pct_disadv,35.483870967741936
Fluvanna County,division,staff_per_1k_students,5.728067530901417
Franklin City,division,pct_disadv,55.733333333333334
Franklin City,division,staff_per_1k_students,17.77777777777778
Franklin County,division,pct_disadv,50.859387788508755
Franklin County,division,staff_per_1k_students,11.442134555573745
Frederick County,division,pct_disadv,44.95812859021386
Frederick County,division,staff_per_1k_students,6.070316284864004
Fredericksburg City,division,pct_disadv,52.863436123348016
Fredericksburg City,division,staff_per_1k_students,8.755506607929515
Galax City,division,pct_disadv,60.111576011157595
Galax City,division,staff_per_1k_students,7.949790794979079
Giles County,division,pct_disadv,40.6993006993007
Giles County,division,staff_per_1k_students,3.3566433566433567
Gloucester County,division,pct_disadv,45.036319612590795
Gloucester County,division,staff_per_1k_students,5.782889426957223
Goochland County,division,pct_disadv,29.05788876276958
Goochland County,division,staff_per_1k_students,5.675368898978434
Grayson County,division,pct_disadv,60.858424087123645
Grayson County,division,staff_per_1k_students,5.445227418321589
Greene County,division,pct_disadv,44.50035945363048
Greene County,division,staff_per_1k_students,7.584471603163193
Greensville County,division,pct_disadv,78.82994546355975
Greensville County,division,staff_per_1k_students,4.4620723847297965
Halifax County,division,pct_disadv,57.40329035126723
Halifax County,division,staff_per_1k_students,2.6678523788350375
Hampton City,division,pct_disadv,54.27471116816432
Hampton City,division,staff_per_1k_students,6.546854942233633
Hanover County,division,pct_disadv,26.783158396946565
Hanover County,division,staff_per_1k_students,8.289599236641223
Harrisonburg City,division,pct_disadv,51.26777077531878
Harrisonburg City,division,staff_per_1k_students,10.597977429283306
Henrico County,division,pct_disadv,41.275826852070075
Henrico County,division,staff_per_1k_students,6.756225940765182
Henry County,division,pct_disadv,64.83516483516483
Henry County,division,staff_per_1k_students,6.289762868710238
Highland County,division,pct_disadv,46.15384615384615
Highland County,division,staff_per_1k_students,6.73076923076923
Hopewell City,division,pct_disadv,77.67653758542141
Hopewell City,division,staff_per_1k_students,9.060997215894709
Isle of Wight County,division,pct_disadv,32.107265809023374
Isle of Wight County,division,staff_per_1k_students,5.627831128827686
King George County,division,pct_disadv,31.27312295973885
King George County,division,staff_per_1k_students,4.570184983677911
King William County,division,pct_disadv,42.857142857142854
King William County,division,staff_per_1k_students,5.676442762535478
King and Queen County,division,pct_disadv,45.335515548281506
King and Queen County,division,staff_per_1k_students,5.728314238952537
Lancaster County,division,pct_disadv,56.581532416502945
Lancaster County,division,staff_per_1k_students,11.787819253438114
Lee County,division,pct_disadv,65.03708698583951
Lee County,division,staff_per_1k_students,5.900202292650034
Lexington City,division,pct_disadv,30.66914498141264
Lexington City,division,staff_per_1k_students,3.717472118959108
Loudoun County,division,pct_disadv,24.643899090441053
Loudoun County,division,staff_per_1k_students,7.509745274461252
Louisa County,division,pct_disadv,45.10686164229472
Louisa County,division,staff_per_1k_students,5.2493438320209975
Lunenburg County,division,pct_disadv,58.40202916930881
Lunenburg County,division,staff_per_1k_students,6.341154090044388
Lynchburg City,division,pct_disadv,66.28586265091523
Lynchburg City,division,staff_per_1k_students,14.020511489030248
Madison County,division,pct_disadv,37.1374527112232
Madison County,division,staff_per_1k_students,5.674653215636822
Manassas City,division,pct_disadv,43.70351037452695
Manassas City,division,staff_per_1k_students,10.244029753360303
Manassas Park City,division,pct_disadv,54.907161803713535
Manassas Park City,division,staff_per_1k_students,6.4839375184202765
Martinsville City,division,pct_disadv,69.8271054099275
Martinsville City,division,staff_per_1k_students,8.365867261572783
Mathews County,division,pct_disadv,41.21365360303413
Mathews County,division,staff_per_1k_students,8.849557522123893
Mecklenburg County,division,pct_disadv,53.41694394676222
Mecklenburg County,division,staff_per_1k_students,5.1190171487074485
Middlesex County,division,pct_disadv,63.570856685348275
Middlesex County,division,staff_per_1k_students,5.604483586869495
Montgomery County,division,pct_disadv,37.536904259805986
Montgomery County,division,staff_per_1k_students,4.955714888232813
Nelson County,division,pct_disadv,52.04286671131949
Nelson County,division,staff_per_1k_students,6.363027461486939
New Kent County,division,pct_disadv,28.55543113101904
New Kent County,division,staff_per_1k_students,5.039193729003359
Newport News City,division,pct_disadv,57.74881425211122
Newport News City,division,staff_per_1k_students,6.979524158408206
Norfolk City,division,pct_disadv,59.21214608124743
Norfolk City,division,staff_per_1k_students,9.139403887044429
Northampton County,division,pct_disadv,66.6923076923077
Northampton County,division,staff_per_1k_students,10.807692307692308
Northumberland County,division,pct_disadv,54.90533562822719
Northumberland County,division,staff_per_1k_students,6.049913941480207
Norton City,division,pct_disadv,55.2046783625731
Norton City,division,staff_per_1k_students,3.04093567251462
Nottoway County,division,pct_disadv,73.9542665923034
Nottoway County,division,staff_per_1k_students,7.808142777467931
Orange County,division,pct_disadv,43.7007874015748
Orange County,division,staff_per_1k_students,5.708661417322834
Page County,division,pct_disadv,46.944349607374534
Page County,division,staff_per_1k_students,4.779788323659952
Patrick County,division,pct_disadv,51.4486391571554
Patrick County,division,staff_per_1k_students,3.950834064969272
Petersburg City,division,pct_disadv,69.38018332605849
Petersburg City,division,staff_per_1k_students,5.674378000872982
Pittsylvania County,division,pct_disadv,36.01072659941259
Pittsylvania County,division,staff_per_1k_students,5.66722002298557
Poquoson City,division,pct_disadv,25.375302663438255
Poquoson City,division,staff_per_1k_students,5.326876513317191
Portsmouth City,division,pct_disadv,68.00402757338703
Portsmouth City,division,staff_per_1k_students,7.977693439702579
Powhatan County,division,pct_disadv,25.189904435187454
Powhatan County,division,staff_per_1k_students,5.48885077186964
Prince Edward County,division,pct_disadv,37.289972899728994
Prince Edward County,division,staff_per_1k_students,1.084010840108401
Prince George County,division,pct_disadv,55.73058993730912
Prince George County,division,staff_per_1k_students,4.902748754219578
Prince William County,division,pct_disadv,34.01780886912577
Prince William County,division,staff_per_1k_students,5.609683434662194
Pulaski County,division,pct_disadv,43.62599771949829
Pulaski County,division,staff_per_1k_students,5.24515393386545
Radford City,division,pct_disadv,44.61446144614462
Radford City,division,staff_per_1k_students,4.671467146714671
Rappahannock County,division,pct_disadv,34.62532299741602
Rappahannock County,division,staff_per_1k_students,9.04392764857881
Richmond City,division,pct_disadv,66.07551220422832
Richmond City,division,staff_per_1k_students,13.907686563681336
Richmond County,division,pct_disadv,50.21428571428571
Richmond County,division,staff_per_1k_students,5
Roanoke City,division,pct_disadv,61.672549160844206
Roanoke City,division,staff_per_1k_students,8.761074695670963
Roanoke County,division,pct_disadv,36.09493302271404
Roanoke County,division,staff_per_1k_students,7.061735585323238
Rockbridge County,division,pct_disadv,43.51145038167939
Rockbridge County,division,staff_per_1k_students,6.026516673362796
Rockingham County,division,pct_disadv,41.88092594174426
Rockingham County,division,staff_per_1k_students,6.483300589390963
Russell County,division,pct_disadv,52.16741405082213
Russell County,division,staff_per_1k_students,6.038863976083707
Salem City,division,pct_disadv,45.08032128514056
Salem City,division,staff_per_1k_students,4.593373493975904
Scott County,division,pct_disadv,45.491509208323365
Scott County,division,staff_per_1k_students,7.175316909830184
Shenandoah County,division,pct_disadv,53.92963416768774
Shenandoah County,division,staff_per_1k_students,5.601260283563802
Smyth County,division,pct_disadv,55.8432131623518
Smyth County,division,staff_per_1k_students,4.234212436486813
Southampton County,division,pct_disadv,45.2814219212865
Southampton County,division,staff_per_1k_students,5.50148116800677
Spotsylvania County,division,pct_disadv,45.98879435567545
Spotsylvania County,division,staff_per_1k_students,6.8935463789167875
Stafford County,division,pct_disadv,45.19567391847962
Stafford County,division,staff_per_1k_students,5.838959739934984
Staunton City,division,pct_disadv,47.624350408314776
Staunton City,division,staff_per_1k_students,4.268745360059391
Suffolk City,division,pct_disadv,41.56370126304228
Suffolk City,division,staff_per_1k_students,8.44316309719934
Surry County,division,pct_disadv,54.7550432276657
Surry County,division,staff_per_1k_students,7.204610951008645
Sussex County,division,pct_disadv,71.82425978987584
Sussex County,division,staff_per_1k_students,10.506208213944603
Tazewell County,division,pct_disadv,57.92955827982098
Tazewell County,division,staff_per_1k_students,6.030356100408641
Virginia Beach City,division,pct_disadv,45.505453311324686
Virginia Beach City,division,staff_per_1k_students,6.300232942011324
Warren County,division,pct_disadv,43.01331743192208
Warren County,division,staff_per_1k_students,5.167958656330749
Washington County,division,pct_disadv,37.75398132894014
Washington County,division,staff_per_1k_students,3.912685337726524
Waynesboro City,division,pct_disadv,53.843626806833115
Waynesboro City,division,staff_per_1k_students,6.208935611038108
West Point,division,pct_disadv,37.129300118623966
West Point,division,staff_per_1k_students,5.931198102016607
Westmoreland County,division,pct_disadv,54.76493011435832
Westmoreland County,division,staff_per_1k_students,4.447268106734435
Williamsburg-James City County,division,pct_disadv,34.00119362264473
Williamsburg-James City County,division,staff_per_1k_students,8.397987893256033
Winchester City,division,pct_disadv,58.780375974323704
Winchester City,division,staff_per_1k_students,6.086657496561211
Wise County,division,pct_disadv,64.71707907942552
Wise County,division,staff_per_1k_students,6.310780411835958
Wythe County,division,pct_disadv,47.53879079721776
Wythe County,division,staff_per_1k_students,6.581059390048154
York County,division,pct_disadv,29.776937618147446
York County,division,staff_per_1k_students,5.4442344045368625
Arcadia High,school,pct_disadv,71.07558139534885
Arcadia High,school,staff_per_1k_students,4.3604651162790695
Arcadia Middle,school,pct_disadv,81.2366737739872
Arcadia Middle,school,staff_per_1k_students,4.264392324093817
Chincoteague High,school,pct_disadv,49.44649446494465
Chincoteague High,school,staff_per_1k_students,3.690036900369003
Nandua High,school,pct_disadv,69.08212560386472
Nandua High,school,staff_per_1k_students,4.830917874396135
Nandua Middle,school,pct_disadv,72.24669603524228
Nandua Middle,school,staff_per_1k_students,6.607929515418502
Albemarle High,school,pct_disadv,29.620253164556964
Albemarle High,school,staff_per_1k_students,10.379746835443038
Community Lab School,school,pct_disadv,NA
Community Lab School,school,staff_per_1k_students,16.101694915254235
Jackson P. Burley Middle,school,pct_disadv,37.19626168224299
Jackson P. Burley Middle,school,staff_per_1k_students,5.607476635514018
Joseph T. Henley Middle,school,pct_disadv,12.868949232585598
Joseph T. Henley Middle,school,staff_per_1k_students,5.112160566706022
Journey Middle,school,pct_disadv,44.907407407407405
Journey Middle,school,staff_per_1k_students,7.716049382716049
Lakeside Middle,school,pct_disadv,25.217391304347824
Lakeside Middle,school,staff_per_1k_students,5.217391304347826
Leslie H. Walton Middle,school,pct_disadv,32.743362831858406
Leslie H. Walton Middle,school,staff_per_1k_students,8.849557522123893
Monticello High,school,pct_disadv,31.318219983207392
Monticello High,school,staff_per_1k_students,8.39630562552477
Western Albemarle High,school,pct_disadv,11.852433281004709
Western Albemarle High,school,staff_per_1k_students,6.279434850863423
Alexandria City High,school,pct_disadv,42.44434931506849
Alexandria City High,school,staff_per_1k_students,14.875856164383562
Francis C. Hammond Middle,school,pct_disadv,52.911709455228554
Francis C. Hammond Middle,school,staff_per_1k_students,15.028177833437695
George Washington Middle,school,pct_disadv,43.912448700410394
George Washington Middle,school,staff_per_1k_students,15.047879616963064
Alleghany High,school,pct_disadv,46.15384615384615
Alleghany High,school,staff_per_1k_students,3.663003663003663
Covington Middle,school,pct_disadv,46.464646464646464
Covington Middle,school,staff_per_1k_students,3.3670033670033668
Amelia County High,school,pct_disadv,50.3875968992248
Amelia County High,school,staff_per_1k_students,3.875968992248062
Amelia County Middle,school,pct_disadv,54.57516339869281
Amelia County Middle,school,staff_per_1k_students,6.5359477124183005
Amherst County High,school,pct_disadv,59.51612903225807
Amherst County High,school,staff_per_1k_students,4.032258064516129
Amherst Middle,school,pct_disadv,50.673854447439346
Amherst Middle,school,staff_per_1k_students,2.6954177897574128
Monelison Middle,school,pct_disadv,58.2089552238806
Monelison Middle,school,staff_per_1k_students,4.264392324093817
Appomattox County High,school,pct_disadv,41.17647058823529
Appomattox County High,school,staff_per_1k_students,5.471956224350205
Appomattox Middle,school,pct_disadv,42.066420664206646
Appomattox Middle,school,staff_per_1k_students,9.22509225092251
Arlington Community High,school,pct_disadv,16.025641025641026
Arlington Community High,school,staff_per_1k_students,22.43589743589743
Dorothy Hamm Middle,school,pct_disadv,19.57618567103935
Dorothy Hamm Middle,school,staff_per_1k_students,7.568113017154389
Gunston Middle,school,pct_disadv,33.33333333333333
Gunston Middle,school,staff_per_1k_students,7.4487895716946
Jefferson Middle,school,pct_disadv,45.673505798394295
Jefferson Middle,school,staff_per_1k_students,8.474576271186441
Kenmore Middle,school,pct_disadv,33.27014218009479
Kenmore Middle,school,staff_per_1k_students,8.530805687203792
Swanson Middle,school,pct_disadv,21.227364185110662
Swanson Middle,school,staff_per_1k_students,6.5392354124748495
Wakefield High,school,pct_disadv,29.675716440422324
Wakefield High,school,staff_per_1k_students,7.352941176470588
Washington-Liberty High,school,pct_disadv,29.475409836065573
Washington-Liberty High,school,staff_per_1k_students,6.426229508196722
Williamsburg Middle,school,pct_disadv,2.6837806301050176
Williamsburg Middle,school,staff_per_1k_students,4.667444574095682
Yorktown High,school,pct_disadv,16.153846153846153
Yorktown High,school,staff_per_1k_students,6.5
Buffalo Gap High,school,pct_disadv,30.73170731707317
Buffalo Gap High,school,staff_per_1k_students,4.878048780487805
Buffalo Gap Middle,school,pct_disadv,33.33333333333333
Buffalo Gap Middle,school,staff_per_1k_students,7.017543859649123
Fort Defiance High,school,pct_disadv,36.11491108071135
Fort Defiance High,school,staff_per_1k_students,5.471956224350205
Riverheads High,school,pct_disadv,33.190578158458244
Riverheads High,school,staff_per_1k_students,4.282655246252677
Riverheads Middle,school,pct_disadv,31.420765027322407
Riverheads Middle,school,staff_per_1k_students,8.196721311475411
S. Gordon Stewart Middle,school,pct_disadv,34.883720930232556
S. Gordon Stewart Middle,school,staff_per_1k_students,9.689922480620154
Stuarts Draft High,school,pct_disadv,35.17964071856288
Stuarts Draft High,school,staff_per_1k_students,4.985029940119761
Stuarts Draft Middle,school,pct_disadv,34.63035019455253
Stuarts Draft Middle,school,staff_per_1k_students,6.3229571984435795
Wilson Memorial High,school,pct_disadv,31.42174432497013
Wilson Memorial High,school,staff_per_1k_students,3.5842293906810037
Wilson Middle,school,pct_disadv,39.93759750390016
Wilson Middle,school,staff_per_1k_students,6.240249609984399
Bath County High,school,pct_disadv,38.46153846153847
Bath County High,school,staff_per_1k_students,5.4945054945054945
Forest Middle,school,pct_disadv,18.149882903981265
Forest Middle,school,staff_per_1k_students,3.51288056206089
Jefferson Forest High,school,pct_disadv,19.65678627145086
Jefferson Forest High,school,staff_per_1k_students,3.1201248049921997
Liberty High — Bedford County,school,pct_disadv,41.94915254237288
Liberty High — Bedford County,school,staff_per_1k_students,4.237288135593221
Liberty Middle — Bedford County,school,pct_disadv,53.28185328185329
Liberty Middle — Bedford County,school,staff_per_1k_students,3.8610038610038617
Staunton River High,school,pct_disadv,39.48655256723717
Staunton River High,school,staff_per_1k_students,3.667481662591687
Staunton River Middle,school,pct_disadv,45.26143790849673
Staunton River Middle,school,staff_per_1k_students,3.2679738562091503
Bland County High,school,pct_disadv,51.25725338491296
Bland County High,school,staff_per_1k_students,1.9342359767891684
Central Academy Middle,school,pct_disadv,32.967032967032964
Central Academy Middle,school,staff_per_1k_students,5.4945054945054945
James River High — Botetourt County,school,pct_disadv,35.12931034482759
James River High — Botetourt County,school,staff_per_1k_students,6.4655172413793105
Lord Botetourt High,school,pct_disadv,27.206645898234683
Lord Botetourt High,school,staff_per_1k_students,4.153686396677051
Read Mountain Middle,school,pct_disadv,33.88059701492537
Read Mountain Middle,school,staff_per_1k_students,2.985074626865672
Virginia High,school,pct_disadv,64.89028213166145
Virginia High,school,staff_per_1k_students,3.134796238244514
Virginia Middle,school,pct_disadv,68.80530973451327
Virginia Middle,school,staff_per_1k_students,2.2123893805309733
Brunswick High,school,pct_disadv,66.58415841584159
Brunswick High,school,staff_per_1k_students,6.806930693069307
James S. Russell Middle,school,pct_disadv,67.36111111111111
James S. Russell Middle,school,staff_per_1k_students,3.472222222222222
Council High,school,pct_disadv,66.95652173913044
Council High,school,staff_per_1k_students,4.3478260869565215
Grundy High,school,pct_disadv,55.39772727272727
Grundy High,school,staff_per_1k_students,2.840909090909091
Hurley High,school,pct_disadv,65.97938144329896
Hurley High,school,staff_per_1k_students,5.154639175257732
Twin Valley High,school,pct_disadv,56.98324022346368
Twin Valley High,school,staff_per_1k_students,5.58659217877095
Buckingham County High,school,pct_disadv,50
Buckingham County High,school,staff_per_1k_students,4.643962848297213
Buckingham County Middle,school,pct_disadv,53.8083538083538
Buckingham County Middle,school,staff_per_1k_students,4.914004914004914
Parry McCluer High,school,pct_disadv,45.714285714285715
Parry McCluer High,school,staff_per_1k_students,3.1746031746031744
Parry McCluer Middle,school,pct_disadv,44.44444444444444
Parry McCluer Middle,school,staff_per_1k_students,15.873015873015872
Altavista High,school,pct_disadv,50.99009900990099
Altavista High,school,staff_per_1k_students,4.9504950495049505
Brookville High,school,pct_disadv,34.21828908554572
Brookville High,school,staff_per_1k_students,2.949852507374631
Brookville Middle,school,pct_disadv,38.58024691358025
Brookville Middle,school,staff_per_1k_students,4.62962962962963
Rustburg High,school,pct_disadv,41.02870813397129
Rustburg High,school,staff_per_1k_students,3.5885167464114835
Rustburg Middle,school,pct_disadv,46.48562300319489
Rustburg Middle,school,staff_per_1k_students,4.792332268370607
William Campbell High,school,pct_disadv,54.166666666666664
William Campbell High,school,staff_per_1k_students,5.208333333333333
Caroline High,school,pct_disadv,42.86803966437834
Caroline High,school,staff_per_1k_students,5.339435545385203
Caroline Middle,school,pct_disadv,42.769857433808554
Caroline Middle,school,staff_per_1k_students,6.109979633401222
Carroll County High,school,pct_disadv,55.60928433268859
Carroll County High,school,staff_per_1k_students,3.3849129593810448
Carroll County Middle,school,pct_disadv,60.10709504685408
Carroll County Middle,school,staff_per_1k_students,3.3467202141900936
Charles City County High,school,pct_disadv,63.348416289592755
Charles City County High,school,staff_per_1k_students,4.524886877828055
Central Middle,school,pct_disadv,51.70603674540683
Central Middle,school,staff_per_1k_students,2.6246719160104988
Randolph-Henry High,school,pct_disadv,46.30434782608695
Randolph-Henry High,school,staff_per_1k_students,6.521739130434782
Charlottesville Middle,school,pct_disadv,56.560283687943254
Charlottesville Middle,school,staff_per_1k_students,16.54255319148936
Charlottesville High,school,pct_disadv,50.24288688410826
Charlottesville High,school,staff_per_1k_students,9.715475364330326
Walker Upper Elementary,school,pct_disadv,52.45614035087719
Walker Upper Elementary,school,staff_per_1k_students,11.403508771929824
Crestwood Middle,school,pct_disadv,45.25939177101968
Crestwood Middle,school,staff_per_1k_students,5.366726296958855
Deep Creek High,school,pct_disadv,37.8680800942285
Deep Creek High,school,staff_per_1k_students,6.478209658421672
Deep Creek Middle,school,pct_disadv,41.2303664921466
Deep Creek Middle,school,staff_per_1k_students,6.544502617801047
Grassfield High,school,pct_disadv,12.45748299319728
Grassfield High,school,staff_per_1k_students,5.1020408163265305
Great Bridge High,school,pct_disadv,19.101876675603215
Great Bridge High,school,staff_per_1k_students,6.702412868632708
Great Bridge Middle,school,pct_disadv,13.64329268292683
Great Bridge Middle,school,staff_per_1k_students,5.335365853658537
Greenbrier Middle,school,pct_disadv,29.96207332490518
Greenbrier Middle,school,staff_per_1k_students,7.585335018963337
Hickory High,school,pct_disadv,10.674157303370784
Hickory High,school,staff_per_1k_students,6.242197253433208
Hickory Middle,school,pct_disadv,13.2295719844358
Hickory Middle,school,staff_per_1k_students,5.447470817120622
Hugo A. Owens Middle,school,pct_disadv,22.981366459627328
Hugo A. Owens Middle,school,staff_per_1k_students,5.434782608695652
Indian River High,school,pct_disadv,43.39622641509434
Indian River High,school,staff_per_1k_students,6.695069993913573
Indian River Middle,school,pct_disadv,52.82258064516129
Indian River Middle,school,staff_per_1k_students,5.376344086021506
Jolliff Middle,school,pct_disadv,33.02387267904509
Jolliff Middle,school,staff_per_1k_students,6.631299734748011
Oscar F. Smith High,school,pct_disadv,50.35273368606702
Oscar F. Smith High,school,staff_per_1k_students,5.731922398589065
Oscar Smith Middle,school,pct_disadv,65.87872559095581
Oscar Smith Middle,school,staff_per_1k_students,7.194244604316547
Western Branch High,school,pct_disadv,32.54079254079254
Western Branch High,school,staff_per_1k_students,5.128205128205129
Western Branch Middle,school,pct_disadv,34.731934731934736
Western Branch Middle,school,staff_per_1k_students,6.993006993006993
Bailey Bridge Middle,school,pct_disadv,37.04939919893191
Bailey Bridge Middle,school,staff_per_1k_students,4.672897196261682
Carver College and Career Academy,school,pct_disadv,69.59706959706959
Carver College and Career Academy,school,staff_per_1k_students,18.315018315018317
Carver Middle,school,pct_disadv,58.39340885684861
Carver Middle,school,staff_per_1k_students,7.209062821833162
Clover Hill High,school,pct_disadv,37.68613974799542
Clover Hill High,school,staff_per_1k_students,4.581901489117985
Cosby High,school,pct_disadv,18.839427662957075
Cosby High,school,staff_per_1k_students,4.372019077901431
Elizabeth Davis Middle,school,pct_disadv,44.47695683979517
Elizabeth Davis Middle,school,staff_per_1k_students,5.120702267739576
Falling Creek Middle,school,pct_disadv,63.96396396396396
Falling Creek Middle,school,staff_per_1k_students,4.851004851004851
James River High — Chesterfield County,school,pct_disadv,36.89636462289745
James River High — Chesterfield County,school,staff_per_1k_students,4.3407487791644055
Lloyd C. Bird High,school,pct_disadv,54.02999062792877
Lloyd C. Bird High,school,staff_per_1k_students,5.154639175257732
Manchester High,school,pct_disadv,39.90191707534552
Manchester High,school,staff_per_1k_students,4.012483281319661
Manchester Middle,school,pct_disadv,52.66005410279531
Manchester Middle,school,staff_per_1k_students,6.311992786293959
Matoaca High,school,pct_disadv,43.611793611793615
Matoaca High,school,staff_per_1k_students,4.914004914004914
Matoaca Middle,school,pct_disadv,44.97422680412371
Matoaca Middle,school,staff_per_1k_students,6.443298969072164
Meadowbrook High,school,pct_disadv,58.772378516624045
Meadowbrook High,school,staff_per_1k_students,6.138107416879795
Midlothian High,school,pct_disadv,16.61793372319688
Midlothian High,school,staff_per_1k_students,4.385964912280701
Midlothian Middle,school,pct_disadv,16.003005259203608
Midlothian Middle,school,staff_per_1k_students,5.259203606311044
Monacan High,school,pct_disadv,38.62530413625304
Monacan High,school,staff_per_1k_students,4.866180048661801
Providence Middle,school,pct_disadv,62.66924564796905
Providence Middle,school,staff_per_1k_students,5.802707930367505
Robious Middle,school,pct_disadv,29.972247918593897
Robious Middle,school,staff_per_1k_students,5.550416281221091
Salem Church Middle,school,pct_disadv,62.02964652223489
Salem Church Middle,school,staff_per_1k_students,6.841505131128849
Swift Creek Middle,school,pct_disadv,31.53000845308538
Swift Creek Middle,school,staff_per_1k_students,5.07185122569738
Thomas Dale High,school,pct_disadv,43.07751639028153
Thomas Dale High,school,staff_per_1k_students,4.242190512919398
Tomahawk Creek Middle,school,pct_disadv,16.12121212121212
Tomahawk Creek Middle,school,staff_per_1k_students,4.242424242424243
Clarke County High,school,pct_disadv,29.721815519765737
Clarke County High,school,staff_per_1k_students,4.685212298682284
Johnson-Williams Middle,school,pct_disadv,35.903614457831324
Johnson-Williams Middle,school,staff_per_1k_students,7.228915662650603
Colonial Beach High,school,pct_disadv,61.06194690265486
Colonial Beach High,school,staff_per_1k_students,4.424778761061947
Colonial Heights High,school,pct_disadv,56.43340857787811
Colonial Heights High,school,staff_per_1k_students,NA
Colonial Heights Middle,school,pct_disadv,64
Colonial Heights Middle,school,staff_per_1k_students,4.285714285714286
Craig County High,school,pct_disadv,44.24460431654676
Craig County High,school,staff_per_1k_students,3.5971223021582737
Culpeper County High,school,pct_disadv,37.04318936877076
Culpeper County High,school,staff_per_1k_students,4.152823920265781
Culpeper Middle,school,pct_disadv,40.48076923076923
Culpeper Middle,school,staff_per_1k_students,3.8461538461538463
Eastern View High,school,pct_disadv,39.04512753433617
Eastern View High,school,staff_per_1k_students,3.924133420536298
Floyd T. Binns Middle,school,pct_disadv,40.96969696969697
Floyd T. Binns Middle,school,staff_per_1k_students,4.848484848484849
Cumberland High,school,pct_disadv,53.475935828877006
Cumberland High,school,staff_per_1k_students,0
Cumberland Middle,school,pct_disadv,63.63636363636363
Cumberland Middle,school,staff_per_1k_students,2.6737967914438503
Galileo Magnet High,school,pct_disadv,60
Galileo Magnet High,school,staff_per_1k_students,3.8461538461538463
George Washington High,school,pct_disadv,79.32692307692307
George Washington High,school,staff_per_1k_students,4.807692307692308
O. Trent Bonner Middle,school,pct_disadv,74.8502994011976
O. Trent Bonner Middle,school,staff_per_1k_students,3.992015968063872
R.I.S.E Academy at the John M. Langston Campus,school,pct_disadv,94.47852760736195
R.I.S.E Academy at the John M. Langston Campus,school,staff_per_1k_students,12.269938650306749
Westwood Middle,school,pct_disadv,85.82554517133957
Westwood Middle,school,staff_per_1k_students,3.115264797507788
Ridgeview High,school,pct_disadv,45.8029197080292
Ridgeview High,school,staff_per_1k_students,5.109489051094891
Ridgeview Middle,school,pct_disadv,50.51194539249146
Ridgeview Middle,school,staff_per_1k_students,4.778156996587031
Dinwiddie County High,school,pct_disadv,42.18873909595559
Dinwiddie County High,school,staff_per_1k_students,3.1720856463124503
Dinwiddie County Middle,school,pct_disadv,50.21739130434783
Dinwiddie County Middle,school,staff_per_1k_students,5.434782608695652
Essex High,school,pct_disadv,53.68956743002544
Essex High,school,staff_per_1k_students,2.544529262086514
James H. Cary Intermediate,school,pct_disadv,57.859531772575245
James H. Cary Intermediate,school,staff_per_1k_students,0
Annandale High,school,pct_disadv,95.83911234396672
Annandale High,school,staff_per_1k_students,6.472491909385114
Bryant High,school,pct_disadv,87.01298701298701
Bryant High,school,staff_per_1k_students,32.467532467532465
Carson Middle,school,pct_disadv,22.426470588235293
Carson Middle,school,staff_per_1k_students,5.147058823529412
Centreville High,school,pct_disadv,35.87234042553191
Centreville High,school,staff_per_1k_students,6.808510638297872
Chantilly High,school,pct_disadv,23.463497453310698
Chantilly High,school,staff_per_1k_students,6.791171477079796
Cooper Middle,school,pct_disadv,3.9
Cooper Middle,school,staff_per_1k_students,6
Edison High,school,pct_disadv,44.19817470664928
Edison High,school,staff_per_1k_students,7.6053889613211645
Fairfax County Adult High,school,pct_disadv,57.9646017699115
Fairfax County Adult High,school,staff_per_1k_students,NA
Fairfax High,school,pct_disadv,40.323920265780735
Fairfax High,school,staff_per_1k_students,6.852159468438538
Falls Church High,school,pct_disadv,67.72413793103448
Falls Church High,school,staff_per_1k_students,7.816091954022988
Franklin Middle,school,pct_disadv,22.846441947565545
Franklin Middle,school,staff_per_1k_students,6.242197253433208
Frost Middle,school,pct_disadv,17.982799061767004
Frost Middle,school,staff_per_1k_students,5.473025801407349
Glasgow Middle,school,pct_disadv,93.95894428152492
Glasgow Middle,school,staff_per_1k_students,6.744868035190616
Hayfield Secondary,school,pct_disadv,36.88399142944597
Hayfield Secondary,school,staff_per_1k_students,5.5096418732782375
Herndon High,school,pct_disadv,63.1671812968681
Herndon High,school,staff_per_1k_students,6.6166740185266875
Herndon Middle,school,pct_disadv,85.77728776185226
Herndon Middle,school,staff_per_1k_students,5.512679162072767
Holmes Middle,school,pct_disadv,91.05322763306908
Holmes Middle,school,staff_per_1k_students,5.662514156285391
Hughes Middle,school,pct_disadv,48.326771653543304
Hughes Middle,school,staff_per_1k_students,5.413385826771654
Irving Middle,school,pct_disadv,17.462932454695224
Irving Middle,school,staff_per_1k_students,4.942339373970346
Jackson Middle,school,pct_disadv,60.06036217303823
Jackson Middle,school,staff_per_1k_students,6.036217303822937
Johnson Middle,school,pct_disadv,38.87468030690537
Johnson Middle,school,staff_per_1k_students,5.967604433077579
Justice High,school,pct_disadv,97.2869860110216
Justice High,school,staff_per_1k_students,6.994489190334888
Key Middle,school,pct_disadv,89.61593172119487
Key Middle,school,staff_per_1k_students,7.823613086770981
Kilmer Middle,school,pct_disadv,23.36911643270025
Kilmer Middle,school,staff_per_1k_students,5.780346820809248
Kings Glen Elementary,school,pct_disadv,28.721174004192875
Kings Glen Elementary,school,staff_per_1k_students,2.0964360587002098
Lake Braddock Secondary,school,pct_disadv,24.02348159855498
Lake Braddock Secondary,school,staff_per_1k_students,5.193045834274102
Langley High,school,pct_disadv,5.4945054945054945
Langley High,school,staff_per_1k_students,5.952380952380952
Lewis High,school,pct_disadv,95.0572634116938
Lewis High,school,staff_per_1k_students,8.1374321880651
Liberty Middle — Fairfax County,school,pct_disadv,44.32314410480349
Liberty Middle — Fairfax County,school,staff_per_1k_students,6.004366812227074
Longfellow Middle,school,pct_disadv,11.328443357783213
Longfellow Middle,school,staff_per_1k_students,4.88997555012225
Madison High,school,pct_disadv,13.371537726838586
Madison High,school,staff_per_1k_students,6.20821394460363
Marshall High,school,pct_disadv,28.268710550045085
Marshall High,school,staff_per_1k_students,7.664562669071236
McLean High,school,pct_disadv,14.848236259228877
McLean High,school,staff_per_1k_students,6.152584085315833
Mount Vernon High,school,pct_disadv,64.53862660944206
Mount Vernon High,school,staff_per_1k_students,8.047210300429184
Mountain View High — Fairfax County,school,pct_disadv,71.03448275862068
Mountain View High — Fairfax County,school,staff_per_1k_students,41.37931034482759
Oakton High,school,pct_disadv,17.8734756097561
Oakton High,school,staff_per_1k_students,6.097560975609756
Poe Middle,school,pct_disadv,94.6590909090909
Poe Middle,school,staff_per_1k_students,7.386363636363636
Robinson Secondary,school,pct_disadv,15.529285330467491
Robinson Secondary,school,staff_per_1k_students,5.910800644814616
Rocky Run Middle,school,pct_disadv,24.441964285714285
Rocky Run Middle,school,staff_per_1k_students,5.580357142857143
Sandburg Middle,school,pct_disadv,58.60597439544808
Sandburg Middle,school,staff_per_1k_students,5.689900426742533
South County High,school,pct_disadv,26.293308020882773
South County High,school,staff_per_1k_students,6.644518272425249
South County Middle,school,pct_disadv,26.48305084745763
South County Middle,school,staff_per_1k_students,6.355932203389831
South Lakes High,school,pct_disadv,38
South Lakes High,school,staff_per_1k_students,6.938775510204081
Stone Middle,school,pct_disadv,45.29085872576177
Stone Middle,school,staff_per_1k_students,6.925207756232687
Thomas Jefferson High for Science and Technology,school,pct_disadv,16.816674561819042
Thomas Jefferson High for Science and Technology,school,staff_per_1k_students,6.1582188536238744
Thoreau Middle,school,pct_disadv,20.4
Thoreau Middle,school,staff_per_1k_students,4.8
Twain Middle,school,pct_disadv,40
Twain Middle,school,staff_per_1k_students,6.310679611650485
West Potomac High,school,pct_disadv,54.20353982300885
West Potomac High,school,staff_per_1k_students,6.6371681415929205
West Springfield High,school,pct_disadv,18.83232467070132
West Springfield High,school,staff_per_1k_students,5.33997864008544
Westfield High,school,pct_disadv,39.74545454545454
Westfield High,school,staff_per_1k_students,5.454545454545455
Whitman Middle,school,pct_disadv,74.9699157641396
Whitman Middle,school,staff_per_1k_students,6.618531889290012
Woodson High,school,pct_disadv,16.8369431957499
Woodson High,school,staff_per_1k_students,5.925623212096444
Mary Ellen Henderson Middle School,school,pct_disadv,9.936908517350158
Mary Ellen Henderson Middle School,school,staff_per_1k_students,6.309148264984227
Meridian High School,school,pct_disadv,12.597547380156076
Meridian High School,school,staff_per_1k_students,7.803790412486065
Auburn Middle — Fauquier County,school,pct_disadv,12.280701754385964
Auburn Middle — Fauquier County,school,staff_per_1k_students,3.5087719298245617
Cedar Lee Middle,school,pct_disadv,34.030197444831586
Cedar Lee Middle,school,staff_per_1k_students,2.3228803716608595
Fauquier High,school,pct_disadv,23.09688581314879
Fauquier High,school,staff_per_1k_students,6.920415224913495
Kettle Run High,school,pct_disadv,10.893617021276595
Kettle Run High,school,staff_per_1k_students,5.957446808510639
Liberty High — Fauquier County,school,pct_disadv,31.683168316831683
Liberty High — Fauquier County,school,staff_per_1k_students,6.092916984006093
Marshall Middle,school,pct_disadv,26.056338028169012
Marshall Middle,school,staff_per_1k_students,4.694835680751174
W.C. Taylor Middle,school,pct_disadv,19.743178170144464
W.C. Taylor Middle,school,staff_per_1k_students,2.407704654895666
Floyd County High,school,pct_disadv,37.87425149700599
Floyd County High,school,staff_per_1k_students,4.491017964071856
Fluvanna County High,school,pct_disadv,32.45227606461087
Fluvanna County High,school,staff_per_1k_students,5.139500734214391
Fluvanna Middle,school,pct_disadv,31.860776439089697
Fluvanna Middle,school,staff_per_1k_students,5.35475234270415
Franklin High,school,pct_disadv,66.86507936507937
Franklin High,school,staff_per_1k_students,13.888888888888888
Benjamin Franklin Middle,school,pct_disadv,49.34876989869754
Benjamin Franklin Middle,school,staff_per_1k_students,10.130246020260492
Franklin County High,school,pct_disadv,46.64893617021277
Franklin County High,school,staff_per_1k_students,5.319148936170213
Admiral Richard E. Byrd Middle,school,pct_disadv,40.211019929660026
Admiral Richard E. Byrd Middle,school,staff_per_1k_students,2.3446658851113713
Frederick County Middle,school,pct_disadv,41.66666666666667
Frederick County Middle,school,staff_per_1k_students,5.560109289617487
James Wood High,school,pct_disadv,36.47540983606557
James Wood High,school,staff_per_1k_students,4.0983606557377055
James Wood Middle,school,pct_disadv,49.36998854524628
James Wood Middle,school,staff_per_1k_students,4.581901489117985
Millbrook High,school,pct_disadv,53.09677419354839
Millbrook High,school,staff_per_1k_students,5.806451612903226
Robert E. Aylor Middle,school,pct_disadv,43.43786295005807
Robert E. Aylor Middle,school,staff_per_1k_students,4.645760743321719
Sherando High,school,pct_disadv,41.201716738197426
Sherando High,school,staff_per_1k_students,3.678724708767627
James Monroe High,school,pct_disadv,49.40828402366864
James Monroe High,school,staff_per_1k_students,5.9171597633136095
Walker-Grant Middle,school,pct_disadv,62.78195488721805
Walker-Grant Middle,school,staff_per_1k_students,5.012531328320802
Galax High,school,pct_disadv,55.55555555555556
Galax High,school,staff_per_1k_students,10.648148148148149
Galax Middle,school,pct_disadv,58.2089552238806
Galax Middle,school,staff_per_1k_students,2.985074626865672
Giles High,school,pct_disadv,34.33962264150943
Giles High,school,staff_per_1k_students,3.7735849056603774
Narrows High,school,pct_disadv,39
Narrows High,school,staff_per_1k_students,3.3333333333333335
Gloucester High,school,pct_disadv,42.571059431524546
Gloucester High,school,staff_per_1k_students,3.875968992248062
Page Middle,school,pct_disadv,50.08726003490401
Page Middle,school,staff_per_1k_students,1.7452006980802792
Peasley Middle,school,pct_disadv,45.48672566371682
Peasley Middle,school,staff_per_1k_students,3.5398230088495577
Goochland High,school,pct_disadv,27.41176470588235
Goochland High,school,staff_per_1k_students,4.705882352941176
Goochland Middle,school,pct_disadv,30.519480519480517
Goochland Middle,school,staff_per_1k_students,3.246753246753247
Grayson County High,school,pct_disadv,55.09761388286334
Grayson County High,school,staff_per_1k_students,4.3383947939262475
Independence Middle — Grayson County,school,pct_disadv,61.07142857142858
Independence Middle — Grayson County,school,staff_per_1k_students,3.571428571428571
William Monroe High,school,pct_disadv,43.86149003147954
William Monroe High,school,staff_per_1k_students,6.9254984260230845
William Monroe Middle,school,pct_disadv,50
William Monroe Middle,school,staff_per_1k_students,5.536912751677852
Edward W. Wyatt Middle,school,pct_disadv,76.33928571428571
Edward W. Wyatt Middle,school,staff_per_1k_students,4.464285714285714
Greensville County High,school,pct_disadv,76.1986301369863
Greensville County High,school,staff_per_1k_students,3.4246575342465753
Halifax County High,school,pct_disadv,51.4018691588785
Halifax County High,school,staff_per_1k_students,2.336448598130841
Halifax County Middle,school,pct_disadv,55.96221959858324
Halifax County Middle,school,staff_per_1k_students,2.361275088547816
Benjamin Syms Middle,school,pct_disadv,59.57696827262045
Benjamin Syms Middle,school,staff_per_1k_students,4.700352526439483
Bethel High,school,pct_disadv,55.172413793103445
Bethel High,school,staff_per_1k_students,5.652911249293386
C. Alton Lindsay Middle,school,pct_disadv,65.84967320261438
C. Alton Lindsay Middle,school,staff_per_1k_students,4.901960784313726
Cesar Tarrant Middle,school,pct_disadv,63.22930800542741
Cesar Tarrant Middle,school,staff_per_1k_students,2.7137042062415193
Francis W. Jones Magnet Middle,school,pct_disadv,43.3931484502447
Francis W. Jones Magnet Middle,school,staff_per_1k_students,3.2626427406199023
Hampton High,school,pct_disadv,62.903225806451616
Hampton High,school,staff_per_1k_students,6.1443932411674345
Kecoughtan High,school,pct_disadv,46.58944658944659
Kecoughtan High,school,staff_per_1k_students,5.7915057915057915
Phoebus High,school,pct_disadv,58.01581595974119
Phoebus High,school,staff_per_1k_students,6.4701653486700215
Thomas Eaton Middle,school,pct_disadv,56.970740103270224
Thomas Eaton Middle,school,staff_per_1k_students,5.163511187607574
Atlee High,school,pct_disadv,17.210884353741495
Atlee High,school,staff_per_1k_students,6.122448979591836
Bell Creek Middle,school,pct_disadv,35.65891472868217
Bell Creek Middle,school,staff_per_1k_students,4.4296788482834994
Chickahominy Middle,school,pct_disadv,17.514595496246873
Chickahominy Middle,school,staff_per_1k_students,4.170141784820684
Hanover High,school,pct_disadv,14.158636026686434
Hanover High,school,staff_per_1k_students,7.4128984432913265
Liberty Middle — Hanover County,school,pct_disadv,40.10989010989011
Liberty Middle — Hanover County,school,staff_per_1k_students,9.89010989010989
Mechanicsville High,school,pct_disadv,30.522088353413658
Mechanicsville High,school,staff_per_1k_students,8.032128514056224
Oak Knoll Middle,school,pct_disadv,14.733178654292342
Oak Knoll Middle,school,staff_per_1k_students,6.960556844547564
Patrick Henry High — Hanover County,school,pct_disadv,34.38948995363214
Patrick Henry High — Hanover County,school,staff_per_1k_students,8.500772797527048
Harrisonburg High,school,pct_disadv,47.79559118236472
Harrisonburg High,school,staff_per_1k_students,9.01803607214429
Rocktown High,school,pct_disadv,49.11067193675889
Rocktown High,school,staff_per_1k_students,7.905138339920948
Skyline Middle — Harrisonburg City,school,pct_disadv,54.20054200542005
Skyline Middle — Harrisonburg City,school,staff_per_1k_students,5.420054200542006
Thomas Harrison Middle,school,pct_disadv,43.7094682230869
Thomas Harrison Middle,school,staff_per_1k_students,5.188067444876784
Brookland Middle,school,pct_disadv,56.963249516441
Brookland Middle,school,staff_per_1k_students,3.8684719535783367
Deep Run High,school,pct_disadv,11.847389558232932
Deep Run High,school,staff_per_1k_students,3.0120481927710845
Douglas S. Freeman High,school,pct_disadv,36.20414673046252
Douglas S. Freeman High,school,staff_per_1k_students,3.189792663476874
Elko Middle,school,pct_disadv,58.70503597122302
Elko Middle,school,staff_per_1k_students,7.194244604316547
Fairfield Middle,school,pct_disadv,61.21794871794872
Fairfield Middle,school,staff_per_1k_students,5.3418803418803416
George H. Moody Middle,school,pct_disadv,30.11049723756906
George H. Moody Middle,school,staff_per_1k_students,3.6832412523020257
Glen Allen High,school,pct_disadv,26.405363589479116
Glen Allen High,school,staff_per_1k_students,3.094378545642084
Henrico High,school,pct_disadv,54.84615384615385
Henrico High,school,staff_per_1k_students,4.615384615384616
Hermitage High,school,pct_disadv,51.30890052356021
Hermitage High,school,staff_per_1k_students,4.072134962187318
Highland Springs High,school,pct_disadv,53.42323651452282
Highland Springs High,school,staff_per_1k_students,4.668049792531121
Holman Middle,school,pct_disadv,33.29466357308585
Holman Middle,school,staff_per_1k_students,3.480278422273782
Hungary Creek Middle,school,pct_disadv,29.73621103117506
Hungary Creek Middle,school,staff_per_1k_students,3.5971223021582737
John Randolph Tucker High,school,pct_disadv,39.72795497185741
John Randolph Tucker High,school,staff_per_1k_students,2.8142589118198873
John Rolfe Middle,school,pct_disadv,61.556064073226544
John Rolfe Middle,school,staff_per_1k_students,6.864988558352402
L. Douglas Wilder Middle,school,pct_disadv,52.90237467018469
L. Douglas Wilder Middle,school,staff_per_1k_students,5.277044854881266
Mills E. Godwin High,school,pct_disadv,22.38542890716804
Mills E. Godwin High,school,staff_per_1k_students,3.5252643948296125
Pocahontas Middle,school,pct_disadv,24.945295404814004
Pocahontas Middle,school,staff_per_1k_students,3.282275711159737
Quioccasin Middle,school,pct_disadv,42.64007597340931
Quioccasin Middle,school,staff_per_1k_students,3.798670465337133
Short Pump Middle,school,pct_disadv,14.772727272727272
Short Pump Middle,school,staff_per_1k_students,3.787878787878788
Tuckahoe Middle,school,pct_disadv,29.71274685816876
Tuckahoe Middle,school,staff_per_1k_students,3.5906642728904847
Varina High,school,pct_disadv,55.633802816901415
Varina High,school,staff_per_1k_students,6.338028169014085
Bassett High,school,pct_disadv,68.94353369763205
Bassett High,school,staff_per_1k_students,4.553734061930784
Fieldale-Collinsville Middle,school,pct_disadv,71.71717171717171
Fieldale-Collinsville Middle,school,staff_per_1k_students,3.787878787878788
Laurel Park Middle,school,pct_disadv,66.7574931880109
Laurel Park Middle,school,staff_per_1k_students,4.768392370572207
Magna Vista High,school,pct_disadv,62.85963382737576
Magna Vista High,school,staff_per_1k_students,4.795117698343505
Highland High,school,pct_disadv,41.74757281553398
Highland High,school,staff_per_1k_students,4.854368932038835
Carter G. Woodson Middle,school,pct_disadv,81.3200498132005
Carter G. Woodson Middle,school,staff_per_1k_students,6.226650062266501
Hopewell High,school,pct_disadv,73.90158172231986
Hopewell High,school,staff_per_1k_students,7.0298769771529
Georgie D. Tyler Middle,school,pct_disadv,32.065217391304344
Georgie D. Tyler Middle,school,staff_per_1k_students,4.9184782608695645
Smithfield High,school,pct_disadv,30.786686838124055
Smithfield High,school,staff_per_1k_students,3.623298033282905
Smithfield Middle,school,pct_disadv,28.31858407079646
Smithfield Middle,school,staff_per_1k_students,4.884955752212389
Westside Elementary,school,pct_disadv,37.976539589442815
Westside Elementary,school,staff_per_1k_students,6.099706744868035
Windsor High,school,pct_disadv,31.10236220472441
Windsor High,school,staff_per_1k_students,5.4921259842519685
King George High,school,pct_disadv,28.2943143812709
King George High,school,staff_per_1k_students,5.351170568561873
King George Middle,school,pct_disadv,31.602914389799636
King George Middle,school,staff_per_1k_students,3.6429872495446265
Hamilton Holmes Middle,school,pct_disadv,40
Hamilton Holmes Middle,school,staff_per_1k_students,3.370786516853933
King William High,school,pct_disadv,40.729927007299274
King William High,school,staff_per_1k_students,2.9197080291970803
Central High — King and Queen County,school,pct_disadv,43.39622641509434
Central High — King and Queen County,school,staff_per_1k_students,3.7735849056603774
Lancaster High,school,pct_disadv,60.19900497512438
Lancaster High,school,staff_per_1k_students,9.950248756218905
Elydale Middle,school,pct_disadv,71.42857142857143
Elydale Middle,school,staff_per_1k_students,7.518796992481203
Jonesville Middle,school,pct_disadv,58.44155844155844
Jonesville Middle,school,staff_per_1k_students,0
Lee High,school,pct_disadv,66.3760896637609
Lee High,school,staff_per_1k_students,2.4906600249066004
Pennington Middle,school,pct_disadv,77.6978417266187
Pennington Middle,school,staff_per_1k_students,0
Thomas Walker High,school,pct_disadv,60.48109965635739
Thomas Walker High,school,staff_per_1k_students,3.436426116838488
Lylburn Downing Middle,school,pct_disadv,32.085561497326204
Lylburn Downing Middle,school,staff_per_1k_students,5.347593582887701
Belmont Ridge Middle,school,pct_disadv,20.782851817334578
Belmont Ridge Middle,school,staff_per_1k_students,3.727865796831314
Blue Ridge Middle,school,pct_disadv,15.87743732590529
Blue Ridge Middle,school,staff_per_1k_students,4.178272980501393
Brambleton Middle,school,pct_disadv,10.90128755364807
Brambleton Middle,school,staff_per_1k_students,4.291845493562231
Briar Woods High,school,pct_disadv,11.796246648793565
Briar Woods High,school,staff_per_1k_students,4.82573726541555
Broad Run High,school,pct_disadv,28.233034571062745
Broad Run High,school,staff_per_1k_students,4.481434058898848
Dominion High,school,pct_disadv,45.67307692307692
Dominion High,school,staff_per_1k_students,3.2967032967032965
Eagle Ridge Middle,school,pct_disadv,11.517077045274029
Eagle Ridge Middle,school,staff_per_1k_students,3.971405877680698
Farmwell Station Middle,school,pct_disadv,30.925737538148525
Farmwell Station Middle,school,staff_per_1k_students,4.0691759918616475
Freedom High — Loudoun County,school,pct_disadv,16.41949152542373
Freedom High — Loudoun County,school,staff_per_1k_students,4.766949152542373
Harmony Middle,school,pct_disadv,11.559139784946236
Harmony Middle,school,staff_per_1k_students,4.480286738351254
Harper Park Middle,school,pct_disadv,31.23543123543124
Harper Park Middle,school,staff_per_1k_students,4.662004662004662
Heritage High — Loudoun County,school,pct_disadv,33.15290933694182
Heritage High — Loudoun County,school,staff_per_1k_students,5.412719891745603
Independence High,school,pct_disadv,10.03683241252302
Independence High,school,staff_per_1k_students,4.6040515653775325
J. Lupton Simpson Middle,school,pct_disadv,27.45995423340961
J. Lupton Simpson Middle,school,staff_per_1k_students,4.576659038901602
J. Michael Lunsford Middle,school,pct_disadv,16.666666666666664
J. Michael Lunsford Middle,school,staff_per_1k_students,4.230118443316413
John Champe High,school,pct_disadv,20.485175202156334
John Champe High,school,staff_per_1k_students,4.598382749326145
Lightridge High,school,pct_disadv,9.793307086614174
Lightridge High,school,staff_per_1k_students,4.675196850393701
Loudoun County High,school,pct_disadv,24.43778110944528
Loudoun County High,school,staff_per_1k_students,4.497751124437781
Loudoun Valley High,school,pct_disadv,14.991334488734836
Loudoun Valley High,school,staff_per_1k_students,5.199306759098787
Gum Spring Middle,school,pct_disadv,18.30020562028787
Gum Spring Middle,school,staff_per_1k_students,4.112405757368061
Park View High,school,pct_disadv,65.08498583569406
Park View High,school,staff_per_1k_students,4.24929178470255
Potomac Falls High,school,pct_disadv,34.25480769230769
Potomac Falls High,school,staff_per_1k_students,4.507211538461538
River Bend Middle,school,pct_disadv,38.69832893579595
River Bend Middle,school,staff_per_1k_students,5.277044854881266
Riverside High,school,pct_disadv,17.763541059988352
Riverside High,school,staff_per_1k_students,4.368083867210251
Rock Ridge High,school,pct_disadv,18.929016189290163
Rock Ridge High,school,staff_per_1k_students,4.35865504358655
Seneca Ridge Middle,school,pct_disadv,46.51972157772622
Seneca Ridge Middle,school,staff_per_1k_students,5.800464037122969
Smart's Mill Middle,school,pct_disadv,34.537246049661405
Smart's Mill Middle,school,staff_per_1k_students,3.386004514672686
Sterling Middle,school,pct_disadv,67.3890608875129
Sterling Middle,school,staff_per_1k_students,5.159958720330238
Stone Bridge High,school,pct_disadv,18.82640586797066
Stone Bridge High,school,staff_per_1k_students,4.584352078239609
Stone Hill Middle,school,pct_disadv,17.539267015706805
Stone Hill Middle,school,staff_per_1k_students,3.4904013961605584
Trailside Middle,school,pct_disadv,19.628647214854112
Trailside Middle,school,staff_per_1k_students,3.5366931918656053
Tuscarora High,school,pct_disadv,36.52173913043478
Tuscarora High,school,staff_per_1k_students,5.0724637681159415
W.O. Robey High,school,pct_disadv,93.22033898305084
W.O. Robey High,school,staff_per_1k_students,16.949152542372882
Watson Mountain Middle,school,pct_disadv,11.819887429643527
Watson Mountain Middle,school,staff_per_1k_students,5.628517823639775
Willard Middle,school,pct_disadv,8.2541567695962
Willard Middle,school,staff_per_1k_students,3.5629453681710217
Woodgrove High,school,pct_disadv,12.20597584233948
Woodgrove High,school,staff_per_1k_students,5.08582326764145
Louisa County High,school,pct_disadv,45.409119300437226
Louisa County High,school,staff_per_1k_students,2.4984384759525295
Louisa County Middle,school,pct_disadv,45.08529650690495
Louisa County Middle,school,staff_per_1k_students,4.061738424045491
Central High — Lunenburg County,school,pct_disadv,52.58620689655172
Central High — Lunenburg County,school,staff_per_1k_students,8.081896551724139
Lunenburg Middle,school,pct_disadv,54.83870967741935
Lunenburg Middle,school,staff_per_1k_students,8.064516129032258
E.C. Glass High,school,pct_disadv,55.16393442622951
E.C. Glass High,school,staff_per_1k_students,8.196721311475411
Heritage High — Lynchburg City,school,pct_disadv,67.65498652291106
Heritage High — Lynchburg City,school,staff_per_1k_students,7.187780772686433
Linkhorne Middle,school,pct_disadv,63.58381502890174
Linkhorne Middle,school,staff_per_1k_students,9.633911368015411
Paul Laurence Dunbar Middle for Innovation,school,pct_disadv,61.5819209039548
Paul Laurence Dunbar Middle for Innovation,school,staff_per_1k_students,9.416195856873822
Sandusky Middle,school,pct_disadv,78.3876500857633
Sandusky Middle,school,staff_per_1k_students,6.861063464837049
Madison County High,school,pct_disadv,32.64150943396226
Madison County High,school,staff_per_1k_students,3.7735849056603774
William H. Wetsel Middle,school,pct_disadv,36.51685393258427
William H. Wetsel Middle,school,staff_per_1k_students,5.617977528089887
Baldwin Intermediate,school,pct_disadv,51.53846153846153
Baldwin Intermediate,school,staff_per_1k_students,3.8461538461538463
Grace E. Metz Middle,school,pct_disadv,45.184518451845186
Grace E. Metz Middle,school,staff_per_1k_students,13.95139513951395
Mayfield Intermediate,school,pct_disadv,43.214285714285715
Mayfield Intermediate,school,staff_per_1k_students,10.714285714285714
Osbourn High,school,pct_disadv,40.00868809730669
Osbourn High,school,staff_per_1k_students,5.647263249348393
Manassas Park High,school,pct_disadv,51.540616246498594
Manassas Park High,school,staff_per_1k_students,5.602240896358543
Manassas Park Middle,school,pct_disadv,54.980079681274894
Manassas Park Middle,school,staff_per_1k_students,5.3120849933598935
Martinsville High,school,pct_disadv,67.4074074074074
Martinsville High,school,staff_per_1k_students,5.555555555555555
Martinsville Middle,school,pct_disadv,72.60981912144703
Martinsville Middle,school,staff_per_1k_students,5.167958656330749
Mathews High,school,pct_disadv,34.4311377245509
Mathews High,school,staff_per_1k_students,5.9880239520958085
Thomas Hunter Middle,school,pct_disadv,45.45454545454545
Thomas Hunter Middle,school,staff_per_1k_students,5.681818181818182
Mecklenburg County High,school,pct_disadv,48.1578947368421
Mecklenburg County High,school,staff_per_1k_students,2.631578947368421
Mecklenburg County Middle,school,pct_disadv,56.04395604395605
Mecklenburg County Middle,school,staff_per_1k_students,2.442002442002442
Middlesex High,school,pct_disadv,62.43243243243243
Middlesex High,school,staff_per_1k_students,8.108108108108109
St. Clare Walker Middle,school,pct_disadv,66.40926640926641
St. Clare Walker Middle,school,staff_per_1k_students,3.8610038610038617
Auburn High,school,pct_disadv,40.458015267175576
Auburn High,school,staff_per_1k_students,5.089058524173028
Auburn Middle — Montgomery County,school,pct_disadv,42.394822006472495
Auburn Middle — Montgomery County,school,staff_per_1k_students,3.236245954692557
Blacksburg High,school,pct_disadv,21.90760059612519
Blacksburg High,school,staff_per_1k_students,3.725782414307005
Blacksburg Middle,school,pct_disadv,25.078043704474503
Blacksburg Middle,school,staff_per_1k_students,3.1217481789802286
Christiansburg High,school,pct_disadv,37.09226467847158
Christiansburg High,school,staff_per_1k_students,3.727865796831314
Christiansburg Middle,school,pct_disadv,37.56410256410256
Christiansburg Middle,school,staff_per_1k_students,3.8461538461538463
Eastern Montgomery High,school,pct_disadv,53.14960629921261
Eastern Montgomery High,school,staff_per_1k_students,7.874015748031496
Shawsville Middle,school,pct_disadv,65.80310880829016
Shawsville Middle,school,staff_per_1k_students,5.181347150259067
Nelson County High,school,pct_disadv,46.502057613168724
Nelson County High,school,staff_per_1k_students,9.77366255144033
Nelson Middle,school,pct_disadv,50.455927051671736
Nelson Middle,school,staff_per_1k_students,5.319148936170213
New Kent High,school,pct_disadv,25.06989748369059
New Kent High,school,staff_per_1k_students,3.727865796831314
New Kent Middle,school,pct_disadv,28.347406513872137
New Kent Middle,school,staff_per_1k_students,3.618817852834741
Achievable Dream Middle/High,school,pct_disadv,64.05622489959839
Achievable Dream Middle/High,school,staff_per_1k_students,4.016064257028112
B.T. Washington Middle,school,pct_disadv,40.57971014492754
B.T. Washington Middle,school,staff_per_1k_students,4.830917874396135
Crittenden Middle,school,pct_disadv,70.44585987261146
Crittenden Middle,school,staff_per_1k_students,5.095541401273885
Denbigh High,school,pct_disadv,58.89763779527559
Denbigh High,school,staff_per_1k_students,3.149606299212598
Ella J. Fitzgerald Middle,school,pct_disadv,57.04225352112676
Ella J. Fitzgerald Middle,school,staff_per_1k_students,5.030181086519114
Ethel M. Gildersleeve Middle,school,pct_disadv,47.658402203856745
Ethel M. Gildersleeve Middle,school,staff_per_1k_students,1.8365472910927456
Heritage High — Newport News City,school,pct_disadv,70.21660649819495
Heritage High — Newport News City,school,staff_per_1k_students,2.707581227436823
Homer L. Hines Middle,school,pct_disadv,64.85849056603774
Homer L. Hines Middle,school,staff_per_1k_students,4.716981132075471
Huntington Middle,school,pct_disadv,87.71331058020478
Huntington Middle,school,staff_per_1k_students,6.825938566552901
Mary Passage Middle,school,pct_disadv,53.37620578778135
Mary Passage Middle,school,staff_per_1k_students,4.287245444801715
Menchville High,school,pct_disadv,43.358689291983616
Menchville High,school,staff_per_1k_students,3.510825043885313
Warwick High,school,pct_disadv,58.64615384615385
Warwick High,school,staff_per_1k_students,3.692307692307692
Woodside High,school,pct_disadv,41.2037037037037
Woodside High,school,staff_per_1k_students,4.62962962962963
Academy for Discovery at Lakewood,school,pct_disadv,26.251691474966172
Academy for Discovery at Lakewood,school,staff_per_1k_students,2.706359945872802
Azalea Gardens Middle,school,pct_disadv,58.333333333333336
Azalea Gardens Middle,school,staff_per_1k_students,8.838383838383837
Blair Middle,school,pct_disadv,58.54513584574934
Blair Middle,school,staff_per_1k_students,8.76424189307625
Booker T Washington High,school,pct_disadv,68.91592920353983
Booker T Washington High,school,staff_per_1k_students,13.27433628318584
Granby High,school,pct_disadv,55.35353535353536
Granby High,school,staff_per_1k_students,6.0606060606060606
Lake Taylor High,school,pct_disadv,69.19602529358627
Lake Taylor High,school,staff_per_1k_students,9.93676603432701
Matthew Fontaine Maury High,school,pct_disadv,48.161120840630474
Matthew Fontaine Maury High,school,staff_per_1k_students,7.589025102159954
Northside Middle — Norfolk City,school,pct_disadv,59.42622950819673
Northside Middle — Norfolk City,school,staff_per_1k_students,10.92896174863388
Norview High,school,pct_disadv,55.64668769716088
Norview High,school,staff_per_1k_students,8.201892744479496
Norview Middle,school,pct_disadv,67.05685618729098
Norview Middle,school,staff_per_1k_students,7.525083612040134
Ruffner School,school,pct_disadv,87.5
Ruffner School,school,staff_per_1k_students,13.888888888888888
Northampton High,school,pct_disadv,60.84788029925187
Northampton High,school,staff_per_1k_students,16.783042394014963
Northampton Middle,school,pct_disadv,65.88785046728972
Northampton Middle,school,staff_per_1k_students,4.672897196261682
Northumberland High,school,pct_disadv,54.473684210526315
Northumberland High,school,staff_per_1k_students,5.263157894736842
Northumberland Middle,school,pct_disadv,53.04659498207885
Northumberland Middle,school,staff_per_1k_students,6.093189964157705
J.I. Burton High,school,pct_disadv,57.012195121951216
J.I. Burton High,school,staff_per_1k_students,3.353658536585366
Nottoway High,school,pct_disadv,70.45009784735812
Nottoway High,school,staff_per_1k_students,10.76320939334638
Nottoway Intermediate,school,pct_disadv,79.77941176470588
Nottoway Intermediate,school,staff_per_1k_students,3.676470588235294
Nottoway Middle,school,pct_disadv,75.46468401486989
Nottoway Middle,school,staff_per_1k_students,3.717472118959108
Locust Grove Middle,school,pct_disadv,39.2128279883382
Locust Grove Middle,school,staff_per_1k_students,2.9154518950437316
Orange County High,school,pct_disadv,44.73684210526316
Orange County High,school,staff_per_1k_students,3.373819163292848
Prospect Heights Middle,school,pct_disadv,51.28755364806867
Prospect Heights Middle,school,staff_per_1k_students,4.291845493562231
Luray High,school,pct_disadv,43.26710816777042
Luray High,school,staff_per_1k_students,6.622516556291391
Luray Middle,school,pct_disadv,49.84126984126984
Luray Middle,school,staff_per_1k_students,3.1746031746031744
Page County High,school,pct_disadv,42.917547568710354
Page County High,school,staff_per_1k_students,4.2283298097251585
Page County Middle,school,pct_disadv,48.113207547169814
Page County Middle,school,staff_per_1k_students,3.1446540880503147
Hardin Reynolds Memorial School,school,pct_disadv,63.54679802955665
Hardin Reynolds Memorial School,school,staff_per_1k_students,NA
Patrick County High,school,pct_disadv,47.9297365119197
Patrick County High,school,staff_per_1k_students,3.764115432873275
Petersburg High,school,pct_disadv,79.75308641975309
Petersburg High,school,staff_per_1k_students,3.292181069958848
Vernon Johns Middle,school,pct_disadv,76.71232876712328
Vernon Johns Middle,school,staff_per_1k_students,2.107481559536354
Chatham High,school,pct_disadv,43.02134646962233
Chatham High,school,staff_per_1k_students,1.6420361247947457
Chatham Middle,school,pct_disadv,41.37931034482759
Chatham Middle,school,staff_per_1k_students,4.926108374384237
Dan River High,school,pct_disadv,44.25385934819897
Dan River High,school,staff_per_1k_students,5.145797598627787
Dan River Middle,school,pct_disadv,50.11389521640092
Dan River Middle,school,staff_per_1k_students,4.555808656036446
Gretna High,school,pct_disadv,51.87376725838264
Gretna High,school,staff_per_1k_students,5.9171597633136095
Gretna Middle,school,pct_disadv,49.09090909090909
Gretna Middle,school,staff_per_1k_students,5.194805194805195
Tunstall High,school,pct_disadv,40.75
Tunstall High,school,staff_per_1k_students,3.75
Tunstall Middle,school,pct_disadv,39.737274220032845
Tunstall Middle,school,staff_per_1k_students,3.284072249589491
Poquoson High,school,pct_disadv,21.638330757341578
Poquoson High,school,staff_per_1k_students,4.63678516228748
Poquoson Middle,school,pct_disadv,23.21792260692464
Poquoson Middle,school,staff_per_1k_students,4.0733197556008145
Churchland High,school,pct_disadv,58.21305841924399
Churchland High,school,staff_per_1k_students,3.436426116838488
Churchland Middle,school,pct_disadv,63.90977443609023
Churchland Middle,school,staff_per_1k_students,5.012531328320802
Cradock Middle,school,pct_disadv,79.11025145067698
Cradock Middle,school,staff_per_1k_students,5.802707930367505
I.C. Norcom High,school,pct_disadv,77.89890981169475
I.C. Norcom High,school,staff_per_1k_students,3.9643211100099105
Manor High,school,pct_disadv,68.84247171453438
Manor High,school,staff_per_1k_students,5.221932114882507
William E. Waters Middle,school,pct_disadv,71.27272727272728
William E. Waters Middle,school,staff_per_1k_students,5.454545454545455
Powhatan High,school,pct_disadv,21.578947368421055
Powhatan High,school,staff_per_1k_students,3.7593984962406015
Powhatan Middle,school,pct_disadv,25.735294117647054
Powhatan Middle,school,staff_per_1k_students,3.1512605042016806
Prince Edward County High,school,pct_disadv,47.211155378486055
Prince Edward County High,school,staff_per_1k_students,1.99203187250996
Prince Edward Middle,school,pct_disadv,54.03846153846153
Prince Edward Middle,school,staff_per_1k_students,NA
J.E.J. Moore Middle,school,pct_disadv,55.15501081470801
J.E.J. Moore Middle,school,staff_per_1k_students,1.4419610670511895
Prince George High,school,pct_disadv,48.99441340782123
Prince George High,school,staff_per_1k_students,2.793296089385475
Battlefield High,school,pct_disadv,11.223996129656506
Battlefield High,school,staff_per_1k_students,3.8703434929850022
Brentsville District High,school,pct_disadv,22.0536756126021
Brentsville District High,school,staff_per_1k_students,4.667444574095682
Bull Run Middle,school,pct_disadv,30.46944198405669
Bull Run Middle,school,staff_per_1k_students,3.5429583702391496
C.D. Hylton High,school,pct_disadv,32.54691689008043
C.D. Hylton High,school,staff_per_1k_students,3.7533512064343166
Charles J. Colgan Sr. High,school,pct_disadv,22.285906945380983
Charles J. Colgan Sr. High,school,staff_per_1k_students,3.7086985839514495
E.H. Marsteller Middle,school,pct_disadv,20.19064124783362
E.H. Marsteller Middle,school,staff_per_1k_students,3.4662045060658575
Forest Park High,school,pct_disadv,33.20545609548167
Forest Park High,school,staff_per_1k_students,3.836317135549872
Fred M. Lynn Middle,school,pct_disadv,49.89733059548255
Fred M. Lynn Middle,school,staff_per_1k_students,4.106776180698152
Freedom High — Prince William County,school,pct_disadv,47.165729121592385
Freedom High — Prince William County,school,staff_per_1k_students,4.759844223279965
Gainesville High,school,pct_disadv,24.161326799849228
Gainesville High,school,staff_per_1k_students,3.769317753486619
Gainesville Middle,school,pct_disadv,20.883820384889525
Gainesville Middle,school,staff_per_1k_students,3.5637918745545263
Gar-Field High,school,pct_disadv,42.72727272727273
Gar-Field High,school,staff_per_1k_students,3.1620553359683794
George M. Hampton Middle,school,pct_disadv,46.70391061452514
George M. Hampton Middle,school,staff_per_1k_students,3.35195530726257
Graham Park Middle,school,pct_disadv,44.55307262569833
Graham Park Middle,school,staff_per_1k_students,3.4916201117318435
Herbert J. Saunders Middle,school,pct_disadv,25.27105921601334
Herbert J. Saunders Middle,school,staff_per_1k_students,2.5020850708924103
Lake Ridge Middle,school,pct_disadv,27.468099395567496
Lake Ridge Middle,school,staff_per_1k_students,3.3579583613163195
Louise A. Benton Middle,school,pct_disadv,21.19402985074627
Louise A. Benton Middle,school,staff_per_1k_students,3.7313432835820897
Osbourn Park High,school,pct_disadv,29.524166354439863
Osbourn Park High,school,staff_per_1k_students,3.372049456725365
Parkside Middle,school,pct_disadv,38.12684365781711
Parkside Middle,school,staff_per_1k_students,3.687315634218289
Patriot High,school,pct_disadv,20.50395256916996
Patriot High,school,staff_per_1k_students,3.952569169960474
Potomac High,school,pct_disadv,36.96639418710264
Potomac High,school,staff_per_1k_students,3.633060853769301
Potomac Middle,school,pct_disadv,42.97963558413719
Potomac Middle,school,staff_per_1k_students,3.215434083601286
Potomac Shores Middle,school,pct_disadv,29.813160032493908
Potomac Shores Middle,school,staff_per_1k_students,2.437043054427295
Rippon Middle,school,pct_disadv,44.55527847049044
Rippon Middle,school,staff_per_1k_students,3.325020781379884
Ronald Wilson Reagan Middle,school,pct_disadv,14.920194309507288
Ronald Wilson Reagan Middle,school,staff_per_1k_students,3.4698126301179735
Stuart M. Beville Middle,school,pct_disadv,47.377326565143825
Stuart M. Beville Middle,school,staff_per_1k_students,3.3840947546531304
Unity Braxton Middle,school,pct_disadv,46.11742424242424
Unity Braxton Middle,school,staff_per_1k_students,1.893939393939394
Unity Reed High,school,pct_disadv,44.16218856863703
Unity Reed High,school,staff_per_1k_students,3.908158280410357
Woodbridge High,school,pct_disadv,31.129476584022036
Woodbridge High,school,staff_per_1k_students,3.787878787878788
Woodbridge Middle,school,pct_disadv,37.80068728522337
Woodbridge Middle,school,staff_per_1k_students,3.436426116838488
Pulaski County Middle,school,pct_disadv,46.666666666666664
Pulaski County Middle,school,staff_per_1k_students,3.636363636363636
Pulaski County Senior High,school,pct_disadv,39.51682484900776
Pulaski County Senior High,school,staff_per_1k_students,4.3140638481449525
John N. Dalton Intermediate,school,pct_disadv,43.77358490566038
John N. Dalton Intermediate,school,staff_per_1k_students,3.7735849056603774
Radford High,school,pct_disadv,45.25691699604743
Radford High,school,staff_per_1k_students,7.905138339920948
Rappahannock County High,school,pct_disadv,30.914826498422716
Rappahannock County High,school,staff_per_1k_students,3.1545741324921135
Albert Hill Middle,school,pct_disadv,59.20792079207921
Albert Hill Middle,school,staff_per_1k_students,1.98019801980198
Armstrong High,school,pct_disadv,81.66431593794076
Armstrong High,school,staff_per_1k_students,8.462623413258111
Dogwood Middle,school,pct_disadv,71.50537634408603
Dogwood Middle,school,staff_per_1k_students,5.376344086021506
Franklin Military Academy,school,pct_disadv,49.55223880597015
Franklin Military Academy,school,staff_per_1k_students,2.985074626865672
Huguenot High,school,pct_disadv,62.20258327668253
Huguenot High,school,staff_per_1k_students,6.118286879673692
John Marshall High,school,pct_disadv,68.26625386996903
John Marshall High,school,staff_per_1k_students,7.739938080495356
Lucille M. Brown Middle,school,pct_disadv,71.78217821782178
Lucille M. Brown Middle,school,staff_per_1k_students,8.25082508250825
Martin Luther King Jr. Middle,school,pct_disadv,90.6
Martin Luther King Jr. Middle,school,staff_per_1k_students,6
Open High,school,pct_disadv,30.45977011494253
Open High,school,staff_per_1k_students,5.747126436781609
Richmond Success Academy,school,pct_disadv,70.7581227436823
Richmond Success Academy,school,staff_per_1k_students,NA
Richmond Career Education and Employment Charter School,school,pct_disadv,78.125
Richmond Career Education and Employment Charter School,school,staff_per_1k_students,NA
Richmond Community High,school,pct_disadv,40.28436018957346
Richmond Community High,school,staff_per_1k_students,4.739336492890995
Richmond High School for the Arts,school,pct_disadv,60.66308243727598
Richmond High School for the Arts,school,staff_per_1k_students,9.85663082437276
River City Middle,school,pct_disadv,63.47826086956522
River City Middle,school,staff_per_1k_students,5.217391304347826
Thomas C. Boushall Middle,school,pct_disadv,67.31078904991948
Thomas C. Boushall Middle,school,staff_per_1k_students,4.830917874396135
Thomas H. Henderson Middle,school,pct_disadv,74.07407407407408
Thomas H. Henderson Middle,school,staff_per_1k_students,6.944444444444444
Thomas Jefferson High,school,pct_disadv,62.45006657789614
Thomas Jefferson High,school,staff_per_1k_students,6.657789613848202
Rappahannock High,school,pct_disadv,47.069597069597066
Rappahannock High,school,staff_per_1k_students,2.7472527472527473
Addison Aerospace Magnet Middle,school,pct_disadv,73.61623616236163
Addison Aerospace Magnet Middle,school,staff_per_1k_students,13.468634686346864
Breckinridge Middle,school,pct_disadv,62.26158038147139
Breckinridge Middle,school,staff_per_1k_students,5.858310626702998
James Madison Middle,school,pct_disadv,58.069883527454245
James Madison Middle,school,staff_per_1k_students,8.48585690515807
John P. Fishwick Middle,school,pct_disadv,71.33479212253829
John P. Fishwick Middle,school,staff_per_1k_students,7.00218818380744
Patrick Henry High — Roanoke City,school,pct_disadv,56.399026763990264
Patrick Henry High — Roanoke City,school,staff_per_1k_students,6.666666666666666
William Fleming High,school,pct_disadv,61.42131979695431
William Fleming High,school,staff_per_1k_students,6.548223350253807
Woodrow Wilson Middle,school,pct_disadv,53.60655737704918
Woodrow Wilson Middle,school,staff_per_1k_students,9.18032786885246
Cave Spring High,school,pct_disadv,26.673040152963672
Cave Spring High,school,staff_per_1k_students,6.061185468451242
Cave Spring Middle,school,pct_disadv,30.160857908847184
Cave Spring Middle,school,staff_per_1k_students,7.372654155495979
Glenvar High,school,pct_disadv,34.78260869565217
Glenvar High,school,staff_per_1k_students,7.777777777777778
Glenvar Middle,school,pct_disadv,36.72055427251732
Glenvar Middle,school,staff_per_1k_students,10.02309468822171
Hidden Valley High,school,pct_disadv,25.721153846153843
Hidden Valley High,school,staff_per_1k_students,7.8125
Hidden Valley Middle,school,pct_disadv,29.604130808950085
Hidden Valley Middle,school,staff_per_1k_students,7.74526678141136
Northside High,school,pct_disadv,40.04352557127312
Northside High,school,staff_per_1k_students,8.161044613710555
Northside Middle — Roanoke County,school,pct_disadv,45.21604938271605
Northside Middle — Roanoke County,school,staff_per_1k_students,8.487654320987653
William Byrd High,school,pct_disadv,36.68430335097001
William Byrd High,school,staff_per_1k_students,7.054673721340388
William Byrd Middle,school,pct_disadv,38.90274314214464
William Byrd Middle,school,staff_per_1k_students,8.104738154613466
Maury River Middle,school,pct_disadv,45.32224532224532
Maury River Middle,school,staff_per_1k_students,4.158004158004158
Rockbridge County High,school,pct_disadv,35.33260632497274
Rockbridge County High,school,staff_per_1k_students,6.543075245365322
Broadway High,school,pct_disadv,42.94803817603394
Broadway High,school,staff_per_1k_students,3.181336161187699
East Rockingham High,school,pct_disadv,42.14372716199756
East Rockingham High,school,staff_per_1k_students,3.045066991473812
Elkton Middle,school,pct_disadv,41.711229946524064
Elkton Middle,school,staff_per_1k_students,5.347593582887701
J. Frank Hillyard Middle,school,pct_disadv,39.33975240715269
J. Frank Hillyard Middle,school,staff_per_1k_students,4.126547455295736
Montevideo Middle,school,pct_disadv,37.60539629005059
Montevideo Middle,school,staff_per_1k_students,5.059021922428331
Spotswood High,school,pct_disadv,38.87005649717514
Spotswood High,school,staff_per_1k_students,3.389830508474576
Turner Ashby High,school,pct_disadv,38.69047619047619
Turner Ashby High,school,staff_per_1k_students,2.976190476190476
Wilbur S. Pence Middle,school,pct_disadv,43.154761904761905
Wilbur S. Pence Middle,school,staff_per_1k_students,5.208333333333333
Castlewood High,school,pct_disadv,57.89473684210527
Castlewood High,school,staff_per_1k_students,3.5087719298245617
Honaker High,school,pct_disadv,50
Honaker High,school,staff_per_1k_students,4.739336492890995
Lebanon High,school,pct_disadv,44.30823117338004
Lebanon High,school,staff_per_1k_students,3.502626970227671
Lebanon Middle,school,pct_disadv,46.51162790697674
Lebanon Middle,school,staff_per_1k_students,3.3222591362126246
Andrew Lewis Middle,school,pct_disadv,44.69606674612634
Andrew Lewis Middle,school,staff_per_1k_students,3.969010727056019
Salem High — Salem City,school,pct_disadv,40.59900166389351
Salem High — Salem City,school,staff_per_1k_students,3.602329450915142
Gate City High,school,pct_disadv,47.44645799011532
Gate City High,school,staff_per_1k_students,3.2948929159802307
Gate City Middle,school,pct_disadv,46.3768115942029
Gate City Middle,school,staff_per_1k_students,3.6231884057971016
Rye Cove High,school,pct_disadv,67.46575342465754
Rye Cove High,school,staff_per_1k_students,3.4246575342465753
Rye Cove Intermediate,school,pct_disadv,70.28985507246377
Rye Cove Intermediate,school,staff_per_1k_students,7.246376811594203
Twin Springs High,school,pct_disadv,57.85123966942148
Twin Springs High,school,staff_per_1k_students,4.132231404958678
Central High — Shenandoah County,school,pct_disadv,52.81207133058985
Central High — Shenandoah County,school,staff_per_1k_students,4.11522633744856
North Fork Middle,school,pct_disadv,54.41988950276243
North Fork Middle,school,staff_per_1k_students,5.524861878453039
Peter Muhlenberg Middle,school,pct_disadv,53.64485981308411
Peter Muhlenberg Middle,school,staff_per_1k_students,5.607476635514018
Signal Knob Middle,school,pct_disadv,49.39467312348668
Signal Knob Middle,school,staff_per_1k_students,3.6319612590799033
Stonewall Jackson High,school,pct_disadv,55.489021956087825
Stonewall Jackson High,school,staff_per_1k_students,9.98003992015968
Strasburg High,school,pct_disadv,44.89465153970826
Strasburg High,school,staff_per_1k_students,7.293354943273906
Chilhowie High,school,pct_disadv,42.70833333333333
Chilhowie High,school,staff_per_1k_students,2.6041666666666665
Chilhowie Middle,school,pct_disadv,43.95604395604395
Chilhowie Middle,school,staff_per_1k_students,3.663003663003663
Marion Middle,school,pct_disadv,57.356608478803
Marion Middle,school,staff_per_1k_students,2.493765586034913
Marion Senior High,school,pct_disadv,54.78723404255319
Marion Senior High,school,staff_per_1k_students,3.5460992907801416
Northwood High,school,pct_disadv,57.84313725490197
Northwood High,school,staff_per_1k_students,4.901960784313726
Northwood Middle,school,pct_disadv,60.75949367088608
Northwood Middle,school,staff_per_1k_students,6.329113924050633
Southampton High,school,pct_disadv,43.465909090909086
Southampton High,school,staff_per_1k_students,4.261363636363636
Southampton Middle,school,pct_disadv,44.26559356136821
Southampton Middle,school,staff_per_1k_students,6.036217303822937
Battlefield Middle,school,pct_disadv,55.12820512820513
Battlefield Middle,school,staff_per_1k_students,5.128205128205129
Chancellor High,school,pct_disadv,50.075414781297134
Chancellor High,school,staff_per_1k_students,3.770739064856712
Chancellor Middle,school,pct_disadv,51.06117353308365
Chancellor Middle,school,staff_per_1k_students,3.745318352059925
Courtland High,school,pct_disadv,40.62708472314876
Courtland High,school,staff_per_1k_students,4.0026684456304205
Freedom Middle,school,pct_disadv,47.774869109947645
Freedom Middle,school,staff_per_1k_students,3.926701570680628
Massaponax High,school,pct_disadv,44.988207547169814
Massaponax High,school,staff_per_1k_students,4.716981132075471
Ni River Middle,school,pct_disadv,29.47976878612717
Ni River Middle,school,staff_per_1k_students,4.335260115606936
Post Oak Middle,school,pct_disadv,47.56995581737849
Post Oak Middle,school,staff_per_1k_students,5.89101620029455
Riverbend High,school,pct_disadv,33.7160751565762
Riverbend High,school,staff_per_1k_students,3.6534446764091855
Spotsylvania High,school,pct_disadv,40.82798001427552
Spotsylvania High,school,staff_per_1k_students,4.282655246252677
Spotsylvania Middle,school,pct_disadv,42.87128712871287
Spotsylvania Middle,school,staff_per_1k_students,3.96039603960396
Thornburg Middle,school,pct_disadv,43.04635761589404
Thornburg Middle,school,staff_per_1k_students,5.298013245033113
Andrew G. Wright Middle,school,pct_disadv,37.33955659276546
Andrew G. Wright Middle,school,staff_per_1k_students,5.834305717619603
Brooke Point High,school,pct_disadv,47.21593481213219
Brooke Point High,school,staff_per_1k_students,3.847894975101856
Colonial Forge High,school,pct_disadv,33.771723813997184
Colonial Forge High,school,staff_per_1k_students,5.6364490371066225
Donald B. Dixon-Lyle R. Smith Middle,school,pct_disadv,40.9652076318743
Donald B. Dixon-Lyle R. Smith Middle,school,staff_per_1k_students,4.489337822671156
Edward E. Drew Jr. Middle,school,pct_disadv,53.28000000000001
Edward E. Drew Jr. Middle,school,staff_per_1k_students,28.8
H.H. Poole Middle,school,pct_disadv,47.28915662650602
H.H. Poole Middle,school,staff_per_1k_students,3.514056224899598
Mountain View High — Stafford County,school,pct_disadv,29.12014292094685
Mountain View High — Stafford County,school,staff_per_1k_students,4.912907548012505
North Stafford High,school,pct_disadv,52.98245614035088
North Stafford High,school,staff_per_1k_students,4.511278195488722
Rodney E. Thompson Middle,school,pct_disadv,31.279178338001863
Rodney E. Thompson Middle,school,staff_per_1k_students,4.6685340802987865
Shirley C. Heim Middle,school,pct_disadv,62.82722513089005
Shirley C. Heim Middle,school,staff_per_1k_students,4.188481675392671
Stafford Middle,school,pct_disadv,55.55555555555556
Stafford Middle,school,staff_per_1k_students,1.038421599169263
Stafford Senior High,school,pct_disadv,47.32061762034514
Stafford Senior High,school,staff_per_1k_students,6.267029972752044
T. Benton Gayle Middle,school,pct_disadv,50.37037037037037
T. Benton Gayle Middle,school,staff_per_1k_students,4.2328042328042335
Shelburne Middle,school,pct_disadv,46.82675814751286
Shelburne Middle,school,staff_per_1k_students,5.145797598627787
Staunton High,school,pct_disadv,41.66666666666667
Staunton High,school,staff_per_1k_students,3.90625
Colonel Fred Cherry Middle,school,pct_disadv,36.141304347826086
Colonel Fred Cherry Middle,school,staff_per_1k_students,5.434782608695652
Forest Glen Middle,school,pct_disadv,41.10854503464203
Forest Glen Middle,school,staff_per_1k_students,11.547344110854503
John F. Kennedy Middle,school,pct_disadv,61.044176706827315
John F. Kennedy Middle,school,staff_per_1k_students,18.072289156626507
John Yeates Middle,school,pct_disadv,21.218074656188605
John Yeates Middle,school,staff_per_1k_students,11.787819253438114
King's Fork High,school,pct_disadv,46.8564650059312
King's Fork High,school,staff_per_1k_students,6.524317912218268
King's Fork Middle,school,pct_disadv,51.41987829614605
King's Fork Middle,school,staff_per_1k_students,9.1277890466531435
Lakeland High,school,pct_disadv,49.904580152671755
Lakeland High,school,staff_per_1k_students,7.633587786259541
Nansemond River High,school,pct_disadv,28.104575163398692
Nansemond River High,school,staff_per_1k_students,7.1301247771836005
Luther P. Jackson Middle,school,pct_disadv,59.20398009950249
Luther P. Jackson Middle,school,staff_per_1k_students,4.975124378109452
Surry County High,school,pct_disadv,48.258706467661696
Surry County High,school,staff_per_1k_students,4.975124378109452
Sussex Central High,school,pct_disadv,63.74622356495468
Sussex Central High,school,staff_per_1k_students,16.132930513595166
Sussex Central Middle,school,pct_disadv,72.26890756302521
Sussex Central Middle,school,staff_per_1k_students,13.991596638655462
Graham High,school,pct_disadv,44.73684210526316
Graham High,school,staff_per_1k_students,6.0728744939271255
Graham Middle,school,pct_disadv,47.1976401179941
Graham Middle,school,staff_per_1k_students,5.899705014749262
Richlands High,school,pct_disadv,58.52782764811491
Richlands High,school,staff_per_1k_students,5.3859964093357275
Richlands Middle,school,pct_disadv,59.28411633109619
Richlands Middle,school,staff_per_1k_students,6.7114093959731544
Tazewell High,school,pct_disadv,54.02750491159135
Tazewell High,school,staff_per_1k_students,5.893909626719057
Tazewell Middle,school,pct_disadv,64.19098143236074
Tazewell Middle,school,staff_per_1k_students,5.305039787798409
Bayside High,school,pct_disadv,62.776659959758554
Bayside High,school,staff_per_1k_students,4.325955734406438
Bayside Middle,school,pct_disadv,70.06369426751591
Bayside Middle,school,staff_per_1k_students,7.006369426751593
Brandon Middle,school,pct_disadv,52.70655270655271
Brandon Middle,school,staff_per_1k_students,4.178537511870846
Corporate Landing Middle,school,pct_disadv,52.40480961923848
Corporate Landing Middle,school,staff_per_1k_students,4.408817635270542
First Colonial High,school,pct_disadv,47.71279675738275
First Colonial High,school,staff_per_1k_students,3.705848291835553
Floyd Kellam High,school,pct_disadv,15.98049837486457
Floyd Kellam High,school,staff_per_1k_students,4.008667388949079
Frank W. Cox High,school,pct_disadv,34.04384896467722
Frank W. Cox High,school,staff_per_1k_students,3.775883069427527
Great Neck Middle,school,pct_disadv,36.18864292589028
Great Neck Middle,school,staff_per_1k_students,4.042348411934553
Green Run Collegiate,school,pct_disadv,54.73145780051151
Green Run Collegiate,school,staff_per_1k_students,5.370843989769821
Green Run High,school,pct_disadv,64.80978260869566
Green Run High,school,staff_per_1k_students,5.095108695652174
Independence Middle — Virginia Beach City,school,pct_disadv,58.34031852472757
Independence Middle — Virginia Beach City,school,staff_per_1k_students,3.688181056160939
Kempsville High,school,pct_disadv,50.02430724355859
Kempsville High,school,staff_per_1k_students,3.597472046669908
Kempsville Middle,school,pct_disadv,50.137362637362635
Kempsville Middle,school,staff_per_1k_students,4.395604395604396
Landstown High,school,pct_disadv,43.57904496986555
Landstown High,school,staff_per_1k_students,3.9870190078813166
Landstown Middle,school,pct_disadv,44.0251572327044
Landstown Middle,school,staff_per_1k_students,3.852201257861635
Larkspur Middle,school,pct_disadv,62.30717639168344
Larkspur Middle,school,staff_per_1k_students,3.755868544600939
Lynnhaven Middle,school,pct_disadv,53.0949105914718
Lynnhaven Middle,school,staff_per_1k_students,6.052269601100413
Ocean Lakes High,school,pct_disadv,35.290918977705275
Ocean Lakes High,school,staff_per_1k_students,4.023926046764546
Old Donation School,school,pct_disadv,20.47930283224401
Old Donation School,school,staff_per_1k_students,3.1953522149600584
Plaza Middle,school,pct_disadv,54.50145208131656
Plaza Middle,school,staff_per_1k_students,3.7754114230396905
Princess Anne High,school,pct_disadv,37.9987722529159
Princess Anne High,school,staff_per_1k_students,3.928790669122161
Princess Anne Middle,school,pct_disadv,17.304860088365242
Princess Anne Middle,school,staff_per_1k_students,3.829160530191458
Salem High — Virginia Beach City,school,pct_disadv,40.294117647058826
Salem High — Virginia Beach City,school,staff_per_1k_students,3.764705882352941
Salem Middle,school,pct_disadv,41.97761194029851
Salem Middle,school,staff_per_1k_students,4.1044776119402995
Tallwood High,school,pct_disadv,54.34439178515008
Tallwood High,school,staff_per_1k_students,4.002106371774618
Virginia Beach Middle,school,pct_disadv,50.43731778425656
Virginia Beach Middle,school,staff_per_1k_students,4.227405247813412
Skyline High,school,pct_disadv,42.94117647058823
Skyline High,school,staff_per_1k_students,3.5294117647058827
Skyline Middle — Warren County,school,pct_disadv,45.06517690875233
Skyline Middle — Warren County,school,staff_per_1k_students,3.7243947858473
Warren County High,school,pct_disadv,35.400516795865634
Warren County High,school,staff_per_1k_students,3.875968992248062
Warren County Middle,school,pct_disadv,36.666666666666664
Warren County Middle,school,staff_per_1k_students,3.5087719298245617
Abingdon High,school,pct_disadv,36.235038084874866
Abingdon High,school,staff_per_1k_students,3.264417845484222
Damascus Middle,school,pct_disadv,53.191489361702125
Damascus Middle,school,staff_per_1k_students,5.319148936170213
E.B. Stanley Middle,school,pct_disadv,33.68740515933232
E.B. Stanley Middle,school,staff_per_1k_students,3.0349013657056148
Glade Spring Middle,school,pct_disadv,51.75438596491229
Glade Spring Middle,school,staff_per_1k_students,4.385964912280701
Holston High,school,pct_disadv,46.875
Holston High,school,staff_per_1k_students,3.90625
John S. Battle High,school,pct_disadv,32.57328990228013
John S. Battle High,school,staff_per_1k_students,4.885993485342019
Patrick Henry High — Washington County,school,pct_disadv,46.32911392405064
Patrick Henry High — Washington County,school,staff_per_1k_students,2.5316455696202533
Wallace Middle,school,pct_disadv,42.88939051918736
Wallace Middle,school,staff_per_1k_students,2.257336343115124
Kate Collins Middle,school,pct_disadv,50.16611295681063
Kate Collins Middle,school,staff_per_1k_students,4.651162790697675
Waynesboro High,school,pct_disadv,48.004314994606254
Waynesboro High,school,staff_per_1k_students,2.804746494066882
West Point Middle/High,school,pct_disadv,40.09216589861751
West Point Middle/High,school,staff_per_1k_students,4.608294930875576
Montross Middle,school,pct_disadv,52.69461077844312
Montross Middle,school,staff_per_1k_students,2.9940119760479043
Westmoreland High,school,pct_disadv,51.434426229508205
Westmoreland High,school,staff_per_1k_students,4.0983606557377055
Berkeley Middle,school,pct_disadv,34.68468468468468
Berkeley Middle,school,staff_per_1k_students,3.003003003003003
James Blair Middle,school,pct_disadv,40.11857707509881
James Blair Middle,school,staff_per_1k_students,3.952569169960474
Jamestown High,school,pct_disadv,26.04501607717042
Jamestown High,school,staff_per_1k_students,5.627009646302251
Lafayette High,school,pct_disadv,36.69064748201439
Lafayette High,school,staff_per_1k_students,5.595523581135092
Lois Hornsby Middle,school,pct_disadv,34.285714285714285
Lois Hornsby Middle,school,staff_per_1k_students,3.7267080745341614
Toano Middle,school,pct_disadv,32.8125
Toano Middle,school,staff_per_1k_students,4.261363636363636
Warhill High,school,pct_disadv,36.356528537920255
Warhill High,school,staff_per_1k_students,5.473025801407349
Daniel Morgan Intermediate,school,pct_disadv,60.86956521739131
Daniel Morgan Intermediate,school,staff_per_1k_students,2.1913043478260867
Daniel Morgan Middle,school,pct_disadv,61.52647975077882
Daniel Morgan Middle,school,staff_per_1k_students,5.077881619937695
John Handley High,school,pct_disadv,62.30712711241734
John Handley High,school,staff_per_1k_students,6.994856722997795
Central High — Wise County,school,pct_disadv,55.47337278106509
Central High — Wise County,school,staff_per_1k_students,4.437869822485207
Coeburn Middle,school,pct_disadv,74.67105263157895
Coeburn Middle,school,staff_per_1k_students,3.289473684210526
Eastside High,school,pct_disadv,65.78947368421053
Eastside High,school,staff_per_1k_students,5.980861244019139
L.F. Addington Middle,school,pct_disadv,56.58914728682171
L.F. Addington Middle,school,staff_per_1k_students,5.167958656330749
Union High,school,pct_disadv,65.0709219858156
Union High,school,staff_per_1k_students,5.319148936170213
Union Middle,school,pct_disadv,69.16221033868094
Union Middle,school,staff_per_1k_students,3.5650623885918
Fort Chiswell High,school,pct_disadv,39.17274939172749
Fort Chiswell High,school,staff_per_1k_students,7.299270072992701
Fort Chiswell Middle,school,pct_disadv,48.589341692789965
Fort Chiswell Middle,school,staff_per_1k_students,3.134796238244514
George Wythe High,school,pct_disadv,44.575471698113205
George Wythe High,school,staff_per_1k_students,4.716981132075471
Rural Retreat High,school,pct_disadv,41.333333333333336
Rural Retreat High,school,staff_per_1k_students,4.666666666666666
Rural Retreat Middle,school,pct_disadv,43.64406779661017
Rural Retreat Middle,school,staff_per_1k_students,4.237288135593221
Scott Memorial Middle,school,pct_disadv,45.90163934426229
Scott Memorial Middle,school,staff_per_1k_students,3.278688524590164
Bruton High,school,pct_disadv,30.843706777316736
Bruton High,school,staff_per_1k_students,4.149377593360996
Grafton High,school,pct_disadv,25.182186234817816
Grafton High,school,staff_per_1k_students,3.2388663967611335
Grafton Middle,school,pct_disadv,25.933831376734258
Grafton Middle,school,staff_per_1k_students,3.2017075773746
Queens Lake Middle,school,pct_disadv,32.12996389891697
Queens Lake Middle,school,staff_per_1k_students,3.6101083032490977
Tabb High,school,pct_disadv,21.837088388214905
Tabb High,school,staff_per_1k_students,3.4662045060658575
Tabb Middle,school,pct_disadv,27.789256198347108
Tabb Middle,school,staff_per_1k_students,3.0991735537190084
York High,school,pct_disadv,26.715945089757128
York High,school,staff_per_1k_students,4.223864836325237
York River Academy,school,pct_disadv,30.555555555555557
York River Academy,school,staff_per_1k_students,13.888888888888888
Yorktown Middle,school,pct_disadv,33.751743375174335
Yorktown Middle,school,staff_per_1k_students,4.184100418410042
State Average,state,pct_mental_health_training,18.7
State Average,state,avg_peer_rel,4.25
State Average,state,avg_adult_rel,4.55
State Average,state,avg_bully_prob,3.3
Central Virginia,region,pct_mental_health_training,19.333333333333332
Central Virginia,region,avg_peer_rel,4.156666666666666
Central Virginia,region,avg_adult_rel,4.49
Central Virginia,region,avg_bully_prob,3.4266666666666667
Tidewater,region,pct_mental_health_training,15.953333333333333
Tidewater,region,avg_peer_rel,4.056666666666667
Tidewater,region,avg_adult_rel,4.51
Tidewater,region,avg_bully_prob,3.4466666666666663
Northern Neck,region,pct_mental_health_training,17.455882352941178
Northern Neck,region,avg_peer_rel,4.120588235294118
Northern Neck,region,avg_adult_rel,4.447058823529412
Northern Neck,region,avg_bully_prob,3.476470588235294
Northern Virginia,region,pct_mental_health_training,20.763157894736842
Northern Virginia,region,avg_peer_rel,4.328947368421053
Northern Virginia,region,avg_adult_rel,4.6
Northern Virginia,region,avg_bully_prob,3.2210526315789476
Valley,region,pct_mental_health_training,15.3075
Valley,region,avg_peer_rel,4.2475000000000005
Valley,region,avg_adult_rel,4.57
Valley,region,avg_bully_prob,3.4025
Western Virginia,region,pct_mental_health_training,17.292857142857144
Western Virginia,region,avg_peer_rel,4.175
Western Virginia,region,avg_adult_rel,4.592857142857143
Western Virginia,region,avg_bully_prob,3.532142857142857
Southwest,region,pct_mental_health_training,15.581578947368422
Southwest,region,avg_peer_rel,4.276315789473685
Southwest,region,avg_adult_rel,4.681578947368421
Southwest,region,avg_bully_prob,3.45
Southside,region,pct_mental_health_training,14.395454545454546
Southside,region,avg_peer_rel,3.9727272727272727
Southside,region,avg_adult_rel,4.3954545454545455
Southside,region,avg_bully_prob,3.7636363636363637
Accomack County,division,pct_mental_health_training,12.65
Accomack County,division,avg_peer_rel,4.1
Accomack County,division,avg_adult_rel,4.5
Accomack County,division,avg_bully_prob,3.45
Albemarle County,division,pct_mental_health_training,13.75
Albemarle County,division,avg_peer_rel,4.4
Albemarle County,division,avg_adult_rel,4.65
Albemarle County,division,avg_bully_prob,3.05
Alleghany County,division,pct_mental_health_training,15.05
Alleghany County,division,avg_peer_rel,4
Alleghany County,division,avg_adult_rel,4.4
Alleghany County,division,avg_bully_prob,3.8499999999999996
Amelia County,division,pct_mental_health_training,16.95
Amelia County,division,avg_peer_rel,3.95
Amelia County,division,avg_adult_rel,4.25
Amelia County,division,avg_bully_prob,3.75
Amherst County,division,pct_mental_health_training,15.4
Amherst County,division,avg_peer_rel,4.1
Amherst County,division,avg_adult_rel,4.5
Amherst County,division,avg_bully_prob,3.6500000000000004
Appomattox County,division,pct_mental_health_training,15.8
Appomattox County,division,avg_peer_rel,4.1
Appomattox County,division,avg_adult_rel,4.45
Appomattox County,division,avg_bully_prob,3.8
Arlington County,division,pct_mental_health_training,24.75
Arlington County,division,avg_peer_rel,4.55
Arlington County,division,avg_adult_rel,4.699999999999999
Arlington County,division,avg_bully_prob,3
Augusta County,division,pct_mental_health_training,14
Augusta County,division,avg_peer_rel,4.2
Augusta County,division,avg_adult_rel,4.5
Augusta County,division,avg_bully_prob,3.5
Bath County,division,pct_mental_health_training,12.8
Bath County,division,avg_peer_rel,4.35
Bath County,division,avg_adult_rel,4.800000000000001
Bath County,division,avg_bully_prob,3.1
Bedford County,division,pct_mental_health_training,17.05
Bedford County,division,avg_peer_rel,4.300000000000001
Bedford County,division,avg_adult_rel,4.550000000000001
Bedford County,division,avg_bully_prob,3.6
Bland County,division,pct_mental_health_training,19.15
Bland County,division,avg_peer_rel,4.35
Bland County,division,avg_adult_rel,4.800000000000001
Bland County,division,avg_bully_prob,3.6
Botetourt County,division,pct_mental_health_training,13.75
Botetourt County,division,avg_peer_rel,4.35
Botetourt County,division,avg_adult_rel,4.75
Botetourt County,division,avg_bully_prob,3.3
Brunswick County,division,pct_mental_health_training,17.5
Brunswick County,division,avg_peer_rel,3.8
Brunswick County,division,avg_adult_rel,4.5
Brunswick County,division,avg_bully_prob,3.5
Buchanan County,division,pct_mental_health_training,16.7
Buchanan County,division,avg_peer_rel,4.45
Buchanan County,division,avg_adult_rel,4.800000000000001
Buchanan County,division,avg_bully_prob,3
Buckingham County,division,pct_mental_health_training,12.100000000000001
Buckingham County,division,avg_peer_rel,3.95
Buckingham County,division,avg_adult_rel,4.4
Buckingham County,division,avg_bully_prob,3.85
Campbell County,division,pct_mental_health_training,18.549999999999997
Campbell County,division,avg_peer_rel,4.25
Campbell County,division,avg_adult_rel,4.55
Campbell County,division,avg_bully_prob,3.65
Caroline County,division,pct_mental_health_training,17.1
Caroline County,division,avg_peer_rel,3.95
Caroline County,division,avg_adult_rel,4.15
Caroline County,division,avg_bully_prob,3.85
Carroll County,division,pct_mental_health_training,13.55
Carroll County,division,avg_peer_rel,4.25
Carroll County,division,avg_adult_rel,4.6
Carroll County,division,avg_bully_prob,3.5999999999999996
Charles City County,division,pct_mental_health_training,18.6
Charles City County,division,avg_peer_rel,3.85
Charles City County,division,avg_adult_rel,4.15
Charles City County,division,avg_bully_prob,3.9499999999999997
Charlotte County,division,pct_mental_health_training,18.65
Charlotte County,division,avg_peer_rel,4.1
Charlotte County,division,avg_adult_rel,4.55
Charlotte County,division,avg_bully_prob,3.45
Chesterfield County,division,pct_mental_health_training,20.450000000000003
Chesterfield County,division,avg_peer_rel,4.2
Chesterfield County,division,avg_adult_rel,4.45
Chesterfield County,division,avg_bully_prob,3.4000000000000004
Clarke County,division,pct_mental_health_training,12.55
Clarke County,division,avg_peer_rel,4.3
Clarke County,division,avg_adult_rel,4.55
Clarke County,division,avg_bully_prob,3.45
Craig County,division,pct_mental_health_training,18.85
Craig County,division,avg_peer_rel,4.300000000000001
Craig County,division,avg_adult_rel,4.5
Craig County,division,avg_bully_prob,3.4
Culpeper County,division,pct_mental_health_training,16
Culpeper County,division,avg_peer_rel,4.05
Culpeper County,division,avg_adult_rel,4.4
Culpeper County,division,avg_bully_prob,3.6500000000000004
Cumberland County,division,pct_mental_health_training,15.6
Cumberland County,division,avg_peer_rel,4.05
Cumberland County,division,avg_adult_rel,4.55
Cumberland County,division,avg_bully_prob,3.6
Dickenson County,division,pct_mental_health_training,20.25
Dickenson County,division,avg_peer_rel,4.3
Dickenson County,division,avg_adult_rel,4.5
Dickenson County,division,avg_bully_prob,3.6500000000000004
Dinwiddie County,division,pct_mental_health_training,14.35
Dinwiddie County,division,avg_peer_rel,3.8499999999999996
Dinwiddie County,division,avg_adult_rel,4.2
Dinwiddie County,division,avg_bully_prob,3.75
Essex County,division,pct_mental_health_training,12.05
Essex County,division,avg_peer_rel,4.05
Essex County,division,avg_adult_rel,4.4
Essex County,division,avg_bully_prob,3.75
Fairfax County,division,pct_mental_health_training,21.65
Fairfax County,division,avg_peer_rel,4.5
Fairfax County,division,avg_adult_rel,4.699999999999999
Fairfax County,division,avg_bully_prob,2.9
Fauquier County,division,pct_mental_health_training,17.7
Fauquier County,division,avg_peer_rel,4.300000000000001
Fauquier County,division,avg_adult_rel,4.5
Fauquier County,division,avg_bully_prob,3.3499999999999996
Floyd County,division,pct_mental_health_training,16.35
Floyd County,division,avg_peer_rel,4.25
Floyd County,division,avg_adult_rel,4.65
Floyd County,division,avg_bully_prob,3.35
Fluvanna County,division,pct_mental_health_training,15.950000000000001
Fluvanna County,division,avg_peer_rel,4.1
Fluvanna County,division,avg_adult_rel,4.5
Fluvanna County,division,avg_bully_prob,3.55
Franklin County,division,pct_mental_health_training,14.8
Franklin County,division,avg_peer_rel,4.2
Franklin County,division,avg_adult_rel,4.5
Franklin County,division,avg_bully_prob,3.8
Frederick County,division,pct_mental_health_training,15.200000000000001
Frederick County,division,avg_peer_rel,4.2
Frederick County,division,avg_adult_rel,4.55
Frederick County,division,avg_bully_prob,3.5
Giles County,division,pct_mental_health_training,15.55
Giles County,division,avg_peer_rel,4.35
Giles County,division,avg_adult_rel,4.75
Giles County,division,avg_bully_prob,3.4000000000000004
Gloucester County,division,pct_mental_health_training,19.6
Gloucester County,division,avg_peer_rel,4.05
Gloucester County,division,avg_adult_rel,4.3
Gloucester County,division,avg_bully_prob,3.75
Goochland County,division,pct_mental_health_training,21.35
Goochland County,division,avg_peer_rel,4.35
Goochland County,division,avg_adult_rel,4.6
Goochland County,division,avg_bully_prob,3.3
Grayson County,division,pct_mental_health_training,15
Grayson County,division,avg_peer_rel,4.35
Grayson County,division,avg_adult_rel,4.699999999999999
Grayson County,division,avg_bully_prob,3.35
Greene County,division,pct_mental_health_training,10.35
Greene County,division,avg_peer_rel,4.2
Greene County,division,avg_adult_rel,4.5
Greene County,division,avg_bully_prob,3.45
Greensville County,division,pct_mental_health_training,11.9
Greensville County,division,avg_peer_rel,3.65
Greensville County,division,avg_adult_rel,4.35
Greensville County,division,avg_bully_prob,3.8499999999999996
Halifax County,division,pct_mental_health_training,12.05
Halifax County,division,avg_peer_rel,3.9499999999999997
Halifax County,division,avg_adult_rel,4.35
Halifax County,division,avg_bully_prob,3.95
Hanover County,division,pct_mental_health_training,21.3
Hanover County,division,avg_peer_rel,4.8
Hanover County,division,avg_adult_rel,5.1
Hanover County,division,avg_bully_prob,3.2
Henrico County,division,pct_mental_health_training,22.05
Henrico County,division,avg_peer_rel,4.3
Henrico County,division,avg_adult_rel,4.6
Henrico County,division,avg_bully_prob,3.3
Henry County,division,pct_mental_health_training,14.6
Henry County,division,avg_peer_rel,4.15
Henry County,division,avg_adult_rel,4.6
Henry County,division,avg_bully_prob,3.7
Highland County,division,pct_mental_health_training,18.65
Highland County,division,avg_peer_rel,4.7
Highland County,division,avg_adult_rel,4.65
Highland County,division,avg_bully_prob,2.6500000000000004
Isle of Wight County,division,pct_mental_health_training,16.35
Isle of Wight County,division,avg_peer_rel,4.2
Isle of Wight County,division,avg_adult_rel,4.6
Isle of Wight County,division,avg_bully_prob,3.55
King George County,division,pct_mental_health_training,18.1
King George County,division,avg_peer_rel,4.2
King George County,division,avg_adult_rel,4.7
King George County,division,avg_bully_prob,3.5
King and Queen County,division,pct_mental_health_training,13.600000000000001
King and Queen County,division,avg_peer_rel,4.05
King and Queen County,division,avg_adult_rel,4.55
King and Queen County,division,avg_bully_prob,3.7
King William County,division,pct_mental_health_training,14.9
King William County,division,avg_peer_rel,4.2
King William County,division,avg_adult_rel,4.5
King William County,division,avg_bully_prob,3.8
Lancaster County,division,pct_mental_health_training,16.8
Lancaster County,division,avg_peer_rel,3.9
Lancaster County,division,avg_adult_rel,4.25
Lancaster County,division,avg_bully_prob,3.55
Lee County,division,pct_mental_health_training,16.55
Lee County,division,avg_peer_rel,4.2
Lee County,division,avg_adult_rel,4.449999999999999
Lee County,division,avg_bully_prob,3.65
Loudoun County,division,pct_mental_health_training,24.05
Loudoun County,division,avg_peer_rel,4.55
Loudoun County,division,avg_adult_rel,4.800000000000001
Loudoun County,division,avg_bully_prob,2.8499999999999996
Louisa County,division,pct_mental_health_training,14.9
Louisa County,division,avg_peer_rel,4.3
Louisa County,division,avg_adult_rel,4.65
Louisa County,division,avg_bully_prob,3.3
Lunenburg County,division,pct_mental_health_training,15.25
Lunenburg County,division,avg_peer_rel,4.05
Lunenburg County,division,avg_adult_rel,4.5
Lunenburg County,division,avg_bully_prob,3.6
Madison County,division,pct_mental_health_training,16.9
Madison County,division,avg_peer_rel,4.1
Madison County,division,avg_adult_rel,4.4
Madison County,division,avg_bully_prob,3.5
Mathews County,division,pct_mental_health_training,16.5
Mathews County,division,avg_peer_rel,4.25
Mathews County,division,avg_adult_rel,4.5
Mathews County,division,avg_bully_prob,3.5
Mecklenburg County,division,pct_mental_health_training,13.05
Mecklenburg County,division,avg_peer_rel,3.9499999999999997
Mecklenburg County,division,avg_adult_rel,4.35
Mecklenburg County,division,avg_bully_prob,3.9
Middlesex County,division,pct_mental_health_training,13.55
Middlesex County,division,avg_peer_rel,4.1
Middlesex County,division,avg_adult_rel,4.449999999999999
Middlesex County,division,avg_bully_prob,3.4000000000000004
Montgomery County,division,pct_mental_health_training,18.700000000000003
Montgomery County,division,avg_peer_rel,4.3
Montgomery County,division,avg_adult_rel,4.6
Montgomery County,division,avg_bully_prob,3.5
Nelson County,division,pct_mental_health_training,13.5
Nelson County,division,avg_peer_rel,4.2
Nelson County,division,avg_adult_rel,4.55
Nelson County,division,avg_bully_prob,3.55
New Kent County,division,pct_mental_health_training,14.4
New Kent County,division,avg_peer_rel,4.199999999999999
New Kent County,division,avg_adult_rel,4.45
New Kent County,division,avg_bully_prob,3.6
Northampton County,division,pct_mental_health_training,12
Northampton County,division,avg_peer_rel,4
Northampton County,division,avg_adult_rel,4.35
Northampton County,division,avg_bully_prob,3.7
Northumberland County,division,pct_mental_health_training,12.899999999999999
Northumberland County,division,avg_peer_rel,4.15
Northumberland County,division,avg_adult_rel,4.6
Northumberland County,division,avg_bully_prob,3.4
Nottoway County,division,pct_mental_health_training,16.5
Nottoway County,division,avg_peer_rel,4.1
Nottoway County,division,avg_adult_rel,4.550000000000001
Nottoway County,division,avg_bully_prob,3.55
Orange County,division,pct_mental_health_training,15.149999999999999
Orange County,division,avg_peer_rel,4.05
Orange County,division,avg_adult_rel,4.4
Orange County,division,avg_bully_prob,3.75
Page County,division,pct_mental_health_training,18.7
Page County,division,avg_peer_rel,4.25
Page County,division,avg_adult_rel,4.7
Page County,division,avg_bully_prob,3.6
Patrick County,division,pct_mental_health_training,12.45
Patrick County,division,avg_peer_rel,4.3
Patrick County,division,avg_adult_rel,4.65
Patrick County,division,avg_bully_prob,3.25
Pittsylvania County,division,pct_mental_health_training,14.6
Pittsylvania County,division,avg_peer_rel,4.1
Pittsylvania County,division,avg_adult_rel,4.449999999999999
Pittsylvania County,division,avg_bully_prob,3.8
Powhatan County,division,pct_mental_health_training,24.55
Powhatan County,division,avg_peer_rel,4.4
Powhatan County,division,avg_adult_rel,4.6
Powhatan County,division,avg_bully_prob,3.4
Prince Edward County,division,pct_mental_health_training,12.5
Prince Edward County,division,avg_peer_rel,3.8
Prince Edward County,division,avg_adult_rel,4.300000000000001
Prince Edward County,division,avg_bully_prob,3.95
Prince George County,division,pct_mental_health_training,15.100000000000001
Prince George County,division,avg_peer_rel,3.95
Prince George County,division,avg_adult_rel,4.25
Prince George County,division,avg_bully_prob,3.9
Prince William County,division,pct_mental_health_training,23.1
Prince William County,division,avg_peer_rel,4.2
Prince William County,division,avg_adult_rel,4.5
Prince William County,division,avg_bully_prob,3.3
Pulaski County,division,pct_mental_health_training,17.200000000000003
Pulaski County,division,avg_peer_rel,4
Pulaski County,division,avg_adult_rel,4.4
Pulaski County,division,avg_bully_prob,4
Rappahannock County,division,pct_mental_health_training,25.85
Rappahannock County,division,avg_peer_rel,4.25
Rappahannock County,division,avg_adult_rel,4.7
Rappahannock County,division,avg_bully_prob,3.2
Richmond County,division,pct_mental_health_training,17.9
Richmond County,division,avg_peer_rel,4.45
Richmond County,division,avg_adult_rel,4.75
Richmond County,division,avg_bully_prob,3.25
Roanoke County,division,pct_mental_health_training,25.35
Roanoke County,division,avg_peer_rel,4.3
Roanoke County,division,avg_adult_rel,4.65
Roanoke County,division,avg_bully_prob,3.4
Rockbridge County,division,pct_mental_health_training,12.95
Rockbridge County,division,avg_peer_rel,4.1
Rockbridge County,division,avg_adult_rel,4.4
Rockbridge County,division,avg_bully_prob,3.7
Rockingham County,division,pct_mental_health_training,16.1
Rockingham County,division,avg_peer_rel,4.35
Rockingham County,division,avg_adult_rel,4.6
Rockingham County,division,avg_bully_prob,3.3499999999999996
Russell County,division,pct_mental_health_training,14.65
Russell County,division,avg_peer_rel,4.4
Russell County,division,avg_adult_rel,4.75
Russell County,division,avg_bully_prob,3.3499999999999996
Scott County,division,pct_mental_health_training,11.85
Scott County,division,avg_peer_rel,4.5
Scott County,division,avg_adult_rel,4.800000000000001
Scott County,division,avg_bully_prob,3.15
Shenandoah County,division,pct_mental_health_training,18.45
Shenandoah County,division,avg_peer_rel,4.05
Shenandoah County,division,avg_adult_rel,4.5
Shenandoah County,division,avg_bully_prob,3.6
Smyth County,division,pct_mental_health_training,16.6
Smyth County,division,avg_peer_rel,4.1
Smyth County,division,avg_adult_rel,4.65
Smyth County,division,avg_bully_prob,3.5999999999999996
Southampton County,division,pct_mental_health_training,11.8
Southampton County,division,avg_peer_rel,3.85
Southampton County,division,avg_adult_rel,4.25
Southampton County,division,avg_bully_prob,4
Spotsylvania County,division,pct_mental_health_training,18.5
Spotsylvania County,division,avg_peer_rel,4.05
Spotsylvania County,division,avg_adult_rel,4.4
Spotsylvania County,division,avg_bully_prob,3.55
Stafford County,division,pct_mental_health_training,19.35
Stafford County,division,avg_peer_rel,4.2
Stafford County,division,avg_adult_rel,4.5
Stafford County,division,avg_bully_prob,3.4000000000000004
Surry County,division,pct_mental_health_training,11.05
Surry County,division,avg_peer_rel,4.15
Surry County,division,avg_adult_rel,4.5
Surry County,division,avg_bully_prob,3.2
Sussex County,division,pct_mental_health_training,13.2
Sussex County,division,avg_peer_rel,3.8
Sussex County,division,avg_adult_rel,4.2
Sussex County,division,avg_bully_prob,3.9
Tazewell County,division,pct_mental_health_training,14.8
Tazewell County,division,avg_peer_rel,4.2
Tazewell County,division,avg_adult_rel,4.65
Tazewell County,division,avg_bully_prob,3.65
Warren County,division,pct_mental_health_training,10.9
Warren County,division,avg_peer_rel,4.1
Warren County,division,avg_adult_rel,4.4
Warren County,division,avg_bully_prob,3.7
Washington County,division,pct_mental_health_training,16.450000000000003
Washington County,division,avg_peer_rel,4.4
Washington County,division,avg_adult_rel,4.75
Washington County,division,avg_bully_prob,3.4
Westmoreland County,division,pct_mental_health_training,16.2
Westmoreland County,division,avg_peer_rel,4.05
Westmoreland County,division,avg_adult_rel,4.35
Westmoreland County,division,avg_bully_prob,3.4
Wise County,division,pct_mental_health_training,14.600000000000001
Wise County,division,avg_peer_rel,4.45
Wise County,division,avg_adult_rel,4.9
Wise County,division,avg_bully_prob,3.2
Wythe County,division,pct_mental_health_training,14.4
Wythe County,division,avg_peer_rel,4.35
Wythe County,division,avg_adult_rel,4.75
Wythe County,division,avg_bully_prob,3.25
York County,division,pct_mental_health_training,15.45
York County,division,avg_peer_rel,4.35
York County,division,avg_adult_rel,4.65
York County,division,avg_bully_prob,3.15
Alexandria City,division,pct_mental_health_training,14.9
Alexandria City,division,avg_peer_rel,4.25
Alexandria City,division,avg_adult_rel,4.6
Alexandria City,division,avg_bully_prob,3.5
Bristol City,division,pct_mental_health_training,18.7
Bristol City,division,avg_peer_rel,4.15
Bristol City,division,avg_adult_rel,4.55
Bristol City,division,avg_bully_prob,3.85
Buena Vista City,division,pct_mental_health_training,13.899999999999999
Buena Vista City,division,avg_peer_rel,4.5
Buena Vista City,division,avg_adult_rel,4.949999999999999
Buena Vista City,division,avg_bully_prob,3.3
Charlottesville City,division,pct_mental_health_training,18.8
Charlottesville City,division,avg_peer_rel,4.25
Charlottesville City,division,avg_adult_rel,4.55
Charlottesville City,division,avg_bully_prob,3.45
Colonial Heights City,division,pct_mental_health_training,13.9
Colonial Heights City,division,avg_peer_rel,4.1
Colonial Heights City,division,avg_adult_rel,4.7
Colonial Heights City,division,avg_bully_prob,3.6
Covington City,division,pct_mental_health_training,16
Covington City,division,avg_peer_rel,4.1
Covington City,division,avg_adult_rel,4.6
Covington City,division,avg_bully_prob,3.5
Danville City,division,pct_mental_health_training,16
Danville City,division,avg_peer_rel,3.75
Danville City,division,avg_adult_rel,4.35
Danville City,division,avg_bully_prob,3.5999999999999996
Falls Church City,division,pct_mental_health_training,14.8
Falls Church City,division,avg_peer_rel,4.65
Falls Church City,division,avg_adult_rel,4.75
Falls Church City,division,avg_bully_prob,2.75
Fredericksburg City,division,pct_mental_health_training,15.3
Fredericksburg City,division,avg_peer_rel,3.9
Fredericksburg City,division,avg_adult_rel,4.3
Fredericksburg City,division,avg_bully_prob,4.1
Galax City,division,pct_mental_health_training,14.45
Galax City,division,avg_peer_rel,4.2
Galax City,division,avg_adult_rel,4.5
Galax City,division,avg_bully_prob,3.35
Hampton City,division,pct_mental_health_training,15.649999999999999
Hampton City,division,avg_peer_rel,3.9499999999999997
Hampton City,division,avg_adult_rel,4.4
Hampton City,division,avg_bully_prob,3.5
Harrisonburg City,division,pct_mental_health_training,13.95
Harrisonburg City,division,avg_peer_rel,4.199999999999999
Harrisonburg City,division,avg_adult_rel,4.7
Harrisonburg City,division,avg_bully_prob,3.25
Hopewell City,division,pct_mental_health_training,14.1
Hopewell City,division,avg_peer_rel,3.7
Hopewell City,division,avg_adult_rel,4.2
Hopewell City,division,avg_bully_prob,3.9
Lynchburg City,division,pct_mental_health_training,14.95
Lynchburg City,division,avg_peer_rel,4.05
Lynchburg City,division,avg_adult_rel,4.4
Lynchburg City,division,avg_bully_prob,3.55
Martinsville City,division,pct_mental_health_training,13.15
Martinsville City,division,avg_peer_rel,4.05
Martinsville City,division,avg_adult_rel,4.6
Martinsville City,division,avg_bully_prob,3.6500000000000004
Newport News City,division,pct_mental_health_training,14.65
Newport News City,division,avg_peer_rel,3.9
Newport News City,division,avg_adult_rel,4.45
Newport News City,division,avg_bully_prob,3.55
Norfolk City,division,pct_mental_health_training,15.6
Norfolk City,division,avg_peer_rel,3.9
Norfolk City,division,avg_adult_rel,4.35
Norfolk City,division,avg_bully_prob,3.55
Norton City,division,pct_mental_health_training,13.95
Norton City,division,avg_peer_rel,4.65
Norton City,division,avg_adult_rel,5.05
Norton City,division,avg_bully_prob,2.9
Petersburg City,division,pct_mental_health_training,12.05
Petersburg City,division,avg_peer_rel,3.5
Petersburg City,division,avg_adult_rel,4.300000000000001
Petersburg City,division,avg_bully_prob,3.85
Portsmouth City,division,pct_mental_health_training,13.45
Portsmouth City,division,avg_peer_rel,3.9
Portsmouth City,division,avg_adult_rel,4.45
Portsmouth City,division,avg_bully_prob,3.65
Radford City,division,pct_mental_health_training,14
Radford City,division,avg_peer_rel,4.2
Radford City,division,avg_adult_rel,4.6
Radford City,division,avg_bully_prob,3.4
Richmond City,division,pct_mental_health_training,14.2
Richmond City,division,avg_peer_rel,3.95
Richmond City,division,avg_adult_rel,4.6
Richmond City,division,avg_bully_prob,3.25
Roanoke City,division,pct_mental_health_training,14.25
Roanoke City,division,avg_peer_rel,4
Roanoke City,division,avg_adult_rel,4.45
Roanoke City,division,avg_bully_prob,3.65
Staunton City,division,pct_mental_health_training,15.6
Staunton City,division,avg_peer_rel,4
Staunton City,division,avg_adult_rel,4.5
Staunton City,division,avg_bully_prob,3.6
Suffolk City,division,pct_mental_health_training,15.5
Suffolk City,division,avg_peer_rel,3.95
Suffolk City,division,avg_adult_rel,4.35
Suffolk City,division,avg_bully_prob,3.55
Virginia Beach City,division,pct_mental_health_training,27.7
Virginia Beach City,division,avg_peer_rel,4.5
Virginia Beach City,division,avg_adult_rel,4.8
Virginia Beach City,division,avg_bully_prob,3.2
Waynesboro City,division,pct_mental_health_training,12.55
Waynesboro City,division,avg_peer_rel,4
Waynesboro City,division,avg_adult_rel,4.4
Waynesboro City,division,avg_bully_prob,3.5999999999999996
Williamsburg-James City County,division,pct_mental_health_training,17.2
Williamsburg-James City County,division,avg_peer_rel,4.25
Williamsburg-James City County,division,avg_adult_rel,4.45
Williamsburg-James City County,division,avg_bully_prob,3.4
Winchester City,division,pct_mental_health_training,15.7
Winchester City,division,avg_peer_rel,4.05
Winchester City,division,avg_adult_rel,4.45
Winchester City,division,avg_bully_prob,3.5
Franklin City,division,pct_mental_health_training,14.2
Franklin City,division,avg_peer_rel,3.8
Franklin City,division,avg_adult_rel,4.4
Franklin City,division,avg_bully_prob,3.35
Chesapeake City,division,pct_mental_health_training,16.8
Chesapeake City,division,avg_peer_rel,4.199999999999999
Chesapeake City,division,avg_adult_rel,4.6
Chesapeake City,division,avg_bully_prob,3.4
Lexington City,division,pct_mental_health_training,13.2
Lexington City,division,avg_peer_rel,4.8
Lexington City,division,avg_adult_rel,5
Lexington City,division,avg_bully_prob,2.4
Salem City,division,pct_mental_health_training,17.9
Salem City,division,avg_peer_rel,4.4
Salem City,division,avg_adult_rel,4.800000000000001
Salem City,division,avg_bully_prob,3.3499999999999996
Poquoson City,division,pct_mental_health_training,13.7
Poquoson City,division,avg_peer_rel,4.35
Poquoson City,division,avg_adult_rel,4.75
Poquoson City,division,avg_bully_prob,3.15
Manassas City,division,pct_mental_health_training,10.9
Manassas City,division,avg_peer_rel,4.1
Manassas City,division,avg_adult_rel,4.6
Manassas City,division,avg_bully_prob,3.7
Manassas Park City,division,pct_mental_health_training,13.65
Manassas Park City,division,avg_peer_rel,4
Manassas Park City,division,avg_adult_rel,4.449999999999999
Manassas Park City,division,avg_bully_prob,3.35
Colonial Beach,division,pct_mental_health_training,9.9
Colonial Beach,division,avg_peer_rel,4.2
Colonial Beach,division,avg_adult_rel,4.6
Colonial Beach,division,avg_bully_prob,3.3
West Point,division,pct_mental_health_training,13.9
West Point,division,avg_peer_rel,4.300000000000001
West Point,division,avg_adult_rel,4.65
West Point,division,avg_bully_prob,3.3
Arcadia High,school,pct_mental_health_training,12.7
Arcadia High,school,avg_peer_rel,3.9
Arcadia High,school,avg_adult_rel,4.4
Arcadia High,school,avg_bully_prob,3.4
Nandua High,school,pct_mental_health_training,16.9
Nandua High,school,avg_peer_rel,4.1
Nandua High,school,avg_adult_rel,4.4
Nandua High,school,avg_bully_prob,3.5
Albemarle High,school,pct_mental_health_training,17.2
Albemarle High,school,avg_peer_rel,4.4
Albemarle High,school,avg_adult_rel,4.7
Albemarle High,school,avg_bully_prob,3.1
Monticello High,school,pct_mental_health_training,13.7
Monticello High,school,avg_peer_rel,4.2
Monticello High,school,avg_adult_rel,4.3
Monticello High,school,avg_bully_prob,3.2
Western Albemarle High,school,pct_mental_health_training,16.1
Western Albemarle High,school,avg_peer_rel,4.6
Western Albemarle High,school,avg_adult_rel,4.7
Western Albemarle High,school,avg_bully_prob,3
Alexandria City High,school,pct_mental_health_training,17
Alexandria City High,school,avg_peer_rel,4.3
Alexandria City High,school,avg_adult_rel,4.7
Alexandria City High,school,avg_bully_prob,3.3
Alleghany High,school,pct_mental_health_training,16
Alleghany High,school,avg_peer_rel,3.8
Alleghany High,school,avg_adult_rel,4.1
Alleghany High,school,avg_bully_prob,3.8
Amelia County High,school,pct_mental_health_training,20.3
Amelia County High,school,avg_peer_rel,4
Amelia County High,school,avg_adult_rel,4.3
Amelia County High,school,avg_bully_prob,3.7
Amherst County High,school,pct_mental_health_training,14.5
Amherst County High,school,avg_peer_rel,4
Amherst County High,school,avg_adult_rel,4.4
Amherst County High,school,avg_bully_prob,3.7
Appomattox County High,school,pct_mental_health_training,16.3
Appomattox County High,school,avg_peer_rel,4.1
Appomattox County High,school,avg_adult_rel,4.4
Appomattox County High,school,avg_bully_prob,3.8
Yorktown High,school,pct_mental_health_training,37.4
Yorktown High,school,avg_peer_rel,4.5
Yorktown High,school,avg_adult_rel,4.6
Yorktown High,school,avg_bully_prob,3.2
Fort Defiance High,school,pct_mental_health_training,16.2
Fort Defiance High,school,avg_peer_rel,4.2
Fort Defiance High,school,avg_adult_rel,4.6
Fort Defiance High,school,avg_bully_prob,3.3
Riverheads High,school,pct_mental_health_training,14.6
Riverheads High,school,avg_peer_rel,4.4
Riverheads High,school,avg_adult_rel,4.8
Riverheads High,school,avg_bully_prob,3
Stuarts Draft High,school,pct_mental_health_training,17.2
Stuarts Draft High,school,avg_peer_rel,4.2
Stuarts Draft High,school,avg_adult_rel,4.5
Stuarts Draft High,school,avg_bully_prob,3.2
Jefferson Forest High,school,pct_mental_health_training,18.4
Jefferson Forest High,school,avg_peer_rel,4.3
Jefferson Forest High,school,avg_adult_rel,4.4
Jefferson Forest High,school,avg_bully_prob,3.4
Staunton River High,school,pct_mental_health_training,18.5
Staunton River High,school,avg_peer_rel,4
Staunton River High,school,avg_adult_rel,4.3
Staunton River High,school,avg_bully_prob,3.6
Lord Botetourt High,school,pct_mental_health_training,18.6
Lord Botetourt High,school,avg_peer_rel,4.1
Lord Botetourt High,school,avg_adult_rel,4.5
Lord Botetourt High,school,avg_bully_prob,3.5
Virginia High,school,pct_mental_health_training,23.9
Virginia High,school,avg_peer_rel,4.2
Virginia High,school,avg_adult_rel,4.6
Virginia High,school,avg_bully_prob,3.7
Brunswick High,school,pct_mental_health_training,17.5
Brunswick High,school,avg_peer_rel,3.8
Brunswick High,school,avg_adult_rel,4.5
Brunswick High,school,avg_bully_prob,3.5
Grundy High,school,pct_mental_health_training,20.1
Grundy High,school,avg_peer_rel,4.2
Grundy High,school,avg_adult_rel,4.5
Grundy High,school,avg_bully_prob,3.4
Buckingham County High,school,pct_mental_health_training,11.9
Buckingham County High,school,avg_peer_rel,3.9
Buckingham County High,school,avg_adult_rel,4.4
Buckingham County High,school,avg_bully_prob,3.7
Brookville High,school,pct_mental_health_training,20
Brookville High,school,avg_peer_rel,4.3
Brookville High,school,avg_adult_rel,4.7
Brookville High,school,avg_bully_prob,3.5
Rustburg High,school,pct_mental_health_training,36.5
Rustburg High,school,avg_peer_rel,4.1
Rustburg High,school,avg_adult_rel,4.4
Rustburg High,school,avg_bully_prob,3.5
Caroline High,school,pct_mental_health_training,21.4
Caroline High,school,avg_peer_rel,3.9
Caroline High,school,avg_adult_rel,4.1
Caroline High,school,avg_bully_prob,3.7
Carroll County High,school,pct_mental_health_training,15.2
Carroll County High,school,avg_peer_rel,4.1
Carroll County High,school,avg_adult_rel,4.5
Carroll County High,school,avg_bully_prob,3.8
Randolph-Henry High,school,pct_mental_health_training,22.1
Randolph-Henry High,school,avg_peer_rel,4
Randolph-Henry High,school,avg_adult_rel,4.6
Randolph-Henry High,school,avg_bully_prob,3.5
Charlottesville High,school,pct_mental_health_training,25.2
Charlottesville High,school,avg_peer_rel,4.3
Charlottesville High,school,avg_adult_rel,4.5
Charlottesville High,school,avg_bully_prob,3.2
Deep Creek High,school,pct_mental_health_training,22.3
Deep Creek High,school,avg_peer_rel,4
Deep Creek High,school,avg_adult_rel,4.5
Deep Creek High,school,avg_bully_prob,3.4
Grassfield High,school,pct_mental_health_training,25.1
Grassfield High,school,avg_peer_rel,4.4
Grassfield High,school,avg_adult_rel,4.7
Grassfield High,school,avg_bully_prob,3
Great Bridge High,school,pct_mental_health_training,19.7
Great Bridge High,school,avg_peer_rel,4.2
Great Bridge High,school,avg_adult_rel,4.6
Great Bridge High,school,avg_bully_prob,3.4
Hickory High,school,pct_mental_health_training,19.3
Hickory High,school,avg_peer_rel,4.3
Hickory High,school,avg_adult_rel,4.6
Hickory High,school,avg_bully_prob,3.2
Indian River High,school,pct_mental_health_training,19.6
Indian River High,school,avg_peer_rel,4
Indian River High,school,avg_adult_rel,4.4
Indian River High,school,avg_bully_prob,3.4
Oscar F. Smith High,school,pct_mental_health_training,17.4
Oscar F. Smith High,school,avg_peer_rel,4
Oscar F. Smith High,school,avg_adult_rel,4.6
Oscar F. Smith High,school,avg_bully_prob,3.4
Western Branch High,school,pct_mental_health_training,21.5
Western Branch High,school,avg_peer_rel,4.1
Western Branch High,school,avg_adult_rel,4.5
Western Branch High,school,avg_bully_prob,3.4
Carver College and Career Academy,school,pct_mental_health_training,21.5
Carver College and Career Academy,school,avg_peer_rel,3.8
Carver College and Career Academy,school,avg_adult_rel,4.8
Carver College and Career Academy,school,avg_bully_prob,2.8
Clover Hill High,school,pct_mental_health_training,25.2
Clover Hill High,school,avg_peer_rel,4.4
Clover Hill High,school,avg_adult_rel,4.6
Clover Hill High,school,avg_bully_prob,3
Lloyd C. Bird High,school,pct_mental_health_training,17.4
Lloyd C. Bird High,school,avg_peer_rel,4
Lloyd C. Bird High,school,avg_adult_rel,4.5
Lloyd C. Bird High,school,avg_bully_prob,3.1
Matoaca High,school,pct_mental_health_training,25.3
Matoaca High,school,avg_peer_rel,4.1
Matoaca High,school,avg_adult_rel,4.4
Matoaca High,school,avg_bully_prob,3.3
Meadowbrook High,school,pct_mental_health_training,16.8
Meadowbrook High,school,avg_peer_rel,3.8
Meadowbrook High,school,avg_adult_rel,4.3
Meadowbrook High,school,avg_bully_prob,3.2
Midlothian High,school,pct_mental_health_training,26.6
Midlothian High,school,avg_peer_rel,4.5
Midlothian High,school,avg_adult_rel,4.6
Midlothian High,school,avg_bully_prob,3
Clarke County High,school,pct_mental_health_training,13.4
Clarke County High,school,avg_peer_rel,4.3
Clarke County High,school,avg_adult_rel,4.5
Clarke County High,school,avg_bully_prob,3.3
Culpeper County High,school,pct_mental_health_training,15.6
Culpeper County High,school,avg_peer_rel,4.1
Culpeper County High,school,avg_adult_rel,4.4
Culpeper County High,school,avg_bully_prob,3.6
Eastern View High,school,pct_mental_health_training,16.8
Eastern View High,school,avg_peer_rel,3.9
Eastern View High,school,avg_adult_rel,4.2
Eastern View High,school,avg_bully_prob,3.8
Cumberland High,school,pct_mental_health_training,20.2
Cumberland High,school,avg_peer_rel,3.9
Cumberland High,school,avg_adult_rel,4.5
Cumberland High,school,avg_bully_prob,3.6
Galileo Magnet High,school,pct_mental_health_training,16.8
Galileo Magnet High,school,avg_peer_rel,4.4
Galileo Magnet High,school,avg_adult_rel,4.8
Galileo Magnet High,school,avg_bully_prob,2.4
George Washington High,school,pct_mental_health_training,15.3
George Washington High,school,avg_peer_rel,3.6
George Washington High,school,avg_adult_rel,4.2
George Washington High,school,avg_bully_prob,3.6
Ridgeview High,school,pct_mental_health_training,20.6
Ridgeview High,school,avg_peer_rel,4.3
Ridgeview High,school,avg_adult_rel,4.4
Ridgeview High,school,avg_bully_prob,3.7
Dinwiddie County High,school,pct_mental_health_training,16.7
Dinwiddie County High,school,avg_peer_rel,3.8
Dinwiddie County High,school,avg_adult_rel,4.2
Dinwiddie County High,school,avg_bully_prob,3.7
Annandale High,school,pct_mental_health_training,23.1
Annandale High,school,avg_peer_rel,4.3
Annandale High,school,avg_adult_rel,4.6
Annandale High,school,avg_bully_prob,2.9
Centreville High,school,pct_mental_health_training,23.6
Centreville High,school,avg_peer_rel,4.4
Centreville High,school,avg_adult_rel,4.6
Centreville High,school,avg_bully_prob,3
Chantilly High,school,pct_mental_health_training,35
Chantilly High,school,avg_peer_rel,4.6
Chantilly High,school,avg_adult_rel,4.8
Chantilly High,school,avg_bully_prob,2.7
Edison High,school,pct_mental_health_training,19.8
Edison High,school,avg_peer_rel,4.5
Edison High,school,avg_adult_rel,4.6
Edison High,school,avg_bully_prob,2.9
Fairfax High,school,pct_mental_health_training,27.5
Fairfax High,school,avg_peer_rel,4.4
Fairfax High,school,avg_adult_rel,4.5
Fairfax High,school,avg_bully_prob,3.1
Herndon High,school,pct_mental_health_training,22.5
Herndon High,school,avg_peer_rel,4.2
Herndon High,school,avg_adult_rel,4.5
Herndon High,school,avg_bully_prob,3.1
Lake Braddock Secondary,school,pct_mental_health_training,38
Lake Braddock Secondary,school,avg_peer_rel,4.5
Lake Braddock Secondary,school,avg_adult_rel,4.6
Lake Braddock Secondary,school,avg_bully_prob,3.2
Langley High,school,pct_mental_health_training,30
Langley High,school,avg_peer_rel,4.6
Langley High,school,avg_adult_rel,4.6
Langley High,school,avg_bully_prob,2.9
Lewis High,school,pct_mental_health_training,17.7
Lewis High,school,avg_peer_rel,4.3
Lewis High,school,avg_adult_rel,4.5
Lewis High,school,avg_bully_prob,2.9
Madison High,school,pct_mental_health_training,27.4
Madison High,school,avg_peer_rel,4.6
Madison High,school,avg_adult_rel,4.7
Madison High,school,avg_bully_prob,2.9
Marshall High,school,pct_mental_health_training,31.1
Marshall High,school,avg_peer_rel,4.6
Marshall High,school,avg_adult_rel,4.7
Marshall High,school,avg_bully_prob,2.8
McLean High,school,pct_mental_health_training,32.8
McLean High,school,avg_peer_rel,4.6
McLean High,school,avg_adult_rel,4.7
McLean High,school,avg_bully_prob,2.8
Oakton High,school,pct_mental_health_training,33.3
Oakton High,school,avg_peer_rel,4.6
Oakton High,school,avg_adult_rel,4.7
Oakton High,school,avg_bully_prob,2.8
South County High,school,pct_mental_health_training,26.9
South County High,school,avg_peer_rel,4.5
South County High,school,avg_adult_rel,4.6
South County High,school,avg_bully_prob,3.1
Thomas Jefferson High for Science and Technology,school,pct_mental_health_training,45.7
Thomas Jefferson High for Science and Technology,school,avg_peer_rel,4.9
Thomas Jefferson High for Science and Technology,school,avg_adult_rel,4.9
Thomas Jefferson High for Science and Technology,school,avg_bully_prob,2
West Springfield High,school,pct_mental_health_training,27.7
West Springfield High,school,avg_peer_rel,4.5
West Springfield High,school,avg_adult_rel,4.7
West Springfield High,school,avg_bully_prob,2.8
Westfield High,school,pct_mental_health_training,23.2
Westfield High,school,avg_peer_rel,4.4
Westfield High,school,avg_adult_rel,4.6
Westfield High,school,avg_bully_prob,3
Woodson High,school,pct_mental_health_training,33.1
Woodson High,school,avg_peer_rel,4.5
Woodson High,school,avg_adult_rel,4.6
Woodson High,school,avg_bully_prob,2.8
Meridian High School,school,pct_mental_health_training,18.5
Meridian High School,school,avg_peer_rel,4.6
Meridian High School,school,avg_adult_rel,4.7
Meridian High School,school,avg_bully_prob,2.8
Fauquier High,school,pct_mental_health_training,30.7
Fauquier High,school,avg_peer_rel,4.3
Fauquier High,school,avg_adult_rel,4.5
Fauquier High,school,avg_bully_prob,3.2
Kettle Run High,school,pct_mental_health_training,24.3
Kettle Run High,school,avg_peer_rel,4.2
Kettle Run High,school,avg_adult_rel,4.4
Kettle Run High,school,avg_bully_prob,3.2
Liberty High — Fauquier County,school,pct_mental_health_training,21.5
Liberty High — Fauquier County,school,avg_peer_rel,4.1
Liberty High — Fauquier County,school,avg_adult_rel,4.4
Liberty High — Fauquier County,school,avg_bully_prob,3.5
James Wood High,school,pct_mental_health_training,18.7
James Wood High,school,avg_peer_rel,4.1
James Wood High,school,avg_adult_rel,4.4
James Wood High,school,avg_bully_prob,3.6
Millbrook High,school,pct_mental_health_training,17.7
Millbrook High,school,avg_peer_rel,4.4
Millbrook High,school,avg_adult_rel,4.6
Millbrook High,school,avg_bully_prob,3.2
Galax High,school,pct_mental_health_training,17.9
Galax High,school,avg_peer_rel,4.2
Galax High,school,avg_adult_rel,4.5
Galax High,school,avg_bully_prob,3.2
Gloucester High,school,pct_mental_health_training,22.9
Gloucester High,school,avg_peer_rel,3.9
Gloucester High,school,avg_adult_rel,4
Gloucester High,school,avg_bully_prob,3.9
Goochland High,school,pct_mental_health_training,22.1
Goochland High,school,avg_peer_rel,4.3
Goochland High,school,avg_adult_rel,4.6
Goochland High,school,avg_bully_prob,3.3
Grayson County High,school,pct_mental_health_training,17.7
Grayson County High,school,avg_peer_rel,4.3
Grayson County High,school,avg_adult_rel,4.6
Grayson County High,school,avg_bully_prob,3.5
William Monroe High,school,pct_mental_health_training,11.5
William Monroe High,school,avg_peer_rel,4.2
William Monroe High,school,avg_adult_rel,4.5
William Monroe High,school,avg_bully_prob,3.4
Greensville County High,school,pct_mental_health_training,13.3
Greensville County High,school,avg_peer_rel,3.5
Greensville County High,school,avg_adult_rel,4.1
Greensville County High,school,avg_bully_prob,3.6
Halifax County High,school,pct_mental_health_training,12.4
Halifax County High,school,avg_peer_rel,3.8
Halifax County High,school,avg_adult_rel,4.3
Halifax County High,school,avg_bully_prob,3.9
Bethel High,school,pct_mental_health_training,17.1
Bethel High,school,avg_peer_rel,3.8
Bethel High,school,avg_adult_rel,4.3
Bethel High,school,avg_bully_prob,3.5
Harrisonburg High,school,pct_mental_health_training,15.1
Harrisonburg High,school,avg_peer_rel,4.1
Harrisonburg High,school,avg_adult_rel,4.7
Harrisonburg High,school,avg_bully_prob,3.1
Deep Run High,school,pct_mental_health_training,36.8
Deep Run High,school,avg_peer_rel,4.5
Deep Run High,school,avg_adult_rel,4.7
Deep Run High,school,avg_bully_prob,3
Douglas S. Freeman High,school,pct_mental_health_training,30.4
Douglas S. Freeman High,school,avg_peer_rel,4.4
Douglas S. Freeman High,school,avg_adult_rel,4.6
Douglas S. Freeman High,school,avg_bully_prob,3.3
Glen Allen High,school,pct_mental_health_training,23.3
Glen Allen High,school,avg_peer_rel,4.4
Glen Allen High,school,avg_adult_rel,4.6
Glen Allen High,school,avg_bully_prob,3.1
Hermitage High,school,pct_mental_health_training,25.7
Hermitage High,school,avg_peer_rel,4
Hermitage High,school,avg_adult_rel,4.5
Hermitage High,school,avg_bully_prob,3.3
John Randolph Tucker High,school,pct_mental_health_training,23.1
John Randolph Tucker High,school,avg_peer_rel,4.3
John Randolph Tucker High,school,avg_adult_rel,4.5
John Randolph Tucker High,school,avg_bully_prob,3
Mills E. Godwin High,school,pct_mental_health_training,41.4
Mills E. Godwin High,school,avg_peer_rel,4.4
Mills E. Godwin High,school,avg_adult_rel,4.5
Mills E. Godwin High,school,avg_bully_prob,3.2
Bassett High,school,pct_mental_health_training,16
Bassett High,school,avg_peer_rel,4.1
Bassett High,school,avg_adult_rel,4.6
Bassett High,school,avg_bully_prob,3.6
Magna Vista High,school,pct_mental_health_training,15.5
Magna Vista High,school,avg_peer_rel,4.2
Magna Vista High,school,avg_adult_rel,4.5
Magna Vista High,school,avg_bully_prob,3.8
Windsor High,school,pct_mental_health_training,14.6
Windsor High,school,avg_peer_rel,4.3
Windsor High,school,avg_adult_rel,4.7
Windsor High,school,avg_bully_prob,3.3
King George High,school,pct_mental_health_training,21.2
King George High,school,avg_peer_rel,4.2
King George High,school,avg_adult_rel,4.7
King George High,school,avg_bully_prob,3.4
Broad Run High,school,pct_mental_health_training,38.1
Broad Run High,school,avg_peer_rel,4.5
Broad Run High,school,avg_adult_rel,4.7
Broad Run High,school,avg_bully_prob,2.9
Dominion High,school,pct_mental_health_training,28.7
Dominion High,school,avg_peer_rel,4.5
Dominion High,school,avg_adult_rel,4.6
Dominion High,school,avg_bully_prob,2.8
Independence High,school,pct_mental_health_training,32.2
Independence High,school,avg_peer_rel,4.8
Independence High,school,avg_adult_rel,4.9
Independence High,school,avg_bully_prob,2.5
John Champe High,school,pct_mental_health_training,35.4
John Champe High,school,avg_peer_rel,4.5
John Champe High,school,avg_adult_rel,4.7
John Champe High,school,avg_bully_prob,2.9
Lightridge High,school,pct_mental_health_training,34.3
Lightridge High,school,avg_peer_rel,4.6
Lightridge High,school,avg_adult_rel,4.9
Lightridge High,school,avg_bully_prob,2.6
Loudoun County High,school,pct_mental_health_training,28.6
Loudoun County High,school,avg_peer_rel,4.5
Loudoun County High,school,avg_adult_rel,4.6
Loudoun County High,school,avg_bully_prob,3.1
Potomac Falls High,school,pct_mental_health_training,28
Potomac Falls High,school,avg_peer_rel,4.5
Potomac Falls High,school,avg_adult_rel,4.7
Potomac Falls High,school,avg_bully_prob,2.8
Riverside High,school,pct_mental_health_training,28.6
Riverside High,school,avg_peer_rel,4.6
Riverside High,school,avg_adult_rel,4.7
Riverside High,school,avg_bully_prob,2.9
Rock Ridge High,school,pct_mental_health_training,35.2
Rock Ridge High,school,avg_peer_rel,4.6
Rock Ridge High,school,avg_adult_rel,4.8
Rock Ridge High,school,avg_bully_prob,2.5
Louisa County High,school,pct_mental_health_training,18.3
Louisa County High,school,avg_peer_rel,4.3
Louisa County High,school,avg_adult_rel,4.6
Louisa County High,school,avg_bully_prob,3.3
E.C. Glass High,school,pct_mental_health_training,16.7
E.C. Glass High,school,avg_peer_rel,4.1
E.C. Glass High,school,avg_adult_rel,4.3
E.C. Glass High,school,avg_bully_prob,3.4
Manassas Park High,school,pct_mental_health_training,14.8
Manassas Park High,school,avg_peer_rel,4.1
Manassas Park High,school,avg_adult_rel,4.6
Manassas Park High,school,avg_bully_prob,3.2
Martinsville High,school,pct_mental_health_training,13
Martinsville High,school,avg_peer_rel,3.9
Martinsville High,school,avg_adult_rel,4.4
Martinsville High,school,avg_bully_prob,3.6
Mathews High,school,pct_mental_health_training,21.1
Mathews High,school,avg_peer_rel,4.3
Mathews High,school,avg_adult_rel,4.6
Mathews High,school,avg_bully_prob,3.5
Middlesex High,school,pct_mental_health_training,19.3
Middlesex High,school,avg_peer_rel,4
Middlesex High,school,avg_adult_rel,4.3
Middlesex High,school,avg_bully_prob,3.2
Blacksburg High,school,pct_mental_health_training,24.2
Blacksburg High,school,avg_peer_rel,4.4
Blacksburg High,school,avg_adult_rel,4.6
Blacksburg High,school,avg_bully_prob,3.4
Christiansburg High,school,pct_mental_health_training,24.4
Christiansburg High,school,avg_peer_rel,4.2
Christiansburg High,school,avg_adult_rel,4.5
Christiansburg High,school,avg_bully_prob,3.7
Eastern Montgomery High,school,pct_mental_health_training,25
Eastern Montgomery High,school,avg_peer_rel,4.3
Eastern Montgomery High,school,avg_adult_rel,4.7
Eastern Montgomery High,school,avg_bully_prob,3.3
Nelson County High,school,pct_mental_health_training,13.3
Nelson County High,school,avg_peer_rel,4.2
Nelson County High,school,avg_adult_rel,4.5
Nelson County High,school,avg_bully_prob,3.4
New Kent High,school,pct_mental_health_training,19.6
New Kent High,school,avg_peer_rel,4.1
New Kent High,school,avg_adult_rel,4.4
New Kent High,school,avg_bully_prob,3.5
Denbigh High,school,pct_mental_health_training,13.1
Denbigh High,school,avg_peer_rel,3.8
Denbigh High,school,avg_adult_rel,4.6
Denbigh High,school,avg_bully_prob,3.3
Menchville High,school,pct_mental_health_training,17
Menchville High,school,avg_peer_rel,4
Menchville High,school,avg_adult_rel,4.4
Menchville High,school,avg_bully_prob,3.3
Warwick High,school,pct_mental_health_training,15.1
Warwick High,school,avg_peer_rel,3.7
Warwick High,school,avg_adult_rel,4.3
Warwick High,school,avg_bully_prob,3.6
Woodside High,school,pct_mental_health_training,16.8
Woodside High,school,avg_peer_rel,4.1
Woodside High,school,avg_adult_rel,4.5
Woodside High,school,avg_bully_prob,3.3
Granby High,school,pct_mental_health_training,17.8
Granby High,school,avg_peer_rel,3.8
Granby High,school,avg_adult_rel,4.3
Granby High,school,avg_bully_prob,3.6
Lake Taylor High,school,pct_mental_health_training,15.5
Lake Taylor High,school,avg_peer_rel,3.6
Lake Taylor High,school,avg_adult_rel,4.3
Lake Taylor High,school,avg_bully_prob,3.4
Matthew Fontaine Maury High,school,pct_mental_health_training,15.4
Matthew Fontaine Maury High,school,avg_peer_rel,4.1
Matthew Fontaine Maury High,school,avg_adult_rel,4.6
Matthew Fontaine Maury High,school,avg_bully_prob,3.4
Norview High,school,pct_mental_health_training,16.2
Norview High,school,avg_peer_rel,3.9
Norview High,school,avg_adult_rel,4.5
Norview High,school,avg_bully_prob,3.3
Northampton High,school,pct_mental_health_training,12.3
Northampton High,school,avg_peer_rel,4.1
Northampton High,school,avg_adult_rel,4.4
Northampton High,school,avg_bully_prob,3.5
Northumberland High,school,pct_mental_health_training,15.1
Northumberland High,school,avg_peer_rel,4.1
Northumberland High,school,avg_adult_rel,4.6
Northumberland High,school,avg_bully_prob,3.4
Nottoway High,school,pct_mental_health_training,20.3
Nottoway High,school,avg_peer_rel,4
Nottoway High,school,avg_adult_rel,4.4
Nottoway High,school,avg_bully_prob,3.5
Orange County High,school,pct_mental_health_training,19.9
Orange County High,school,avg_peer_rel,4
Orange County High,school,avg_adult_rel,4.2
Orange County High,school,avg_bully_prob,3.7
Luray High,school,pct_mental_health_training,24.7
Luray High,school,avg_peer_rel,4.2
Luray High,school,avg_adult_rel,4.8
Luray High,school,avg_bully_prob,3.6
Chatham High,school,pct_mental_health_training,15.6
Chatham High,school,avg_peer_rel,4
Chatham High,school,avg_adult_rel,4.3
Chatham High,school,avg_bully_prob,3.7
Dan River High,school,pct_mental_health_training,17.8
Dan River High,school,avg_peer_rel,4
Dan River High,school,avg_adult_rel,4.4
Dan River High,school,avg_bully_prob,3.8
Gretna High,school,pct_mental_health_training,14.5
Gretna High,school,avg_peer_rel,3.7
Gretna High,school,avg_adult_rel,4
Gretna High,school,avg_bully_prob,3.9
Tunstall High,school,pct_mental_health_training,18.3
Tunstall High,school,avg_peer_rel,4.1
Tunstall High,school,avg_adult_rel,4.4
Tunstall High,school,avg_bully_prob,3.9
Poquoson High,school,pct_mental_health_training,15.7
Poquoson High,school,avg_peer_rel,4.2
Poquoson High,school,avg_adult_rel,4.5
Poquoson High,school,avg_bully_prob,3.4
Churchland High,school,pct_mental_health_training,14.7
Churchland High,school,avg_peer_rel,4
Churchland High,school,avg_adult_rel,4.5
Churchland High,school,avg_bully_prob,3.5
Powhatan High,school,pct_mental_health_training,28.6
Powhatan High,school,avg_peer_rel,4.3
Powhatan High,school,avg_adult_rel,4.5
Powhatan High,school,avg_bully_prob,3.5
Prince Edward County High,school,pct_mental_health_training,8.8
Prince Edward County High,school,avg_peer_rel,3.7
Prince Edward County High,school,avg_adult_rel,4.2
Prince Edward County High,school,avg_bully_prob,3.7
Prince George High,school,pct_mental_health_training,19.3
Prince George High,school,avg_peer_rel,3.9
Prince George High,school,avg_adult_rel,4.1
Prince George High,school,avg_bully_prob,3.8
Brentsville District High,school,pct_mental_health_training,42.6
Brentsville District High,school,avg_peer_rel,4.4
Brentsville District High,school,avg_adult_rel,4.5
Brentsville District High,school,avg_bully_prob,3
Charles J. Colgan Sr. High,school,pct_mental_health_training,38.2
Charles J. Colgan Sr. High,school,avg_peer_rel,4.4
Charles J. Colgan Sr. High,school,avg_adult_rel,4.6
Charles J. Colgan Sr. High,school,avg_bully_prob,3.1
Forest Park High,school,pct_mental_health_training,26.8
Forest Park High,school,avg_peer_rel,4.2
Forest Park High,school,avg_adult_rel,4.4
Forest Park High,school,avg_bully_prob,3.1
Freedom High — Prince William County,school,pct_mental_health_training,19.8
Freedom High — Prince William County,school,avg_peer_rel,3.9
Freedom High — Prince William County,school,avg_adult_rel,4.4
Freedom High — Prince William County,school,avg_bully_prob,3.1
Gainesville High,school,pct_mental_health_training,36.8
Gainesville High,school,avg_peer_rel,4.4
Gainesville High,school,avg_adult_rel,4.5
Gainesville High,school,avg_bully_prob,3
Potomac High,school,pct_mental_health_training,26.9
Potomac High,school,avg_peer_rel,4
Potomac High,school,avg_adult_rel,4.4
Potomac High,school,avg_bully_prob,3
Pulaski County Senior High,school,pct_mental_health_training,20.6
Pulaski County Senior High,school,avg_peer_rel,3.9
Pulaski County Senior High,school,avg_adult_rel,4.3
Pulaski County Senior High,school,avg_bully_prob,4
Open High,school,pct_mental_health_training,21.1
Open High,school,avg_peer_rel,4.7
Open High,school,avg_adult_rel,5.2
Open High,school,avg_bully_prob,1.9
Richmond Career Education and Employment Charter School,school,pct_mental_health_training,32
Richmond Career Education and Employment Charter School,school,avg_peer_rel,5.3
Richmond Career Education and Employment Charter School,school,avg_adult_rel,5.5
Richmond Career Education and Employment Charter School,school,avg_bully_prob,2.6
Richmond Community High,school,pct_mental_health_training,14.2
Richmond Community High,school,avg_peer_rel,4.8
Richmond Community High,school,avg_adult_rel,5
Richmond Community High,school,avg_bully_prob,1.9
Cave Spring High,school,pct_mental_health_training,23.9
Cave Spring High,school,avg_peer_rel,4.3
Cave Spring High,school,avg_adult_rel,4.6
Cave Spring High,school,avg_bully_prob,3.3
Glenvar High,school,pct_mental_health_training,34.9
Glenvar High,school,avg_peer_rel,4.3
Glenvar High,school,avg_adult_rel,4.7
Glenvar High,school,avg_bully_prob,3.2
Hidden Valley High,school,pct_mental_health_training,32.7
Hidden Valley High,school,avg_peer_rel,4.3
Hidden Valley High,school,avg_adult_rel,4.3
Hidden Valley High,school,avg_bully_prob,3.2
Northside High,school,pct_mental_health_training,29.2
Northside High,school,avg_peer_rel,4.1
Northside High,school,avg_adult_rel,4.5
Northside High,school,avg_bully_prob,3.5
William Byrd High,school,pct_mental_health_training,27.9
William Byrd High,school,avg_peer_rel,4.3
William Byrd High,school,avg_adult_rel,4.7
William Byrd High,school,avg_bully_prob,3.3
Rockbridge County High,school,pct_mental_health_training,15.4
Rockbridge County High,school,avg_peer_rel,4.1
Rockbridge County High,school,avg_adult_rel,4.2
Rockbridge County High,school,avg_bully_prob,3.9
East Rockingham High,school,pct_mental_health_training,23.1
East Rockingham High,school,avg_peer_rel,4.1
East Rockingham High,school,avg_adult_rel,4.4
East Rockingham High,school,avg_bully_prob,3.6
Spotswood High,school,pct_mental_health_training,18.3
Spotswood High,school,avg_peer_rel,4.5
Spotswood High,school,avg_adult_rel,4.7
Spotswood High,school,avg_bully_prob,3
Turner Ashby High,school,pct_mental_health_training,14.1
Turner Ashby High,school,avg_peer_rel,4.3
Turner Ashby High,school,avg_adult_rel,4.6
Turner Ashby High,school,avg_bully_prob,3.3
Salem High — Salem City,school,pct_mental_health_training,17.2
Salem High — Salem City,school,avg_peer_rel,4.3
Salem High — Salem City,school,avg_adult_rel,4.7
Salem High — Salem City,school,avg_bully_prob,3.3
Gate City High,school,pct_mental_health_training,14.9
Gate City High,school,avg_peer_rel,4.3
Gate City High,school,avg_adult_rel,4.4
Gate City High,school,avg_bully_prob,3.7
Strasburg High,school,pct_mental_health_training,18.6
Strasburg High,school,avg_peer_rel,4
Strasburg High,school,avg_adult_rel,4.4
Strasburg High,school,avg_bully_prob,3.7
Chilhowie High,school,pct_mental_health_training,21.3
Chilhowie High,school,avg_peer_rel,4.2
Chilhowie High,school,avg_adult_rel,4.5
Chilhowie High,school,avg_bully_prob,3.6
Northwood High,school,pct_mental_health_training,14.8
Northwood High,school,avg_peer_rel,4.2
Northwood High,school,avg_adult_rel,4.8
Northwood High,school,avg_bully_prob,3.4
Southampton High,school,pct_mental_health_training,13.3
Southampton High,school,avg_peer_rel,3.7
Southampton High,school,avg_adult_rel,4.1
Southampton High,school,avg_bully_prob,3.8
Chancellor High,school,pct_mental_health_training,17.5
Chancellor High,school,avg_peer_rel,3.9
Chancellor High,school,avg_adult_rel,4.4
Chancellor High,school,avg_bully_prob,3.4
Courtland High,school,pct_mental_health_training,25.9
Courtland High,school,avg_peer_rel,4.1
Courtland High,school,avg_adult_rel,4.5
Courtland High,school,avg_bully_prob,3.4
Massaponax High,school,pct_mental_health_training,18.9
Massaponax High,school,avg_peer_rel,4
Massaponax High,school,avg_adult_rel,4.3
Massaponax High,school,avg_bully_prob,3.7
Riverbend High,school,pct_mental_health_training,22.5
Riverbend High,school,avg_peer_rel,4.2
Riverbend High,school,avg_adult_rel,4.6
Riverbend High,school,avg_bully_prob,3.4
Spotsylvania High,school,pct_mental_health_training,18.2
Spotsylvania High,school,avg_peer_rel,4.1
Spotsylvania High,school,avg_adult_rel,4.5
Spotsylvania High,school,avg_bully_prob,3.5
Brooke Point High,school,pct_mental_health_training,26.5
Brooke Point High,school,avg_peer_rel,4.2
Brooke Point High,school,avg_adult_rel,4.5
Brooke Point High,school,avg_bully_prob,3.1
Colonial Forge High,school,pct_mental_health_training,23.8
Colonial Forge High,school,avg_peer_rel,4.3
Colonial Forge High,school,avg_adult_rel,4.5
Colonial Forge High,school,avg_bully_prob,3.1
Mountain View High — Stafford County,school,pct_mental_health_training,24.1
Mountain View High — Stafford County,school,avg_peer_rel,4.3
Mountain View High — Stafford County,school,avg_adult_rel,4.6
Mountain View High — Stafford County,school,avg_bully_prob,3.1
North Stafford High,school,pct_mental_health_training,18.4
North Stafford High,school,avg_peer_rel,4.2
North Stafford High,school,avg_adult_rel,4.5
North Stafford High,school,avg_bully_prob,3
Stafford Senior High,school,pct_mental_health_training,24.2
Stafford Senior High,school,avg_peer_rel,4.2
Stafford Senior High,school,avg_adult_rel,4.4
Stafford Senior High,school,avg_bully_prob,3.3
Staunton High,school,pct_mental_health_training,18.4
Staunton High,school,avg_peer_rel,4.1
Staunton High,school,avg_adult_rel,4.6
Staunton High,school,avg_bully_prob,3.5
King's Fork High,school,pct_mental_health_training,17.3
King's Fork High,school,avg_peer_rel,3.9
King's Fork High,school,avg_adult_rel,4.2
King's Fork High,school,avg_bully_prob,3.5
Lakeland High,school,pct_mental_health_training,13.2
Lakeland High,school,avg_peer_rel,3.8
Lakeland High,school,avg_adult_rel,4.2
Lakeland High,school,avg_bully_prob,3.4
Nansemond River High,school,pct_mental_health_training,17.5
Nansemond River High,school,avg_peer_rel,4.1
Nansemond River High,school,avg_adult_rel,4.4
Nansemond River High,school,avg_bully_prob,3.4
Surry County High,school,pct_mental_health_training,8.8
Surry County High,school,avg_peer_rel,4.1
Surry County High,school,avg_adult_rel,4.3
Surry County High,school,avg_bully_prob,2.8
Graham High,school,pct_mental_health_training,17.7
Graham High,school,avg_peer_rel,4.2
Graham High,school,avg_adult_rel,4.6
Graham High,school,avg_bully_prob,3.4
Richlands High,school,pct_mental_health_training,15.1
Richlands High,school,avg_peer_rel,4.2
Richlands High,school,avg_adult_rel,4.6
Richlands High,school,avg_bully_prob,3.7
Tazewell High,school,pct_mental_health_training,14.8
Tazewell High,school,avg_peer_rel,4.2
Tazewell High,school,avg_adult_rel,4.6
Tazewell High,school,avg_bully_prob,3.5
Abingdon High,school,pct_mental_health_training,18.8
Abingdon High,school,avg_peer_rel,4.1
Abingdon High,school,avg_adult_rel,4.3
Abingdon High,school,avg_bully_prob,3.6
Holston High,school,pct_mental_health_training,25.5
Holston High,school,avg_peer_rel,4.5
Holston High,school,avg_adult_rel,4.9
Holston High,school,avg_bully_prob,3.1
John S. Battle High,school,pct_mental_health_training,17.4
John S. Battle High,school,avg_peer_rel,4.4
John S. Battle High,school,avg_adult_rel,4.7
John S. Battle High,school,avg_bully_prob,3.5
Waynesboro High,school,pct_mental_health_training,16.1
Waynesboro High,school,avg_peer_rel,4
Waynesboro High,school,avg_adult_rel,4.4
Waynesboro High,school,avg_bully_prob,3.4
Westmoreland High,school,pct_mental_health_training,21.2
Westmoreland High,school,avg_peer_rel,4
Westmoreland High,school,avg_adult_rel,4.2
Westmoreland High,school,avg_bully_prob,3.3
Jamestown High,school,pct_mental_health_training,22.1
Jamestown High,school,avg_peer_rel,4.3
Jamestown High,school,avg_adult_rel,4.5
Jamestown High,school,avg_bully_prob,3.2
Lafayette High,school,pct_mental_health_training,21.6
Lafayette High,school,avg_peer_rel,4.3
Lafayette High,school,avg_adult_rel,4.5
Lafayette High,school,avg_bully_prob,3.2
Warhill High,school,pct_mental_health_training,25.1
Warhill High,school,avg_peer_rel,3.9
Warhill High,school,avg_adult_rel,4.1
Warhill High,school,avg_bully_prob,3.6
John Handley High,school,pct_mental_health_training,16.9
John Handley High,school,avg_peer_rel,4.1
John Handley High,school,avg_adult_rel,4.4
John Handley High,school,avg_bully_prob,3.3
Eastside High,school,pct_mental_health_training,13.1
Eastside High,school,avg_peer_rel,4.5
Eastside High,school,avg_adult_rel,4.9
Eastside High,school,avg_bully_prob,3
Fort Chiswell High,school,pct_mental_health_training,19.5
Fort Chiswell High,school,avg_peer_rel,4.1
Fort Chiswell High,school,avg_adult_rel,4.4
Fort Chiswell High,school,avg_bully_prob,3.6
George Wythe High,school,pct_mental_health_training,20.9
George Wythe High,school,avg_peer_rel,4.2
George Wythe High,school,avg_adult_rel,4.6
George Wythe High,school,avg_bully_prob,3.5
Rural Retreat High,school,pct_mental_health_training,16.5
Rural Retreat High,school,avg_peer_rel,4.4
Rural Retreat High,school,avg_adult_rel,4.9
Rural Retreat High,school,avg_bully_prob,3
Bruton High,school,pct_mental_health_training,19.4
Bruton High,school,avg_peer_rel,3.9
Bruton High,school,avg_adult_rel,4.3
Bruton High,school,avg_bully_prob,3.3
Grafton High,school,pct_mental_health_training,20.6
Grafton High,school,avg_peer_rel,4.4
Grafton High,school,avg_adult_rel,4.7
Grafton High,school,avg_bully_prob,2.9
Tabb High,school,pct_mental_health_training,18.5
Tabb High,school,avg_peer_rel,4.4
Tabb High,school,avg_adult_rel,4.7
Tabb High,school,avg_bully_prob,3
York High,school,pct_mental_health_training,22.8
York High,school,avg_peer_rel,4.3
York High,school,avg_adult_rel,4.6
York High,school,avg_bully_prob,3.1
York River Academy,school,pct_mental_health_training,22
York River Academy,school,avg_peer_rel,4.2
York River Academy,school,avg_adult_rel,5.1
York River Academy,school,avg_bully_prob,1.7
Arcadia Middle,school,pct_mental_health_training,10.3
Arcadia Middle,school,avg_peer_rel,3.9
Arcadia Middle,school,avg_adult_rel,4.4
Arcadia Middle,school,avg_bully_prob,3.6
Chincoteague High,school,pct_mental_health_training,12.1
Chincoteague High,school,avg_peer_rel,4.4
Chincoteague High,school,avg_adult_rel,4.7
Chincoteague High,school,avg_bully_prob,3
Nandua Middle,school,pct_mental_health_training,10.4
Nandua Middle,school,avg_peer_rel,4.2
Nandua Middle,school,avg_adult_rel,4.6
Nandua Middle,school,avg_bully_prob,3.6
Community Lab School,school,pct_mental_health_training,14.8
Community Lab School,school,avg_peer_rel,5
Community Lab School,school,avg_adult_rel,5.2
Community Lab School,school,avg_bully_prob,1.6
Jackson P. Burley Middle,school,pct_mental_health_training,14
Jackson P. Burley Middle,school,avg_peer_rel,4.3
Jackson P. Burley Middle,school,avg_adult_rel,4.6
Jackson P. Burley Middle,school,avg_bully_prob,3.3
Joseph T. Henley Middle,school,pct_mental_health_training,10.6
Joseph T. Henley Middle,school,avg_peer_rel,4.6
Joseph T. Henley Middle,school,avg_adult_rel,4.6
Joseph T. Henley Middle,school,avg_bully_prob,2.9
Journey Middle,school,pct_mental_health_training,11.7
Journey Middle,school,avg_peer_rel,4.1
Journey Middle,school,avg_adult_rel,4.5
Journey Middle,school,avg_bully_prob,3.4
Lakeside Middle,school,pct_mental_health_training,9.8
Lakeside Middle,school,avg_peer_rel,4.6
Lakeside Middle,school,avg_adult_rel,4.8
Lakeside Middle,school,avg_bully_prob,2.7
Leslie H. Walton Middle,school,pct_mental_health_training,9.9
Leslie H. Walton Middle,school,avg_peer_rel,4.5
Leslie H. Walton Middle,school,avg_adult_rel,4.7
Leslie H. Walton Middle,school,avg_bully_prob,3.2
Francis C. Hammond Middle,school,pct_mental_health_training,13.3
Francis C. Hammond Middle,school,avg_peer_rel,4.1
Francis C. Hammond Middle,school,avg_adult_rel,4.5
Francis C. Hammond Middle,school,avg_bully_prob,3.7
George Washington Middle,school,pct_mental_health_training,12.8
George Washington Middle,school,avg_peer_rel,4.2
George Washington Middle,school,avg_adult_rel,4.5
George Washington Middle,school,avg_bully_prob,3.8
Covington Middle,school,pct_mental_health_training,12.3
Covington Middle,school,avg_peer_rel,4.2
Covington Middle,school,avg_adult_rel,4.7
Covington Middle,school,avg_bully_prob,4
Amelia County Middle,school,pct_mental_health_training,13.6
Amelia County Middle,school,avg_peer_rel,3.9
Amelia County Middle,school,avg_adult_rel,4.2
Amelia County Middle,school,avg_bully_prob,3.8
Amherst Middle,school,pct_mental_health_training,12.5
Amherst Middle,school,avg_peer_rel,4.6
Amherst Middle,school,avg_adult_rel,4.9
Amherst Middle,school,avg_bully_prob,3.2
Monelison Middle,school,pct_mental_health_training,19.6
Monelison Middle,school,avg_peer_rel,3.9
Monelison Middle,school,avg_adult_rel,4.3
Monelison Middle,school,avg_bully_prob,3.9
Appomattox Middle,school,pct_mental_health_training,15.3
Appomattox Middle,school,avg_peer_rel,4.1
Appomattox Middle,school,avg_adult_rel,4.5
Appomattox Middle,school,avg_bully_prob,3.8
Dorothy Hamm Middle,school,pct_mental_health_training,16
Dorothy Hamm Middle,school,avg_peer_rel,4.7
Dorothy Hamm Middle,school,avg_adult_rel,4.8
Dorothy Hamm Middle,school,avg_bully_prob,2.8
Jefferson Middle,school,pct_mental_health_training,12
Jefferson Middle,school,avg_peer_rel,4.4
Jefferson Middle,school,avg_adult_rel,4.7
Jefferson Middle,school,avg_bully_prob,3.3
Kenmore Middle,school,pct_mental_health_training,19
Kenmore Middle,school,avg_peer_rel,4.3
Kenmore Middle,school,avg_adult_rel,4.6
Kenmore Middle,school,avg_bully_prob,3.4
Swanson Middle,school,pct_mental_health_training,15.9
Swanson Middle,school,avg_peer_rel,4.7
Swanson Middle,school,avg_adult_rel,4.8
Swanson Middle,school,avg_bully_prob,2.9
Williamsburg Middle,school,pct_mental_health_training,26.8
Williamsburg Middle,school,avg_peer_rel,4.9
Williamsburg Middle,school,avg_adult_rel,4.9
Williamsburg Middle,school,avg_bully_prob,2.4
S. Gordon Stewart Middle,school,pct_mental_health_training,8.7
S. Gordon Stewart Middle,school,avg_peer_rel,4.2
S. Gordon Stewart Middle,school,avg_adult_rel,4.5
S. Gordon Stewart Middle,school,avg_bully_prob,3.7
Stuarts Draft Middle,school,pct_mental_health_training,13.3
Stuarts Draft Middle,school,avg_peer_rel,4.1
Stuarts Draft Middle,school,avg_adult_rel,4.5
Stuarts Draft Middle,school,avg_bully_prob,3.5
Wilson Middle,school,pct_mental_health_training,9.6
Wilson Middle,school,avg_peer_rel,4.3
Wilson Middle,school,avg_adult_rel,4.7
Wilson Middle,school,avg_bully_prob,3.7
Bath County High,school,pct_mental_health_training,3.1
Bath County High,school,avg_peer_rel,4.1
Bath County High,school,avg_adult_rel,4.7
Bath County High,school,avg_bully_prob,3.5
Forest Middle,school,pct_mental_health_training,14.1
Forest Middle,school,avg_peer_rel,4.6
Forest Middle,school,avg_adult_rel,4.8
Forest Middle,school,avg_bully_prob,3.4
Liberty Middle — Bedford County,school,pct_mental_health_training,14.4
Liberty Middle — Bedford County,school,avg_peer_rel,4.2
Liberty Middle — Bedford County,school,avg_adult_rel,4.6
Liberty Middle — Bedford County,school,avg_bully_prob,3.8
Staunton River Middle,school,pct_mental_health_training,17.5
Staunton River Middle,school,avg_peer_rel,4.4
Staunton River Middle,school,avg_adult_rel,4.6
Staunton River Middle,school,avg_bully_prob,4
Bland County High,school,pct_mental_health_training,17
Bland County High,school,avg_peer_rel,4.3
Bland County High,school,avg_adult_rel,4.7
Bland County High,school,avg_bully_prob,3.8
Central Academy Middle,school,pct_mental_health_training,10.8
Central Academy Middle,school,avg_peer_rel,4.6
Central Academy Middle,school,avg_adult_rel,5.1
Central Academy Middle,school,avg_bully_prob,2.9
Read Mountain Middle,school,pct_mental_health_training,6.4
Read Mountain Middle,school,avg_peer_rel,4.4
Read Mountain Middle,school,avg_adult_rel,4.8
Read Mountain Middle,school,avg_bully_prob,3.4
Virginia Middle,school,pct_mental_health_training,13.5
Virginia Middle,school,avg_peer_rel,4.1
Virginia Middle,school,avg_adult_rel,4.5
Virginia Middle,school,avg_bully_prob,4
Council High,school,pct_mental_health_training,17.6
Council High,school,avg_peer_rel,4.6
Council High,school,avg_adult_rel,4.8
Council High,school,avg_bully_prob,3.1
Hurley High,school,pct_mental_health_training,6.2
Hurley High,school,avg_peer_rel,4.8
Hurley High,school,avg_adult_rel,5.2
Hurley High,school,avg_bully_prob,2.3
Twin Valley High,school,pct_mental_health_training,6.1
Twin Valley High,school,avg_peer_rel,4.4
Twin Valley High,school,avg_adult_rel,4.6
Twin Valley High,school,avg_bully_prob,3.1
Buckingham County Middle,school,pct_mental_health_training,12.3
Buckingham County Middle,school,avg_peer_rel,4
Buckingham County Middle,school,avg_adult_rel,4.4
Buckingham County Middle,school,avg_bully_prob,4
Parry McCluer High,school,pct_mental_health_training,19
Parry McCluer High,school,avg_peer_rel,4.7
Parry McCluer High,school,avg_adult_rel,5.1
Parry McCluer High,school,avg_bully_prob,2.8
Parry McCluer Middle,school,pct_mental_health_training,16.9
Parry McCluer Middle,school,avg_peer_rel,4.7
Parry McCluer Middle,school,avg_adult_rel,5.1
Parry McCluer Middle,school,avg_bully_prob,3.2
Altavista High,school,pct_mental_health_training,9.8
Altavista High,school,avg_peer_rel,4.4
Altavista High,school,avg_adult_rel,4.7
Altavista High,school,avg_bully_prob,3.6
Brookville Middle,school,pct_mental_health_training,14.5
Brookville Middle,school,avg_peer_rel,4.2
Brookville Middle,school,avg_adult_rel,4.5
Brookville Middle,school,avg_bully_prob,4
Rustburg Middle,school,pct_mental_health_training,13.2
Rustburg Middle,school,avg_peer_rel,4.3
Rustburg Middle,school,avg_adult_rel,4.7
Rustburg Middle,school,avg_bully_prob,3.8
William Campbell High,school,pct_mental_health_training,9.9
William Campbell High,school,avg_peer_rel,4.1
William Campbell High,school,avg_adult_rel,4.7
William Campbell High,school,avg_bully_prob,3.6
Caroline Middle,school,pct_mental_health_training,12.8
Caroline Middle,school,avg_peer_rel,4
Caroline Middle,school,avg_adult_rel,4.2
Caroline Middle,school,avg_bully_prob,4
Carroll County Middle,school,pct_mental_health_training,11.9
Carroll County Middle,school,avg_peer_rel,4.4
Carroll County Middle,school,avg_adult_rel,4.7
Carroll County Middle,school,avg_bully_prob,3.4
Charles City County High,school,pct_mental_health_training,13.2
Charles City County High,school,avg_peer_rel,4.1
Charles City County High,school,avg_adult_rel,4.1
Charles City County High,school,avg_bully_prob,3.6
Central Middle,school,pct_mental_health_training,15.2
Central Middle,school,avg_peer_rel,4.2
Central Middle,school,avg_adult_rel,4.5
Central Middle,school,avg_bully_prob,3.4
Charlottesville Middle,school,pct_mental_health_training,15.7
Charlottesville Middle,school,avg_peer_rel,4.1
Charlottesville Middle,school,avg_adult_rel,4.4
Charlottesville Middle,school,avg_bully_prob,3.8
Walker Upper Elementary,school,pct_mental_health_training,7.1
Walker Upper Elementary,school,avg_peer_rel,4.3
Walker Upper Elementary,school,avg_adult_rel,4.9
Walker Upper Elementary,school,avg_bully_prob,3.6
Crestwood Middle,school,pct_mental_health_training,14.9
Crestwood Middle,school,avg_peer_rel,4
Crestwood Middle,school,avg_adult_rel,4.6
Crestwood Middle,school,avg_bully_prob,3.9
Deep Creek Middle,school,pct_mental_health_training,14.1
Deep Creek Middle,school,avg_peer_rel,4.3
Deep Creek Middle,school,avg_adult_rel,4.8
Deep Creek Middle,school,avg_bully_prob,3.8
Great Bridge Middle,school,pct_mental_health_training,12.4
Great Bridge Middle,school,avg_peer_rel,4.6
Great Bridge Middle,school,avg_adult_rel,4.9
Great Bridge Middle,school,avg_bully_prob,3.1
Greenbrier Middle,school,pct_mental_health_training,11.1
Greenbrier Middle,school,avg_peer_rel,4.3
Greenbrier Middle,school,avg_adult_rel,4.6
Greenbrier Middle,school,avg_bully_prob,3.8
Hickory Middle,school,pct_mental_health_training,11.9
Hickory Middle,school,avg_peer_rel,4.6
Hickory Middle,school,avg_adult_rel,4.9
Hickory Middle,school,avg_bully_prob,3.4
Hugo A. Owens Middle,school,pct_mental_health_training,12.9
Hugo A. Owens Middle,school,avg_peer_rel,4.3
Hugo A. Owens Middle,school,avg_adult_rel,4.7
Hugo A. Owens Middle,school,avg_bully_prob,3.5
Indian River Middle,school,pct_mental_health_training,15
Indian River Middle,school,avg_peer_rel,3.9
Indian River Middle,school,avg_adult_rel,4.5
Indian River Middle,school,avg_bully_prob,4
Jolliff Middle,school,pct_mental_health_training,15.8
Jolliff Middle,school,avg_peer_rel,4.4
Jolliff Middle,school,avg_adult_rel,4.7
Jolliff Middle,school,avg_bully_prob,3.3
Oscar Smith Middle,school,pct_mental_health_training,12.9
Oscar Smith Middle,school,avg_peer_rel,4
Oscar Smith Middle,school,avg_adult_rel,4.5
Oscar Smith Middle,school,avg_bully_prob,3.8
Western Branch Middle,school,pct_mental_health_training,12.4
Western Branch Middle,school,avg_peer_rel,4.2
Western Branch Middle,school,avg_adult_rel,4.5
Western Branch Middle,school,avg_bully_prob,3.6
Bailey Bridge Middle,school,pct_mental_health_training,16
Bailey Bridge Middle,school,avg_peer_rel,4.1
Bailey Bridge Middle,school,avg_adult_rel,4.3
Bailey Bridge Middle,school,avg_bully_prob,3.9
Carver Middle,school,pct_mental_health_training,20
Carver Middle,school,avg_peer_rel,3.6
Carver Middle,school,avg_adult_rel,4
Carver Middle,school,avg_bully_prob,4
Elizabeth Davis Middle,school,pct_mental_health_training,15
Elizabeth Davis Middle,school,avg_peer_rel,4.2
Elizabeth Davis Middle,school,avg_adult_rel,4.4
Elizabeth Davis Middle,school,avg_bully_prob,3.6
Falling Creek Middle,school,pct_mental_health_training,17.4
Falling Creek Middle,school,avg_peer_rel,3.6
Falling Creek Middle,school,avg_adult_rel,4
Falling Creek Middle,school,avg_bully_prob,4
Manchester Middle,school,pct_mental_health_training,15.8
Manchester Middle,school,avg_peer_rel,3.8
Manchester Middle,school,avg_adult_rel,4.2
Manchester Middle,school,avg_bully_prob,3.8
Matoaca Middle,school,pct_mental_health_training,19.2
Matoaca Middle,school,avg_peer_rel,3.9
Matoaca Middle,school,avg_adult_rel,4.1
Matoaca Middle,school,avg_bully_prob,3.9
Midlothian Middle,school,pct_mental_health_training,21.6
Midlothian Middle,school,avg_peer_rel,4.5
Midlothian Middle,school,avg_adult_rel,4.5
Midlothian Middle,school,avg_bully_prob,3.5
Providence Middle,school,pct_mental_health_training,17.5
Providence Middle,school,avg_peer_rel,3.9
Providence Middle,school,avg_adult_rel,4.1
Providence Middle,school,avg_bully_prob,3.9
Robious Middle,school,pct_mental_health_training,17.7
Robious Middle,school,avg_peer_rel,4.4
Robious Middle,school,avg_adult_rel,4.6
Robious Middle,school,avg_bully_prob,3.4
Salem Church Middle,school,pct_mental_health_training,19.9
Salem Church Middle,school,avg_peer_rel,3.9
Salem Church Middle,school,avg_adult_rel,4.1
Salem Church Middle,school,avg_bully_prob,3.7
Swift Creek Middle,school,pct_mental_health_training,15.8
Swift Creek Middle,school,avg_peer_rel,4.3
Swift Creek Middle,school,avg_adult_rel,4.4
Swift Creek Middle,school,avg_bully_prob,3.6
Tomahawk Creek Middle,school,pct_mental_health_training,16.8
Tomahawk Creek Middle,school,avg_peer_rel,4.5
Tomahawk Creek Middle,school,avg_adult_rel,4.6
Tomahawk Creek Middle,school,avg_bully_prob,3.6
Johnson-Williams Middle,school,pct_mental_health_training,11.7
Johnson-Williams Middle,school,avg_peer_rel,4.3
Johnson-Williams Middle,school,avg_adult_rel,4.6
Johnson-Williams Middle,school,avg_bully_prob,3.6
Colonial Beach High,school,pct_mental_health_training,12.5
Colonial Beach High,school,avg_peer_rel,4.5
Colonial Beach High,school,avg_adult_rel,4.6
Colonial Beach High,school,avg_bully_prob,3.4
Colonial Heights Middle,school,pct_mental_health_training,13.9
Colonial Heights Middle,school,avg_peer_rel,4.1
Colonial Heights Middle,school,avg_adult_rel,4.7
Colonial Heights Middle,school,avg_bully_prob,3.6
Craig County High,school,pct_mental_health_training,20.5
Craig County High,school,avg_peer_rel,4.2
Craig County High,school,avg_adult_rel,4.4
Craig County High,school,avg_bully_prob,3.5
Culpeper Middle,school,pct_mental_health_training,14.2
Culpeper Middle,school,avg_peer_rel,4.2
Culpeper Middle,school,avg_adult_rel,4.6
Culpeper Middle,school,avg_bully_prob,3.7
Floyd T. Binns Middle,school,pct_mental_health_training,17.9
Floyd T. Binns Middle,school,avg_peer_rel,4.2
Floyd T. Binns Middle,school,avg_adult_rel,4.6
Floyd T. Binns Middle,school,avg_bully_prob,3.5
Cumberland Middle,school,pct_mental_health_training,11
Cumberland Middle,school,avg_peer_rel,4.2
Cumberland Middle,school,avg_adult_rel,4.6
Cumberland Middle,school,avg_bully_prob,3.6
O. Trent Bonner Middle,school,pct_mental_health_training,14.4
O. Trent Bonner Middle,school,avg_peer_rel,3.6
O. Trent Bonner Middle,school,avg_adult_rel,4.1
O. Trent Bonner Middle,school,avg_bully_prob,4
Westwood Middle,school,pct_mental_health_training,18.9
Westwood Middle,school,avg_peer_rel,3.9
Westwood Middle,school,avg_adult_rel,4.5
Westwood Middle,school,avg_bully_prob,4
Ridgeview Middle,school,pct_mental_health_training,19.9
Ridgeview Middle,school,avg_peer_rel,4.3
Ridgeview Middle,school,avg_adult_rel,4.6
Ridgeview Middle,school,avg_bully_prob,3.6
Dinwiddie County Middle,school,pct_mental_health_training,12
Dinwiddie County Middle,school,avg_peer_rel,3.9
Dinwiddie County Middle,school,avg_adult_rel,4.2
Dinwiddie County Middle,school,avg_bully_prob,3.8
Essex High,school,pct_mental_health_training,10.5
Essex High,school,avg_peer_rel,3.9
Essex High,school,avg_adult_rel,4.3
Essex High,school,avg_bully_prob,3.9
James H. Cary Intermediate,school,pct_mental_health_training,10.3
James H. Cary Intermediate,school,avg_peer_rel,4.2
James H. Cary Intermediate,school,avg_adult_rel,4.6
James H. Cary Intermediate,school,avg_bully_prob,3.9
Carson Middle,school,pct_mental_health_training,25.7
Carson Middle,school,avg_peer_rel,4.7
Carson Middle,school,avg_adult_rel,4.9
Carson Middle,school,avg_bully_prob,2.8
Cooper Middle,school,pct_mental_health_training,25.2
Cooper Middle,school,avg_peer_rel,4.6
Cooper Middle,school,avg_adult_rel,4.8
Cooper Middle,school,avg_bully_prob,3
Franklin Middle,school,pct_mental_health_training,21.7
Franklin Middle,school,avg_peer_rel,4.6
Franklin Middle,school,avg_adult_rel,4.7
Franklin Middle,school,avg_bully_prob,2.8
Frost Middle,school,pct_mental_health_training,23.3
Frost Middle,school,avg_peer_rel,4.5
Frost Middle,school,avg_adult_rel,4.7
Frost Middle,school,avg_bully_prob,2.9
Glasgow Middle,school,pct_mental_health_training,11.3
Glasgow Middle,school,avg_peer_rel,4.1
Glasgow Middle,school,avg_adult_rel,4.5
Glasgow Middle,school,avg_bully_prob,3.6
Hayfield Secondary,school,pct_mental_health_training,17
Hayfield Secondary,school,avg_peer_rel,4.3
Hayfield Secondary,school,avg_adult_rel,4.6
Hayfield Secondary,school,avg_bully_prob,3.4
Herndon Middle,school,pct_mental_health_training,14.7
Herndon Middle,school,avg_peer_rel,4.3
Herndon Middle,school,avg_adult_rel,4.4
Herndon Middle,school,avg_bully_prob,3.4
Holmes Middle,school,pct_mental_health_training,11.3
Holmes Middle,school,avg_peer_rel,4.3
Holmes Middle,school,avg_adult_rel,4.6
Holmes Middle,school,avg_bully_prob,3.4
Hughes Middle,school,pct_mental_health_training,15.7
Hughes Middle,school,avg_peer_rel,4.3
Hughes Middle,school,avg_adult_rel,4.4
Hughes Middle,school,avg_bully_prob,3.4
Irving Middle,school,pct_mental_health_training,21.3
Irving Middle,school,avg_peer_rel,4.5
Irving Middle,school,avg_adult_rel,4.6
Irving Middle,school,avg_bully_prob,2.9
Jackson Middle,school,pct_mental_health_training,14.5
Jackson Middle,school,avg_peer_rel,4.2
Jackson Middle,school,avg_adult_rel,4.5
Jackson Middle,school,avg_bully_prob,3.4
Johnson Middle,school,pct_mental_health_training,17.8
Johnson Middle,school,avg_peer_rel,4.4
Johnson Middle,school,avg_adult_rel,4.7
Johnson Middle,school,avg_bully_prob,3.2
Key Middle,school,pct_mental_health_training,13.7
Key Middle,school,avg_peer_rel,4.3
Key Middle,school,avg_adult_rel,4.6
Key Middle,school,avg_bully_prob,3.3
Kilmer Middle,school,pct_mental_health_training,20.2
Kilmer Middle,school,avg_peer_rel,4.7
Kilmer Middle,school,avg_adult_rel,4.8
Kilmer Middle,school,avg_bully_prob,2.7
Kings Glen Elementary,school,pct_mental_health_training,4.3
Kings Glen Elementary,school,avg_peer_rel,4.7
Kings Glen Elementary,school,avg_adult_rel,5.2
Kings Glen Elementary,school,avg_bully_prob,2.4
Liberty Middle — Fairfax County,school,pct_mental_health_training,14.2
Liberty Middle — Fairfax County,school,avg_peer_rel,4.4
Liberty Middle — Fairfax County,school,avg_adult_rel,4.6
Liberty Middle — Fairfax County,school,avg_bully_prob,3.3
Longfellow Middle,school,pct_mental_health_training,24.6
Longfellow Middle,school,avg_peer_rel,4.6
Longfellow Middle,school,avg_adult_rel,4.7
Longfellow Middle,school,avg_bully_prob,2.7
Poe Middle,school,pct_mental_health_training,14.9
Poe Middle,school,avg_peer_rel,4.2
Poe Middle,school,avg_adult_rel,4.6
Poe Middle,school,avg_bully_prob,3.3
Robinson Secondary,school,pct_mental_health_training,12.1
Robinson Secondary,school,avg_peer_rel,4.7
Robinson Secondary,school,avg_adult_rel,4.9
Robinson Secondary,school,avg_bully_prob,2.9
Rocky Run Middle,school,pct_mental_health_training,23.1
Rocky Run Middle,school,avg_peer_rel,4.7
Rocky Run Middle,school,avg_adult_rel,4.9
Rocky Run Middle,school,avg_bully_prob,2.7
Sandburg Middle,school,pct_mental_health_training,18.1
Sandburg Middle,school,avg_peer_rel,4.2
Sandburg Middle,school,avg_adult_rel,4.4
Sandburg Middle,school,avg_bully_prob,3.5
South County Middle,school,pct_mental_health_training,13.3
South County Middle,school,avg_peer_rel,4.7
South County Middle,school,avg_adult_rel,4.6
South County Middle,school,avg_bully_prob,3.2
Stone Middle,school,pct_mental_health_training,14.2
Stone Middle,school,avg_peer_rel,4.5
Stone Middle,school,avg_adult_rel,4.7
Stone Middle,school,avg_bully_prob,3.2
Thoreau Middle,school,pct_mental_health_training,15.2
Thoreau Middle,school,avg_peer_rel,4.5
Thoreau Middle,school,avg_adult_rel,4.6
Thoreau Middle,school,avg_bully_prob,3.1
Twain Middle,school,pct_mental_health_training,24
Twain Middle,school,avg_peer_rel,4.3
Twain Middle,school,avg_adult_rel,4.4
Twain Middle,school,avg_bully_prob,3.2
Whitman Middle,school,pct_mental_health_training,15.8
Whitman Middle,school,avg_peer_rel,4.2
Whitman Middle,school,avg_adult_rel,4.5
Whitman Middle,school,avg_bully_prob,3.3
Mary Ellen Henderson Middle School,school,pct_mental_health_training,11.1
Mary Ellen Henderson Middle School,school,avg_peer_rel,4.7
Mary Ellen Henderson Middle School,school,avg_adult_rel,4.8
Mary Ellen Henderson Middle School,school,avg_bully_prob,2.7
Auburn Middle — Fauquier County,school,pct_mental_health_training,7.1
Auburn Middle — Fauquier County,school,avg_peer_rel,4.5
Auburn Middle — Fauquier County,school,avg_adult_rel,4.8
Auburn Middle — Fauquier County,school,avg_bully_prob,3.1
Cedar Lee Middle,school,pct_mental_health_training,8.9
Cedar Lee Middle,school,avg_peer_rel,4.2
Cedar Lee Middle,school,avg_adult_rel,4.4
Cedar Lee Middle,school,avg_bully_prob,3.7
Marshall Middle,school,pct_mental_health_training,12.7
Marshall Middle,school,avg_peer_rel,4.4
Marshall Middle,school,avg_adult_rel,4.7
Marshall Middle,school,avg_bully_prob,3.1
W.C. Taylor Middle,school,pct_mental_health_training,9.7
W.C. Taylor Middle,school,avg_peer_rel,4.3
W.C. Taylor Middle,school,avg_adult_rel,4.5
W.C. Taylor Middle,school,avg_bully_prob,3.5
Floyd County High,school,pct_mental_health_training,23.2
Floyd County High,school,avg_peer_rel,4.5
Floyd County High,school,avg_adult_rel,5
Floyd County High,school,avg_bully_prob,3.5
Fluvanna County High,school,pct_mental_health_training,15.7
Fluvanna County High,school,avg_peer_rel,4.1
Fluvanna County High,school,avg_adult_rel,4.6
Fluvanna County High,school,avg_bully_prob,3.7
Fluvanna Middle,school,pct_mental_health_training,15.1
Fluvanna Middle,school,avg_peer_rel,4.3
Fluvanna Middle,school,avg_adult_rel,4.7
Fluvanna Middle,school,avg_bully_prob,3.4
Franklin High,school,pct_mental_health_training,15.1
Franklin High,school,avg_peer_rel,3.9
Franklin High,school,avg_adult_rel,4.7
Franklin High,school,avg_bully_prob,3.3
Benjamin Franklin Middle,school,pct_mental_health_training,14.8
Benjamin Franklin Middle,school,avg_peer_rel,4.2
Benjamin Franklin Middle,school,avg_adult_rel,4.5
Benjamin Franklin Middle,school,avg_bully_prob,3.8
Admiral Richard E. Byrd Middle,school,pct_mental_health_training,11.7
Admiral Richard E. Byrd Middle,school,avg_peer_rel,4.3
Admiral Richard E. Byrd Middle,school,avg_adult_rel,4.6
Admiral Richard E. Byrd Middle,school,avg_bully_prob,3.4
Frederick County Middle,school,pct_mental_health_training,11.3
Frederick County Middle,school,avg_peer_rel,4.2
Frederick County Middle,school,avg_adult_rel,4.5
Frederick County Middle,school,avg_bully_prob,3.8
James Wood Middle,school,pct_mental_health_training,10.1
James Wood Middle,school,avg_peer_rel,4
James Wood Middle,school,avg_adult_rel,4.5
James Wood Middle,school,avg_bully_prob,3.8
Robert E. Aylor Middle,school,pct_mental_health_training,13.8
Robert E. Aylor Middle,school,avg_peer_rel,4.3
Robert E. Aylor Middle,school,avg_adult_rel,4.7
Robert E. Aylor Middle,school,avg_bully_prob,3.5
Walker-Grant Middle,school,pct_mental_health_training,15.3
Walker-Grant Middle,school,avg_peer_rel,3.9
Walker-Grant Middle,school,avg_adult_rel,4.3
Walker-Grant Middle,school,avg_bully_prob,4.1
Galax Middle,school,pct_mental_health_training,11
Galax Middle,school,avg_peer_rel,4.2
Galax Middle,school,avg_adult_rel,4.5
Galax Middle,school,avg_bully_prob,3.5
Giles High,school,pct_mental_health_training,9.9
Giles High,school,avg_peer_rel,4.5
Giles High,school,avg_adult_rel,4.7
Giles High,school,avg_bully_prob,3.3
Narrows High,school,pct_mental_health_training,16.1
Narrows High,school,avg_peer_rel,4.4
Narrows High,school,avg_adult_rel,4.6
Narrows High,school,avg_bully_prob,3.5
Page Middle,school,pct_mental_health_training,15.6
Page Middle,school,avg_peer_rel,4.1
Page Middle,school,avg_adult_rel,4.4
Page Middle,school,avg_bully_prob,3.7
Peasley Middle,school,pct_mental_health_training,16.8
Peasley Middle,school,avg_peer_rel,4.4
Peasley Middle,school,avg_adult_rel,4.6
Peasley Middle,school,avg_bully_prob,3.5
Goochland Middle,school,pct_mental_health_training,20.6
Goochland Middle,school,avg_peer_rel,4.4
Goochland Middle,school,avg_adult_rel,4.6
Goochland Middle,school,avg_bully_prob,3.3
Independence Middle — Grayson County,school,pct_mental_health_training,11.8
Independence Middle — Grayson County,school,avg_peer_rel,4.3
Independence Middle — Grayson County,school,avg_adult_rel,4.8
Independence Middle — Grayson County,school,avg_bully_prob,3.3
William Monroe Middle,school,pct_mental_health_training,9.2
William Monroe Middle,school,avg_peer_rel,4.2
William Monroe Middle,school,avg_adult_rel,4.5
William Monroe Middle,school,avg_bully_prob,3.5
Edward W. Wyatt Middle,school,pct_mental_health_training,10.5
Edward W. Wyatt Middle,school,avg_peer_rel,3.8
Edward W. Wyatt Middle,school,avg_adult_rel,4.6
Edward W. Wyatt Middle,school,avg_bully_prob,4.1
Halifax County Middle,school,pct_mental_health_training,11.7
Halifax County Middle,school,avg_peer_rel,4.1
Halifax County Middle,school,avg_adult_rel,4.4
Halifax County Middle,school,avg_bully_prob,4
C. Alton Lindsay Middle,school,pct_mental_health_training,12.2
C. Alton Lindsay Middle,school,avg_peer_rel,3.7
C. Alton Lindsay Middle,school,avg_adult_rel,4.3
C. Alton Lindsay Middle,school,avg_bully_prob,4
Cesar Tarrant Middle,school,pct_mental_health_training,16.3
Cesar Tarrant Middle,school,avg_peer_rel,3.7
Cesar Tarrant Middle,school,avg_adult_rel,4.3
Cesar Tarrant Middle,school,avg_bully_prob,3.8
Francis W. Jones Magnet Middle,school,pct_mental_health_training,12.9
Francis W. Jones Magnet Middle,school,avg_peer_rel,4.1
Francis W. Jones Magnet Middle,school,avg_adult_rel,4.4
Francis W. Jones Magnet Middle,school,avg_bully_prob,3.7
Thomas Eaton Middle,school,pct_mental_health_training,13.8
Thomas Eaton Middle,school,avg_peer_rel,4.2
Thomas Eaton Middle,school,avg_adult_rel,4.5
Thomas Eaton Middle,school,avg_bully_prob,3.6
Bell Creek Middle,school,pct_mental_health_training,24.6
Bell Creek Middle,school,avg_peer_rel,4.6
Bell Creek Middle,school,avg_adult_rel,5
Bell Creek Middle,school,avg_bully_prob,3.5
Chickahominy Middle,school,pct_mental_health_training,20
Chickahominy Middle,school,avg_peer_rel,4.8
Chickahominy Middle,school,avg_adult_rel,5.1
Chickahominy Middle,school,avg_bully_prob,2.8
Liberty Middle — Hanover County,school,pct_mental_health_training,18.6
Liberty Middle — Hanover County,school,avg_peer_rel,4.8
Liberty Middle — Hanover County,school,avg_adult_rel,5
Liberty Middle — Hanover County,school,avg_bully_prob,3.5
Oak Knoll Middle,school,pct_mental_health_training,19
Oak Knoll Middle,school,avg_peer_rel,4.8
Oak Knoll Middle,school,avg_adult_rel,5.2
Oak Knoll Middle,school,avg_bully_prob,2.8
Skyline Middle — Harrisonburg City,school,pct_mental_health_training,12.1
Skyline Middle — Harrisonburg City,school,avg_peer_rel,4.3
Skyline Middle — Harrisonburg City,school,avg_adult_rel,4.8
Skyline Middle — Harrisonburg City,school,avg_bully_prob,3.4
Thomas Harrison Middle,school,pct_mental_health_training,13.5
Thomas Harrison Middle,school,avg_peer_rel,4.2
Thomas Harrison Middle,school,avg_adult_rel,4.6
Thomas Harrison Middle,school,avg_bully_prob,3.3
Brookland Middle,school,pct_mental_health_training,12.9
Brookland Middle,school,avg_peer_rel,3.9
Brookland Middle,school,avg_adult_rel,4.4
Brookland Middle,school,avg_bully_prob,3.9
Elko Middle,school,pct_mental_health_training,16.1
Elko Middle,school,avg_peer_rel,3.8
Elko Middle,school,avg_adult_rel,4.3
Elko Middle,school,avg_bully_prob,3.7
Fairfield Middle,school,pct_mental_health_training,12.7
Fairfield Middle,school,avg_peer_rel,3.8
Fairfield Middle,school,avg_adult_rel,4.2
Fairfield Middle,school,avg_bully_prob,4
George H. Moody Middle,school,pct_mental_health_training,10.1
George H. Moody Middle,school,avg_peer_rel,4.5
George H. Moody Middle,school,avg_adult_rel,4.7
George H. Moody Middle,school,avg_bully_prob,3.3
Holman Middle,school,pct_mental_health_training,10.1
Holman Middle,school,avg_peer_rel,4.6
Holman Middle,school,avg_adult_rel,4.8
Holman Middle,school,avg_bully_prob,2.8
Hungary Creek Middle,school,pct_mental_health_training,15.7
Hungary Creek Middle,school,avg_peer_rel,4.3
Hungary Creek Middle,school,avg_adult_rel,4.6
Hungary Creek Middle,school,avg_bully_prob,3.5
John Rolfe Middle,school,pct_mental_health_training,19.6
John Rolfe Middle,school,avg_peer_rel,4.1
John Rolfe Middle,school,avg_adult_rel,4.6
John Rolfe Middle,school,avg_bully_prob,3.8
L. Douglas Wilder Middle,school,pct_mental_health_training,13.6
L. Douglas Wilder Middle,school,avg_peer_rel,4
L. Douglas Wilder Middle,school,avg_adult_rel,4.5
L. Douglas Wilder Middle,school,avg_bully_prob,3.5
Pocahontas Middle,school,pct_mental_health_training,18.4
Pocahontas Middle,school,avg_peer_rel,4.5
Pocahontas Middle,school,avg_adult_rel,4.8
Pocahontas Middle,school,avg_bully_prob,3.1
Quioccasin Middle,school,pct_mental_health_training,14.3
Quioccasin Middle,school,avg_peer_rel,4
Quioccasin Middle,school,avg_adult_rel,4.5
Quioccasin Middle,school,avg_bully_prob,3.7
Short Pump Middle,school,pct_mental_health_training,14.4
Short Pump Middle,school,avg_peer_rel,4.6
Short Pump Middle,school,avg_adult_rel,4.7
Short Pump Middle,school,avg_bully_prob,3.2
Tuckahoe Middle,school,pct_mental_health_training,18.4
Tuckahoe Middle,school,avg_peer_rel,4.6
Tuckahoe Middle,school,avg_adult_rel,4.7
Tuckahoe Middle,school,avg_bully_prob,3.4
Fieldale-Collinsville Middle,school,pct_mental_health_training,12.7
Fieldale-Collinsville Middle,school,avg_peer_rel,4.2
Fieldale-Collinsville Middle,school,avg_adult_rel,4.7
Fieldale-Collinsville Middle,school,avg_bully_prob,3.7
Laurel Park Middle,school,pct_mental_health_training,15.5
Laurel Park Middle,school,avg_peer_rel,4.1
Laurel Park Middle,school,avg_adult_rel,4.6
Laurel Park Middle,school,avg_bully_prob,3.8
Highland High,school,pct_mental_health_training,14.6
Highland High,school,avg_peer_rel,4.7
Highland High,school,avg_adult_rel,4.6
Highland High,school,avg_bully_prob,2.6
Carter G. Woodson Middle,school,pct_mental_health_training,14.1
Carter G. Woodson Middle,school,avg_peer_rel,3.7
Carter G. Woodson Middle,school,avg_adult_rel,4.2
Carter G. Woodson Middle,school,avg_bully_prob,3.9
Georgie D. Tyler Middle,school,pct_mental_health_training,18.2
Georgie D. Tyler Middle,school,avg_peer_rel,4.2
Georgie D. Tyler Middle,school,avg_adult_rel,4.6
Georgie D. Tyler Middle,school,avg_bully_prob,3.6
Smithfield Middle,school,pct_mental_health_training,15.7
Smithfield Middle,school,avg_peer_rel,4
Smithfield Middle,school,avg_adult_rel,4.4
Smithfield Middle,school,avg_bully_prob,3.8
Westside Elementary,school,pct_mental_health_training,10.4
Westside Elementary,school,avg_peer_rel,4.3
Westside Elementary,school,avg_adult_rel,4.9
Westside Elementary,school,avg_bully_prob,3.6
King George Middle,school,pct_mental_health_training,15.1
King George Middle,school,avg_peer_rel,4.2
King George Middle,school,avg_adult_rel,4.7
King George Middle,school,avg_bully_prob,3.6
Hamilton Holmes Middle,school,pct_mental_health_training,14.9
Hamilton Holmes Middle,school,avg_peer_rel,4.2
Hamilton Holmes Middle,school,avg_adult_rel,4.5
Hamilton Holmes Middle,school,avg_bully_prob,3.8
Central High — King and Queen County,school,pct_mental_health_training,7.1
Central High — King and Queen County,school,avg_peer_rel,3.9
Central High — King and Queen County,school,avg_adult_rel,4.4
Central High — King and Queen County,school,avg_bully_prob,4
Lancaster High,school,pct_mental_health_training,8.7
Lancaster High,school,avg_peer_rel,3.7
Lancaster High,school,avg_adult_rel,4.1
Lancaster High,school,avg_bully_prob,3.7
Elydale Middle,school,pct_mental_health_training,14.6
Elydale Middle,school,avg_peer_rel,4.4
Elydale Middle,school,avg_adult_rel,4.9
Elydale Middle,school,avg_bully_prob,3.2
Jonesville Middle,school,pct_mental_health_training,12.7
Jonesville Middle,school,avg_peer_rel,4.3
Jonesville Middle,school,avg_adult_rel,4.7
Jonesville Middle,school,avg_bully_prob,3.4
Lee High,school,pct_mental_health_training,16.2
Lee High,school,avg_peer_rel,3.8
Lee High,school,avg_adult_rel,4.2
Lee High,school,avg_bully_prob,4.2
Pennington Middle,school,pct_mental_health_training,20.3
Pennington Middle,school,avg_peer_rel,4.3
Pennington Middle,school,avg_adult_rel,4.8
Pennington Middle,school,avg_bully_prob,3.2
Thomas Walker High,school,pct_mental_health_training,6.5
Thomas Walker High,school,avg_peer_rel,4.1
Thomas Walker High,school,avg_adult_rel,4.5
Thomas Walker High,school,avg_bully_prob,3
Lylburn Downing Middle,school,pct_mental_health_training,13.2
Lylburn Downing Middle,school,avg_peer_rel,4.8
Lylburn Downing Middle,school,avg_adult_rel,5
Lylburn Downing Middle,school,avg_bully_prob,2.4
Belmont Ridge Middle,school,pct_mental_health_training,12.2
Belmont Ridge Middle,school,avg_peer_rel,4.7
Belmont Ridge Middle,school,avg_adult_rel,5
Belmont Ridge Middle,school,avg_bully_prob,2.8
Blue Ridge Middle,school,pct_mental_health_training,14.4
Blue Ridge Middle,school,avg_peer_rel,4.9
Blue Ridge Middle,school,avg_adult_rel,5.2
Blue Ridge Middle,school,avg_bully_prob,2.3
Brambleton Middle,school,pct_mental_health_training,19.5
Brambleton Middle,school,avg_peer_rel,5
Brambleton Middle,school,avg_adult_rel,5.2
Brambleton Middle,school,avg_bully_prob,2.5
Eagle Ridge Middle,school,pct_mental_health_training,12.1
Eagle Ridge Middle,school,avg_peer_rel,4.8
Eagle Ridge Middle,school,avg_adult_rel,5
Eagle Ridge Middle,school,avg_bully_prob,2.6
Farmwell Station Middle,school,pct_mental_health_training,15.1
Farmwell Station Middle,school,avg_peer_rel,4.6
Farmwell Station Middle,school,avg_adult_rel,4.8
Farmwell Station Middle,school,avg_bully_prob,2.9
Harmony Middle,school,pct_mental_health_training,16.9
Harmony Middle,school,avg_peer_rel,4.8
Harmony Middle,school,avg_adult_rel,5
Harmony Middle,school,avg_bully_prob,2.9
Harper Park Middle,school,pct_mental_health_training,16.2
Harper Park Middle,school,avg_peer_rel,4.5
Harper Park Middle,school,avg_adult_rel,4.8
Harper Park Middle,school,avg_bully_prob,2.9
J. Lupton Simpson Middle,school,pct_mental_health_training,18.3
J. Lupton Simpson Middle,school,avg_peer_rel,4.6
J. Lupton Simpson Middle,school,avg_adult_rel,4.9
J. Lupton Simpson Middle,school,avg_bully_prob,3
J. Michael Lunsford Middle,school,pct_mental_health_training,12.7
J. Michael Lunsford Middle,school,avg_peer_rel,4.6
J. Michael Lunsford Middle,school,avg_adult_rel,4.8
J. Michael Lunsford Middle,school,avg_bully_prob,3.1
Gum Spring Middle,school,pct_mental_health_training,15.2
Gum Spring Middle,school,avg_peer_rel,4.7
Gum Spring Middle,school,avg_adult_rel,5
Gum Spring Middle,school,avg_bully_prob,2.8
River Bend Middle,school,pct_mental_health_training,12.2
River Bend Middle,school,avg_peer_rel,4.5
River Bend Middle,school,avg_adult_rel,4.8
River Bend Middle,school,avg_bully_prob,3
Seneca Ridge Middle,school,pct_mental_health_training,13.3
Seneca Ridge Middle,school,avg_peer_rel,4.6
Seneca Ridge Middle,school,avg_adult_rel,4.9
Seneca Ridge Middle,school,avg_bully_prob,2.9
Smart's Mill Middle,school,pct_mental_health_training,17.9
Smart's Mill Middle,school,avg_peer_rel,4.5
Smart's Mill Middle,school,avg_adult_rel,4.7
Smart's Mill Middle,school,avg_bully_prob,3
Sterling Middle,school,pct_mental_health_training,11.9
Sterling Middle,school,avg_peer_rel,4.1
Sterling Middle,school,avg_adult_rel,4.5
Sterling Middle,school,avg_bully_prob,3.7
Stone Hill Middle,school,pct_mental_health_training,13.8
Stone Hill Middle,school,avg_peer_rel,4.7
Stone Hill Middle,school,avg_adult_rel,5
Stone Hill Middle,school,avg_bully_prob,2.8
Trailside Middle,school,pct_mental_health_training,14
Trailside Middle,school,avg_peer_rel,4.6
Trailside Middle,school,avg_adult_rel,4.8
Trailside Middle,school,avg_bully_prob,2.8
Willard Middle,school,pct_mental_health_training,17.8
Willard Middle,school,avg_peer_rel,4.8
Willard Middle,school,avg_adult_rel,5.1
Willard Middle,school,avg_bully_prob,2.8
Louisa County Middle,school,pct_mental_health_training,11.5
Louisa County Middle,school,avg_peer_rel,4.3
Louisa County Middle,school,avg_adult_rel,4.7
Louisa County Middle,school,avg_bully_prob,3.3
Lunenburg Middle,school,pct_mental_health_training,16.5
Lunenburg Middle,school,avg_peer_rel,4
Lunenburg Middle,school,avg_adult_rel,4.5
Lunenburg Middle,school,avg_bully_prob,3.7
Linkhorne Middle,school,pct_mental_health_training,14.7
Linkhorne Middle,school,avg_peer_rel,4.1
Linkhorne Middle,school,avg_adult_rel,4.5
Linkhorne Middle,school,avg_bully_prob,3.7
Paul Laurence Dunbar Middle for Innovation,school,pct_mental_health_training,13.9
Paul Laurence Dunbar Middle for Innovation,school,avg_peer_rel,4
Paul Laurence Dunbar Middle for Innovation,school,avg_adult_rel,4.4
Paul Laurence Dunbar Middle for Innovation,school,avg_bully_prob,3.7
Sandusky Middle,school,pct_mental_health_training,11.1
Sandusky Middle,school,avg_peer_rel,3.8
Sandusky Middle,school,avg_adult_rel,4.5
Sandusky Middle,school,avg_bully_prob,3.6
William H. Wetsel Middle,school,pct_mental_health_training,16.9
William H. Wetsel Middle,school,avg_peer_rel,4.1
William H. Wetsel Middle,school,avg_adult_rel,4.4
William H. Wetsel Middle,school,avg_bully_prob,3.5
Baldwin Intermediate,school,pct_mental_health_training,12.5
Baldwin Intermediate,school,avg_peer_rel,3.8
Baldwin Intermediate,school,avg_adult_rel,4.5
Baldwin Intermediate,school,avg_bully_prob,3.3
Grace E. Metz Middle,school,pct_mental_health_training,11.2
Grace E. Metz Middle,school,avg_peer_rel,4
Grace E. Metz Middle,school,avg_adult_rel,4.5
Grace E. Metz Middle,school,avg_bully_prob,3.8
Mayfield Intermediate,school,pct_mental_health_training,9.8
Mayfield Intermediate,school,avg_peer_rel,4.3
Mayfield Intermediate,school,avg_adult_rel,4.9
Mayfield Intermediate,school,avg_bully_prob,3.3
Manassas Park Middle,school,pct_mental_health_training,12.5
Manassas Park Middle,school,avg_peer_rel,3.9
Manassas Park Middle,school,avg_adult_rel,4.3
Manassas Park Middle,school,avg_bully_prob,3.5
Martinsville Middle,school,pct_mental_health_training,13.3
Martinsville Middle,school,avg_peer_rel,4.2
Martinsville Middle,school,avg_adult_rel,4.8
Martinsville Middle,school,avg_bully_prob,3.7
Thomas Hunter Middle,school,pct_mental_health_training,11.9
Thomas Hunter Middle,school,avg_peer_rel,4.2
Thomas Hunter Middle,school,avg_adult_rel,4.4
Thomas Hunter Middle,school,avg_bully_prob,3.5
Mecklenburg County Middle,school,pct_mental_health_training,11.2
Mecklenburg County Middle,school,avg_peer_rel,4.1
Mecklenburg County Middle,school,avg_adult_rel,4.6
Mecklenburg County Middle,school,avg_bully_prob,3.9
St. Clare Walker Middle,school,pct_mental_health_training,7.8
St. Clare Walker Middle,school,avg_peer_rel,4.2
St. Clare Walker Middle,school,avg_adult_rel,4.6
St. Clare Walker Middle,school,avg_bully_prob,3.6
Auburn Middle — Montgomery County,school,pct_mental_health_training,15.4
Auburn Middle — Montgomery County,school,avg_peer_rel,4.6
Auburn Middle — Montgomery County,school,avg_adult_rel,4.8
Auburn Middle — Montgomery County,school,avg_bully_prob,3.2
Blacksburg Middle,school,pct_mental_health_training,14.2
Blacksburg Middle,school,avg_peer_rel,4.5
Blacksburg Middle,school,avg_adult_rel,4.7
Blacksburg Middle,school,avg_bully_prob,3.2
Christiansburg Middle,school,pct_mental_health_training,10.9
Christiansburg Middle,school,avg_peer_rel,4.1
Christiansburg Middle,school,avg_adult_rel,4.4
Christiansburg Middle,school,avg_bully_prob,3.9
Shawsville Middle,school,pct_mental_health_training,13.2
Shawsville Middle,school,avg_peer_rel,4
Shawsville Middle,school,avg_adult_rel,4.6
Shawsville Middle,school,avg_bully_prob,3.8
Nelson Middle,school,pct_mental_health_training,13.7
Nelson Middle,school,avg_peer_rel,4.2
Nelson Middle,school,avg_adult_rel,4.6
Nelson Middle,school,avg_bully_prob,3.7
New Kent Middle,school,pct_mental_health_training,9.2
New Kent Middle,school,avg_peer_rel,4.3
New Kent Middle,school,avg_adult_rel,4.5
New Kent Middle,school,avg_bully_prob,3.7
Achievable Dream Middle/High,school,pct_mental_health_training,10
Achievable Dream Middle/High,school,avg_peer_rel,4.2
Achievable Dream Middle/High,school,avg_adult_rel,4.5
Achievable Dream Middle/High,school,avg_bully_prob,3.8
B.T. Washington Middle,school,pct_mental_health_training,8.9
B.T. Washington Middle,school,avg_peer_rel,4.1
B.T. Washington Middle,school,avg_adult_rel,4.6
B.T. Washington Middle,school,avg_bully_prob,3.4
Crittenden Middle,school,pct_mental_health_training,13.9
Crittenden Middle,school,avg_peer_rel,3.8
Crittenden Middle,school,avg_adult_rel,4.5
Crittenden Middle,school,avg_bully_prob,3.8
Ella J. Fitzgerald Middle,school,pct_mental_health_training,15.4
Ella J. Fitzgerald Middle,school,avg_peer_rel,3.8
Ella J. Fitzgerald Middle,school,avg_adult_rel,4.3
Ella J. Fitzgerald Middle,school,avg_bully_prob,4
Ethel M. Gildersleeve Middle,school,pct_mental_health_training,15.6
Ethel M. Gildersleeve Middle,school,avg_peer_rel,4.1
Ethel M. Gildersleeve Middle,school,avg_adult_rel,4.5
Ethel M. Gildersleeve Middle,school,avg_bully_prob,3.7
Homer L. Hines Middle,school,pct_mental_health_training,14.6
Homer L. Hines Middle,school,avg_peer_rel,3.9
Homer L. Hines Middle,school,avg_adult_rel,4.4
Homer L. Hines Middle,school,avg_bully_prob,4.1
Huntington Middle,school,pct_mental_health_training,15.2
Huntington Middle,school,avg_peer_rel,3.8
Huntington Middle,school,avg_adult_rel,4.5
Huntington Middle,school,avg_bully_prob,3.7
Mary Passage Middle,school,pct_mental_health_training,9.8
Mary Passage Middle,school,avg_peer_rel,3.9
Mary Passage Middle,school,avg_adult_rel,4.4
Mary Passage Middle,school,avg_bully_prob,3.8
Academy for Discovery at Lakewood,school,pct_mental_health_training,9.3
Academy for Discovery at Lakewood,school,avg_peer_rel,4.5
Academy for Discovery at Lakewood,school,avg_adult_rel,4.7
Academy for Discovery at Lakewood,school,avg_bully_prob,3.1
Azalea Gardens Middle,school,pct_mental_health_training,12.1
Azalea Gardens Middle,school,avg_peer_rel,3.8
Azalea Gardens Middle,school,avg_adult_rel,4.2
Azalea Gardens Middle,school,avg_bully_prob,4
Blair Middle,school,pct_mental_health_training,15.9
Blair Middle,school,avg_peer_rel,3.9
Blair Middle,school,avg_adult_rel,4.3
Blair Middle,school,avg_bully_prob,3.9
Northside Middle — Norfolk City,school,pct_mental_health_training,13.5
Northside Middle — Norfolk City,school,avg_peer_rel,3.9
Northside Middle — Norfolk City,school,avg_adult_rel,4.3
Northside Middle — Norfolk City,school,avg_bully_prob,3.7
Norview Middle,school,pct_mental_health_training,15.5
Norview Middle,school,avg_peer_rel,3.8
Norview Middle,school,avg_adult_rel,4.3
Norview Middle,school,avg_bully_prob,3.9
Northampton Middle,school,pct_mental_health_training,12.8
Northampton Middle,school,avg_peer_rel,3.8
Northampton Middle,school,avg_adult_rel,4.1
Northampton Middle,school,avg_bully_prob,4.1
Northumberland Middle,school,pct_mental_health_training,10.7
Northumberland Middle,school,avg_peer_rel,4.2
Northumberland Middle,school,avg_adult_rel,4.6
Northumberland Middle,school,avg_bully_prob,3.4
J.I. Burton High,school,pct_mental_health_training,12.7
J.I. Burton High,school,avg_peer_rel,4.7
J.I. Burton High,school,avg_adult_rel,4.9
J.I. Burton High,school,avg_bully_prob,2.8
Nottoway Intermediate,school,pct_mental_health_training,16.7
Nottoway Intermediate,school,avg_peer_rel,4.3
Nottoway Intermediate,school,avg_adult_rel,4.8
Nottoway Intermediate,school,avg_bully_prob,3.6
Nottoway Middle,school,pct_mental_health_training,10
Nottoway Middle,school,avg_peer_rel,4.1
Nottoway Middle,school,avg_adult_rel,4.6
Nottoway Middle,school,avg_bully_prob,3.6
Locust Grove Middle,school,pct_mental_health_training,9.8
Locust Grove Middle,school,avg_peer_rel,4.1
Locust Grove Middle,school,avg_adult_rel,4.6
Locust Grove Middle,school,avg_bully_prob,3.8
Prospect Heights Middle,school,pct_mental_health_training,11.2
Prospect Heights Middle,school,avg_peer_rel,4.1
Prospect Heights Middle,school,avg_adult_rel,4.6
Prospect Heights Middle,school,avg_bully_prob,3.7
Luray Middle,school,pct_mental_health_training,19.3
Luray Middle,school,avg_peer_rel,4.4
Luray Middle,school,avg_adult_rel,4.6
Luray Middle,school,avg_bully_prob,3.5
Page County Middle,school,pct_mental_health_training,8.4
Page County Middle,school,avg_peer_rel,4.3
Page County Middle,school,avg_adult_rel,4.8
Page County Middle,school,avg_bully_prob,3.9
Hardin Reynolds Memorial School,school,pct_mental_health_training,9.4
Hardin Reynolds Memorial School,school,avg_peer_rel,4.7
Hardin Reynolds Memorial School,school,avg_adult_rel,5.1
Hardin Reynolds Memorial School,school,avg_bully_prob,3.3
Patrick County High,school,pct_mental_health_training,11.4
Patrick County High,school,avg_peer_rel,4.3
Patrick County High,school,avg_adult_rel,4.6
Patrick County High,school,avg_bully_prob,3.5
Vernon Johns Middle,school,pct_mental_health_training,12.7
Vernon Johns Middle,school,avg_peer_rel,3.5
Vernon Johns Middle,school,avg_adult_rel,4.2
Vernon Johns Middle,school,avg_bully_prob,4
Chatham Middle,school,pct_mental_health_training,16
Chatham Middle,school,avg_peer_rel,4.4
Chatham Middle,school,avg_adult_rel,4.8
Chatham Middle,school,avg_bully_prob,3.7
Dan River Middle,school,pct_mental_health_training,13.4
Dan River Middle,school,avg_peer_rel,4.1
Dan River Middle,school,avg_adult_rel,4.7
Dan River Middle,school,avg_bully_prob,3.8
Gretna Middle,school,pct_mental_health_training,9.4
Gretna Middle,school,avg_peer_rel,3.9
Gretna Middle,school,avg_adult_rel,4.3
Gretna Middle,school,avg_bully_prob,3.9
Tunstall Middle,school,pct_mental_health_training,11.4
Tunstall Middle,school,avg_peer_rel,4.3
Tunstall Middle,school,avg_adult_rel,4.7
Tunstall Middle,school,avg_bully_prob,3.7
Poquoson Middle,school,pct_mental_health_training,11.7
Poquoson Middle,school,avg_peer_rel,4.5
Poquoson Middle,school,avg_adult_rel,5
Poquoson Middle,school,avg_bully_prob,2.9
Churchland Middle,school,pct_mental_health_training,11.5
Churchland Middle,school,avg_peer_rel,4
Churchland Middle,school,avg_adult_rel,4.5
Churchland Middle,school,avg_bully_prob,3.8
Cradock Middle,school,pct_mental_health_training,12.8
Cradock Middle,school,avg_peer_rel,3.8
Cradock Middle,school,avg_adult_rel,4.1
Cradock Middle,school,avg_bully_prob,3.9
William E. Waters Middle,school,pct_mental_health_training,16
William E. Waters Middle,school,avg_peer_rel,3.6
William E. Waters Middle,school,avg_adult_rel,4.3
William E. Waters Middle,school,avg_bully_prob,4
Powhatan Middle,school,pct_mental_health_training,20.5
Powhatan Middle,school,avg_peer_rel,4.5
Powhatan Middle,school,avg_adult_rel,4.7
Powhatan Middle,school,avg_bully_prob,3.3
Prince Edward Middle,school,pct_mental_health_training,16.2
Prince Edward Middle,school,avg_peer_rel,3.9
Prince Edward Middle,school,avg_adult_rel,4.4
Prince Edward Middle,school,avg_bully_prob,4.2
J.E.J. Moore Middle,school,pct_mental_health_training,10.9
J.E.J. Moore Middle,school,avg_peer_rel,4
J.E.J. Moore Middle,school,avg_adult_rel,4.4
J.E.J. Moore Middle,school,avg_bully_prob,4
Bull Run Middle,school,pct_mental_health_training,14
Bull Run Middle,school,avg_peer_rel,4.3
Bull Run Middle,school,avg_adult_rel,4.6
Bull Run Middle,school,avg_bully_prob,3.4
E.H. Marsteller Middle,school,pct_mental_health_training,12.9
E.H. Marsteller Middle,school,avg_peer_rel,4.4
E.H. Marsteller Middle,school,avg_adult_rel,4.5
E.H. Marsteller Middle,school,avg_bully_prob,3.3
Fred M. Lynn Middle,school,pct_mental_health_training,17.7
Fred M. Lynn Middle,school,avg_peer_rel,4
Fred M. Lynn Middle,school,avg_adult_rel,4.3
Fred M. Lynn Middle,school,avg_bully_prob,3.8
Gainesville Middle,school,pct_mental_health_training,16.6
Gainesville Middle,school,avg_peer_rel,4.4
Gainesville Middle,school,avg_adult_rel,4.7
Gainesville Middle,school,avg_bully_prob,3.4
George M. Hampton Middle,school,pct_mental_health_training,12.6
George M. Hampton Middle,school,avg_peer_rel,4
George M. Hampton Middle,school,avg_adult_rel,4.2
George M. Hampton Middle,school,avg_bully_prob,3.6
Graham Park Middle,school,pct_mental_health_training,13.4
Graham Park Middle,school,avg_peer_rel,4
Graham Park Middle,school,avg_adult_rel,4.3
Graham Park Middle,school,avg_bully_prob,3.5
Lake Ridge Middle,school,pct_mental_health_training,18.4
Lake Ridge Middle,school,avg_peer_rel,4.2
Lake Ridge Middle,school,avg_adult_rel,4.6
Lake Ridge Middle,school,avg_bully_prob,3.5
Louise A. Benton Middle,school,pct_mental_health_training,25.9
Louise A. Benton Middle,school,avg_peer_rel,4.3
Louise A. Benton Middle,school,avg_adult_rel,4.6
Louise A. Benton Middle,school,avg_bully_prob,3.2
Parkside Middle,school,pct_mental_health_training,17.5
Parkside Middle,school,avg_peer_rel,4
Parkside Middle,school,avg_adult_rel,4.3
Parkside Middle,school,avg_bully_prob,3.9
Potomac Shores Middle,school,pct_mental_health_training,19
Potomac Shores Middle,school,avg_peer_rel,4.2
Potomac Shores Middle,school,avg_adult_rel,4.5
Potomac Shores Middle,school,avg_bully_prob,3.6
Rippon Middle,school,pct_mental_health_training,14.8
Rippon Middle,school,avg_peer_rel,4
Rippon Middle,school,avg_adult_rel,4.3
Rippon Middle,school,avg_bully_prob,3.8
Stuart M. Beville Middle,school,pct_mental_health_training,14.4
Stuart M. Beville Middle,school,avg_peer_rel,4.1
Stuart M. Beville Middle,school,avg_adult_rel,4.3
Stuart M. Beville Middle,school,avg_bully_prob,3.6
Unity Braxton Middle,school,pct_mental_health_training,13.9
Unity Braxton Middle,school,avg_peer_rel,4
Unity Braxton Middle,school,avg_adult_rel,4.4
Unity Braxton Middle,school,avg_bully_prob,3.7
Woodbridge Middle,school,pct_mental_health_training,10.8
Woodbridge Middle,school,avg_peer_rel,4
Woodbridge Middle,school,avg_adult_rel,4.3
Woodbridge Middle,school,avg_bully_prob,3.6
Pulaski County Middle,school,pct_mental_health_training,13.8
Pulaski County Middle,school,avg_peer_rel,4.1
Pulaski County Middle,school,avg_adult_rel,4.5
Pulaski County Middle,school,avg_bully_prob,4
John N. Dalton Intermediate,school,pct_mental_health_training,14.7
John N. Dalton Intermediate,school,avg_peer_rel,4.1
John N. Dalton Intermediate,school,avg_adult_rel,4.5
John N. Dalton Intermediate,school,avg_bully_prob,3.7
Rappahannock County High,school,pct_mental_health_training,25
Rappahannock County High,school,avg_peer_rel,4.3
Rappahannock County High,school,avg_adult_rel,4.7
Rappahannock County High,school,avg_bully_prob,3.5
Albert Hill Middle,school,pct_mental_health_training,10.5
Albert Hill Middle,school,avg_peer_rel,4.1
Albert Hill Middle,school,avg_adult_rel,4.7
Albert Hill Middle,school,avg_bully_prob,3.6
Dogwood Middle,school,pct_mental_health_training,11.8
Dogwood Middle,school,avg_peer_rel,4.2
Dogwood Middle,school,avg_adult_rel,4.6
Dogwood Middle,school,avg_bully_prob,3.6
Franklin Military Academy,school,pct_mental_health_training,2.5
Franklin Military Academy,school,avg_peer_rel,4.8
Franklin Military Academy,school,avg_adult_rel,5.2
Franklin Military Academy,school,avg_bully_prob,2.2
Thomas H. Henderson Middle,school,pct_mental_health_training,8.6
Thomas H. Henderson Middle,school,avg_peer_rel,3.7
Thomas H. Henderson Middle,school,avg_adult_rel,4.3
Thomas H. Henderson Middle,school,avg_bully_prob,3.8
Lucille M. Brown Middle,school,pct_mental_health_training,14.3
Lucille M. Brown Middle,school,avg_peer_rel,3.6
Lucille M. Brown Middle,school,avg_adult_rel,4.3
Lucille M. Brown Middle,school,avg_bully_prob,3.7
Martin Luther King Jr. Middle,school,pct_mental_health_training,12.7
Martin Luther King Jr. Middle,school,avg_peer_rel,3.7
Martin Luther King Jr. Middle,school,avg_adult_rel,4.5
Martin Luther King Jr. Middle,school,avg_bully_prob,3.8
Richmond Success Academy,school,pct_mental_health_training,37.2
Richmond Success Academy,school,avg_peer_rel,2.9
Richmond Success Academy,school,avg_adult_rel,4.2
Richmond Success Academy,school,avg_bully_prob,3.2
River City Middle,school,pct_mental_health_training,14.1
River City Middle,school,avg_peer_rel,3.8
River City Middle,school,avg_adult_rel,4.3
River City Middle,school,avg_bully_prob,4
Thomas C. Boushall Middle,school,pct_mental_health_training,23
Thomas C. Boushall Middle,school,avg_peer_rel,4.2
Thomas C. Boushall Middle,school,avg_adult_rel,4.7
Thomas C. Boushall Middle,school,avg_bully_prob,3.7
Rappahannock High,school,pct_mental_health_training,8.4
Rappahannock High,school,avg_peer_rel,4.4
Rappahannock High,school,avg_adult_rel,4.6
Rappahannock High,school,avg_bully_prob,3.5
Addison Aerospace Magnet Middle,school,pct_mental_health_training,15.2
Addison Aerospace Magnet Middle,school,avg_peer_rel,3.7
Addison Aerospace Magnet Middle,school,avg_adult_rel,4.3
Addison Aerospace Magnet Middle,school,avg_bully_prob,4.1
Breckinridge Middle,school,pct_mental_health_training,8.5
Breckinridge Middle,school,avg_peer_rel,3.9
Breckinridge Middle,school,avg_adult_rel,4.5
Breckinridge Middle,school,avg_bully_prob,3.9
James Madison Middle,school,pct_mental_health_training,13.2
James Madison Middle,school,avg_peer_rel,4.1
James Madison Middle,school,avg_adult_rel,4.5
James Madison Middle,school,avg_bully_prob,3.8
John P. Fishwick Middle,school,pct_mental_health_training,15.4
John P. Fishwick Middle,school,avg_peer_rel,3.9
John P. Fishwick Middle,school,avg_adult_rel,4.4
John P. Fishwick Middle,school,avg_bully_prob,3.5
Woodrow Wilson Middle,school,pct_mental_health_training,19
Woodrow Wilson Middle,school,avg_peer_rel,4.2
Woodrow Wilson Middle,school,avg_adult_rel,4.6
Woodrow Wilson Middle,school,avg_bully_prob,3.8
Cave Spring Middle,school,pct_mental_health_training,22.6
Cave Spring Middle,school,avg_peer_rel,4.4
Cave Spring Middle,school,avg_adult_rel,4.7
Cave Spring Middle,school,avg_bully_prob,3.4
Glenvar Middle,school,pct_mental_health_training,20.4
Glenvar Middle,school,avg_peer_rel,4.5
Glenvar Middle,school,avg_adult_rel,4.9
Glenvar Middle,school,avg_bully_prob,3.2
Hidden Valley Middle,school,pct_mental_health_training,25
Hidden Valley Middle,school,avg_peer_rel,4.5
Hidden Valley Middle,school,avg_adult_rel,4.7
Hidden Valley Middle,school,avg_bully_prob,3.4
Northside Middle — Roanoke County,school,pct_mental_health_training,17.8
Northside Middle — Roanoke County,school,avg_peer_rel,4.2
Northside Middle — Roanoke County,school,avg_adult_rel,4.6
Northside Middle — Roanoke County,school,avg_bully_prob,3.7
William Byrd Middle,school,pct_mental_health_training,22
William Byrd Middle,school,avg_peer_rel,4.3
William Byrd Middle,school,avg_adult_rel,4.6
William Byrd Middle,school,avg_bully_prob,3.8
Maury River Middle,school,pct_mental_health_training,10.5
Maury River Middle,school,avg_peer_rel,4.1
Maury River Middle,school,avg_adult_rel,4.6
Maury River Middle,school,avg_bully_prob,3.5
Elkton Middle,school,pct_mental_health_training,10.6
Elkton Middle,school,avg_peer_rel,4.3
Elkton Middle,school,avg_adult_rel,4.6
Elkton Middle,school,avg_bully_prob,3.6
J. Frank Hillyard Middle,school,pct_mental_health_training,13.5
J. Frank Hillyard Middle,school,avg_peer_rel,4.3
J. Frank Hillyard Middle,school,avg_adult_rel,4.5
J. Frank Hillyard Middle,school,avg_bully_prob,3.4
Montevideo Middle,school,pct_mental_health_training,19.1
Montevideo Middle,school,avg_peer_rel,4.4
Montevideo Middle,school,avg_adult_rel,4.7
Montevideo Middle,school,avg_bully_prob,3.6
Wilbur S. Pence Middle,school,pct_mental_health_training,11.7
Wilbur S. Pence Middle,school,avg_peer_rel,4.5
Wilbur S. Pence Middle,school,avg_adult_rel,4.8
Wilbur S. Pence Middle,school,avg_bully_prob,3.2
Castlewood High,school,pct_mental_health_training,12.7
Castlewood High,school,avg_peer_rel,4.2
Castlewood High,school,avg_adult_rel,4.9
Castlewood High,school,avg_bully_prob,3.5
Honaker High,school,pct_mental_health_training,12.9
Honaker High,school,avg_peer_rel,4.5
Honaker High,school,avg_adult_rel,4.9
Honaker High,school,avg_bully_prob,3
Lebanon High,school,pct_mental_health_training,16.2
Lebanon High,school,avg_peer_rel,4.2
Lebanon High,school,avg_adult_rel,4.6
Lebanon High,school,avg_bully_prob,3.5
Lebanon Middle,school,pct_mental_health_training,11.8
Lebanon Middle,school,avg_peer_rel,4.2
Lebanon Middle,school,avg_adult_rel,4.7
Lebanon Middle,school,avg_bully_prob,3.5
Andrew Lewis Middle,school,pct_mental_health_training,18.6
Andrew Lewis Middle,school,avg_peer_rel,4.5
Andrew Lewis Middle,school,avg_adult_rel,4.9
Andrew Lewis Middle,school,avg_bully_prob,3.4
Gate City Middle,school,pct_mental_health_training,7
Gate City Middle,school,avg_peer_rel,4.6
Gate City Middle,school,avg_adult_rel,4.8
Gate City Middle,school,avg_bully_prob,3.4
Rye Cove High,school,pct_mental_health_training,16.4
Rye Cove High,school,avg_peer_rel,4.5
Rye Cove High,school,avg_adult_rel,4.8
Rye Cove High,school,avg_bully_prob,3.2
Rye Cove Intermediate,school,pct_mental_health_training,5.9
Rye Cove Intermediate,school,avg_peer_rel,4.5
Rye Cove Intermediate,school,avg_adult_rel,5.2
Rye Cove Intermediate,school,avg_bully_prob,2.6
Twin Springs High,school,pct_mental_health_training,9.1
Twin Springs High,school,avg_peer_rel,4.5
Twin Springs High,school,avg_adult_rel,4.7
Twin Springs High,school,avg_bully_prob,3.2
Stonewall Jackson High,school,pct_mental_health_training,34.4
Stonewall Jackson High,school,avg_peer_rel,3.8
Stonewall Jackson High,school,avg_adult_rel,4.3
Stonewall Jackson High,school,avg_bully_prob,3.8
North Fork Middle,school,pct_mental_health_training,11.5
North Fork Middle,school,avg_peer_rel,4.3
North Fork Middle,school,avg_adult_rel,4.6
North Fork Middle,school,avg_bully_prob,3.3
Peter Muhlenberg Middle,school,pct_mental_health_training,16.3
Peter Muhlenberg Middle,school,avg_peer_rel,4.1
Peter Muhlenberg Middle,school,avg_adult_rel,4.5
Peter Muhlenberg Middle,school,avg_bully_prob,3.6
Signal Knob Middle,school,pct_mental_health_training,14.9
Signal Knob Middle,school,avg_peer_rel,4.1
Signal Knob Middle,school,avg_adult_rel,4.5
Signal Knob Middle,school,avg_bully_prob,3.6
Chilhowie Middle,school,pct_mental_health_training,11.3
Chilhowie Middle,school,avg_peer_rel,4.4
Chilhowie Middle,school,avg_adult_rel,4.8
Chilhowie Middle,school,avg_bully_prob,3.2
Marion Middle,school,pct_mental_health_training,20.1
Marion Middle,school,avg_peer_rel,4
Marion Middle,school,avg_adult_rel,4.6
Marion Middle,school,avg_bully_prob,3.8
Northwood Middle,school,pct_mental_health_training,11.9
Northwood Middle,school,avg_peer_rel,4.5
Northwood Middle,school,avg_adult_rel,5.1
Northwood Middle,school,avg_bully_prob,3
Southampton Middle,school,pct_mental_health_training,10.3
Southampton Middle,school,avg_peer_rel,4
Southampton Middle,school,avg_adult_rel,4.4
Southampton Middle,school,avg_bully_prob,4.2
Battlefield Middle,school,pct_mental_health_training,13.6
Battlefield Middle,school,avg_peer_rel,3.9
Battlefield Middle,school,avg_adult_rel,4.3
Battlefield Middle,school,avg_bully_prob,3.8
Chancellor Middle,school,pct_mental_health_training,23.6
Chancellor Middle,school,avg_peer_rel,4.1
Chancellor Middle,school,avg_adult_rel,4.5
Chancellor Middle,school,avg_bully_prob,3.6
Freedom Middle,school,pct_mental_health_training,17
Freedom Middle,school,avg_peer_rel,4.3
Freedom Middle,school,avg_adult_rel,4.6
Freedom Middle,school,avg_bully_prob,3.3
Ni River Middle,school,pct_mental_health_training,19.8
Ni River Middle,school,avg_peer_rel,4.3
Ni River Middle,school,avg_adult_rel,4.6
Ni River Middle,school,avg_bully_prob,3.2
Post Oak Middle,school,pct_mental_health_training,11.4
Post Oak Middle,school,avg_peer_rel,4.2
Post Oak Middle,school,avg_adult_rel,4.3
Post Oak Middle,school,avg_bully_prob,3.4
Spotsylvania Middle,school,pct_mental_health_training,12.9
Spotsylvania Middle,school,avg_peer_rel,4.1
Spotsylvania Middle,school,avg_adult_rel,4.4
Spotsylvania Middle,school,avg_bully_prob,3.9
Thornburg Middle,school,pct_mental_health_training,14.1
Thornburg Middle,school,avg_peer_rel,4
Thornburg Middle,school,avg_adult_rel,4.3
Thornburg Middle,school,avg_bully_prob,3.6
Andrew G. Wright Middle,school,pct_mental_health_training,13.7
Andrew G. Wright Middle,school,avg_peer_rel,4.3
Andrew G. Wright Middle,school,avg_adult_rel,4.7
Andrew G. Wright Middle,school,avg_bully_prob,3.5
Donald B. Dixon-Lyle R. Smith Middle,school,pct_mental_health_training,13.3
Donald B. Dixon-Lyle R. Smith Middle,school,avg_peer_rel,4.2
Donald B. Dixon-Lyle R. Smith Middle,school,avg_adult_rel,4.4
Donald B. Dixon-Lyle R. Smith Middle,school,avg_bully_prob,3.8
Edward E. Drew Jr. Middle,school,pct_mental_health_training,15.9
Edward E. Drew Jr. Middle,school,avg_peer_rel,4.3
Edward E. Drew Jr. Middle,school,avg_adult_rel,4.7
Edward E. Drew Jr. Middle,school,avg_bully_prob,3.4
H.H. Poole Middle,school,pct_mental_health_training,15.3
H.H. Poole Middle,school,avg_peer_rel,4.2
H.H. Poole Middle,school,avg_adult_rel,4.4
H.H. Poole Middle,school,avg_bully_prob,3.7
Rodney E. Thompson Middle,school,pct_mental_health_training,11.7
Rodney E. Thompson Middle,school,avg_peer_rel,4.4
Rodney E. Thompson Middle,school,avg_adult_rel,4.7
Rodney E. Thompson Middle,school,avg_bully_prob,3.3
Shirley C. Heim Middle,school,pct_mental_health_training,15.7
Shirley C. Heim Middle,school,avg_peer_rel,4
Shirley C. Heim Middle,school,avg_adult_rel,4.3
Shirley C. Heim Middle,school,avg_bully_prob,3.9
Stafford Middle,school,pct_mental_health_training,20.7
Stafford Middle,school,avg_peer_rel,4
Stafford Middle,school,avg_adult_rel,4.3
Stafford Middle,school,avg_bully_prob,4
T. Benton Gayle Middle,school,pct_mental_health_training,14.7
T. Benton Gayle Middle,school,avg_peer_rel,4.2
T. Benton Gayle Middle,school,avg_adult_rel,4.6
T. Benton Gayle Middle,school,avg_bully_prob,3.7
Shelburne Middle,school,pct_mental_health_training,12.8
Shelburne Middle,school,avg_peer_rel,3.9
Shelburne Middle,school,avg_adult_rel,4.4
Shelburne Middle,school,avg_bully_prob,3.7
Colonel Fred Cherry Middle,school,pct_mental_health_training,14.4
Colonel Fred Cherry Middle,school,avg_peer_rel,4.2
Colonel Fred Cherry Middle,school,avg_adult_rel,4.7
Colonel Fred Cherry Middle,school,avg_bully_prob,3.7
Forest Glen Middle,school,pct_mental_health_training,13.2
Forest Glen Middle,school,avg_peer_rel,4.1
Forest Glen Middle,school,avg_adult_rel,4.6
Forest Glen Middle,school,avg_bully_prob,3.5
John F. Kennedy Middle,school,pct_mental_health_training,16.7
John F. Kennedy Middle,school,avg_peer_rel,3.7
John F. Kennedy Middle,school,avg_adult_rel,4.3
John F. Kennedy Middle,school,avg_bully_prob,3.9
John Yeates Middle,school,pct_mental_health_training,19
John Yeates Middle,school,avg_peer_rel,4.2
John Yeates Middle,school,avg_adult_rel,4.5
John Yeates Middle,school,avg_bully_prob,3.4
King's Fork Middle,school,pct_mental_health_training,12
King's Fork Middle,school,avg_peer_rel,3.8
King's Fork Middle,school,avg_adult_rel,4.2
King's Fork Middle,school,avg_bully_prob,4.1
Luther P. Jackson Middle,school,pct_mental_health_training,13.3
Luther P. Jackson Middle,school,avg_peer_rel,4.2
Luther P. Jackson Middle,school,avg_adult_rel,4.7
Luther P. Jackson Middle,school,avg_bully_prob,3.6
Sussex Central Middle,school,pct_mental_health_training,13.2
Sussex Central Middle,school,avg_peer_rel,3.8
Sussex Central Middle,school,avg_adult_rel,4.2
Sussex Central Middle,school,avg_bully_prob,3.9
Graham Middle,school,pct_mental_health_training,12.9
Graham Middle,school,avg_peer_rel,4
Graham Middle,school,avg_adult_rel,4.6
Graham Middle,school,avg_bully_prob,3.9
Richlands Middle,school,pct_mental_health_training,12.9
Richlands Middle,school,avg_peer_rel,4.3
Richlands Middle,school,avg_adult_rel,4.8
Richlands Middle,school,avg_bully_prob,3.7
Tazewell Middle,school,pct_mental_health_training,15.1
Tazewell Middle,school,avg_peer_rel,4.2
Tazewell Middle,school,avg_adult_rel,4.6
Tazewell Middle,school,avg_bully_prob,3.8
Bayside Middle,school,pct_mental_health_training,21.1
Bayside Middle,school,avg_peer_rel,4.1
Bayside Middle,school,avg_adult_rel,4.8
Bayside Middle,school,avg_bully_prob,3.8
Brandon Middle,school,pct_mental_health_training,58.3
Brandon Middle,school,avg_peer_rel,3.9
Brandon Middle,school,avg_adult_rel,4.2
Brandon Middle,school,avg_bully_prob,3.8
Corporate Landing Middle,school,pct_mental_health_training,11.1
Corporate Landing Middle,school,avg_peer_rel,3.8
Corporate Landing Middle,school,avg_adult_rel,4.5
Corporate Landing Middle,school,avg_bully_prob,3.8
Great Neck Middle,school,pct_mental_health_training,30.9
Great Neck Middle,school,avg_peer_rel,4.7
Great Neck Middle,school,avg_adult_rel,4.9
Great Neck Middle,school,avg_bully_prob,2.7
Independence Middle — Virginia Beach City,school,pct_mental_health_training,34.2
Independence Middle — Virginia Beach City,school,avg_peer_rel,4.5
Independence Middle — Virginia Beach City,school,avg_adult_rel,4.7
Independence Middle — Virginia Beach City,school,avg_bully_prob,3.8
Kempsville Middle,school,pct_mental_health_training,17.7
Kempsville Middle,school,avg_peer_rel,4.5
Kempsville Middle,school,avg_adult_rel,4.8
Kempsville Middle,school,avg_bully_prob,3.2
Landstown Middle,school,pct_mental_health_training,38.2
Landstown Middle,school,avg_peer_rel,4.5
Landstown Middle,school,avg_adult_rel,4.7
Landstown Middle,school,avg_bully_prob,3
Larkspur Middle,school,pct_mental_health_training,20.5
Larkspur Middle,school,avg_peer_rel,4.1
Larkspur Middle,school,avg_adult_rel,4.5
Larkspur Middle,school,avg_bully_prob,4
Lynnhaven Middle,school,pct_mental_health_training,7.3
Lynnhaven Middle,school,avg_peer_rel,4
Lynnhaven Middle,school,avg_adult_rel,4.3
Lynnhaven Middle,school,avg_bully_prob,3.6
Plaza Middle,school,pct_mental_health_training,47.3
Plaza Middle,school,avg_peer_rel,4.6
Plaza Middle,school,avg_adult_rel,4.8
Plaza Middle,school,avg_bully_prob,3.2
Princess Anne Middle,school,pct_mental_health_training,25.2
Princess Anne Middle,school,avg_peer_rel,4.7
Princess Anne Middle,school,avg_adult_rel,5
Princess Anne Middle,school,avg_bully_prob,2.6
Salem Middle,school,pct_mental_health_training,25.3
Salem Middle,school,avg_peer_rel,4.4
Salem Middle,school,avg_adult_rel,4.8
Salem Middle,school,avg_bully_prob,3.2
Skyline Middle — Warren County,school,pct_mental_health_training,10.9
Skyline Middle — Warren County,school,avg_peer_rel,4.2
Skyline Middle — Warren County,school,avg_adult_rel,4.5
Skyline Middle — Warren County,school,avg_bully_prob,3.7
Warren County Middle,school,pct_mental_health_training,10.9
Warren County Middle,school,avg_peer_rel,4
Warren County Middle,school,avg_adult_rel,4.4
Warren County Middle,school,avg_bully_prob,3.7
Damascus Middle,school,pct_mental_health_training,12.1
Damascus Middle,school,avg_peer_rel,4.6
Damascus Middle,school,avg_adult_rel,5
Damascus Middle,school,avg_bully_prob,3
E.B. Stanley Middle,school,pct_mental_health_training,13
E.B. Stanley Middle,school,avg_peer_rel,4.5
E.B. Stanley Middle,school,avg_adult_rel,4.9
E.B. Stanley Middle,school,avg_bully_prob,3.4
Glade Spring Middle,school,pct_mental_health_training,16
Glade Spring Middle,school,avg_peer_rel,4.4
Glade Spring Middle,school,avg_adult_rel,4.9
Glade Spring Middle,school,avg_bully_prob,3.4
Wallace Middle,school,pct_mental_health_training,16.1
Wallace Middle,school,avg_peer_rel,4.4
Wallace Middle,school,avg_adult_rel,4.8
Wallace Middle,school,avg_bully_prob,3.7
Kate Collins Middle,school,pct_mental_health_training,9
Kate Collins Middle,school,avg_peer_rel,4
Kate Collins Middle,school,avg_adult_rel,4.4
Kate Collins Middle,school,avg_bully_prob,3.8
West Point Middle/High,school,pct_mental_health_training,12.9
West Point Middle/High,school,avg_peer_rel,4.2
West Point Middle/High,school,avg_adult_rel,4.7
West Point Middle/High,school,avg_bully_prob,3.3
Montross Middle,school,pct_mental_health_training,11.2
Montross Middle,school,avg_peer_rel,4.1
Montross Middle,school,avg_adult_rel,4.5
Montross Middle,school,avg_bully_prob,3.5
Berkeley Middle,school,pct_mental_health_training,9.1
Berkeley Middle,school,avg_peer_rel,4.3
Berkeley Middle,school,avg_adult_rel,4.6
Berkeley Middle,school,avg_bully_prob,3.4
James Blair Middle,school,pct_mental_health_training,7.6
James Blair Middle,school,avg_peer_rel,4.3
James Blair Middle,school,avg_adult_rel,4.5
James Blair Middle,school,avg_bully_prob,3.3
Lois Hornsby Middle,school,pct_mental_health_training,13.3
Lois Hornsby Middle,school,avg_peer_rel,4.4
Lois Hornsby Middle,school,avg_adult_rel,4.6
Lois Hornsby Middle,school,avg_bully_prob,3.4
Toano Middle,school,pct_mental_health_training,13.4
Toano Middle,school,avg_peer_rel,4.2
Toano Middle,school,avg_adult_rel,4.5
Toano Middle,school,avg_bully_prob,3.7
Daniel Morgan Intermediate,school,pct_mental_health_training,16.2
Daniel Morgan Intermediate,school,avg_peer_rel,3.8
Daniel Morgan Intermediate,school,avg_adult_rel,4.3
Daniel Morgan Intermediate,school,avg_bully_prob,3.9
Daniel Morgan Middle,school,pct_mental_health_training,13.8
Daniel Morgan Middle,school,avg_peer_rel,4.1
Daniel Morgan Middle,school,avg_adult_rel,4.6
Daniel Morgan Middle,school,avg_bully_prob,3.6
Coeburn Middle,school,pct_mental_health_training,16.8
Coeburn Middle,school,avg_peer_rel,4.4
Coeburn Middle,school,avg_adult_rel,4.9
Coeburn Middle,school,avg_bully_prob,3.5
L.F. Addington Middle,school,pct_mental_health_training,14.9
L.F. Addington Middle,school,avg_peer_rel,4.6
L.F. Addington Middle,school,avg_adult_rel,5.1
L.F. Addington Middle,school,avg_bully_prob,3.1
Union Middle,school,pct_mental_health_training,12.4
Union Middle,school,avg_peer_rel,4.5
Union Middle,school,avg_adult_rel,5
Union Middle,school,avg_bully_prob,3.4
Fort Chiswell Middle,school,pct_mental_health_training,11.1
Fort Chiswell Middle,school,avg_peer_rel,4.3
Fort Chiswell Middle,school,avg_adult_rel,4.7
Fort Chiswell Middle,school,avg_bully_prob,3.2
Rural Retreat Middle,school,pct_mental_health_training,8.1
Rural Retreat Middle,school,avg_peer_rel,4.4
Rural Retreat Middle,school,avg_adult_rel,4.8
Rural Retreat Middle,school,avg_bully_prob,3.2
Scott Memorial Middle,school,pct_mental_health_training,9.2
Scott Memorial Middle,school,avg_peer_rel,4.7
Scott Memorial Middle,school,avg_adult_rel,5.2
Scott Memorial Middle,school,avg_bully_prob,3
Grafton Middle,school,pct_mental_health_training,10.5
Grafton Middle,school,avg_peer_rel,4.4
Grafton Middle,school,avg_adult_rel,4.6
Grafton Middle,school,avg_bully_prob,3.3
Queens Lake Middle,school,pct_mental_health_training,12.6
Queens Lake Middle,school,avg_peer_rel,4.5
Queens Lake Middle,school,avg_adult_rel,4.8
Queens Lake Middle,school,avg_bully_prob,3.3
Tabb Middle,school,pct_mental_health_training,8.6
Tabb Middle,school,avg_peer_rel,4.5
Tabb Middle,school,avg_adult_rel,4.8
Tabb Middle,school,avg_bully_prob,3
Yorktown Middle,school,pct_mental_health_training,11
Yorktown Middle,school,avg_peer_rel,4.2
Yorktown Middle,school,avg_adult_rel,4.6
Yorktown Middle,school,avg_bully_prob,3.7
State Average,state,bully_rate_per_1k,2.61091226621638
Central Virginia,region,bully_rate_per_1k,2.1651501705389884
Northern Neck,region,bully_rate_per_1k,3.142466198195691
Northern Virginia,region,bully_rate_per_1k,2.092147670050525
Southside,region,bully_rate_per_1k,3.840835765862652
Southwest,region,bully_rate_per_1k,4.513175560911694
Tidewater,region,bully_rate_per_1k,2.7393949160053177
Valley,region,bully_rate_per_1k,3.3016335996921176
Western Virginia,region,bully_rate_per_1k,2.841291808016852
Accomack County,division,bully_rate_per_1k,7.829030892932713
Albemarle County,division,bully_rate_per_1k,2.0961329960245756
Alexandria City,division,bully_rate_per_1k,0.973295212604173
Alleghany County,division,bully_rate_per_1k,9.520451339915375
Amelia County,division,bully_rate_per_1k,3.1133250311332503
Amherst County,division,bully_rate_per_1k,2.01765447667087
Appomattox County,division,bully_rate_per_1k,1.6863406408094437
Arlington County,division,bully_rate_per_1k,1.1984311446833238
Augusta County,division,bully_rate_per_1k,3.647476340694006
Bath County,division,bully_rate_per_1k,13.7524557956778
Bedford County,division,bully_rate_per_1k,2.5383511753669574
Bland County,division,bully_rate_per_1k,2.5220680958385877
Botetourt County,division,bully_rate_per_1k,4.233511586452763
Bristol City,division,bully_rate_per_1k,2.785515320334262
Brunswick County,division,bully_rate_per_1k,2.867383512544803
Buchanan County,division,bully_rate_per_1k,0
Buckingham County,division,bully_rate_per_1k,7.121057985757885
Buena Vista City,division,bully_rate_per_1k,4.672897196261682
Campbell County,division,bully_rate_per_1k,2.532928064842958
Caroline County,division,bully_rate_per_1k,3.7248028045574055
Carroll County,division,bully_rate_per_1k,3.193960511033682
Charles City County,division,bully_rate_per_1k,0
Charlotte County,division,bully_rate_per_1k,1.1730205278592376
Charlottesville City,division,bully_rate_per_1k,2.25022502250225
Chesapeake City,division,bully_rate_per_1k,0.9104330708661416
Chesterfield County,division,bully_rate_per_1k,1.464562267267033
Clarke County,division,bully_rate_per_1k,4.677754677754678
Colonial Beach,division,bully_rate_per_1k,0
Colonial Heights City,division,bully_rate_per_1k,0
Craig County,division,bully_rate_per_1k,12.76595744680851
Culpeper County,division,bully_rate_per_1k,3.704588910133843
Cumberland County,division,bully_rate_per_1k,8.921330089213301
Danville City,division,bully_rate_per_1k,4.121863799283155
Dickenson County,division,bully_rate_per_1k,2.1242697822623473
Dinwiddie County,division,bully_rate_per_1k,1.6439643024894317
Essex County,division,bully_rate_per_1k,5.159071367153913
Fairfax County,division,bully_rate_per_1k,1.6356302149527544
Falls Church City,division,bully_rate_per_1k,1.146788990825688
Fauquier County,division,bully_rate_per_1k,1.0142923005993547
Floyd County,division,bully_rate_per_1k,0
Fluvanna County,division,bully_rate_per_1k,0.889679715302491
Franklin City,division,bully_rate_per_1k,17.733990147783253
Franklin County,division,bully_rate_per_1k,3.7337662337662336
Frederick County,division,bully_rate_per_1k,1.058350384533973
Fredericksburg City,division,bully_rate_per_1k,5.030743432084964
Galax City,division,bully_rate_per_1k,4.9365303244005645
Giles County,division,bully_rate_per_1k,9.145470134324093
Gloucester County,division,bully_rate_per_1k,7.376395534290271
Goochland County,division,bully_rate_per_1k,3.499222395023328
Grayson County,division,bully_rate_per_1k,10.786802030456853
Greene County,division,bully_rate_per_1k,2.8388928317956
Greensville County,division,bully_rate_per_1k,3.946719289590528
Halifax County,division,bully_rate_per_1k,1.529051987767584
Hampton City,division,bully_rate_per_1k,3.509485784039469
Hanover County,division,bully_rate_per_1k,0.356718192627824
Harrisonburg City,division,bully_rate_per_1k,5.153880135473421
Henrico County,division,bully_rate_per_1k,1.307863031071655
Henry County,division,bully_rate_per_1k,2.450273854136639
Highland County,division,bully_rate_per_1k,18.867924528301884
Hopewell City,division,bully_rate_per_1k,2.787633046122656
Isle of Wight County,division,bully_rate_per_1k,2.502681444404719
King George County,division,bully_rate_per_1k,10.56338028169014
King William County,division,bully_rate_per_1k,2.849002849002849
King and Queen County,division,bully_rate_per_1k,1.1695906432748535
Lancaster County,division,bully_rate_per_1k,4.901960784313726
Lee County,division,bully_rate_per_1k,0.6731740154830024
Lexington City,division,bully_rate_per_1k,1.9569471624266144
Loudoun County,division,bully_rate_per_1k,2.7917296532891207
Louisa County,division,bully_rate_per_1k,4.413740165035502
Lunenburg County,division,bully_rate_per_1k,3.7926675094816686
Lynchburg City,division,bully_rate_per_1k,1.2828736369467606
Madison County,division,bully_rate_per_1k,4.78755236385398
Manassas City,division,bully_rate_per_1k,1.6935904116727465
Manassas Park City,division,bully_rate_per_1k,2.6392961876832843
Martinsville City,division,bully_rate_per_1k,1.6602102933038183
Mathews County,division,bully_rate_per_1k,14.268727705112962
Mecklenburg County,division,bully_rate_per_1k,5.8405281868969015
Middlesex County,division,bully_rate_per_1k,8.97226753670473
Montgomery County,division,bully_rate_per_1k,4.6918986549890525
Nelson County,division,bully_rate_per_1k,6.020066889632107
New Kent County,division,bully_rate_per_1k,1.4140271493212668
Newport News City,division,bully_rate_per_1k,3.241923795720661
Norfolk City,division,bully_rate_per_1k,2.083023359619104
Northampton County,division,bully_rate_per_1k,2.998500749625187
Northumberland County,division,bully_rate_per_1k,6.878761822871883
Norton City,division,bully_rate_per_1k,7.434944237918216
Nottoway County,division,bully_rate_per_1k,0.55005500550055
Orange County,division,bully_rate_per_1k,8.067689885871703
Page County,division,bully_rate_per_1k,10.295582862836268
Patrick County,division,bully_rate_per_1k,2.101723413198823
Petersburg City,division,bully_rate_per_1k,4.032258064516129
Pittsylvania County,division,bully_rate_per_1k,1.2721027859051013
Poquoson City,division,bully_rate_per_1k,2.4154589371980677
Portsmouth City,division,bully_rate_per_1k,5.926151040875247
Powhatan County,division,bully_rate_per_1k,0.4737091425864519
Prince Edward County,division,bully_rate_per_1k,8.259911894273127
Prince George County,division,bully_rate_per_1k,3.5592946125222458
Prince William County,division,bully_rate_per_1k,1.820107220861738
Pulaski County,division,bully_rate_per_1k,5.503324925475808
Radford City,division,bully_rate_per_1k,4.989086373557842
Rappahannock County,division,bully_rate_per_1k,12.919896640826872
Richmond City,division,bully_rate_per_1k,6.350251658121266
Richmond County,division,bully_rate_per_1k,0
Roanoke City,division,bully_rate_per_1k,1.4588956160186737
Roanoke County,division,bully_rate_per_1k,1.811200463667319
Rockbridge County,division,bully_rate_per_1k,6.41025641025641
Rockingham County,division,bully_rate_per_1k,2.074330164217805
Russell County,division,bully_rate_per_1k,0
Salem City,division,bully_rate_per_1k,2.084298286243631
Scott County,division,bully_rate_per_1k,0.2339728591483388
Shenandoah County,division,bully_rate_per_1k,2.9861233093272443
Smyth County,division,bully_rate_per_1k,3.852080123266564
Southampton County,division,bully_rate_per_1k,10.305192231470471
Spotsylvania County,division,bully_rate_per_1k,1.579122340425532
Stafford County,division,bully_rate_per_1k,1.892744479495268
Staunton City,division,bully_rate_per_1k,18.161601186063752
Suffolk City,division,bully_rate_per_1k,1.446280991735537
Surry County,division,bully_rate_per_1k,10.086455331412104
Sussex County,division,bully_rate_per_1k,23.13883299798793
Tazewell County,division,bully_rate_per_1k,3.014885999623139
Virginia Beach City,division,bully_rate_per_1k,2.6583484434063736
Warren County,division,bully_rate_per_1k,8.761682242990654
Washington County,division,bully_rate_per_1k,5.660658423953524
Waynesboro City,division,bully_rate_per_1k,1.96078431372549
West Point,division,bully_rate_per_1k,0
Westmoreland County,division,bully_rate_per_1k,2.53324889170361
Williamsburg-James City County,division,bully_rate_per_1k,1.026167265264238
Winchester City,division,bully_rate_per_1k,1.41643059490085
Wise County,division,bully_rate_per_1k,11.388747237803845
Wythe County,division,bully_rate_per_1k,3.944254535892716
York County,division,bully_rate_per_1k,3.432494279176201
Arcadia High,school,bully_rate_per_1k,0
Arcadia Middle,school,bully_rate_per_1k,14.373716632443532
Chincoteague High,school,bully_rate_per_1k,6.756756756756757
Nandua High,school,bully_rate_per_1k,4.746835443037975
Nandua Middle,school,bully_rate_per_1k,6.41025641025641
Albemarle High,school,bully_rate_per_1k,2.9717682020802374
Community Lab School,school,bully_rate_per_1k,0
Jackson P. Burley Middle,school,bully_rate_per_1k,3.6231884057971016
Joseph T. Henley Middle,school,bully_rate_per_1k,2.487562189054726
Journey Middle,school,bully_rate_per_1k,0
Lakeside Middle,school,bully_rate_per_1k,0
Leslie H. Walton Middle,school,bully_rate_per_1k,6.0606060606060606
Monticello High,school,bully_rate_per_1k,0.8257638315441783
Western Albemarle High,school,bully_rate_per_1k,4.288164665523157
Alexandria City High,school,bully_rate_per_1k,0.6574621959237344
Francis C. Hammond Middle,school,bully_rate_per_1k,4.632693580410324
George Washington Middle,school,bully_rate_per_1k,0
Alleghany High,school,bully_rate_per_1k,0
Covington Middle,school,bully_rate_per_1k,12.861736334405144
Amelia County High,school,bully_rate_per_1k,4.024144869215292
Amelia County Middle,school,bully_rate_per_1k,2.849002849002849
Amherst County High,school,bully_rate_per_1k,0.8045052292839903
Amherst Middle,school,bully_rate_per_1k,0
Monelison Middle,school,bully_rate_per_1k,1.953125
Appomattox County High,school,bully_rate_per_1k,0
Appomattox Middle,school,bully_rate_per_1k,7.8125
Arlington Community High,school,bully_rate_per_1k,0
Dorothy Hamm Middle,school,bully_rate_per_1k,2.1436227224008575
Gunston Middle,school,bully_rate_per_1k,9.699321047526674
Jefferson Middle,school,bully_rate_per_1k,0.9174311926605504
Kenmore Middle,school,bully_rate_per_1k,2.973240832507433
Swanson Middle,school,bully_rate_per_1k,2.0725388601036268
Wakefield High,school,bully_rate_per_1k,0.7347538574577516
Washington-Liberty High,school,bully_rate_per_1k,1.0330578512396695
Williamsburg Middle,school,bully_rate_per_1k,3.5046728971962615
Yorktown High,school,bully_rate_per_1k,0.4004805766920304
Buffalo Gap High,school,bully_rate_per_1k,2.403846153846154
Fort Defiance High,school,bully_rate_per_1k,1.3550135501355014
Riverheads High,school,bully_rate_per_1k,0
S. Gordon Stewart Middle,school,bully_rate_per_1k,1.937984496124031
Stuarts Draft High,school,bully_rate_per_1k,4.207573632538569
Stuarts Draft Middle,school,bully_rate_per_1k,3.968253968253968
Wilson Memorial High,school,bully_rate_per_1k,5.780346820809248
Wilson Middle,school,bully_rate_per_1k,3.048780487804878
Bath County High,school,bully_rate_per_1k,38.25136612021858
Forest Middle,school,bully_rate_per_1k,1.1235955056179776
Jefferson Forest High,school,bully_rate_per_1k,0
Liberty High — Bedford County,school,bully_rate_per_1k,0
Liberty Middle — Bedford County,school,bully_rate_per_1k,9.345794392523365
Staunton River High,school,bully_rate_per_1k,6.904487917146144
Staunton River Middle,school,bully_rate_per_1k,8.561643835616438
Bland County High,school,bully_rate_per_1k,4.587155963302752
Central Academy Middle,school,bully_rate_per_1k,0
James River High — Botetourt County,school,bully_rate_per_1k,0
Lord Botetourt High,school,bully_rate_per_1k,6.103763987792472
Read Mountain Middle,school,bully_rate_per_1k,0
Virginia High,school,bully_rate_per_1k,0
Virginia Middle,school,bully_rate_per_1k,6.550218340611353
Brunswick High,school,bully_rate_per_1k,0
James S. Russell Middle,school,bully_rate_per_1k,3.389830508474576
Council High,school,bully_rate_per_1k,0
Grundy High,school,bully_rate_per_1k,0
Hurley High,school,bully_rate_per_1k,0
Twin Valley High,school,bully_rate_per_1k,0
Buckingham County High,school,bully_rate_per_1k,2.9197080291970803
Buckingham County Middle,school,bully_rate_per_1k,9.30232558139535
Parry McCluer High,school,bully_rate_per_1k,3.1847133757961785
Parry McCluer Middle,school,bully_rate_per_1k,25.210084033613445
Altavista High,school,bully_rate_per_1k,3.1545741324921135
Brookville High,school,bully_rate_per_1k,0.9852216748768472
Brookville Middle,school,bully_rate_per_1k,5.899705014749262
Rustburg High,school,bully_rate_per_1k,2.3501762632197414
Rustburg Middle,school,bully_rate_per_1k,6.3391442155309035
William Campbell High,school,bully_rate_per_1k,2.4691358024691357
Caroline High,school,bully_rate_per_1k,3.912363067292645
Caroline Middle,school,bully_rate_per_1k,11
Carroll County High,school,bully_rate_per_1k,3.7771482530689338
Carroll County Middle,school,bully_rate_per_1k,0
Charles City County High,school,bully_rate_per_1k,0
Central Middle,school,bully_rate_per_1k,2.5974025974025974
Randolph-Henry High,school,bully_rate_per_1k,2.0964360587002098
Charlottesville Middle,school,bully_rate_per_1k,3.5650623885918
Charlottesville High,school,bully_rate_per_1k,0
Walker Upper Elementary,school,bully_rate_per_1k,11.532125205930807
Crestwood Middle,school,bully_rate_per_1k,0
Deep Creek High,school,bully_rate_per_1k,0
Deep Creek Middle,school,bully_rate_per_1k,0
Grassfield High,school,bully_rate_per_1k,0
Great Bridge High,school,bully_rate_per_1k,0
Great Bridge Middle,school,bully_rate_per_1k,0.7710100231303006
Greenbrier Middle,school,bully_rate_per_1k,2.5252525252525255
Hickory High,school,bully_rate_per_1k,0
Hickory Middle,school,bully_rate_per_1k,0.7704160246533128
Hugo A. Owens Middle,school,bully_rate_per_1k,0
Indian River High,school,bully_rate_per_1k,0
Indian River Middle,school,bully_rate_per_1k,1.3089005235602096
Jolliff Middle,school,bully_rate_per_1k,2.8776978417266186
Oscar F. Smith High,school,bully_rate_per_1k,1.2942191544434856
Oscar Smith Middle,school,bully_rate_per_1k,0
Western Branch High,school,bully_rate_per_1k,0
Western Branch Middle,school,bully_rate_per_1k,2.2123893805309733
Bailey Bridge Middle,school,bully_rate_per_1k,3.4626038781163433
Carver College and Career Academy,school,bully_rate_per_1k,0
Carver Middle,school,bully_rate_per_1k,1.9743336623889436
Clover Hill High,school,bully_rate_per_1k,2.2185246810870773
Cosby High,school,bully_rate_per_1k,0.39401103230890466
Elizabeth Davis Middle,school,bully_rate_per_1k,0
Falling Creek Middle,school,bully_rate_per_1k,2.881844380403458
James River High — Chesterfield County,school,bully_rate_per_1k,1.6025641025641024
Lloyd C. Bird High,school,bully_rate_per_1k,0
Manchester High,school,bully_rate_per_1k,2.226179875333927
Manchester Middle,school,bully_rate_per_1k,0.9000900090009001
Matoaca High,school,bully_rate_per_1k,0.6035003017501509
Matoaca Middle,school,bully_rate_per_1k,1.2406947890818858
Meadowbrook High,school,bully_rate_per_1k,0.5089058524173028
Midlothian High,school,bully_rate_per_1k,0.9751340809361286
Midlothian Middle,school,bully_rate_per_1k,0.7698229407236336
Monacan High,school,bully_rate_per_1k,0.6079027355623101
Providence Middle,school,bully_rate_per_1k,1.951219512195122
Robious Middle,school,bully_rate_per_1k,2.688172043010753
Salem Church Middle,school,bully_rate_per_1k,0
Swift Creek Middle,school,bully_rate_per_1k,0
Thomas Dale High,school,bully_rate_per_1k,2.323780015491866
Tomahawk Creek Middle,school,bully_rate_per_1k,0.6203473945409429
Clarke County High,school,bully_rate_per_1k,0
Johnson-Williams Middle,school,bully_rate_per_1k,21.176470588235293
Colonial Beach High,school,bully_rate_per_1k,0
Colonial Heights High,school,bully_rate_per_1k,0
Colonial Heights Middle,school,bully_rate_per_1k,0
Craig County High,school,bully_rate_per_1k,15.32567049808429
Culpeper County High,school,bully_rate_per_1k,1.6233766233766236
Culpeper Middle,school,bully_rate_per_1k,0.9442870632672332
Eastern View High,school,bully_rate_per_1k,1.9455252918287935
Floyd T. Binns Middle,school,bully_rate_per_1k,7.633587786259541
Cumberland High,school,bully_rate_per_1k,16.71309192200557
Cumberland Middle,school,bully_rate_per_1k,5.58659217877095
Galileo Magnet High,school,bully_rate_per_1k,0
George Washington High,school,bully_rate_per_1k,0
O. Trent Bonner Middle,school,bully_rate_per_1k,5.235602094240838
R.I.S.E Academy at the John M. Langston Campus,school,bully_rate_per_1k,0
Westwood Middle,school,bully_rate_per_1k,1.8050541516245489
Ridgeview High,school,bully_rate_per_1k,0
Ridgeview Middle,school,bully_rate_per_1k,0
Dinwiddie County High,school,bully_rate_per_1k,0.7558578987150416
Dinwiddie County Middle,school,bully_rate_per_1k,3.236245954692557
Essex High,school,bully_rate_per_1k,0
James H. Cary Intermediate,school,bully_rate_per_1k,3.0211480362537766
Annandale High,school,bully_rate_per_1k,0.4553734061930783
Bryant High,school,bully_rate_per_1k,6.289308176100629
Carson Middle,school,bully_rate_per_1k,0
Centreville High,school,bully_rate_per_1k,0.8032128514056225
Chantilly High,school,bully_rate_per_1k,0.33178500331785005
Cooper Middle,school,bully_rate_per_1k,0
Edison High,school,bully_rate_per_1k,0.8722197993894462
Fairfax County Adult High,school,bully_rate_per_1k,0
Fairfax High,school,bully_rate_per_1k,0.848536274925753
Falls Church High,school,bully_rate_per_1k,0.4633920296570899
Franklin Middle,school,bully_rate_per_1k,0
Frost Middle,school,bully_rate_per_1k,0.8012820512820512
Glasgow Middle,school,bully_rate_per_1k,9.269988412514484
Hayfield Secondary,school,bully_rate_per_1k,1.8489984591679507
Herndon High,school,bully_rate_per_1k,1.6884761502743773
Herndon Middle,school,bully_rate_per_1k,5.555555555555555
Holmes Middle,school,bully_rate_per_1k,3.36322869955157
Hughes Middle,school,bully_rate_per_1k,3.968253968253968
Irving Middle,school,bully_rate_per_1k,5.747126436781609
Jackson Middle,school,bully_rate_per_1k,2.0725388601036268
Johnson Middle,school,bully_rate_per_1k,3.5056967572304996
Justice High,school,bully_rate_per_1k,1.2468827930174564
Key Middle,school,bully_rate_per_1k,0
Kilmer Middle,school,bully_rate_per_1k,0
Kings Glen Elementary,school,bully_rate_per_1k,0
Lake Braddock Secondary,school,bully_rate_per_1k,1.131733816206428
Langley High,school,bully_rate_per_1k,0
Lewis High,school,bully_rate_per_1k,1.1940298507462688
Liberty Middle — Fairfax County,school,bully_rate_per_1k,0
Longfellow Middle,school,bully_rate_per_1k,0.7974481658692185
Madison High,school,bully_rate_per_1k,1.4177693761814745
Marshall High,school,bully_rate_per_1k,0
McLean High,school,bully_rate_per_1k,0.814663951120163
Mount Vernon High,school,bully_rate_per_1k,0.5104645227156713
Mountain View High — Fairfax County,school,bully_rate_per_1k,0
Oakton High,school,bully_rate_per_1k,0
Poe Middle,school,bully_rate_per_1k,2.232142857142857
Robinson Secondary,school,bully_rate_per_1k,6.804572672836146
Rocky Run Middle,school,bully_rate_per_1k,0
Sandburg Middle,school,bully_rate_per_1k,0
South County High,school,bully_rate_per_1k,0.9066183136899364
South County Middle,school,bully_rate_per_1k,0
South Lakes High,school,bully_rate_per_1k,0
Stone Middle,school,bully_rate_per_1k,0
Thomas Jefferson High for Science and Technology,school,bully_rate_per_1k,0.49578582052553294
Thoreau Middle,school,bully_rate_per_1k,4.006410256410256
Twain Middle,school,bully_rate_per_1k,0
West Potomac High,school,bully_rate_per_1k,0.3728560775540641
West Springfield High,school,bully_rate_per_1k,0.7243752263672583
Westfield High,school,bully_rate_per_1k,0.362844702467344
Whitman Middle,school,bully_rate_per_1k,0
Woodson High,school,bully_rate_per_1k,0.40241448692152915
Mary Ellen Henderson Middle School,school,bully_rate_per_1k,1.6313213703099512
Meridian High School,school,bully_rate_per_1k,1.122334455667789
Auburn Middle — Fauquier County,school,bully_rate_per_1k,0
Cedar Lee Middle,school,bully_rate_per_1k,2.3446658851113713
Fauquier High,school,bully_rate_per_1k,0
Kettle Run High,school,bully_rate_per_1k,0
Liberty High — Fauquier County,school,bully_rate_per_1k,1.4705882352941175
Marshall Middle,school,bully_rate_per_1k,0
W.C. Taylor Middle,school,bully_rate_per_1k,0
Floyd County High,school,bully_rate_per_1k,0
Fluvanna County High,school,bully_rate_per_1k,0
Fluvanna Middle,school,bully_rate_per_1k,4.07055630936228
Franklin High,school,bully_rate_per_1k,29.333333333333332
Benjamin Franklin Middle,school,bully_rate_per_1k,1.4378145219266716
Franklin County High,school,bully_rate_per_1k,3.1595576619273302
Admiral Richard E. Byrd Middle,school,bully_rate_per_1k,6.188118811881188
Frederick County Middle,school,bully_rate_per_1k,0
James Wood High,school,bully_rate_per_1k,0
James Wood Middle,school,bully_rate_per_1k,4.796163069544364
Millbrook High,school,bully_rate_per_1k,0
Robert E. Aylor Middle,school,bully_rate_per_1k,0
Sherando High,school,bully_rate_per_1k,1.8270401948842871
James Monroe High,school,bully_rate_per_1k,7.952286282306162
Walker-Grant Middle,school,bully_rate_per_1k,2.577319587628866
Galax High,school,bully_rate_per_1k,2.4752475247524752
Galax Middle,school,bully_rate_per_1k,12.1580547112462
Giles High,school,bully_rate_per_1k,7.220216606498195
Narrows High,school,bully_rate_per_1k,16.72240802675585
Gloucester High,school,bully_rate_per_1k,3.2278889606197545
Page Middle,school,bully_rate_per_1k,17.73049645390071
Peasley Middle,school,bully_rate_per_1k,26.981450252951095
Goochland High,school,bully_rate_per_1k,2.361275088547816
Goochland Middle,school,bully_rate_per_1k,6.67779632721202
Grayson County High,school,bully_rate_per_1k,4.3763676148796495
Independence Middle — Grayson County,school,bully_rate_per_1k,44.06779661016949
William Monroe High,school,bully_rate_per_1k,1.021450459652707
William Monroe Middle,school,bully_rate_per_1k,11.2
Edward W. Wyatt Middle,school,bully_rate_per_1k,4.576659038901602
Greensville County High,school,bully_rate_per_1k,3.3222591362126246
Halifax County High,school,bully_rate_per_1k,4.434589800443459
Halifax County Middle,school,bully_rate_per_1k,1.148105625717566
Benjamin Syms Middle,school,bully_rate_per_1k,2.3094688221709005
Bethel High,school,bully_rate_per_1k,3.8845726970033296
C. Alton Lindsay Middle,school,bully_rate_per_1k,7.41839762611276
Cesar Tarrant Middle,school,bully_rate_per_1k,28.77697841726619
Francis W. Jones Magnet Middle,school,bully_rate_per_1k,1.6750418760469012
Hampton High,school,bully_rate_per_1k,4.032258064516129
Kecoughtan High,school,bully_rate_per_1k,0.6578947368421052
Phoebus High,school,bully_rate_per_1k,0.7057163020465773
Thomas Eaton Middle,school,bully_rate_per_1k,1.6666666666666667
Atlee High,school,bully_rate_per_1k,0
Bell Creek Middle,school,bully_rate_per_1k,0
Chickahominy Middle,school,bully_rate_per_1k,0
Hanover High,school,bully_rate_per_1k,0
Liberty Middle — Hanover County,school,bully_rate_per_1k,1.0905125408942202
Mechanicsville High,school,bully_rate_per_1k,0
Oak Knoll Middle,school,bully_rate_per_1k,0
Patrick Henry High — Hanover County,school,bully_rate_per_1k,0.7518796992481204
Harrisonburg High,school,bully_rate_per_1k,0
Skyline Middle — Harrisonburg City,school,bully_rate_per_1k,19.471488178025034
Thomas Harrison Middle,school,bully_rate_per_1k,1.3966480446927374
Brookland Middle,school,bully_rate_per_1k,4.859086491739553
Deep Run High,school,bully_rate_per_1k,0
Douglas S. Freeman High,school,bully_rate_per_1k,0.5299417064122947
Elko Middle,school,bully_rate_per_1k,2.8368794326241136
Fairfield Middle,school,bully_rate_per_1k,1.124859392575928
George H. Moody Middle,school,bully_rate_per_1k,3.629764065335753
Glen Allen High,school,bully_rate_per_1k,0
Henrico High,school,bully_rate_per_1k,3.0534351145038165
Hermitage High,school,bully_rate_per_1k,0
Highland Springs High,school,bully_rate_per_1k,1.507537688442211
Holman Middle,school,bully_rate_per_1k,1.160092807424594
Hungary Creek Middle,school,bully_rate_per_1k,2.347417840375587
John Randolph Tucker High,school,bully_rate_per_1k,0.4921259842519685
John Rolfe Middle,school,bully_rate_per_1k,2.949852507374631
L. Douglas Wilder Middle,school,bully_rate_per_1k,0
Mills E. Godwin High,school,bully_rate_per_1k,1.1494252873563218
Pocahontas Middle,school,bully_rate_per_1k,4.796163069544364
Quioccasin Middle,school,bully_rate_per_1k,11.846001974333662
Short Pump Middle,school,bully_rate_per_1k,0.9242144177449167
Tuckahoe Middle,school,bully_rate_per_1k,0
Varina High,school,bully_rate_per_1k,0.7087172218284905
Bassett High,school,bully_rate_per_1k,0.8771929824561404
Fieldale-Collinsville Middle,school,bully_rate_per_1k,0
Laurel Park Middle,school,bully_rate_per_1k,6.7294751009421265
Magna Vista High,school,bully_rate_per_1k,7.0733863837312105
Highland High,school,bully_rate_per_1k,0
Carter G. Woodson Middle,school,bully_rate_per_1k,6.112469437652813
Hopewell High,school,bully_rate_per_1k,1.7421602787456445
Georgie D. Tyler Middle,school,bully_rate_per_1k,0
Smithfield High,school,bully_rate_per_1k,1.520912547528517
Smithfield Middle,school,bully_rate_per_1k,9.983361064891849
Westside Elementary,school,bully_rate_per_1k,2.706359945872802
Windsor High,school,bully_rate_per_1k,1.8975332068311197
King George High,school,bully_rate_per_1k,5.35475234270415
King George Middle,school,bully_rate_per_1k,32.16650898770104
Hamilton Holmes Middle,school,bully_rate_per_1k,8.639308855291578
King William High,school,bully_rate_per_1k,1.4749262536873156
Central High — King and Queen County,school,bully_rate_per_1k,3.690036900369003
Lancaster High,school,bully_rate_per_1k,0
Elydale Middle,school,bully_rate_per_1k,7.299270072992701
Jonesville Middle,school,bully_rate_per_1k,0
Lee High,school,bully_rate_per_1k,0
Pennington Middle,school,bully_rate_per_1k,0
Thomas Walker High,school,bully_rate_per_1k,3.5335689045936394
Lylburn Downing Middle,school,bully_rate_per_1k,0
Belmont Ridge Middle,school,bully_rate_per_1k,3.7243947858473
Blue Ridge Middle,school,bully_rate_per_1k,0
Brambleton Middle,school,bully_rate_per_1k,4.151838671411625
Briar Woods High,school,bully_rate_per_1k,0.56657223796034
Broad Run High,school,bully_rate_per_1k,1.8867924528301887
Dominion High,school,bully_rate_per_1k,0
Eagle Ridge Middle,school,bully_rate_per_1k,1.563721657544957
Farmwell Station Middle,school,bully_rate_per_1k,0
Freedom High — Loudoun County,school,bully_rate_per_1k,11.161846778285136
Harmony Middle,school,bully_rate_per_1k,3.5087719298245617
Harper Park Middle,school,bully_rate_per_1k,9.080590238365494
Heritage High — Loudoun County,school,bully_rate_per_1k,0
Independence High,school,bully_rate_per_1k,0.9615384615384616
J. Lupton Simpson Middle,school,bully_rate_per_1k,14.874141876430206
J. Michael Lunsford Middle,school,bully_rate_per_1k,1.6181229773462784
John Champe High,school,bully_rate_per_1k,0.573394495412844
Lightridge High,school,bully_rate_per_1k,3.632589517384535
Loudoun County High,school,bully_rate_per_1k,2.8388928317956
Loudoun Valley High,school,bully_rate_per_1k,3.392705682782019
Gum Spring Middle,school,bully_rate_per_1k,2.770083102493075
Park View High,school,bully_rate_per_1k,0
Potomac Falls High,school,bully_rate_per_1k,2.3724792408066433
River Bend Middle,school,bully_rate_per_1k,10.824313072439637
Riverside High,school,bully_rate_per_1k,1.1396011396011396
Rock Ridge High,school,bully_rate_per_1k,0
Seneca Ridge Middle,school,bully_rate_per_1k,2.304147465437788
Smart's Mill Middle,school,bully_rate_per_1k,4.602991944764097
Sterling Middle,school,bully_rate_per_1k,2.1119324181626187
Stone Bridge High,school,bully_rate_per_1k,3.523194362889019
Stone Hill Middle,school,bully_rate_per_1k,5.159071367153913
Trailside Middle,school,bully_rate_per_1k,8.620689655172413
Tuscarora High,school,bully_rate_per_1k,4.854368932038835
W.O. Robey High,school,bully_rate_per_1k,0
Willard Middle,school,bully_rate_per_1k,2.4600246002460024
Woodgrove High,school,bully_rate_per_1k,1.9367333763718528
Louisa County High,school,bully_rate_per_1k,6.802721088435374
Louisa County Middle,school,bully_rate_per_1k,4.280821917808219
Central High — Lunenburg County,school,bully_rate_per_1k,2.0408163265306123
Lunenburg Middle,school,bully_rate_per_1k,15.015015015015017
E.C. Glass High,school,bully_rate_per_1k,2.3866348448687353
Heritage High — Lynchburg City,school,bully_rate_per_1k,0
Linkhorne Middle,school,bully_rate_per_1k,0
Paul Laurence Dunbar Middle for Innovation,school,bully_rate_per_1k,0
Sandusky Middle,school,bully_rate_per_1k,3.6832412523020257
Madison County High,school,bully_rate_per_1k,7.421150278293135
William H. Wetsel Middle,school,bully_rate_per_1k,4.938271604938271
Baldwin Intermediate,school,bully_rate_per_1k,0
Grace E. Metz Middle,school,bully_rate_per_1k,5.5762081784386615
Mayfield Intermediate,school,bully_rate_per_1k,6.968641114982578
Osbourn High,school,bully_rate_per_1k,0
Manassas Park High,school,bully_rate_per_1k,0
Manassas Park Middle,school,bully_rate_per_1k,6.587615283267457
Martinsville High,school,bully_rate_per_1k,0
Martinsville Middle,school,bully_rate_per_1k,2.5706940874035986
Mathews High,school,bully_rate_per_1k,0
Thomas Hunter Middle,school,bully_rate_per_1k,44.897959183673464
Mecklenburg County High,school,bully_rate_per_1k,0.8650519031141869
Mecklenburg County Middle,school,bully_rate_per_1k,22.058823529411764
Middlesex High,school,bully_rate_per_1k,8.426966292134832
St. Clare Walker Middle,school,bully_rate_per_1k,3.703703703703704
Auburn High,school,bully_rate_per_1k,0
Auburn Middle — Montgomery County,school,bully_rate_per_1k,32.467532467532465
Blacksburg High,school,bully_rate_per_1k,0
Blacksburg Middle,school,bully_rate_per_1k,12.060301507537687
Christiansburg High,school,bully_rate_per_1k,7.483629560336763
Christiansburg Middle,school,bully_rate_per_1k,9.174311926605505
Eastern Montgomery High,school,bully_rate_per_1k,11.494252873563218
Shawsville Middle,school,bully_rate_per_1k,4.716981132075471
Nelson County High,school,bully_rate_per_1k,0
Nelson Middle,school,bully_rate_per_1k,25.069637883008355
New Kent High,school,bully_rate_per_1k,1.7921146953405018
New Kent Middle,school,bully_rate_per_1k,2.4330900243309004
Achievable Dream Middle/High,school,bully_rate_per_1k,4.11522633744856
B.T. Washington Middle,school,bully_rate_per_1k,0
Crittenden Middle,school,bully_rate_per_1k,8.225616921269095
Denbigh High,school,bully_rate_per_1k,3.968253968253968
Ella J. Fitzgerald Middle,school,bully_rate_per_1k,1.0298661174047374
Ethel M. Gildersleeve Middle,school,bully_rate_per_1k,3.639672429481347
Heritage High — Newport News City,school,bully_rate_per_1k,0.9267840593141798
Homer L. Hines Middle,school,bully_rate_per_1k,3.541912632821724
Huntington Middle,school,bully_rate_per_1k,3.690036900369003
Mary Passage Middle,school,bully_rate_per_1k,4.0983606557377055
Menchville High,school,bully_rate_per_1k,1.7035775127768311
Warwick High,school,bully_rate_per_1k,0
Woodside High,school,bully_rate_per_1k,1.6519823788546255
Academy for Discovery at Lakewood,school,bully_rate_per_1k,5.47945205479452
Azalea Gardens Middle,school,bully_rate_per_1k,0
Blair Middle,school,bully_rate_per_1k,0.9328358208955224
Booker T Washington High,school,bully_rate_per_1k,0
Granby High,school,bully_rate_per_1k,0
Lake Taylor High,school,bully_rate_per_1k,0
Matthew Fontaine Maury High,school,bully_rate_per_1k,0
Northside Middle — Norfolk City,school,bully_rate_per_1k,0
Norview High,school,bully_rate_per_1k,1.0976948408342482
Norview Middle,school,bully_rate_per_1k,2.6041666666666665
Ruffner School,school,bully_rate_per_1k,5.555555555555555
Northampton High,school,bully_rate_per_1k,4.761904761904763
Northampton Middle,school,bully_rate_per_1k,4.524886877828055
Northumberland High,school,bully_rate_per_1k,21.108179419525065
Northumberland Middle,school,bully_rate_per_1k,0
J.I. Burton High,school,bully_rate_per_1k,18.9873417721519
Nottoway High,school,bully_rate_per_1k,1.86219739292365
Nottoway Intermediate,school,bully_rate_per_1k,0
Nottoway Middle,school,bully_rate_per_1k,0
Locust Grove Middle,school,bully_rate_per_1k,42.64705882352941
Orange County High,school,bully_rate_per_1k,4.781420765027322
Prospect Heights Middle,school,bully_rate_per_1k,6.696428571428571
Luray High,school,bully_rate_per_1k,0
Luray Middle,school,bully_rate_per_1k,36.78929765886288
Page County High,school,bully_rate_per_1k,13.64522417153996
Page County Middle,school,bully_rate_per_1k,21.021021021021024
Hardin Reynolds Memorial School,school,bully_rate_per_1k,10.050251256281408
Patrick County High,school,bully_rate_per_1k,2.4096385542168677
Petersburg High,school,bully_rate_per_1k,2.5619128949615715
Vernon Johns Middle,school,bully_rate_per_1k,6.659267480577136
Chatham High,school,bully_rate_per_1k,0
Chatham Middle,school,bully_rate_per_1k,0
Dan River High,school,bully_rate_per_1k,3.395585738539898
Dan River Middle,school,bully_rate_per_1k,8.908685968819599
Gretna High,school,bully_rate_per_1k,0
Gretna Middle,school,bully_rate_per_1k,0
Tunstall High,school,bully_rate_per_1k,1.176470588235294
Tunstall Middle,school,bully_rate_per_1k,0
Poquoson High,school,bully_rate_per_1k,0
Poquoson Middle,school,bully_rate_per_1k,4.106776180698152
Churchland High,school,bully_rate_per_1k,0
Churchland Middle,school,bully_rate_per_1k,7.142857142857142
Cradock Middle,school,bully_rate_per_1k,11.40684410646388
I.C. Norcom High,school,bully_rate_per_1k,2.9211295034079843
Manor High,school,bully_rate_per_1k,0.8568980291345331
William E. Waters Middle,school,bully_rate_per_1k,16.014234875444842
Powhatan High,school,bully_rate_per_1k,0.7220216606498194
Powhatan Middle,school,bully_rate_per_1k,1.0183299389002036
Prince Edward County High,school,bully_rate_per_1k,0
Prince Edward Middle,school,bully_rate_per_1k,27.29044834307992
J.E.J. Moore Middle,school,bully_rate_per_1k,3.5842293906810037
Prince George High,school,bully_rate_per_1k,0
Battlefield High,school,bully_rate_per_1k,0.9350163627863488
Brentsville District High,school,bully_rate_per_1k,0
Bull Run Middle,school,bully_rate_per_1k,0.9140767824497258
C.D. Hylton High,school,bully_rate_per_1k,0
Charles J. Colgan Sr. High,school,bully_rate_per_1k,0.6779661016949153
E.H. Marsteller Middle,school,bully_rate_per_1k,3.3840947546531304
Forest Park High,school,bully_rate_per_1k,0.8591065292096219
Fred M. Lynn Middle,school,bully_rate_per_1k,2.059732234809475
Freedom High — Prince William County,school,bully_rate_per_1k,5.108556832694764
Gainesville High,school,bully_rate_per_1k,0
Gainesville Middle,school,bully_rate_per_1k,3.6656891495601176
Gar-Field High,school,bully_rate_per_1k,0.778816199376947
George M. Hampton Middle,school,bully_rate_per_1k,4.7225501770956315
Graham Park Middle,school,bully_rate_per_1k,2.9197080291970803
Herbert J. Saunders Middle,school,bully_rate_per_1k,12.479201331114808
Lake Ridge Middle,school,bully_rate_per_1k,0.7112375533428166
Louise A. Benton Middle,school,bully_rate_per_1k,2.943340691685062
Osbourn Park High,school,bully_rate_per_1k,0.3644314868804665
Parkside Middle,school,bully_rate_per_1k,0
Patriot High,school,bully_rate_per_1k,0
Potomac High,school,bully_rate_per_1k,1.3799448022079115
Potomac Middle,school,bully_rate_per_1k,2.028397565922921
Potomac Shores Middle,school,bully_rate_per_1k,17.929910350448246
Rippon Middle,school,bully_rate_per_1k,2.5510204081632653
Ronald Wilson Reagan Middle,school,bully_rate_per_1k,6.696428571428571
Stuart M. Beville Middle,school,bully_rate_per_1k,1.777777777777778
Unity Braxton Middle,school,bully_rate_per_1k,6.809338521400778
Unity Reed High,school,bully_rate_per_1k,1.8399264029438824
Woodbridge High,school,bully_rate_per_1k,0
Woodbridge Middle,school,bully_rate_per_1k,6.688963210702341
Pulaski County Middle,school,bully_rate_per_1k,5.018820577164366
Pulaski County Senior High,school,bully_rate_per_1k,9.235936188077249
John N. Dalton Intermediate,school,bully_rate_per_1k,41.666666666666664
Radford High,school,bully_rate_per_1k,9.9009900990099
Rappahannock County High,school,bully_rate_per_1k,19.48051948051948
Albert Hill Middle,school,bully_rate_per_1k,2.0242914979757085
Armstrong High,school,bully_rate_per_1k,10.144927536231885
Dogwood Middle,school,bully_rate_per_1k,30.69053708439898
Franklin Military Academy,school,bully_rate_per_1k,0
Thomas H. Henderson Middle,school,bully_rate_per_1k,8.869179600886918
Huguenot High,school,bully_rate_per_1k,1.3253810470510272
John Marshall High,school,bully_rate_per_1k,1.6051364365971108
Lucille M. Brown Middle,school,bully_rate_per_1k,7.380073800738007
Martin Luther King Jr. Middle,school,bully_rate_per_1k,6.048387096774193
Open High,school,bully_rate_per_1k,5.714285714285714
Richmond Success Academy,school,bully_rate_per_1k,0
Richmond Career Education and Employment Charter School,school,bully_rate_per_1k,26.31578947368421
Richmond Community High,school,bully_rate_per_1k,0
Richmond High School for the Arts,school,bully_rate_per_1k,2.3219814241486065
River City Middle,school,bully_rate_per_1k,20.390824129141887
Thomas C. Boushall Middle,school,bully_rate_per_1k,1.6207455429497568
Thomas Jefferson High,school,bully_rate_per_1k,7.682458386683739
Rappahannock High,school,bully_rate_per_1k,0
Addison Aerospace Magnet Middle,school,bully_rate_per_1k,4.123711340206186
Breckinridge Middle,school,bully_rate_per_1k,0
James Madison Middle,school,bully_rate_per_1k,10.714285714285714
John P. Fishwick Middle,school,bully_rate_per_1k,0
Patrick Henry High — Roanoke City,school,bully_rate_per_1k,1.4763779527559056
William Fleming High,school,bully_rate_per_1k,0.5205622071837585
Woodrow Wilson Middle,school,bully_rate_per_1k,2.886002886002886
Cave Spring High,school,bully_rate_per_1k,0.930232558139535
Cave Spring Middle,school,bully_rate_per_1k,1.3315579227696406
Glenvar High,school,bully_rate_per_1k,0
Glenvar Middle,school,bully_rate_per_1k,2.3584905660377355
Hidden Valley High,school,bully_rate_per_1k,0
Hidden Valley Middle,school,bully_rate_per_1k,1.7605633802816902
Northside High,school,bully_rate_per_1k,0
Northside Middle — Roanoke County,school,bully_rate_per_1k,6.546644844517186
William Byrd High,school,bully_rate_per_1k,0.8865248226950354
William Byrd Middle,school,bully_rate_per_1k,7.308160779537149
Maury River Middle,school,bully_rate_per_1k,6.5359477124183005
Rockbridge County High,school,bully_rate_per_1k,7.246376811594203
Broadway High,school,bully_rate_per_1k,1.0964912280701753
East Rockingham High,school,bully_rate_per_1k,5.012531328320802
Elkton Middle,school,bully_rate_per_1k,8.223684210526315
J. Frank Hillyard Middle,school,bully_rate_per_1k,0
Montevideo Middle,school,bully_rate_per_1k,4.846526655896607
Spotswood High,school,bully_rate_per_1k,0
Turner Ashby High,school,bully_rate_per_1k,0
Wilbur S. Pence Middle,school,bully_rate_per_1k,1.4903129657228018
Castlewood High,school,bully_rate_per_1k,0
Honaker High,school,bully_rate_per_1k,0
Lebanon High,school,bully_rate_per_1k,0
Lebanon Middle,school,bully_rate_per_1k,0
Andrew Lewis Middle,school,bully_rate_per_1k,1.176470588235294
Salem High — Salem City,school,bully_rate_per_1k,1.6488046166529269
Gate City High,school,bully_rate_per_1k,1.6474464579901154
Gate City Middle,school,bully_rate_per_1k,0
Rye Cove High,school,bully_rate_per_1k,0
Rye Cove Intermediate,school,bully_rate_per_1k,0
Twin Springs High,school,bully_rate_per_1k,0
Central High — Shenandoah County,school,bully_rate_per_1k,0
Stonewall Jackson High,school,bully_rate_per_1k,0
North Fork Middle,school,bully_rate_per_1k,5.571030640668524
Peter Muhlenberg Middle,school,bully_rate_per_1k,10.02004008016032
Signal Knob Middle,school,bully_rate_per_1k,9.950248756218905
Strasburg High,school,bully_rate_per_1k,0
Chilhowie High,school,bully_rate_per_1k,0
Chilhowie Middle,school,bully_rate_per_1k,13.559322033898304
Marion Middle,school,bully_rate_per_1k,7.712082262210797
Marion Senior High,school,bully_rate_per_1k,0
Northwood High,school,bully_rate_per_1k,4.3478260869565215
Northwood Middle,school,bully_rate_per_1k,36.58536585365854
Southampton High,school,bully_rate_per_1k,6.648936170212766
Southampton Middle,school,bully_rate_per_1k,35.714285714285715
Battlefield Middle,school,bully_rate_per_1k,2.6143790849673203
Chancellor High,school,bully_rate_per_1k,0
Chancellor Middle,school,bully_rate_per_1k,5.056890012642225
Courtland High,school,bully_rate_per_1k,2.67022696929239
Freedom Middle,school,bully_rate_per_1k,1.3280212483399734
Massaponax High,school,bully_rate_per_1k,1.749271137026239
Ni River Middle,school,bully_rate_per_1k,2.797202797202797
Post Oak Middle,school,bully_rate_per_1k,2.8129395218002813
Riverbend High,school,bully_rate_per_1k,0
Spotsylvania High,school,bully_rate_per_1k,1.5060240963855422
Spotsylvania Middle,school,bully_rate_per_1k,0
Thornburg Middle,school,bully_rate_per_1k,6.802721088435374
Andrew G. Wright Middle,school,bully_rate_per_1k,13.064133016627078
Brooke Point High,school,bully_rate_per_1k,0
Colonial Forge High,school,bully_rate_per_1k,0.5022601707684581
Donald B. Dixon-Lyle R. Smith Middle,school,bully_rate_per_1k,4.550625711035267
Edward E. Drew Jr. Middle,school,bully_rate_per_1k,3.327787021630616
H.H. Poole Middle,school,bully_rate_per_1k,2.923976608187134
Mountain View High — Stafford County,school,bully_rate_per_1k,4.076086956521739
North Stafford High,school,bully_rate_per_1k,1.460564751703992
Rodney E. Thompson Middle,school,bully_rate_per_1k,1.936108422071636
Shirley C. Heim Middle,school,bully_rate_per_1k,0
Stafford Middle,school,bully_rate_per_1k,0
Stafford Senior High,school,bully_rate_per_1k,3.589053387169134
T. Benton Gayle Middle,school,bully_rate_per_1k,7.534983853606028
Shelburne Middle,school,bully_rate_per_1k,50.93378607809847
Staunton High,school,bully_rate_per_1k,13.924050632911392
Colonel Fred Cherry Middle,school,bully_rate_per_1k,2.7472527472527473
Forest Glen Middle,school,bully_rate_per_1k,0
John F. Kennedy Middle,school,bully_rate_per_1k,5.4945054945054945
John Yeates Middle,school,bully_rate_per_1k,3.8684719535783367
King's Fork High,school,bully_rate_per_1k,1.2004801920768309
King's Fork Middle,school,bully_rate_per_1k,1.016260162601626
Lakeland High,school,bully_rate_per_1k,1.8744142455482664
Nansemond River High,school,bully_rate_per_1k,0.5948839976204641
Luther P. Jackson Middle,school,bully_rate_per_1k,24.03846153846154
Surry County High,school,bully_rate_per_1k,0
Sussex Central High,school,bully_rate_per_1k,9.345794392523365
Sussex Central Middle,school,bully_rate_per_1k,8.88888888888889
Graham High,school,bully_rate_per_1k,0
Graham Middle,school,bully_rate_per_1k,0
Richlands High,school,bully_rate_per_1k,0
Richlands Middle,school,bully_rate_per_1k,14.8619957537155
Tazewell High,school,bully_rate_per_1k,1.9646365422396856
Tazewell Middle,school,bully_rate_per_1k,2.6455026455026456
Bayside High,school,bully_rate_per_1k,2.0060180541624875
Bayside Middle,school,bully_rate_per_1k,18.51851851851852
Brandon Middle,school,bully_rate_per_1k,0.9765625
Corporate Landing Middle,school,bully_rate_per_1k,7.6923076923076925
First Colonial High,school,bully_rate_per_1k,0
Floyd Kellam High,school,bully_rate_per_1k,4.219409282700422
Frank W. Cox High,school,bully_rate_per_1k,0
Great Neck Middle,school,bully_rate_per_1k,8.4985835694051
Green Run Collegiate,school,bully_rate_per_1k,0
Green Run High,school,bully_rate_per_1k,0.6887052341597797
Independence Middle — Virginia Beach City,school,bully_rate_per_1k,0
Kempsville High,school,bully_rate_per_1k,0.9718172983479104
Kempsville Middle,school,bully_rate_per_1k,2.8449502133712663
Landstown High,school,bully_rate_per_1k,1.8050541516245489
Landstown Middle,school,bully_rate_per_1k,0.7886435331230284
Larkspur Middle,school,bully_rate_per_1k,16.857720836142953
Lynnhaven Middle,school,bully_rate_per_1k,17.955801104972377
Ocean Lakes High,school,bully_rate_per_1k,1.6492578339747117
Old Donation School,school,bully_rate_per_1k,0.7429420505200593
Plaza Middle,school,bully_rate_per_1k,1.893939393939394
Princess Anne High,school,bully_rate_per_1k,0
Princess Anne Middle,school,bully_rate_per_1k,3.750937734433608
Salem High — Virginia Beach City,school,bully_rate_per_1k,0
Salem Middle,school,bully_rate_per_1k,2.7247956403269753
Tallwood High,school,bully_rate_per_1k,0
Virginia Beach Middle,school,bully_rate_per_1k,0
Skyline High,school,bully_rate_per_1k,14.739229024943311
Skyline Middle — Warren County,school,bully_rate_per_1k,25.906735751295336
Warren County High,school,bully_rate_per_1k,7.334963325183374
Warren County Middle,school,bully_rate_per_1k,11.320754716981131
Abingdon High,school,bully_rate_per_1k,0
Damascus Middle,school,bully_rate_per_1k,0
E.B. Stanley Middle,school,bully_rate_per_1k,4.518072289156627
Glade Spring Middle,school,bully_rate_per_1k,0
Holston High,school,bully_rate_per_1k,0
John S. Battle High,school,bully_rate_per_1k,0
Patrick Henry High — Washington County,school,bully_rate_per_1k,15.306122448979592
Wallace Middle,school,bully_rate_per_1k,21.07728337236534
Kate Collins Middle,school,bully_rate_per_1k,1.6025641025641024
Waynesboro High,school,bully_rate_per_1k,0
West Point Middle/High,school,bully_rate_per_1k,0
Montross Middle,school,bully_rate_per_1k,0
Westmoreland High,school,bully_rate_per_1k,2.0242914979757085
Berkeley Middle,school,bully_rate_per_1k,0
James Blair Middle,school,bully_rate_per_1k,0
Jamestown High,school,bully_rate_per_1k,0.8110300081103001
Lafayette High,school,bully_rate_per_1k,0
Lois Hornsby Middle,school,bully_rate_per_1k,2.4783147459727384
Toano Middle,school,bully_rate_per_1k,2.857142857142857
Warhill High,school,bully_rate_per_1k,0
Daniel Morgan Intermediate,school,bully_rate_per_1k,8.333333333333334
Daniel Morgan Middle,school,bully_rate_per_1k,0
John Handley High,school,bully_rate_per_1k,0.7380073800738007
Central High — Wise County,school,bully_rate_per_1k,1.5082956259426847
Coeburn Middle,school,bully_rate_per_1k,11.83431952662722
Eastside High,school,bully_rate_per_1k,10.15228426395939
L.F. Addington Middle,school,bully_rate_per_1k,22.004889975550125
Union High,school,bully_rate_per_1k,29.98236331569665
Union Middle,school,bully_rate_per_1k,38.664323374340945
Fort Chiswell High,school,bully_rate_per_1k,11.60092807424594
Fort Chiswell Middle,school,bully_rate_per_1k,6.5359477124183005
George Wythe High,school,bully_rate_per_1k,8.88888888888889
Rural Retreat High,school,bully_rate_per_1k,9.67741935483871
Rural Retreat Middle,school,bully_rate_per_1k,0
Scott Memorial Middle,school,bully_rate_per_1k,3.278688524590164
Bruton High,school,bully_rate_per_1k,5.427408412483039
Grafton High,school,bully_rate_per_1k,1.6273393002441008
Grafton Middle,school,bully_rate_per_1k,16.42935377875137
Queens Lake Middle,school,bully_rate_per_1k,5.291005291005291
Tabb High,school,bully_rate_per_1k,3.5366931918656053
Tabb Middle,school,bully_rate_per_1k,2.059732234809475
York High,school,bully_rate_per_1k,2.0242914979757085
York River Academy,school,bully_rate_per_1k,14.084507042253522
Yorktown Middle,school,bully_rate_per_1k,1.5337423312883436
