s_num,pct_no_particpate,pct_no_adult,pct_offered_drugs,pct_bullied,pct_bullied_others,pct_cyberbully,pct_cyberbully_others,pct_sexual_comment,pct_sad_activity,pct_sad_adult,pct_consider_sui,pct_asked_help,pct_plan_sui,pct_tell_adult,pct_sui_training,avg_sui_attempts,avg_peer_rel,avg_adult_rel,avg_worry_violence,avg_bully_prob,avg_envi,locality_grouping,yr,region_name,division_name,school_name
46510,21.153623188405795,6.611594202898551,9.708695652173914,27.108695652173914,7.076811594202899,30.87391304347826,9.043478260869565,34.142028985507245,35.643478260869564,40.86521739130435,12.19855072463768,38.71449275362319,54.82028985507247,74.71449275362319,15.904347826086957,2.1338235294117647,4.127536231884058,4.527536231884058,2.8768115942028984,3.542028985507246,3.544927536231884,region,2023,Central Virginia,NA,NA
57310,21.617272727272727,5.640909090909091,8.676363636363636,28.202727272727273,6.277272727272727,30.596363636363638,8.965454545454545,35.20545454545454,38.121818181818185,40.95454545454545,14.350909090909092,32.71545454545455,61.26090909090909,74.63909090909091,15.081818181818182,2.0836363636363635,4.088181818181818,4.538181818181818,2.8454545454545457,3.5518181818181818,3.5245454545454544,region,2023,Tidewater,NA,NA
29391,22.437037037037037,6.407407407407407,8.9,32.52777777777778,8.366666666666667,34.964814814814815,9.612962962962962,37.10925925925926,40.33518518518518,39.846296296296295,13.085185185185185,32.47962962962963,58.25925925925926,75.11666666666666,13.892592592592592,1.9814814814814814,4.157407407407407,4.5018518518518515,2.7796296296296297,3.637037037037037,3.4944444444444445,region,2023,Northern Neck,NA,NA
142267,15.844491525423729,6.002118644067797,4.963559322033898,21.495338983050846,4.313983050847458,23.369915254237288,6.132627118644067,28.28220338983051,28.505084745762712,42.03389830508475,9.134322033898306,31.959745762711865,52.28347457627119,77.96398305084746,12.07542372881356,1.8427350427350428,4.503813559322034,4.817372881355932,2.360169491525424,2.8690677966101696,4.081355932203389,region,2023,Northern Virginia,NA,NA
32712,19.635384615384616,5.733846153846153,8.943076923076923,30.184615384615384,6.0892307692307694,32.02923076923077,7.76,34.34307692307692,35.45230769230769,43.03846153846154,11.864615384615385,38.66923076923077,54.57076923076923,77.05846153846154,12.901538461538461,1.9861538461538462,4.3076923076923075,4.655384615384615,2.586153846153846,3.3953846153846152,3.7553846153846155,region,2023,Valley,NA,NA
27423,21.01607142857143,5.926785714285715,8.612499999999999,31.835714285714285,6.994642857142857,32.72857142857143,7.5303571428571425,33.519642857142856,35.46964285714286,43.48392857142857,12.725,36.44285714285714,55.080357142857146,78.69464285714285,14.378571428571428,1.9446428571428571,4.273214285714285,4.696428571428571,2.657142857142857,3.482142857142857,3.75,region,2023,Western Virginia,NA,NA
20185,21.35348837209302,5.569767441860465,8.689534883720931,31.445348837209302,6.496511627906977,31.47325581395349,6.544186046511628,33.31744186046512,35.95232558139535,46.80232558139535,13.034883720930232,34.49418604651163,59.473255813953486,79.99767441860465,12.604651162790697,1.98,4.415116279069768,4.847674418604651,2.441860465116279,3.2174418604651165,3.988372093023256,region,2023,Southwest,NA,NA
7084,23.117391304347827,7.252173913043478,10.726086956521739,34.208695652173915,8.365217391304348,35.75217391304348,9.891304347826088,36.96086956521739,39.7,39.76521739130435,14.08695652173913,38.41304347826087,64.85652173913043,74.68260869565218,13.321739130434782,2.3130434782608695,4.052173913043478,4.5,2.8956521739130436,3.8173913043478263,3.4521739130434783,region,2023,Southside,NA,NA
74,17.166666666666668,6.8,25.866666666666667,33.766666666666666,32.06666666666666,23.333333333333332,11.133333333333333,42.53333333333333,29.566666666666666,31,22.633333333333333,68.16666666666667,59.833333333333336,74.7,26.1,2,3.6,4.3999999999999995,2.2666666666666666,3.4,4.033333333333333,region,2023,NA,NA,NA
3744,20.9,8.1,14.9,29.3,9.5,37.4,13.6,33.7,37.4,36.5,12.1,46.9,58,69.8,17.2,2.4,4,4.3,2.8,3.6,3.4,region,2023,NA,NA,NA
36373,16.5,5,12.7,11.8,3.8,21.9,5.6,28,43.6,39.4,14.5,36.1,56.9,71.5,18.2,1.2,4,4.5,2.8,3.3,3.6,region,2022,Tidewater,NA,NA
19531,16.2,4.7,14,14.9,4.1,25.2,5.9,30.6,42.3,44.4,13.6,39.4,56.9,74.6,17.7,1.1,4.2,4.5,2.6,3.4,3.7,region,2022,Valley,NA,NA
79484,14.4,5.1,11,9.3,2.9,17.7,5.1,23.6,35.3,45.8,10.6,40.9,53.4,77,27.5,1,4.4,4.6,2.4,3,4,region,2022,Northern Virginia,NA,NA
16756,17.2,4.6,15.9,17.2,5.6,29.6,6.9,31.4,44.5,42.5,15.8,39.7,59.8,74.1,19.9,1.2,4.1,4.5,2.6,3.5,3.6,region,2022,Western Virginia,NA,NA
5466,17.3,6.1,13.7,18.3,5,27.7,7.1,29.8,43.7,37.5,15.5,36.2,61.6,72,15.5,1.3,3.9,4.3,2.9,3.7,3.2,region,2022,Southside,NA,NA
1254,8.8,0.7,4.6,6.9,1.4,14,3.5,20.7,41.1,61,11.7,60.5,55.8,83.3,50.7,0.8,5,5.1,1.3,1.9,4.8,region,2022,NA,NA,NA
11596,18.9,4.1,17,21.6,5.2,33,5.8,32.8,44.5,46.1,14.5,39.1,59.4,78.7,18,1.2,4.2,4.6,2.5,3.5,3.7,region,2022,Southwest,NA,NA
18637,16.6,5.9,15,14.1,4.3,25.3,6.1,32.2,44.5,41.3,14.3,35.5,57.5,73.5,21.8,1.1,4.1,4.4,2.7,3.3,3.6,region,2022,Northern Neck,NA,NA
28147,14.6,5.4,12.2,11.2,3.4,20.5,6,26.2,38.3,43.6,12,41.4,55.5,75.2,23.9,1.2,4.2,4.5,2.7,3.2,3.7,region,2022,Central Virginia,NA,NA
218,11,2,3.8,7.8,0.9,9.6,4.6,23.4,38.1,53.2,13.3,41.4,62.1,77.5,23.4,1.2,4.5,5,1.5,2,4.7,region,2022,NA,NA,NA
173,10.3,3.3,8.7,7.5,6.9,24.3,7.5,16.8,33.5,47.4,14.5,16,80,79.8,14.5,1.2,4.8,5.2,2,2.6,4.5,region,2022,NA,NA,NA
749,6.4,3.8,3.8,5.9,1.9,7.6,2.1,10.3,29.5,46.2,7.2,42.6,64.8,78.4,21.9,0.6,4.9,5.1,1.5,2,4.9,region,2022,NA,NA,NA
303,20.7,4,12.4,19.8,14.9,25.7,7.9,22.8,37.6,42.6,19.8,45,50,71.3,18.8,1.6,3.6,4.7,2.7,3.1,3.5,region,2022,NA,NA,NA
919,16.8,7,7.7,14.8,4.2,23.6,4.9,21.3,37.9,36.6,13.2,42.1,64.5,76.8,14.8,1.4,4.1,4.5,2.4,3.4,3.8,division,2022,Tidewater,Accomack County Public Schools,NA
2438,15,3.2,13,9.4,2.3,17.7,5.6,30.8,42,47.5,12.6,38.6,51.6,73.6,16.2,1.1,4.4,4.6,2.7,3.1,3.9,division,2022,Valley,Albemarle County Public Schools,NA
2543,17.5,5.2,16.6,11,4.6,17.4,6.3,26,38.7,40,11.4,33.9,54.7,67.7,17,1,4.3,4.7,2.9,3.3,3.8,division,2022,Northern Virginia,Alexandria City High School,NA
375,23.2,5.9,19.1,18.7,8.3,38.4,6.1,35.5,49.3,40.5,17.9,28.4,64.2,79.5,16,0.9,3.8,4.1,2.7,3.8,3.1,division,2022,Western Virginia,Alleghany County Public Schools,NA
350,16.6,3.3,23.9,22.9,5.4,38.6,6.9,36.3,46.3,39.7,13.1,34.8,71.7,71.4,20.3,1.2,4,4.3,2.6,3.7,3.1,division,2022,Southside,Amelia County Public Schools,NA
733,19.6,5.5,14.2,19.9,4.6,28.8,6.3,34.2,45.4,38.1,14.6,40.2,68.2,73.1,14.5,1.2,4,4.4,2.7,3.7,3.4,division,2022,Valley,Amherst County Public Schools,NA
399,19.6,5.7,8.5,20.3,3.3,22.3,3,27.6,38.8,41.1,12.3,38.8,55.1,81.7,16.3,0.9,4.1,4.4,2.7,3.8,3.3,division,2022,Southside,Appomattox County Public Schools,NA
299,9.4,0.8,5.7,10.4,1,18.4,4.3,29.4,51.2,52.8,18.4,43.6,58.2,75.3,18.7,0.9,4.8,5,1.4,2.1,4.7,division,2022,NA,Appomattox Regional Governor's School,NA
3091,12,3.5,13.5,9.4,3,19.7,6.1,26.3,34.7,49.5,10.6,40.5,55.8,74.2,31.7,0.9,4.5,4.6,2.3,3,4.1,division,2022,Northern Virginia,Arlington County Public Schools,NA
1632,17.4,3.9,13.7,19.5,4.7,29.8,6.3,34.3,41.7,46.9,13.1,42.3,54.9,77.5,16.7,1.1,4.2,4.5,2.3,3.3,3.8,division,2022,Valley,Augusta County Public Schools,NA
132,21.3,2.8,19.7,21.2,8.3,37.9,7.6,34.1,53.8,56.8,16.7,18.2,59.1,75,13.6,1.1,4.3,4.7,2.2,3.2,3.8,division,2022,Valley,Bath County Public Schools,NA
2166,15.3,5.4,13.8,15.5,4.5,24.2,6.2,29.6,40.6,42.4,11,42.3,54.4,74.1,18.8,1.2,4.2,4.4,2.6,3.5,3.4,division,2022,Valley,Bedford County Public Schools,NA
59,23.8,0.7,19.6,37.3,0,28.8,1.7,37.3,47.5,57.6,22,23.1,46.2,81.4,25.4,0.5,4.3,4.7,2.3,3.6,3.9,division,2022,Southwest,Bland County Public Schools,NA
1243,16.6,3,20.3,18.8,6.5,34.3,7.3,32.3,43,44.2,15.8,41.1,59.9,74.3,19.4,1.3,4.2,4.6,2.2,3.4,3.7,division,2022,Western Virginia,Botetourt County Public Schools,NA
322,18.2,2.8,25.2,20.5,5.9,37.3,7.5,44.4,49.4,49.1,17.4,53.6,62.5,73,23.9,1.2,4.2,4.6,2.8,3.7,3.7,division,2022,Southwest,Bristol Public Schools,NA
257,10.9,5.3,11.5,15.2,4.3,31.9,10.5,31.9,43.2,37,18.3,21.3,63.8,68.1,17.5,1.4,3.8,4.5,2.5,3.5,3.5,division,2022,Southside,Brunswick County Public Schools,NA
489,15.8,4.7,12.9,14.1,5.3,27,8.6,21.5,36.6,44.2,11,37,59.3,81,20.7,1.5,4.4,4.7,2.2,2.9,4,division,2022,Southwest,Buchanan County Public Schools,NA
335,15,5,12,17.3,3.9,31.3,6.3,27.2,36.4,43,10.1,50,64.7,73.7,11.9,1,3.9,4.4,3,3.7,3.2,division,2022,Southside,Buckingham County Public Schools,NA
183,14.7,2,8.7,20.8,5.5,32.8,6.6,38.3,43.7,49.7,13.7,36,60,74.3,10.4,1.6,4.3,4.8,2.2,3.5,4,division,2022,Valley,Buena Vista Public Schools,NA
1755,16,4.3,11.4,17.8,3.4,28.3,4.9,32.5,40.9,47,12.3,43.7,51.6,81.9,24.4,1,4.2,4.5,2.4,3.5,3.7,division,2022,Valley,Campbell County Public Schools,NA
1033,18.8,8,15.7,15.6,6,31,7.6,32.6,47.2,38.5,12.3,32.3,53.5,72.7,21.4,1.4,3.9,4.1,3.1,3.7,3.1,division,2022,Northern Neck,Caroline County Public Schools,NA
737,18.5,7.1,17.4,22.4,6.1,34.6,6.4,34.6,40.2,44.6,11.1,29.3,53.7,77.1,15.2,1.1,4.1,4.5,2.6,3.8,3.4,division,2022,Southwest,Carroll County Public Schools,NA
123,12.3,7.1,16.7,29.3,8.1,35.8,17.1,32.5,44.7,35,19.5,20.8,66.7,65.9,23.6,1.4,3.7,4.1,2.9,4.1,3.1,division,2022,Central Virginia,Charles City County Public Schools,NA
375,18.7,3.9,14.5,20,5.9,32,8.3,30.7,39.7,43.2,14.1,39.6,58.5,78.1,22.1,1.4,4,4.6,2.4,3.5,3.6,division,2022,Southside,Charlotte County Public Schools,NA
904,12.2,4.1,15.2,10.2,2.2,21.5,4.4,29.3,42.7,50.4,12.2,36.4,60,72.2,25.2,0.9,4.3,4.5,2.7,3.2,3.7,division,2022,Valley,Charlottesville Public Schools,NA
9166,16.6,4.1,12.6,11.3,3.1,21.1,4.8,27.8,40.8,42,13.2,37.4,55.5,72.4,20.6,1.1,4.1,4.5,2.7,3.3,3.8,division,2022,Tidewater,Chesapeake Public Schools,NA
10372,14.2,5.9,11.8,9.7,2.8,17.7,5.2,24.4,37.2,44.9,10.4,46.8,54.2,76.8,23.3,1.2,4.2,4.5,2.6,3.1,3.8,division,2022,Central Virginia,Chesterfield County Public Schools,NA
514,16.3,3.7,16.2,13.8,6.6,24.9,7,31.9,38.1,41.2,10.9,44.6,50,70.4,13.4,1,4.3,4.5,2.5,3.3,3.7,division,2022,Northern Virginia,Clarke County Public Schools,NA
218,11,2,3.8,7.8,0.9,9.6,4.6,23.4,38.1,53.2,13.3,41.4,62.1,77.5,23.4,1.2,4.5,5,1.5,2,4.7,division,2022,NA,CodeRVA Regional High School,NA
NA,NA,NA,NA,NA,NA,NA,NA,NA,NA,NA,NA,NA,NA,NA,NA,NA,NA,NA,NA,NA,NA,division,2022,Central Virginia,Colonial Heights Public Schools,NA
175,15.9,3.8,11.4,18.3,8.6,33.1,5.7,32,37.7,50.9,12,33.3,76.2,76.6,16,1.4,4.1,4.6,2.5,3.5,3.6,division,2022,Western Virginia,Covington Public Schools,NA
128,13,4.3,7.8,18.8,3.9,35.2,4.7,22.7,41.4,35.9,13.3,29.4,70.6,73.4,17.2,1.1,4.4,4.6,2,3.3,3.7,division,2022,Western Virginia,Craig County Public Schools,NA
2099,20.8,7,17.9,17.9,5,27.3,7.1,32.3,42.4,37.2,14.2,35.1,55.2,70.3,16.3,1.2,3.9,4.2,3.2,3.7,3.2,division,2022,Northern Virginia,Culpeper County Public Schools,NA
253,17.8,3,17.9,30,8.3,39.5,8.3,40.3,56.5,44.7,23.7,43.3,60,72.3,20.2,1.3,3.9,4.5,3,3.6,3.5,division,2022,Southside,Cumberland County Public Schools,NA
1179,15.6,6.6,10.2,12.3,4,25.1,6.6,23.2,45.7,34.2,16.6,39.3,63.3,69.7,15.5,1.6,3.7,4.3,2.9,3.4,3.2,division,2022,Western Virginia,Danville Public Schools,NA
412,22.4,5.6,14.9,20.6,2.9,36.4,6.3,31.3,46.4,46.4,15.8,52.3,66.2,80.8,20.6,1.2,4.3,4.4,2.5,3.7,3.5,division,2022,Southwest,Dickenson County Public Schools,NA
878,19.9,5.3,16,18.9,5.1,31.7,9.7,32.9,46,40.5,16.5,37.2,60.7,70.3,16.7,1.1,3.8,4.2,2.8,3.7,3.2,division,2022,Central Virginia,Dinwiddie County Public Schools,NA
241,15.8,3.8,10.4,18.3,6.6,27.4,5.8,33.2,43.6,39,13.3,31.2,65.6,70.1,13.7,1.2,4,4.4,2.6,3.6,3.4,division,2022,Northern Neck,Essex County Public Schools,NA
34331,12.2,4.8,9.2,6.9,2.3,14.4,4.6,19,30.5,48.6,9.5,42.9,52.3,77.2,28.3,1,4.5,4.6,2.2,2.9,4.1,division,2022,Northern Virginia,Fairfax County Public Schools,NA
546,14.4,2,8.1,10.4,2.9,17.2,5.1,22.9,36.3,48.7,11.2,44.3,49.2,72,18.5,0.9,4.6,4.7,1.7,2.8,4.3,division,2022,Northern Virginia,Falls Church Public Schools,NA
2709,16.7,4.8,16.5,17.1,5.5,26.4,6.3,31.3,41.2,39.6,14,38.8,57,74.2,25.7,1.2,4.2,4.4,2.5,3.3,3.8,division,2022,Northern Virginia,Fauquier County Public Schools,NA
475,19.4,4.1,19.9,20.4,7.8,37.5,6.9,32.2,50.7,39.6,19.8,33,55.3,65.3,18.5,1.2,4.1,4.3,2.2,3.5,3.6,division,2022,Western Virginia,Floyd County Public Schools,NA
820,13.2,4,18.1,15.4,3.7,27.2,5.5,31.3,45.4,41.6,15.9,37.7,50,78.4,16.6,0.9,4,4.4,3,3.6,3.4,division,2022,Valley,Fluvanna County Public Schools,NA
NA,NA,NA,NA,NA,NA,NA,NA,NA,NA,NA,NA,NA,NA,NA,NA,NA,NA,NA,NA,NA,NA,division,2022,Western Virginia,Franklin County Public Schools,NA
230,12.7,2.4,6.7,10,3.9,26.1,3.5,21.7,41.7,33.9,11.3,57.7,46.2,70,13.9,1.1,3.9,4.5,2.3,3,3.7,division,2022,Tidewater,Franklin Public Schools,NA
2444,19.7,5.9,14.5,15,3.9,26,5.8,33.9,44.6,40.7,14.4,34.6,55,72.7,18.6,1.2,4.2,4.5,2.5,3.4,3.7,division,2022,Northern Virginia,Frederick County Public Schools,NA
NA,NA,NA,NA,NA,NA,NA,NA,NA,NA,NA,NA,NA,NA,NA,NA,NA,NA,NA,NA,NA,NA,division,2022,Northern Neck,Fredericksburg Public Schools,NA
312,17.5,5,11.4,14.1,5.4,26,6.7,22.8,45.5,44.6,10.9,47.1,55.9,81.1,17.9,1.3,4.2,4.5,2.2,3.2,3.7,division,2022,Southwest,Galax Public Schools,NA
710,16.9,4.3,15.4,25.8,8.9,35.6,5.6,33.5,43.5,42.8,13.8,45.9,64.3,78.6,21,1.3,4.2,4.6,2.4,3.6,3.7,division,2022,Southwest,Giles County Public Schools,NA
1056,20.1,5.9,27.5,17.5,6.2,34.1,9,40.9,49.1,39.9,18.5,32.8,62.1,68.4,22.9,1.2,3.9,4,3.1,3.9,3,division,2022,Northern Neck,Gloucester County Public Schools,NA
625,14.3,2.5,19.9,18.4,5.1,32,8.3,38.9,45.6,46.2,17.6,42.7,53.6,77,22.1,1.4,4.3,4.6,2.5,3.3,3.7,division,2022,Central Virginia,Goochland County Public Schools,NA
NA,NA,NA,NA,NA,NA,NA,NA,NA,NA,NA,NA,NA,NA,NA,NA,NA,NA,NA,NA,NA,NA,division,2022,NA,Governor's School for the Arts,NA
311,21.1,3.6,19.6,25.7,8.4,30.2,7.7,31.5,45.3,43.4,16.1,30,64,80.7,17.7,1.1,4.3,4.6,2.5,3.5,3.7,division,2022,Southwest,Grayson County Public Schools,NA
615,18.4,5.1,10.9,14.3,3.3,25.4,3.3,28.6,41.5,44.2,15,39.1,47.8,77.9,11.5,1,4.2,4.5,2.4,3.4,3.7,division,2022,Valley,Greene County Public Schools,NA
354,14.8,7.4,7.8,11.6,4.5,20.9,5.6,22.9,42.1,31.9,16.7,30.5,57.6,67.5,13.3,1.3,3.5,4.1,3.4,3.6,2.7,division,2022,Southside,Greensville County Public Schools,NA
920,20.3,9,13,17.4,5.3,26.1,7.3,28.9,43.5,34.8,13.9,27.3,60.9,73.2,12.4,1.5,3.8,4.3,3.3,3.9,3,division,2022,Southside,Halifax County Public Schools,NA
2428,18.3,5.3,13.3,11.1,4.4,21.9,7,28.9,45.1,36.6,17.8,36.7,58.9,66.7,17.7,1.3,3.8,4.3,3.3,3.4,3.3,division,2022,Tidewater,Hampton Public Schools,NA
NA,NA,NA,NA,NA,NA,NA,NA,NA,NA,NA,NA,NA,NA,NA,NA,NA,NA,NA,NA,NA,NA,division,2022,Central Virginia,Hanover County Public Schools,NA
1219,19.9,8.5,13.4,8.9,3,21.1,5.4,24.9,42.3,40.9,15.3,34.8,57.2,70.5,15.1,0.9,4.1,4.7,2.8,3.1,4,division,2022,Valley,Harrisonburg Public Schools,NA
8912,13.9,5.3,11.2,10.1,3.6,18.6,6,25,35.7,43.6,10.8,42.3,51.8,76.8,29.8,1.1,4.3,4.6,2.8,3.2,3.9,division,2022,Central Virginia,Henrico County Public Schools,NA
1385,16.8,5.8,15.6,16.2,5.4,28.2,5.7,27.7,43.4,43.7,14.9,38.6,58,73.9,15.7,1.2,4.2,4.5,2.7,3.7,3.5,division,2022,Western Virginia,Henry County Public Schools,NA
44,15.2,0.8,15.9,27.3,11.4,36.4,4.5,22.7,31.8,50,9.1,50,50,84.1,22.7,1,4.7,4.7,1.8,2.7,3.8,division,2022,Valley,Highland County Public Schools,NA
NA,NA,NA,NA,NA,NA,NA,NA,NA,NA,NA,NA,NA,NA,NA,NA,NA,NA,NA,NA,NA,NA,division,2022,Central Virginia,Hopewell Public Schools,NA
688,15,4.2,10.9,15.3,3.8,27.8,5.7,29.8,42,45.2,11.2,39,54.5,74.3,17.4,1.2,4.2,4.6,2.6,3.4,3.6,division,2022,Tidewater,Isle of Wight County Public Schools,NA
173,10.3,3.3,8.7,7.5,6.9,24.3,7.5,16.8,33.5,47.4,14.5,16,80,79.8,14.5,1.2,4.8,5.2,2,2.6,4.5,division,2022,NA,Jackson River Technical Center,NA
139,13,3.9,15.2,23.7,10.1,28.1,4.3,29.5,38.1,42.4,9.4,15.4,61.5,76.3,15.8,1,4,4.6,2.2,3.5,3.6,division,2022,Northern Neck,King and Queen County Public Schools,NA
896,14.8,5.6,12.3,14,4.9,22.2,5.2,31.2,40.1,42.6,13.2,31.4,50,75.6,21.2,1.1,4.2,4.7,2.5,3.4,3.9,division,2022,Northern Neck,King George County Public Schools,NA
NA,NA,NA,NA,NA,NA,NA,NA,NA,NA,NA,NA,NA,NA,NA,NA,NA,NA,NA,NA,NA,NA,division,2022,Northern Neck,King William County Public Schools,NA
182,16,4.7,17.1,24.2,7.7,31.3,7.1,34.1,43.4,34.1,13.2,33.3,62.5,65.9,12.6,1.5,3.9,4.3,2.5,3.4,3.2,division,2022,Northern Neck,Lancaster County Public Schools,NA
412,20.6,7.1,22.9,24.3,6.6,38.3,6.8,37.1,45.9,37.1,18,39.2,58.1,78.4,17.7,1.2,4.2,4.3,2.8,3.9,3.2,division,2022,Southwest,Lee County Public Schools,NA
13274,11.9,3.3,8.4,8.6,2.2,17,4.3,23.2,33,50.8,8.3,46.5,49.6,81.8,33.1,0.9,4.5,4.7,2.2,2.8,4.2,division,2022,Northern Virginia,Loudoun County Public Schools,NA
1146,15.9,6.6,9.8,12.2,4.2,24.3,5.5,26.4,44.1,41.3,12.8,38.1,53.7,77.4,18.3,1.2,4.3,4.6,2.1,3.3,3.9,division,2022,Valley,Louisa County Public Schools,NA
371,20.1,7.5,17.5,19.7,4,30.2,6.7,30.2,44.2,37.5,14.8,34.5,63.6,69.3,14,1.2,4.1,4.5,2.7,3.5,3.5,division,2022,Southside,Lunenburg County Public Schools,NA
1336,14.6,5.3,12.3,13.5,5.4,23.1,6.5,28.2,41.5,40.3,13.5,38.9,58.9,67.7,16.5,1.1,4.1,4.4,2.7,3.4,3.6,division,2022,Valley,Lynchburg Public Schools,NA
NA,NA,NA,NA,NA,NA,NA,NA,NA,NA,NA,NA,NA,NA,NA,NA,NA,NA,NA,NA,NA,NA,division,2022,Northern Virginia,Madison County Public Schools,NA
667,9.5,0.5,5.2,4.9,1.6,13.3,3.9,20.5,32.7,63.6,7.3,75.5,53.1,84.7,75,0.6,5,5.1,1.2,1.9,4.7,division,2022,NA,Maggie L. Walker Governor's School,NA
831,19.9,8.2,16.8,11.3,4.9,20.9,6.4,27.7,48.3,34.9,11.9,29.3,58.6,69,14.8,1.2,4.1,4.6,2.6,3.2,3.8,division,2022,Northern Virginia,Manassas Park Public Schools,NA
NA,NA,NA,NA,NA,NA,NA,NA,NA,NA,NA,NA,NA,NA,NA,NA,NA,NA,NA,NA,NA,NA,division,2022,Northern Virginia,Manassas Public Schools,NA
460,16.5,4.4,13.4,15.9,6.1,25.9,7.6,28.9,45.4,37.2,17,42.3,61.5,70.9,13,1.4,3.9,4.4,2.8,3.6,3.4,division,2022,Western Virginia,Martinsville Public Schools,NA
190,15.7,1.9,12.2,22.1,5.8,31.6,3.7,32.6,56.3,49.5,16.3,41.9,61.3,84.2,21.1,1.1,4.3,4.6,2.2,3.5,3.5,division,2022,Northern Neck,Mathews County Public Schools,NA
1198,14.6,8.3,12.6,18.2,5.5,25.9,7.9,28.2,42.4,34.1,16.2,38.7,65.5,68.9,14.9,1.4,3.8,4.1,2.9,3.9,2.9,division,2022,Southside,Mecklenburg County Public Schools,NA
300,18.3,6.6,12,20.7,6.3,36,5.7,31.3,46.3,35.7,16.3,42.9,55.1,73.3,19.3,1.2,4,4.3,2.4,3.2,3.4,division,2022,Northern Neck,Middlesex County Public Schools,NA
2117,15.8,3.3,15.8,20.4,4.7,30.4,6.6,35.8,42.8,46.2,14.5,44.2,55.5,76.1,24.1,1,4.3,4.6,2.8,3.5,3.7,division,2022,Western Virginia,Montgomery County Public Schools,NA
407,13,5.3,12.1,11.5,2.2,19.4,5.7,20.9,29.5,43.5,7.4,60,56.7,77.4,13.3,1.4,4.2,4.5,2.8,3.4,3.6,division,2022,Valley,Nelson County Public Schools,NA
546,7.4,5.1,4.2,6.2,1.3,7.9,2.4,10.6,30.2,46.2,8.1,40.9,70.5,75.8,21.6,0.6,4.9,5.1,1.5,2,4.9,division,2022,NA,New Horizons - Butler Farm Campus,NA
816,15.5,4.5,16.2,16.2,4,31.6,5.5,32.6,44.6,41.8,15.3,28,52,70.2,19.6,1.4,4.1,4.4,2.5,3.5,3.5,division,2022,Central Virginia,New Kent County Public Schools,NA
4689,16.7,5.6,11.6,9.7,3.5,18.9,5.9,26.8,45.3,36.7,14.9,33.3,57.8,69.7,15.3,1.3,3.9,4.5,2.9,3.3,3.6,division,2022,Tidewater,Newport News Public Schools,NA
5111,17.3,5.8,15.4,12.7,4.6,21.8,6.4,28,44.1,35.6,15,32.2,58.6,67.1,16.5,1.5,3.9,4.4,3.1,3.4,3.4,division,2022,Tidewater,Norfolk Public Schools,NA
220,19.2,5.1,6.9,15,7.7,28.6,4.5,25.5,42.3,34.5,10.5,43.5,56.5,65.9,12.3,1.5,4.1,4.4,2.6,3.5,3.5,division,2022,Tidewater,Northampton County Public Schools,NA
199,19.1,3.1,16.1,14.6,5.5,28.6,4.5,27.1,39.7,45.7,12.6,32,64,72.4,15.1,1.2,4.1,4.6,2.5,3.4,3.9,division,2022,Northern Neck,Northumberland County Public Schools,NA
218,14.3,1.6,11.5,14.7,1.4,28.4,2.3,27.5,40.4,50.9,16.5,52.8,66.7,78.9,15.1,1.4,4.8,5.1,1.9,2.8,4.6,division,2022,Southwest,Norton Public Schools,NA
360,19.8,4.1,15.4,16.7,4.2,23.1,10.6,30,48.9,40.8,20.8,45.3,52,76.1,20.3,1.4,4,4.4,2.7,3.5,3.5,division,2022,Southside,Nottoway County Public Schools,NA
988,19.2,7.2,21.2,15.5,5.4,23.4,7,34.4,44.5,39.8,15.2,41.3,60.7,75.9,19.9,1.3,4,4.2,2.8,3.7,3.2,division,2022,Northern Virginia,Orange County Public Schools,NA
562,16.7,4.3,11.4,23.1,9.8,33.6,8,30.8,42,43.4,17.8,47,59,74.2,23.5,1.6,4.2,4.7,2.4,3.5,3.6,division,2022,Northern Virginia,Page County Public Schools,NA
612,16.9,4.8,12.7,20.6,6.9,33,6.5,29.6,43.1,38.7,14.2,35.6,64.4,74.2,14.7,1.2,4,4.4,2.6,3.4,3.5,division,2022,Western Virginia,Patrick County Public Schools,NA
421,16.3,8.2,9.8,10.5,4,18.3,6.4,24.5,40.6,34.7,14.5,19.7,70.5,67.5,11.4,1.8,3.5,4.4,3.4,3.7,2.8,division,2022,Central Virginia,Petersburg Public Schools,NA
144,4.8,2.6,2.1,4.9,2.1,8.3,2.1,4.9,44.4,56.9,6.9,50,60,89.6,13.9,1.3,5.1,5.3,1.1,1.6,4.9,division,2022,NA,Piedmont Governor's School,NA
2206,18.6,4.2,17.5,20.9,8.3,34.4,7.9,35,46.6,39.2,18.9,34.9,62.4,70.8,16.7,1.4,4,4.3,2.8,3.8,3.3,division,2022,Western Virginia,Pittsylvania County Public Schools,NA
689,16,4.1,12.5,14.7,4.8,24.8,4.6,31.3,42.2,45.7,13.2,39.6,54.9,79.4,15.7,0.9,4.2,4.5,2.2,3.4,3.7,division,2022,Tidewater,Poquoson Public Schools,NA
1863,16.5,5.8,12.2,11,3.4,22.3,5.9,26.8,46.2,37.5,15.7,31.8,57.5,71.3,14.4,1.3,3.9,4.5,3.1,3.5,3.4,division,2022,Tidewater,Portsmouth Public Schools,NA
803,14.3,4.3,16.6,17.4,4.5,30.6,6.7,34.9,36.2,45.7,12.8,44.7,57.3,82.7,28.6,0.8,4.3,4.5,2.6,3.5,3.7,division,2022,Central Virginia,Powhatan County Public Schools,NA
294,19.1,3.6,13.7,13.6,3.7,22.4,3.1,32.3,51.7,36.1,15.6,34.8,63,64.6,8.8,1.3,3.7,4.2,2.9,3.7,3,division,2022,Southside,Prince Edward County Public Schools,NA
1036,18.6,6.7,14.9,16,3.7,26.2,6.2,31.9,42.1,37.5,12.6,30.5,64.1,72.5,19.3,1.2,3.9,4.1,2.7,3.8,3.2,division,2022,Central Virginia,Prince George County Public Schools,NA
12249,18.3,8.3,12,8.8,2.7,18.2,5.1,26.3,41.9,39.2,12.5,38.2,54.8,78.3,29.2,1.1,4.2,4.5,2.7,3.1,3.9,division,2022,Northern Virginia,Prince William County Public Schools,NA
768,20.6,3.6,24.2,24.1,7.6,36.1,8.7,37.2,47,45.4,16,39,48,69.9,20.6,1.3,3.9,4.3,2.7,4,3.2,division,2022,Southwest,Pulaski County Public Schools,NA
NA,NA,NA,NA,NA,NA,NA,NA,NA,NA,NA,NA,NA,NA,NA,NA,NA,NA,NA,NA,NA,NA,division,2022,Southwest,Radford Public Schools,NA
155,9.9,1.5,11.6,17.4,5.2,32.3,7.7,28.4,35.5,46.5,11,41.2,58.8,78.7,29,0.5,4.2,4.7,2.3,3.1,4.2,division,2022,Northern Virginia,Rappahannock County Public Schools,NA
363,14.2,4.8,5.2,10.5,4.1,22,3.3,23.4,33.9,48.5,8.8,46.9,53.1,83.7,25.6,1.1,4.5,4.8,2,2.9,4.2,division,2022,Northern Neck,Richmond County Public Schools,NA
2152,14.1,5.9,9,7.7,3.7,17.6,6.2,20.2,41,37.3,14.9,34.4,58.8,67.1,14.1,1.4,3.9,4.7,2.5,2.9,3.8,division,2022,Central Virginia,Richmond Public Schools,NA
3434,17.2,3.7,16,16.3,4.8,28,6.9,30.5,43.8,46,14.9,42.9,59.3,77.5,29.1,1.1,4.3,4.6,2.3,3.3,3.8,division,2022,Western Virginia,Roanoke County Public Schools,NA
1996,18.2,8.6,14.9,11.5,4.5,23.2,6.8,28.8,45.6,41.7,14.2,38,58.1,72.9,14.1,1.2,4,4.4,3.1,3.5,3.5,division,2022,Western Virginia,Roanoke Public Schools,NA
807,18.1,4,22.4,21.2,6.7,32.6,6.3,38.7,48.6,42.9,17.6,36.6,67.6,71.3,15.4,1,4.1,4.2,2.8,3.9,3.2,division,2022,Valley,Rockbridge County Public Schools,NA
2246,17.3,4.8,14.9,16.7,5.2,27.1,6.5,30.2,42.1,45.4,14.3,40.4,60.9,75,18.6,1.1,4.3,4.6,2.5,3.3,3.8,division,2022,Valley,Rockingham County Public Schools,NA
760,15.9,3,16.7,18,3.4,30.1,6.2,29.7,38.8,49.6,10.1,27.3,61,83.7,15.5,1.3,4.4,4.7,2.7,3.4,3.8,division,2022,Southwest,Russell County Public Schools,NA
858,15,3.4,15.6,15.9,4.9,25.8,7.3,34.3,40.9,42.4,15.9,45.6,57.4,75.1,17.2,1.3,4.3,4.7,2.5,3.3,3.8,division,2022,Western Virginia,Salem Public Schools,NA
773,18.2,3.6,16.2,20.8,4.9,29.2,4.3,31.2,40.2,50.2,13.2,35.3,58.8,83.1,14.6,1.5,4.4,4.7,2.5,3.3,3.8,division,2022,Southwest,Scott County Public Schools,NA
1010,20.3,4.1,16.4,21.5,6.4,31.1,6,34.3,45.8,42,15.3,37.4,53.5,76.8,20.7,1.2,4,4.5,2.5,3.6,3.5,division,2022,Northern Virginia,Shenandoah County Public Schools,NA
805,20.6,5.7,16.9,22.2,4.8,36.8,5.3,36.4,47.3,43.6,15.9,42.2,67.2,80.1,18,1,4,4.5,2.9,3.8,3.3,division,2022,Southwest,Smyth County Public Schools,NA
502,21.3,7.2,12,21.7,6.4,31.7,4.2,30.3,47.8,32.1,13.7,26.1,52.2,65.9,13.3,1.1,3.7,4.1,3.2,3.8,2.9,division,2022,Tidewater,Southampton County Public Schools,NA
303,20.7,4,12.4,19.8,14.9,25.7,7.9,22.8,37.6,42.6,19.8,45,50,71.3,18.8,1.6,3.6,4.7,2.7,3.1,3.5,division,2022,NA,Southeastern Cooperative Educational Programs,NA
5379,18,5.9,19.5,15.3,4.7,26.4,7,35.5,46.5,39.9,16.3,35.8,54.8,72.4,20.9,1.2,4,4.4,2.8,3.5,3.5,division,2022,Northern Neck,Spotsylvania County Public Schools,NA
7648,15.1,6.3,11.2,11.4,3.1,22,5.1,29.6,43.3,42.3,13.2,36.2,58.5,74,23.6,1.1,4.2,4.5,2.6,3.1,3.9,division,2022,Northern Neck,Stafford County Public Schools,NA
495,17.2,3,13.2,14.3,3.4,29.3,7.3,34.1,44,47.1,16.8,41,59,74.5,18.4,1,4.1,4.6,3,3.5,3.6,division,2022,Valley,Staunton Public Schools,NA
3116,15.1,7.7,12.2,11.7,4.5,23.2,7.3,26.1,41.3,36.6,13.9,34.6,58.8,71.3,16.5,1.2,3.9,4.3,2.8,3.4,3.5,division,2022,Tidewater,Suffolk Public Schools,NA
159,11.6,5.8,12.7,15.1,4.4,30.2,6.9,28.3,45.3,42.8,19.5,19.4,64.5,70.4,8.8,1,4.1,4.3,2.1,2.8,3.6,division,2022,Central Virginia,Surry County Public Schools,NA
986,21.9,3.2,20.2,21.4,4.8,33.2,4.1,35.1,49.5,48,17.2,35.9,59.4,78.7,16,1,4.2,4.6,2.6,3.5,3.5,division,2022,Southwest,Tazewell County Public Schools,NA
NA,NA,NA,NA,NA,NA,NA,NA,NA,NA,NA,NA,NA,NA,NA,NA,NA,NA,NA,NA,NA,NA,division,2022,Tidewater,Virginia Beach Public Schools,NA
NA,NA,NA,NA,NA,NA,NA,NA,NA,NA,NA,NA,NA,NA,NA,NA,NA,NA,NA,NA,NA,NA,division,2022,Northern Virginia,Warren County Public Schools,NA
1555,20.1,3.7,17.4,24.2,4.3,34.9,5.5,36.1,48.8,47.5,14.9,37.7,55.4,77.8,18.6,1.1,4.3,4.6,2.4,3.4,3.8,division,2022,Southwest,Washington County Public Schools,NA
453,15.1,6.1,24.2,18.3,6.2,28,9.5,34,45.9,42.2,20.1,33,68.1,63.6,16.1,1.2,4,4.4,2.8,3.4,3.4,division,2022,Valley,Waynesboro Public Schools,NA
228,14.2,1.8,12.3,14.9,3.1,29.8,4.8,28.9,39.5,46.9,13.2,33.3,73.3,79.8,14.9,1.1,4.4,4.6,2.3,3.3,3.8,division,2022,Northern Neck,West Point Public Schools,NA
353,16.3,5.8,15.2,13,7.1,23.2,7.4,26.6,39.4,36.3,10.5,32.4,64.9,74.2,21.2,0.8,4,4.2,2.7,3.3,3.5,division,2022,Northern Neck,Westmoreland County Public Schools,NA
2488,16.4,4.1,15.8,13.7,4.4,26.8,6.7,34.8,49,39.9,16.6,37.6,54.1,72.1,23.2,1.1,4.2,4.4,2.8,3.4,3.7,division,2022,Tidewater,Williamsburg-James City County Public Schools,NA
751,16.8,6,14.8,13.4,4.7,24.6,9.3,34.1,45.4,35,15.6,41,59.8,67,16.9,1.1,4.1,4.4,2.7,3.3,3.7,division,2022,Northern Virginia,Winchester Public Schools,NA
703,17.7,4.4,9.3,17.8,1.8,28.4,4.7,25.7,40.3,47.7,13.2,29,65.6,80.7,14.9,1.2,4.4,4.8,2.2,3.2,4,division,2022,Southwest,Wise County Public Schools,NA
929,18.3,3.3,13.6,22.4,5.2,31.5,4.8,30.4,43.2,44.6,14.6,40.4,60.3,78.8,19.3,1.1,4.2,4.6,2.4,3.4,3.7,division,2022,Southwest,Wythe County Public Schools,NA
3169,15.4,4.3,11.8,10.8,2.9,21.1,4.5,28.1,46,42.5,15.2,39.8,56.3,76.7,20.5,1.2,4.3,4.6,2.2,3,4.1,division,2022,Tidewater,York County Public Schools,NA
791,22.2,8.1,8.6,24.5,5.6,30.5,8.1,32.2,36.4,36.3,14.8,35.9,65,76.9,10.5,2.1,4.1,4.5,2.6,3.5,3.7,division,2023,Tidewater,Accomack County Public Schools,NA
2214,16.4,4.6,8.7,21.5,4.6,26.7,7.5,31.8,29.9,40.7,9.4,42.8,47.1,76,11.3,2,4.4,4.7,2.5,3,3.9,division,2023,Valley,Albemarle County Public Schools,NA
1629,17.6,8.1,13.9,25.7,6.4,28.9,10,34.9,34.6,36.2,11.8,39.6,59.4,67.2,12.8,2,4.2,4.5,3,3.7,3.4,division,2023,Northern Virginia,Alexandria Public Schools,NA
496,22.3,6,8.7,37.3,7.9,42.1,8.5,34.1,36.5,45,11.9,32.2,55.9,84.1,14.1,1.8,4.2,4.7,3,3.9,3.5,division,2023,Western Virginia,Alleghany Highland Public Schools,NA
330,28.3,6.4,13.9,41.2,10.6,37.6,11.5,40.9,42.7,36.7,12.7,40.5,52.4,72.7,13.6,2.7,3.9,4.2,3.1,3.8,3.2,division,2023,Southside,Amelia County Public Schools,NA
595,20.8,5.7,10.3,32.1,7.4,35.5,10.6,33.1,35.8,40.8,12.8,44.7,61.8,75,16.3,2.2,4.2,4.6,2.7,3.6,3.7,division,2023,Valley,Amherst County Public Schools,NA
359,22.8,6.2,11.4,37.6,9.5,42.3,9.7,42.1,40.4,42.1,12.8,32.6,69.6,78.3,15.3,2.3,4.1,4.5,2.9,3.8,3.4,division,2023,Southside,Appomattox County Public Schools,NA
3661,14.6,6.1,4.5,14.6,2.8,20.2,6.3,26.1,25.6,41.7,7.5,32.2,51.4,79.5,17.8,1.8,4.6,4.8,2.5,3,4,division,2023,Northern Virginia,Arlington County Public Schools,NA
1462,19.5,7.2,8.4,37,6.8,36.8,7.4,35,37.5,40.8,11.4,38,54.8,79.1,11.3,2,4.2,4.5,2.6,3.7,3.5,division,2023,Valley,Augusta County Public Schools,NA
108,24.6,3.7,10.2,34.3,2.8,31.5,4.6,32.4,43.5,55.6,13,42.9,57.1,81.5,12,1.6,4.4,4.9,2.1,3,4.1,division,2023,Valley,Bath County Public Schools,NA
1630,19.8,5.3,11.4,29.8,6.3,33.5,9.6,36.3,35,41.4,11.6,41.6,54.2,79,15.3,2,4.4,4.7,2.9,3.7,3.7,division,2023,Valley,Bedford County Public Schools,NA
139,21.2,3.8,11.5,36,6.5,27.3,6.5,42.4,36,47.5,13.7,42.1,57.9,82,12.9,1.6,4.4,4.9,2.7,3.6,4,division,2023,Southwest,Bland County Public Schools,NA
867,16.4,4.4,5.1,29.3,4.6,30.1,5.2,29.8,28.7,47.1,10.3,38.2,66.3,84.8,8.1,1.9,4.5,4.9,2.3,3.2,4.1,division,2023,Western Virginia,Botetourt County Public Schools,NA
223,22.6,4.6,12.1,40.8,8.5,38.1,10.3,49.3,39,43.5,11.2,44,64,71.7,13.5,2.1,4.1,4.5,3,4,3.4,division,2023,Southwest,Bristol Public Schools,NA
403,19.7,4.7,6.9,25.1,7.2,31.3,6.7,32.3,30.3,51.6,11.2,13.3,60,78.9,12.7,1.6,4.5,4.9,2.3,3.1,4,division,2023,Southwest,Buchanan County Public Schools,NA
212,24.5,8.7,8,38.7,10.4,35.4,12.3,41,39.6,35.8,18.4,30.8,69.2,74.1,12.3,2.2,4,4.4,3.1,4,3.3,division,2023,Southside,Buckingham County Public Schools,NA
236,15.4,3.2,3.8,30.9,5.5,25,7.2,30.9,29.7,50.4,13.1,32.3,45.2,81.8,17.4,2,4.7,5.1,2,3.1,4.1,division,2023,Valley,Buena Vista Public Schools,NA
1257,20.3,6.8,7.2,35.4,6,32,7.4,36.5,36.4,38.6,12.6,33.3,62.3,77.4,12.7,2.1,4.3,4.6,2.6,3.8,3.6,division,2023,Valley,Campbell County Public Schools,NA
774,24.4,9.6,11.5,28.7,5.2,32.7,7.8,34.9,42.1,33.2,12.5,29.9,61.9,69.4,12.8,2,4,4.2,3.3,4,3.1,division,2023,Northern Neck,Caroline County Public Schools,NA
645,22.7,6.7,10.5,29.3,6.4,35.7,7,32.7,35.7,35,15,30.9,74.2,76.3,11.9,2.1,4.4,4.7,2.5,3.4,3.9,division,2023,Southwest,Carroll County Public Schools,NA
81,29,6.5,13.6,35.8,17.3,39.5,7.4,43.2,55.6,38.3,22.2,50,55.6,71.6,13.6,2,4,4.2,3,3.8,3.2,division,2023,Central Virginia,Charles City County Public Schools,NA
330,18.9,9.8,10.3,27.9,5.2,29.7,6.1,31.2,34.5,36.4,11.5,39.5,60.5,79.4,15.2,2.3,4.2,4.5,2.3,3.4,3.7,division,2023,Southside,Charlotte County Public Schools,NA
627,20.9,6.7,10.7,31.9,8.3,34.8,10.8,38.4,37.6,44.3,14,37.5,51.1,71.5,12.4,1.9,4.2,4.6,3,3.7,3.5,division,2023,Valley,Charlottesville Public Schools,NA
6625,21.1,4.7,6.2,27.1,4.5,26.5,6.1,33.9,35.2,40.2,12,31.1,58.4,78,13,1.9,4.3,4.7,2.7,3.5,3.8,division,2023,Tidewater,Chesapeake Public Schools,NA
8030,21.9,7,9.7,26.6,4.5,29.7,8.4,34.7,34.5,40.3,10.1,38.4,57.8,75.9,17.6,2,4.2,4.4,3,3.7,3.5,division,2023,Central Virginia,Chesterfield County Public Schools,NA
393,23.4,5.9,8.9,33.6,8.7,31,12.2,37.9,34.6,41.2,9.2,38.9,55.6,75.8,11.7,2.1,4.3,4.6,2.6,3.6,3.6,division,2023,Northern Virginia,Clarke County Public Schools,NA
121,16.5,5.6,6.6,33.1,11.6,35.5,11.6,28.1,47.1,43,11.6,42.9,35.7,82.6,9.9,2,4.2,4.6,2.3,3.3,3.7,division,2023,Northern Neck,Colonial Beach Public Schools,NA
396,23.5,5.4,7.6,27.8,6.6,35.9,7.3,40.2,41.2,38.4,15.4,34.4,47.5,72.5,13.9,1.9,4.1,4.7,2.8,3.6,3.6,division,2023,Central Virginia,Colonial Heights Public Schools,NA
78,16.7,2.6,11.5,46.2,12.8,34.6,9,37.2,30.8,41,14.1,45.5,18.2,74.4,20.5,1.5,4.2,4.4,2.6,3.5,3.6,division,2023,Western Virginia,Craig County Public Schools,NA
1670,22.9,8.5,8.9,23.4,6,26.5,8,28,37.4,43.6,13,32.7,61.3,76.1,15.7,2.1,4.2,4.6,2.6,3.6,3.8,division,2023,Northern Virginia,Culpeper County Public Schools,NA
181,19.1,7.6,13.8,30.4,5,32.6,8.3,31.5,33.7,38.7,12.7,56.5,56.5,75.7,11,2.5,4.2,4.6,2.8,3.6,3.7,division,2023,Southside,Cumberland County Public Schools,NA
908,24.4,7.8,12.8,31.5,7.8,33.7,9.3,35.9,40.3,36.8,16.3,42.6,60.8,72.7,16.5,2.5,3.8,4.4,3,3.8,3.4,division,2023,Western Virginia,Danville Public Schools,NA
342,24.1,9.8,8.5,29.8,4.1,38,5,32.7,38.3,48.2,13.5,30.4,67.4,78.9,19.9,2.2,4.3,4.6,2.4,3.6,3.8,division,2023,Southwest,Dickenson County Public Schools,NA
690,22.9,7.3,13.6,31.9,8.8,41.9,11.3,41.4,41.6,35.5,16.1,24.3,67.6,71.9,12,2.2,3.9,4.2,3.4,3.8,2.9,division,2023,Central Virginia,Dinwiddie County Public Schools,NA
173,18.6,3.1,15,32.9,5.8,38.7,7.5,35.8,40.5,37.6,16.8,31,69,71.7,10.4,1.6,4.1,4.4,3.1,3.9,3.3,division,2023,Northern Neck,Essex County Public Schools,NA
27649,13.3,5.8,5.7,16.6,3.4,21.2,6,25.5,24.8,40.9,7.5,34.1,53.1,78,15,1.8,4.5,4.8,2.4,2.9,4.1,division,2023,Northern Virginia,Fairfax County Public Schools,NA
506,13.7,4.6,1.6,11.7,1.4,19.8,4.2,23.5,23.1,40.5,5.7,37.9,37.9,81.4,11.1,1.3,4.7,4.8,2.1,2.7,4.3,division,2023,Northern Virginia,Falls Church Public Schools,NA
1943,19,5.8,8.6,31.9,7.1,31.6,7.4,35.5,32.9,40,10.3,38.8,58.2,76.3,9.7,1.8,4.4,4.6,2.5,3.4,3.8,division,2023,Northern Virginia,Fauquier County Public Schools,NA
310,23.1,4.7,3.5,36.8,4.2,32.6,6.5,31.3,31.6,47.1,10.3,37.5,50,79,14.2,1.7,4.4,5,2.4,3.2,4.1,division,2023,Western Virginia,Floyd County Public Schools,NA
672,22.6,7.9,7.9,29.2,5.1,33.8,6.1,32.1,36.2,43,11.2,41.3,48,78.3,15.3,1.8,4.2,4.6,2.8,3.5,3.7,division,2023,Valley,Fluvanna County Public Schools,NA
1102,22.1,6.3,13.3,33.8,10.6,37.7,8.9,39.7,39,43.9,14,38.3,61.7,75.9,14.8,2.2,4.2,4.5,2.9,3.8,3.5,division,2023,Western Virginia,Franklin County Public Schools,NA
172,21.5,7.8,13.4,34.9,11,40.7,15.7,35.5,41.9,37.8,18,48.4,64.5,64.5,14.5,2.4,3.7,4.3,2.8,3.7,2.9,division,2023,Tidewater,Franklin Public Schools,NA
2582,22.2,6.9,9.7,31.7,7.2,34.5,8.7,37.5,36.5,40.3,11.6,29.3,54.7,73.7,11.8,2,4.2,4.6,2.8,3.6,3.6,division,2023,Northern Virginia,Frederick County Public Schools,NA
477,27.7,6.6,17,36.1,10.9,38.8,11.7,41.1,45.3,39.8,19.9,38.9,63.2,67.7,15.3,2.2,3.9,4.3,3.2,4.1,3,division,2023,Northern Neck,Fredericksburg Public Schools,NA
282,24.9,8.1,8.9,30.5,5,31.2,7.4,32.6,37.6,42.9,8.5,25,75,78.7,11,1.7,4.2,4.5,2.5,3.5,3.8,division,2023,Southwest,Galax Public Schools,NA
396,18.9,4.1,8.3,35.1,4.5,33.6,4.8,35.4,37.6,45.7,14.6,36.2,58.6,81.3,10.1,2,4.5,4.9,2.5,3.2,4.1,division,2023,Southwest,Giles County Public Schools,NA
881,22.3,4.9,9.6,31.9,5.4,34.3,8.6,35.4,36.7,44.4,13.1,27.6,57.8,78.3,16.3,2.1,4.2,4.6,2.7,3.6,3.6,division,2023,Northern Neck,Gloucester County Public Schools,NA
359,15.7,6.7,9.2,28.7,7.2,33.4,10.6,34.5,35.1,38.4,10.6,36.8,52.6,73.8,20.6,2.3,4.4,4.6,2.6,3.3,3.8,division,2023,Central Virginia,Goochland County Public Schools,NA
293,18.6,4.3,9.2,34.1,7.2,34.8,6.1,37.9,39.2,41,16.7,30.6,63.3,76.5,12.3,1.9,4.4,4.8,2.3,3.2,4,division,2023,Southwest,Grayson County Public Schools,NA
546,20,9,9.3,26.6,6,28.9,6.8,28.8,33.5,37.7,10.3,35.7,41.1,78.4,9.2,2.1,4.2,4.5,2.7,3.5,3.6,division,2023,Valley,Greene County Public Schools,NA
153,21.3,6.5,8.5,40.5,11.8,37.3,14.4,33.3,43.1,38.6,15.7,37.5,70.8,69.3,10.5,2.5,3.8,4.6,3.1,4.1,3.2,division,2023,Southside,Greensville County Public Schools,NA
690,25.1,7.9,11.2,33.3,8.7,41.7,9,33.5,34.8,39.1,11.2,32.5,64.9,69.4,11.7,2.2,4.1,4.4,3.1,4,3.3,division,2023,Southside,Halifax County Public Schools,NA
2228,22.2,4.9,7.5,25.9,6.4,30.2,9.6,36.4,39.3,40.1,15.1,34.1,60.8,73.6,13.6,2.1,4.1,4.5,2.8,3.6,3.4,division,2023,Tidewater,Hampton Public Schools,NA
503,15.7,3.6,3.8,25.4,1.4,21.1,3.8,33.4,20.7,50.1,4.8,33.3,58.3,82.7,21.3,2,4.8,5.1,2.3,3.2,4.3,division,2023,Central Virginia,Hanover County Public Schools,NA
1125,20.7,7.7,8.3,22.4,5.8,30.1,8.7,29.2,35.4,39.1,9.9,38.7,63.1,74.4,12.8,2.2,4.3,4.7,2.6,3.4,3.8,division,2023,Valley,Harrisonburg Public Schools,NA
7174,18.8,6.9,8.2,23.6,6,29.4,8.7,32.5,31.5,40.3,9.9,40.1,56.3,76.4,14.3,2,4.3,4.6,2.9,3.4,3.6,division,2023,Central Virginia,Henrico County Public Schools,NA
1057,26.3,7.2,8.6,33,6.6,33.3,7.4,34.7,40.7,38.1,15.1,39.4,55.6,77.6,13.5,2.1,4.1,4.7,2.8,3.7,3.6,division,2023,Western Virginia,Henry County Public Schools,NA
41,11.1,3.4,17.1,34.1,2.4,29.3,4.9,48.8,29.3,36.6,14.6,16.7,33.3,78,14.6,2.2,4.7,4.6,2,2.6,4.5,division,2023,Valley,Highland County Public Schools,NA
567,27,7,10.1,31.2,9.9,41.1,13.4,42.9,49.2,38.1,21.2,33.3,55,62.4,14.1,2.6,3.7,4.2,3.2,3.9,2.9,division,2023,Central Virginia,Hopewell Public Schools,NA
878,21.5,5,7.4,29.8,6.3,33.6,8,36.9,39,40.1,13.5,39.8,57.6,79,15.3,2,4.2,4.6,2.9,3.7,3.6,division,2023,Tidewater,Isle of Wight County Public Schools,NA
105,27.7,3.2,8.6,43.8,14.3,43.8,12.4,41,46.7,53.3,13.3,28.6,57.1,74.3,11.4,2.1,4.1,4.5,2.6,3.9,3.5,division,2023,Northern Neck,King and Queen County Public Schools,NA
780,19.3,8.2,7.2,28.2,4.5,25.1,5.3,30.4,34.1,39.4,10,33.3,65.4,82.1,15,1.9,4.2,4.7,2.7,3.6,3.6,division,2023,Northern Neck,King George County Public Schools,NA
303,24.3,6.9,11.6,32.7,9.9,40.6,10.9,31,39.9,36.6,12.9,30.8,51.3,74.3,14.9,2.1,4.2,4.5,2.6,3.8,3.5,division,2023,Northern Neck,King William County Public Schools,NA
119,29.7,8.7,8.4,39.5,15.1,40.3,19.3,42.9,52.1,39.5,12.6,26.7,40,71.4,21,1.9,3.9,4.2,3.1,3.7,3.1,division,2023,Northern Neck,Lancaster County Public Schools,NA
526,24.1,7.5,12.7,33.7,8.9,35.2,10.5,37.6,35.9,37.8,14.1,40.5,60.8,77.4,15.4,1.9,4.2,4.6,2.7,3.4,3.6,division,2023,Southwest,Lee County Public Schools,NA
151,17.1,1.7,3.3,19.9,2,20.5,5.3,29.1,26.5,57.6,9.3,35.7,42.9,85.4,13.2,1.6,4.8,5,1.7,2.4,4.5,division,2023,Valley,Lexington Public Schools,NA
13745,12.3,5.3,3.9,14.4,2.1,20,5.4,23.4,23.6,44.3,5.8,36.6,54.3,82.9,15,1.8,4.6,4.9,2.3,2.9,4.2,division,2023,Northern Virginia,Loudoun County Public Schools,NA
869,21.7,4.1,5.8,25.8,7.2,31.9,9.4,33.4,38.8,45.2,12.9,31.2,64.3,78.5,11.5,1.9,4.3,4.7,2.5,3.3,3.9,division,2023,Valley,Louisa County Public Schools,NA
243,24.6,8.8,11.5,37.9,11.1,41.2,12.3,43.2,43.6,35.4,21.4,30.8,75,73.3,16.5,2.2,4,4.5,2.7,3.7,3.6,division,2023,Southside,Lunenburg County Public Schools,NA
1123,21.3,6.6,10.1,29.3,6.6,33.7,9.5,35.5,36.1,39.6,11.9,43.3,59,73.7,13.4,2.2,4,4.4,2.9,3.7,3.4,division,2023,Valley,Lynchburg Public Schools,NA
338,18.5,9.1,5,36.7,5.6,32,8,32,31.1,43.2,9.2,45.2,58.1,76.9,16.9,2,4.1,4.4,2.7,3.5,3.5,division,2023,Northern Virginia,Madison County Public Schools,NA
590,29,10.3,12.5,24.2,6.3,34.4,8.8,37.1,46.9,33.9,13.7,38.3,63,64.9,12.5,2.2,3.9,4.3,2.9,3.5,3.4,division,2023,Northern Virginia,Manassas Park Public Schools,NA
1392,27.2,9,12.5,25.9,6.5,31,9.2,32.1,38.8,36.3,13.9,28,53.9,67.9,10.9,2.2,4.1,4.6,2.8,3.7,3.6,division,2023,Northern Virginia,Manassas Public Schools,NA
300,26.2,4.4,8.7,24.3,6,29.7,7.3,31.3,35.3,44.3,15.3,43.5,63,76.3,13.3,2,4.2,4.8,2.8,3.7,3.7,division,2023,Western Virginia,Martinsville Public Schools,NA
193,33,5.4,6.2,38.9,6.2,38.3,7.3,44.6,48.2,39.9,17.6,32.4,55.9,83.4,11.9,1.7,4.2,4.4,2.3,3.5,3.5,division,2023,Northern Neck,Mathews County Public Schools,NA
572,25.5,4.3,6.5,26.7,7,35.1,7.5,35.3,37.1,43.9,13.1,40,64,74.3,11.2,2.2,4.1,4.6,3,3.9,3.6,division,2023,Southside,Mecklenburg County Public Schools,NA
231,21,8.3,7.4,34.6,7.8,35.9,10.4,38.5,39.8,35.9,14.7,20.6,64.7,71,7.8,2,4.2,4.6,2.5,3.6,3.5,division,2023,Northern Neck,Middlesex County Public Schools,NA
1644,17.5,6.4,10.8,30,5,28.5,7.4,35.5,33.2,42.6,10.3,36.3,52.6,81.1,13.3,1.9,4.3,4.6,2.7,3.5,3.7,division,2023,Western Virginia,Montgomery County Public Schools,NA
299,22.2,4.5,12.4,37.1,10.7,41.1,6.7,36.5,43.1,44.8,16.1,39.6,64.6,74.2,13.7,1.8,4.2,4.6,2.8,3.7,3.5,division,2023,Valley,Nelson County Public Schools,NA
607,18.8,5.6,7.6,33.3,3.6,34.3,8.6,35.4,36.9,38.7,10.7,29.2,60,74.8,9.2,2.1,4.3,4.5,2.9,3.7,3.6,division,2023,Central Virginia,New Kent County Public Schools,NA
3579,22.1,6.2,9.4,26.7,6.4,32.7,9.6,35.6,38.8,38.3,14.5,32.9,57.8,71.2,14,2.2,3.9,4.4,3,3.8,3.4,division,2023,Tidewater,Newport News Public Schools,NA
4199,24.4,6.8,12.4,29.5,8.6,33.5,11.6,39.7,39.7,35.8,16.5,34.6,60.3,68.8,14.7,2.2,3.9,4.3,3.1,3.7,3.2,division,2023,Tidewater,Norfolk Public Schools,NA
256,22,6.3,10.5,35.9,8.2,32.4,10.9,35.9,41.8,39.1,15.6,20,70,74.6,11.7,2.5,3.9,4.3,2.8,3.9,3.4,division,2023,Tidewater,Northampton County Public Schools,NA
214,18.6,6.9,10.3,29.4,9.3,35.5,7,34.1,36.4,37.4,15,25,65.6,80.8,10.7,2.3,4.2,4.6,2.8,3.4,3.7,division,2023,Northern Neck,Northumberland County Public Schools,NA
156,22.8,5,6.4,30.1,6.4,33.3,9,30.1,34,50.6,16.7,34.6,61.5,82.1,12.8,1.9,4.5,5,2.1,3,4.4,division,2023,Southwest,Norton Public Schools,NA
268,22.9,6.7,9,28.7,4.1,30.6,8.6,30.2,39.9,45.5,10.8,41.4,72.4,79.5,12.7,2.1,4.2,4.7,2.8,3.6,3.6,division,2023,Southside,Nottoway County Public Schools,NA
922,22.6,8,7.7,32.9,6.2,35.6,7.2,32.6,37.2,38.7,10.4,41.7,56.2,76.9,10.4,2.1,4.1,4.6,2.8,3.8,3.5,division,2023,Northern Virginia,Orange County Public Schools,NA
1872,20.9,8.1,14.9,29.3,9.5,37.4,13.6,33.7,37.4,36.5,12.1,46.9,58,69.8,17.2,2.4,4,4.3,2.8,3.6,3.4,division,2023,NA,Other,NA
481,21,5,8.3,37.2,7.5,39.5,7.9,34.9,37.8,43,12.1,32.8,62.1,83.2,13.9,2,4.3,4.7,2.7,3.7,3.8,division,2023,Northern Virginia,Page County Public Schools,NA
432,19.1,5.1,4.4,24.5,6.9,25.9,4.9,27.1,31.9,43.3,9,33.3,53.8,79.4,10.2,1.6,4.6,4.9,2.4,3.1,4.1,division,2023,Western Virginia,Patrick County Public Schools,NA
387,28.1,9,11.4,32.3,6.7,41.3,12.1,39.8,43.9,30.7,17.6,42.6,70.6,71.8,12.7,2.7,3.5,4.2,3.3,4,2.9,division,2023,Central Virginia,Petersburg Public Schools,NA
1514,21.4,6.4,9.2,31.6,8.4,34.7,9,33.1,38.7,40.7,14.6,35,58.3,77.8,12.5,2,4.2,4.6,2.6,3.8,3.6,division,2023,Western Virginia,Pittsylvania County Public Schools,NA
420,14.9,4.1,2.1,23.6,2.6,27.4,4.3,31.2,26.4,49.8,8.8,32.4,48.6,83.6,11.7,1.6,4.5,5,2,2.9,4.1,division,2023,Tidewater,Poquoson Public Schools,NA
2003,24.1,7,11.6,27.6,7.5,32.1,10.6,34.3,42.8,40,17.1,31.1,57,68.7,12.5,2.1,3.9,4.4,3.1,3.8,3.2,division,2023,Tidewater,Portsmouth Public Schools,NA
766,16.2,5.4,8.4,26.1,3.4,29.1,6.4,29.4,26,43.6,8.1,29,50,81.9,20.5,1.9,4.5,4.7,2.5,3.3,3.9,division,2023,Central Virginia,Powhatan County Public Schools,NA
204,22.5,7.1,14.7,35.8,10.8,32.8,9.8,48,47.5,43.1,16.7,41.2,55.9,72.5,16.2,2.3,3.9,4.4,3,4.2,3.3,division,2023,Southside,Prince Edward County Public Schools,NA
833,23.7,8.6,9,30.9,6.2,32.4,6.6,40.2,43.2,39,16.8,29.8,52.5,73.2,10.9,1.9,4,4.4,3.1,4,3.4,division,2023,Central Virginia,Prince George County Public Schools,NA
11602,20.6,8.7,7.3,23.2,4.8,26.8,7.1,33.4,33.8,37,10.5,34.6,60.2,77.8,17,2,4.2,4.5,2.8,3.5,3.6,division,2023,Northern Virginia,Prince William County Public Schools,NA
582,25.4,8.9,16,41.2,11,41.2,9.3,38.1,40.4,38.4,12.9,44,49.3,75.9,13.8,2.1,4.1,4.5,3,4,3.3,division,2023,Southwest,Pulaski County Public Schools,NA
315,24.3,4.6,7,30.5,8.6,23.8,7.9,26,33,45.4,13.3,50,66.7,78.4,14,2.1,4.2,4.6,3,3.4,3.7,division,2023,Southwest,Radford Public Schools,NA
128,22.4,5.2,7,37.5,7.8,32,8.6,37.5,35.9,45.3,13.3,41.2,64.7,80.5,22.7,1.8,4.3,4.7,2.4,3.3,4,division,2023,Northern Virginia,Rappahannock County Public Schools,NA
254,15.7,5.2,3.9,29.5,6.3,38.6,7.5,29.1,31.1,37,5.5,28.6,71.4,81.1,10.2,2.1,4.4,4.7,2.7,3.6,3.8,division,2023,Northern Neck,Richmond County Public Schools,NA
2556,21.7,7.4,11.7,25.3,8,32.7,10.3,34.1,37.7,37.3,13.7,41.2,53.7,70.1,14.3,2.2,4,4.5,3,3.6,3.5,division,2023,Central Virginia,Richmond Public Schools,NA
2561,19.2,5.5,11.8,34.4,6.9,35.8,7.8,38.4,34.7,45.4,12.7,32.9,59.4,78.5,21.6,2,4.3,4.7,2.7,3.5,3.7,division,2023,Western Virginia,Roanoke County Public Schools,NA
1754,23.8,7.8,10.9,28.9,8.6,33,11,35.5,39,40.6,14.1,43.3,52.2,72.9,14.4,2,4,4.5,3.1,3.8,3.4,division,2023,Western Virginia,Roanoke Public Schools,NA
448,18,5.8,6,29.2,6.7,32.6,5.1,36.6,35.9,41.7,14.3,40.6,56.2,75.4,10.5,1.9,4.1,4.6,2.8,3.5,3.6,division,2023,Valley,Rockbridge County Public Schools,NA
2178,16.7,6.3,8.6,30,6.5,33.2,9,33.3,31.7,41.4,8.5,42.5,60.2,75.5,13.6,2,4.4,4.6,2.6,3.4,3.9,division,2023,Valley,Rockingham County Public Schools,NA
580,22.7,6.1,9.5,28.4,6.6,29.1,6.9,29,34,45,12.8,33.8,62.2,81.4,13.8,2.1,4.4,4.8,2.6,3.3,3.9,division,2023,Southwest,Russell County Public Schools,NA
721,20.9,3.7,8,27,5.3,34.8,6.4,37.3,35.5,48.5,12.1,41.4,60.9,83.4,18.6,1.9,4.5,4.9,2.8,3.4,4,division,2023,Western Virginia,Salem Public Schools,NA
540,20.6,5.2,8.9,27.4,4.4,27.4,5.6,27.8,34.6,45.7,11.7,28.6,65.1,78.5,9.1,2,4.6,4.9,2.4,3,4.1,division,2023,Southwest,Scott County Public Schools,NA
814,23.7,7,7.7,33.8,6.3,36.2,8,36,41.9,42.8,16.1,36.6,60.3,74.8,16.2,2.2,4.1,4.5,2.6,3.6,3.6,division,2023,Northern Virginia,Shenandoah County Public Schools,NA
690,21.9,6.5,9.7,39.3,9.3,34.2,6.5,40.6,42.3,43.3,16.1,32.4,57.7,78.8,15.2,2,4.2,4.8,2.6,3.4,3.7,division,2023,Southwest,Smyth County Public Schools,NA
58,26.2,4.9,12.1,39.7,5.2,20.7,6.9,43.1,32.8,48.3,8.6,40,80,81,10.3,1.8,4,4.4,3.7,4.2,2.9,division,2023,Tidewater,Southampton County Public Schools,NA
48,18,4.4,18.8,37.5,31.2,25,14.6,43.8,37.5,29.2,22.9,54.5,54.5,72.9,20.8,2,3.6,4.3,2.5,3.4,3.7,division,2023,NA,Southeastern Cooperative Educational Programs,NA
4395,22.9,8.1,9.8,30.9,6.6,33.1,9.1,38,39.3,36.6,13.4,37.1,59.2,73.7,16.1,2,4.1,4.4,2.8,3.6,3.5,division,2023,Northern Neck,Spotsylvania County Public Schools,NA
5332,21.4,7,9.2,29.6,6.2,32.3,9.8,39.8,38.2,37.4,12.3,34.5,60.3,72.8,15.1,2.2,4.2,4.5,3,3.7,3.4,division,2023,Northern Neck,Stafford County Public Schools,NA
398,24.9,6,11.8,46,11.8,40.5,8.5,42,46.7,51,17.6,30,58.6,75.4,12.8,1.9,3.9,4.4,2.9,3.7,3.3,division,2023,Valley,Staunton Public Schools,NA
1981,20.3,5.6,7,29.6,5.4,32.5,7.2,37.2,37.9,34.9,13.8,35.2,62.3,72.7,14.5,2.1,4,4.4,2.9,3.7,3.4,division,2023,Tidewater,Suffolk Public Schools,NA
135,24.7,5,11.9,42.2,10.4,31.9,14.1,38.5,50.4,46.7,20.7,39.3,67.9,67.4,13.3,2.6,4.2,4.7,2.5,3.6,3.5,division,2023,Central Virginia,Surry County Public Schools,NA
174,20.6,5.4,12.1,30.5,9.2,37.4,10.3,29.9,36.2,40.2,16.1,50,57.1,65.5,13.2,2,3.8,4.2,3,3.9,3.1,division,2023,Central Virginia,Sussex County Public Schools,NA
948,21.8,5.7,12.4,34.3,7.5,37.7,7.4,41.5,41.7,48.1,13.2,36.8,64.8,77.5,13.6,2.2,4.2,4.7,3,3.8,3.6,division,2023,Southwest,Tazewell County Public Schools,NA
743,21.5,2.4,7.9,26.6,1.9,26.9,6.2,33.2,32.4,51.5,10.4,35.1,53.2,82,27.7,1.8,4.5,4.8,2.6,3.2,4.1,division,2023,Tidewater,Virginia Beach Public Schools,NA
700,21.2,6.9,5.3,34.7,6.1,32.6,8.6,33.6,35.9,36.7,10.3,20.8,56.9,76.1,10.9,1.9,4.1,4.4,2.8,3.7,3.4,division,2023,Northern Virginia,Warren County Public Schools,NA
1231,21.7,3.9,7.7,39.1,7.6,38.8,7.9,37.1,38.3,49.4,13.7,38.5,65.7,81.4,14.3,2.2,4.5,4.9,2.5,3.4,3.9,division,2023,Southwest,Washington County Public Schools,NA
379,24,8.1,11.4,34,9.2,38.5,10.1,38.6,38.6,40.2,11.1,38.1,69,71.4,9,2,4,4.4,3.1,3.8,3.1,division,2023,Valley,Waynesboro Public Schools,NA
140,18.6,3.6,4.3,37.1,10.7,30,3.6,50.7,43.6,45,12.1,52.9,52.9,73.6,12.9,1.6,4.2,4.7,2.6,3.3,3.8,division,2023,Northern Neck,West Point Public Schools,NA
206,20,6.9,6.3,26.7,6.3,35.9,12.6,26.7,33,35.9,11.7,33.3,87.5,72.8,11.2,2.4,4.1,4.5,2.6,3.5,3.5,division,2023,Northern Neck,Westmoreland County Public Schools,NA
2277,20.2,5,8.2,25.5,5.9,31.8,8.1,37.4,33.8,41,13.3,32.8,61.9,72.9,11.2,2,4.3,4.5,2.9,3.4,3.6,division,2023,Tidewater,Williamsburg-James City County Public Schools,NA
752,26.1,7.5,12.9,32.7,10.2,37.8,11.2,40.4,40.2,38,16.2,33.6,56.6,68.5,14.5,2.1,4,4.5,2.9,3.7,3.6,division,2023,Northern Virginia,Winchester Public Schools,NA
1070,19.9,6.2,4.6,29.4,4.3,31.2,5.6,33.9,36.6,49,12.8,32.1,61.3,84.1,14.3,1.9,4.5,5,2.3,3.2,4.2,division,2023,Southwest,Wise County Public Schools,NA
736,18.4,5.3,6.1,33.8,5.7,29.5,7.2,29.2,32.6,41.6,8.3,31.1,55.7,80.4,9.5,2,4.5,4.9,2.2,3.1,3.9,division,2023,Southwest,Wythe County Public Schools,NA
2513,19.4,5.8,5.5,24.5,3.4,24.7,5.2,35,33.5,38.7,10.2,31.6,58.2,80.1,10.4,1.9,4.4,4.7,2.4,3.3,3.9,division,2023,Tidewater,York County Public Schools,NA
414,18.8,7.5,7.5,16.7,4.1,22.2,3.6,21.3,38.2,37,13.5,37.5,60.7,78,16.9,1.3,4.1,4.4,2.5,3.5,3.8,school,2022,Tidewater,Accomack County Public Schools,Nandua High
17,5.9,0,0,0,0,11.8,0,0,52.9,47.1,17.6,66.7,100,82.4,17.6,1.7,5.3,5,1.2,1.7,4.6,school,2022,Tidewater,Accomack County Public Schools,Tangier Combined
387,14.4,8.4,8.3,13.4,4.9,24.3,6.2,22.2,34.4,35.4,12.9,42,66,74.9,12.7,1.5,3.9,4.4,2.4,3.4,3.8,school,2022,Tidewater,Accomack County Public Schools,Arcadia High
101,18.7,1.9,7.9,14.9,3,28.7,5.9,21.8,47.5,37.6,11.9,58.3,66.7,78.2,13.9,1.1,4.1,4.8,1.8,3.1,4,school,2022,Tidewater,Accomack County Public Schools,Chincoteague High
584,11.3,1.9,12.7,10.1,2.1,18.7,5.8,31.7,41.1,52.9,11.3,40.9,43.9,72.9,16.1,1.1,4.6,4.7,2.2,3,4.1,school,2022,Valley,Albemarle County Public Schools,Western Albemarle High
1060,16.6,3,13,9.2,2.3,15.7,6.1,32.3,41.1,47.6,13.6,37.5,52.8,75.2,17.2,1,4.4,4.7,2.9,3.1,3.8,school,2022,Valley,Albemarle County Public Schools,Albemarle High
648,15.6,4.8,14.3,9.6,2.9,21.5,4.8,30.9,43.5,42.1,12.5,38.3,58,71.5,13.7,1.3,4.2,4.3,3,3.2,3.6,school,2022,Valley,Albemarle County Public Schools,Monticello High
72,12.5,10.5,0,2.8,0,11.1,4.2,9.7,37.5,41.7,5.6,50,25,73.6,11.1,1,4,4.7,2.1,2.6,4.4,school,2022,Valley,Albemarle County Public Schools,Virtual High School
2543,17.5,5.2,16.6,11,4.6,17.4,6.3,26,38.7,40,11.4,33.9,54.7,67.7,17,1,4.3,4.7,2.9,3.3,3.8,school,2022,Northern Virginia,Alexandria City High School,Satellite Campus
375,23.2,5.9,19.1,18.7,8.3,38.4,6.1,35.5,49.3,40.5,17.9,28.4,64.2,79.5,16,0.9,3.8,4.1,2.7,3.8,3.1,school,2022,Western Virginia,Alleghany County Public Schools,Alleghany High
350,16.6,3.3,23.9,22.9,5.4,38.6,6.9,36.3,46.3,39.7,13.1,34.8,71.7,71.4,20.3,1.2,4,4.3,2.6,3.7,3.1,school,2022,Southside,Amelia County Public Schools,Amelia County High
733,19.6,5.5,14.2,19.9,4.6,28.8,6.3,34.2,45.4,38.1,14.6,40.2,68.2,73.1,14.5,1.2,4,4.4,2.7,3.7,3.4,school,2022,Valley,Amherst County Public Schools,Amherst County High
399,19.6,5.7,8.5,20.3,3.3,22.3,3,27.6,38.8,41.1,12.3,38.8,55.1,81.7,16.3,0.9,4.1,4.4,2.7,3.8,3.3,school,2022,Southside,Appomattox County Public Schools,Appomattox County High
299,9.4,0.8,5.7,10.4,1,18.4,4.3,29.4,51.2,52.8,18.4,43.6,58.2,75.3,18.7,0.9,4.8,5,1.4,2.1,4.7,school,2022,NA,Appomattox Regional Governor's School,Appomattox Regional Governor's School
NA,NA,NA,NA,NA,NA,NA,NA,NA,NA,NA,NA,NA,NA,NA,NA,NA,NA,NA,NA,NA,NA,school,2022,Northern Virginia,Arlington County Public Schools,Washington-Liberty High
1752,10.6,2.8,14.7,9.9,3.4,21.6,7.4,28.7,31.7,52.3,10.4,41.2,63.2,74.4,37.4,1,4.5,4.6,2.4,3.2,3.9,school,2022,Northern Virginia,Arlington County Public Schools,Yorktown High
NA,NA,NA,NA,NA,NA,NA,NA,NA,NA,NA,NA,NA,NA,NA,NA,NA,NA,NA,NA,NA,NA,school,2022,Northern Virginia,Arlington County Public Schools,Wakefield High
NA,NA,NA,NA,NA,NA,NA,NA,NA,NA,NA,NA,NA,NA,NA,NA,NA,NA,NA,NA,NA,NA,school,2022,Northern Virginia,Arlington County Public Schools,Arlington Community High
NA,NA,NA,NA,NA,NA,NA,NA,NA,NA,NA,NA,NA,NA,NA,NA,NA,NA,NA,NA,NA,NA,school,2022,Valley,Augusta County Public Schools,Buffalo Gap High
574,17,4.2,12.5,19.3,4,27.7,5.6,33.6,42.9,50.7,12.9,35.1,50,73.5,16.2,0.9,4.2,4.6,2.2,3.3,3.9,school,2022,Valley,Augusta County Public Schools,Fort Defiance High
288,15.9,3.1,5.6,16.3,3.8,20.8,4.5,24,35.4,45.1,10.1,41.4,55.2,81.9,14.6,1.4,4.4,4.8,2.1,3,4.1,school,2022,Valley,Augusta County Public Schools,Riverheads High
NA,NA,NA,NA,NA,NA,NA,NA,NA,NA,NA,NA,NA,NA,NA,NA,NA,NA,NA,NA,NA,NA,school,2022,Valley,Augusta County Public Schools,Wilson Memorial High
500,16.8,3.4,18.6,18,5.6,36.4,9,36.2,40.8,43.2,13.2,50,63.6,78.4,17.2,1.3,4.2,4.5,2.2,3.2,3.7,school,2022,Valley,Augusta County Public Schools,Stuarts Draft High
132,21.3,2.8,19.7,21.2,8.3,37.9,7.6,34.1,53.8,56.8,16.7,18.2,59.1,75,13.6,1.1,4.3,4.7,2.2,3.2,3.8,school,2022,Valley,Bath County Public Schools,Bath County High
NA,NA,NA,NA,NA,NA,NA,NA,NA,NA,NA,NA,NA,NA,NA,NA,NA,NA,NA,NA,NA,NA,school,2022,Valley,Bedford County Public Schools,Liberty High
753,17.8,5.9,15.6,18.3,6.5,26.7,7.8,30.5,42,39.2,12.5,40.4,55.3,70.1,18.5,1.2,4,4.3,2.6,3.6,3.4,school,2022,Valley,Bedford County Public Schools,Staunton River High
1070,13,5.6,12.1,11.4,3.1,19.3,4.4,28.9,38.8,44,10,41.1,53.3,75.9,18.4,1.2,4.3,4.4,2.5,3.4,3.5,school,2022,Valley,Bedford County Public Schools,Jefferson Forest High
NA,NA,NA,NA,NA,NA,NA,NA,NA,NA,NA,NA,NA,NA,NA,NA,NA,NA,NA,NA,NA,NA,school,2022,Southwest,Bland County Public Schools,Bland County High
410,15.3,2.5,18.9,18.5,6.3,33.2,6.6,28.8,40.2,45.6,15.1,43.5,61.3,81.7,21,1.3,4.3,4.7,2.1,3.2,4.1,school,2022,Western Virginia,Botetourt County Public Schools,James River High
833,17.2,3.4,20.9,19,6.6,34.8,7.7,34,44.3,43.6,16.2,40,59.3,70.7,18.6,1.3,4.1,4.5,2.3,3.5,3.6,school,2022,Western Virginia,Botetourt County Public Schools,Lord Botetourt High
322,18.2,2.8,25.2,20.5,5.9,37.3,7.5,44.4,49.4,49.1,17.4,53.6,62.5,73,23.9,1.2,4.2,4.6,2.8,3.7,3.7,school,2022,Southwest,Bristol Public Schools,Virginia High
257,10.9,5.3,11.5,15.2,4.3,31.9,10.5,31.9,43.2,37,18.3,21.3,63.8,68.1,17.5,1.4,3.8,4.5,2.5,3.5,3.5,school,2022,Southside,Brunswick County Public Schools,Brunswick High
224,16.7,7.6,13.8,14.7,6.7,29.9,11.2,25,41.1,38.4,12.1,44.4,59.3,77.7,20.1,1.8,4.2,4.5,2.2,3.4,3.7,school,2022,Southwest,Buchanan County Public Schools,Grundy High
59,19.4,6.5,18.6,20.3,3.4,28.8,16.9,30.5,44.1,42.4,16.9,40,60,78,22,1.5,4.3,4.3,2.3,3.2,3.5,school,2022,Southwest,Buchanan County Public Schools,Council High
115,13.4,1.8,10.5,13,6.1,25.2,4.3,14.8,28.7,48.7,6.1,42.9,42.9,83.5,15.7,2.3,4.7,4.9,2,2.3,4.4,school,2022,Southwest,Buchanan County Public Schools,Hurley High
91,14.1,2.5,10,9.9,2.2,20.9,2.2,15.4,30.8,53.8,11,10,70,87.9,27.5,0.6,4.6,5,2.1,2.5,4.4,school,2022,Southwest,Buchanan County Public Schools,Twin Valley High
335,15,5,12,17.3,3.9,31.3,6.3,27.2,36.4,43,10.1,50,64.7,73.7,11.9,1,3.9,4.4,3,3.7,3.2,school,2022,Southside,Buckingham County Public Schools,Buckingham County High
183,14.7,2,8.7,20.8,5.5,32.8,6.6,38.3,43.7,49.7,13.7,36,60,74.3,10.4,1.6,4.3,4.8,2.2,3.5,4,school,2022,Valley,Buena Vista Public Schools,Parry McCluer High School
288,15.5,3.3,13.9,21.2,4.2,32.3,5.9,31.2,39.9,48.3,14.2,39,58.5,83,20.1,1.1,4.3,4.6,2.4,3.6,3.5,school,2022,Valley,Campbell County Public Schools,Altavista High
537,17.9,6,9.7,16,2.8,23.5,4.5,31.3,38.5,43.9,11.5,40.3,51.6,83.4,36.5,0.8,4.1,4.4,2.5,3.5,3.6,school,2022,Valley,Campbell County Public Schools,Rustburg High
200,11.5,3.5,8,17.5,3.5,28.5,5.5,26,35.5,37.5,11,54.5,72.7,78.5,14.5,1.1,4,4.4,2.4,3.5,3.5,school,2022,Valley,Campbell County Public Schools,William Campbell High
730,16.1,4.1,12.6,17.8,3.4,30.3,4.7,35.6,44.4,51.4,12.3,45.6,43.3,81.2,20,1.2,4.3,4.7,2.4,3.5,3.8,school,2022,Valley,Campbell County Public Schools,Brookville High
1033,18.8,8,15.7,15.6,6,31,7.6,32.6,47.2,38.5,12.3,32.3,53.5,72.7,21.4,1.4,3.9,4.1,3.1,3.7,3.1,school,2022,Northern Neck,Caroline County Public Schools,Caroline High
737,18.5,7.1,17.4,22.4,6.1,34.6,6.4,34.6,40.2,44.6,11.1,29.3,53.7,77.1,15.2,1.1,4.1,4.5,2.6,3.8,3.4,school,2022,Southwest,Carroll County Public Schools,Carroll County High
123,12.3,7.1,16.7,29.3,8.1,35.8,17.1,32.5,44.7,35,19.5,20.8,66.7,65.9,23.6,1.4,3.7,4.1,2.9,4.1,3.1,school,2022,Central Virginia,Charles City County Public Schools,Charles City County High
375,18.7,3.9,14.5,20,5.9,32,8.3,30.7,39.7,43.2,14.1,39.6,58.5,78.1,22.1,1.4,4,4.6,2.4,3.5,3.6,school,2022,Southside,Charlotte County Public Schools,Randolph-Henry High
904,12.2,4.1,15.2,10.2,2.2,21.5,4.4,29.3,42.7,50.4,12.2,36.4,60,72.2,25.2,0.9,4.3,4.5,2.7,3.2,3.7,school,2022,Valley,Charlottesville Public Schools,Charlottesville High
1623,15.8,5.1,9.2,9.4,2.6,18.6,5.7,22.4,40.5,39.4,12.4,40.1,54.5,70.7,17.4,1.2,4,4.6,3,3.4,3.7,school,2022,Tidewater,Chesapeake Public Schools,Oscar F. Smith High
1080,17.7,4.7,13.9,12.2,3.9,23.7,6.2,27.7,41.1,40.6,14.1,40.8,59.9,70.1,22.3,1.3,4,4.5,3.1,3.4,3.5,school,2022,Tidewater,Chesapeake Public Schools,Deep Creek High
1189,16.8,3.6,14.8,10.8,2.3,20.4,3.9,29.5,37.5,40.6,10.2,38.8,52.1,74.5,19.7,1.1,4.2,4.6,2.6,3.4,3.8,school,2022,Tidewater,Chesapeake Public Schools,Great Bridge High
1069,16.2,4.8,10.6,12.3,3.7,22.5,5.2,27.4,44.7,39.4,15.9,43.5,55.3,68.9,19.6,1.1,4,4.4,3,3.4,3.5,school,2022,Tidewater,Chesapeake Public Schools,Indian River High
1432,17,4.3,15.4,11.9,2.9,21.2,4,30.2,42,39.6,13.9,31.7,52.8,70.3,21.5,1.1,4.1,4.5,2.8,3.4,3.7,school,2022,Tidewater,Chesapeake Public Schools,Western Branch High
1366,16.4,2.9,12.9,12.4,3.7,21.6,4.1,28.9,37.6,44.7,12.2,32.9,49.7,75.9,19.3,1,4.3,4.6,2.2,3.2,3.9,school,2022,Tidewater,Chesapeake Public Schools,Hickory High
1407,16.4,3.3,12.3,10.9,2.8,20.8,4.7,29.6,42.8,49,14,35.5,62.9,75.6,25.1,1.1,4.4,4.7,2.2,3,4.2,school,2022,Tidewater,Chesapeake Public Schools,Grassfield High
1139,13.5,9.1,8.5,8,2.3,15.5,5.2,19.7,37.8,37.5,9,52.9,52.9,77.2,17.4,1.5,4,4.5,2.7,3.1,3.7,school,2022,Central Virginia,Chesterfield County Public Schools,Lloyd C. Bird High
107,12.7,6.1,9.3,13.1,6.5,15.9,8.4,18.7,43,35.5,18.7,45,65,75.7,21.5,1.5,3.8,4.8,2.3,2.8,3.9,school,2022,Central Virginia,Chesterfield County Public Schools,Carver College and Career Academy
NA,NA,NA,NA,NA,NA,NA,NA,NA,NA,NA,NA,NA,NA,NA,NA,NA,NA,NA,NA,NA,NA,school,2022,Central Virginia,Chesterfield County Public Schools,Monacan High
1168,11.7,3.8,9.6,8.1,2.7,15.4,4.4,19.3,31,54.7,8.5,51.5,53.5,78.1,26.6,1,4.5,4.6,2.2,3,4.1,school,2022,Central Virginia,Chesterfield County Public Schools,Midlothian High
883,12.8,5.2,15,8.5,2.7,18.5,5.5,25.4,34.4,41.4,8.8,41,59,77.7,25.3,0.9,4.1,4.4,3.2,3.3,3.3,school,2022,Central Virginia,Chesterfield County Public Schools,Matoaca High
1132,16.3,10.6,9.5,8.6,3.2,16.9,5.4,20.7,34.5,33.9,9.6,40.4,56.9,70.5,16.8,1.5,3.8,4.3,3.1,3.2,3.3,school,2022,Central Virginia,Chesterfield County Public Schools,Meadowbrook High
NA,NA,NA,NA,NA,NA,NA,NA,NA,NA,NA,NA,NA,NA,NA,NA,NA,NA,NA,NA,NA,NA,school,2022,Central Virginia,Chesterfield County Public Schools,Thomas Dale High
NA,NA,NA,NA,NA,NA,NA,NA,NA,NA,NA,NA,NA,NA,NA,NA,NA,NA,NA,NA,NA,NA,school,2022,Central Virginia,Chesterfield County Public Schools,Manchester High
1234,13.7,3.8,9.5,10.3,3.7,15.5,6.1,20.4,36.7,45,10.7,49.2,51.5,75.7,25.2,1.4,4.4,4.6,2.4,3,4.1,school,2022,Central Virginia,Chesterfield County Public Schools,Clover Hill High
1247,15.4,4.6,18.3,12.8,4,21.7,5.9,31.1,41.9,45.3,11.5,53.5,61.8,76.6,26.1,0.9,4.3,4.5,2.6,3.3,3.8,school,2022,Central Virginia,Chesterfield County Public Schools,James River High
NA,NA,NA,NA,NA,NA,NA,NA,NA,NA,NA,NA,NA,NA,NA,NA,NA,NA,NA,NA,NA,NA,school,2022,Central Virginia,Chesterfield County Public Schools,Cosby High
514,16.3,3.7,16.2,13.8,6.6,24.9,7,31.9,38.1,41.2,10.9,44.6,50,70.4,13.4,1,4.3,4.5,2.5,3.3,3.7,school,2022,Northern Virginia,Clarke County Public Schools,Clarke County High
218,11,2,3.8,7.8,0.9,9.6,4.6,23.4,38.1,53.2,13.3,41.4,62.1,77.5,23.4,1.2,4.5,5,1.5,2,4.7,school,2022,NA,CodeRVA Regional High School,CodeRVA Regional High School
NA,NA,NA,NA,NA,NA,NA,NA,NA,NA,NA,NA,NA,NA,NA,NA,NA,NA,NA,NA,NA,NA,school,2022,Central Virginia,Colonial Heights Public Schools,Colonial Heights High
175,15.9,3.8,11.4,18.3,8.6,33.1,5.7,32,37.7,50.9,12,33.3,76.2,76.6,16,1.4,4.1,4.6,2.5,3.5,3.6,school,2022,Western Virginia,Covington Public Schools,Covington High
128,13,4.3,7.8,18.8,3.9,35.2,4.7,22.7,41.4,35.9,13.3,29.4,70.6,73.4,17.2,1.1,4.4,4.6,2,3.3,3.7,school,2022,Western Virginia,Craig County Public Schools,Craig County High
1267,21,8.2,19,18.3,5.1,28.9,7.5,33.5,41.2,35.8,14.6,35.7,58.4,69.1,16.8,1.2,3.9,4.2,3.3,3.8,3.1,school,2022,Northern Virginia,Culpeper County Public Schools,Eastern View High
832,20.5,5.4,16.2,17.2,4.9,25,6.5,30.4,44.2,39.4,13.7,34.2,50,72.1,15.6,1.1,4.1,4.4,3,3.6,3.5,school,2022,Northern Virginia,Culpeper County Public Schools,Culpeper County High
253,17.8,3,17.9,30,8.3,39.5,8.3,40.3,56.5,44.7,23.7,43.3,60,72.3,20.2,1.3,3.9,4.5,3,3.6,3.5,school,2022,Southside,Cumberland County Public Schools,Cumberland High
977,15.8,7.9,10.2,12.3,3.8,26,6.6,24.1,44,31.6,16,36.5,64.7,67.9,15.3,1.7,3.6,4.2,3.2,3.6,3,school,2022,Western Virginia,Danville Public Schools,George Washington High
202,14.7,2,10.3,12.4,5,20.8,6.9,19.3,54,46.5,19.8,50,57.5,78.7,16.8,1.2,4.4,4.8,1.8,2.4,4.4,school,2022,Western Virginia,Danville Public Schools,Galileo Magnet High
412,22.4,5.6,14.9,20.6,2.9,36.4,6.3,31.3,46.4,46.4,15.8,52.3,66.2,80.8,20.6,1.2,4.3,4.4,2.5,3.7,3.5,school,2022,Southwest,Dickenson County Public Schools,Ridgeview High
878,19.9,5.3,16,18.9,5.1,31.7,9.7,32.9,46,40.5,16.5,37.2,60.7,70.3,16.7,1.1,3.8,4.2,2.8,3.7,3.2,school,2022,Central Virginia,Dinwiddie County Public Schools,Dinwiddie County High
241,15.8,3.8,10.4,18.3,6.6,27.4,5.8,33.2,43.6,39,13.3,31.2,65.6,70.1,13.7,1.2,4,4.4,2.6,3.6,3.4,school,2022,Northern Neck,Essex County Public Schools,Essex High
1589,12.6,4.7,8.2,7.7,2.2,15.3,4.5,19.4,31.5,43.7,9,36.4,43.4,75.7,27.5,1,4.4,4.5,2.6,3.1,3.9,school,2022,Northern Virginia,Fairfax County Public Schools,Fairfax High
1325,14.4,8.6,11,9,3.1,15.6,5,20.2,33.8,42.6,9.6,34.6,46.5,74.9,22.5,1.2,4.2,4.5,2.5,3.1,3.9,school,2022,Northern Virginia,Fairfax County Public Schools,Herndon High
1451,13.5,3.8,9.1,6.3,2.3,14.5,5.4,22,30.8,52.2,9.7,41.8,51.1,80.4,38,1.2,4.5,4.6,2.2,3.2,4.1,school,2022,Northern Virginia,Fairfax County Public Schools,Lake Braddock Secondary
1989,11.6,3.4,7.5,5.1,1.5,11.3,3.1,15.8,28.1,55.4,8.7,41,44.5,79.7,35,0.7,4.6,4.8,2.1,2.7,4.3,school,2022,Northern Virginia,Fairfax County Public Schools,Chantilly High
1395,12.7,5.2,9.4,6.6,2.2,15.8,5.2,20.8,32,45.4,11,47.7,49.7,72.8,23.6,1,4.4,4.6,2.2,3,4.1,school,2022,Northern Virginia,Fairfax County Public Schools,Centreville High
NA,NA,NA,NA,NA,NA,NA,NA,NA,NA,NA,NA,NA,NA,NA,NA,NA,NA,NA,NA,NA,NA,school,2022,Northern Virginia,Fairfax County Public Schools,Fairfax County Adult High
1347,12.4,8.7,9.3,6.9,2.2,14,4.8,15.2,33.6,40.2,9.3,38.4,55.2,75.6,23.1,0.9,4.3,4.6,2.5,2.9,4.1,school,2022,Northern Virginia,Fairfax County Public Schools,Annandale High
1757,9.6,3.1,11.7,6.3,2,15.4,5.6,17.3,29.2,57.4,9.7,48.5,56.7,81.3,32.8,1,4.6,4.7,1.8,2.8,4.2,school,2022,Northern Virginia,Fairfax County Public Schools,McLean High
NA,NA,NA,NA,NA,NA,NA,NA,NA,NA,NA,NA,NA,NA,NA,NA,NA,NA,NA,NA,NA,NA,school,2022,Northern Virginia,Fairfax County Public Schools,Mount Vernon High
103,18.4,3,5,6.8,1,13.6,4.9,13.6,50.5,63.1,24.3,76,76,81.6,27.2,1.1,4.3,5.2,1.7,2.3,4.6,school,2022,Northern Virginia,Fairfax County Public Schools,Interagency Agency Alternative Schools
1291,13.2,7.7,11.9,8.9,3.3,18.1,6.5,17.3,30.6,35.7,7.1,45.7,58.7,76.7,17.7,1.2,4.3,4.5,2.5,2.9,3.9,school,2022,Northern Virginia,Fairfax County Public Schools,Lewis High
1580,10.3,3.5,10.6,7.3,2.5,16.1,5.3,22.1,29.7,52.7,10.3,45.7,53.7,75.8,27.4,1,4.6,4.7,1.9,2.9,4.3,school,2022,Northern Virginia,Fairfax County Public Schools,Madison High
NA,NA,NA,NA,NA,NA,NA,NA,NA,NA,NA,NA,NA,NA,NA,NA,NA,NA,NA,NA,NA,NA,school,2022,Northern Virginia,Fairfax County Public Schools,West Potomac High
NA,NA,NA,NA,NA,NA,NA,NA,NA,NA,NA,NA,NA,NA,NA,NA,NA,NA,NA,NA,NA,NA,school,2022,Northern Virginia,Fairfax County Public Schools,Justice High
1590,13.5,4.2,8.2,8.4,2.6,11.8,3.5,20.3,30.4,50.3,10.8,37.4,57.3,76.1,33.1,1,4.5,4.6,2,2.8,4.1,school,2022,Northern Virginia,Fairfax County Public Schools,Woodson High
1810,13.6,4.7,9.6,6.7,3.4,14.8,6,20.1,33,42,11,43.2,54.8,73.3,19.8,1.2,4.5,4.6,2.3,2.9,4.1,school,2022,Northern Virginia,Fairfax County Public Schools,Edison High
1573,12,3.4,9.7,7.1,2.4,13.7,4.3,18.6,30.3,53.7,10.2,42.2,55.3,81.6,31.1,0.7,4.6,4.7,2.1,2.8,4.3,school,2022,Northern Virginia,Fairfax County Public Schools,Marshall High
1411,9.1,1.7,2.1,2.8,0.9,9.8,2.7,11.6,24.8,59.1,6.4,41.8,52.7,80.8,45.7,0.6,4.9,4.9,1.3,2,4.3,school,2022,Northern Virginia,Fairfax County Public Schools,Thomas Jefferson High for Science and Technology
1269,9.3,4.4,12.2,8.8,3.5,17.6,6.5,19.8,26.2,52.1,11,42.9,48.6,75,30,1.1,4.6,4.6,2,2.9,4.2,school,2022,Northern Virginia,Fairfax County Public Schools,Langley High
1450,11.7,4.7,8.9,5.4,1.9,14.1,3.6,19,29.2,50.6,9.4,44.1,54.4,79.4,27.7,1,4.5,4.7,2.1,2.8,4.3,school,2022,Northern Virginia,Fairfax County Public Schools,West Springfield High
1530,12.2,3,6.9,4.6,1,11.2,3.1,16.7,28.6,56.1,9,44.9,51.4,79.4,33.3,0.8,4.6,4.7,2,2.8,4.2,school,2022,Northern Virginia,Fairfax County Public Schools,Oakton High
NA,NA,NA,NA,NA,NA,NA,NA,NA,NA,NA,NA,NA,NA,NA,NA,NA,NA,NA,NA,NA,NA,school,2022,Northern Virginia,Fairfax County Public Schools,Falls Church High
1532,11.2,4.4,8.1,9.2,2,16.5,4.5,19.8,29,52,8.5,39.2,53.8,79.8,28.4,1.1,4.5,4.7,2.2,3,4.2,school,2022,Northern Virginia,Fairfax County Public Schools,Robinson Secondary
NA,NA,NA,NA,NA,NA,NA,NA,NA,NA,NA,NA,NA,NA,NA,NA,NA,NA,NA,NA,NA,NA,school,2022,Northern Virginia,Fairfax County Public Schools,Hayfield Secondary
NA,NA,NA,NA,NA,NA,NA,NA,NA,NA,NA,NA,NA,NA,NA,NA,NA,NA,NA,NA,NA,NA,school,2022,Northern Virginia,Fairfax County Public Schools,South Lakes High
NA,NA,NA,NA,NA,NA,NA,NA,NA,NA,NA,NA,NA,NA,NA,NA,NA,NA,NA,NA,NA,NA,school,2022,Northern Virginia,Fairfax County Public Schools,Bryant High
16,5.6,5.4,6.2,6.2,0,12.5,0,6.2,31.2,25,18.8,0,33.3,75,12.5,1,4.1,4.7,1.7,1.8,4.8,school,2022,Northern Virginia,Fairfax County Public Schools,Mountain View AIM/ALC
1497,14.1,6,9.1,5.7,1.7,14.8,4.7,21.3,32,46.4,10.1,43,56.3,76.4,23.2,1,4.4,4.6,2.6,3,4,school,2022,Northern Virginia,Fairfax County Public Schools,Westfield High
1645,10.6,4.3,9.2,7.7,2.7,17.7,5.5,21,29.1,46.8,8.8,43.8,45.8,76.4,26.9,0.8,4.5,4.6,2.2,3.1,4.1,school,2022,Northern Virginia,Fairfax County Public Schools,South County High
NA,NA,NA,NA,NA,NA,NA,NA,NA,NA,NA,NA,NA,NA,NA,NA,NA,NA,NA,NA,NA,NA,school,2022,Northern Virginia,Fairfax County Public Schools,Mountain View High
546,14.4,2,8.1,10.4,2.9,17.2,5.1,22.9,36.3,48.7,11.2,44.3,49.2,72,18.5,0.9,4.6,4.7,1.7,2.8,4.3,school,2022,Northern Virginia,Falls Church Public Schools,Meridian High
846,13.9,3.9,19.5,16.5,5,27.1,7,35.1,41,41.4,14.8,38.4,61.6,73.2,24.3,1.1,4.2,4.4,2.1,3.2,3.8,school,2022,Northern Virginia,Fauquier County Public Schools,Kettle Run High
976,16.5,4.4,17,17.1,6.2,25.8,6,29,41.5,38.7,14.2,37.4,54,74.6,30.7,1.2,4.3,4.5,2.6,3.2,4,school,2022,Northern Virginia,Fauquier County Public Schools,Fauquier High
887,19.5,6.2,12.9,17.5,5.1,26.5,6,30.1,41.1,39,13,40.9,55.7,74.6,21.5,1.5,4.1,4.4,2.8,3.5,3.6,school,2022,Northern Virginia,Fauquier County Public Schools,Liberty High
475,19.4,4.1,19.9,20.4,7.8,37.5,6.9,32.2,50.7,39.6,19.8,33,55.3,65.3,18.5,1.2,4.1,4.3,2.2,3.5,3.6,school,2022,Western Virginia,Floyd County Public Schools,Floyd County High
820,13.2,4,18.1,15.4,3.7,27.2,5.5,31.3,45.4,41.6,15.9,37.7,50,78.4,16.6,0.9,4,4.4,3,3.6,3.4,school,2022,Valley,Fluvanna County Public Schools,Fluvanna County High
NA,NA,NA,NA,NA,NA,NA,NA,NA,NA,NA,NA,NA,NA,NA,NA,NA,NA,NA,NA,NA,NA,school,2022,Western Virginia,Franklin County Public Schools,Franklin County High
230,12.7,2.4,6.7,10,3.9,26.1,3.5,21.7,41.7,33.9,11.3,57.7,46.2,70,13.9,1.1,3.9,4.5,2.3,3,3.7,school,2022,Tidewater,Franklin Public Schools,Franklin High
856,20,5.3,17.4,18.2,4.9,25.7,6,36.6,43.3,40.1,14.1,38,56.2,71.1,18.7,1.1,4.1,4.4,2.7,3.6,3.4,school,2022,Northern Virginia,Frederick County Public Schools,James Wood High
807,19.5,6.8,11.5,10,3.3,23,5.2,30.1,44.4,42.5,13.3,29.9,50.5,73.9,17.7,1.1,4.4,4.6,2.4,3.2,4,school,2022,Northern Virginia,Frederick County Public Schools,Millbrook High
NA,NA,NA,NA,NA,NA,NA,NA,NA,NA,NA,NA,NA,NA,NA,NA,NA,NA,NA,NA,NA,NA,school,2022,Northern Virginia,Frederick County Public Schools,Sherando High
NA,NA,NA,NA,NA,NA,NA,NA,NA,NA,NA,NA,NA,NA,NA,NA,NA,NA,NA,NA,NA,NA,school,2022,Northern Neck,Fredericksburg Public Schools,James Monroe High
312,17.5,5,11.4,14.1,5.4,26,6.7,22.8,45.5,44.6,10.9,47.1,55.9,81.1,17.9,1.3,4.2,4.5,2.2,3.2,3.7,school,2022,Southwest,Galax Public Schools,Galax High
417,19.7,4.8,16.1,28.5,8.4,37.2,5.8,37.6,42,42.4,13.9,37.9,62.1,78.4,21.3,1.2,3.9,4.4,2.4,3.9,3.4,school,2022,Southwest,Giles County Public Schools,Giles High
126,4.7,3.2,16.8,15.9,12.7,30.2,6.3,22.2,43.7,39.7,11.9,46.7,73.3,73,24.6,1.7,4.7,5.1,1.9,2.9,4.3,school,2022,Southwest,Giles County Public Schools,Giles Technology Center
167,18.8,3.9,12.6,26.3,7.2,35.9,4.8,31.7,47.3,46.1,15,64,64,83.2,17.4,1.2,4.5,4.9,2.6,3.2,4.2,school,2022,Southwest,Giles County Public Schools,Narrows High
1056,20.1,5.9,27.5,17.5,6.2,34.1,9,40.9,49.1,39.9,18.5,32.8,62.1,68.4,22.9,1.2,3.9,4,3.1,3.9,3,school,2022,Northern Neck,Gloucester County Public Schools,Gloucester High
625,14.3,2.5,19.9,18.4,5.1,32,8.3,38.9,45.6,46.2,17.6,42.7,53.6,77,22.1,1.4,4.3,4.6,2.5,3.3,3.7,school,2022,Central Virginia,Goochland County Public Schools,Goochland High
NA,NA,NA,NA,NA,NA,NA,NA,NA,NA,NA,NA,NA,NA,NA,NA,NA,NA,NA,NA,NA,NA,school,2022,NA,Governor's School for the Arts,Governor's School for the Arts
311,21.1,3.6,19.6,25.7,8.4,30.2,7.7,31.5,45.3,43.4,16.1,30,64,80.7,17.7,1.1,4.3,4.6,2.5,3.5,3.7,school,2022,Southwest,Grayson County Public Schools,Grayson County High
615,18.4,5.1,10.9,14.3,3.3,25.4,3.3,28.6,41.5,44.2,15,39.1,47.8,77.9,11.5,1,4.2,4.5,2.4,3.4,3.7,school,2022,Valley,Greene County Public Schools,William Monroe High
354,14.8,7.4,7.8,11.6,4.5,20.9,5.6,22.9,42.1,31.9,16.7,30.5,57.6,67.5,13.3,1.3,3.5,4.1,3.4,3.6,2.7,school,2022,Southside,Greensville County Public Schools,Greensville County High
920,20.3,9,13,17.4,5.3,26.1,7.3,28.9,43.5,34.8,13.9,27.3,60.9,73.2,12.4,1.5,3.8,4.3,3.3,3.9,3,school,2022,Southside,Halifax County Public Schools,Halifax County High
NA,NA,NA,NA,NA,NA,NA,NA,NA,NA,NA,NA,NA,NA,NA,NA,NA,NA,NA,NA,NA,NA,school,2022,Tidewater,Hampton Public Schools,Phoebus High
NA,NA,NA,NA,NA,NA,NA,NA,NA,NA,NA,NA,NA,NA,NA,NA,NA,NA,NA,NA,NA,NA,school,2022,Tidewater,Hampton Public Schools,Hampton High
NA,NA,NA,NA,NA,NA,NA,NA,NA,NA,NA,NA,NA,NA,NA,NA,NA,NA,NA,NA,NA,NA,school,2022,Tidewater,Hampton Public Schools,Kecoughtan High
1088,16.5,5.4,13.2,11.1,5.6,22,8,28.2,46,36.1,17.1,35.5,53.8,65.8,17.1,1.3,3.8,4.3,3.4,3.5,3.2,school,2022,Tidewater,Hampton Public Schools,Bethel High
NA,NA,NA,NA,NA,NA,NA,NA,NA,NA,NA,NA,NA,NA,NA,NA,NA,NA,NA,NA,NA,NA,school,2022,Central Virginia,Hanover County Public Schools,Atlee High
NA,NA,NA,NA,NA,NA,NA,NA,NA,NA,NA,NA,NA,NA,NA,NA,NA,NA,NA,NA,NA,NA,school,2022,Central Virginia,Hanover County Public Schools,The Georgetown School
NA,NA,NA,NA,NA,NA,NA,NA,NA,NA,NA,NA,NA,NA,NA,NA,NA,NA,NA,NA,NA,NA,school,2022,Central Virginia,Hanover County Public Schools,The Hanover Center For Trades And Technology
NA,NA,NA,NA,NA,NA,NA,NA,NA,NA,NA,NA,NA,NA,NA,NA,NA,NA,NA,NA,NA,NA,school,2022,Central Virginia,Hanover County Public Schools,Mechanicsville High School
NA,NA,NA,NA,NA,NA,NA,NA,NA,NA,NA,NA,NA,NA,NA,NA,NA,NA,NA,NA,NA,NA,school,2022,Central Virginia,Hanover County Public Schools,Patrick Henry High
NA,NA,NA,NA,NA,NA,NA,NA,NA,NA,NA,NA,NA,NA,NA,NA,NA,NA,NA,NA,NA,NA,school,2022,Central Virginia,Hanover County Public Schools,Hanover High
NA,NA,NA,NA,NA,NA,NA,NA,NA,NA,NA,NA,NA,NA,NA,NA,NA,NA,NA,NA,NA,NA,school,2022,Central Virginia,Hanover County Public Schools,Hanover On-Line School
1219,19.9,8.5,13.4,8.9,3,21.1,5.4,24.9,42.3,40.9,15.3,34.8,57.2,70.5,15.1,0.9,4.1,4.7,2.8,3.1,4,school,2022,Valley,Harrisonburg Public Schools,Harrisonburg High
83,13.8,6.4,13.6,8.4,6,18.1,8.4,20.5,26.5,42.2,7.2,50,66.7,63.9,16.9,1.5,3.6,4.5,2.4,2.8,3.7,school,2022,Central Virginia,Henrico County Public Schools,Academy at Virginia Randolph
244,10.8,16.1,0,1.6,0.8,5.3,1.6,4.1,36.5,55.7,8.6,28.6,61.9,85.2,22.1,0.8,4,4.9,1.8,2.4,4.5,school,2022,Central Virginia,Henrico County Public Schools,Henrico Virtual Academy
1133,15,4.1,11.8,11.1,3.4,20.1,4.8,25.7,35.7,43.7,9.6,43.1,46.8,76.3,23.3,0.8,4.4,4.6,2.6,3.1,4.1,school,2022,Central Virginia,Henrico County Public Schools,Glen Allen High
1366,13.5,4.5,15.4,11.3,3.1,20.9,6,27.4,38.1,45.8,12.2,41,53,79.9,41.4,1.2,4.4,4.5,2.5,3.2,3.8,school,2022,Central Virginia,Henrico County Public Schools,Mills E. Godwin High
1167,10.5,3.4,11.1,8.2,2.9,15.3,5.1,22.5,27.8,46.9,7.8,48.4,54.9,78.2,36.8,0.9,4.5,4.7,2,3,4.1,school,2022,Central Virginia,Henrico County Public Schools,Deep Run High
1060,15,4.3,12.3,13.5,4.8,23.3,7.7,27.3,35.5,45.5,12.6,40.3,53.7,77.4,30.4,1,4.4,4.6,3.1,3.3,3.9,school,2022,Central Virginia,Henrico County Public Schools,Douglas S. Freeman High
1083,13.7,8.3,7.4,6,1.9,13.7,5,23.8,34.5,40.4,9.7,39,58.1,78.7,23.1,1,4.3,4.5,3.1,3,4,school,2022,Central Virginia,Henrico County Public Schools,John Randolph Tucker High
931,18.8,5.9,13,13.5,5.3,22.6,8.2,30.1,40.1,40.8,11.1,35,45.6,68.6,25.7,1.1,4,4.5,2.8,3.3,3.7,school,2022,Central Virginia,Henrico County Public Schools,Hermitage High
NA,NA,NA,NA,NA,NA,NA,NA,NA,NA,NA,NA,NA,NA,NA,NA,NA,NA,NA,NA,NA,NA,school,2022,Central Virginia,Henrico County Public Schools,Highland Springs High
NA,NA,NA,NA,NA,NA,NA,NA,NA,NA,NA,NA,NA,NA,NA,NA,NA,NA,NA,NA,NA,NA,school,2022,Central Virginia,Henrico County Public Schools,Varina High
NA,NA,NA,NA,NA,NA,NA,NA,NA,NA,NA,NA,NA,NA,NA,NA,NA,NA,NA,NA,NA,NA,school,2022,Central Virginia,Henrico County Public Schools,Henrico High
626,19.2,5.6,14.7,15.8,4.6,28,5.3,28.4,44.7,43.1,17.9,42,55.4,72.5,16,1,4.1,4.6,2.6,3.6,3.6,school,2022,Western Virginia,Henry County Public Schools,Bassett High
759,14.8,6,16.3,16.6,6.1,28.5,6.1,27.1,42.3,44.1,12.5,34.7,61.1,75.1,15.5,1.4,4.2,4.5,2.8,3.8,3.5,school,2022,Western Virginia,Henry County Public Schools,Magna Vista High
44,15.2,0.8,15.9,27.3,11.4,36.4,4.5,22.7,31.8,50,9.1,50,50,84.1,22.7,1,4.7,4.7,1.8,2.7,3.8,school,2022,Valley,Highland County Public Schools,Highland High
NA,NA,NA,NA,NA,NA,NA,NA,NA,NA,NA,NA,NA,NA,NA,NA,NA,NA,NA,NA,NA,NA,school,2022,Central Virginia,Hopewell Public Schools,Hopewell High
316,17.4,3.4,8.5,14.6,4.1,30.1,5.1,26.6,38.9,45.3,7.9,36,48,74.7,14.6,1,4.3,4.7,2.2,3.3,3.9,school,2022,Tidewater,Isle of Wight County Public Schools,Windsor High
NA,NA,NA,NA,NA,NA,NA,NA,NA,NA,NA,NA,NA,NA,NA,NA,NA,NA,NA,NA,NA,NA,school,2022,Tidewater,Isle of Wight County Public Schools,Smithfield High
173,10.3,3.3,8.7,7.5,6.9,24.3,7.5,16.8,33.5,47.4,14.5,16,80,79.8,14.5,1.2,4.8,5.2,2,2.6,4.5,school,2022,NA,Jackson River Technical Center,Jackson River Technical Center
139,13,3.9,15.2,23.7,10.1,28.1,4.3,29.5,38.1,42.4,9.4,15.4,61.5,76.3,15.8,1,4,4.6,2.2,3.5,3.6,school,2022,Northern Neck,King and Queen County Public Schools,Central High
896,14.8,5.6,12.3,14,4.9,22.2,5.2,31.2,40.1,42.6,13.2,31.4,50,75.6,21.2,1.1,4.2,4.7,2.5,3.4,3.9,school,2022,Northern Neck,King George County Public Schools,King George High
NA,NA,NA,NA,NA,NA,NA,NA,NA,NA,NA,NA,NA,NA,NA,NA,NA,NA,NA,NA,NA,NA,school,2022,Northern Neck,King William County Public Schools,King William High
182,16,4.7,17.1,24.2,7.7,31.3,7.1,34.1,43.4,34.1,13.2,33.3,62.5,65.9,12.6,1.5,3.9,4.3,2.5,3.4,3.2,school,2022,Northern Neck,Lancaster County Public Schools,Lancaster High
329,21.5,8.7,24,26.7,6.1,39.5,6.7,37.7,47.7,35.6,17.9,42.4,55.9,78.7,18.5,1.2,4.1,4.2,3,4,2.9,school,2022,Southwest,Lee County Public Schools,Lee High
NA,NA,NA,NA,NA,NA,NA,NA,NA,NA,NA,NA,NA,NA,NA,NA,NA,NA,NA,NA,NA,NA,school,2022,Southwest,Lee County Public Schools,Thomas Walker High
821,14.3,3.9,6.7,5.8,2.3,14.7,4.9,18,32.3,51.3,7.1,43.1,44.8,82.3,28.7,0.7,4.5,4.6,2.2,2.8,4.3,school,2022,Northern Virginia,Loudoun County Public Schools,Dominion High
1021,14.9,3.8,10.6,9.5,2.3,18.3,3.8,24,37.2,51.7,8.2,50,47.6,78.1,28,0.8,4.5,4.7,2.3,2.8,4.2,school,2022,Northern Virginia,Loudoun County Public Schools,Potomac Falls High
1459,10.6,3,7.8,8.2,2.3,18.6,6.1,23.6,33.4,48,7.8,36,49.1,83.4,35.4,1,4.5,4.7,2.3,2.9,4.1,school,2022,Northern Virginia,Loudoun County Public Schools,John Champe High School
1096,12.5,4.6,11.1,9.3,2.8,17.4,4.6,23.8,32.6,42.6,8.5,49.5,52.7,81.5,28.6,1.3,4.5,4.6,2.5,3.1,3.9,school,2022,Northern Virginia,Loudoun County Public Schools,Loudoun County High
916,11.1,3.2,10.8,9.6,2.5,19,5,26.5,36,48,9.2,38.1,50,79.3,38.1,0.7,4.5,4.7,2.4,2.9,4.2,school,2022,Northern Virginia,Loudoun County Public Schools,Broad Run High
915,12.9,3.8,9.4,7.7,1.5,16.5,2.5,22.4,33,54.8,8.6,46.8,45.6,82.4,37.6,0.8,4.6,4.7,2.1,2.8,4.3,school,2022,Northern Virginia,Loudoun County Public Schools,Heritage High
979,10.7,2.6,7.3,9.5,2.6,18.3,5.1,22.5,32.2,52,8.5,50.6,51.8,80.4,28.6,0.7,4.6,4.7,2.1,2.9,4.3,school,2022,Northern Virginia,Loudoun County Public Schools,Riverside High
924,12.1,3.1,7.2,6.6,2.6,17.2,4.2,20.6,31.7,46.9,9.2,42.4,50.6,82.3,35.2,0.8,4.6,4.8,2.1,2.5,4.3,school,2022,Northern Virginia,Loudoun County Public Schools,Rock Ridge High
948,9.9,2.2,4.9,6,1.4,14.7,2.5,22.2,29.4,58,6,54.4,50.9,83.9,32.2,0.8,4.8,4.9,1.7,2.5,4.7,school,2022,Northern Virginia,Loudoun County Public Schools,Independence High
746,9.3,3.1,5.6,7.9,1.3,16.2,4.3,21.4,28.7,54.4,7.4,38.2,40,82.7,34.3,0.8,4.6,4.9,1.8,2.6,4.4,school,2022,Northern Virginia,Loudoun County Public Schools,Lightridge High School
NA,NA,NA,NA,NA,NA,NA,NA,NA,NA,NA,NA,NA,NA,NA,NA,NA,NA,NA,NA,NA,NA,school,2022,Northern Virginia,Loudoun County Public Schools,Park View High
NA,NA,NA,NA,NA,NA,NA,NA,NA,NA,NA,NA,NA,NA,NA,NA,NA,NA,NA,NA,NA,NA,school,2022,Northern Virginia,Loudoun County Public Schools,Freedom High
NA,NA,NA,NA,NA,NA,NA,NA,NA,NA,NA,NA,NA,NA,NA,NA,NA,NA,NA,NA,NA,NA,school,2022,Northern Virginia,Loudoun County Public Schools,Tuscarora High
NA,NA,NA,NA,NA,NA,NA,NA,NA,NA,NA,NA,NA,NA,NA,NA,NA,NA,NA,NA,NA,NA,school,2022,Northern Virginia,Loudoun County Public Schools,Briar Woods High
NA,NA,NA,NA,NA,NA,NA,NA,NA,NA,NA,NA,NA,NA,NA,NA,NA,NA,NA,NA,NA,NA,school,2022,Northern Virginia,Loudoun County Public Schools,Woodgrove High
NA,NA,NA,NA,NA,NA,NA,NA,NA,NA,NA,NA,NA,NA,NA,NA,NA,NA,NA,NA,NA,NA,school,2022,Northern Virginia,Loudoun County Public Schools,Loudoun Valley High
NA,NA,NA,NA,NA,NA,NA,NA,NA,NA,NA,NA,NA,NA,NA,NA,NA,NA,NA,NA,NA,NA,school,2022,Northern Virginia,Loudoun County Public Schools,Stone Bridge High
1146,15.9,6.6,9.8,12.2,4.2,24.3,5.5,26.4,44.1,41.3,12.8,38.1,53.7,77.4,18.3,1.2,4.3,4.6,2.1,3.3,3.9,school,2022,Valley,Louisa County Public Schools,Louisa County High
371,20.1,7.5,17.5,19.7,4,30.2,6.7,30.2,44.2,37.5,14.8,34.5,63.6,69.3,14,1.2,4.1,4.5,2.7,3.5,3.5,school,2022,Southside,Lunenburg County Public Schools,Central High
NA,NA,NA,NA,NA,NA,NA,NA,NA,NA,NA,NA,NA,NA,NA,NA,NA,NA,NA,NA,NA,NA,school,2022,Valley,Lynchburg Public Schools,Heritage High
868,13.4,4.9,14.6,12.8,5.9,24.1,6.3,28.7,42.4,40.1,14.1,41,59,66.7,16.7,1.1,4.1,4.3,2.7,3.4,3.6,school,2022,Valley,Lynchburg Public Schools,E.C. Glass High
NA,NA,NA,NA,NA,NA,NA,NA,NA,NA,NA,NA,NA,NA,NA,NA,NA,NA,NA,NA,NA,NA,school,2022,Northern Virginia,Madison County Public Schools,Madison County High
667,9.5,0.5,5.2,4.9,1.6,13.3,3.9,20.5,32.7,63.6,7.3,75.5,53.1,84.7,75,0.6,5,5.1,1.2,1.9,4.7,school,2022,NA,Maggie L. Walker Governor's School,Maggie L. Walker Governor's School
831,19.9,8.2,16.8,11.3,4.9,20.9,6.4,27.7,48.3,34.9,11.9,29.3,58.6,69,14.8,1.2,4.1,4.6,2.6,3.2,3.8,school,2022,Northern Virginia,Manassas Park Public Schools,Manassas Park High
NA,NA,NA,NA,NA,NA,NA,NA,NA,NA,NA,NA,NA,NA,NA,NA,NA,NA,NA,NA,NA,NA,school,2022,Northern Virginia,Manassas Public Schools,Osbourn High
460,16.5,4.4,13.4,15.9,6.1,25.9,7.6,28.9,45.4,37.2,17,42.3,61.5,70.9,13,1.4,3.9,4.4,2.8,3.6,3.4,school,2022,Western Virginia,Martinsville Public Schools,Martinsville High
190,15.7,1.9,12.2,22.1,5.8,31.6,3.7,32.6,56.3,49.5,16.3,41.9,61.3,84.2,21.1,1.1,4.3,4.6,2.2,3.5,3.5,school,2022,Northern Neck,Mathews County Public Schools,Mathews High
531,12.7,8.8,8.2,17.3,8.3,24.9,9.8,23,39.5,29.2,14.3,27.6,61.8,66.9,15.1,1.2,3.8,4,2.8,3.7,2.9,school,2022,Southside,Mecklenburg County Public Schools,Bluestone High
667,16.1,7.9,16.1,18.9,3.3,26.7,6.4,32.4,44.7,38.1,17.7,45.8,67.8,70.6,14.8,1.5,3.9,4.1,3,4.1,2.9,school,2022,Southside,Mecklenburg County Public Schools,Park View High
300,18.3,6.6,12,20.7,6.3,36,5.7,31.3,46.3,35.7,16.3,42.9,55.1,73.3,19.3,1.2,4,4.3,2.4,3.2,3.4,school,2022,Northern Neck,Middlesex County Public Schools,Middlesex High
929,14.7,3,13.8,17.2,4.2,27.8,7,33.6,39.4,47.4,13,43,52.1,74,24.2,0.8,4.4,4.6,2.6,3.4,3.8,school,2022,Western Virginia,Montgomery County Public Schools,Blacksburg High
816,16.1,3,17.8,23.7,5.6,32.8,7.2,40.7,47.8,44.9,18.9,42.2,62.3,75.6,24.4,1.2,4.2,4.5,3.1,3.7,3.3,school,2022,Western Virginia,Montgomery County Public Schools,Christiansburg High
188,20,5.5,17.6,22.3,5.3,34,3.2,29.8,43.1,48.4,8.5,43.8,37.5,83,25,0.8,4.3,4.7,2.6,3.3,3.7,school,2022,Western Virginia,Montgomery County Public Schools,Eastern Montgomery High
NA,NA,NA,NA,NA,NA,NA,NA,NA,NA,NA,NA,NA,NA,NA,NA,NA,NA,NA,NA,NA,NA,school,2022,Western Virginia,Montgomery County Public Schools,Auburn High
407,13,5.3,12.1,11.5,2.2,19.4,5.7,20.9,29.5,43.5,7.4,60,56.7,77.4,13.3,1.4,4.2,4.5,2.8,3.4,3.6,school,2022,Valley,Nelson County Public Schools,Nelson County High
546,7.4,5.1,4.2,6.2,1.3,7.9,2.4,10.6,30.2,46.2,8.1,40.9,70.5,75.8,21.6,0.6,4.9,5.1,1.5,2,4.9,school,2022,NA,New Horizons - Butler Farm Campus,New Horizons - Butler Farm Campus
816,15.5,4.5,16.2,16.2,4,31.6,5.5,32.6,44.6,41.8,15.3,28,52,70.2,19.6,1.4,4.1,4.4,2.5,3.5,3.5,school,2022,Central Virginia,New Kent County Public Schools,New Kent High
703,14.4,6.3,10.3,9.5,3.7,16.9,5.5,23.9,44.1,37.3,14.8,25,57.7,71.1,13.1,1.3,3.8,4.6,2.8,3.3,3.7,school,2022,Tidewater,Newport News Public Schools,Denbigh High
896,20.5,5.9,15.1,12.5,3.3,22.2,6.4,34.3,49.6,36.4,16.1,35.4,55.6,65.2,15.1,1,3.7,4.3,3.4,3.6,3.1,school,2022,Tidewater,Newport News Public Schools,Warwick High
1146,16,5.1,17.3,9.5,3.8,19.9,6.7,27.1,43.2,35.7,13,32.2,55.7,71,17,1.5,4,4.4,2.9,3.3,3.6,school,2022,Tidewater,Newport News Public Schools,Menchville High
44,10.4,0.8,0,6.8,0,18.2,4.5,13.6,50,54.5,20.5,44.4,44.4,84.1,27.3,1,4.3,5.4,1.5,1.9,5.1,school,2022,Tidewater,Newport News Public Schools,Point Option Alternative School
728,18.5,8.2,5.8,9.3,3.8,15,5.6,21.3,40.7,34.9,14.4,32.4,60,69.2,12.8,1.3,3.7,4.5,3.2,3.2,3.5,school,2022,Tidewater,Newport News Public Schools,Heritage High
976,16,4.2,7.8,8.4,2.8,19.3,5.1,28.5,48.6,38.7,16.6,39.5,58,70.7,16.8,1.2,4.1,4.5,2.6,3.3,3.9,school,2022,Tidewater,Newport News Public Schools,Woodside High
196,10,3.1,8.7,8.2,4.1,17.9,5.1,16.3,41.8,35.7,13.3,23.1,76.9,70.9,13.8,1.4,4.3,4.5,2.1,2.8,4,school,2022,Tidewater,Newport News Public Schools,Achievable Dream Middle/High
NA,NA,NA,NA,NA,NA,NA,NA,NA,NA,NA,NA,NA,NA,NA,NA,NA,NA,NA,NA,NA,NA,school,2022,Tidewater,Norfolk Public Schools,Booker T Washington High
NA,NA,NA,NA,NA,NA,NA,NA,NA,NA,NA,NA,NA,NA,NA,NA,NA,NA,NA,NA,NA,NA,school,2022,Tidewater,Norfolk Public Schools,Norfolk Alternative High
1210,16.4,4.7,16.6,12.6,4.7,21.7,6.6,26.3,40.7,37.4,11.2,37.5,54.4,67.6,15.4,1.3,4.1,4.6,3,3.4,3.6,school,2022,Tidewater,Norfolk Public Schools,Matthew Fontaine Maury High
1408,17.9,5.7,15.9,13.6,5.3,24,6.2,30.8,48.5,37.9,17,32.5,55,66.1,17.8,1.3,3.8,4.3,3.3,3.6,3.1,school,2022,Tidewater,Norfolk Public Schools,Granby High
1626,18.6,5.6,16.5,12.6,4.4,20.8,6.3,28.8,45,35.3,16.6,30,62.6,69.3,16.2,1.7,3.9,4.5,3,3.3,3.6,school,2022,Tidewater,Norfolk Public Schools,Norview High
534,16.4,9.1,9.8,11,3,19.1,6.4,20.6,40.1,26.4,12.7,27.9,64.7,62.9,15.5,1.5,3.6,4.3,2.9,3.4,3.3,school,2022,Tidewater,Norfolk Public Schools,Lake Taylor High
220,19.2,5.1,6.9,15,7.7,28.6,4.5,25.5,42.3,34.5,10.5,43.5,56.5,65.9,12.3,1.5,4.1,4.4,2.6,3.5,3.5,school,2022,Tidewater,Northampton County Public Schools,Northampton High
203,3.8,1.3,2.5,4.9,3.4,6.9,1.5,9.4,27.6,46.3,4.9,50,40,85.2,22.7,0.8,4.9,5.3,1.5,1.9,4.8,school,2022,NA,Northern Neck Technical Center,Northern Neck Technical Center
203,3.8,1.3,2.5,4.9,3.4,6.9,1.5,9.4,27.6,46.3,4.9,50,40,85.2,22.7,0.8,4.9,5.3,1.5,1.9,4.8,school,2022,NA,Northern Neck Technical Center,nan
749,6.4,3.8,3.8,5.9,1.9,7.6,2.1,10.3,29.5,46.2,7.2,42.6,64.8,78.4,21.9,0.6,4.9,5.1,1.5,2,4.9,school,2022,NA,nan,nan
219435,15.6,5,12.7,12.3,3.7,21.9,5.6,27.1,39.9,43.6,12.8,39.1,56.3,75.1,22.9,1.1,4.2,4.5,2.5,3.2,3.8,school,2022,NA,nan,nan
199,19.1,3.1,16.1,14.6,5.5,28.6,4.5,27.1,39.7,45.7,12.6,32,64,72.4,15.1,1.2,4.1,4.6,2.5,3.4,3.9,school,2022,Northern Neck,Northumberland County Public Schools,Northumberland High
218,14.3,1.6,11.5,14.7,1.4,28.4,2.3,27.5,40.4,50.9,16.5,52.8,66.7,78.9,15.1,1.4,4.8,5.1,1.9,2.8,4.6,school,2022,Southwest,Norton Public Schools,J.I. Burton High
360,19.8,4.1,15.4,16.7,4.2,23.1,10.6,30,48.9,40.8,20.8,45.3,52,76.1,20.3,1.4,4,4.4,2.7,3.5,3.5,school,2022,Southside,Nottoway County Public Schools,Nottoway High
988,19.2,7.2,21.2,15.5,5.4,23.4,7,34.4,44.5,39.8,15.2,41.3,60.7,75.9,19.9,1.3,4,4.2,2.8,3.7,3.2,school,2022,Northern Virginia,Orange County Public Schools,Orange County High
292,15.8,2.3,11.8,27.1,8.9,36.3,8.6,32.2,42.1,43.8,20.5,45,58.3,75,24.7,1.7,4.2,4.8,2.3,3.6,3.6,school,2022,Northern Virginia,Page County Public Schools,Luray High
NA,NA,NA,NA,NA,NA,NA,NA,NA,NA,NA,NA,NA,NA,NA,NA,NA,NA,NA,NA,NA,NA,school,2022,Northern Virginia,Page County Public Schools,Page County High
612,16.9,4.8,12.7,20.6,6.9,33,6.5,29.6,43.1,38.7,14.2,35.6,64.4,74.2,14.7,1.2,4,4.4,2.6,3.4,3.5,school,2022,Western Virginia,Patrick County Public Schools,Patrick County High
NA,NA,NA,NA,NA,NA,NA,NA,NA,NA,NA,NA,NA,NA,NA,NA,NA,NA,NA,NA,NA,NA,school,2022,Central Virginia,Petersburg Public Schools,Petersburg High
144,4.8,2.6,2.1,4.9,2.1,8.3,2.1,4.9,44.4,56.9,6.9,50,60,89.6,13.9,1.3,5.1,5.3,1.1,1.6,4.9,school,2022,NA,Piedmont Governor's School,Piedmont Governor's School
471,18.3,5.3,13.6,18.7,6.6,33.3,6.6,37.4,50.3,39.9,19.7,43,55.9,68.4,17.8,1.1,4,4.4,3,3.8,3.3,school,2022,Western Virginia,Pittsylvania County Public Schools,Dan River High
477,19.2,5.1,17.7,22.4,5.5,38.2,6.5,35,47.8,34,19.5,29,65.6,68.6,14.5,1.3,3.7,4,3.1,3.9,2.9,school,2022,Western Virginia,Pittsylvania County Public Schools,Gretna High
532,17.2,4.9,20.5,20.3,11.3,34.6,8.5,35.7,43.6,39.5,19.4,22.3,73.8,72,15.6,1.6,4,4.3,2.7,3.7,3.4,school,2022,Western Virginia,Pittsylvania County Public Schools,Chatham High
726,19.3,2.5,17.7,21.8,9.1,32.5,9.2,32.9,45.5,42,17.8,43.4,55.8,72.9,18.3,1.4,4.1,4.4,2.7,3.9,3.5,school,2022,Western Virginia,Pittsylvania County Public Schools,Tunstall High
689,16,4.1,12.5,14.7,4.8,24.8,4.6,31.3,42.2,45.7,13.2,39.6,54.9,79.4,15.7,0.9,4.2,4.5,2.2,3.4,3.7,school,2022,Tidewater,Poquoson Public Schools,Poquoson High
NA,NA,NA,NA,NA,NA,NA,NA,NA,NA,NA,NA,NA,NA,NA,NA,NA,NA,NA,NA,NA,NA,school,2022,Tidewater,Portsmouth Public Schools,I.C. Norcom High
NA,NA,NA,NA,NA,NA,NA,NA,NA,NA,NA,NA,NA,NA,NA,NA,NA,NA,NA,NA,NA,NA,school,2022,Tidewater,Portsmouth Public Schools,Monroe High
944,16,4.5,11.4,10.9,3.7,22,6.5,27.9,46.1,42.5,16,30.5,60.3,72.2,14.7,1.4,4,4.5,3,3.5,3.6,school,2022,Tidewater,Portsmouth Public Schools,Churchland High
803,14.3,4.3,16.6,17.4,4.5,30.6,6.7,34.9,36.2,45.7,12.8,44.7,57.3,82.7,28.6,0.8,4.3,4.5,2.6,3.5,3.7,school,2022,Central Virginia,Powhatan County Public Schools,Powhatan High
294,19.1,3.6,13.7,13.6,3.7,22.4,3.1,32.3,51.7,36.1,15.6,34.8,63,64.6,8.8,1.3,3.7,4.2,2.9,3.7,3,school,2022,Southside,Prince Edward County Public Schools,Prince Edward County High
1036,18.6,6.7,14.9,16,3.7,26.2,6.2,31.9,42.1,37.5,12.6,30.5,64.1,72.5,19.3,1.2,3.9,4.1,2.7,3.8,3.2,school,2022,Central Virginia,Prince George County Public Schools,Prince George High
1119,19,8.5,10.4,8,2.3,17.4,4.6,23.3,40.8,34.5,12.4,37.4,56.8,76.8,26.9,1.1,4,4.4,2.6,3,3.8,school,2022,Northern Virginia,Prince William County Public Schools,Potomac High
1256,23.5,10.4,13.8,9.6,3.4,17.3,6.1,23.4,44.9,34.8,13.5,25.4,56.2,75.1,19.8,1.3,3.9,4.4,3.1,3.1,3.6,school,2022,Northern Virginia,Prince William County Public Schools,Freedom High
625,13.5,5.2,12.3,8.6,2.2,19.8,4.5,23.7,30.7,46.7,9.3,58.6,48.3,83.4,42.6,0.7,4.4,4.5,2,3,4.2,school,2022,Northern Virginia,Prince William County Public Schools,Brentsville District High
1552,16.4,7.1,9.5,8,2.6,16,5.2,25.3,39.5,37.9,11.5,38.2,55.1,75.8,26.8,1.2,4.2,4.4,2.9,3.1,3.8,school,2022,Northern Virginia,Prince William County Public Schools,Forest Park High
1825,17.3,6,11.5,9.8,2.4,19.5,5.6,28.2,46.4,42.6,14.2,43.6,53.3,81.6,38.2,1,4.4,4.6,2.6,3.1,4.3,school,2022,Northern Virginia,Prince William County Public Schools,Charles J. Colgan Sr. High
1034,16.3,5.9,10.7,8.7,2.7,19.4,4.4,30.6,39.2,44.8,14.1,39,51.4,81.2,36.8,0.8,4.4,4.5,2.6,3,4.2,school,2022,Northern Virginia,Prince William County Public Schools,Gainesville High
NA,NA,NA,NA,NA,NA,NA,NA,NA,NA,NA,NA,NA,NA,NA,NA,NA,NA,NA,NA,NA,NA,school,2022,Northern Virginia,Prince William County Public Schools,Woodbridge High
NA,NA,NA,NA,NA,NA,NA,NA,NA,NA,NA,NA,NA,NA,NA,NA,NA,NA,NA,NA,NA,NA,school,2022,Northern Virginia,Prince William County Public Schools,Osbourn Park High
NA,NA,NA,NA,NA,NA,NA,NA,NA,NA,NA,NA,NA,NA,NA,NA,NA,NA,NA,NA,NA,NA,school,2022,Northern Virginia,Prince William County Public Schools,Battlefield High
NA,NA,NA,NA,NA,NA,NA,NA,NA,NA,NA,NA,NA,NA,NA,NA,NA,NA,NA,NA,NA,NA,school,2022,Northern Virginia,Prince William County Public Schools,Unity Reed High
NA,NA,NA,NA,NA,NA,NA,NA,NA,NA,NA,NA,NA,NA,NA,NA,NA,NA,NA,NA,NA,NA,school,2022,Northern Virginia,Prince William County Public Schools,Gar-Field High
NA,NA,NA,NA,NA,NA,NA,NA,NA,NA,NA,NA,NA,NA,NA,NA,NA,NA,NA,NA,NA,NA,school,2022,Northern Virginia,Prince William County Public Schools,C.D. Hylton High
NA,NA,NA,NA,NA,NA,NA,NA,NA,NA,NA,NA,NA,NA,NA,NA,NA,NA,NA,NA,NA,NA,school,2022,Northern Virginia,Prince William County Public Schools,Pace West
NA,NA,NA,NA,NA,NA,NA,NA,NA,NA,NA,NA,NA,NA,NA,NA,NA,NA,NA,NA,NA,NA,school,2022,Northern Virginia,Prince William County Public Schools,Patriot High
768,20.6,3.6,24.2,24.1,7.6,36.1,8.7,37.2,47,45.4,16,39,48,69.9,20.6,1.3,3.9,4.3,2.7,4,3.2,school,2022,Southwest,Pulaski County Public Schools,Pulaski County Senior High
NA,NA,NA,NA,NA,NA,NA,NA,NA,NA,NA,NA,NA,NA,NA,NA,NA,NA,NA,NA,NA,NA,school,2022,Southwest,Radford Public Schools,Radford High
155,9.9,1.5,11.6,17.4,5.2,32.3,7.7,28.4,35.5,46.5,11,41.2,58.8,78.7,29,0.5,4.2,4.7,2.3,3.1,4.2,school,2022,Northern Virginia,Rappahannock County Public Schools,Rappahannock County High
363,14.2,4.8,5.2,10.5,4.1,22,3.3,23.4,33.9,48.5,8.8,46.9,53.1,83.7,25.6,1.1,4.5,4.8,2,2.9,4.2,school,2022,Northern Neck,Richmond County Public Schools,Rappahannock High
NA,NA,NA,NA,NA,NA,NA,NA,NA,NA,NA,NA,NA,NA,NA,NA,NA,NA,NA,NA,NA,NA,school,2022,Central Virginia,Richmond Public Schools,Thomas Jefferson High
NA,NA,NA,NA,NA,NA,NA,NA,NA,NA,NA,NA,NA,NA,NA,NA,NA,NA,NA,NA,NA,NA,school,2022,Central Virginia,Richmond Public Schools,John Marshall High
NA,NA,NA,NA,NA,NA,NA,NA,NA,NA,NA,NA,NA,NA,NA,NA,NA,NA,NA,NA,NA,NA,school,2022,Central Virginia,Richmond Public Schools,George Wythe High
NA,NA,NA,NA,NA,NA,NA,NA,NA,NA,NA,NA,NA,NA,NA,NA,NA,NA,NA,NA,NA,NA,school,2022,Central Virginia,Richmond Public Schools,Armstrong High
142,12.9,1.5,6.4,6.3,2.1,19.7,4.9,21.1,47.2,52.8,19.7,50,57.1,68.3,21.1,0.8,4.7,5.2,1.3,1.9,4.8,school,2022,Central Virginia,Richmond Public Schools,Open High
176,8.5,1.9,6.3,6.2,1.1,13.1,2.8,17,48.9,56.2,17.6,19.4,54.8,64.2,14.2,0.9,4.8,5,1.3,1.9,4.6,school,2022,Central Virginia,Richmond Public Schools,Richmond Community High
127,11,1.1,2.4,8.7,3.1,15.7,4.7,13.4,33.1,53.5,13.4,5.9,47.1,74,12.6,1.5,4.6,5.1,1.6,2.1,4.6,school,2022,Central Virginia,Richmond Public Schools,Franklin Military Academy
NA,NA,NA,NA,NA,NA,NA,NA,NA,NA,NA,NA,NA,NA,NA,NA,NA,NA,NA,NA,NA,NA,school,2022,Central Virginia,Richmond Public Schools,Huguenot High
NA,NA,NA,NA,NA,NA,NA,NA,NA,NA,NA,NA,NA,NA,NA,NA,NA,NA,NA,NA,NA,NA,school,2022,Central Virginia,Richmond Public Schools,Richmond Alternative School
25,7.1,1,4.3,24,12,20,20,12,44,64,28,57.1,71.4,88,32,1.8,5.3,5.5,1.6,2.6,4.8,school,2022,Central Virginia,Richmond Public Schools,Richmond Career Education and Employment (Charter School)
753,17.7,3.5,16.2,13,4.1,27.4,6,29.3,44.5,42.5,14.7,41.4,59.5,76,23.9,1,4.3,4.6,2.4,3.3,3.8,school,2022,Western Virginia,Roanoke County Public Schools,Cave Spring High
638,18.8,4.8,13.1,17.7,4.5,27.7,7.4,30.4,41.4,44.2,11.9,36.8,65.8,75.5,29.2,1.2,4.1,4.5,2.5,3.5,3.6,school,2022,Western Virginia,Roanoke County Public Schools,Northside High
476,16,3.9,15.8,17.2,5.3,29.6,6.9,31.3,43.1,45.6,14.1,50.7,59.7,80.7,34.9,1.2,4.3,4.7,2.1,3.2,4.1,school,2022,Western Virginia,Roanoke County Public Schools,Glenvar High
946,16.6,3.1,15.4,17,4.3,29.2,6.2,28.5,45.3,50.6,16.4,42.6,59.4,81.7,27.9,1,4.3,4.7,2.3,3.3,3.9,school,2022,Western Virginia,Roanoke County Public Schools,William Byrd High
621,16.6,3.7,19.8,17.1,6.4,25.9,8.4,34.3,43.6,45.1,16.7,44.2,53.8,72.6,32.7,1.1,4.3,4.3,2.1,3.2,3.8,school,2022,Western Virginia,Roanoke County Public Schools,Hidden Valley High
NA,NA,NA,NA,NA,NA,NA,NA,NA,NA,NA,NA,NA,NA,NA,NA,NA,NA,NA,NA,NA,NA,school,2022,Western Virginia,Roanoke Public Schools,William Fleming High
1229,18,8.7,16.2,11.4,4.4,25.3,7,31.2,46.5,44.2,15.5,34,63.4,74,15.9,1.2,4,4.3,3.3,3.5,3.4,school,2022,Western Virginia,Roanoke Public Schools,Patrick Henry High
807,18.1,4,22.4,21.2,6.7,32.6,6.3,38.7,48.6,42.9,17.6,36.6,67.6,71.3,15.4,1,4.1,4.2,2.8,3.9,3.2,school,2022,Valley,Rockbridge County Public Schools,Rockbridge County High
616,15.2,4.1,9.9,12.8,3.7,24,5.2,25.5,39,44.8,12.8,53.2,55.7,76.6,18.3,0.9,4.5,4.7,2.1,3,4.2,school,2022,Valley,Rockingham County Public Schools,Spotswood High
455,17.4,4.9,19.2,19.1,8.1,30.8,8.6,37.1,43.3,46.2,15.6,39.4,59.2,75.8,23.1,1.2,4.1,4.4,3.2,3.6,3.4,school,2022,Valley,Rockingham County Public Schools,East Rockingham High
832,17.8,5.7,15.7,15.4,5.2,24.8,5.9,27.8,41.7,45.4,13.6,35.4,69,74.9,14.1,1,4.3,4.6,2.3,3.3,3.8,school,2022,Valley,Rockingham County Public Schools,Turner Ashby High
NA,NA,NA,NA,NA,NA,NA,NA,NA,NA,NA,NA,NA,NA,NA,NA,NA,NA,NA,NA,NA,NA,school,2022,Valley,Rockingham County Public Schools,Broadway High
329,18.4,4.2,18.5,19.5,3.3,28,6.1,34.3,40.7,48.3,9.4,32.3,58.1,82.1,12.2,1.1,4.3,4.6,2.5,3.5,3.7,school,2022,Southwest,Russell County Public Schools,Lebanon High
264,13.2,2.6,12.5,18.6,2.7,27.7,6.1,25.8,37.5,53.8,9.5,16,60,87.1,18.2,1.6,4.6,4.9,2.9,3.2,4,school,2022,Southwest,Russell County Public Schools,Honaker High
167,15.1,1.9,19.9,14.4,4.8,38.3,6.6,26.9,37.1,45.5,12.6,33.3,66.7,81.4,18,1.1,4.3,4.9,2.8,3.5,3.7,school,2022,Southwest,Russell County Public Schools,Castlewood High
858,15,3.4,15.6,15.9,4.9,25.8,7.3,34.3,40.9,42.4,15.9,45.6,57.4,75.1,17.2,1.3,4.3,4.7,2.5,3.3,3.8,school,2022,Western Virginia,Salem Public Schools,Salem High
127,13.8,3.9,7.9,16.5,3.1,28.3,1.6,29.1,44.9,47.2,12.6,56.2,68.8,84.3,16.5,1.7,4.6,4.9,2.6,3.2,4.2,school,2022,Southwest,Scott County Public Schools,Rye Cove High
491,21.5,4.6,20.8,22,4.9,28.9,5.7,34.6,40.7,47.7,13.2,29.2,60,81.7,14.9,1.4,4.3,4.4,2.5,3.7,3.5,school,2022,Southwest,Scott County Public Schools,Gate City High
155,10.8,1,8.4,20.6,6.5,31,1.9,21.9,34.8,60.6,13.5,38.1,47.6,86.5,12.3,1.3,4.9,5.2,2.1,2.5,4.7,school,2022,Southwest,Scott County Public Schools,Twin Springs High
393,21.2,4.2,16.8,21.1,7.4,31.8,4.1,37.2,50.9,43,16,33.3,47.6,76.3,18.6,1.1,4,4.4,2.7,3.7,3.3,school,2022,Northern Virginia,Shenandoah County Public Schools,Strasburg High
290,18.6,2.1,17.3,20.7,6.9,33.4,7.2,36.6,46.6,41,14.5,47.6,59.5,76.6,16.9,1.4,4,4.6,2.2,3.4,3.8,school,2022,Northern Virginia,Shenandoah County Public Schools,Mountain View High
NA,NA,NA,NA,NA,NA,NA,NA,NA,NA,NA,NA,NA,NA,NA,NA,NA,NA,NA,NA,NA,NA,school,2022,Northern Virginia,Shenandoah County Public Schools,Central High
162,19.9,3.3,13.7,17.3,1.9,28.4,1.2,27.2,37.7,51.2,13.6,45.5,77.3,81.5,14.8,0.8,4.2,4.8,2.4,3.4,3.7,school,2022,Southwest,Smyth County Public Schools,Northwood High
324,20.6,5.4,15.5,25.6,7.7,40.4,7.4,36.4,51.5,45.1,17.6,43.9,68.4,77.2,21.3,1.2,4.2,4.5,2.5,3.6,3.7,school,2022,Southwest,Smyth County Public Schools,Chilhowie High
NA,NA,NA,NA,NA,NA,NA,NA,NA,NA,NA,NA,NA,NA,NA,NA,NA,NA,NA,NA,NA,NA,school,2022,Southwest,Smyth County Public Schools,Marion Senior High
502,21.3,7.2,12,21.7,6.4,31.7,4.2,30.3,47.8,32.1,13.7,26.1,52.2,65.9,13.3,1.1,3.7,4.1,3.2,3.8,2.9,school,2022,Tidewater,Southampton County Public Schools,Southampton High
186,20.3,3.7,10,21,11.3,16.1,4.8,21,38.7,51.6,21,46.2,30.8,82.3,21,1.2,4.2,4.9,2.6,3.1,4.1,school,2022,NA,Southeastern Cooperative Educational Programs,Imbedded SECEP Programs
54,25,11.8,6.2,16.7,33.3,22.2,22.2,22.2,38.9,27.8,11.1,50,100,38.9,11.1,1.5,2.9,4.2,3,3.2,3,school,2022,NA,Southeastern Cooperative Educational Programs,Norfolk SECEP Center
63,18.2,0,23.8,19,9.5,57.1,4.8,28.6,33.3,28.6,23.8,40,80,66.7,19,2,2.5,4.4,3,3.3,2.5,school,2022,NA,Southeastern Cooperative Educational Programs,Chesapeake SECEP Center
1030,17.8,5.7,17.3,16.3,4.8,26.2,5.9,36.4,47.1,42.4,16.7,37.8,52.9,71.7,25.9,1.1,4.1,4.5,2.9,3.4,3.7,school,2022,Northern Neck,Spotsylvania County Public Schools,Courtland High
944,18.1,4.9,24.1,19.1,5.3,29.6,6.9,36.3,43.9,37.9,15.6,32.7,60.5,70.9,18.2,1.3,4.1,4.5,2.6,3.5,3.5,school,2022,Northern Neck,Spotsylvania County Public Schools,Spotsylvania High
952,18.4,6.8,18.5,12.4,4.1,23.1,6.6,35.5,46.8,37,14.1,28.4,45.5,76.3,17.5,1.1,3.9,4.4,3.2,3.4,3.2,school,2022,Northern Neck,Spotsylvania County Public Schools,Chancellor High
1070,19.2,7.3,19,14.8,4.7,26.6,8.3,35,50.2,40.7,18.7,38,56,71.1,18.9,1.2,4,4.3,2.8,3.7,3.3,school,2022,Northern Neck,Spotsylvania County Public Schools,Massaponax High
1359,16.9,5.1,19.3,14.3,4.6,26,7.3,35,44.5,40.6,15.8,38.1,57.7,72.6,22.5,1.3,4.2,4.6,2.6,3.4,3.7,school,2022,Northern Neck,Spotsylvania County Public Schools,Riverbend High
1668,14.5,6.5,13.7,11.8,4.1,22.4,6.5,32.4,42.9,41.1,14.2,39.2,58.6,73.2,24.2,1,4.2,4.4,2.9,3.3,3.6,school,2022,Northern Neck,Stafford County Public Schools,Stafford Senior High
1396,15.7,6.7,9.3,10.2,2.5,19.5,4.4,27.2,44.2,41,13.3,33.3,52.7,73,18.4,1,4.2,4.5,2.6,3,3.9,school,2022,Northern Neck,Stafford County Public Schools,North Stafford High
1665,15.3,6.4,12.1,10.3,3,21.4,4.9,28.7,44.3,40.7,14.1,36.3,60.3,74.9,26.5,1,4.2,4.5,2.6,3.1,3.8,school,2022,Northern Neck,Stafford County Public Schools,Brooke Point High
1224,16.8,6.3,8.9,10,2.9,21,4.5,28,44.9,44.5,12.6,33.8,63,74.6,23.8,1.2,4.3,4.5,2.5,3.1,4,school,2022,Northern Neck,Stafford County Public Schools,Colonial Forge High
1695,13.9,5.6,11,14.2,2.8,25,4.8,31,41,44.7,11.9,36.8,58.2,74.5,24.1,1.2,4.3,4.6,2.3,3.1,4,school,2022,Northern Neck,Stafford County Public Schools,Mountain View High
495,17.2,3,13.2,14.3,3.4,29.3,7.3,34.1,44,47.1,16.8,41,59,74.5,18.4,1,4.1,4.6,3,3.5,3.6,school,2022,Valley,Staunton Public Schools,Staunton High
1047,16.4,7.5,12.2,10.7,4.1,21.1,6.9,27.2,43.6,35.1,13.7,33.6,58,73.1,17.5,1,4.1,4.4,2.7,3.4,3.5,school,2022,Tidewater,Suffolk Public Schools,Nansemond River High
682,12.8,7,14.7,12.3,3.5,26.8,5.6,25.7,41.3,38.4,12.5,31.8,61.2,71.3,13.2,1.3,3.8,4.2,2.8,3.4,3.3,school,2022,Tidewater,Suffolk Public Schools,Lakeland High
1387,15.3,8.2,11.1,12.3,5.3,23.1,8.4,25.5,39.5,36.8,14.9,36.4,58.3,70,17.3,1.2,3.9,4.2,2.8,3.5,3.5,school,2022,Tidewater,Suffolk Public Schools,King's Fork High
159,11.6,5.8,12.7,15.1,4.4,30.2,6.9,28.3,45.3,42.8,19.5,19.4,64.5,70.4,8.8,1,4.1,4.3,2.1,2.8,3.6,school,2022,Central Virginia,Surry County Public Schools,Surry County High
350,20.4,2.7,22.9,23.1,4,35.4,3.4,39.7,48,48.6,18.6,43.1,56.9,79.4,15.1,0.8,4.2,4.6,2.9,3.7,3.4,school,2022,Southwest,Tazewell County Public Schools,Richlands High
257,20.7,4.9,21.1,16.3,4.3,27.2,5.1,28,50.6,51,18.3,29.8,55.3,80.5,14.8,1.2,4.2,4.6,2.3,3.5,3.6,school,2022,Southwest,Tazewell County Public Schools,Tazewell High
379,24.1,2.7,17.2,23.2,5.8,35.1,4,35.6,50.1,45.4,15.3,32.8,65.5,76.8,17.7,1.2,4.2,4.6,2.4,3.4,3.7,school,2022,Southwest,Tazewell County Public Schools,Graham High
NA,NA,NA,NA,NA,NA,NA,NA,NA,NA,NA,NA,NA,NA,NA,NA,NA,NA,NA,NA,NA,NA,school,2022,Tidewater,Virginia Beach Public Schools,Green Run High
NA,NA,NA,NA,NA,NA,NA,NA,NA,NA,NA,NA,NA,NA,NA,NA,NA,NA,NA,NA,NA,NA,school,2022,Tidewater,Virginia Beach Public Schools,Frank W. Cox High
NA,NA,NA,NA,NA,NA,NA,NA,NA,NA,NA,NA,NA,NA,NA,NA,NA,NA,NA,NA,NA,NA,school,2022,Tidewater,Virginia Beach Public Schools,Princess Anne High
NA,NA,NA,NA,NA,NA,NA,NA,NA,NA,NA,NA,NA,NA,NA,NA,NA,NA,NA,NA,NA,NA,school,2022,Tidewater,Virginia Beach Public Schools,Floyd Kellam High
NA,NA,NA,NA,NA,NA,NA,NA,NA,NA,NA,NA,NA,NA,NA,NA,NA,NA,NA,NA,NA,NA,school,2022,Tidewater,Virginia Beach Public Schools,Bayside High
NA,NA,NA,NA,NA,NA,NA,NA,NA,NA,NA,NA,NA,NA,NA,NA,NA,NA,NA,NA,NA,NA,school,2022,Tidewater,Virginia Beach Public Schools,First Colonial High
NA,NA,NA,NA,NA,NA,NA,NA,NA,NA,NA,NA,NA,NA,NA,NA,NA,NA,NA,NA,NA,NA,school,2022,Tidewater,Virginia Beach Public Schools,Kempsville High
NA,NA,NA,NA,NA,NA,NA,NA,NA,NA,NA,NA,NA,NA,NA,NA,NA,NA,NA,NA,NA,NA,school,2022,Tidewater,Virginia Beach Public Schools,Salem High
NA,NA,NA,NA,NA,NA,NA,NA,NA,NA,NA,NA,NA,NA,NA,NA,NA,NA,NA,NA,NA,NA,school,2022,Tidewater,Virginia Beach Public Schools,Tallwood High
NA,NA,NA,NA,NA,NA,NA,NA,NA,NA,NA,NA,NA,NA,NA,NA,NA,NA,NA,NA,NA,NA,school,2022,Tidewater,Virginia Beach Public Schools,Ocean Lakes High
NA,NA,NA,NA,NA,NA,NA,NA,NA,NA,NA,NA,NA,NA,NA,NA,NA,NA,NA,NA,NA,NA,school,2022,Tidewater,Virginia Beach Public Schools,Landstown High
NA,NA,NA,NA,NA,NA,NA,NA,NA,NA,NA,NA,NA,NA,NA,NA,NA,NA,NA,NA,NA,NA,school,2022,Tidewater,Virginia Beach Public Schools,Green Run Collegiate
NA,NA,NA,NA,NA,NA,NA,NA,NA,NA,NA,NA,NA,NA,NA,NA,NA,NA,NA,NA,NA,NA,school,2022,Northern Virginia,Warren County Public Schools,Warren County High
NA,NA,NA,NA,NA,NA,NA,NA,NA,NA,NA,NA,NA,NA,NA,NA,NA,NA,NA,NA,NA,NA,school,2022,Northern Virginia,Warren County Public Schools,Skyline High
650,23.9,5.6,19,26.8,4.8,35.7,6.6,41.7,50.9,39.4,16.3,29.2,54.7,74.3,18.8,1.3,4.1,4.3,2.5,3.6,3.5,school,2022,Southwest,Washington County Public Schools,Abingdon High
454,16.9,2,21.8,24,5.1,39.4,5.5,35.7,50.4,50.2,17.4,48.1,51.9,78.2,17.4,1.1,4.4,4.7,2.7,3.5,3.8,school,2022,Southwest,Washington County Public Schools,John S. Battle High
235,19.1,4.3,9.4,18.3,1.3,24.7,4.3,25.5,41.7,54.5,8.9,42.9,76.2,85.5,14.5,0.6,4.6,4.9,2.1,3,4.3,school,2022,Southwest,Washington County Public Schools,Patrick Henry High
216,16.2,2.6,12,23.1,4.6,33.8,3.7,31.5,46.8,58.3,11.6,36,52,79.2,25.5,1,4.5,4.9,2.2,3.1,4.2,school,2022,Southwest,Washington County Public Schools,Holston High
453,15.1,6.1,24.2,18.3,6.2,28,9.5,34,45.9,42.2,20.1,33,68.1,63.6,16.1,1.2,4,4.4,2.8,3.4,3.4,school,2022,Valley,Waynesboro Public Schools,Waynesboro High
228,14.2,1.8,12.3,14.9,3.1,29.8,4.8,28.9,39.5,46.9,13.2,33.3,73.3,79.8,14.9,1.1,4.4,4.6,2.3,3.3,3.8,school,2022,Northern Neck,West Point Public Schools,West Point Middle/High
353,16.3,5.8,15.2,13,7.1,23.2,7.4,26.6,39.4,36.3,10.5,32.4,64.9,74.2,21.2,0.8,4,4.2,2.7,3.3,3.5,school,2022,Northern Neck,Westmoreland County Public Schools,Washington & Lee High
661,13.9,4.4,10.7,10.3,3.2,23,4.5,31.3,49,41.8,14.7,41.2,41.2,74.1,21.6,0.9,4.3,4.5,2.6,3.2,3.9,school,2022,Tidewater,Williamsburg-James City County Public Schools,Lafayette High
876,17.2,3.8,13.6,12.3,3.3,24.2,6.1,32.5,44.4,40.3,13.8,38,62,72,22.1,1.1,4.3,4.5,2.5,3.2,3.9,school,2022,Tidewater,Williamsburg-James City County Public Schools,Jamestown High
951,17.4,4.2,21.5,17.5,6.2,31.8,8.8,39.4,53.1,38.2,20.4,35.6,55.7,70.8,25.1,1.1,3.9,4.1,3.1,3.6,3.3,school,2022,Tidewater,Williamsburg-James City County Public Schools,Warhill High
751,16.8,6,14.8,13.4,4.7,24.6,9.3,34.1,45.4,35,15.6,41,59.8,67,16.9,1.1,4.1,4.4,2.7,3.3,3.7,school,2022,Northern Virginia,Winchester Public Schools,John Handley High School
282,18.8,5.6,6.7,16.3,1.8,30.9,4.6,22.7,38.3,44.7,12.8,27.8,69.4,84.8,13.1,1.1,4.5,4.9,2,3,4.1,school,2022,Southwest,Wise County Public Schools,Eastside High
421,17,3.8,11,18.8,1.9,26.8,4.8,27.8,41.6,49.6,13.5,29.8,63.2,77.9,16.2,1.2,4.4,4.7,2.3,3.4,4,school,2022,Southwest,Wise County Public Schools,Central High
248,12.1,2.1,11.3,16.9,2.8,26.6,3.6,23.4,35.1,47.2,11.7,44.8,65.5,79.4,16.5,1.5,4.4,4.9,2.6,3,4.1,school,2022,Southwest,Wythe County Public Schools,Rural Retreat High
383,17.7,3.1,15.7,23.2,7,33.2,5,31.9,46,43.3,18.5,39.4,57.7,79.4,20.9,1,4.2,4.6,2.3,3.5,3.7,school,2022,Southwest,Wythe County Public Schools,George Wythe High
298,24.2,5.5,12.8,25.8,4.7,33.6,5.7,34.2,46.3,44,12.1,38.9,61.1,77.5,19.5,1,4.1,4.4,2.4,3.6,3.2,school,2022,Southwest,Wythe County Public Schools,Fort Chiswell High
499,16,5.1,15.2,11.2,4.2,24.4,5.6,27.1,52.1,36.5,15,40,53.3,66.3,19.4,1.2,3.9,4.3,2.6,3.3,3.4,school,2022,Tidewater,York County Public Schools,Bruton High
846,16.9,5.2,16.5,13.5,4.3,24.9,5.3,32.9,48,41.5,17.3,41.8,58.2,73.5,22.8,1.4,4.3,4.6,2.1,3.1,4.1,school,2022,Tidewater,York County Public Schools,York High
794,14.1,2.7,9.2,9.2,1.4,19.6,3.9,29.1,44.5,42.8,13.5,38.3,56.1,81.5,18.5,0.9,4.4,4.7,2.1,3,4.2,school,2022,Tidewater,York County Public Schools,Tabb High
971,14.4,4.7,8.7,9.7,2.3,17.9,3.7,24.2,42.2,45.8,14.5,38.3,54.6,80.4,20.6,1.1,4.4,4.7,2.1,2.9,4.2,school,2022,Tidewater,York County Public Schools,Grafton High
59,23.9,1.8,3.4,10.2,3.4,8.5,3.4,20.3,50.8,47.5,23.7,42.9,71.4,83.1,22,1.7,4.2,5.1,1.6,1.7,4.8,school,2022,Tidewater,York County Public Schools,York River Academy
NA,NA,NA,NA,NA,NA,NA,NA,NA,NA,NA,NA,NA,NA,NA,NA,NA,NA,NA,NA,NA,NA,school,2023,Tidewater,Accomack County Public Schools,Tangier Combined
116,15.3,6.1,6.9,28.4,4.3,30.2,5.2,31.9,37.1,46.6,9.5,27.3,54.5,83.6,12.1,1.8,4.4,4.7,2,3,4.2,school,2023,Tidewater,Accomack County Public Schools,Chincoteague High
336,27.4,4.9,11.9,26.8,6,36.3,10.1,42,40.8,37.2,19.9,35.8,62.7,73.2,10.4,2,4.2,4.6,2.6,3.6,3.7,school,2023,Tidewater,Accomack County Public Schools,Nandua Middle
330,19.6,13.3,6.1,21.2,5.8,25.2,7.3,23,31.2,32.1,11.8,38.5,71.8,77.6,10.3,2.3,3.9,4.4,2.8,3.6,3.5,school,2023,Tidewater,Accomack County Public Schools,Arcadia Middle
NA,NA,NA,NA,NA,NA,NA,NA,NA,NA,NA,NA,NA,NA,NA,NA,NA,NA,NA,NA,NA,NA,school,2023,Valley,Albemarle County Public Schools,Hollymead Elementary
242,15.1,2.8,13.2,23.1,4.1,34.3,9.9,30.2,28.1,43.8,12,44.8,51.7,78.9,9.9,2.5,4.5,4.7,2.5,3.2,3.8,school,2023,Valley,Albemarle County Public Schools,Leslie H. Walton Middle
414,16.4,4.5,11.8,23.9,6.8,30.7,10.4,36.2,31.4,38.2,8.9,56.8,37.8,74.2,14,1.6,4.3,4.6,2.9,3.3,3.7,school,2023,Valley,Albemarle County Public Schools,Jackson P. Burley Middle
81,8.4,1.4,1.2,8.6,0,8.6,2.5,23.5,19.8,49.4,7.4,33.3,16.7,81.5,14.8,1.5,5,5.2,1.6,1.6,5.2,school,2023,Valley,Albemarle County Public Schools,Community Lab School
624,15.1,5,7.2,22,4.5,26.3,7.1,35.6,32.5,41.8,9,30.4,44.6,76.4,10.6,1.6,4.6,4.6,2.5,2.9,3.9,school,2023,Valley,Albemarle County Public Schools,Joseph T. Henley Middle
401,22.7,6.5,11,23.7,6.7,28.2,8.5,31.2,33.7,33.9,12.5,44,60,71.6,11.7,2.4,4.1,4.5,2.8,3.4,3.5,school,2023,Valley,Albemarle County Public Schools,Jack Jouett Middle
451,14.6,4.4,4.7,18,2,21.7,4.2,25.7,24.4,44.3,6.7,46.7,43.3,78.3,9.8,1.9,4.6,4.8,2.2,2.7,4.1,school,2023,Valley,Albemarle County Public Schools,Lakeside Middle
184,15.5,4.7,3.8,27.2,6.5,32.6,6.5,29.3,35.3,38.6,15.2,35.7,50,63,11.4,1.7,4.3,4.8,2.2,3,4,school,2023,Northern Virginia,Alexandria Public Schools,Patrick Henry K-8 School
73,21.1,7.6,11,24.7,5.5,32.9,9.6,26,26,45.2,15.1,45.5,81.8,69.9,12.3,2.7,4.1,4.4,2.8,3.7,3.2,school,2023,Northern Virginia,Alexandria Public Schools,Jefferson-Houston PK-8 School
814,17.8,9.2,14.3,24.6,4.8,28.5,9.6,36.7,32.8,36.6,9.6,39.7,60.3,66.5,12.8,2.1,4.2,4.5,3.2,3.8,3.3,school,2023,Northern Virginia,Alexandria Public Schools,George Washington Middle
558,17.7,8.1,17.2,26.9,9,27.6,11.8,35.3,38.2,33.7,13.4,40,58.7,69.4,13.3,2,4.1,4.5,3.1,3.7,3.5,school,2023,Northern Virginia,Alexandria Public Schools,Francis C. Hammond Middle
125,24.3,4.2,4,42.4,10.4,47.2,8.8,33.6,40,43.2,13.6,35.3,41.2,84.8,16,1.9,4.1,4.6,2.8,3.6,3.7,school,2023,Western Virginia,Alleghany Highland Public Schools,Jeter-Watson Intermediate
316,21.3,6,9.5,34.8,6.3,40.8,8.9,34.5,33.9,48.4,11.4,27.8,63.9,86.1,12.3,1.8,4.2,4.7,3.1,4,3.5,school,2023,Western Virginia,Alleghany Highland Public Schools,Clifton Middle
330,28.3,6.4,13.9,41.2,10.6,37.6,11.5,40.9,42.7,36.7,12.7,40.5,52.4,72.7,13.6,2.7,3.9,4.2,3.1,3.8,3.2,school,2023,Southside,Amelia County Public Schools,Amelia County Middle
316,24.3,7.1,16.8,41.5,11.4,38.9,13.3,39.2,37.7,39.2,16.5,51.9,53.8,73.4,19.6,2.3,3.9,4.3,3,3.9,3.2,school,2023,Valley,Amherst County Public Schools,Monelison Middle
279,16.7,4.2,2.9,21.5,2.9,31.5,7.5,26.2,33.7,42.7,8.6,29.2,79.2,76.7,12.5,2,4.6,4.9,2.3,3.2,4.2,school,2023,Valley,Amherst County Public Schools,Amherst Middle
359,22.8,6.2,11.4,37.6,9.5,42.3,9.7,42.1,40.4,42.1,12.8,32.6,69.6,78.3,15.3,2.3,4.1,4.5,2.9,3.8,3.4,school,2023,Southside,Appomattox County Public Schools,Appomattox Middle
749,15.5,8.3,6.3,12.8,3.2,16.8,5.6,23.8,28.4,35.8,7.7,36.2,50,76.4,12,1.9,4.4,4.7,2.6,3.3,3.8,school,2023,Northern Virginia,Arlington County Public Schools,Jefferson Middle
782,14.9,5.3,3.8,16.9,2.9,20.5,7.2,30.1,27.5,46.3,8.2,32.8,60.9,82.2,15.9,1.8,4.7,4.8,2.6,2.9,3.9,school,2023,Northern Virginia,Arlington County Public Schools,Swanson Middle
687,10.4,2.9,1.6,11.1,2.3,20.1,6,22.7,19,47.1,3.9,33.3,37,85.9,26.8,1.5,4.9,4.9,1.9,2.4,4.5,school,2023,Northern Virginia,Arlington County Public Schools,Williamsburg Middle
768,20.1,9.1,6.4,18.1,3.3,21.7,4.9,29.2,30.2,37.6,8.7,33.8,52.9,75.8,19,2,4.3,4.6,2.9,3.4,3.7,school,2023,Northern Virginia,Arlington County Public Schools,Kenmore Middle
675,11.5,5,4.1,13.8,2.4,21.9,7.7,24,21.6,42.4,8.7,25.4,47.5,77.8,16,1.7,4.7,4.8,2.3,2.8,4.1,school,2023,Northern Virginia,Arlington County Public Schools,Dorothy Hamm Middle
309,23.3,8.5,6.1,34.3,4.2,36.2,5.8,32.7,36.2,41.7,14.2,40.9,61.4,79.6,13.3,2.2,4.1,4.5,2.5,3.5,3.5,school,2023,Valley,Augusta County Public Schools,Stuarts Draft Middle
401,16.6,6.8,8.7,41.1,8.7,38.4,7.7,38.4,36.2,39.7,10,32.5,45,80.5,8.7,1.6,4.2,4.5,2.7,3.7,3.4,school,2023,Valley,Augusta County Public Schools,S. Gordon Stewart Middle
356,17.5,9.8,8.7,29.8,7.6,29.2,6.2,31.5,37.6,38.5,9.3,45.5,54.5,75.3,14.3,1.8,4.1,4.3,2.5,3.7,3.4,school,2023,Valley,Augusta County Public Schools,Beverley Manor Middle
NA,NA,NA,NA,NA,NA,NA,NA,NA,NA,NA,NA,NA,NA,NA,NA,NA,NA,NA,NA,NA,NA,school,2023,Valley,Augusta County Public Schools,Wilson Elementary
395,21.1,5,9.6,41.3,6.3,42.3,9.4,36.5,39.5,43.3,12.4,34.7,57.1,80.5,9.6,2.2,4.3,4.7,2.6,3.7,3.8,school,2023,Valley,Augusta County Public Schools,Wilson Middle
36,25,4.8,8.3,41.7,0,33.3,0,41.7,52.8,61.1,19.4,57.1,28.6,77.8,8.3,1.4,4.5,4.7,2,2.7,3.8,school,2023,Valley,Bath County Public Schools,Millboro Elementary
32,34.3,4.1,12.5,18.8,6.2,25,12.5,21.9,34.4,31.2,6.2,50,50,87.5,3.1,2,4.1,4.7,2.4,3.5,3.9,school,2023,Valley,Bath County Public Schools,Bath County High
40,16.3,2.4,10,40,2.5,35,2.5,32.5,42.5,70,12.5,20,100,80,22.5,1.8,4.7,5.2,1.9,2.9,4.6,school,2023,Valley,Bath County Public Schools,Valley Elementary
388,23,6.1,10.3,33.3,7.5,39,10.3,38.2,38.1,43,13.9,50,57.4,76.8,14.4,2.4,4.2,4.6,2.8,3.8,3.6,school,2023,Valley,Bedford County Public Schools,Liberty Middle
543,22.7,3.8,14.7,34.3,8.5,37.9,10.1,40,38.9,42.9,13.3,38.9,58.3,76.6,17.5,2,4.4,4.6,2.9,4,3.5,school,2023,Valley,Bedford County Public Schools,Staunton River Middle
697,15.6,6.2,9.2,24.4,4,26.8,8.6,32.4,30.1,39.2,9,37.5,46.9,82.1,14.1,1.8,4.6,4.8,2.9,3.4,3.9,school,2023,Valley,Bedford County Public Schools,Forest Middle
NA,NA,NA,NA,NA,NA,NA,NA,NA,NA,NA,NA,NA,NA,NA,NA,NA,NA,NA,NA,NA,NA,school,2023,Valley,Bedford County Public Schools,Thomas Jefferson Elementary
45,19.1,0.5,0,22.2,6.7,8.9,0,35.6,33.3,46.7,13.3,66.7,33.3,95.6,4.4,1.7,4.5,5.3,2.3,3.2,4.4,school,2023,Southwest,Bland County Public Schools,Bland County Elementary
94,22.2,6.7,17,42.6,6.4,36.2,9.6,45.7,37.2,47.9,13.8,30.8,69.2,75.5,17,1.5,4.3,4.7,2.9,3.8,3.8,school,2023,Southwest,Bland County Public Schools,Bland County High
324,15.4,3.4,6.2,27.2,3.7,29.3,3.4,28.7,26.2,55.9,9,37.9,75.9,88.6,10.8,2.2,4.6,5.1,2.1,2.9,4.3,school,2023,Western Virginia,Botetourt County Public Schools,Central Academy Middle
543,17,5.1,4.4,30.6,5.2,30.6,6.3,30.4,30.2,41.8,11,38.3,61.7,82.5,6.4,1.8,4.4,4.8,2.3,3.4,3.9,school,2023,Western Virginia,Botetourt County Public Schools,Read Mountain Middle
223,22.6,4.6,12.1,40.8,8.5,38.1,10.3,49.3,39,43.5,11.2,44,64,71.7,13.5,2.1,4.1,4.5,3,4,3.4,school,2023,Southwest,Bristol Public Schools,Virginia Middle
71,14.9,5.6,4.2,12.7,2.8,21.1,4.2,15.5,18.3,60.6,8.5,16.7,50,87.3,9.9,2.3,5,5.4,2.1,2.5,4.6,school,2023,Southwest,Buchanan County Public Schools,Hurley Elementary/Middle
17,16.7,3.5,17.6,17.6,5.9,23.5,5.9,23.5,41.2,52.9,17.6,33.3,66.7,88.2,17.6,1.3,4.6,4.8,2.4,3.1,4.5,school,2023,Southwest,Buchanan County Public Schools,Council High
32,14.7,4.4,0,9.4,0,18.8,0,31.2,21.9,46.9,6.2,0,50,93.8,6.2,2,4.8,5.2,2,2.3,4.6,school,2023,Southwest,Buchanan County Public Schools,Hurley High
183,21.7,6,9.8,30.1,8.2,36.1,9.3,34.4,37.2,42.6,13.1,4.2,62.5,75.4,16.4,1.4,4.3,4.6,2.4,3.4,3.6,school,2023,Southwest,Buchanan County Public Schools,Riverview Elementary/Middle
67,20.8,1.5,3,31.3,11.9,34.3,4.5,43.3,29.9,67.2,13.4,22.2,55.6,73.1,10.4,1.7,4.5,5,2.3,3.2,3.9,school,2023,Southwest,Buchanan County Public Schools,Twin Valley Elementary/Middle
33,22.9,3.3,6.1,30.3,9.1,36.4,9.1,39.4,21.2,54.5,3,100,100,72.7,6.1,2,4.4,4.6,2.4,3.1,3.9,school,2023,Southwest,Buchanan County Public Schools,Twin Valley High
212,24.5,8.7,8,38.7,10.4,35.4,12.3,41,39.6,35.8,18.4,30.8,69.2,74.1,12.3,2.2,4,4.4,3.1,4,3.3,school,2023,Southside,Buckingham County Public Schools,Buckingham County Middle
178,16.1,3.8,3.9,35.4,5.6,27.5,7.3,32,30.3,52.2,14,24,44,80.3,16.9,2,4.7,5.1,1.9,3.2,4,school,2023,Valley,Buena Vista Public Schools,Parry McCluer Middle
58,13.3,1.3,3.4,17.2,5.2,17.2,6.9,27.6,27.6,44.8,10.3,66.7,50,86.2,19,2.3,4.7,5.1,2.2,2.8,4.3,school,2023,Valley,Buena Vista Public Schools,Parry McCluer High
429,22.3,6.7,10.5,39.2,7,34,9.3,44.1,39.4,37.8,14.5,43.5,61.3,76.5,14.5,2,4.2,4.5,2.8,4,3.3,school,2023,Valley,Campbell County Public Schools,Brookville Middle
214,18.3,4.7,7.5,31.3,7,32.7,6.1,35,39.3,41.1,16.8,16.7,58.3,72.9,9.8,2.1,4.4,4.7,2.5,3.6,3.7,school,2023,Valley,Campbell County Public Schools,Altavista High
493,18.5,7.8,4.7,32.7,5.1,29.2,6.9,30.4,30.4,37.7,9.1,28.9,68.9,80.3,13.2,2.2,4.3,4.7,2.4,3.8,3.8,school,2023,Valley,Campbell County Public Schools,Rustburg Middle
121,23.7,7.9,5.8,40.5,5,34.7,5,37.2,44.6,40.5,13.2,43.8,56.2,76.9,9.9,2.1,4.1,4.7,2.9,3.6,3.6,school,2023,Valley,Campbell County Public Schools,William Campbell High
774,24.4,9.6,11.5,28.7,5.2,32.7,7.8,34.9,42.1,33.2,12.5,29.9,61.9,69.4,12.8,2,4,4.2,3.3,4,3.1,school,2023,Northern Neck,Caroline County Public Schools,Caroline Middle
628,22.9,6.7,9.7,29.3,6.5,35.7,7.2,32.2,35.5,34.2,15.1,31.6,74.7,76.1,11.9,2.1,4.4,4.7,2.5,3.4,3.9,school,2023,Southwest,Carroll County Public Schools,Carroll County Middle
17,15.8,7.1,41.2,29.4,0,35.3,0,52.9,41.2,64.7,11.8,0,50,82.4,11.8,3,4.4,4.9,2.5,2.6,3.5,school,2023,Southwest,Carroll County Public Schools,St. Paul
28,29.4,3.4,17.9,60.7,35.7,57.1,14.3,57.1,53.6,42.9,10.7,100,66.7,75,14.3,2.3,3.9,4.5,3,4.2,3.2,school,2023,Central Virginia,Charles City County Public Schools,Charles City County Elementary
53,28.8,8.6,11.3,22.6,7.5,30.2,3.8,35.8,56.6,35.8,28.3,40,53.3,69.8,13.2,1.9,4.1,4.1,2.9,3.6,3.2,school,2023,Central Virginia,Charles City County Public Schools,Charles City County High
330,18.9,9.8,10.3,27.9,5.2,29.7,6.1,31.2,34.5,36.4,11.5,39.5,60.5,79.4,15.2,2.3,4.2,4.5,2.3,3.4,3.7,school,2023,Southside,Charlotte County Public Schools,Central Middle
389,20.4,6.8,12.6,28,8,36.2,13.1,36.5,37,45,14.9,44.8,55.2,66.6,15.7,1.8,4.1,4.4,3.1,3.8,3.3,school,2023,Valley,Charlottesville Public Schools,Buford Middle
238,21.8,6.5,7.6,38.2,8.8,32.4,7.1,41.6,38.7,43.3,12.6,23.3,43.3,79.4,7.1,2.1,4.3,4.9,2.9,3.6,3.7,school,2023,Valley,Charlottesville Public Schools,Walker Upper Elementary
552,23.7,4.9,7.2,26.3,5.8,31.5,6.2,34.6,39.5,36.8,14.7,39.5,55.6,74.8,12.9,2,4,4.5,3.1,3.8,3.4,school,2023,Tidewater,Chesapeake Public Schools,Oscar Smith Middle
15,18.8,4.1,13.3,20,13.3,40,6.7,20,60,53.3,20,33.3,100,80,33.3,3,3.5,4.4,2,2.3,3.9,school,2023,Tidewater,Chesapeake Public Schools,Chesapeake Center for Student Success
NA,NA,NA,NA,NA,NA,NA,NA,NA,NA,NA,NA,NA,NA,NA,NA,NA,NA,NA,NA,NA,NA,school,2023,Tidewater,Chesapeake Public Schools,Greenbrier Primary
1047,17.6,4,5.4,23.9,3,26.7,4.3,32.5,30.9,40.8,9.4,37.8,51,80.5,11.9,1.7,4.6,4.9,2.2,3.4,4.1,school,2023,Tidewater,Chesapeake Public Schools,Hickory Middle
369,26.5,6.1,6.2,34.4,6.8,29.8,7.6,35.2,41.2,40.4,12.2,24.4,64.4,77,14.9,2,4,4.6,3,3.9,3.3,school,2023,Tidewater,Chesapeake Public Schools,Crestwood Middle
933,15.3,3.9,5.7,23.8,2.9,21.8,5.6,28.2,31.2,43.8,9.8,31.9,59.3,81.4,12.4,1.9,4.6,4.9,2.4,3.1,4.1,school,2023,Tidewater,Chesapeake Public Schools,Great Bridge Middle
441,21.1,5,9.5,30.2,5.2,30.6,7,36.3,40.8,42.9,14.3,34.9,60.3,77.1,14.1,2,4.3,4.8,3.1,3.8,3.7,school,2023,Tidewater,Chesapeake Public Schools,Deep Creek Middle
473,27,4.6,7,32.8,6.1,30.2,7.8,38.9,43.1,37.2,13.3,39.7,61.9,77.8,15,2,3.9,4.5,3,4,3.4,school,2023,Tidewater,Chesapeake Public Schools,Indian River Middle
555,21.2,5.6,5.9,25.8,4.3,29.9,5.8,35.9,35.1,37.3,13,27.8,62.5,76.8,12.4,1.9,4.2,4.5,3,3.6,3.5,school,2023,Tidewater,Chesapeake Public Schools,Western Branch Middle
1000,22.8,5.9,5.7,29.1,4.1,26.2,7.4,36.8,35.3,36.9,9.6,28.1,60.4,75.2,12.9,1.9,4.3,4.7,2.8,3.5,3.7,school,2023,Tidewater,Chesapeake Public Schools,Hugo A. Owens Middle
124,15.7,6,2.4,1.6,0,4,0.8,4,29.8,47.6,8.1,40,80,88.7,11.3,2.3,4.7,5.2,2.2,2.3,4.9,school,2023,Tidewater,Chesapeake Public Schools,Chesapeake Virtual Academy
696,24,4.9,6.5,29.6,6.3,25.1,6.3,38.1,31.5,38.8,16.8,24.8,55.6,74.1,11.1,2,4.3,4.6,2.7,3.8,3.7,school,2023,Tidewater,Chesapeake Public Schools,Greenbrier Middle
419,19.1,2.8,6,27.9,4.5,23.6,6,32.9,36.5,46.8,14.1,18.6,54.2,81.9,15.8,1.9,4.4,4.7,2.7,3.3,3.9,school,2023,Tidewater,Chesapeake Public Schools,Jolliff Middle
1035,18.4,5.1,7.6,23.9,2.7,28,7.6,32,26.3,44.9,6.8,44.3,52.9,79.1,21.6,2,4.5,4.5,2.8,3.5,3.6,school,2023,Central Virginia,Chesterfield County Public Schools,Midlothian Middle
171,17.9,9.5,2.9,11.1,1.8,9.9,3.5,10.5,35.7,43.9,12.3,42.9,66.7,88.3,13.5,2,4.4,5.1,1.8,2.4,4.7,school,2023,Central Virginia,Chesterfield County Public Schools,Chesterfield Virtual Academy
480,25.7,6.5,17.3,33.3,7.3,39.8,10.6,43.3,41.5,36,16.5,32.9,63.3,72.3,19.2,2.5,3.9,4.1,3.4,3.9,3,school,2023,Central Virginia,Chesterfield County Public Schools,Matoaca Middle
653,20.7,5.7,5.2,26.8,4.4,25.4,6.6,34,31.7,41.5,9.2,48.3,68.3,78.9,15.8,1.9,4.3,4.4,2.8,3.6,3.7,school,2023,Central Virginia,Chesterfield County Public Schools,Swift Creek Middle
440,23,7,10.5,31.1,5.2,31.6,9.3,40.2,41.8,33.2,14.1,45.2,64.5,72,20,2.1,3.6,4,3.6,4,2.8,school,2023,Central Virginia,Chesterfield County Public Schools,Carver Middle
500,26,10.6,9.4,27.4,5.2,25,10.4,32.2,39.4,33.2,11,41.8,56.4,69,15.8,1.9,3.8,4.2,3,3.8,3.4,school,2023,Central Virginia,Chesterfield County Public Schools,Manchester Middle
595,23,7.3,11.3,29.6,4.9,29.9,6.1,36.8,35.5,42.9,9.1,40.7,55.6,76.5,16,1.6,4.1,4.3,3.2,3.9,3.3,school,2023,Central Virginia,Chesterfield County Public Schools,Bailey Bridge Middle
449,30.2,11.9,20.5,28.5,8,35,11.6,39.4,43.2,30.5,15.1,32.4,55.9,63.3,17.4,2.1,3.6,4,3.4,4,2.8,school,2023,Central Virginia,Chesterfield County Public Schools,Falling Creek Middle
559,25.2,7.5,10.2,28.1,5.9,39.2,10,38.6,40.8,37.9,12.5,40,54.3,66.4,17.5,2,3.9,4.1,3.1,3.9,3.2,school,2023,Central Virginia,Chesterfield County Public Schools,Providence Middle
462,23.9,9.3,16.2,31,8.2,40.7,11.7,40.7,45.5,43.7,12.8,27.1,62.7,65.6,19.9,2.3,3.9,4.1,2.9,3.7,3.3,school,2023,Central Virginia,Chesterfield County Public Schools,Salem Church Middle
750,19.1,5.4,7.1,22.3,2.8,25.3,7.5,31.5,27.5,42.3,7.1,50.9,60.4,80.7,17.7,2,4.4,4.6,2.6,3.4,3.9,school,2023,Central Virginia,Chesterfield County Public Schools,Robious Middle
748,22.5,6.8,5.5,27.8,3.9,26.3,8.7,29.9,34.9,39.8,9,26.9,58.2,78.2,15,1.9,4.2,4.4,2.9,3.6,3.7,school,2023,Central Virginia,Chesterfield County Public Schools,Elizabeth Davis Middle
1188,17.6,6.1,8.2,23.7,2.9,27.5,7.1,34.2,28.9,43.6,8.2,35.1,45.4,83.8,16.8,1.9,4.5,4.6,2.9,3.6,3.7,school,2023,Central Virginia,Chesterfield County Public Schools,Tomahawk Creek Middle
393,23.4,5.9,8.9,33.6,8.7,31,12.2,37.9,34.6,41.2,9.2,38.9,55.6,75.8,11.7,2.1,4.3,4.6,2.6,3.6,3.6,school,2023,Northern Virginia,Clarke County Public Schools,Johnson-Williams Middle
40,10.9,2.4,12.5,30,15,35,17.5,27.5,47.5,50,15,33.3,16.7,80,12.5,2.3,4.5,4.6,2.4,3.4,3.5,school,2023,Northern Neck,Colonial Beach Public Schools,Colonial Beach High
81,19.5,6.9,3.7,34.6,9.9,35.8,8.6,28.4,46.9,39.5,9.9,50,50,84,8.6,1.8,4.1,4.6,2.2,3.2,3.8,school,2023,Northern Neck,Colonial Beach Public Schools,Colonial Beach Elementary
396,23.5,5.4,7.6,27.8,6.6,35.9,7.3,40.2,41.2,38.4,15.4,34.4,47.5,72.5,13.9,1.9,4.1,4.7,2.8,3.6,3.6,school,2023,Central Virginia,Colonial Heights Public Schools,Colonial Heights Middle
78,16.7,2.6,11.5,46.2,12.8,34.6,9,37.2,30.8,41,14.1,45.5,18.2,74.4,20.5,1.5,4.2,4.4,2.6,3.5,3.6,school,2023,Western Virginia,Craig County Public Schools,Craig County High
970,23,8.5,9,24.1,5.7,27.2,7.2,29,38,42.4,12.7,37.4,59.3,77.4,14.2,2,4.2,4.6,2.6,3.7,3.8,school,2023,Northern Virginia,Culpeper County Public Schools,Culpeper Middle
700,22.9,8.7,8.7,22.3,6.6,25.6,9,26.6,36.4,45.3,13.4,26.6,63.8,74.3,17.9,2.3,4.2,4.6,2.7,3.5,3.8,school,2023,Northern Virginia,Culpeper County Public Schools,Floyd T. Binns Middle
181,19.1,7.6,13.8,30.4,5,32.6,8.3,31.5,33.7,38.7,12.7,56.5,56.5,75.7,11,2.5,4.2,4.6,2.8,3.6,3.7,school,2023,Southside,Cumberland County Public Schools,Cumberland Middle
NA,NA,NA,NA,NA,NA,NA,NA,NA,NA,NA,NA,NA,NA,NA,NA,NA,NA,NA,NA,NA,NA,school,2023,Western Virginia,Danville Public Schools,Woodberry Hills Elementary
389,25.1,7.7,13.9,30.6,7.2,32.1,8,39.3,41.1,32.6,14.4,42.9,58.9,72.8,14.4,2.4,3.6,4.1,3.1,4,3,school,2023,Western Virginia,Danville Public Schools,O. Trent Bonner Middle
412,24.3,6.1,13.1,36.2,10,39.3,12.1,38.8,42.7,40.8,17.5,44.4,61.1,71.6,18.9,2.5,3.9,4.5,2.9,4,3.4,school,2023,Western Virginia,Danville Public Schools,Westwood Middle
106,22.8,16.8,6.6,17,1.9,17.9,2.8,12.3,28.3,36.8,18.9,35,65,76.4,15.1,2.6,4.2,5,2.2,2.6,4.5,school,2023,Western Virginia,Danville Public Schools,Virtual Academy at I.W. Taylor
342,24.1,9.8,8.5,29.8,4.1,38,5,32.7,38.3,48.2,13.5,30.4,67.4,78.9,19.9,2.2,4.3,4.6,2.4,3.6,3.8,school,2023,Southwest,Dickenson County Public Schools,Ridgeview Middle
690,22.9,7.3,13.6,31.9,8.8,41.9,11.3,41.4,41.6,35.5,16.1,24.3,67.6,71.9,12,2.2,3.9,4.2,3.4,3.8,2.9,school,2023,Central Virginia,Dinwiddie County Public Schools,Dinwiddie County Middle
86,18.6,1.8,22.1,30.2,8.1,36,8.1,31.4,41.9,38.4,17.4,20,73.3,62.8,10.5,1.7,3.9,4.3,3,3.9,3.1,school,2023,Northern Neck,Essex County Public Schools,Essex High
87,18.7,4.4,8,35.6,3.4,41.4,6.9,40.2,39.1,36.8,16.1,42.9,64.3,80.5,10.3,1.4,4.2,4.6,3.2,3.9,3.5,school,2023,Northern Neck,Essex County Public Schools,James H. Cary Intermediate
655,16.5,7.8,12.2,20.6,4,27.6,8.4,28.7,28.4,37.3,7.6,37.3,62.7,68.4,14.7,1.9,4.3,4.4,2.8,3.4,3.5,school,2023,Northern Virginia,Fairfax County Public Schools,Herndon Middle
66,11.8,4.9,3,22.7,6.1,13.6,0,19.7,30.3,40.9,6.1,25,75,69.7,6.1,2.5,4.1,4.5,2.3,2.7,3.9,school,2023,Northern Virginia,Fairfax County Public Schools,Forest Edge Elementary
42,2.1,5.6,0,16.7,14.3,9.5,2.4,21.4,7.1,38.1,2.4,0,0,85.7,4.8,1,5,5,1.8,2.2,4.7,school,2023,Northern Virginia,Fairfax County Public Schools,Sherman Elementary
NA,NA,NA,NA,NA,NA,NA,NA,NA,NA,NA,NA,NA,NA,NA,NA,NA,NA,NA,NA,NA,NA,school,2023,Northern Virginia,Fairfax County Public Schools,Lake Braddock Secondary
72,6.8,1.7,1.4,13.9,0,13.9,2.8,25,16.7,51.4,5.6,16.7,50,91.7,6.9,1.3,5,5.2,1.6,1.8,5,school,2023,Northern Virginia,Fairfax County Public Schools,Chesterbrook Elementary
86,10.2,2.2,0,2.3,0,14,3.5,15.1,15.1,43,1.2,0,100,90.7,9.3,2,5.2,5.4,1.7,1.6,5.1,school,2023,Northern Virginia,Fairfax County Public Schools,Archer Elementary
52,3.6,5,5.8,13.5,5.8,23.1,5.8,23.1,13.5,51.9,5.8,33.3,66.7,94.2,9.6,1.7,4.8,5.2,1.6,1.8,4.6,school,2023,Northern Virginia,Fairfax County Public Schools,Vienna Elementary
123,15,4.1,0,19.5,2.4,8.1,3.3,24.4,22.8,40.7,8.1,30,40,75.6,9.8,1.7,4.8,5,2.1,2.4,4.4,school,2023,Northern Virginia,Fairfax County Public Schools,Oakton Elementary
127,12,8.6,2.4,22,1.6,20.5,3.1,20.5,18.1,37,4.7,50,16.7,89.8,3.1,1.7,4.6,4.9,2.1,2.6,4.3,school,2023,Northern Virginia,Fairfax County Public Schools,Orange Hunt Elementary
86,12.9,1.6,2.3,12.8,4.7,11.6,3.5,19.8,23.3,50,4.7,25,75,86,4.7,2,4.8,5.1,1.9,2.1,4.4,school,2023,Northern Virginia,Fairfax County Public Schools,Terra Centre Elementary
67,18.9,12.7,7.5,23.9,6,23.9,9,26.9,41.8,38.8,13.4,30,60,68.7,7.5,1.9,4.2,4.9,2.5,3.1,3.7,school,2023,Northern Virginia,Fairfax County Public Schools,Dogwood Elementary
82,11.6,3.3,1.2,20.7,1.2,24.4,2.4,30.5,26.8,53.7,8.5,14.3,57.1,85.4,9.8,1.9,4.8,5.1,1.9,2.4,4.6,school,2023,Northern Virginia,Fairfax County Public Schools,Terraset Elementary
59,15.9,3.7,6.8,25.4,3.4,13.6,6.8,32.2,25.4,47.5,13.6,25,75,83.1,8.5,1.8,4.4,5.1,1.7,2.4,4.4,school,2023,Northern Virginia,Fairfax County Public Schools,Clearview Elementary
77,7.4,1.5,1.3,23.4,1.3,26,2.6,26,32.5,39,11.7,22.2,44.4,81.8,7.8,1.8,5,5.3,2,2.2,4.6,school,2023,Northern Virginia,Fairfax County Public Schools,Sunrise Valley Elementary
87,12.4,3.3,4.6,28.7,10.3,26.4,3.4,37.9,23,37.9,8,28.6,42.9,87.4,4.6,2,4.8,5,2.1,2.8,4.3,school,2023,Northern Virginia,Fairfax County Public Schools,Fairview Elementary
766,10.3,4.5,3.4,12.7,3.8,19.7,5.7,18.8,21.3,48.8,6.7,37.3,60.8,84.1,23.1,1.7,4.7,4.9,2.1,2.7,4.4,school,2023,Northern Virginia,Fairfax County Public Schools,Rocky Run Middle
64,18.8,4.9,0,23.4,1.6,25,4.7,29.7,43.8,45.3,18.8,33.3,58.3,73.4,7.8,1.6,4.5,4.8,2,2.7,4.2,school,2023,Northern Virginia,Fairfax County Public Schools,Franconia Elementary
82,23.9,9,3.7,29.3,7.3,19.5,9.8,28,31.7,35.4,8.5,14.3,42.9,76.8,17.1,1.7,4.5,4.7,2.8,3.3,3.6,school,2023,Northern Virginia,Fairfax County Public Schools,Groveton Elementary
907,16.2,8.1,12.9,16.6,6,27.5,8.6,24.8,28.7,39.5,7.8,36,61.3,72.8,15.7,1.9,4.3,4.4,2.8,3.4,3.8,school,2023,Northern Virginia,Fairfax County Public Schools,Hughes Middle
74,19.5,4.5,2.7,31.1,4.1,28.4,5.4,33.8,25.7,43.2,14.9,27.3,27.3,58.1,10.8,1.5,4.7,4.9,2,2.2,4.4,school,2023,Northern Virginia,Fairfax County Public Schools,Forestville Elementary
66,13,1.7,1.5,13.6,0,12.1,1.5,25.8,25.8,53,18.2,25,50,86.4,15.2,2,5.1,5.3,1.8,1.8,5,school,2023,Northern Virginia,Fairfax County Public Schools,Fox Mill Elementary
111,15.4,4.1,0.9,12.6,4.5,15.3,3.6,16.2,20.7,45,5.4,28.6,28.6,73.9,8.1,2.1,4.9,5.2,1.8,2,4.6,school,2023,Northern Virginia,Fairfax County Public Schools,White Oaks Elementary
111,6.8,2,0.9,11.7,1.8,8.1,2.7,23.4,15.3,50.5,4.5,60,80,90.1,5.4,2,5.1,5.3,1.6,1.6,5.1,school,2023,Northern Virginia,Fairfax County Public Schools,Oak Hill Elementary
520,10.1,5.1,5.6,11.7,2.3,20.4,6.2,19.4,20,45,5,37,48.1,83.1,21.7,1.7,4.6,4.7,2.4,2.8,4.2,school,2023,Northern Virginia,Fairfax County Public Schools,Franklin Middle
59,21,7,1.7,25.4,3.4,16.9,0,22,45.8,54.2,15.3,33.3,22.2,76.3,11.9,1.4,4.5,5,2,2.5,4.3,school,2023,Northern Virginia,Fairfax County Public Schools,Newington Forest Elementary
64,9.2,9.1,0,15.6,1.6,17.2,3.1,21.9,20.3,31.2,4.7,66.7,66.7,73.4,10.9,2.3,4.6,4.9,2,2,4.3,school,2023,Northern Virginia,Fairfax County Public Schools,Cherry Run Elementary
48,10,3.1,0,2.1,2.1,12.5,6.2,18.8,20.8,54.2,4.2,100,50,77.1,2.1,1,4.9,5.1,2.2,1.8,4.7,school,2023,Northern Virginia,Fairfax County Public Schools,Freedom Hill Elementary
35,18.9,15.4,5.7,45.7,17.1,37.1,5.7,34.3,40,31.4,8.6,33.3,33.3,82.9,22.9,3.3,4.2,4.6,2.6,3.3,3.8,school,2023,Northern Virginia,Fairfax County Public Schools,Mount Eagle Elementary
49,25,15.7,2,18.4,4.1,12.2,6.1,24.5,26.5,32.7,10.2,60,80,67.3,12.2,1.6,4.1,4.9,2.2,2.7,4.3,school,2023,Northern Virginia,Fairfax County Public Schools,Graham Road Elementary
40,15,7.1,0,17.5,0,15,2.5,37.5,32.5,47.5,15,0,66.7,77.5,10,1,4.7,5,2.4,3,4.4,school,2023,Northern Virginia,Fairfax County Public Schools,Belle View Elementary
80,14,2,0,12.5,0,15,1.2,16.2,20,37.5,6.2,66.7,0,92.5,7.5,1.3,5.1,5.3,1.6,1.7,4.9,school,2023,Northern Virginia,Fairfax County Public Schools,Great Falls Elementary
78,23.2,8,6.4,19.2,3.8,28.2,10.3,25.6,28.2,33.3,11.5,10,80,71.8,6.4,3.2,4.5,5.1,2.3,2.6,4.3,school,2023,Northern Virginia,Fairfax County Public Schools,Westlawn Elementary
50,9.8,6.3,2,16,4,18,0,30,30,50,8,75,25,68,12,1.2,4.6,5,2.3,2.9,4.1,school,2023,Northern Virginia,Fairfax County Public Schools,Cameron Elementary
30,15.6,4.1,3.3,6.7,10,20,6.7,23.3,23.3,50,3.3,0,0,73.3,10,1,5,5,2,2.5,4.5,school,2023,Northern Virginia,Fairfax County Public Schools,Garfield Elementary
42,13,10.1,4.8,28.6,7.1,26.2,4.8,23.8,35.7,31,11.9,20,20,69,7.1,2.2,4.4,4.6,2.7,2.9,3.7,school,2023,Northern Virginia,Fairfax County Public Schools,Woodburn Elementary
550,14.9,6.1,9.8,15.1,4.5,22.5,6.5,28.5,22.5,36.9,7.1,28.2,53.8,74.9,14.5,1.7,4.2,4.5,3.1,3.4,3.6,school,2023,Northern Virginia,Fairfax County Public Schools,Jackson Middle
70,18.4,5.6,1.4,21.4,4.3,8.6,0,21.4,17.1,51.4,10,0,28.6,75.7,21.4,1.3,4.6,4.7,2,2.3,4.2,school,2023,Northern Virginia,Fairfax County Public Schools,Bush Hill Elementary
27,22.2,3.5,0,18.5,7.4,33.3,3.7,25.9,33.3,48.1,14.8,25,25,85.2,7.4,1.8,4.4,4.9,2.2,2.7,4.4,school,2023,Northern Virginia,Fairfax County Public Schools,Bucknell Elementary
94,10.6,2.6,3.2,19.1,4.3,10.6,3.2,25.5,14.9,44.7,4.3,0,25,84,4.3,2,4.9,5.2,1.7,2,4.6,school,2023,Northern Virginia,Fairfax County Public Schools,Flint Hill Elementary
88,6.6,4.7,1.1,8,1.1,11.4,3.4,21.6,21.6,52.3,10.2,11.1,33.3,78.4,2.3,1.7,4.7,5,1.6,1.7,4.8,school,2023,Northern Virginia,Fairfax County Public Schools,Floris Elementary
168,11.1,4,1.2,16.1,1.8,13.7,2.4,24.4,19.6,46.4,10.7,27.8,72.2,81,7.7,1.8,5,5.1,1.7,1.9,4.8,school,2023,Northern Virginia,Fairfax County Public Schools,Haycock Elementary
67,9.9,2.5,3,14.9,3,14.9,3,34.3,23.9,44.8,0,0,0,83.6,9,NA,4.8,5.1,1.9,2.2,4.6,school,2023,Northern Virginia,Fairfax County Public Schools,Lemon Road Elementary
56,19.4,17,3.6,25,3.6,25,8.9,26.8,48.2,33.9,7.1,50,75,80.4,16.1,1.5,4.5,4.8,1.9,2.6,4.2,school,2023,Northern Virginia,Fairfax County Public Schools,Pine Spring Elementary
46,24.5,2,0,10.9,2.2,13,4.3,19.6,26.1,41.3,4.3,100,50,89.1,10.9,2,4.8,5.2,2,2.2,4.4,school,2023,Northern Virginia,Fairfax County Public Schools,Timber Lane Elementary
89,12.8,3.5,3.4,9,1.1,7.9,2.2,21.3,13.5,57.3,7.9,42.9,71.4,88.8,12.4,1.3,5.1,5.3,1.7,1.8,5,school,2023,Northern Virginia,Fairfax County Public Schools,Wakefield Forest Elementary
61,21.7,7.7,8.2,29.5,3.3,21.3,4.9,24.6,29.5,39.3,13.1,25,62.5,72.1,11.5,2,4.4,5.1,2.4,2.8,3.9,school,2023,Northern Virginia,Fairfax County Public Schools,Crestwood Elementary
72,22.7,10.7,9.7,27.8,11.1,27.8,12.5,27.8,34.7,38.9,15.3,45.5,36.4,66.7,9.7,2.6,4,4.7,2.6,3.2,3.8,school,2023,Northern Virginia,Fairfax County Public Schools,Lynbrook Elementary
92,12.7,5.1,2.2,19.6,0,23.9,3.3,28.3,30.4,38,3.3,20,60,85.9,20.7,1.6,4.7,5.1,2,2.7,4.5,school,2023,Northern Virginia,Fairfax County Public Schools,Rose Hill Elementary
101,14,2.6,0,15.8,2,18.8,5,31.7,29.7,38.6,5,60,60,81.2,14.9,2.2,4.5,4.8,2.1,2.6,4.3,school,2023,Northern Virginia,Fairfax County Public Schools,Springfield Estates Elementary
168,7.4,4.9,1.2,23.2,5.4,16.1,5.4,29.2,22,36.9,6.5,25,66.7,76.2,6.5,1.4,4.8,4.9,2.2,2.3,4.4,school,2023,Northern Virginia,Fairfax County Public Schools,Kent Gardens Elementary
101,6.8,3.7,1,24.8,4,21.8,4,37.6,22.8,44.6,5.9,0,33.3,79.2,7.9,1.3,4.8,4.8,1.9,2.2,4.4,school,2023,Northern Virginia,Fairfax County Public Schools,Churchill Road Elementary
81,7.4,3.3,6.2,17.3,3.7,27.2,7.4,29.6,25.9,32.1,8.6,37.5,12.5,80.2,9.9,1.9,4.9,5.1,1.8,2.2,4.5,school,2023,Northern Virginia,Fairfax County Public Schools,Waynewood Elementary
753,13.1,4.7,8.1,16.9,4.2,24.2,8.1,26.6,24.8,42.5,8.2,48.4,41.9,80.3,17.8,1.9,4.4,4.7,2.4,3.2,3.9,school,2023,Northern Virginia,Fairfax County Public Schools,Johnson Middle
965,11.8,6.6,4.1,13.6,2.7,22.7,6.2,26,25.2,44,9,35.8,50.5,80.3,21.3,1.6,4.5,4.6,2.4,2.9,4,school,2023,Northern Virginia,Fairfax County Public Schools,Irving Middle
579,17.4,9.8,7.9,16.2,5.2,24.5,7.4,21.8,30.7,32,9,26.9,50,73.9,14.9,2.2,4.2,4.6,2.7,3.3,3.8,school,2023,Northern Virginia,Fairfax County Public Schools,Poe Middle
946,13.2,6.2,13,14.7,2.9,24,6.3,30.7,24,41.2,7.3,33.3,47.8,77,15.2,1.8,4.5,4.6,2.6,3.1,3.9,school,2023,Northern Virginia,Fairfax County Public Schools,Thoreau Middle
577,7.7,6.7,5.4,11.8,3.3,20.5,5.9,22.2,19.1,40.7,5.2,35.5,61.3,81.8,24.6,2.3,4.6,4.7,2.2,2.7,4.2,school,2023,Northern Virginia,Fairfax County Public Schools,Longfellow Middle
525,13.8,6.1,10.7,14.5,3.8,25.5,7,25.5,23.8,33.5,8,51.2,62.8,71.6,24,2.3,4.3,4.4,3.1,3.2,3.7,school,2023,Northern Virginia,Fairfax County Public Schools,Twain Middle
637,17.1,9.3,13.8,17.6,5.2,22.3,8.2,28.6,30.3,34.1,9.9,41.3,63.5,71.9,11.3,2,4.1,4.5,3,3.6,3.4,school,2023,Northern Virginia,Fairfax County Public Schools,Glasgow Middle
632,11.7,4.2,3.5,17.1,2.4,18.7,4.7,24.7,16.9,44.8,4,31,41.4,85.4,25.2,1.6,4.6,4.8,2.4,3,3.9,school,2023,Northern Virginia,Fairfax County Public Schools,Cooper Middle
74,18.5,4.8,4.1,29.7,6.8,14.9,1.4,40.5,35.1,51.4,17.6,50,42.9,79.7,9.5,2.2,4.5,5,2.4,2.7,4.3,school,2023,Northern Virginia,Fairfax County Public Schools,Marshall Road Elementary
156,10.2,3.3,0.6,9.6,0.6,12.8,1.9,23.7,17.3,40.4,5.8,11.1,22.2,80.8,6.4,1.3,4.9,5,2.2,2,4.5,school,2023,Northern Virginia,Fairfax County Public Schools,Mantua Elementary
121,9.4,4.2,0.8,17.4,7.4,19,3.3,28.1,28.1,52.9,7.4,33.3,55.6,78.5,6.6,1.4,4.8,5,2,2.5,4.4,school,2023,Northern Virginia,Fairfax County Public Schools,Keene Mill Elementary
86,26.7,4.4,8.1,37.2,5.8,32.6,5.8,20.9,30.2,51.2,5.8,80,20,76.7,10.5,3.2,4.3,4.8,2.7,2.9,4,school,2023,Northern Virginia,Fairfax County Public Schools,Herndon Elementary
914,16.3,10.3,8.1,19.6,3.9,22.4,6.9,28.4,28.6,36.5,9.4,40.7,67.4,75.1,18.1,1.9,4.2,4.4,3,3.5,3.5,school,2023,Northern Virginia,Fairfax County Public Schools,Sandburg Middle
78,6.1,5.6,1.3,14.1,1.3,20.5,7.7,17.9,19.2,44.9,0,0,0,73.1,7.7,1,4.7,5.2,1.8,2.3,4.3,school,2023,Northern Virginia,Fairfax County Public Schools,Ravensworth Elementary
57,19.4,2.9,1.8,31.6,12.3,21.1,3.5,28.1,31.6,56.1,5.3,33.3,100,75.4,5.3,2,4.4,4.8,2.3,2.8,4.5,school,2023,Northern Virginia,Fairfax County Public Schools,Washington Mill Elementary
60,15.9,7,5,30,6.7,21.7,5,28.3,33.3,40,10,16.7,50,68.3,6.7,1.5,4.3,4.9,2.7,3.2,3.8,school,2023,Northern Virginia,Fairfax County Public Schools,Hollin Meadows Elementary
92,7.5,3,1.1,28.3,6.5,28.3,6.5,42.4,23.9,45.7,8.7,12.5,75,78.3,2.2,1.9,4.6,5,3,3.2,3.8,school,2023,Northern Virginia,Fairfax County Public Schools,Stratford Landing Elementary
67,10,3,1.5,14.9,0,16.4,0,32.8,23.9,43.3,1.5,0,100,80.6,9,1,4.9,5.1,1.8,1.9,4.6,school,2023,Northern Virginia,Fairfax County Public Schools,Stenwood Elementary
127,12,2.6,0.8,11,0,12.6,5.5,19.7,25.2,40.9,9.4,33.3,41.7,85,6.3,1.7,5,5.3,1.8,1.9,4.8,school,2023,Northern Virginia,Fairfax County Public Schools,Mosaic Elementary
50,13,4.5,2,20,2,12,4,24,18,42,2,0,100,80,6,2,4.8,5.1,1.8,2.2,4.7,school,2023,Northern Virginia,Fairfax County Public Schools,Little Run Elementary
1037,10.9,4.5,4.3,13.6,2.9,19.6,5.3,25.1,21.7,40.5,8.5,32.3,47.9,82.8,23.3,1.6,4.5,4.7,2.5,2.9,4,school,2023,Northern Virginia,Fairfax County Public Schools,Frost Middle
98,18.8,12.4,5.1,29.6,6.1,22.4,6.1,27.6,32.7,34.7,18.4,27.8,77.8,74.5,10.2,2.2,4.4,4.9,2.5,2.8,4.2,school,2023,Northern Virginia,Fairfax County Public Schools,Hybla Valley Elementary
83,9.2,1.5,0,14.5,2.4,16.9,4.8,26.5,15.7,59,1.2,50,50,91.6,7.2,1.5,5,5.4,2,2.1,4.7,school,2023,Northern Virginia,Fairfax County Public Schools,West Springfield Elementary
68,20.3,4.5,4.4,23.5,8.8,29.4,8.8,23.5,26.5,30.9,11.8,37.5,50,73.5,5.9,2.4,4.6,5.2,2.3,2.6,4.3,school,2023,Northern Virginia,Fairfax County Public Schools,Forestdale Elementary
61,17.2,4.7,1.6,19.7,3.3,21.3,0,34.4,23,34.4,8.2,20,60,82,0,1.4,4.6,5,1.9,2.5,4.5,school,2023,Northern Virginia,Fairfax County Public Schools,Fairfax Villa Elementary
101,10.7,3.8,2,14.9,5,21.8,4,30.7,29.7,50.5,4,50,50,74.3,8.9,1.7,4.8,5.1,2,2.3,4.7,school,2023,Northern Virginia,Fairfax County Public Schools,Greenbriar West Elementary
653,16.4,10,7.8,18.1,5.7,20.4,9,23.7,30.6,30.8,7.8,42.6,61.1,67.1,11.3,2,4.3,4.6,2.7,3.4,3.6,school,2023,Northern Virginia,Fairfax County Public Schools,Holmes Middle
43,20.5,7.1,0,14,0,16.3,4.7,7,20.9,53.5,4.7,0,0,83.7,14,1.7,4.8,5.1,1.9,2.2,4.6,school,2023,Northern Virginia,Fairfax County Public Schools,Armstrong Elementary
103,11.3,2,1,24.3,1,12.6,1.9,24.3,18.4,41.7,7.8,22.2,55.6,83.5,10.7,1.3,4.9,5.1,1.7,2.3,4.5,school,2023,Northern Virginia,Fairfax County Public Schools,Union Mill Elementary
549,16.7,9.3,10.7,11.8,3.1,23.7,7.1,20,27.9,33.9,6.4,36.6,46.3,71.9,15.8,2,4.2,4.5,2.9,3.3,3.6,school,2023,Northern Virginia,Fairfax County Public Schools,Whitman Middle
54,16.1,1.5,1.9,14.8,3.7,16.7,5.6,18.5,22.2,44.4,11.1,42.9,28.6,81.5,7.4,1.1,4.7,4.9,1.9,2.5,4.5,school,2023,Northern Virginia,Fairfax County Public Schools,Lake Anne Elementary
105,9,3.3,4.8,11.4,1,20,2.9,23.8,21.9,43.8,7.6,37.5,50,78.1,1.9,1.8,4.9,5,1.9,2,4.7,school,2023,Northern Virginia,Fairfax County Public Schools,Westbriar Elementary
145,9.3,2.8,0.7,15.9,0,23.4,5.5,37.9,20.7,49,7.6,36.4,45.5,80,5.5,1.8,4.9,5,1.8,2.2,4.5,school,2023,Northern Virginia,Fairfax County Public Schools,Canterbury Woods Elementary
77,13.8,3.1,1.3,19.5,1.3,14.3,1.3,19.5,24.7,40.3,5.2,25,25,81.8,2.6,1.2,4.9,5.2,2,2.3,4.7,school,2023,Northern Virginia,Fairfax County Public Schools,Cub Run Elementary
146,10.2,5.4,0.7,15.8,1.4,14.4,3.4,26,18.5,37.7,4.8,14.3,71.4,87,6.8,1.1,4.8,5,2.1,2.1,4.5,school,2023,Northern Virginia,Fairfax County Public Schools,Spring Hill Elementary
53,20,7.2,5.7,22.6,5.7,35.8,11.3,26.4,39.6,35.8,15.1,25,50,71.7,9.4,2.4,4.8,5.1,2.3,2.6,4.4,school,2023,Northern Virginia,Fairfax County Public Schools,Fairhill Elementary
48,12,3.2,4.2,29.2,4.2,10.4,2.1,31.2,16.7,43.8,4.2,33.3,33.3,68.8,10.4,1,4.9,5.2,2.1,2.5,4.8,school,2023,Northern Virginia,Fairfax County Public Schools,Olde Creek Elementary
68,8.3,10.6,7.4,20.6,4.4,22.1,8.8,23.5,29.4,38.2,5.9,25,75,76.5,1.5,2.5,4.6,5,1.9,2.2,4.4,school,2023,Northern Virginia,Fairfax County Public Schools,Westgate Elementary
109,8.7,1,0.9,8.3,0.9,13.8,1.8,28.4,19.3,50.5,4.6,20,20,84.4,5.5,1,5,5.1,1.8,1.9,4.7,school,2023,Northern Virginia,Fairfax County Public Schools,Silverbrook Elementary
61,15.9,3.8,3.3,16.4,4.9,24.6,4.9,24.6,26.2,36.1,11.5,25,25,80.3,8.2,1.8,4.5,4.8,2.1,2.7,4,school,2023,Northern Virginia,Fairfax County Public Schools,Cardinal Forest Elementary
55,8.3,5,1.8,18.2,3.6,16.4,7.3,18.2,16.4,34.5,3.6,0,50,83.6,9.1,2.5,4.8,5.1,1.9,2.2,4.5,school,2023,Northern Virginia,Fairfax County Public Schools,Cunningham Park Elementary
90,17.5,5.2,1.1,18.9,5.6,24.4,4.4,42.2,20,52.2,12.2,18.2,36.4,81.1,7.8,1.5,4.4,5.1,2.2,2.7,4.1,school,2023,Northern Virginia,Fairfax County Public Schools,Hayfield Elementary
826,11.3,4.8,4.5,11,1.9,21.8,5.4,22.3,21.3,44.7,4.8,41.9,48.8,82.3,20.2,1.7,4.7,4.8,2.2,2.7,4.2,school,2023,Northern Virginia,Fairfax County Public Schools,Kilmer Middle
67,18.1,3.4,7.5,29.9,3,26.9,10.4,35.8,29.9,47.8,17.9,33.3,83.3,67.2,6,2.2,4.6,5,2.2,2.8,4.3,school,2023,Northern Virginia,Fairfax County Public Schools,Rolling Valley Elementary
55,18.6,9,3.6,16.4,3.6,16.4,3.6,29.1,27.3,41.8,5.5,33.3,66.7,80,7.3,2,4.4,4.9,2.4,2.6,4.1,school,2023,Northern Virginia,Fairfax County Public Schools,Brookfield Elementary
436,16.5,8.5,4.8,15.8,3.2,16.3,5.5,22.9,26.8,38.5,8,48.6,43.2,78,17,1.7,4.3,4.6,3,3.4,3.7,school,2023,Northern Virginia,Fairfax County Public Schools,Hayfield Secondary
73,14.1,5.7,2.7,26,1.4,11,1.4,28.8,21.9,42.5,11,37.5,37.5,76.7,9.6,1.1,4.8,5,1.9,2.1,4.4,school,2023,Northern Virginia,Fairfax County Public Schools,Wolftrap Elementary
66,21.4,5,3,21.2,6.1,28.8,13.6,25.8,27.3,43.9,6.1,25,25,66.7,9.1,2.5,4.5,4.8,2.5,3.2,4,school,2023,Northern Virginia,Fairfax County Public Schools,London Towne Elementary
110,15.4,8.3,4.5,25.5,5.5,42.7,13.6,35.5,42.7,28.2,11.8,46.2,61.5,75.5,13.6,2.3,4.4,4.4,2.3,2.8,3.8,school,2023,Northern Virginia,Fairfax County Public Schools,Greenbriar East Elementary
115,8.4,3.3,0.9,10.4,1.7,13,7,27,20,40,5.2,33.3,66.7,79.1,7,1.5,4.8,5,1.9,2,4.6,school,2023,Northern Virginia,Fairfax County Public Schools,Oak View Elementary
52,1.9,2.3,0,13.5,0,25,11.5,15.4,17.3,57.7,3.8,0,50,73.1,17.3,1.5,5,5.2,1.7,1.9,4.8,school,2023,Northern Virginia,Fairfax County Public Schools,Clermont Elementary
66,7.2,9.4,0,12.1,0,16.7,1.5,18.2,18.2,34.8,0,0,0,83.3,9.1,NA,4.8,5,1.8,2.1,4.5,school,2023,Northern Virginia,Fairfax County Public Schools,Hunt Valley Elementary
117,13.9,3.7,1.7,20.5,3.4,20.5,3.4,23.1,23.9,49.6,6,14.3,42.9,80.3,4.3,2.1,4.7,5.2,2.1,2.4,4.2,school,2023,Northern Virginia,Fairfax County Public Schools,Kings Glen Elementary
453,17.1,6.1,10.6,15.9,4.4,25.2,9.7,22.5,26,35.5,2.9,14.3,50,74.4,13.7,2.2,4.3,4.6,2.9,3.3,3.5,school,2023,Northern Virginia,Fairfax County Public Schools,Key Middle
66,10.1,6.1,1.5,10.6,1.5,13.6,6.1,12.1,22.7,50,6.1,0,100,75.8,9.1,3.8,4.9,5,1.9,2,4.8,school,2023,Northern Virginia,Fairfax County Public Schools,Fort Hunt Elementary
49,22,9.8,2,28.6,10.2,38.8,12.2,28.6,34.7,46.9,14.3,42.9,71.4,73.5,6.1,1.7,4.1,4.7,2.5,2.9,4,school,2023,Northern Virginia,Fairfax County Public Schools,Camelot Elementary
110,7,2.2,0.9,25.5,5.5,20.9,2.7,33.6,26.4,51.8,9.1,20,70,77.3,10,1.7,4.6,5.2,2.2,2.5,4.3,school,2023,Northern Virginia,Fairfax County Public Schools,Hunters Woods Elementary School for the Arts and Sciences
752,10.9,5.3,5.1,15.3,2.3,20.6,5.9,23.3,24.2,42.2,6.1,32.6,54.3,80.7,12.1,1.5,4.7,4.9,2.2,2.9,4.3,school,2023,Northern Virginia,Fairfax County Public Schools,Robinson Secondary
70,11,10.1,0,18.6,1.4,22.9,4.3,31.4,27.1,42.9,4.3,40,20,81.4,12.9,1.2,4.7,4.8,1.8,2.6,4.4,school,2023,Northern Virginia,Fairfax County Public Schools,Laurel Ridge Elementary
99,11.4,5.3,2,21.2,2,13.1,6.1,21.2,30.3,44.4,15.2,46.7,60,76.8,11.1,1.9,4.8,5,2.6,2.5,4.4,school,2023,Northern Virginia,Fairfax County Public Schools,Bonnie Brae Elementary
83,20.5,6.1,2.4,30.1,2.4,30.1,4.8,33.7,33.7,55.4,15.7,53.8,46.2,81.9,9.6,1.9,4.6,5.1,2.3,2.7,4.3,school,2023,Northern Virginia,Fairfax County Public Schools,Dranesville Elementary
70,6.8,3.6,1.4,12.9,0,21.4,5.7,20,25.7,34.3,2.9,0,50,84.3,2.9,1,4.9,5.1,1.6,2,4.7,school,2023,Northern Virginia,Fairfax County Public Schools,Crossfield Elementary
167,7.9,2.3,1.2,13.8,1.2,9,2.4,35.3,17.4,40.7,8.4,6.7,46.7,83.2,6.6,1.3,4.8,5.1,1.7,1.8,4.8,school,2023,Northern Virginia,Fairfax County Public Schools,Sangster Elementary
78,18.8,4.6,3.8,10.3,1.3,17.9,3.8,21.8,24.4,52.6,11.5,66.7,33.3,79.5,11.5,2.1,4.7,5.1,2,2.4,4.3,school,2023,Northern Virginia,Fairfax County Public Schools,Virginia Run Elementary
135,10.6,4,3,20.7,1.5,22.2,8.9,34.1,23,37,7.4,10,50,80.7,23.7,1.6,4.9,4.9,2.2,2.4,4.3,school,2023,Northern Virginia,Fairfax County Public Schools,Willow Springs Elementary
393,13.7,4.7,4.1,18.8,3.1,25.7,5.6,25.2,24.7,42.2,6.6,40.7,63,76.1,14.2,1.8,4.5,4.7,2.4,3.2,4,school,2023,Northern Virginia,Fairfax County Public Schools,Stone Middle
106,16.5,4.6,0,18.9,0.9,30.2,5.7,42.5,19.8,37.7,4.7,20,20,83,4.7,1.2,4.9,5.1,1.9,2.3,4.5,school,2023,Northern Virginia,Fairfax County Public Schools,Poplar Tree Elementary
87,20.8,7.7,0,24.1,6.9,18.4,3.4,34.5,37.9,47.1,8,14.3,57.1,70.1,8,2,4.7,5.1,2.4,3,4.2,school,2023,Northern Virginia,Fairfax County Public Schools,Centre Ridge Elementary
93,14.4,9.3,1.1,28,3.2,26.9,7.5,40.9,26.9,29,9.7,22.2,44.4,74.2,7.5,1.7,4.5,4.7,2.4,2.6,4,school,2023,Northern Virginia,Fairfax County Public Schools,Waples Mill Elementary
127,11.4,4,0.8,20.5,4.7,16.5,3.1,20.5,22.8,40.2,5.5,14.3,57.1,85,4.7,1.3,4.7,5,2,2.7,4.2,school,2023,Northern Virginia,Fairfax County Public Schools,McNair Upper Elementary
63,7.7,1.3,0,11.1,1.6,11.1,3.2,11.1,17.5,54,6.3,50,75,76.2,3.2,2.2,5,5.3,1.6,1.8,5,school,2023,Northern Virginia,Fairfax County Public Schools,Aldrin Elementary
56,10.3,5,7.1,26.8,1.8,25,5.4,25,28.6,55.4,8.9,0,20,83.9,10.7,1.4,4.8,5.3,2,2.3,4.5,school,2023,Northern Virginia,Fairfax County Public Schools,Deer Park Elementary
86,7.7,1.5,2.3,19.8,2.3,12.8,5.8,16.3,22.1,37.2,3.5,33.3,66.7,80.2,3.5,1.3,4.7,5.1,2.3,2.8,4.3,school,2023,Northern Virginia,Fairfax County Public Schools,Centreville Elementary
75,6.3,2.9,4,29.3,0,18.7,9.3,30.7,20,42.7,5.3,50,75,74.7,9.3,3.2,4.4,4.6,2.5,2.7,3.9,school,2023,Northern Virginia,Fairfax County Public Schools,Halley Elementary
1078,11.7,4.7,4.4,11,2.4,18.8,5.9,21.9,22.8,41.2,7.6,27.6,59.8,77.6,25.7,1.6,4.7,4.9,2.4,2.8,4.3,school,2023,Northern Virginia,Fairfax County Public Schools,Carson Middle
103,17.3,5.2,4.9,35,5.8,28.2,5.8,43.7,31.1,51.5,15.5,43.8,37.5,70.9,7.8,2,4.4,4.8,2.5,3,3.9,school,2023,Northern Virginia,Fairfax County Public Schools,Bull Run Elementary
90,13.7,6.9,2.2,16.7,3.3,14.4,5.6,26.7,23.3,41.1,5.6,40,20,82.2,5.6,1.2,4.7,5.1,2.2,2.7,4.1,school,2023,Northern Virginia,Fairfax County Public Schools,Daniels Run Elementary
124,15.5,9.4,1.6,19.4,1.6,21,6.5,26.6,24.2,42.7,11.3,28.6,71.4,75.8,5.6,2.3,4.5,5,2.1,2.5,4.4,school,2023,Northern Virginia,Fairfax County Public Schools,Providence Elementary
740,14.9,6.3,7.6,17.7,5.1,27.4,7.2,28.4,29.1,38.4,8.8,38.5,53.8,73.5,14.2,1.7,4.4,4.6,2.8,3.3,3.7,school,2023,Northern Virginia,Fairfax County Public Schools,Liberty Middle
118,9,2.1,0.8,15.3,2.5,20.3,3.4,22,20.3,41.5,5.1,16.7,50,87.3,10.2,2.2,4.9,5.1,1.8,2.1,4.8,school,2023,Northern Virginia,Fairfax County Public Schools,Colvin Run Elementary
66,6,2.8,1.5,27.3,3,15.2,3,18.2,27.3,51.5,6.1,0,75,68.2,7.6,1,4.8,5,2.2,2.5,4.3,school,2023,Northern Virginia,Fairfax County Public Schools,Island Creek Elementary
56,18.6,4.9,1.8,26.8,7.1,16.1,7.1,33.9,35.7,42.9,14.3,0,62.5,71.4,5.4,1.9,4.3,4.6,2.9,3,3.4,school,2023,Northern Virginia,Fairfax County Public Schools,Lorton Station Elementary
127,7.6,2.9,0.8,8.7,1.6,20.5,4.7,11.8,22,48.8,3.9,16.7,50,89,3.9,1.5,4.9,5.2,1.9,2.1,4.7,school,2023,Northern Virginia,Fairfax County Public Schools,Powell Elementary
63,9,1.7,0,23.8,4.8,23.8,1.6,41.3,25.4,47.6,12.7,12.5,37.5,84.1,7.9,1.4,4.6,5.3,2.5,2.6,4.5,school,2023,Northern Virginia,Fairfax County Public Schools,Eagle View Elementary
66,18.7,5.1,6.1,34.8,4.5,25.8,10.6,28.8,43.9,36.4,18.2,33.3,58.3,72.7,1.5,2.4,4.4,4.9,2.6,3,3.8,school,2023,Northern Virginia,Fairfax County Public Schools,Coates Elementary
79,9.5,6.2,0,17.7,0,17.7,3.8,16.5,26.6,35.4,2.5,50,50,74.7,13.9,1,4.5,4.8,2.2,2.7,4.2,school,2023,Northern Virginia,Fairfax County Public Schools,Laurel Hill Elementary
727,14.2,7.3,7,15.7,2.8,22,6.2,26.4,26.7,39.1,7.2,34.6,51.9,75.9,13.3,1.7,4.7,4.6,2.7,3.2,4,school,2023,Northern Virginia,Fairfax County Public Schools,South County Middle
97,8.9,4.5,1,30.9,4.1,22.7,10.3,27.8,25.8,46.4,7.2,33.3,33.3,78.4,7.2,1.1,4.4,4.8,2.6,2.8,3.7,school,2023,Northern Virginia,Fairfax County Public Schools,Fort Belvoir Upper Elementary
506,13.7,4.6,1.6,11.7,1.4,19.8,4.2,23.5,23.1,40.5,5.7,37.9,37.9,81.4,11.1,1.3,4.7,4.8,2.1,2.7,4.3,school,2023,Northern Virginia,Falls Church Public Schools,Mary Ellen Henderson Middle
338,16.9,5.5,8.9,27.5,5.3,27.8,6.2,29.9,32.2,34.9,10.4,40,65.7,74,12.7,1.6,4.4,4.7,2.2,3.1,3.9,school,2023,Northern Virginia,Fauquier County Public Schools,Marshall Middle
494,20.3,8.3,14,35.4,9.9,35.2,8.1,38.1,36.8,35.4,12.1,23.3,58.3,72.7,8.9,2.2,4.2,4.4,2.9,3.7,3.4,school,2023,Northern Virginia,Fauquier County Public Schools,Cedar Lee Middle
347,16.7,2.8,7.2,29.1,7.2,32.6,7.8,35.4,29.1,43.5,7.5,50,57.7,82.4,11.2,1.8,4.5,4.6,2.5,3.3,4,school,2023,Northern Virginia,Fauquier County Public Schools,Warrenton Middle
298,22.5,7.4,8.1,36.9,7.7,35.6,9.4,38.9,34.2,42.3,12.1,50,58.3,73.8,9.7,1.6,4.3,4.5,2.7,3.5,3.4,school,2023,Northern Virginia,Fauquier County Public Schools,W.C. Taylor Middle
466,18.5,5,4.3,30.3,4.7,27.3,6,34.8,31.1,44.6,9.4,43.2,52.3,78.8,7.1,1.6,4.5,4.8,2.3,3.1,4.3,school,2023,Northern Virginia,Fauquier County Public Schools,Auburn Middle
61,27.7,3.2,4.9,45.9,13.1,41,6.6,32.8,39.3,41,4.9,0,66.7,80.3,13.1,2.7,4,4.7,2.6,3.3,3.7,school,2023,Western Virginia,Floyd County Public Schools,Check Elementary
79,22.9,4,2.5,30.4,2.5,29.1,8.9,25.3,22.8,48.1,7.6,33.3,66.7,82.3,10.1,1.7,4.6,5.1,2.3,3,4.2,school,2023,Western Virginia,Floyd County Public Schools,Floyd Elementary
42,25,7.8,2.4,50,4.8,23.8,9.5,54.8,50,45.2,23.8,30,70,71.4,11.9,1.7,4,4.8,2.3,3.4,3.6,school,2023,Western Virginia,Floyd County Public Schools,Willis Elementary
33,18.9,7.7,0,27.3,3,21.2,3,15.2,21.2,51.5,9.1,0,0,87.9,3,1.7,4.9,5.1,2.1,1.9,4.7,school,2023,Western Virginia,Floyd County Public Schools,Indian Valley Elementary
95,21,3.9,5.3,33.7,0,37.9,4.2,30.5,29.5,49.5,10.5,70,30,75.8,23.2,1.5,4.5,5,2.5,3.5,4.2,school,2023,Western Virginia,Floyd County Public Schools,Floyd County High
242,20.6,8.5,14,26.9,4.1,36,6.2,33.9,38.4,37.2,14,29.4,58.8,70.2,15.7,2,4.1,4.6,3,3.7,3.4,school,2023,Valley,Fluvanna County Public Schools,Fluvanna County High
430,23.6,7.5,4.4,30.5,5.6,32.6,6,31.2,34.9,46.3,9.5,51.2,39,82.8,15.1,1.7,4.3,4.7,2.6,3.4,3.8,school,2023,Valley,Fluvanna County Public Schools,Fluvanna Middle
1102,22.1,6.3,13.3,33.8,10.6,37.7,8.9,39.7,39,43.9,14,38.3,61.7,75.9,14.8,2.2,4.2,4.5,2.9,3.8,3.5,school,2023,Western Virginia,Franklin County Public Schools,Benjamin Franklin Middle
53,22,6.3,13.2,28.3,7.5,37.7,9.4,26.4,50.9,47.2,28.3,26.7,66.7,64.2,15.1,2.2,3.9,4.7,2.6,3.3,3.4,school,2023,Tidewater,Franklin Public Schools,Franklin High
119,21.3,8.6,13.4,37.8,12.6,42,18.5,39.5,37.8,33.6,13.4,68.8,62.5,64.7,14.3,2.6,3.6,4.1,2.8,3.9,2.7,school,2023,Tidewater,Franklin Public Schools,Joseph P. King Jr. Middle
666,22.5,7.4,9.2,28.4,7.1,31.8,8.1,34.4,37.5,38.1,11.6,26,58.4,74,10.1,2.1,4,4.5,3,3.8,3.3,school,2023,Northern Virginia,Frederick County Public Schools,James Wood Middle
533,25.4,5.9,12.9,40.7,10.9,39.4,13.1,44.5,38.6,44.3,12.2,24.6,52.3,73.9,11.3,2.2,4.2,4.5,2.7,3.8,3.6,school,2023,Northern Virginia,Frederick County Public Schools,Frederick County Middle
709,19.9,6.2,9.9,29.3,5.5,33.6,5.6,34.4,33.1,42,10.9,37.7,54.5,74.3,13.8,2,4.3,4.7,2.7,3.5,3.7,school,2023,Northern Virginia,Frederick County Public Schools,Robert E. Aylor Middle
674,21.9,8,7.6,30.4,6.2,34.3,8.9,38.3,37.4,37.4,12,28.4,53.1,72.4,11.7,1.9,4.3,4.6,2.6,3.4,3.7,school,2023,Northern Virginia,Frederick County Public Schools,Admiral Richard E. Byrd Middle
477,27.7,6.6,17,36.1,10.9,38.8,11.7,41.1,45.3,39.8,19.9,38.9,63.2,67.7,15.3,2.2,3.9,4.3,3.2,4.1,3,school,2023,Northern Neck,Fredericksburg Public Schools,Walker-Grant Middle
282,24.9,8.1,8.9,30.5,5,31.2,7.4,32.6,37.6,42.9,8.5,25,75,78.7,11,1.7,4.2,4.5,2.5,3.5,3.8,school,2023,Southwest,Galax Public Schools,Galax Middle
38,15.8,6.5,5.3,28.9,2.6,21.1,0,28.9,34.2,42.1,21.1,37.5,37.5,92.1,13.2,2,4.6,5.1,1.9,2.7,4.1,school,2023,Southwest,Giles County Public Schools,Eastern Elementary/Middle
106,18.4,0.7,7.5,41.5,2.8,37.7,4.7,42.5,42.5,50,13.2,35.7,64.3,81.1,11.3,1.9,4.3,4.9,2.7,3.4,4,school,2023,Southwest,Giles County Public Schools,Macy Mcclaugherty Elementary/Middle
95,20.6,4,7.4,31.6,5.3,28.4,4.2,43.2,37.9,52.6,13.7,38.5,46.2,81.1,4.2,1.9,4.7,5,2.2,3.1,4.4,school,2023,Southwest,Giles County Public Schools,Narrows Elementary/Middle
101,16.2,6.8,8.9,27.7,3,30.7,4,20.8,32.7,41.6,15.8,37.5,81.2,78.2,9.9,2.1,4.5,4.7,2.5,3.3,4,school,2023,Southwest,Giles County Public Schools,Giles High
56,23.7,6,12.5,46.4,10.7,48.2,10.7,39.3,39.3,35.7,12.5,28.6,42.9,80.4,16.1,2.1,4.4,4.6,2.9,3.5,4.3,school,2023,Southwest,Giles County Public Schools,Narrows High
535,22.9,3.8,9.2,31.4,4.3,33.5,8.2,34.4,36.1,45.8,11.6,30.2,61.9,81.7,16.8,2.1,4.4,4.6,2.5,3.5,3.7,school,2023,Northern Neck,Gloucester County Public Schools,Peasley Middle
346,21.3,6.8,10.4,32.7,7.2,35.5,9.2,37,37.6,42.2,15.3,24.5,52.8,73.1,15.6,2,4.1,4.4,2.9,3.7,3.5,school,2023,Northern Neck,Gloucester County Public Schools,Page Middle
359,15.7,6.7,9.2,28.7,7.2,33.4,10.6,34.5,35.1,38.4,10.6,36.8,52.6,73.8,20.6,2.3,4.4,4.6,2.6,3.3,3.8,school,2023,Central Virginia,Goochland County Public Schools,Goochland Middle
220,17.4,4.2,9.5,35.5,7.3,33.6,4.5,37.3,39.1,40.9,16.4,25,58.3,75.5,11.8,1.8,4.3,4.8,2.4,3.3,4,school,2023,Southwest,Grayson County Public Schools,Independence Middle
28,15.6,3.4,0,10.7,0,17.9,3.6,25,14.3,71.4,10.7,66.7,33.3,92.9,7.1,2,4.9,5.3,1.6,2.1,4.7,school,2023,Southwest,Grayson County Public Schools,Grayson Highlands
NA,NA,NA,NA,NA,NA,NA,NA,NA,NA,NA,NA,NA,NA,NA,NA,NA,NA,NA,NA,NA,NA,school,2023,Southwest,Grayson County Public Schools,Fairview Elementary
44,27.1,5.2,13.6,40.9,11.4,52.3,15.9,47.7,56.8,22.7,22.7,40,90,70.5,18.2,2.5,4.2,4.5,2.4,3.1,3.6,school,2023,Southwest,Grayson County Public Schools,Fries Elementary
546,20,9,9.3,26.6,6,28.9,6.8,28.8,33.5,37.7,10.3,35.7,41.1,78.4,9.2,2.1,4.2,4.5,2.7,3.5,3.6,school,2023,Valley,Greene County Public Schools,William Monroe Middle
153,21.3,6.5,8.5,40.5,11.8,37.3,14.4,33.3,43.1,38.6,15.7,37.5,70.8,69.3,10.5,2.5,3.8,4.6,3.1,4.1,3.2,school,2023,Southside,Greensville County Public Schools,Edward W. Wyatt Middle
690,25.1,7.9,11.2,33.3,8.7,41.7,9,33.5,34.8,39.1,11.2,32.5,64.9,69.4,11.7,2.2,4.1,4.4,3.1,4,3.3,school,2023,Southside,Halifax County Public Schools,Halifax County Middle
451,24.9,5.1,5.8,27.9,7.3,27.7,8.4,37.9,36.1,42.6,12.4,37.5,66.1,73.6,12.9,2.2,4.1,4.4,2.9,3.7,3.4,school,2023,Tidewater,Hampton Public Schools,Francis W. Jones Magnet Middle
368,24.4,7,12.5,30.7,8.4,37.8,13.9,38.9,39.7,30.7,17.1,33.3,49.2,69,16.3,2.5,3.7,4.3,3.4,3.8,3,school,2023,Tidewater,Hampton Public Schools,Cesar Tarrant Middle
486,18.7,5.2,10.5,25.9,6,34.2,10.7,35.4,38.9,41.4,16.7,43.2,53.1,76.1,13.8,2,4.2,4.5,2.6,3.6,3.6,school,2023,Tidewater,Hampton Public Schools,Thomas Eaton Middle
41,21.3,12.8,9.8,39,9.8,29.3,4.9,51.2,41.5,34.1,17.1,28.6,42.9,70.7,12.2,1.6,3.7,4.3,3.8,4,2.6,school,2023,Tidewater,Hampton Public Schools,C. Alton Lindsay Middle
456,19.9,2.2,4.4,21.7,5.5,26.8,7.5,37.9,42.8,44.3,15.8,25,70.8,74.3,12.9,2,4.2,4.6,2.5,3.3,3.6,school,2023,Tidewater,Hampton Public Schools,Kilgore Gifted Center
80,26.7,7,6.2,31.2,10,36.2,7.5,35,37.5,33.8,17.5,7.1,64.3,66.2,15,2.1,3.8,4.2,3,3.8,3,school,2023,Tidewater,Hampton Public Schools,Hunter B. Andrews
346,23.4,4.5,4.3,21.1,3.8,22.8,8.7,29.8,39.3,41.6,12.7,38.6,70.5,75.7,12.4,1.8,4.1,4.6,2.7,3.5,3.6,school,2023,Tidewater,Hampton Public Schools,George P. Phenix Elementary
120,12.2,2.8,1.7,20.8,0,16.7,3.3,25,20.8,45,2.5,33.3,66.7,84.2,20,1.7,4.8,5.1,2,2.8,4.5,school,2023,Central Virginia,Hanover County Public Schools,Chickahominy Middle
187,17,6.3,4.8,28.3,1.6,21.4,5.3,37.4,25.7,46,5.3,50,90,77.5,24.6,3,4.6,5,2.6,3.5,4.1,school,2023,Central Virginia,Hanover County Public Schools,Bell Creek Middle
59,14.8,2.6,6.8,32.2,0,23.7,3.4,27.1,22,47.5,6.8,0,0,84.7,18.6,1.2,4.8,5,2.8,3.5,4.1,school,2023,Central Virginia,Hanover County Public Schools,Liberty Middle
137,17.5,1.7,2.9,22.6,2.9,23.4,2.2,38,13.1,61.3,5.1,28.6,42.9,87.6,19,1.1,4.8,5.2,2.1,2.8,4.5,school,2023,Central Virginia,Hanover County Public Schools,Oak Knoll Middle
554,21.3,9.8,9.6,20.2,5.8,28.7,9.6,31.4,36.1,35.9,10.6,35.6,66.1,74.4,13.5,2.1,4.2,4.6,2.5,3.3,3.7,school,2023,Valley,Harrisonburg Public Schools,Thomas Harrison Middle
571,20.2,6,7,24.5,5.8,31.5,7.9,27.1,34.7,42.2,9.1,42.3,59.6,74.4,12.1,2.3,4.3,4.8,2.6,3.4,3.9,school,2023,Valley,Harrisonburg Public Schools,Skyline Middle
756,17,7.4,4.6,26.6,5,30,8.5,32.7,25.8,37.8,7.7,32.8,44.8,80,14.4,1.8,4.6,4.7,2.5,3.2,4,school,2023,Central Virginia,Henrico County Public Schools,Short Pump Middle
169,19.4,7.2,3.6,5.9,0.6,6.5,1.8,9.5,20.1,48.5,8.9,40,53.3,87.6,10.1,1.7,4.4,5.2,1.7,2.2,4.9,school,2023,Central Virginia,Henrico County Public Schools,Henrico Virtual Academy
485,20.5,8.6,14,27,8.5,34.4,11.5,35.7,34.6,38.8,12.6,54.1,63.9,70.5,16.1,2.6,3.8,4.3,3.1,3.7,3.3,school,2023,Central Virginia,Henrico County Public Schools,Elko Middle
700,15.6,7.7,7.1,20.4,5.9,26.1,6.1,29.3,28.4,43.1,7,40.8,49,75.1,10.1,2,4.6,4.8,2.2,2.8,4.2,school,2023,Central Virginia,Henrico County Public Schools,Holman Middle
643,18.8,7.5,8.1,27.8,8.2,37.9,11.7,38.7,36.2,39.5,11,38,52.1,74.8,15.7,1.8,4.3,4.6,3,3.5,3.6,school,2023,Central Virginia,Henrico County Public Schools,Hungary Creek Middle
56,17.2,4.3,5.4,28.6,1.8,19.6,3.6,25,25,55.4,1.8,100,0,82.1,19.6,4,4.1,4.6,3.4,3.8,3.6,school,2023,Central Virginia,Henrico County Public Schools,John Rolfe Middle
324,18.9,4.8,7.1,22.8,4.9,23.8,7.4,26.5,31.2,40.7,11.1,38.9,52.8,75.9,13.6,1.9,4,4.5,3,3.5,3.4,school,2023,Central Virginia,Henrico County Public Schools,L. Douglas Wilder Middle
705,15.4,4.8,3.7,22.8,2.6,26.4,5.4,31.2,29.6,45.2,7.1,40,64,83.1,18.4,1.9,4.5,4.8,2.7,3.1,4.1,school,2023,Central Virginia,Henrico County Public Schools,Pocahontas Middle
752,16.4,4.4,6.9,18.4,3.5,25.5,7.2,34.7,28.9,45.9,8.8,40.3,50.7,79,10.1,1.9,4.5,4.7,3.1,3.3,3.7,school,2023,Central Virginia,Henrico County Public Schools,George H. Moody Middle
657,26.9,10.3,13.4,25.4,10,36.2,12.2,37,40.6,34.6,14,35.9,70.7,68.8,12.9,2.2,3.9,4.4,3.4,3.9,3.3,school,2023,Central Virginia,Henrico County Public Schools,Brookland Middle
616,22.3,5.1,13.3,25.3,9.7,34.3,11.2,36.4,39.4,38.1,16.2,40,59,68,12.7,1.8,3.8,4.2,3.6,4,2.8,school,2023,Central Virginia,Henrico County Public Schools,Fairfield Middle
678,15.2,6.9,4.4,20.4,2.8,27.9,6,26,24.5,35.8,6.9,42.6,55.3,81.9,18.4,1.6,4.6,4.7,3,3.4,3.8,school,2023,Central Virginia,Henrico County Public Schools,Tuckahoe Middle
NA,NA,NA,NA,NA,NA,NA,NA,NA,NA,NA,NA,NA,NA,NA,NA,NA,NA,NA,NA,NA,NA,school,2023,Central Virginia,Henrico County Public Schools,Maybeury Elementary
539,19.6,9.3,8.7,25.4,4.5,26.2,9.3,32.1,33.8,37.7,9.1,28.6,53.1,75.3,14.3,2,4,4.5,3,3.7,3.3,school,2023,Central Virginia,Henrico County Public Schools,Quioccasin Middle
16,23.5,9.1,12.5,12.5,18.8,12.5,12.5,25,25,62.5,0,0,0,93.8,37.5,NA,4.2,4.8,2.9,3.3,3.8,school,2023,Central Virginia,Henrico County Public Schools,Virginia Randolph Education Center & PACE
75,30.3,7.5,32,48,29.3,44,29.3,48,38.7,45.3,17.3,76.9,30.8,74.7,24,2.9,3.6,4.5,2.7,3.9,3.1,school,2023,Central Virginia,Henrico County Public Schools,An Achievable Dream Certified Academy Secondary at Oak Avenue
741,27.4,8,8.9,33.9,7.7,33.3,7.8,34.4,40.9,37.9,16.2,42.5,53.3,74.8,12.7,2.1,4.2,4.7,2.8,3.7,3.6,school,2023,Western Virginia,Henry County Public Schools,Fieldale-Collinsville Middle
316,23.5,5.8,7.9,31,4.1,33.2,6.3,35.4,40.2,38.6,12.7,30,62.5,84.2,15.5,2,4.1,4.6,2.9,3.8,3.6,school,2023,Western Virginia,Henry County Public Schools,Laurel Park Middle
41,11.1,3.4,17.1,34.1,2.4,29.3,4.9,48.8,29.3,36.6,14.6,16.7,33.3,78,14.6,2.2,4.7,4.6,2,2.6,4.5,school,2023,Valley,Highland County Public Schools,Highland High
566,27,7,10.1,31.3,9.9,41.2,13.4,42.8,49.3,38.2,21.2,33.3,55,62.4,14.1,2.6,3.7,4.2,3.2,3.9,2.9,school,2023,Central Virginia,Hopewell Public Schools,Carter G. Woodson Middle
NA,NA,NA,NA,NA,NA,NA,NA,NA,NA,NA,NA,NA,NA,NA,NA,NA,NA,NA,NA,NA,NA,school,2023,Central Virginia,Hopewell Public Schools,Woodlawn Pre-School Learning Center
381,22.6,6.3,8.1,24.7,3.4,27,7.3,33.1,38.3,36.5,11.5,36.4,65.9,73.5,15.7,2,4,4.4,2.9,3.8,3.4,school,2023,Tidewater,Isle of Wight County Public Schools,Smithfield Middle
286,23.9,4.8,8.4,33.6,7.3,40.2,9.8,38.5,39.6,39.6,13.7,48.7,46.2,80,18.2,1.9,4.2,4.6,2.9,3.6,3.6,school,2023,Tidewater,Isle of Wight County Public Schools,Georgie D. Tyler Middle
211,16.1,3.4,4.7,34.1,10,36.5,6.6,41.7,39.3,47.4,16.6,34.3,60,87.7,10.4,1.9,4.3,4.9,2.8,3.6,3.9,school,2023,Tidewater,Isle of Wight County Public Schools,Westside Elementary
21,26.1,1.6,0,33.3,38.1,33.3,9.5,47.6,57.1,71.4,19,25,25,76.2,14.3,1,3.9,4.3,2.1,3.5,3,school,2023,Northern Neck,King and Queen County Public Schools,King & Queen Elementary
70,26.2,4.3,12.9,47.1,8.6,51.4,14.3,38.6,47.1,47.1,11.4,25,87.5,71.4,7.1,3,3.9,4.4,2.8,4,3.3,school,2023,Northern Neck,King and Queen County Public Schools,Central High
14,37.5,1.6,0,42.9,7.1,21.4,7.1,42.9,28.6,57.1,14.3,50,0,85.7,28.6,1,4.9,5.5,2.5,3.7,5.1,school,2023,Northern Neck,King and Queen County Public Schools,Lawson-Marriott Elementary
776,19.2,8.2,7.2,28.1,4.5,25,5.3,30.4,34.3,39.4,10.1,33.3,65.4,82.1,15.1,1.9,4.2,4.7,2.7,3.6,3.6,school,2023,Northern Neck,King George County Public Schools,King George Middle
NA,NA,NA,NA,NA,NA,NA,NA,NA,NA,NA,NA,NA,NA,NA,NA,NA,NA,NA,NA,NA,NA,school,2023,Northern Neck,King George County Public Schools,King George Elementary
303,24.3,6.9,11.6,32.7,9.9,40.6,10.9,31,39.9,36.6,12.9,30.8,51.3,74.3,14.9,2.1,4.2,4.5,2.6,3.8,3.5,school,2023,Northern Neck,King William County Public Schools,Hamilton Holmes Middle
46,26.4,9,10.9,34.8,13,50,10.9,41.3,45.7,41.3,8.7,0,25,69.6,8.7,1.8,3.7,4.1,3.1,3.7,3,school,2023,Northern Neck,Lancaster County Public Schools,Lancaster High
73,31.8,8.6,6.8,42.5,16.4,34.2,24.7,43.8,56.2,38.4,15.1,36.4,45.5,72.6,28.8,2,4,4.3,3.1,3.8,3.2,school,2023,Northern Neck,Lancaster County Public Schools,Lancaster Middle
153,23.3,9.8,4.6,30.1,8.5,30.1,6.5,37.3,35.9,45.1,19,34.5,62.1,79.7,20.3,1.9,4.3,4.8,2.5,3.2,3.8,school,2023,Southwest,Lee County Public Schools,Pennington Middle
111,28.6,14.4,22.5,37.8,7.2,43.2,11.7,45.9,45,27,12.6,50,50,83.8,16.2,1.6,3.8,4.2,3,4.2,2.8,school,2023,Southwest,Lee County Public Schools,Lee High
134,22.4,3.7,13.4,38.8,7.5,37.3,11.2,35.8,29.1,31.3,9,58.3,66.7,73.1,12.7,2,4.3,4.7,2.6,3.4,3.8,school,2023,Southwest,Lee County Public Schools,Jonesville Middle
82,24.1,3.3,6.1,32.9,8.5,32.9,12.2,28,34.1,54.9,11,44.4,44.4,78,14.6,1.6,4.4,4.9,2.6,3.2,3.6,school,2023,Southwest,Lee County Public Schools,Elydale Middle
46,20.4,11.4,26.1,21.7,19.6,30.4,15.2,41.3,37,28.3,21.7,20,80,65.2,6.5,2.8,4.1,4.5,2.9,3,3.6,school,2023,Southwest,Lee County Public Schools,Thomas Walker High
151,17.1,1.7,3.3,19.9,2,20.5,5.3,29.1,26.5,57.6,9.3,35.7,42.9,85.4,13.2,1.6,4.8,5,1.7,2.4,4.5,school,2023,Valley,Lexington Public Schools,Lylburn Downing Middle
774,11.1,5.3,6.2,15.5,3.9,20.9,6.1,24.3,20.2,45.1,6.5,38,34,83.9,18.3,1.9,4.6,4.9,2.4,3,4,school,2023,Northern Virginia,Loudoun County Public Schools,J. Lupton Simpson Middle
863,13.4,3.8,6.4,14.6,4.2,23.4,7.3,24.3,28.6,41.4,7.4,28.1,53.1,76.7,13.3,1.8,4.6,4.9,2.3,2.9,4.3,school,2023,Northern Virginia,Loudoun County Public Schools,Seneca Ridge Middle
537,15.3,6.7,6.1,15.1,2.2,24.8,5.8,29.4,26.3,41.5,8.9,39.6,54.2,77.5,17.9,1.6,4.5,4.7,2.5,3,3.8,school,2023,Northern Virginia,Loudoun County Public Schools,Smart's Mill Middle
740,12.5,6.9,4.7,14.6,2.6,20.8,4.6,23.9,23.4,44.7,6.9,29.4,45.1,82.8,15.1,1.6,4.6,4.8,2.4,2.9,4,school,2023,Northern Virginia,Loudoun County Public Schools,Farmwell Station Middle
932,10.7,5.9,2.4,12.9,1.9,16,6.5,19.8,24.5,47.2,5.2,33.3,60.4,85.8,15.2,1.8,4.7,5,2.3,2.8,4.3,school,2023,Northern Virginia,Loudoun County Public Schools,Mercer Middle
1396,11,3.9,1.8,13,0.9,16.3,4.4,20.1,20.6,49.9,4.3,40.3,62.9,87.3,17.8,2,4.8,5.1,2.3,2.8,4.3,school,2023,Northern Virginia,Loudoun County Public Schools,Willard Middle
660,13,7.5,4.8,16.2,2.6,22.3,4.4,23.2,28.2,50.9,6.5,37.2,48.8,84.1,16.2,1.9,4.5,4.8,2.6,2.9,4.1,school,2023,Northern Virginia,Loudoun County Public Schools,Harper Park Middle
49,20.4,2.9,2,4.1,0,2,0,6.1,14.3,59.2,6.1,33.3,0,95.9,16.3,2,4.9,5.5,1.7,1.7,5.2,school,2023,Northern Virginia,Loudoun County Public Schools,Virtual Distance Learning
701,10.2,6.7,3.4,14,2.6,21,5.4,20.8,22.4,41.5,4,46.4,46.4,84.2,13.8,1.5,4.7,5,2.4,2.8,4.2,school,2023,Northern Virginia,Loudoun County Public Schools,Stone Hill Middle
914,11.8,5.6,3.6,14.8,2.8,17.6,5.7,24.8,23.6,41.5,5,37,71.7,80.5,12.7,2.4,4.6,4.8,2.3,3.1,4,school,2023,Northern Virginia,Loudoun County Public Schools,J. Michael Lunsford Middle
705,22.6,11,14.5,19.3,4.8,26.4,8.8,34.5,32.6,33.6,11.1,39.7,59,73.6,11.9,2,4.1,4.5,3.3,3.7,3.3,school,2023,Northern Virginia,Loudoun County Public Schools,Sterling Middle
383,8.9,2.8,2.9,13.6,1.6,17.5,6,16.2,16.2,48.3,2.3,33.3,33.3,86.2,14.4,2.3,4.9,5.2,1.7,2.3,4.7,school,2023,Northern Virginia,Loudoun County Public Schools,Blue Ridge Middle
968,10.4,3.8,1.1,11.2,0.8,18.7,3.8,25.9,22.4,42,4.3,42.9,54.8,85.2,12.1,1.4,4.8,5,2.1,2.6,4.3,school,2023,Northern Virginia,Loudoun County Public Schools,Eagle Ridge Middle
724,12,2.7,2.2,17.7,1.1,23.2,4.4,28.2,23.5,44.8,6.5,44.7,57.4,86.2,16.9,1.8,4.8,5,2.1,2.9,4.3,school,2023,Northern Virginia,Loudoun County Public Schools,Harmony Middle
934,18.1,7.3,4.8,15.3,1.7,23.4,6.1,27.3,33.2,42,7.4,40.6,62.3,78.1,12.2,1.7,4.5,4.8,2.5,3,4.1,school,2023,Northern Virginia,Loudoun County Public Schools,River Bend Middle
835,11.3,4.6,1.3,15.3,1.2,17.7,4.4,19.3,20.2,44.1,4.1,17.6,52.9,83,12.2,1.5,4.7,5,2.3,2.8,4.2,school,2023,Northern Virginia,Loudoun County Public Schools,Belmont Ridge Middle
629,10.7,6.5,2.2,15.6,1.9,21.3,5.6,23.5,19.9,40.9,6.4,35,62.5,82.4,14,2.1,4.6,4.8,2,2.8,4,school,2023,Northern Virginia,Loudoun County Public Schools,Trailside Middle
1001,6.6,3.6,1.8,10.5,1,16.2,3.7,16.5,16.2,49,3.3,33.3,36.4,87.3,19.5,1.3,5,5.2,2.1,2.5,4.6,school,2023,Northern Virginia,Loudoun County Public Schools,Brambleton Middle
869,21.7,4.1,5.8,25.8,7.2,31.9,9.4,33.4,38.8,45.2,12.9,31.2,64.3,78.5,11.5,1.9,4.3,4.7,2.5,3.3,3.9,school,2023,Valley,Louisa County Public Schools,Louisa County Middle
243,24.6,8.8,11.5,37.9,11.1,41.2,12.3,43.2,43.6,35.4,21.4,30.8,75,73.3,16.5,2.2,4,4.5,2.7,3.7,3.6,school,2023,Southside,Lunenburg County Public Schools,Lunenburg Middle
447,22.5,6.1,13.6,32.4,8.5,36.9,11.4,38.3,38.3,39.8,14.8,37.9,59.1,70.7,13.9,2.1,4,4.4,2.9,3.7,3.5,school,2023,Valley,Lynchburg Public Schools,Paul Laurence Dunbar Middle for Innovation
287,21.4,6.8,6.6,25.8,4.9,28.6,9.1,31.7,38.7,39.7,9.8,50,60.7,74.9,11.1,2.5,3.8,4.5,3.1,3.6,3.4,school,2023,Valley,Lynchburg Public Schools,Sandusky Middle
389,19.9,7.1,8.5,28.3,5.7,33.7,7.7,35.2,31.6,39.3,10.3,47.5,57.5,76.3,14.7,2,4.1,4.5,2.8,3.7,3.4,school,2023,Valley,Lynchburg Public Schools,Linkhorne Middle
338,18.5,9.1,5,36.7,5.6,32,8,32,31.1,43.2,9.2,45.2,58.1,76.9,16.9,2,4.1,4.4,2.7,3.5,3.5,school,2023,Northern Virginia,Madison County Public Schools,William H. Wetsel Middle
590,29,10.3,12.5,24.2,6.3,34.4,8.8,37.1,46.9,33.9,13.7,38.3,63,64.9,12.5,2.2,3.9,4.3,2.9,3.5,3.4,school,2023,Northern Virginia,Manassas Park Public Schools,Manassas Park Middle
940,26.8,9.6,15.3,24.4,6.2,32.1,9.9,31.1,36.6,35.1,12.6,26.3,51.7,65,11.2,2.2,4,4.5,2.9,3.8,3.4,school,2023,Northern Virginia,Manassas Public Schools,Grace E. Metz Middle
356,27,7.6,5.6,25.8,4.8,25.6,4.8,32.9,42.4,39.3,14.3,37.3,60.8,73.9,9.8,2.2,4.3,4.9,2.4,3.3,4.1,school,2023,Northern Virginia,Manassas Public Schools,Mayfield Intermediate
96,31.8,8.5,10.4,40.6,16.7,40.6,18.8,38.5,46.9,36.5,25,16.7,50,74,12.5,2.3,3.8,4.5,2.5,3.3,3.8,school,2023,Northern Virginia,Manassas Public Schools,Baldwin Intermediate
300,26.2,4.4,8.7,24.3,6,29.7,7.3,31.3,35.3,44.3,15.3,43.5,63,76.3,13.3,2,4.2,4.8,2.8,3.7,3.7,school,2023,Western Virginia,Martinsville Public Schools,Martinsville Middle
193,33,5.4,6.2,38.9,6.2,38.3,7.3,44.6,48.2,39.9,17.6,32.4,55.9,83.4,11.9,1.7,4.2,4.4,2.3,3.5,3.5,school,2023,Northern Neck,Mathews County Public Schools,Thomas Hunter Middle
572,25.5,4.3,6.5,26.7,7,35.1,7.5,35.3,37.1,43.9,13.1,40,64,74.3,11.2,2.2,4.1,4.6,3,3.9,3.6,school,2023,Southside,Mecklenburg County Public Schools,Mecklenburg County Middle
231,21,8.3,7.4,34.6,7.8,35.9,10.4,38.5,39.8,35.9,14.7,20.6,64.7,71,7.8,2,4.2,4.6,2.5,3.6,3.5,school,2023,Northern Neck,Middlesex County Public Schools,St. Clare Walker Middle
144,24.1,5.9,11.1,36.1,4.2,33.3,6.9,37.5,49.3,43.8,13.2,31.6,57.9,84.7,13.2,1.8,4,4.6,2.7,3.8,3.7,school,2023,Western Virginia,Montgomery County Public Schools,Shawsville Middle
525,20.4,9,15.8,30.9,6.3,32,8,36.6,37,41.3,11.2,31.7,51.7,80.6,10.9,1.7,4.1,4.4,3,3.9,3.1,school,2023,Western Virginia,Montgomery County Public Schools,Christiansburg Middle
NA,NA,NA,NA,NA,NA,NA,NA,NA,NA,NA,NA,NA,NA,NA,NA,NA,NA,NA,NA,NA,NA,school,2023,Western Virginia,Montgomery County Public Schools,Montgomery Central
719,14.3,4.9,6.8,26.3,3.8,24.8,6.7,34.5,27.8,42.7,8.9,39.1,51.6,80.7,14.2,2,4.5,4.7,2.5,3.2,4,school,2023,Western Virginia,Montgomery County Public Schools,Blacksburg Middle
247,16.5,6,12.1,35.2,6.5,28.7,8.5,35.6,31.6,44.1,10.1,40,52,81.8,15.4,2.2,4.6,4.8,2.4,3.2,4.1,school,2023,Western Virginia,Montgomery County Public Schools,Auburn Middle
299,22.2,4.5,12.4,37.1,10.7,41.1,6.7,36.5,43.1,44.8,16.1,39.6,64.6,74.2,13.7,1.8,4.2,4.6,2.8,3.7,3.5,school,2023,Valley,Nelson County Public Schools,Nelson Middle
607,18.8,5.6,7.6,33.3,3.6,34.3,8.6,35.4,36.9,38.7,10.7,29.2,60,74.8,9.2,2.1,4.3,4.5,2.9,3.7,3.6,school,2023,Central Virginia,New Kent County Public Schools,New Kent Middle
923,22.6,8,11.4,31,7.5,36.9,11.5,40,43.1,35.8,17.8,39.6,56.1,67.7,15.4,2.1,3.8,4.3,3.2,4,3.3,school,2023,Tidewater,Newport News Public Schools,Ella J. Fitzgerald Middle
125,20.6,5.3,8,32,10.4,36.8,10.4,39.2,39.2,32.8,17.6,54.5,59.1,65.6,15.2,2.3,3.8,4.5,3.4,3.7,2.9,school,2023,Tidewater,Newport News Public Schools,Huntington Middle
381,20.1,2.7,4.5,29.9,4.5,27,8.4,37,35.7,38.3,12.9,22.4,57.1,68,8.9,1.8,4.1,4.6,2.7,3.4,3.6,school,2023,Tidewater,Newport News Public Schools,B.T. Washington Middle
762,20.2,5.8,9.8,23.8,4.5,29.1,7.9,30.1,33.3,40,9.7,29.7,60.8,78.5,15.6,2.2,4.1,4.5,2.9,3.7,3.5,school,2023,Tidewater,Newport News Public Schools,Ethel M. Gildersleeve Middle
556,25.3,7,13.1,26.4,7.9,34.2,10.6,35.8,41.9,40.3,14.6,34.6,56.8,70.3,14.6,2.2,3.9,4.4,3.2,4.1,3.3,school,2023,Tidewater,Newport News Public Schools,Homer L. Hines Middle
359,24.4,6.1,9.7,23.1,5.8,34,8.9,39,41.8,42.3,16.7,20,61.7,70.5,13.9,2.3,3.8,4.5,3.2,3.8,3.3,school,2023,Tidewater,Newport News Public Schools,Crittenden Middle
80,28.3,5.4,1.2,13.8,0,7.5,1.2,11.2,36.2,40,12.5,30,100,83.8,22.5,2.3,4.2,5.2,2,2.1,4.6,school,2023,Tidewater,Newport News Public Schools,Point Option Alternative School
193,18.9,7.7,7.8,20.2,4.1,29.5,9.8,31.1,36.3,37.3,14.5,32.1,57.1,71.5,9.8,2.3,3.9,4.4,3.3,3.8,3.2,school,2023,Tidewater,Newport News Public Schools,Mary Passage Middle
200,19.1,5.5,3.5,26.5,11,42.5,10,39.5,35,34.5,15.5,29,41.9,68.5,10,2.1,4.2,4.5,2.9,3.8,3.4,school,2023,Tidewater,Newport News Public Schools,Achievable Dream Middle/High
892,24.3,7.3,11.7,28.3,7.5,29.9,10.9,39.3,36.5,33.6,14.9,41.4,63.9,71.4,15.9,2.2,3.9,4.3,3.1,3.9,3.2,school,2023,Tidewater,Norfolk Public Schools,Blair Middle
NA,NA,NA,NA,NA,NA,NA,NA,NA,NA,NA,NA,NA,NA,NA,NA,NA,NA,NA,NA,NA,NA,school,2023,Tidewater,Norfolk Public Schools,William H. Ruffner Middle
128,26.9,8.2,16.4,39.1,12.5,39.1,17.2,41.4,42.2,40.6,19.5,26.9,84.6,69.5,19.5,1.9,3.8,4.3,2.9,3.6,3.3,school,2023,Tidewater,Norfolk Public Schools,Ghent K-8
355,23.6,4.2,4.5,31.3,3.9,30.7,7.3,41.1,35.8,39.4,13.8,30.6,51,75.2,9.3,1.5,4.5,4.7,2.5,3.1,3.9,school,2023,Tidewater,Norfolk Public Schools,Academy for Discovery at Lakewood
598,23.8,9.2,17.2,24.7,7.9,31.4,10.9,38.8,41.8,31.6,16.7,29,59,67.1,13.5,2.2,3.9,4.3,3.2,3.7,3.3,school,2023,Tidewater,Norfolk Public Schools,Northside Middle
157,23.1,5.2,5.1,29.9,8.3,35,7.6,32.5,36.9,31.2,21,24.2,45.5,73.2,15.9,1.9,4.2,4.7,2.6,3.6,3.8,school,2023,Tidewater,Norfolk Public Schools,Crossroads Elementary
755,26.7,6.2,13.9,31.8,10.5,37.9,12.7,41.1,43.2,38.8,18.4,33.8,66.9,65.3,15.5,2.5,3.8,4.3,3.3,3.9,3.1,school,2023,Tidewater,Norfolk Public Schools,Norview Middle
556,25.5,7.5,13.1,31.8,9,34.2,13.8,40.8,43.9,34,15.5,39.5,64,66,12.1,2.3,3.8,4.2,3.4,4,2.9,school,2023,Tidewater,Norfolk Public Schools,Azalea Gardens Middle
173,20.7,9.1,10.4,22.5,12.1,34.7,13.9,37,35.3,35.3,14.5,44,44,64.7,17.9,2.2,3.8,3.9,3.2,3.9,2.5,school,2023,Tidewater,Norfolk Public Schools,Southside STEM Academy at Campostella
189,31.3,8.7,6.9,33.3,9,31.7,10.1,37,37.6,27.5,21.7,29.3,53.7,64,13.8,2.2,4,4.4,3,3.8,3.4,school,2023,Tidewater,Norfolk Public Schools,Lake Taylor
11,25,10.5,18.2,9.1,0,45.5,18.2,18.2,27.3,27.3,9.1,0,100,63.6,9.1,4,3.8,4.3,2.4,3,2.8,school,2023,Tidewater,Norfolk Public Schools,Norfolk Alternative Middle
267,16.4,2.4,9.7,27,7.1,30,6.7,41.2,34.8,50.9,15.7,34.9,53.5,79.4,16.9,1.6,4.5,4.8,2.2,3.1,4,school,2023,Tidewater,Norfolk Public Schools,The Academy of International Studies at Rosemont
149,20.9,4.9,12.8,30.2,6.7,30.9,8.1,32.9,41.6,43,14.8,22.7,68.2,72.5,12.8,2.3,3.8,4.1,2.6,4.1,3.3,school,2023,Tidewater,Northampton County Public Schools,Northampton Middle
62,24.6,8.7,11.3,40.3,12.9,35.5,17.7,43.5,40.3,35.5,21,15.4,76.9,77.4,11.3,2.5,4,4.6,2.9,3.7,3.7,school,2023,Tidewater,Northampton County Public Schools,Occohannock Elementary
45,22,8.8,2.2,48.9,6.7,33.3,11.1,35.6,44.4,31.1,11.1,20,60,77.8,8.9,3.4,3.7,4.3,3,3.7,3.3,school,2023,Tidewater,Northampton County Public Schools,Kiptopeke Elementary
214,18.6,6.9,10.3,29.4,9.3,35.5,7,34.1,36.4,37.4,15,25,65.6,80.8,10.7,2.3,4.2,4.6,2.8,3.4,3.7,school,2023,Northern Neck,Northumberland County Public Schools,Northumberland Middle
55,20.3,2.1,9.1,23.6,7.3,29.1,9.1,27.3,38.2,45.5,16.4,22.2,66.7,80,12.7,2.3,4.7,4.9,1.8,2.8,4.5,school,2023,Southwest,Norton Public Schools,J.I. Burton High
101,24.1,6.7,5,33.7,5.9,35.6,8.9,31.7,31.7,53.5,16.8,41.2,58.8,83.2,12.9,1.7,4.4,5.1,2.3,3.1,4.3,school,2023,Southwest,Norton Public Schools,Norton Elementary
108,16,7.4,9.3,30.6,3.7,27.8,8.3,28.7,38,40.7,8.3,33.3,66.7,83.3,16.7,2.4,4.3,4.8,2.6,3.6,3.8,school,2023,Southside,Nottoway County Public Schools,Nottoway Intermediate
160,27.6,6.1,8.8,27.5,4.4,32.5,8.8,31.2,41.2,48.8,12.5,45,75,76.9,10,1.9,4.1,4.6,3,3.6,3.4,school,2023,Southside,Nottoway County Public Schools,Nottoway Middle
383,21.4,4.9,7,33.9,8.6,38.6,7,31.3,36.6,44.4,11.7,48.9,46.7,74.9,11.2,2.3,4.1,4.6,2.7,3.7,3.5,school,2023,Northern Virginia,Orange County Public Schools,Prospect Heights Middle
539,23.6,10.8,8.2,32.1,4.5,33.4,7.2,33.6,37.7,34.7,9.5,35.3,64.7,78.3,9.8,1.9,4.1,4.6,2.8,3.8,3.5,school,2023,Northern Virginia,Orange County Public Schools,Locust Grove Middle
1872,20.9,8.1,14.9,29.3,9.5,37.4,13.6,33.7,37.4,36.5,12.1,46.9,58,69.8,17.2,2.4,4,4.3,2.8,3.6,3.4,school,2023,NA,Other,Other
NA,NA,NA,NA,NA,NA,NA,NA,NA,NA,NA,NA,NA,NA,NA,NA,NA,NA,NA,NA,NA,NA,school,2023,NA,nan,nan
238,21.8,4.6,5.5,38.7,8.4,42.4,7.1,31.9,39.9,47.9,9.2,22.7,54.5,84.5,8.4,1.8,4.3,4.8,2.8,3.9,3.6,school,2023,Northern Virginia,Page County Public Schools,Page County Middle
243,20.2,5.6,11.1,35.8,6.6,36.6,8.6,37.9,35.8,38.3,14.8,38.9,66.7,81.9,19.3,2.1,4.4,4.6,2.5,3.5,3.9,school,2023,Northern Virginia,Page County Public Schools,Luray Middle
38,12.5,1.3,0,31.6,7.9,34.2,2.6,31.6,28.9,55.3,10.5,25,25,92.1,15.8,1.5,5,5.4,2.1,2.6,4.3,school,2023,Western Virginia,Patrick County Public Schools,Woolwine Elementary
25,11.1,1.3,16,32,8,36,0,20,36,56,16,50,25,84,16,2.5,4.5,4.4,2.4,3.1,4,school,2023,Western Virginia,Patrick County Public Schools,Meadows of Dan Elementary
80,16.7,6.5,0,16.2,5,22.5,2.5,18.8,26.2,43.8,3.8,33.3,100,76.2,7.5,1.3,4.8,5,2.1,2.8,4.2,school,2023,Western Virginia,Patrick County Public Schools,Stuart Elementary
106,20.9,3.6,2.8,32.1,9.4,22.6,3.8,31.1,30.2,41.5,8.5,33.3,55.6,81.1,9.4,1.2,4.7,5.1,2.4,3.3,4.3,school,2023,Western Virginia,Patrick County Public Schools,Hardin Reynolds Memorial School
51,12.7,4.7,0,21.6,5.9,27.5,7.8,25.5,39.2,41.2,9.8,40,80,72.5,5.9,1.6,4.5,4.7,1.8,2.5,4.2,school,2023,Western Virginia,Patrick County Public Schools,Blue Ridge Elementary
132,25.2,9.8,9.1,21.2,6.1,25.8,7.6,29.5,34.1,39.4,10.6,28.6,50,78,11.4,1.6,4.3,4.6,2.8,3.5,3.9,school,2023,Western Virginia,Patrick County Public Schools,Patrick County High
386,27.9,9.1,11.4,32.4,6.7,41.2,12.2,39.9,44,30.8,17.6,42.6,70.6,72,12.7,2.7,3.5,4.2,3.3,4,2.9,school,2023,Central Virginia,Petersburg Public Schools,Vernon Johns Middle
NA,NA,NA,NA,NA,NA,NA,NA,NA,NA,NA,NA,NA,NA,NA,NA,NA,NA,NA,NA,NA,NA,school,2023,Central Virginia,Petersburg Public Schools,Lakemont Elementary
341,24.9,7.8,7.9,35.2,11.1,33.7,9.7,37,37.8,34.9,15.5,39.6,58.5,71.6,9.4,2.2,3.9,4.3,2.8,3.9,3.3,school,2023,Western Virginia,Pittsylvania County Public Schools,Gretna Middle
367,19.9,6.6,9.8,29.2,6.3,37.6,8.4,31.1,35.7,42.5,13.9,35.8,54.7,80.4,13.4,1.9,4.1,4.7,2.5,3.8,3.7,school,2023,Western Virginia,Pittsylvania County Public Schools,Dan River Middle
430,24,7.2,11.2,33.5,7.9,35.6,10,35.3,42.8,39.1,15.8,38.2,63.2,78.6,11.4,2,4.3,4.7,2.7,3.7,3.6,school,2023,Western Virginia,Pittsylvania County Public Schools,Tunstall Middle
376,16.8,4.4,7.4,28.7,8.5,31.9,7.7,29,37.8,46,13,24.5,55.1,80.1,16,2,4.4,4.8,2.6,3.7,3.8,school,2023,Western Virginia,Pittsylvania County Public Schools,Chatham Middle
420,14.9,4.1,2.1,23.6,2.6,27.4,4.3,31.2,26.4,49.8,8.8,32.4,48.6,83.6,11.7,1.6,4.5,5,2,2.9,4.1,school,2023,Tidewater,Poquoson Public Schools,Poquoson Middle
46,14.3,7.6,6.5,15.2,4.3,34.8,13,37,41.3,52.2,10.9,40,60,76.1,4.3,3.4,4,4.9,2.8,3.6,3.3,school,2023,Tidewater,Portsmouth Public Schools,Park View Elementary
62,27.1,2.7,4.8,27.4,19.4,27.4,9.7,29,37.1,41.9,8.1,20,60,69.4,12.9,2.2,4.1,4.5,2.4,3.5,3.8,school,2023,Tidewater,Portsmouth Public Schools,Churchland Primary & Intermediate
53,20.7,6.9,7.5,26.4,9.4,26.4,18.9,30.2,34,26.4,9.4,20,60,66,13.2,2.2,3.8,4.4,3.3,3.7,3.1,school,2023,Tidewater,Portsmouth Public Schools,Douglass Park Elementary
37,24.4,3.9,13.5,43.2,13.5,29.7,16.2,35.1,48.6,40.5,24.3,33.3,77.8,62.2,18.9,2.4,3.7,4.2,3.2,3.9,3.1,school,2023,Tidewater,Portsmouth Public Schools,Westhaven Elementary
68,26,14.4,13.2,51.5,16.2,33.8,16.2,48.5,52.9,29.4,19.1,30.8,69.2,60.3,14.7,1.8,3.6,3.9,3.3,4.2,3.3,school,2023,Tidewater,Portsmouth Public Schools,Waterview Elementary
77,18.8,7.6,6.5,40.3,6.5,37.7,3.9,42.9,41.6,29.9,19.5,13.3,66.7,71.4,3.9,2.3,3.8,4.2,3.2,3.6,3.5,school,2023,Tidewater,Portsmouth Public Schools,Simonsdale Elementary
324,27.4,7.8,21.3,28.7,10.2,37.7,11.1,36.1,43.8,36.1,18.8,35.5,46.8,63.3,16,1.8,3.6,4.3,3.2,4,2.9,school,2023,Tidewater,Portsmouth Public Schools,William E. Waters Middle
585,28.5,7,12.5,23.2,6,29.9,9.6,31.8,43.1,40.5,17.1,28.7,54.5,65.6,11.5,2.2,4,4.5,3.3,3.8,3.3,school,2023,Tidewater,Portsmouth Public Schools,Churchland Middle
65,19.2,6.4,1.5,27.7,3.1,32.3,7.7,33.8,41.5,43.1,16.9,18.2,54.5,83.1,15.4,1.9,4.2,4.8,2.6,3.3,3.7,school,2023,Tidewater,Portsmouth Public Schools,Churchland Academy Elementary
75,21,5,2.7,32,5.3,28,12,29.3,37.3,42.7,10.7,25,62.5,78.7,9.3,1.9,3.9,4.4,2.9,3.4,3.4,school,2023,Tidewater,Portsmouth Public Schools,Churchland Elementary
352,22.1,8.1,9.7,21.3,5.7,34.4,8.8,33.5,42.9,43.2,16.5,29.3,55.2,71,12.8,2.1,3.8,4.1,3.3,3.9,3,school,2023,Tidewater,Portsmouth Public Schools,Cradock Middle
49,14.3,11.2,16.3,38.8,4.1,28.6,16.3,28.6,49,36.7,12.2,83.3,33.3,71.4,10.2,2.5,3.8,4.4,3.1,3.8,2.9,school,2023,Tidewater,Portsmouth Public Schools,Cradock Elementary
63,14.5,5.1,6.3,38.1,7.9,28.6,7.9,42.9,36.5,46,20.6,46.2,61.5,69.8,12.7,2.4,3.9,4.6,2.9,3.4,3.6,school,2023,Tidewater,Portsmouth Public Schools,Hodges Manor Elementary
55,21,4.4,7.3,29.1,5.5,29.1,16.4,38.2,45.5,45.5,29.1,43.8,87.5,80,16.4,2.4,3.9,4.6,3.2,3.8,3.1,school,2023,Tidewater,Portsmouth Public Schools,Lakeview Elementary
10,23.1,9.5,20,10,20,20,20,0,50,50,10,0,100,60,20,1,3.7,4.5,1.6,2.2,3.5,school,2023,Tidewater,Portsmouth Public Schools,New Directions Center
45,24.1,3.3,8.9,28.9,6.7,28.9,11.1,37.8,37.8,51.1,15.6,28.6,57.1,82.2,15.6,2.6,3.9,4.8,2.9,3.6,3.6,school,2023,Tidewater,Portsmouth Public Schools,Brighton Elementary
37,10.3,3.1,5.4,37.8,5.4,27,13.5,37.8,45.9,35.1,24.3,22.2,55.6,73,5.4,1.8,4,4.5,3.4,4,2.9,school,2023,Tidewater,Portsmouth Public Schools,Victory Elementary
766,16.2,5.4,8.4,26.1,3.4,29.1,6.4,29.4,26,43.6,8.1,29,50,81.9,20.5,1.9,4.5,4.7,2.5,3.3,3.9,school,2023,Central Virginia,Powhatan County Public Schools,Powhatan Middle
204,22.5,7.1,14.7,35.8,10.8,32.8,9.8,48,47.5,43.1,16.7,41.2,55.9,72.5,16.2,2.3,3.9,4.4,3,4.2,3.3,school,2023,Southside,Prince Edward County Public Schools,Prince Edward Middle
NA,NA,NA,NA,NA,NA,NA,NA,NA,NA,NA,NA,NA,NA,NA,NA,NA,NA,NA,NA,NA,NA,school,2023,Central Virginia,Prince George County Public Schools,North Elementary
832,23.7,8.6,9,30.9,6.2,32.3,6.6,40.1,43.3,39.1,16.8,29.8,52.5,73.2,10.9,1.9,4,4.4,3.1,4,3.4,school,2023,Central Virginia,Prince George County Public Schools,J.E.J. Moore Middle
18,20,0,11.1,38.9,16.7,38.9,0,44.4,55.6,50,44.4,62.5,75,66.7,22.2,2.6,3.5,4.6,2.4,3.2,3.6,school,2023,Northern Virginia,Prince William County Public Schools,Independence Nontraditional Center
392,16,6,5.1,32.1,7.4,30.4,11,38.5,30.9,43.1,11.5,35.6,51.1,82.1,35.2,2.2,4.5,4.8,2.2,3.2,4,school,2023,Northern Virginia,Prince William County Public Schools,The Nokesville School
235,8.6,4.7,2.1,21.3,6.4,28.1,9.8,31.9,25.1,42.1,11.9,25,60.7,80.4,12.8,1.9,4.5,4.6,2.1,3,4,school,2023,Northern Virginia,Prince William County Public Schools,Mary G. Porter Traditional
NA,NA,NA,NA,NA,NA,NA,NA,NA,NA,NA,NA,NA,NA,NA,NA,NA,NA,NA,NA,NA,NA,school,2023,Northern Virginia,Prince William County Public Schools,John D. Jenkins Elementary
804,19.8,8,7.3,21.9,5.6,25,7.2,32.5,33.3,35.1,10.7,46.5,55.8,78.6,19,2,4.2,4.5,2.9,3.6,3.6,school,2023,Northern Virginia,Prince William County Public Schools,Potomac Shores Middle
404,23.1,9.2,11.9,25.5,5.9,34.4,7.7,38.4,40.8,31.2,13.9,39.3,75,71,13.9,2.3,4,4.4,3.1,3.7,3.3,school,2023,Northern Virginia,Prince William County Public Schools,Unity Braxton Middle
853,14.1,9.5,4.9,20.6,1.9,24.2,6,32.2,25.7,33.8,6.8,32.2,49.2,80.9,12.9,1.7,4.4,4.5,2.5,3.3,3.7,school,2023,Northern Virginia,Prince William County Public Schools,E.H. Marsteller Middle
713,25,10,9.5,29.3,5,29,6.9,37.6,41.5,37.3,12.5,30.3,62.9,75,17.5,2,4,4.3,3.4,3.9,3.2,school,2023,Northern Virginia,Prince William County Public Schools,Parkside Middle
543,21.1,7.3,6.4,21,6.1,29.3,6.3,31.3,33,32.2,11.8,32.8,64.1,73.3,13.4,1.7,4,4.3,2.9,3.5,3.4,school,2023,Northern Virginia,Prince William County Public Schools,Graham Park Middle
575,26.6,11.1,13.6,22.6,6.4,34.4,9.4,37.4,42.3,34.3,11.8,38.2,58.8,74.6,17.7,2,4,4.3,3.1,3.8,3.3,school,2023,Northern Virginia,Prince William County Public Schools,Fred M. Lynn Middle
668,23.2,12,8.7,21,5.2,24.3,6.7,31.3,33.8,25.6,11.4,27.6,61.8,70.8,10.8,2.1,4,4.3,3,3.6,3.4,school,2023,Northern Virginia,Prince William County Public Schools,Woodbridge Middle
804,23.2,9.9,9.3,24.6,6.2,29.5,7.6,34.8,37.9,34.5,13.3,34.6,70.1,71.6,14.8,2.3,4,4.3,3,3.8,3.3,school,2023,Northern Virginia,Prince William County Public Schools,Rippon Middle
77,16.1,7.9,0,3.9,0,2.6,2.6,10.4,23.4,48.1,6.5,20,60,92.2,9.1,1.2,4.4,5.1,3.7,2.3,4.7,school,2023,Northern Virginia,Prince William County Public Schools,Virtual Learning Academy
680,27.7,10.3,9.9,25.1,5.4,29.3,7.1,31.2,42.2,32.6,13.7,36.8,55.8,68.1,12.6,2.3,4,4.2,3.2,3.6,3.2,school,2023,Northern Virginia,Prince William County Public Schools,George M. Hampton Middle
1027,18.3,7,6.9,20.7,3.2,22.2,6.5,31.2,32.4,38.9,7.8,35,62.5,81.6,18.4,1.9,4.2,4.6,2.8,3.5,3.6,school,2023,Northern Virginia,Prince William County Public Schools,Lake Ridge Middle
701,25.5,11.3,13.3,28.7,6.8,32.1,10.7,38.1,39.5,37.1,13.3,22.3,58.5,75.2,14.4,2,4.1,4.3,3.1,3.6,3.4,school,2023,Northern Virginia,Prince William County Public Schools,Stuart M. Beville Middle
1042,16.6,8.5,4.2,20.2,4,23.2,6.3,29.1,27.8,37.9,7.6,39.2,62,82.5,25.9,2.1,4.3,4.6,2.6,3.2,3.8,school,2023,Northern Virginia,Prince William County Public Schools,Louise A. Benton Middle
NA,NA,NA,NA,NA,NA,NA,NA,NA,NA,NA,NA,NA,NA,NA,NA,NA,NA,NA,NA,NA,NA,school,2023,Northern Virginia,Prince William County Public Schools,Cedar Point Elementary
698,20.4,8.6,6.4,21.9,3.9,26.6,5.2,34.2,30.7,41,10,32.9,51.4,83.7,14,1.9,4.3,4.6,2.6,3.4,3.8,school,2023,Northern Virginia,Prince William County Public Schools,Bull Run Middle
228,12.7,8.1,1.3,21.1,1.8,24.6,5.3,43,29.8,46.1,7.5,23.5,41.2,85.1,24.6,1.2,4.4,4.6,2,2.9,3.9,school,2023,Northern Virginia,Prince William County Public Schools,Pennington Traditional
1136,19.1,6.5,3.3,23.5,4.1,23.8,6.4,31.2,30.2,46.6,8.1,41.3,60.9,83.2,16.6,1.7,4.4,4.7,2.6,3.4,3.9,school,2023,Northern Virginia,Prince William County Public Schools,Gainesville Middle
582,25.4,8.9,16,41.2,11,41.2,9.3,38.1,40.4,38.4,12.9,44,49.3,75.9,13.8,2.1,4.1,4.5,3,4,3.3,school,2023,Southwest,Pulaski County Public Schools,Pulaski County Middle
93,21.4,3.6,3.2,21.5,7.5,6.5,3.2,20.4,23.7,51.6,9.7,55.6,33.3,82.8,11.8,2.3,4.3,4.9,2.8,3.2,4.1,school,2023,Southwest,Radford Public Schools,Belle Heth Elementary
191,24.8,4.9,9.9,38.7,10.5,35.6,11,33,37.2,39.8,16.2,45.2,77.4,74.9,14.7,2.2,4.1,4.5,3.2,3.7,3.3,school,2023,Southwest,Radford Public Schools,John N. Dalton Intermediate
31,30.3,6.3,0,6.5,0,3.2,3.2,0,35.5,61.3,6.5,100,50,87.1,16.1,1,4.5,5,1.3,2,5.1,school,2023,Southwest,Radford Public Schools,Radford City Virtual
36,25,2.9,5.6,25,0,22.2,8.3,30.6,36.1,44.4,11.1,50,50,86.1,25,2.2,4.3,4.7,2.3,3.5,4,school,2023,Northern Virginia,Rappahannock County Public Schools,Rappahannock County High
92,21.4,6.1,7.6,42.4,10.9,35.9,8.7,40.2,35.9,45.7,14.1,38.5,69.2,78.3,21.7,1.7,4.2,4.7,2.5,3.2,4,school,2023,Northern Virginia,Rappahannock County Public Schools,Rappahannock County Elementary
171,14.7,5.5,3.5,31,5.3,42.7,9.4,30.4,33.3,38,7.6,30.8,69.2,81.3,11.1,2.2,4.4,4.8,2.7,3.6,3.8,school,2023,Northern Neck,Richmond County Public Schools,Richmond County Elementary
83,17.8,4.6,4.8,26.5,8.4,30.1,3.6,26.5,26.5,34.9,1.2,0,100,80.7,8.4,1,4.4,4.6,2.6,3.5,3.8,school,2023,Northern Neck,Richmond County Public Schools,Rappahannock High
190,18.5,6.3,5.8,31.6,5.3,21.1,5.8,32.1,33.2,32.1,10.5,35,45,74.7,10.5,1.8,4.1,4.7,3.2,3.6,3.5,school,2023,Central Virginia,Richmond Public Schools,Albert Hill Middle
397,21.8,3.5,9.6,33.2,6,29.7,8.8,41.6,36.3,43.1,14.9,33.9,54.2,71.5,11.8,1.8,4.2,4.6,3.2,3.6,3.5,school,2023,Central Virginia,Richmond Public Schools,Binford Middle
53,17.2,5.7,1.9,0,1.9,3.8,0,7.5,28.3,45.3,9.4,40,80,84.9,17,1.8,4.7,5.4,2.5,1.9,4.8,school,2023,Central Virginia,Richmond Public Schools,Richmond K12 Virginia Virtual Academy
186,21.7,8.9,8.6,24.2,8.1,28.5,10.8,33.9,34.4,24.7,11.3,9.5,66.7,68.3,8.6,2.2,3.7,4.3,3,3.8,3.2,school,2023,Central Virginia,Richmond Public Schools,Henderson Middle
404,23.3,8.3,16.1,19.3,10.9,32.9,11.6,29.7,36.6,39.9,11.6,53.2,51.1,70.3,23,2.4,4.2,4.7,2.7,3.7,3.6,school,2023,Central Virginia,Richmond Public Schools,Thomas C. Boushall Middle
119,13.6,2,4.2,9.2,0.8,14.3,1.7,16,22.7,52.9,7.6,22.2,55.6,83.2,2.5,3,4.8,5.2,1.7,2.2,4.6,school,2023,Central Virginia,Richmond Public Schools,Franklin Military Academy
181,15.9,4.6,5,18.8,8.3,32,11,32,31.5,48.1,8.3,26.7,60,71.8,12.7,2.5,3.7,4.5,3.1,3.8,3.3,school,2023,Central Virginia,Richmond Public Schools,Martin Luther King Jr. Middle
562,27.6,11.5,15.7,31.3,7.7,40,11.6,38.3,44,32.7,16.7,44.2,53.7,66.4,14.1,2.4,3.8,4.3,3.1,4,3.3,school,2023,Central Virginia,Richmond Public Schools,River City Middle
421,18.8,8.8,13.5,23.8,10.2,39.7,12.6,36.1,43.5,33,16.6,51.4,52.9,66,14.3,2.2,3.6,4.3,3,3.7,3.2,school,2023,Central Virginia,Richmond Public Schools,Lucille M. Brown Middle
43,22,5.3,18.6,23.3,20.9,51.2,23.3,34.9,34.9,41.9,25.6,45.5,36.4,67.4,37.2,2.9,2.9,4.2,3.1,3.2,2.7,school,2023,Central Virginia,Richmond Public Schools,Richmond Alternative
488,19.3,4.2,14.1,32.4,6.6,35,9.4,40.8,35.9,50.2,13.3,36.9,52.3,76.8,25,2,4.5,4.7,2.6,3.4,3.8,school,2023,Western Virginia,Roanoke County Public Schools,Hidden Valley Middle
572,17.6,6.8,15.7,30.1,6.6,34.3,8.9,34.8,35.7,46.3,13.5,36.4,62.3,76,22,1.9,4.3,4.6,2.8,3.8,3.4,school,2023,Western Virginia,Roanoke County Public Schools,William Byrd Middle
610,19.2,3.9,9.2,32.8,5.4,35.1,4.6,39.5,30.2,42.6,8.5,32.7,59.6,79.5,22.6,2,4.4,4.7,2.7,3.4,3.8,school,2023,Western Virginia,Roanoke County Public Schools,Cave Spring Middle
534,22.3,6.3,11.2,37.6,8.4,37.3,9.7,38.8,37.5,44.8,15.7,31,61.9,82.2,17.8,2.1,4.2,4.6,2.9,3.7,3.5,school,2023,Western Virginia,Roanoke County Public Schools,Northside Middle
357,17.2,7.2,7.8,42.3,7.8,38.7,6.7,38.7,35,43.1,13.2,25.5,59.6,77.6,20.4,2.1,4.5,4.9,2.2,3.2,3.9,school,2023,Western Virginia,Roanoke County Public Schools,Glenvar Middle
405,20.7,6.5,10.6,24.7,6.4,29.9,11.4,32.1,37.8,44.4,12.8,53.8,61.5,72.6,19,1.7,4.2,4.6,2.9,3.8,3.7,school,2023,Western Virginia,Roanoke Public Schools,Woodrow Wilson Middle
353,26.1,8,5.9,27.2,7.1,31.4,7.6,28.9,35.1,34,12.5,22.7,45.5,70.5,8.5,2.1,3.9,4.5,3.2,3.9,3.4,school,2023,Western Virginia,Roanoke Public Schools,Breckinridge Middle
384,25.2,14.8,9.9,25.3,8.6,32.3,10.7,38,42.7,39.1,12.5,50,47.9,72.4,15.4,1.9,3.9,4.4,2.8,3.5,3.6,school,2023,Western Virginia,Roanoke Public Schools,John P. Fishwick Middle
316,24,5.3,14.6,39.6,13.3,41.5,13.9,41.8,42.7,43,18.7,49.2,54.2,71.8,15.2,2.5,3.7,4.3,3.4,4.1,2.9,school,2023,Western Virginia,Roanoke Public Schools,Addison Aerospace Magnet Middle
296,23.4,4.9,14.9,30.1,8.4,31.1,11.8,38.2,36.5,42.6,14.9,36.4,50,77.7,13.2,1.8,4.1,4.5,3.3,3.8,3.1,school,2023,Western Virginia,Roanoke Public Schools,James Madison Middle
448,18,5.8,6,29.2,6.7,32.6,5.1,36.6,35.9,41.7,14.3,40.6,56.2,75.4,10.5,1.9,4.1,4.6,2.8,3.5,3.6,school,2023,Valley,Rockbridge County Public Schools,Maury River Middle
503,19,4.4,10.5,33.4,8.2,37.4,11.9,37.2,33.8,40.8,9.7,40.8,61.2,74.6,19.1,2,4.4,4.7,2.9,3.6,3.8,school,2023,Valley,Rockingham County Public Schools,Montevideo Middle
573,13.9,5.9,4.4,25.1,4.7,28.6,6.3,34.4,27.6,46.2,7.9,40,53.3,81.7,11.7,1.7,4.5,4.8,2.4,3.2,4.2,school,2023,Valley,Rockingham County Public Schools,Wilbur S. Pence Middle
538,14.7,6.4,9.9,32.3,6.1,34,7.6,29.9,30.9,40.9,5.9,43.8,59.4,72.9,10.6,2.2,4.3,4.6,2.8,3.6,3.6,school,2023,Valley,Rockingham County Public Schools,Elkton Middle
564,19.1,8.4,10.1,29.6,7.1,33.5,10.5,31.9,34.9,37.6,10.6,45,65,72.5,13.5,2.1,4.3,4.5,2.5,3.4,3.8,school,2023,Valley,Rockingham County Public Schools,J. Frank Hillyard Middle
99,32.4,4.8,12.1,25.3,3,28.3,3,29.3,30.3,43.4,10.1,40,80,81.8,16.2,1.8,4.2,4.6,2.5,3.5,3.9,school,2023,Southwest,Russell County Public Schools,Lebanon High
85,22.7,7.8,5.9,21.2,1.2,23.5,2.4,21.2,25.9,48.2,9.4,25,37.5,83.5,12.9,2,4.5,4.9,2.3,3,4.2,school,2023,Southwest,Russell County Public Schools,Honaker High
21,9.5,1.5,0,23.8,0,33.3,0,19,38.1,47.6,4.8,0,100,95.2,14.3,2,4.8,5.1,2.3,2.3,4.8,school,2023,Southwest,Russell County Public Schools,Swords Creek Elementary
55,25.9,7.6,14.5,29.1,5.5,29.1,5.5,27.3,40,49.1,14.5,25,37.5,78.2,12.7,1.9,4.2,4.9,2.9,3.5,3.6,school,2023,Southwest,Russell County Public Schools,Castlewood High
34,24.3,5.3,11.8,50,11.8,32.4,17.6,35.3,41.2,58.8,20.6,57.1,42.9,82.4,26.5,2.7,4.4,5,2.7,3.6,4.1,school,2023,Southwest,Russell County Public Schools,Castlewood Elementary
116,19.2,3.3,7.8,22.4,10.3,31.9,8.6,25.9,35.3,39.7,12.1,28.6,78.6,80.2,12.1,2.5,4.7,5,2.5,3,4.2,school,2023,Southwest,Russell County Public Schools,Honaker Elementary
170,19.4,8.7,10,34.1,8.8,29.4,9.4,35.3,35.3,43.5,15.3,34.6,65.4,80,11.8,1.8,4.2,4.7,2.8,3.5,3.5,school,2023,Southwest,Russell County Public Schools,Lebanon Middle
721,20.9,3.7,8,27,5.3,34.8,6.4,37.3,35.5,48.5,12.1,41.4,60.9,83.4,18.6,1.9,4.5,4.9,2.8,3.4,4,school,2023,Western Virginia,Salem Public Schools,Andrew Lewis Middle
17,11.1,3.6,0,35.3,0,0,5.9,5.9,29.4,70.6,17.6,0,0,58.8,5.9,1,4.5,5.2,2,2.6,4.6,school,2023,Southwest,Scott County Public Schools,Rye Cove Intermediate
20,30,1.7,5,40,15,25,0,20,30,45,0,0,0,75,5,NA,4.5,5.3,2.2,2.8,4,school,2023,Southwest,Scott County Public Schools,Dungannon Intermediate
23,30.8,3.2,13,56.5,8.7,34.8,0,47.8,43.5,60.9,17.4,25,100,78.3,21.7,3.2,4.4,4.8,2.3,3.1,4.1,school,2023,Southwest,Scott County Public Schools,Nickelsville Elementary
73,20.8,6,11,28.8,2.7,32.9,5.5,23.3,32.9,39.7,15.1,36.4,90.9,79.5,16.4,2.7,4.5,4.8,2.6,3.2,4,school,2023,Southwest,Scott County Public Schools,Rye Cove High
30,20.6,8.8,0,33.3,10,26.7,3.3,33.3,40,46.7,10,0,33.3,83.3,0,1,4.6,4.8,2.3,3,4.2,school,2023,Southwest,Scott County Public Schools,Shoemaker Elementary
NA,NA,NA,NA,NA,NA,NA,NA,NA,NA,NA,NA,NA,NA,NA,NA,NA,NA,NA,NA,NA,NA,school,2023,Southwest,Scott County Public Schools,Hilton Elementary
33,24.2,3.6,6.1,27.3,6.1,36.4,9.1,33.3,39.4,48.5,9.1,0,33.3,81.8,0,1,4.9,5.2,2.2,2.5,4.5,school,2023,Southwest,Scott County Public Schools,Weber City Elementary
243,19.8,5.3,12.8,26.7,4.1,28,7.8,29.6,34.6,40.3,9.9,25,62.5,78.6,7,1.8,4.6,4.8,2.5,3.4,3.9,school,2023,Southwest,Scott County Public Schools,Gate City Middle
40,18.6,9.4,0,5,0,5,0,2.5,20,65,10,50,25,82.5,20,1.2,4.4,5.1,1.2,1.7,5.1,school,2023,Southwest,Scott County Public Schools,Virginia Connections Academy
33,24.2,7.8,9.1,21.2,0,30.3,0,33.3,48.5,42.4,27.3,33.3,88.9,78.8,9.1,2.7,4.5,4.7,2.2,3.2,4,school,2023,Southwest,Scott County Public Schools,Twin Springs High
20,10,0,0,25,10,45,5,45,30,55,10,100,50,70,0,2,5,5.6,1.8,2.1,5,school,2023,Southwest,Scott County Public Schools,Yuma Elementary
300,25,7.3,8,36,6.7,43.7,7,36.7,40,39.3,18.7,37.5,62.5,75.3,16.3,2.1,4.1,4.5,2.8,3.6,3.5,school,2023,Northern Virginia,Shenandoah County Public Schools,Peter Muhlenberg Middle
165,25.9,6.7,6.1,30.3,5.5,28.5,7.9,32.1,40,47.9,12.7,42.9,61.9,73.9,11.5,2.3,4.3,4.6,2.2,3.3,4,school,2023,Northern Virginia,Shenandoah County Public Schools,North Fork Middle
288,19.9,7.3,5.6,31.6,6.2,31.9,8.7,37.2,43.1,43.4,14.2,24.4,56.1,77.8,14.9,2.2,4.1,4.5,2.6,3.6,3.4,school,2023,Northern Virginia,Shenandoah County Public Schools,Signal Knob Middle
61,28.4,5.3,21.3,42.6,6.6,41,9.8,37.7,50.8,42.6,21.3,61.5,61.5,60.7,34.4,1.8,3.8,4.3,2.9,3.8,3.4,school,2023,Northern Virginia,Shenandoah County Public Schools,Mountain View High
118,16.1,4.8,5.9,39,6.8,37.3,5.1,26.3,34.7,36.4,11.9,21.4,64.3,83.1,11.9,2.4,4.5,5.1,2.2,3,4,school,2023,Southwest,Smyth County Public Schools,Northwood Middle
298,23.5,6.5,16.1,42.3,12.8,38.3,8.4,48.3,50.3,46,21.8,38.5,58.5,76.5,20.1,2,4,4.6,2.8,3.8,3.3,school,2023,Southwest,Smyth County Public Schools,Marion Middle
274,22.6,7.5,4.4,36.1,6.6,28.5,5.1,38.3,36.9,43.4,11.7,25,53.1,79.6,11.3,1.8,4.4,4.8,2.6,3.2,4,school,2023,Southwest,Smyth County Public Schools,Chilhowie Middle
58,26.2,4.9,12.1,39.7,5.2,20.7,6.9,43.1,32.8,48.3,8.6,40,80,81,10.3,1.8,4,4.4,3.7,4.2,2.9,school,2023,Tidewater,Southampton County Public Schools,Southampton Middle
16,23.5,3,18.8,43.8,25,25,18.8,43.8,31.2,43.8,25,100,75,81.2,37.5,2.5,4.2,4.6,2.1,3,4.4,school,2023,NA,Southeastern Cooperative Educational Programs,Imbedded Program VB
NA,NA,NA,NA,NA,NA,NA,NA,NA,NA,NA,NA,NA,NA,NA,NA,NA,NA,NA,NA,NA,NA,school,2023,NA,Southeastern Cooperative Educational Programs,Imbedded Program Other
10,10,13,40,20,40,20,0,40,20,20,20,50,50,70,20,1.5,3,4.3,2.2,3.8,4,school,2023,NA,Southeastern Cooperative Educational Programs,Norfolk Center
NA,NA,NA,NA,NA,NA,NA,NA,NA,NA,NA,NA,NA,NA,NA,NA,NA,NA,NA,NA,NA,NA,school,2023,NA,Southeastern Cooperative Educational Programs,Suffolk Center
NA,NA,NA,NA,NA,NA,NA,NA,NA,NA,NA,NA,NA,NA,NA,NA,NA,NA,NA,NA,NA,NA,school,2023,NA,Southeastern Cooperative Educational Programs,Renaissance Academy
NA,NA,NA,NA,NA,NA,NA,NA,NA,NA,NA,NA,NA,NA,NA,NA,NA,NA,NA,NA,NA,NA,school,2023,NA,Southeastern Cooperative Educational Programs,Chesapeake center
565,27.6,6.5,9.4,36.5,9.7,37.5,10.3,45.1,44.1,37.3,13.8,46.2,55.1,71,13.6,2,3.9,4.3,3,3.8,3.2,school,2023,Northern Neck,Spotsylvania County Public Schools,Battlefield Middle
551,19.4,7.8,16.3,29,7.8,34.3,10.7,35.8,39.9,37.2,12.5,40.6,49.3,74.6,11.4,2,4.2,4.3,2.7,3.4,3.5,school,2023,Northern Neck,Spotsylvania County Public Schools,Post Oak Middle
807,24.2,6.7,11.3,35.9,7.7,34.9,10.3,44.9,44.9,35.6,15.6,28.3,63,74.7,12.9,2,4.1,4.4,2.9,3.9,3.3,school,2023,Northern Neck,Spotsylvania County Public Schools,Spotsylvania Middle
644,24.9,12,8.7,28.3,4.8,29.8,5.9,34.6,36.6,38.4,12.3,40.5,62,75.9,23.6,2.1,4.1,4.5,2.8,3.6,3.5,school,2023,Northern Neck,Spotsylvania County Public Schools,Chancellor Middle
587,23.5,7.7,10.1,35.9,7.7,39.2,11.1,41.1,43.4,33.4,16.4,34.4,59.4,69.8,14.1,2,4,4.3,3.1,3.6,3.3,school,2023,Northern Neck,Spotsylvania County Public Schools,Thornburg Middle
640,20.1,8.8,7.7,26.6,3.9,25.3,6.2,28.6,28.7,35.5,7.8,38,66,75.3,19.8,2.4,4.3,4.6,2.3,3.2,3.9,school,2023,Northern Neck,Spotsylvania County Public Schools,Ni River Middle
601,19.8,8.2,5.7,22.8,4.7,30.9,9.8,35.1,37.1,39.4,14.8,38.2,58.4,74,17,1.8,4.3,4.6,2.6,3.3,3.8,school,2023,Northern Neck,Spotsylvania County Public Schools,Freedom Middle
334,22.1,7.2,7.5,25.7,4.2,26.3,9.9,33.8,35.9,36.2,15.3,38.5,53.8,75.7,15.9,1.9,4.3,4.7,2.7,3.4,3.7,school,2023,Northern Neck,Stafford County Public Schools,Edward E. Drew Jr. Middle
622,20.7,5,6.9,24,3.9,26.7,6.8,37,35.2,42.9,9.8,24.6,59,82,13.7,2,4.3,4.7,3,3.5,3.5,school,2023,Northern Neck,Stafford County Public Schools,Andrew G. Wright Middle
754,25.2,5.8,11.9,34.5,9.2,34.6,12.9,43.6,39.3,39.1,16.6,39.2,65.6,67.8,20.7,2.3,4,4.3,3.2,4,3.2,school,2023,Northern Neck,Stafford County Public Schools,Stafford Middle
816,20.9,7.4,5.5,28.2,3.8,30.8,8.3,35.4,37.4,36,9.9,44.4,55.6,75.6,14.7,2.1,4.2,4.6,3.3,3.7,3.5,school,2023,Northern Neck,Stafford County Public Schools,T. Benton Gayle Middle
622,20.3,9.9,9.2,26.2,5,27.5,7.1,39.9,33.1,33.9,9,19.6,60.7,71.2,15.3,2.3,4.2,4.4,3.2,3.7,3.3,school,2023,Northern Neck,Stafford County Public Schools,H.H. Poole Middle
699,19.7,6.4,2.9,27,4.6,31.2,8.2,33,35.6,34.3,10.6,35.1,51.4,75.1,11.7,1.9,4.4,4.7,2.7,3.3,3.8,school,2023,Northern Neck,Stafford County Public Schools,Rodney E. Thompson Middle
731,18.7,5.7,13.7,34.9,8.9,39.4,11.9,46.6,42.5,39.1,13.5,34.3,64.6,69.9,13.3,2.3,4.2,4.4,2.8,3.8,3.4,school,2023,Northern Neck,Stafford County Public Schools,Donald B. Dixon-Lyle R. Smith Middle
753,23.6,9,14.3,32.5,8.2,37.3,12.7,45.3,44.1,37.5,14.6,32.7,63.6,68,15.7,2.2,4,4.3,3.2,3.9,3.2,school,2023,Northern Neck,Stafford County Public Schools,Shirley C. Heim Middle
NA,NA,NA,NA,NA,NA,NA,NA,NA,NA,NA,NA,NA,NA,NA,NA,NA,NA,NA,NA,NA,NA,school,2023,Northern Neck,Stafford County Public Schools,Phoenix Center for Innovative Learning
398,24.9,6,11.8,46,11.8,40.5,8.5,42,46.7,51,17.6,30,58.6,75.4,12.8,1.9,3.9,4.4,2.9,3.7,3.3,school,2023,Valley,Staunton Public Schools,Shelburne Middle
215,18.5,5.8,7.9,23.3,3.7,36.3,6,34.9,39.1,34.9,11.6,48,48,72.1,16.7,2.1,3.7,4.3,3,3.9,3.4,school,2023,Tidewater,Suffolk Public Schools,John F. Kennedy Middle
353,17.4,6,6.2,28.6,5.1,32.3,9.1,41.1,36.5,28,14.7,34.6,63.5,76.2,19,2,4.2,4.5,2.6,3.4,3.6,school,2023,Tidewater,Suffolk Public Schools,John Yeates Middle
364,18.5,4.2,6.6,28.8,6,31.3,6.9,35.4,38.7,42.6,14.8,29.6,59.3,77.7,13.2,2.1,4.1,4.6,2.8,3.5,3.7,school,2023,Tidewater,Suffolk Public Schools,Forest Glen Middle
568,26.3,7.1,10.2,32.4,5.8,36.1,7.2,38.6,41.7,30.6,14.4,41.5,73.2,67.6,12,2.4,3.8,4.2,3.5,4.1,2.8,school,2023,Tidewater,Suffolk Public Schools,King's Fork Middle
480,17.5,4.8,3.5,30.6,5.2,27.5,6.7,35.2,33.3,39,12.5,26.7,55,72.7,14.4,1.9,4.2,4.7,2.6,3.7,3.9,school,2023,Tidewater,Suffolk Public Schools,Colonel Fred Cherry Middle
NA,NA,NA,NA,NA,NA,NA,NA,NA,NA,NA,NA,NA,NA,NA,NA,NA,NA,NA,NA,NA,NA,school,2023,Tidewater,Suffolk Public Schools,Middle School Virtual Center
135,24.7,5,11.9,42.2,10.4,31.9,14.1,38.5,50.4,46.7,20.7,39.3,67.9,67.4,13.3,2.6,4.2,4.7,2.5,3.6,3.5,school,2023,Central Virginia,Surry County Public Schools,Luther P. Jackson Middle
174,20.6,5.4,12.1,30.5,9.2,37.4,10.3,29.9,36.2,40.2,16.1,50,57.1,65.5,13.2,2,3.8,4.2,3,3.9,3.1,school,2023,Central Virginia,Sussex County Public Schools,Sussex Central Middle
294,24.6,6.8,15,35.7,8.8,42.5,5.8,43.2,48.3,45.2,17,42,58,75.9,12.9,2.2,4,4.6,3,3.9,3.5,school,2023,Southwest,Tazewell County Public Schools,Graham Middle
305,22.7,5.6,12.1,39,9.5,42.6,10.5,39.7,45.6,49.2,12.1,21.6,70.3,75.1,15.1,2.3,4.2,4.6,2.8,3.8,3.6,school,2023,Southwest,Tazewell County Public Schools,Tazewell Middle
349,18.6,5,10.6,28.9,4.6,29.2,6,41.5,32.7,49.6,10.9,44.7,68.4,81.1,12.9,1.9,4.3,4.8,3.1,3.7,3.8,school,2023,Southwest,Tazewell County Public Schools,Richlands Middle
79,18.1,1.7,8.9,24.1,0,31.6,12.7,35.4,27.8,51.9,8.9,28.6,42.9,84.8,25.3,1.6,4.4,4.8,2.8,3.2,4.1,school,2023,Tidewater,Virginia Beach Public Schools,Salem Middle
NA,NA,NA,NA,NA,NA,NA,NA,NA,NA,NA,NA,NA,NA,NA,NA,NA,NA,NA,NA,NA,NA,school,2023,Tidewater,Virginia Beach Public Schools,Old Donation School
14,13.3,0,7.1,14.3,14.3,21.4,0,35.7,42.9,50,21.4,66.7,66.7,92.9,21.4,2.7,4.8,5.4,2.8,3.2,4.1,school,2023,Tidewater,Virginia Beach Public Schools,Bayside 6th Grade Campus
NA,NA,NA,NA,NA,NA,NA,NA,NA,NA,NA,NA,NA,NA,NA,NA,NA,NA,NA,NA,NA,NA,school,2023,Tidewater,Virginia Beach Public Schools,Virginia Beach Middle
110,22.8,2.4,4.5,20.9,0.9,21.8,3.6,24.5,29.1,56.4,11.8,30.8,38.5,82.7,30.9,1.8,4.7,4.9,1.8,2.7,4.6,school,2023,Tidewater,Virginia Beach Public Schools,Great Neck Middle
91,16.3,1.8,8.8,26.4,0,23.1,5.5,36.3,35.2,51.6,5.5,60,40,82.4,47.3,1.8,4.6,4.8,2.7,3.2,4.1,school,2023,Tidewater,Virginia Beach Public Schools,Plaza Middle
62,16.7,1.3,8.1,24.2,1.6,30.6,6.5,29,38.7,77.4,14.5,66.7,33.3,88.7,17.7,1.8,4.5,4.8,2.6,3.2,4,school,2023,Tidewater,Virginia Beach Public Schools,Kempsville Middle
19,13,5.4,5.3,26.3,0,47.4,5.3,52.6,42.1,68.4,10.5,50,100,68.4,21.1,1,4.1,4.8,3.1,3.8,3.5,school,2023,Tidewater,Virginia Beach Public Schools,Bayside Middle
41,26.7,6,2.4,41.5,9.8,26.8,7.3,29.3,43.9,36.6,9.8,0,50,73.2,7.3,1.5,4,4.3,3.1,3.6,3.6,school,2023,Tidewater,Virginia Beach Public Schools,Lynnhaven Middle
38,17.1,4.2,7.9,31.6,2.6,23.7,7.9,28.9,26.3,34.2,7.9,33.3,66.7,86.8,34.2,1.3,4.5,4.7,3.4,3.8,3.9,school,2023,Tidewater,Virginia Beach Public Schools,Independence Middle
131,20.3,2.2,3.1,20.6,0.8,20.6,2.3,24.4,16,42,6.1,37.5,50,84,25.2,1.5,4.7,5,2,2.6,4.5,school,2023,Tidewater,Virginia Beach Public Schools,Princess Anne Middle
12,33.3,0,25,16.7,8.3,50,25,41.7,41.7,33.3,25,0,33.3,66.7,58.3,2.3,3.9,4.2,3.5,3.8,3.1,school,2023,Tidewater,Virginia Beach Public Schools,Brandon Middle
34,24.3,1.2,17.6,26.5,0,29.4,0,38.2,29.4,64.7,5.9,50,50,91.2,38.2,2.5,4.5,4.7,2.7,3,4,school,2023,Tidewater,Virginia Beach Public Schools,Landstown Middle
78,30.3,3.3,14.1,41,3.8,32.1,10.3,42.3,43.6,46.2,11.5,22.2,66.7,78.2,20.5,2.7,4.1,4.5,3.2,4,3.4,school,2023,Tidewater,Virginia Beach Public Schools,Larkspur Middle
27,33.3,2.7,14.8,37,0,33.3,7.4,55.6,48.1,63,25.9,14.3,100,70.4,11.1,1.7,3.8,4.5,3.1,3.8,3.5,school,2023,Tidewater,Virginia Beach Public Schools,Corporate Landing Middle
313,20.6,6.7,5.8,34.8,5.8,31.3,8,28.8,28.4,37.7,8.9,25,46.4,75.1,10.9,1.9,4.2,4.5,3,3.7,3.4,school,2023,Northern Virginia,Warren County Public Schools,Skyline Middle
387,21.7,7.2,4.9,34.6,6.5,33.6,9,37.5,41.9,35.9,11.4,18.2,63.6,77,10.9,1.9,4,4.4,2.7,3.7,3.3,school,2023,Northern Virginia,Warren County Public Schools,Warren County Middle
157,21.3,3.4,2.5,38.9,6.4,41.4,6.4,33.8,37.6,46.5,12.7,35,55,87.9,12.1,1.8,4.6,5,2.2,3,4.3,school,2023,Southwest,Washington County Public Schools,Damascus Middle
329,25.4,3.4,12.2,46.8,10.6,46.8,9.4,39.8,42.9,46.8,17.3,36.8,70.2,80.5,16.1,2.4,4.4,4.8,2.7,3.7,3.7,school,2023,Southwest,Washington County Public Schools,Wallace Middle
231,21.8,4.4,8.7,37.2,9.5,36.8,10,39.8,41.6,54.1,16.5,31.6,65.8,78.8,16,2.1,4.4,4.9,2.1,3.4,4.1,school,2023,Southwest,Washington County Public Schools,Glade Spring Middle
514,19.4,4.1,6,35,5.1,33.9,6.4,35.2,34.2,49.8,10.5,46.3,64.8,81.1,13,2.2,4.5,4.9,2.7,3.4,4,school,2023,Southwest,Washington County Public Schools,E.B. Stanley Middle
379,24,8.1,11.4,34,9.2,38.5,10.1,38.6,38.6,40.2,11.1,38.1,69,71.4,9,2,4,4.4,3.1,3.8,3.1,school,2023,Valley,Waynesboro Public Schools,Kate Collins Middle
140,18.6,3.6,4.3,37.1,10.7,30,3.6,50.7,43.6,45,12.1,52.9,52.9,73.6,12.9,1.6,4.2,4.7,2.6,3.3,3.8,school,2023,Northern Neck,West Point Public Schools,West Point Middle/High
206,20,6.9,6.3,26.7,6.3,35.9,12.6,26.7,33,35.9,11.7,33.3,87.5,72.8,11.2,2.4,4.1,4.5,2.6,3.5,3.5,school,2023,Northern Neck,Westmoreland County Public Schools,Montross Middle
445,16.8,5.4,6.1,24.3,6.3,30.1,9,32.1,31,40.9,13.3,28.8,55.9,69.4,7.6,1.9,4.3,4.5,2.7,3.3,3.8,school,2023,Tidewater,Williamsburg-James City County Public Schools,James Blair Middle
580,20.7,4.7,7.2,22.2,6.2,33.6,7.9,40.7,36,42.8,13.1,34.2,60.5,71.4,9.1,2,4.3,4.6,3.1,3.4,3.6,school,2023,Tidewater,Williamsburg-James City County Public Schools,Berkeley Middle
568,22.6,4.9,14.1,31.3,5.5,30.8,7.4,40.5,36.8,38.9,14.3,29.6,66.7,73.4,13.4,1.9,4.2,4.5,3.2,3.7,3.3,school,2023,Tidewater,Williamsburg-James City County Public Schools,Toano Middle
684,20,5.3,5.4,24.1,5.7,32.2,8.3,35.5,31.3,41.2,12.6,37.2,62.8,76.2,13.3,2,4.4,4.6,2.8,3.4,3.7,school,2023,Tidewater,Williamsburg-James City County Public Schools,Lois Hornsby Middle
530,23.3,6.9,11.3,29.2,10.6,38.1,11.3,39.1,36,37.4,13.4,32.4,56.3,70.4,13.8,2.1,4.1,4.6,2.9,3.6,3.7,school,2023,Northern Virginia,Winchester Public Schools,Daniel Morgan Middle
222,32.4,9.3,16.7,41,9.5,36.9,10.8,43.7,50,39.6,23,35.3,56.9,64,16.2,2.1,3.8,4.3,3,3.9,3.3,school,2023,Northern Virginia,Winchester Public Schools,Daniel Morgan Intermediate
142,17.6,1.5,3.5,20.4,4.2,23.2,4.2,33.8,38.7,60.6,16.9,29.2,62.5,90.8,16.2,1.8,4.6,5.2,2,2.9,4.6,school,2023,Southwest,Wise County Public Schools,J.W. Adams Combined
261,20.1,4.7,5,27.2,4.6,32.6,5,33.3,36,45.6,13,29.4,61.8,86.2,14.9,1.9,4.6,5.1,2.2,3.1,4.1,school,2023,Southwest,Wise County Public Schools,L.F. Addington Middle
197,20.5,7.2,6.6,38.1,5.1,34,7.6,41.1,39.1,44.7,14.2,46.4,42.9,78.7,16.8,2.3,4.4,4.9,2.4,3.5,3.8,school,2023,Southwest,Wise County Public Schools,Coeburn Middle
75,24.4,9.4,1.3,29.3,4,25.3,2.7,25.3,29.3,54.7,8,33.3,50,89.3,12,1.7,4.6,5.2,1.8,2.9,4.3,school,2023,Southwest,Wise County Public Schools,St. Paul Elementary
395,19.5,8.1,4.3,29.9,3.8,32.9,6.1,32.4,36.5,48.1,11.4,26.7,73.3,82,12.4,1.8,4.5,5,2.4,3.4,4.2,school,2023,Southwest,Wise County Public Schools,Union Middle
243,24.1,5.4,5.8,36.6,6.2,28.8,6.6,31.7,37.4,44.4,8.6,23.8,61.9,77.8,11.1,2.2,4.3,4.7,2.3,3.2,3.6,school,2023,Southwest,Wythe County Public Schools,Fort Chiswell Middle
211,15.9,8.8,6.6,34.1,7.6,33.6,8.1,30.3,37.4,36,9,36.8,63.2,77.3,8.1,1.9,4.4,4.8,2.4,3.2,3.9,school,2023,Southwest,Wythe County Public Schools,Rural Retreat Middle
282,15.3,3.3,6,31.2,3.9,27,7.1,26.2,24.8,43.3,7.4,33.3,42.9,85.1,9.2,1.9,4.7,5.2,2.1,3,4.2,school,2023,Southwest,Wythe County Public Schools,Scott Memorial Middle
553,22.9,5.9,5.6,31.1,4.2,28.6,3.8,39.8,37.1,34.2,11.9,34.8,48.5,79.7,11,2,4.2,4.6,2.8,3.7,3.5,school,2023,Tidewater,York County Public Schools,Yorktown Middle
771,19.1,6.6,5.1,19.1,2.5,21.7,4.5,31.1,32.8,36.2,9.1,25.7,54.3,83.4,8.6,1.8,4.5,4.8,2.2,3,4.1,school,2023,Tidewater,York County Public Schools,Tabb Middle
476,18.6,4.1,5.7,20.8,1.5,20,4.4,35.1,33.4,49.4,9.7,37,67.4,81.9,12.6,2.2,4.5,4.8,2.3,3.3,4.1,school,2023,Tidewater,York County Public Schools,Queens Lake Middle
713,17.4,6.2,5.9,27.6,5,28.1,7.4,35.5,31.4,37.9,10.4,31.1,64.9,75.6,10.5,1.9,4.4,4.6,2.4,3.3,3.8,school,2023,Tidewater,York County Public Schools,Grafton Middle
219435,15.6,5,12.7,12.3,3.7,21.9,5.6,27.1,39.9,43.6,12.8,39.1,56.3,75.1,22.9,1.1,4.2,4.5,2.5,3.2,3.8,state,2022,NA,NA,NA
183837,19.3,6.3,8.1,25.5,5.5,29,7.8,32.6,33.4,40.5,11,35.6,57.9,76.5,14.5,2,4.3,4.6,2.7,3.4,3.7,state,2023,NA,NA,NA
