school_year,division_number,division_name,ft_count,pt_count,total_count,region_name,region_number,GEOID,locality_grouping,school_number,school_name
2021-2022,1,Accomack County,4751,1,4752,Tidewater,2,51001,division,NA,NA
2021-2022,2,Albemarle County,13721,28,13749,Valley,5,51003,division,NA,NA
2021-2022,101,Alexandria City,15676,36,15712,Northern Virginia,4,51510,division,NA,NA
2021-2022,3,Alleghany County,1911,NA,1911,Western Virginia,6,51005,division,NA,NA
2021-2022,4,Amelia County,1635,NA,1635,Southside,8,51007,division,NA,NA
2021-2022,5,Amherst County,3970,NA,3970,Valley,5,51009,division,NA,NA
2021-2022,6,Appomattox County,2338,NA,2338,Southside,8,51011,division,NA,NA
2021-2022,7,Arlington County,27042,3,27045,Northern Virginia,4,51013,division,NA,NA
2021-2022,8,Augusta County,9929,2,9931,Valley,5,51015,division,NA,NA
2021-2022,9,Bath County,502,NA,502,Valley,5,51017,division,NA,NA
2021-2022,10,Bedford County,9008,1,9009,Valley,5,51019,division,NA,NA
2021-2022,11,Bland County,719,NA,719,Southwest,7,51021,division,NA,NA
2021-2022,12,Botetourt County,4472,NA,4472,Western Virginia,6,51023,division,NA,NA
2021-2022,102,Bristol City,2200,NA,2200,Southwest,7,51520,division,NA,NA
2021-2022,13,Brunswick County,1419,NA,1419,Southside,8,51025,division,NA,NA
2021-2022,14,Buchanan County,2427,NA,2427,Southwest,7,51027,division,NA,NA
2021-2022,15,Buckingham County,1933,NA,1933,Southside,8,51029,division,NA,NA
2021-2022,103,Buena Vista City,887,NA,887,Valley,5,51530,division,NA,NA
2021-2022,16,Campbell County,7854,NA,7854,Valley,5,51031,division,NA,NA
2021-2022,17,Caroline County,4238,NA,4238,Northern Neck,3,51033,division,NA,NA
2021-2022,18,Carroll County,3517,2,3519,Southwest,7,51035,division,NA,NA
2021-2022,19,Charles City County,528,NA,528,Central Virginia,1,51036,division,NA,NA
2021-2022,20,Charlotte County,1702,NA,1702,Southside,8,51037,division,NA,NA
2021-2022,104,Charlottesville City,4288,2,4290,Valley,5,51540,division,NA,NA
2021-2022,136,Chesapeake City,40478,NA,40478,Tidewater,2,51550,division,NA,NA
2021-2022,21,Chesterfield County,62445,55,62500,Central Virginia,1,51041,division,NA,NA
2021-2022,22,Clarke County,1833,2,1835,Northern Virginia,4,51043,division,NA,NA
2021-2022,202,Colonial Beach,625,NA,625,Northern Neck,3,51193,division,NA,NA
2021-2022,106,Colonial Heights City,2786,NA,2786,Central Virginia,1,51570,division,NA,NA
2021-2022,107,Covington City,963,3,966,Valley,5,51580,division,NA,NA
2021-2022,23,Craig County,513,NA,513,Western Virginia,6,51045,division,NA,NA
2021-2022,24,Culpeper County,8366,NA,8366,Northern Virginia,4,51047,division,NA,NA
2021-2022,25,Cumberland County,1208,NA,1208,Southside,8,51049,division,NA,NA
2021-2022,108,Danville City,5736,NA,5736,Western Virginia,6,51590,division,NA,NA
2021-2022,26,Dickenson County,1965,NA,1965,Southwest,7,51051,division,NA,NA
2021-2022,27,Dinwiddie County,4189,NA,4189,Central Virginia,1,51053,division,NA,NA
2021-2022,28,Essex County,1393,NA,1393,Northern Neck,3,51057,division,NA,NA
2021-2022,29,Fairfax County,178605,30,178635,Northern Virginia,4,51059,division,NA,NA
2021-2022,109,Falls Church City,2493,NA,2493,Northern Virginia,4,51610,division,NA,NA
2021-2022,30,Fauquier County,10873,1,10874,Northern Virginia,4,51061,division,NA,NA
2021-2022,31,Floyd County,1776,NA,1776,Western Virginia,6,51063,division,NA,NA
2021-2022,32,Fluvanna County,3316,NA,3316,Valley,5,51065,division,NA,NA
2021-2022,135,Franklin City,992,NA,992,Tidewater,2,51620,division,NA,NA
2021-2022,33,Franklin County,6319,1,6320,Western Virginia,6,51067,division,NA,NA
2021-2022,34,Frederick County,13875,1,13876,Northern Virginia,4,51069,division,NA,NA
2021-2022,110,Fredericksburg City,3624,NA,3624,Northern Neck,3,51630,division,NA,NA
2021-2022,111,Galax City,1354,1,1355,Southwest,7,51640,division,NA,NA
2021-2022,35,Giles County,3528,3,3531,Southwest,7,51071,division,NA,NA
2021-2022,36,Gloucester County,5036,17,5053,Northern Neck,3,51073,division,NA,NA
2021-2022,37,Goochland County,2596,NA,2596,Central Virginia,1,51075,division,NA,NA
2021-2022,38,Grayson County,1530,NA,1530,Southwest,7,51077,division,NA,NA
2021-2022,39,Greene County,2897,NA,2897,Valley,5,51079,division,NA,NA
2021-2022,40,Greensville County,2037,NA,2037,Southside,8,51081,division,NA,NA
2021-2022,41,Halifax County,4588,5,4593,Southside,8,51083,division,NA,NA
2021-2022,112,Hampton City,19619,NA,19619,Tidewater,2,51650,division,NA,NA
2021-2022,42,Hanover County,16865,NA,16865,Central Virginia,1,51085,division,NA,NA
2021-2022,113,Harrisonburg City,6659,1,6660,Valley,5,51660,division,NA,NA
2021-2022,43,Henrico County,49991,NA,49991,Central Virginia,1,51087,division,NA,NA
2021-2022,44,Henry County,7025,NA,7025,Western Virginia,6,51089,division,NA,NA
2021-2022,45,Highland County,178,NA,178,Valley,5,51091,division,NA,NA
2021-2022,114,Hopewell City,4075,2,4077,Central Virginia,1,51670,division,NA,NA
2021-2022,46,Isle of Wight County,5619,NA,5619,Tidewater,2,51093,division,NA,NA
2021-2022,48,King George County,4467,1,4468,Northern Neck,3,51099,division,NA,NA
2021-2022,50,King William County,1983,1,1984,Northern Neck,3,51101,division,NA,NA
2021-2022,49,King and Queen County,867,NA,867,Northern Neck,3,51097,division,NA,NA
2021-2022,51,Lancaster County,1002,NA,1002,Northern Neck,3,51103,division,NA,NA
2021-2022,52,Lee County,2937,NA,2937,Southwest,7,51105,division,NA,NA
2021-2022,137,Lexington City,476,NA,476,Valley,5,51678,division,NA,NA
2021-2022,53,Loudoun County,81186,325,81511,Northern Virginia,4,51107,division,NA,NA
2021-2022,54,Louisa County,5168,NA,5168,Valley,5,51109,division,NA,NA
2021-2022,55,Lunenburg County,1607,NA,1607,Southside,8,51111,division,NA,NA
2021-2022,115,Lynchburg City,7830,49,7879,Valley,5,51680,division,NA,NA
2021-2022,56,Madison County,1619,45,1664,Northern Virginia,4,51113,division,NA,NA
2021-2022,143,Manassas City,7159,433,7592,Northern Virginia,4,51683,division,NA,NA
2021-2022,144,Manassas Park City,3508,NA,3508,Northern Virginia,4,51685,division,NA,NA
2021-2022,116,Martinsville City,1817,NA,1817,Western Virginia,6,51690,division,NA,NA
2021-2022,57,Mathews County,903,NA,903,Northern Neck,3,51115,division,NA,NA
2021-2022,58,Mecklenburg County,4438,2,4440,Southside,8,51117,division,NA,NA
2021-2022,59,Middlesex County,1202,NA,1202,Northern Neck,3,51119,division,NA,NA
2021-2022,60,Montgomery County,9698,6,9704,Western Virginia,6,51121,division,NA,NA
2021-2022,62,Nelson County,1538,NA,1538,Valley,5,51125,division,NA,NA
2021-2022,63,New Kent County,3273,NA,3273,Central Virginia,1,51127,division,NA,NA
2021-2022,117,Newport News City,26672,5,26677,Tidewater,2,51700,division,NA,NA
2021-2022,118,Norfolk City,27478,NA,27478,Tidewater,2,51710,division,NA,NA
2021-2022,65,Northampton County,1350,NA,1350,Tidewater,2,51131,division,NA,NA
2021-2022,66,Northumberland County,1181,NA,1181,Northern Neck,3,51133,division,NA,NA
2021-2022,119,Norton City,828,NA,828,Southwest,7,51720,division,NA,NA
2021-2022,67,Nottoway County,1824,NA,1824,Southside,8,51135,division,NA,NA
2021-2022,68,Orange County,5027,1,5028,Northern Virginia,4,51137,division,NA,NA
2021-2022,69,Page County,3136,NA,3136,Northern Virginia,4,51139,division,NA,NA
2021-2022,70,Patrick County,2538,NA,2538,Western Virginia,6,51141,division,NA,NA
2021-2022,120,Petersburg City,4179,NA,4179,Central Virginia,1,51730,division,NA,NA
2021-2022,71,Pittsylvania County,7915,NA,7915,Western Virginia,6,51143,division,NA,NA
2021-2022,142,Poquoson City,2056,32,2088,Tidewater,2,51735,division,NA,NA
2021-2022,121,Portsmouth City,13517,NA,13517,Tidewater,2,51740,division,NA,NA
2021-2022,72,Powhatan County,4295,10,4305,Central Virginia,1,51145,division,NA,NA
2021-2022,73,Prince Edward County,1914,3,1917,Southside,8,51147,division,NA,NA
2021-2022,74,Prince George County,6139,2,6141,Central Virginia,1,51149,division,NA,NA
2021-2022,75,Prince William County,90116,19,90135,Northern Virginia,4,51153,division,NA,NA
2021-2022,77,Pulaski County,4041,NA,4041,Southwest,7,51155,division,NA,NA
2021-2022,122,Radford City,2701,NA,2701,Southwest,7,51750,division,NA,NA
2021-2022,78,Rappahannock County,753,NA,753,Northern Virginia,4,51157,division,NA,NA
2021-2022,123,Richmond City,21177,2,21179,Central Virginia,1,51760,division,NA,NA
2021-2022,79,Richmond County,1350,NA,1350,Northern Neck,3,51159,division,NA,NA
2021-2022,124,Roanoke City,13701,21,13722,Western Virginia,6,51770,division,NA,NA
2021-2022,80,Roanoke County,13731,NA,13731,Western Virginia,6,51161,division,NA,NA
2021-2022,81,Rockbridge County,2630,4,2634,Valley,5,51163,division,NA,NA
2021-2022,82,Rockingham County,11289,21,11310,Valley,5,51165,division,NA,NA
2021-2022,83,Russell County,3456,NA,3456,Southwest,7,51167,division,NA,NA
2021-2022,139,Salem City,3799,NA,3799,Western Virginia,6,51775,division,NA,NA
2021-2022,84,Scott County,3535,2,3537,Southwest,7,51169,division,NA,NA
2021-2022,85,Shenandoah County,5679,NA,5679,Northern Virginia,4,51171,division,NA,NA
2021-2022,86,Smyth County,4052,NA,4052,Southwest,7,51173,division,NA,NA
2021-2022,87,Southampton County,2600,NA,2600,Tidewater,2,51175,division,NA,NA
2021-2022,88,Spotsylvania County,23782,12,23794,Northern Neck,3,51177,division,NA,NA
2021-2022,89,Stafford County,30456,17,30473,Northern Neck,3,51179,division,NA,NA
2021-2022,126,Staunton City,2740,NA,2740,Valley,5,51790,division,NA,NA
2021-2022,127,Suffolk City,14048,NA,14048,Tidewater,2,51800,division,NA,NA
2021-2022,90,Surry County,657,NA,657,Central Virginia,1,51181,division,NA,NA
2021-2022,91,Sussex County,975,NA,975,Central Virginia,1,51183,division,NA,NA
2021-2022,92,Tazewell County,5420,NA,5420,Southwest,7,51185,division,NA,NA
2021-2022,128,Virginia Beach City,65498,NA,65498,Tidewater,2,51810,division,NA,NA
2021-2022,93,Warren County,5170,2,5172,Northern Virginia,4,51187,division,NA,NA
2021-2022,94,Washington County,6732,3,6735,Southwest,7,51191,division,NA,NA
2021-2022,130,Waynesboro City,3021,1,3022,Valley,5,51820,division,NA,NA
2021-2022,207,West Point,813,NA,813,Northern Neck,3,51101,division,NA,NA
2021-2022,95,Westmoreland County,1531,NA,1531,Northern Neck,3,51193,division,NA,NA
2021-2022,131,Williamsburg-James City County,11088,234,11322,Tidewater,2,51830,division,NA,NA
2021-2022,132,Winchester City,4143,NA,4143,Northern Virginia,4,51840,division,NA,NA
2021-2022,96,Wise County,5765,NA,5765,Southwest,7,51195,division,NA,NA
2021-2022,97,Wythe County,3831,2,3833,Southwest,7,51197,division,NA,NA
2021-2022,98,York County,12554,320,12874,Tidewater,2,51199,division,NA,NA
2022-2023,1,Accomack County,4726,1,4727,Tidewater,2,51001,division,NA,NA
2022-2023,2,Albemarle County,13952,18,13970,Valley,5,51003,division,NA,NA
2022-2023,101,Alexandria City,16046,43,16089,Northern Virginia,4,51510,division,NA,NA
2022-2023,3,Alleghany Highlands,2878,2,2880,Western Virginia,6,51005,division,NA,NA
2022-2023,4,Amelia County,1663,NA,1663,Southside,8,51007,division,NA,NA
2022-2023,5,Amherst County,3987,NA,3987,Valley,5,51009,division,NA,NA
2022-2023,6,Appomattox County,2361,NA,2361,Southside,8,51011,division,NA,NA
2022-2023,7,Arlington County,27582,NA,27582,Northern Virginia,4,51013,division,NA,NA
2022-2023,8,Augusta County,10076,1,10077,Valley,5,51015,division,NA,NA
2022-2023,9,Bath County,504,NA,504,Valley,5,51017,division,NA,NA
2022-2023,10,Bedford County,9089,1,9090,Valley,5,51019,division,NA,NA
2022-2023,11,Bland County,796,NA,796,Southwest,7,51021,division,NA,NA
2022-2023,12,Botetourt County,4494,NA,4494,Western Virginia,6,51023,division,NA,NA
2022-2023,102,Bristol City,2195,NA,2195,Southwest,7,51520,division,NA,NA
2022-2023,13,Brunswick County,1405,NA,1405,Southside,8,51025,division,NA,NA
2022-2023,14,Buchanan County,2462,NA,2462,Southwest,7,51027,division,NA,NA
2022-2023,15,Buckingham County,1992,NA,1992,Southside,8,51029,division,NA,NA
2022-2023,103,Buena Vista City,890,NA,890,Valley,5,51530,division,NA,NA
2022-2023,16,Campbell County,7873,NA,7873,Valley,5,51031,division,NA,NA
2022-2023,17,Caroline County,4337,NA,4337,Northern Neck,3,51033,division,NA,NA
2022-2023,18,Carroll County,3505,2,3507,Southwest,7,51035,division,NA,NA
2022-2023,19,Charles City County,562,NA,562,Central Virginia,1,51036,division,NA,NA
2022-2023,20,Charlotte County,1668,NA,1668,Southside,8,51037,division,NA,NA
2022-2023,104,Charlottesville City,4485,6,4491,Valley,5,51540,division,NA,NA
2022-2023,136,Chesapeake City,40821,NA,40821,Tidewater,2,51550,division,NA,NA
2022-2023,21,Chesterfield County,63916,46,63962,Central Virginia,1,51041,division,NA,NA
2022-2023,22,Clarke County,1892,2,1894,Northern Virginia,4,51043,division,NA,NA
2022-2023,202,Colonial Beach,574,NA,574,Northern Neck,3,51193,division,NA,NA
2022-2023,106,Colonial Heights City,2843,NA,2843,Central Virginia,1,51570,division,NA,NA
2022-2023,23,Craig County,476,NA,476,Western Virginia,6,51045,division,NA,NA
2022-2023,24,Culpeper County,8353,NA,8353,Northern Virginia,4,51047,division,NA,NA
2022-2023,25,Cumberland County,1283,NA,1283,Southside,8,51049,division,NA,NA
2022-2023,108,Danville City,5685,NA,5685,Western Virginia,6,51590,division,NA,NA
2022-2023,26,Dickenson County,1946,NA,1946,Southwest,7,51051,division,NA,NA
2022-2023,27,Dinwiddie County,4257,NA,4257,Central Virginia,1,51053,division,NA,NA
2022-2023,28,Essex County,1181,NA,1181,Northern Neck,3,51057,division,NA,NA
2022-2023,29,Fairfax County,180100,27,180127,Northern Virginia,4,51059,division,NA,NA
2022-2023,109,Falls Church City,2507,NA,2507,Northern Virginia,4,51610,division,NA,NA
2022-2023,30,Fauquier County,10839,NA,10839,Northern Virginia,4,51061,division,NA,NA
2022-2023,31,Floyd County,1746,4,1750,Western Virginia,6,51063,division,NA,NA
2022-2023,32,Fluvanna County,3439,NA,3439,Valley,5,51065,division,NA,NA
2022-2023,135,Franklin City,1023,NA,1023,Tidewater,2,51620,division,NA,NA
2022-2023,33,Franklin County,6252,NA,6252,Western Virginia,6,51067,division,NA,NA
2022-2023,34,Frederick County,13960,2,13962,Northern Virginia,4,51069,division,NA,NA
2022-2023,110,Fredericksburg City,3762,NA,3762,Northern Neck,3,51630,division,NA,NA
2022-2023,111,Galax City,1393,1,1394,Southwest,7,51640,division,NA,NA
2022-2023,35,Giles County,3460,2,3462,Southwest,7,51071,division,NA,NA
2022-2023,36,Gloucester County,5059,34,5093,Northern Neck,3,51073,division,NA,NA
2022-2023,37,Goochland County,2643,NA,2643,Central Virginia,1,51075,division,NA,NA
2022-2023,38,Grayson County,1561,NA,1561,Southwest,7,51077,division,NA,NA
2022-2023,39,Greene County,2838,NA,2838,Valley,5,51079,division,NA,NA
2022-2023,40,Greensville County,2034,NA,2034,Southside,8,51081,division,NA,NA
2022-2023,41,Halifax County,4621,4,4625,Southside,8,51083,division,NA,NA
2022-2023,112,Hampton City,19796,NA,19796,Tidewater,2,51650,division,NA,NA
2022-2023,42,Hanover County,17066,NA,17066,Central Virginia,1,51085,division,NA,NA
2022-2023,113,Harrisonburg City,6682,2,6684,Valley,5,51660,division,NA,NA
2022-2023,43,Henrico County,50389,NA,50389,Central Virginia,1,51087,division,NA,NA
2022-2023,44,Henry County,7010,NA,7010,Western Virginia,6,51089,division,NA,NA
2022-2023,45,Highland County,200,NA,200,Valley,5,51091,division,NA,NA
2022-2023,114,Hopewell City,3984,1,3985,Central Virginia,1,51670,division,NA,NA
2022-2023,46,Isle of Wight County,5627,2,5629,Tidewater,2,51093,division,NA,NA
2022-2023,48,King George County,4521,NA,4521,Northern Neck,3,51099,division,NA,NA
2022-2023,50,King William County,2084,NA,2084,Northern Neck,3,51101,division,NA,NA
2022-2023,49,King and Queen County,858,NA,858,Northern Neck,3,51097,division,NA,NA
2022-2023,51,Lancaster County,1039,NA,1039,Northern Neck,3,51103,division,NA,NA
2022-2023,52,Lee County,2949,NA,2949,Southwest,7,51105,division,NA,NA
2022-2023,137,Lexington City,487,NA,487,Valley,5,51678,division,NA,NA
2022-2023,53,Loudoun County,81746,336,82082,Northern Virginia,4,51107,division,NA,NA
2022-2023,54,Louisa County,5173,NA,5173,Valley,5,51109,division,NA,NA
2022-2023,55,Lunenburg County,1575,NA,1575,Southside,8,51111,division,NA,NA
2022-2023,115,Lynchburg City,7856,47,7903,Valley,5,51680,division,NA,NA
2022-2023,56,Madison County,1680,3,1683,Northern Virginia,4,51113,division,NA,NA
2022-2023,143,Manassas City,7418,293,7711,Northern Virginia,4,51683,division,NA,NA
2022-2023,144,Manassas Park City,3434,NA,3434,Northern Virginia,4,51685,division,NA,NA
2022-2023,116,Martinsville City,1810,NA,1810,Western Virginia,6,51690,division,NA,NA
2022-2023,57,Mathews County,911,NA,911,Northern Neck,3,51115,division,NA,NA
2022-2023,58,Mecklenburg County,3972,1,3973,Southside,8,51117,division,NA,NA
2022-2023,59,Middlesex County,1244,NA,1244,Northern Neck,3,51119,division,NA,NA
2022-2023,60,Montgomery County,9730,NA,9730,Western Virginia,6,51121,division,NA,NA
2022-2023,62,Nelson County,1480,NA,1480,Valley,5,51125,division,NA,NA
2022-2023,63,New Kent County,3436,NA,3436,Central Virginia,1,51127,division,NA,NA
2022-2023,117,Newport News City,26558,4,26562,Tidewater,2,51700,division,NA,NA
2022-2023,118,Norfolk City,27309,NA,27309,Tidewater,2,51710,division,NA,NA
2022-2023,65,Northampton County,1359,NA,1359,Tidewater,2,51131,division,NA,NA
2022-2023,66,Northumberland County,1200,NA,1200,Northern Neck,3,51133,division,NA,NA
2022-2023,119,Norton City,815,NA,815,Southwest,7,51720,division,NA,NA
2022-2023,67,Nottoway County,1811,NA,1811,Southside,8,51135,division,NA,NA
2022-2023,68,Orange County,5041,1,5042,Northern Virginia,4,51137,division,NA,NA
2022-2023,69,Page County,3031,2,3033,Northern Virginia,4,51139,division,NA,NA
2022-2023,70,Patrick County,2482,NA,2482,Western Virginia,6,51141,division,NA,NA
2022-2023,120,Petersburg City,4272,NA,4272,Central Virginia,1,51730,division,NA,NA
2022-2023,71,Pittsylvania County,7918,1,7919,Western Virginia,6,51143,division,NA,NA
2022-2023,142,Poquoson City,2055,30,2085,Tidewater,2,51735,division,NA,NA
2022-2023,121,Portsmouth City,13371,NA,13371,Tidewater,2,51740,division,NA,NA
2022-2023,72,Powhatan County,4241,10,4251,Central Virginia,1,51145,division,NA,NA
2022-2023,73,Prince Edward County,1887,2,1889,Southside,8,51147,division,NA,NA
2022-2023,74,Prince George County,6106,NA,6106,Central Virginia,1,51149,division,NA,NA
2022-2023,75,Prince William County,91166,14,91180,Northern Virginia,4,51153,division,NA,NA
2022-2023,77,Pulaski County,3988,NA,3988,Southwest,7,51155,division,NA,NA
2022-2023,122,Radford City,3690,NA,3690,Southwest,7,51750,division,NA,NA
2022-2023,78,Rappahannock County,735,1,736,Northern Virginia,4,51157,division,NA,NA
2022-2023,123,Richmond City,21705,NA,21705,Central Virginia,1,51760,division,NA,NA
2022-2023,79,Richmond County,1346,NA,1346,Northern Neck,3,51159,division,NA,NA
2022-2023,124,Roanoke City,13636,71,13707,Western Virginia,6,51770,division,NA,NA
2022-2023,80,Roanoke County,13818,1,13819,Western Virginia,6,51161,division,NA,NA
2022-2023,81,Rockbridge County,2548,2,2550,Valley,5,51163,division,NA,NA
2022-2023,82,Rockingham County,11504,12,11516,Valley,5,51165,division,NA,NA
2022-2023,83,Russell County,3375,NA,3375,Southwest,7,51167,division,NA,NA
2022-2023,139,Salem City,3750,NA,3750,Western Virginia,6,51775,division,NA,NA
2022-2023,84,Scott County,4026,2,4028,Southwest,7,51169,division,NA,NA
2022-2023,85,Shenandoah County,5630,NA,5630,Northern Virginia,4,51171,division,NA,NA
2022-2023,86,Smyth County,3983,NA,3983,Southwest,7,51173,division,NA,NA
2022-2023,87,Southampton County,2579,NA,2579,Tidewater,2,51175,division,NA,NA
2022-2023,88,Spotsylvania County,24216,44,24260,Northern Neck,3,51177,division,NA,NA
2022-2023,89,Stafford County,31145,15,31160,Northern Neck,3,51179,division,NA,NA
2022-2023,126,Staunton City,2695,NA,2695,Valley,5,51790,division,NA,NA
2022-2023,127,Suffolk City,14490,NA,14490,Tidewater,2,51800,division,NA,NA
2022-2023,90,Surry County,685,NA,685,Central Virginia,1,51181,division,NA,NA
2022-2023,91,Sussex County,998,NA,998,Central Virginia,1,51183,division,NA,NA
2022-2023,92,Tazewell County,5422,NA,5422,Southwest,7,51185,division,NA,NA
2022-2023,128,Virginia Beach City,65550,NA,65550,Tidewater,2,51810,division,NA,NA
2022-2023,93,Warren County,5168,2,5170,Northern Virginia,4,51187,division,NA,NA
2022-2023,94,Washington County,6742,3,6745,Southwest,7,51191,division,NA,NA
2022-2023,130,Waynesboro City,3042,1,3043,Valley,5,51820,division,NA,NA
2022-2023,207,West Point,810,NA,810,Northern Neck,3,51101,division,NA,NA
2022-2023,95,Westmoreland County,1561,NA,1561,Northern Neck,3,51193,division,NA,NA
2022-2023,131,Williamsburg-James City County,11387,255,11642,Tidewater,2,51830,division,NA,NA
2022-2023,132,Winchester City,4268,NA,4268,Northern Virginia,4,51840,division,NA,NA
2022-2023,96,Wise County,5913,NA,5913,Southwest,7,51195,division,NA,NA
2022-2023,97,Wythe County,3879,1,3880,Southwest,7,51197,division,NA,NA
2022-2023,98,York County,12642,315,12957,Tidewater,2,51199,division,NA,NA
2023-2024,1,Accomack County,4726,NA,4726,Tidewater,2,51001,division,NA,NA
2023-2024,2,Albemarle County,13821,14,13835,Valley,5,51003,division,NA,NA
2023-2024,101,Alexandria City,16415,24,16439,Northern Virginia,4,51510,division,NA,NA
2023-2024,3,Alleghany Highlands,2835,1,2836,Western Virginia,6,51005,division,NA,NA
2023-2024,4,Amelia County,1606,NA,1606,Southside,8,51007,division,NA,NA
2023-2024,5,Amherst County,3965,NA,3965,Valley,5,51009,division,NA,NA
2023-2024,6,Appomattox County,2372,NA,2372,Southside,8,51011,division,NA,NA
2023-2024,7,Arlington County,27534,2,27536,Northern Virginia,4,51013,division,NA,NA
2023-2024,8,Augusta County,10139,5,10144,Valley,5,51015,division,NA,NA
2023-2024,9,Bath County,509,NA,509,Valley,5,51017,division,NA,NA
2023-2024,10,Bedford County,9061,NA,9061,Valley,5,51019,division,NA,NA
2023-2024,11,Bland County,793,NA,793,Southwest,7,51021,division,NA,NA
2023-2024,12,Botetourt County,4488,NA,4488,Western Virginia,6,51023,division,NA,NA
2023-2024,102,Bristol City,2154,NA,2154,Southwest,7,51520,division,NA,NA
2023-2024,13,Brunswick County,1395,NA,1395,Southside,8,51025,division,NA,NA
2023-2024,14,Buchanan County,2378,NA,2378,Southwest,7,51027,division,NA,NA
2023-2024,15,Buckingham County,1966,NA,1966,Southside,8,51029,division,NA,NA
2023-2024,103,Buena Vista City,856,NA,856,Valley,5,51530,division,NA,NA
2023-2024,16,Campbell County,7896,NA,7896,Valley,5,51031,division,NA,NA
2023-2024,17,Caroline County,4564,NA,4564,Northern Neck,3,51033,division,NA,NA
2023-2024,18,Carroll County,3442,2,3444,Southwest,7,51035,division,NA,NA
2023-2024,19,Charles City County,530,NA,530,Central Virginia,1,51036,division,NA,NA
2023-2024,20,Charlotte County,1705,NA,1705,Southside,8,51037,division,NA,NA
2023-2024,104,Charlottesville City,4433,11,4444,Valley,5,51540,division,NA,NA
2023-2024,136,Chesapeake City,40640,NA,40640,Tidewater,2,51550,division,NA,NA
2023-2024,21,Chesterfield County,64132,51,64183,Central Virginia,1,51041,division,NA,NA
2023-2024,22,Clarke County,1921,3,1924,Northern Virginia,4,51043,division,NA,NA
2023-2024,202,Colonial Beach,605,NA,605,Northern Neck,3,51193,division,NA,NA
2023-2024,106,Colonial Heights City,2931,NA,2931,Central Virginia,1,51570,division,NA,NA
2023-2024,23,Craig County,470,NA,470,Western Virginia,6,51045,division,NA,NA
2023-2024,24,Culpeper County,8368,NA,8368,Northern Virginia,4,51047,division,NA,NA
2023-2024,25,Cumberland County,1233,NA,1233,Southside,8,51049,division,NA,NA
2023-2024,108,Danville City,5580,NA,5580,Western Virginia,6,51590,division,NA,NA
2023-2024,26,Dickenson County,1883,NA,1883,Southwest,7,51051,division,NA,NA
2023-2024,27,Dinwiddie County,4258,NA,4258,Central Virginia,1,51053,division,NA,NA
2023-2024,28,Essex County,1163,NA,1163,Northern Neck,3,51057,division,NA,NA
2023-2024,29,Fairfax County,180947,23,180970,Northern Virginia,4,51059,division,NA,NA
2023-2024,109,Falls Church City,2616,NA,2616,Northern Virginia,4,51610,division,NA,NA
2023-2024,30,Fauquier County,10845,NA,10845,Northern Virginia,4,51061,division,NA,NA
2023-2024,31,Floyd County,1713,NA,1713,Western Virginia,6,51063,division,NA,NA
2023-2024,32,Fluvanna County,3372,NA,3372,Valley,5,51065,division,NA,NA
2023-2024,135,Franklin City,1015,NA,1015,Tidewater,2,51620,division,NA,NA
2023-2024,33,Franklin County,6160,NA,6160,Western Virginia,6,51067,division,NA,NA
2023-2024,34,Frederick County,14172,1,14173,Northern Virginia,4,51069,division,NA,NA
2023-2024,110,Fredericksburg City,3578,NA,3578,Northern Neck,3,51630,division,NA,NA
2023-2024,111,Galax City,1417,1,1418,Southwest,7,51640,division,NA,NA
2023-2024,35,Giles County,3499,NA,3499,Southwest,7,51071,division,NA,NA
2023-2024,36,Gloucester County,4990,26,5016,Northern Neck,3,51073,division,NA,NA
2023-2024,37,Goochland County,2572,NA,2572,Central Virginia,1,51075,division,NA,NA
2023-2024,38,Grayson County,1576,NA,1576,Southwest,7,51077,division,NA,NA
2023-2024,39,Greene County,2818,NA,2818,Valley,5,51079,division,NA,NA
2023-2024,40,Greensville County,2027,NA,2027,Southside,8,51081,division,NA,NA
2023-2024,41,Halifax County,4576,2,4578,Southside,8,51083,division,NA,NA
2023-2024,112,Hampton City,19661,NA,19661,Tidewater,2,51650,division,NA,NA
2023-2024,42,Hanover County,16820,NA,16820,Central Virginia,1,51085,division,NA,NA
2023-2024,113,Harrisonburg City,6787,4,6791,Valley,5,51660,division,NA,NA
2023-2024,43,Henrico County,50464,NA,50464,Central Virginia,1,51087,division,NA,NA
2023-2024,44,Henry County,6938,NA,6938,Western Virginia,6,51089,division,NA,NA
2023-2024,45,Highland County,212,NA,212,Valley,5,51091,division,NA,NA
2023-2024,114,Hopewell City,3946,NA,3946,Central Virginia,1,51670,division,NA,NA
2023-2024,46,Isle of Wight County,5592,2,5594,Tidewater,2,51093,division,NA,NA
2023-2024,48,King George County,4543,1,4544,Northern Neck,3,51099,division,NA,NA
2023-2024,50,King William County,2106,NA,2106,Northern Neck,3,51101,division,NA,NA
2023-2024,49,King and Queen County,855,NA,855,Northern Neck,3,51097,division,NA,NA
2023-2024,51,Lancaster County,1020,NA,1020,Northern Neck,3,51103,division,NA,NA
2023-2024,52,Lee County,2971,NA,2971,Southwest,7,51105,division,NA,NA
2023-2024,137,Lexington City,511,NA,511,Valley,5,51678,division,NA,NA
2023-2024,53,Loudoun County,81693,335,82028,Northern Virginia,4,51107,division,NA,NA
2023-2024,54,Louisa County,5211,NA,5211,Valley,5,51109,division,NA,NA
2023-2024,55,Lunenburg County,1582,NA,1582,Southside,8,51111,division,NA,NA
2023-2024,115,Lynchburg City,7727,68,7795,Valley,5,51680,division,NA,NA
2023-2024,56,Madison County,1669,2,1671,Northern Virginia,4,51113,division,NA,NA
2023-2024,143,Manassas City,7350,326,7676,Northern Virginia,4,51683,division,NA,NA
2023-2024,144,Manassas Park City,3410,NA,3410,Northern Virginia,4,51685,division,NA,NA
2023-2024,116,Martinsville City,1807,NA,1807,Western Virginia,6,51690,division,NA,NA
2023-2024,57,Mathews County,841,NA,841,Northern Neck,3,51115,division,NA,NA
2023-2024,58,Mecklenburg County,3937,1,3938,Southside,8,51117,division,NA,NA
2023-2024,59,Middlesex County,1226,NA,1226,Northern Neck,3,51119,division,NA,NA
2023-2024,60,Montgomery County,9591,NA,9591,Western Virginia,6,51121,division,NA,NA
2023-2024,62,Nelson County,1495,NA,1495,Valley,5,51125,division,NA,NA
2023-2024,63,New Kent County,3536,NA,3536,Central Virginia,1,51127,division,NA,NA
2023-2024,117,Newport News City,26217,2,26219,Tidewater,2,51700,division,NA,NA
2023-2024,118,Norfolk City,26884,NA,26884,Tidewater,2,51710,division,NA,NA
2023-2024,65,Northampton County,1334,NA,1334,Tidewater,2,51131,division,NA,NA
2023-2024,66,Northumberland County,1162,1,1163,Northern Neck,3,51133,division,NA,NA
2023-2024,119,Norton City,807,NA,807,Southwest,7,51720,division,NA,NA
2023-2024,67,Nottoway County,1818,NA,1818,Southside,8,51135,division,NA,NA
2023-2024,68,Orange County,5081,1,5082,Northern Virginia,4,51137,division,NA,NA
2023-2024,69,Page County,3011,NA,3011,Northern Virginia,4,51139,division,NA,NA
2023-2024,70,Patrick County,2379,NA,2379,Western Virginia,6,51141,division,NA,NA
2023-2024,120,Petersburg City,4464,NA,4464,Central Virginia,1,51730,division,NA,NA
2023-2024,71,Pittsylvania County,7860,1,7861,Western Virginia,6,51143,division,NA,NA
2023-2024,142,Poquoson City,2038,32,2070,Tidewater,2,51735,division,NA,NA
2023-2024,121,Portsmouth City,13162,NA,13162,Tidewater,2,51740,division,NA,NA
2023-2024,72,Powhatan County,4218,4,4222,Central Virginia,1,51145,division,NA,NA
2023-2024,73,Prince Edward County,1814,2,1816,Southside,8,51147,division,NA,NA
2023-2024,74,Prince George County,6181,NA,6181,Central Virginia,1,51149,division,NA,NA
2023-2024,75,Prince William County,90631,23,90654,Northern Virginia,4,51153,division,NA,NA
2023-2024,77,Pulaski County,4361,NA,4361,Southwest,7,51155,division,NA,NA
2023-2024,122,Radford City,3207,NA,3207,Southwest,7,51750,division,NA,NA
2023-2024,78,Rappahannock County,774,NA,774,Northern Virginia,4,51157,division,NA,NA
2023-2024,123,Richmond City,21259,NA,21259,Central Virginia,1,51760,division,NA,NA
2023-2024,79,Richmond County,1374,NA,1374,Northern Neck,3,51159,division,NA,NA
2023-2024,124,Roanoke City,13638,71,13709,Western Virginia,6,51770,division,NA,NA
2023-2024,80,Roanoke County,13803,NA,13803,Western Virginia,6,51161,division,NA,NA
2023-2024,81,Rockbridge County,2496,NA,2496,Valley,5,51163,division,NA,NA
2023-2024,82,Rockingham County,11542,28,11570,Valley,5,51165,division,NA,NA
2023-2024,83,Russell County,3454,NA,3454,Southwest,7,51167,division,NA,NA
2023-2024,139,Salem City,4318,NA,4318,Western Virginia,6,51775,division,NA,NA
2023-2024,84,Scott County,4268,6,4274,Southwest,7,51169,division,NA,NA
2023-2024,85,Shenandoah County,5691,2,5693,Northern Virginia,4,51171,division,NA,NA
2023-2024,86,Smyth County,3894,NA,3894,Southwest,7,51173,division,NA,NA
2023-2024,87,Southampton County,2523,NA,2523,Tidewater,2,51175,division,NA,NA
2023-2024,88,Spotsylvania County,24033,31,24064,Northern Neck,3,51177,division,NA,NA
2023-2024,89,Stafford County,31588,112,31700,Northern Neck,3,51179,division,NA,NA
2023-2024,126,Staunton City,2698,NA,2698,Valley,5,51790,division,NA,NA
2023-2024,127,Suffolk City,14520,NA,14520,Tidewater,2,51800,division,NA,NA
2023-2024,90,Surry County,694,NA,694,Central Virginia,1,51181,division,NA,NA
2023-2024,91,Sussex County,994,NA,994,Central Virginia,1,51183,division,NA,NA
2023-2024,92,Tazewell County,5307,NA,5307,Southwest,7,51185,division,NA,NA
2023-2024,128,Virginia Beach City,65078,NA,65078,Tidewater,2,51810,division,NA,NA
2023-2024,93,Warren County,5132,4,5136,Northern Virginia,4,51187,division,NA,NA
2023-2024,94,Washington County,6709,4,6713,Southwest,7,51191,division,NA,NA
2023-2024,130,Waynesboro City,3060,NA,3060,Valley,5,51820,division,NA,NA
2023-2024,207,West Point,840,NA,840,Northern Neck,3,51101,division,NA,NA
2023-2024,95,Westmoreland County,1579,NA,1579,Northern Neck,3,51193,division,NA,NA
2023-2024,131,Williamsburg-James City County,11415,279,11694,Tidewater,2,51830,division,NA,NA
2023-2024,132,Winchester City,4236,NA,4236,Northern Virginia,4,51840,division,NA,NA
2023-2024,96,Wise County,5883,NA,5883,Southwest,7,51195,division,NA,NA
2023-2024,97,Wythe County,3802,1,3803,Southwest,7,51197,division,NA,NA
2023-2024,98,York County,12735,375,13110,Tidewater,2,51199,division,NA,NA
2024-2025,1,Accomack County,4623,NA,4623,Tidewater,2,51001,division,NA,NA
2024-2025,2,Albemarle County,14164,9,14173,Valley,5,51003,division,NA,NA
2024-2025,101,Alexandria City,16586,27,16613,Northern Virginia,4,51510,division,NA,NA
2024-2025,3,Alleghany Highlands,2804,1,2805,Western Virginia,6,51005,division,NA,NA
2024-2025,4,Amelia County,1600,NA,1600,Southside,8,51007,division,NA,NA
2024-2025,5,Amherst County,3900,NA,3900,Valley,5,51009,division,NA,NA
2024-2025,6,Appomattox County,2421,NA,2421,Southside,8,51011,division,NA,NA
2024-2025,7,Arlington County,27985,1,27986,Northern Virginia,4,51013,division,NA,NA
2024-2025,8,Augusta County,10131,1,10132,Valley,5,51015,division,NA,NA
2024-2025,9,Bath County,509,NA,509,Valley,5,51017,division,NA,NA
2024-2025,10,Bedford County,8932,NA,8932,Valley,5,51019,division,NA,NA
2024-2025,11,Bland County,818,NA,818,Southwest,7,51021,division,NA,NA
2024-2025,12,Botetourt County,4424,NA,4424,Western Virginia,6,51023,division,NA,NA
2024-2025,102,Bristol City,2167,NA,2167,Southwest,7,51520,division,NA,NA
2024-2025,13,Brunswick County,1369,NA,1369,Southside,8,51025,division,NA,NA
2024-2025,14,Buchanan County,2316,NA,2316,Southwest,7,51027,division,NA,NA
2024-2025,15,Buckingham County,1868,NA,1868,Southside,8,51029,division,NA,NA
2024-2025,103,Buena Vista City,886,NA,886,Valley,5,51530,division,NA,NA
2024-2025,16,Campbell County,7777,NA,7777,Valley,5,51031,division,NA,NA
2024-2025,17,Caroline County,4576,NA,4576,Northern Neck,3,51033,division,NA,NA
2024-2025,18,Carroll County,3437,1,3438,Southwest,7,51035,division,NA,NA
2024-2025,19,Charles City County,523,NA,523,Central Virginia,1,51036,division,NA,NA
2024-2025,20,Charlotte County,1707,NA,1707,Southside,8,51037,division,NA,NA
2024-2025,104,Charlottesville City,4439,4,4443,Valley,5,51540,division,NA,NA
2024-2025,136,Chesapeake City,40685,NA,40685,Tidewater,2,51550,division,NA,NA
2024-2025,21,Chesterfield County,64194,60,64254,Central Virginia,1,51041,division,NA,NA
2024-2025,22,Clarke County,1883,5,1888,Northern Virginia,4,51043,division,NA,NA
2024-2025,202,Colonial Beach,593,NA,593,Northern Neck,3,51193,division,NA,NA
2024-2025,106,Colonial Heights City,2971,NA,2971,Central Virginia,1,51570,division,NA,NA
2024-2025,23,Craig County,507,NA,507,Western Virginia,6,51045,division,NA,NA
2024-2025,24,Culpeper County,8381,NA,8381,Northern Virginia,4,51047,division,NA,NA
2024-2025,25,Cumberland County,1278,NA,1278,Southside,8,51049,division,NA,NA
2024-2025,108,Danville City,5565,NA,5565,Western Virginia,6,51590,division,NA,NA
2024-2025,26,Dickenson County,1801,NA,1801,Southwest,7,51051,division,NA,NA
2024-2025,27,Dinwiddie County,4149,NA,4149,Central Virginia,1,51053,division,NA,NA
2024-2025,28,Essex County,1092,NA,1092,Northern Neck,3,51057,division,NA,NA
2024-2025,29,Fairfax County,179548,1010,180558,Northern Virginia,4,51059,division,NA,NA
2024-2025,109,Falls Church City,2677,NA,2677,Northern Virginia,4,51610,division,NA,NA
2024-2025,30,Fauquier County,10861,NA,10861,Northern Virginia,4,51061,division,NA,NA
2024-2025,31,Floyd County,1666,NA,1666,Western Virginia,6,51063,division,NA,NA
2024-2025,32,Fluvanna County,3317,NA,3317,Valley,5,51065,division,NA,NA
2024-2025,135,Franklin City,1125,NA,1125,Tidewater,2,51620,division,NA,NA
2024-2025,33,Franklin County,6109,NA,6109,Western Virginia,6,51067,division,NA,NA
2024-2025,34,Frederick County,14447,2,14449,Northern Virginia,4,51069,division,NA,NA
2024-2025,110,Fredericksburg City,3632,NA,3632,Northern Neck,3,51630,division,NA,NA
2024-2025,111,Galax City,1434,NA,1434,Southwest,7,51640,division,NA,NA
2024-2025,35,Giles County,3575,NA,3575,Southwest,7,51071,division,NA,NA
2024-2025,36,Gloucester County,4919,37,4956,Northern Neck,3,51073,division,NA,NA
2024-2025,37,Goochland County,2643,NA,2643,Central Virginia,1,51075,division,NA,NA
2024-2025,38,Grayson County,1561,NA,1561,Southwest,7,51077,division,NA,NA
2024-2025,39,Greene County,2781,1,2782,Valley,5,51079,division,NA,NA
2024-2025,40,Greensville County,2017,NA,2017,Southside,8,51081,division,NA,NA
2024-2025,41,Halifax County,4497,1,4498,Southside,8,51083,division,NA,NA
2024-2025,112,Hampton City,19474,1,19475,Tidewater,2,51650,division,NA,NA
2024-2025,42,Hanover County,16768,NA,16768,Central Virginia,1,51085,division,NA,NA
2024-2025,113,Harrisonburg City,6822,1,6823,Valley,5,51660,division,NA,NA
2024-2025,43,Henrico County,50916,NA,50916,Central Virginia,1,51087,division,NA,NA
2024-2025,44,Henry County,6916,NA,6916,Western Virginia,6,51089,division,NA,NA
2024-2025,45,Highland County,208,NA,208,Valley,5,51091,division,NA,NA
2024-2025,114,Hopewell City,3951,NA,3951,Central Virginia,1,51670,division,NA,NA
2024-2025,46,Isle of Wight County,5519,NA,5519,Tidewater,2,51093,division,NA,NA
2024-2025,48,King George County,4592,3,4595,Northern Neck,3,51099,division,NA,NA
2024-2025,50,King William County,2114,NA,2114,Northern Neck,3,51101,division,NA,NA
2024-2025,49,King and Queen County,611,NA,611,Northern Neck,3,51097,division,NA,NA
2024-2025,51,Lancaster County,1018,NA,1018,Northern Neck,3,51103,division,NA,NA
2024-2025,52,Lee County,2966,NA,2966,Southwest,7,51105,division,NA,NA
2024-2025,137,Lexington City,538,NA,538,Valley,5,51678,division,NA,NA
2024-2025,53,Loudoun County,81547,31,81578,Northern Virginia,4,51107,division,NA,NA
2024-2025,54,Louisa County,5334,NA,5334,Valley,5,51109,division,NA,NA
2024-2025,55,Lunenburg County,1577,NA,1577,Southside,8,51111,division,NA,NA
2024-2025,115,Lynchburg City,7657,46,7703,Valley,5,51680,division,NA,NA
2024-2025,56,Madison County,1585,1,1586,Northern Virginia,4,51113,division,NA,NA
2024-2025,143,Manassas City,7347,316,7663,Northern Virginia,4,51683,division,NA,NA
2024-2025,144,Manassas Park City,3392,1,3393,Northern Virginia,4,51685,division,NA,NA
2024-2025,116,Martinsville City,1793,NA,1793,Western Virginia,6,51690,division,NA,NA
2024-2025,57,Mathews County,791,NA,791,Northern Neck,3,51115,division,NA,NA
2024-2025,58,Mecklenburg County,3907,NA,3907,Southside,8,51117,division,NA,NA
2024-2025,59,Middlesex County,1249,NA,1249,Northern Neck,3,51119,division,NA,NA
2024-2025,60,Montgomery County,9484,NA,9484,Western Virginia,6,51121,division,NA,NA
2024-2025,62,Nelson County,1492,1,1493,Valley,5,51125,division,NA,NA
2024-2025,63,New Kent County,3572,NA,3572,Central Virginia,1,51127,division,NA,NA
2024-2025,117,Newport News City,25930,3,25933,Tidewater,2,51700,division,NA,NA
2024-2025,118,Norfolk City,26807,NA,26807,Tidewater,2,51710,division,NA,NA
2024-2025,65,Northampton County,1300,NA,1300,Tidewater,2,51131,division,NA,NA
2024-2025,66,Northumberland County,1162,NA,1162,Northern Neck,3,51133,division,NA,NA
2024-2025,119,Norton City,855,NA,855,Southwest,7,51720,division,NA,NA
2024-2025,67,Nottoway County,1793,NA,1793,Southside,8,51135,division,NA,NA
2024-2025,68,Orange County,5079,1,5080,Northern Virginia,4,51137,division,NA,NA
2024-2025,69,Page County,2928,1,2929,Northern Virginia,4,51139,division,NA,NA
2024-2025,70,Patrick County,2278,NA,2278,Western Virginia,6,51141,division,NA,NA
2024-2025,120,Petersburg City,4582,NA,4582,Central Virginia,1,51730,division,NA,NA
2024-2025,71,Pittsylvania County,7830,1,7831,Western Virginia,6,51143,division,NA,NA
2024-2025,142,Poquoson City,2030,35,2065,Tidewater,2,51735,division,NA,NA
2024-2025,121,Portsmouth City,12911,NA,12911,Tidewater,2,51740,division,NA,NA
2024-2025,72,Powhatan County,4077,4,4081,Central Virginia,1,51145,division,NA,NA
2024-2025,73,Prince Edward County,1845,NA,1845,Southside,8,51147,division,NA,NA
2024-2025,74,Prince George County,6220,1,6221,Central Virginia,1,51149,division,NA,NA
2024-2025,75,Prince William County,90366,263,90629,Northern Virginia,4,51153,division,NA,NA
2024-2025,77,Pulaski County,4385,NA,4385,Southwest,7,51155,division,NA,NA
2024-2025,122,Radford City,3321,12,3333,Southwest,7,51750,division,NA,NA
2024-2025,78,Rappahannock County,773,1,774,Northern Virginia,4,51157,division,NA,NA
2024-2025,123,Richmond City,21427,NA,21427,Central Virginia,1,51760,division,NA,NA
2024-2025,79,Richmond County,1400,NA,1400,Northern Neck,3,51159,division,NA,NA
2024-2025,124,Roanoke City,13876,7,13883,Western Virginia,6,51770,division,NA,NA
2024-2025,80,Roanoke County,13736,NA,13736,Western Virginia,6,51161,division,NA,NA
2024-2025,81,Rockbridge County,2489,NA,2489,Valley,5,51163,division,NA,NA
2024-2025,82,Rockingham County,11686,21,11707,Valley,5,51165,division,NA,NA
2024-2025,83,Russell County,3345,NA,3345,Southwest,7,51167,division,NA,NA
2024-2025,139,Salem City,3984,NA,3984,Western Virginia,6,51775,division,NA,NA
2024-2025,84,Scott County,4166,15,4181,Southwest,7,51169,division,NA,NA
2024-2025,85,Shenandoah County,5708,5,5713,Northern Virginia,4,51171,division,NA,NA
2024-2025,86,Smyth County,4133,NA,4133,Southwest,7,51173,division,NA,NA
2024-2025,87,Southampton County,2363,NA,2363,Tidewater,2,51175,division,NA,NA
2024-2025,88,Spotsylvania County,24055,40,24095,Northern Neck,3,51177,division,NA,NA
2024-2025,89,Stafford County,31857,135,31992,Northern Neck,3,51179,division,NA,NA
2024-2025,126,Staunton City,2694,NA,2694,Valley,5,51790,division,NA,NA
2024-2025,127,Suffolk City,14565,3,14568,Tidewater,2,51800,division,NA,NA
2024-2025,90,Surry County,694,NA,694,Central Virginia,1,51181,division,NA,NA
2024-2025,91,Sussex County,1047,NA,1047,Central Virginia,1,51183,division,NA,NA
2024-2025,92,Tazewell County,5139,NA,5139,Southwest,7,51185,division,NA,NA
2024-2025,128,Virginia Beach City,64823,NA,64823,Tidewater,2,51810,division,NA,NA
2024-2025,93,Warren County,5027,4,5031,Northern Virginia,4,51187,division,NA,NA
2024-2025,94,Washington County,7273,11,7284,Southwest,7,51191,division,NA,NA
2024-2025,130,Waynesboro City,3044,NA,3044,Valley,5,51820,division,NA,NA
2024-2025,207,West Point,843,NA,843,Northern Neck,3,51101,division,NA,NA
2024-2025,95,Westmoreland County,1574,NA,1574,Northern Neck,3,51193,division,NA,NA
2024-2025,131,Williamsburg-James City County,11379,350,11729,Tidewater,2,51830,division,NA,NA
2024-2025,132,Winchester City,4362,NA,4362,Northern Virginia,4,51840,division,NA,NA
2024-2025,96,Wise County,5779,NA,5779,Southwest,7,51195,division,NA,NA
2024-2025,97,Wythe County,3735,3,3738,Southwest,7,51197,division,NA,NA
2024-2025,98,York County,13107,118,13225,Tidewater,2,51199,division,NA,NA
2021-2022,NA,NA,184170,71,184241,Central Virginia,1,NA,region,NA,NA
2021-2022,NA,NA,84453,48,84501,Northern Neck,3,NA,region,NA,NA
2021-2022,NA,NA,466259,898,467157,Northern Virginia,4,NA,region,NA,NA
2021-2022,NA,NA,26643,10,26653,Southside,8,NA,region,NA,NA
2021-2022,NA,NA,60538,13,60551,Southwest,7,NA,region,NA,NA
2021-2022,NA,NA,248320,592,248912,Tidewater,2,NA,region,NA,NA
2021-2022,NA,NA,98864,112,98976,Valley,5,NA,region,NA,NA
2021-2022,NA,NA,80951,28,80979,Western Virginia,6,NA,region,NA,NA
2022-2023,NA,NA,187103,57,187160,Central Virginia,1,NA,region,NA,NA
2022-2023,NA,NA,85848,93,85941,Northern Neck,3,NA,region,NA,NA
2022-2023,NA,NA,470596,726,471322,Northern Virginia,4,NA,region,NA,NA
2022-2023,NA,NA,26272,7,26279,Southside,8,NA,region,NA,NA
2022-2023,NA,NA,62100,11,62111,Southwest,7,NA,region,NA,NA
2022-2023,NA,NA,249293,607,249900,Tidewater,2,NA,region,NA,NA
2022-2023,NA,NA,98800,90,98890,Valley,5,NA,region,NA,NA
2022-2023,NA,NA,81685,79,81764,Western Virginia,6,NA,region,NA,NA
2023-2024,NA,NA,186999,55,187054,Central Virginia,1,NA,region,NA,NA
2023-2024,NA,NA,86067,171,86238,Northern Neck,3,NA,region,NA,NA
2023-2024,NA,NA,471496,746,472242,Northern Virginia,4,NA,region,NA,NA
2023-2024,NA,NA,26031,5,26036,Southside,8,NA,region,NA,NA
2023-2024,NA,NA,61805,14,61819,Southwest,7,NA,region,NA,NA
2023-2024,NA,NA,247540,690,248230,Tidewater,2,NA,region,NA,NA
2023-2024,NA,NA,98609,130,98739,Valley,5,NA,region,NA,NA
2023-2024,NA,NA,81580,73,81653,Western Virginia,6,NA,region,NA,NA
2024-2025,NA,NA,187734,65,187799,Central Virginia,1,NA,region,NA,NA
2024-2025,NA,NA,86078,215,86293,Northern Neck,3,NA,region,NA,NA
2024-2025,NA,NA,470482,1669,472151,Northern Virginia,4,NA,region,NA,NA
2024-2025,NA,NA,25879,1,25880,Southside,8,NA,region,NA,NA
2024-2025,NA,NA,62206,42,62248,Southwest,7,NA,region,NA,NA
2024-2025,NA,NA,246641,510,247151,Tidewater,2,NA,region,NA,NA
2024-2025,NA,NA,98800,84,98884,Valley,5,NA,region,NA,NA
2024-2025,NA,NA,80972,9,80981,Western Virginia,6,NA,region,NA,NA
2021-2022,1,Accomack County,408,NA,408,Tidewater,2,51001,school,701,Accawmacke Elementary
2021-2022,1,Accomack County,687,NA,687,Tidewater,2,51001,school,540,Arcadia High
2021-2022,1,Accomack County,547,NA,547,Tidewater,2,51001,school,704,Arcadia Middle
2021-2022,1,Accomack County,226,NA,226,Tidewater,2,51001,school,80,Chincoteague Elementary
2021-2022,1,Accomack County,266,NA,266,Tidewater,2,51001,school,580,Chincoteague High
2021-2022,1,Accomack County,475,NA,475,Tidewater,2,51001,school,600,Kegotank Elementary
2021-2022,1,Accomack County,558,NA,558,Tidewater,2,51001,school,702,Metompkin Elementary
2021-2022,1,Accomack County,651,1,652,Tidewater,2,51001,school,70,Nandua High
2021-2022,1,Accomack County,455,NA,455,Tidewater,2,51001,school,703,Nandua Middle
2021-2022,1,Accomack County,436,NA,436,Tidewater,2,51001,school,590,Pungoteague Elementary
2021-2022,1,Accomack County,42,NA,42,Tidewater,2,51001,school,530,Tangier Combined
2021-2022,2,Albemarle County,456,NA,456,Valley,5,51003,school,160,Agnor-Hurt Elementary
2021-2022,2,Albemarle County,1911,6,1917,Valley,5,51003,school,880,Albemarle High
2021-2022,2,Albemarle County,682,NA,682,Valley,5,51003,school,1053,Baker-Butler Elem
2021-2022,2,Albemarle County,259,NA,259,Valley,5,51003,school,100,Broadus Wood Elementary
2021-2022,2,Albemarle County,756,NA,756,Valley,5,51003,school,941,Brownsville Elementary
2021-2022,2,Albemarle County,194,NA,194,Valley,5,51003,school,890,Community Lab School
2021-2022,2,Albemarle County,325,NA,325,Valley,5,51003,school,340,Crozet Elementary
2021-2022,2,Albemarle County,342,NA,342,Valley,5,51003,school,10,Hollymead Elementary
2021-2022,2,Albemarle County,694,NA,694,Valley,5,51003,school,950,Jack Jouett Middle
2021-2022,2,Albemarle County,598,2,600,Valley,5,51003,school,69,Jackson P. Burley Middle
2021-2022,2,Albemarle County,839,3,842,Valley,5,51003,school,942,Joseph T. Henley Middle
2021-2022,2,Albemarle County,545,3,548,Valley,5,51003,school,1051,Lakeside Middle
2021-2022,2,Albemarle County,329,2,331,Valley,5,51003,school,20,Leslie H. Walton Middle
2021-2022,2,Albemarle County,481,NA,481,Valley,5,51003,school,40,Mary Carr Greer Elementary
2021-2022,2,Albemarle County,321,NA,321,Valley,5,51003,school,250,Meriwether Lewis Elementary
2021-2022,2,Albemarle County,1213,7,1220,Valley,5,51003,school,1052,Monticello High
2021-2022,2,Albemarle County,731,NA,731,Valley,5,51003,school,150,Mountain View Elementary
2021-2022,2,Albemarle County,189,NA,189,Valley,5,51003,school,540,Red Hill Elementary
2021-2022,2,Albemarle County,216,NA,216,Valley,5,51003,school,30,Scottsville Elementary
2021-2022,2,Albemarle County,470,NA,470,Valley,5,51003,school,920,Stone Robinson Elementary
2021-2022,2,Albemarle County,188,NA,188,Valley,5,51003,school,240,Stony Point Elementary
2021-2022,2,Albemarle County,268,NA,268,Valley,5,51003,school,910,Virginia L. Murray Elementary
2021-2022,2,Albemarle County,1152,5,1157,Valley,5,51003,school,140,Western Albemarle High
2021-2022,2,Albemarle County,562,NA,562,Valley,5,51003,school,930,Woodbrook Elementary
2021-2022,101,Alexandria City,4402,NA,4402,Northern Virginia,4,51510,school,210,Alexandria City High
2021-2022,101,Alexandria City,547,3,550,Northern Virginia,4,51510,school,120,Charles Barrett Elementary
2021-2022,101,Alexandria City,278,NA,278,Northern Virginia,4,51510,school,160,Cora Kelly School for Math Science and Technology
2021-2022,101,Alexandria City,562,5,567,Northern Virginia,4,51510,school,110,Douglas Macarthur Elementary
2021-2022,101,Alexandria City,179,NA,179,Northern Virginia,4,51510,school,360,Early Childhood Center
2021-2022,101,Alexandria City,571,2,573,Northern Virginia,4,51510,school,350,Ferdinand T. Day Elementary
2021-2022,101,Alexandria City,1423,1,1424,Northern Virginia,4,51510,school,140,Francis C. Hammond Middle
2021-2022,101,Alexandria City,345,2,347,Northern Virginia,4,51510,school,100,George Mason Elementary
2021-2022,101,Alexandria City,1443,4,1447,Northern Virginia,4,51510,school,130,George Washington Middle
2021-2022,101,Alexandria City,755,2,757,Northern Virginia,4,51510,school,220,James K. Polk Elementary
2021-2022,101,Alexandria City,641,3,644,Northern Virginia,4,51510,school,90,Jefferson-Houston PK-8 School
2021-2022,101,Alexandria City,691,NA,691,Northern Virginia,4,51510,school,230,John Adams Elementary
2021-2022,101,Alexandria City,393,7,400,Northern Virginia,4,51510,school,80,Lyles-Crouch Elementary
2021-2022,101,Alexandria City,885,3,888,Northern Virginia,4,51510,school,30,Mount Vernon Elementary
2021-2022,101,Alexandria City,338,2,340,Northern Virginia,4,51510,school,60,Naomi L. Brooks Elementary
2021-2022,101,Alexandria City,896,NA,896,Northern Virginia,4,51510,school,50,Patrick Henry K-8 School
2021-2022,101,Alexandria City,729,2,731,Northern Virginia,4,51510,school,333,Samuel W. Tucker Elementary
2021-2022,101,Alexandria City,598,NA,598,Northern Virginia,4,51510,school,190,William Ramsay Elementary
2021-2022,3,Alleghany County,582,NA,582,NA,NA,NA,school,310,Alleghany High
2021-2022,3,Alleghany County,257,NA,257,NA,NA,NA,school,110,Callaghan Elementary
2021-2022,3,Alleghany County,411,NA,411,NA,NA,NA,school,1040,Clifton Middle
2021-2022,3,Alleghany County,470,NA,470,NA,NA,NA,school,1041,Mountain View Elementary
2021-2022,3,Alleghany County,191,NA,191,NA,NA,NA,school,90,Sharon Elementary
2021-2022,4,Amelia County,741,NA,741,Southside,8,51007,school,220,Amelia County Elementary
2021-2022,4,Amelia County,493,NA,493,Southside,8,51007,school,10,Amelia County High
2021-2022,4,Amelia County,401,NA,401,Southside,8,51007,school,210,Amelia County Middle
2021-2022,5,Amherst County,434,NA,434,Valley,5,51009,school,780,Amelon Elementary
2021-2022,5,Amherst County,1217,NA,1217,Valley,5,51009,school,750,Amherst County High
2021-2022,5,Amherst County,233,NA,233,Valley,5,51009,school,790,Amherst Elementary
2021-2022,5,Amherst County,378,NA,378,Valley,5,51009,school,670,Amherst Middle
2021-2022,5,Amherst County,332,NA,332,Valley,5,51009,school,770,Central Elementary
2021-2022,5,Amherst County,340,NA,340,Valley,5,51009,school,760,Elon Elementary
2021-2022,5,Amherst County,381,NA,381,Valley,5,51009,school,500,Madison Heights Elementary
2021-2022,5,Amherst County,560,NA,560,Valley,5,51009,school,20,Monelison Middle
2021-2022,5,Amherst County,95,NA,95,Valley,5,51009,school,740,Temperance Elementary
2021-2022,6,Appomattox County,696,NA,696,Southside,8,51011,school,260,Appomattox County High
2021-2022,6,Appomattox County,501,NA,501,Southside,8,51011,school,110,Appomattox Elementary
2021-2022,6,Appomattox County,543,NA,543,Southside,8,51011,school,160,Appomattox Middle
2021-2022,6,Appomattox County,598,NA,598,Southside,8,51011,school,250,Appomattox Primary
2021-2022,7,Arlington County,706,NA,706,Northern Virginia,4,51013,school,350,Abingdon Elementary
2021-2022,7,Arlington County,584,NA,584,Northern Virginia,4,51013,school,160,Alice West Fleet Elementary
2021-2022,7,Arlington County,177,NA,177,Northern Virginia,4,51013,school,618,Arlington Community High
2021-2022,7,Arlington County,456,NA,456,Northern Virginia,4,51013,school,629,Arlington Science Focus School
2021-2022,7,Arlington County,668,NA,668,Northern Virginia,4,51013,school,470,Arlington Traditional
2021-2022,7,Arlington County,540,NA,540,Northern Virginia,4,51013,school,490,Ashlawn Elementary
2021-2022,7,Arlington County,440,NA,440,Northern Virginia,4,51013,school,150,Barcroft Elementary
2021-2022,7,Arlington County,528,NA,528,Northern Virginia,4,51013,school,250,Barrett Elementary
2021-2022,7,Arlington County,426,NA,426,Northern Virginia,4,51013,school,615,Campbell Elementary
2021-2022,7,Arlington County,658,NA,658,Northern Virginia,4,51013,school,380,Cardinal Elementary
2021-2022,7,Arlington County,544,NA,544,Northern Virginia,4,51013,school,90,Carlin Springs Elementary
2021-2022,7,Arlington County,678,NA,678,Northern Virginia,4,51013,school,622,Claremont Immersion
2021-2022,7,Arlington County,513,NA,513,Northern Virginia,4,51013,school,626,Discovery Elementary
2021-2022,7,Arlington County,925,NA,925,Northern Virginia,4,51013,school,628,Dorothy Hamm Middle
2021-2022,7,Arlington County,453,NA,453,Northern Virginia,4,51013,school,200,Dr. Charles R. Drew Elementary
2021-2022,7,Arlington County,625,NA,625,Northern Virginia,4,51013,school,111,Escuela Key Elementary
2021-2022,7,Arlington County,539,NA,539,Northern Virginia,4,51013,school,100,Glebe Elementary
2021-2022,7,Arlington County,1185,NA,1185,Northern Virginia,4,51013,school,611,Gunston Middle
2021-2022,7,Arlington County,566,NA,566,Northern Virginia,4,51013,school,614,Hoffman-Boston Elementary
2021-2022,7,Arlington County,404,NA,404,Northern Virginia,4,51013,school,613,Innovation Elementary
2021-2022,7,Arlington County,31,NA,31,Northern Virginia,4,51013,school,37,Integration Station
2021-2022,7,Arlington County,498,NA,498,Northern Virginia,4,51013,school,440,Jamestown Elementary
2021-2022,7,Arlington County,925,NA,925,Northern Virginia,4,51013,school,180,Jefferson Middle
2021-2022,7,Arlington County,1028,NA,1028,Northern Virginia,4,51013,school,500,Kenmore Middle
2021-2022,7,Arlington County,404,NA,404,Northern Virginia,4,51013,school,460,Long Branch Elementary
2021-2022,7,Arlington County,497,NA,497,Northern Virginia,4,51013,school,627,Montessori Public School of Arlington
2021-2022,7,Arlington County,406,NA,406,Northern Virginia,4,51013,school,410,Nottingham Elementary
2021-2022,7,Arlington County,620,NA,620,Northern Virginia,4,51013,school,360,Oakridge Elementary
2021-2022,7,Arlington County,424,NA,424,Northern Virginia,4,51013,school,510,Randolph Elementary
2021-2022,7,Arlington County,962,NA,962,Northern Virginia,4,51013,school,240,Swanson Middle
2021-2022,7,Arlington County,513,NA,513,Northern Virginia,4,51013,school,420,Taylor Elementary
2021-2022,7,Arlington County,431,NA,431,Northern Virginia,4,51013,school,211,Tuckahoe Elementary
2021-2022,7,Arlington County,2766,1,2767,Northern Virginia,4,51013,school,450,Wakefield High
2021-2022,7,Arlington County,2550,1,2551,Northern Virginia,4,51013,school,80,Washington-Liberty High
2021-2022,7,Arlington County,840,NA,840,Northern Virginia,4,51013,school,480,Williamsburg Middle
2021-2022,7,Arlington County,2532,1,2533,Northern Virginia,4,51013,school,330,Yorktown High
2021-2022,8,Augusta County,616,NA,616,Valley,5,51015,school,212,Beverley Manor Middle
2021-2022,8,Augusta County,452,NA,452,Valley,5,51015,school,660,Buffalo Gap High
2021-2022,8,Augusta County,671,NA,671,Valley,5,51015,school,30,Cassell Elementary
2021-2022,8,Augusta County,399,NA,399,Valley,5,51015,school,140,Churchville Elementary
2021-2022,8,Augusta County,134,NA,134,Valley,5,51015,school,370,Craigsville Elementary
2021-2022,8,Augusta County,729,NA,729,Valley,5,51015,school,842,Edward G. Clymore Elementary
2021-2022,8,Augusta County,725,1,726,Valley,5,51015,school,670,Fort Defiance High
2021-2022,8,Augusta County,429,NA,429,Valley,5,51015,school,843,Guy K. Stump Elementary
2021-2022,8,Augusta County,238,NA,238,Valley,5,51015,school,40,North River Elementary
2021-2022,8,Augusta County,699,NA,699,Valley,5,51015,school,740,Riverheads Elementary
2021-2022,8,Augusta County,477,NA,477,Valley,5,51015,school,680,Riverheads High
2021-2022,8,Augusta County,510,NA,510,Valley,5,51015,school,90,S. Gordon Stewart Middle
2021-2022,8,Augusta County,558,NA,558,Valley,5,51015,school,440,Stuarts Draft Elementary
2021-2022,8,Augusta County,711,NA,711,Valley,5,51015,school,730,Stuarts Draft High
2021-2022,8,Augusta County,464,NA,464,Valley,5,51015,school,60,Stuarts Draft Middle
2021-2022,8,Augusta County,661,NA,661,Valley,5,51015,school,640,Wilson Elementary
2021-2022,8,Augusta County,822,1,823,Valley,5,51015,school,720,Wilson Memorial High
2021-2022,8,Augusta County,634,NA,634,Valley,5,51015,school,844,Wilson Middle
2021-2022,9,Bath County,188,NA,188,Valley,5,51017,school,140,Bath County High
2021-2022,9,Bath County,141,NA,141,Valley,5,51017,school,120,Millboro Elementary
2021-2022,9,Bath County,173,NA,173,Valley,5,51017,school,150,Valley Elementary
2021-2022,10,Bedford County,423,NA,423,Valley,5,51019,school,480,Bedford Elementary
2021-2022,10,Bedford County,275,NA,275,Valley,5,51019,school,1200,Bedford Primary
2021-2022,10,Bedford County,146,NA,146,Valley,5,51019,school,30,Big Island Elementary
2021-2022,10,Bedford County,340,NA,340,Valley,5,51019,school,160,Boonsboro Elementary
2021-2022,10,Bedford County,351,NA,351,Valley,5,51019,school,500,Forest Elementary
2021-2022,10,Bedford County,881,NA,881,Valley,5,51019,school,1211,Forest Middle
2021-2022,10,Bedford County,483,NA,483,Valley,5,51019,school,1214,Goodview Elementary
2021-2022,10,Bedford County,217,NA,217,Valley,5,51019,school,980,Huddleston Elementary
2021-2022,10,Bedford County,1283,NA,1283,Valley,5,51019,school,1212,Jefferson Forest High
2021-2022,10,Bedford County,713,NA,713,Valley,5,51019,school,1180,Liberty High
2021-2022,10,Bedford County,541,1,542,Valley,5,51019,school,490,Liberty Middle
2021-2022,10,Bedford County,216,NA,216,Valley,5,51019,school,970,Moneta Elementary
2021-2022,10,Bedford County,245,NA,245,Valley,5,51019,school,180,Montvale Elementary
2021-2022,10,Bedford County,318,NA,318,Valley,5,51019,school,610,New London Academy Elementary
2021-2022,10,Bedford County,190,NA,190,Valley,5,51019,school,1170,Otter River Elementary
2021-2022,10,Bedford County,919,NA,919,Valley,5,51019,school,1190,Staunton River High
2021-2022,10,Bedford County,597,NA,597,Valley,5,51019,school,1191,Staunton River Middle
2021-2022,10,Bedford County,340,NA,340,Valley,5,51019,school,640,Stewartsville Elementary
2021-2022,10,Bedford County,530,NA,530,Valley,5,51019,school,1213,Thomas Jefferson Elementary
2021-2022,11,Bland County,347,NA,347,Southwest,7,51021,school,250,Bland County Elementary
2021-2022,11,Bland County,372,NA,372,Southwest,7,51021,school,260,Bland County High
2021-2022,12,Botetourt County,174,NA,174,Western Virginia,6,51023,school,220,Breckinridge Elementary
2021-2022,12,Botetourt County,300,NA,300,Western Virginia,6,51023,school,20,Buchanan Elementary
2021-2022,12,Botetourt County,357,NA,357,Western Virginia,6,51023,school,420,Central Academy Middle
2021-2022,12,Botetourt County,259,NA,259,Western Virginia,6,51023,school,390,Cloverdale Elementary
2021-2022,12,Botetourt County,440,NA,440,Western Virginia,6,51023,school,400,Colonial Elementary
2021-2022,12,Botetourt County,128,NA,128,Western Virginia,6,51023,school,30,Eagle Rock Elementary
2021-2022,12,Botetourt County,432,NA,432,Western Virginia,6,51023,school,460,Greenfield Elementary
2021-2022,12,Botetourt County,476,NA,476,Western Virginia,6,51023,school,430,James River High
2021-2022,12,Botetourt County,1009,NA,1009,Western Virginia,6,51023,school,440,Lord Botetourt High
2021-2022,12,Botetourt County,638,NA,638,Western Virginia,6,51023,school,450,Read Mountain Middle
2021-2022,12,Botetourt County,259,NA,259,Western Virginia,6,51023,school,40,Troutville Elementary
2021-2022,102,Bristol City,181,NA,181,Southwest,7,51520,school,60,Highland View Elementary
2021-2022,102,Bristol City,421,NA,421,Southwest,7,51520,school,100,Joseph Van Pelt Elementary
2021-2022,102,Bristol City,240,NA,240,Southwest,7,51520,school,70,Stonewall Jackson Elementary
2021-2022,102,Bristol City,639,NA,639,Southwest,7,51520,school,80,Virginia High
2021-2022,102,Bristol City,486,NA,486,Southwest,7,51520,school,10,Virginia Middle
2021-2022,102,Bristol City,233,NA,233,Southwest,7,51520,school,90,Washington-Lee Elementary
2021-2022,13,Brunswick County,439,NA,439,Southside,8,51025,school,650,Brunswick High
2021-2022,13,Brunswick County,326,NA,326,Southside,8,51025,school,660,James S. Russell Middle
2021-2022,13,Brunswick County,178,NA,178,Southside,8,51025,school,690,Meherrin Powellton Elementary
2021-2022,13,Brunswick County,181,NA,181,Southside,8,51025,school,700,Red Oak-Sturgeon Elementary
2021-2022,13,Brunswick County,295,NA,295,Southside,8,51025,school,720,Totaro Elementary
2021-2022,14,Buchanan County,177,NA,177,Southwest,7,51027,school,90,Council Elementary/Middle
2021-2022,14,Buchanan County,125,NA,125,Southwest,7,51027,school,1000,Council High
2021-2022,14,Buchanan County,355,NA,355,Southwest,7,51027,school,990,Grundy High
2021-2022,14,Buchanan County,365,NA,365,Southwest,7,51027,school,120,Hurley Elementary/Middle
2021-2022,14,Buchanan County,203,NA,203,Southwest,7,51027,school,1020,Hurley High
2021-2022,14,Buchanan County,726,NA,726,Southwest,7,51027,school,1040,Riverview Elementary/Middle
2021-2022,14,Buchanan County,278,NA,278,Southwest,7,51027,school,1041,Twin Valley Elementary/Middle
2021-2022,14,Buchanan County,198,NA,198,Southwest,7,51027,school,1042,Twin Valley High
2021-2022,15,Buckingham County,412,NA,412,Southside,8,51029,school,724,Buckingham Co Elementary
2021-2022,15,Buckingham County,88,NA,88,Southside,8,51029,school,20,Buckingham Co Prekindergarten Center
2021-2022,15,Buckingham County,333,NA,333,Southside,8,51029,school,723,Buckingham Co Primary
2021-2022,15,Buckingham County,596,NA,596,Southside,8,51029,school,700,Buckingham County High
2021-2022,15,Buckingham County,504,NA,504,Southside,8,51029,school,721,Buckingham County Middle
2021-2022,103,Buena Vista City,185,NA,185,Valley,5,51530,school,40,Enderly Heights Elementary
2021-2022,103,Buena Vista City,233,NA,233,Valley,5,51530,school,70,F.W. Kling Jr. Elementary
2021-2022,103,Buena Vista City,345,NA,345,Valley,5,51530,school,62,Parry McCluer High
2021-2022,103,Buena Vista City,124,NA,124,Valley,5,51530,school,61,Parry McCluer Middle
2021-2022,16,Campbell County,490,NA,490,Valley,5,51031,school,560,Altavista Elementary
2021-2022,16,Campbell County,702,NA,702,Valley,5,51031,school,200,Altavista High
2021-2022,16,Campbell County,411,NA,411,Valley,5,51031,school,650,Brookneal Elementary
2021-2022,16,Campbell County,1000,NA,1000,Valley,5,51031,school,720,Brookville High
2021-2022,16,Campbell County,734,NA,734,Valley,5,51031,school,20,Brookville Middle
2021-2022,16,Campbell County,411,NA,411,Valley,5,51031,school,130,Concord Elementary
2021-2022,16,Campbell County,598,NA,598,Valley,5,51031,school,690,Leesville Road Elementary
2021-2022,16,Campbell County,438,NA,438,Valley,5,51031,school,821,Rustburg Elementary
2021-2022,16,Campbell County,805,NA,805,Valley,5,51031,school,222,Rustburg High
2021-2022,16,Campbell County,605,NA,605,Valley,5,51031,school,211,Rustburg Middle
2021-2022,16,Campbell County,692,NA,692,Valley,5,51031,school,60,Tomahawk Elementary
2021-2022,16,Campbell County,407,NA,407,Valley,5,51031,school,542,William Campbell High
2021-2022,16,Campbell County,561,NA,561,Valley,5,51031,school,710,Yellow Branch Elementary
2021-2022,17,Caroline County,736,NA,736,Northern Neck,3,51033,school,620,Bowling Green Elementary
2021-2022,17,Caroline County,1218,NA,1218,Northern Neck,3,51033,school,460,Caroline High
2021-2022,17,Caroline County,972,NA,972,Northern Neck,3,51033,school,450,Caroline Middle
2021-2022,17,Caroline County,871,NA,871,Northern Neck,3,51033,school,9020,Lewis and Clark Elementary
2021-2022,17,Caroline County,441,NA,441,Northern Neck,3,51033,school,630,Madison Elementary
2021-2022,18,Carroll County,1050,2,1052,Southwest,7,51035,school,1230,Carroll County High
2021-2022,18,Carroll County,766,NA,766,Southwest,7,51035,school,450,Carroll County Middle
2021-2022,18,Carroll County,143,NA,143,Southwest,7,51035,school,1180,Fancy Gap Elementary
2021-2022,18,Carroll County,102,NA,102,Southwest,7,51035,school,1150,Gladesboro Elementary
2021-2022,18,Carroll County,249,NA,249,Southwest,7,51035,school,1210,Gladeville Elementary
2021-2022,18,Carroll County,474,NA,474,Southwest,7,51035,school,1170,Hillsville Elementary
2021-2022,18,Carroll County,218,NA,218,Southwest,7,51035,school,1160,Laurel Elementary
2021-2022,18,Carroll County,197,NA,197,Southwest,7,51035,school,1130,Oakland Elementary
2021-2022,18,Carroll County,318,NA,318,Southwest,7,51035,school,1110,St. Paul
2021-2022,19,Charles City County,292,NA,292,Central Virginia,1,51036,school,80,Charles City County Elementary
2021-2022,19,Charles City County,236,NA,236,Central Virginia,1,51036,school,100,Charles City County High
2021-2022,20,Charlotte County,160,NA,160,Southside,8,51037,school,470,Bacon District Elementary
2021-2022,20,Charlotte County,379,NA,379,Southside,8,51037,school,210,Central Middle
2021-2022,20,Charlotte County,441,NA,441,Southside,8,51037,school,100,Eureka Elementary
2021-2022,20,Charlotte County,214,NA,214,Southside,8,51037,school,450,Phenix Elementary
2021-2022,20,Charlotte County,508,NA,508,Southside,8,51037,school,460,Randolph-Henry High
2021-2022,104,Charlottesville City,599,NA,599,Valley,5,51540,school,100,Buford Middle
2021-2022,104,Charlottesville City,322,NA,322,Valley,5,51540,school,70,Burnley-Moran Elementary
2021-2022,104,Charlottesville City,1231,2,1233,Valley,5,51540,school,140,Charlottesville High
2021-2022,104,Charlottesville City,324,NA,324,Valley,5,51540,school,50,Clark Elementary
2021-2022,104,Charlottesville City,282,NA,282,Valley,5,51540,school,90,Greenbrier Elementary
2021-2022,104,Charlottesville City,325,NA,325,Valley,5,51540,school,120,Jackson-Via Elementary
2021-2022,104,Charlottesville City,299,NA,299,Valley,5,51540,school,10,Johnson Elementary
2021-2022,104,Charlottesville City,283,NA,283,Valley,5,51540,school,40,Venable Elementary
2021-2022,104,Charlottesville City,623,NA,623,Valley,5,51540,school,110,Walker Upper Elementary
2021-2022,136,Chesapeake City,868,NA,868,Tidewater,2,51550,school,630,B.M. Williams Primary
2021-2022,136,Chesapeake City,617,NA,617,Tidewater,2,51550,school,860,Butts Road Intermediate
2021-2022,136,Chesapeake City,554,NA,554,Tidewater,2,51550,school,770,Butts Road Primary
2021-2022,136,Chesapeake City,483,NA,483,Tidewater,2,51550,school,90,Camelot Elementary
2021-2022,136,Chesapeake City,823,NA,823,Tidewater,2,51550,school,900,Cedar Road Elementary
2021-2022,136,Chesapeake City,701,NA,701,Tidewater,2,51550,school,700,Crestwood Intermediate
2021-2022,136,Chesapeake City,551,NA,551,Tidewater,2,51550,school,560,Crestwood Middle
2021-2022,136,Chesapeake City,843,NA,843,Tidewater,2,51550,school,660,Deep Creek Central Elementary
2021-2022,136,Chesapeake City,770,NA,770,Tidewater,2,51550,school,210,Deep Creek Elementary
2021-2022,136,Chesapeake City,1638,NA,1638,Tidewater,2,51550,school,100,Deep Creek High
2021-2022,136,Chesapeake City,802,NA,802,Tidewater,2,51550,school,610,Deep Creek Middle
2021-2022,136,Chesapeake City,759,NA,759,Tidewater,2,51550,school,640,Edwin W. Chittum Elementary
2021-2022,136,Chesapeake City,443,NA,443,Tidewater,2,51550,school,720,G.A. Treakle Elementary
2021-2022,136,Chesapeake City,511,NA,511,Tidewater,2,51550,school,50,George W. Carver Intermediate
2021-2022,136,Chesapeake City,711,NA,711,Tidewater,2,51550,school,820,Georgetown Primary
2021-2022,136,Chesapeake City,1283,NA,1283,Tidewater,2,51550,school,950,Grassfield Elementary
2021-2022,136,Chesapeake City,2294,NA,2294,Tidewater,2,51550,school,960,Grassfield High
2021-2022,136,Chesapeake City,1640,NA,1640,Tidewater,2,51550,school,120,Great Bridge High
2021-2022,136,Chesapeake City,681,NA,681,Tidewater,2,51550,school,850,Great Bridge Intermediate
2021-2022,136,Chesapeake City,1206,NA,1206,Tidewater,2,51550,school,590,Great Bridge Middle
2021-2022,136,Chesapeake City,664,NA,664,Tidewater,2,51550,school,680,Great Bridge Primary
2021-2022,136,Chesapeake City,622,NA,622,Tidewater,2,51550,school,870,Greenbrier Intermediate
2021-2022,136,Chesapeake City,846,NA,846,Tidewater,2,51550,school,972,Greenbrier Middle
2021-2022,136,Chesapeake City,676,NA,676,Tidewater,2,51550,school,140,Greenbrier Primary
2021-2022,136,Chesapeake City,563,NA,563,Tidewater,2,51550,school,340,Hickory Elementary
2021-2022,136,Chesapeake City,1614,NA,1614,Tidewater,2,51550,school,890,Hickory High
2021-2022,136,Chesapeake City,1333,NA,1333,Tidewater,2,51550,school,280,Hickory Middle
2021-2022,136,Chesapeake City,1319,NA,1319,Tidewater,2,51550,school,920,Hugo A. Owens Middle
2021-2022,136,Chesapeake City,1695,NA,1695,Tidewater,2,51550,school,830,Indian River High
2021-2022,136,Chesapeake City,743,NA,743,Tidewater,2,51550,school,710,Indian River Middle
2021-2022,136,Chesapeake City,698,NA,698,Tidewater,2,51550,school,973,Jolliff Middle
2021-2022,136,Chesapeake City,273,NA,273,Tidewater,2,51550,school,160,Norfolk Highlands Primary
2021-2022,136,Chesapeake City,2268,NA,2268,Tidewater,2,51550,school,80,Oscar F. Smith High
2021-2022,136,Chesapeake City,1028,NA,1028,Tidewater,2,51550,school,10,Oscar Smith Middle
2021-2022,136,Chesapeake City,583,NA,583,Tidewater,2,51550,school,730,Portlock Primary
2021-2022,136,Chesapeake City,293,NA,293,Tidewater,2,51550,school,200,Rena B. Wright Primary
2021-2022,136,Chesapeake City,828,NA,828,Tidewater,2,51550,school,620,Southeastern Elementary
2021-2022,136,Chesapeake City,548,NA,548,Tidewater,2,51550,school,600,Southwestern Elementary
2021-2022,136,Chesapeake City,479,NA,479,Tidewater,2,51550,school,750,Sparrow Road Intermediate
2021-2022,136,Chesapeake City,430,NA,430,Tidewater,2,51550,school,40,Thurgood Marshall Elementary
2021-2022,136,Chesapeake City,263,NA,263,Tidewater,2,51550,school,971,Truitt Intermediate
2021-2022,136,Chesapeake City,2134,NA,2134,Tidewater,2,51550,school,840,Western Branch High
2021-2022,136,Chesapeake City,741,NA,741,Tidewater,2,51550,school,810,Western Branch Intermediate
2021-2022,136,Chesapeake City,910,NA,910,Tidewater,2,51550,school,740,Western Branch Middle
2021-2022,136,Chesapeake City,749,NA,749,Tidewater,2,51550,school,110,Western Branch Primary
2021-2022,21,Chesterfield County,712,NA,712,Central Virginia,1,51041,school,620,A.M. Davis Elementary
2021-2022,21,Chesterfield County,627,NA,627,Central Virginia,1,51041,school,861,Alberta Smith Elementary
2021-2022,21,Chesterfield County,1567,2,1569,Central Virginia,1,51041,school,631,Bailey Bridge Middle
2021-2022,21,Chesterfield County,489,NA,489,Central Virginia,1,51041,school,660,Bellwood Elementary
2021-2022,21,Chesterfield County,613,NA,613,Central Virginia,1,51041,school,430,Bensley Elementary
2021-2022,21,Chesterfield County,582,NA,582,Central Virginia,1,51041,school,510,Bettie Weaver Elementary
2021-2022,21,Chesterfield County,967,NA,967,Central Virginia,1,51041,school,130,Beulah Elementary
2021-2022,21,Chesterfield County,591,NA,591,Central Virginia,1,51041,school,20,Bon Air Elementary
2021-2022,21,Chesterfield County,642,NA,642,Central Virginia,1,51041,school,50,C.C. Wells Elementary
2021-2022,21,Chesterfield County,674,NA,674,Central Virginia,1,51041,school,492,C.E. Curtis Elementary
2021-2022,21,Chesterfield County,210,NA,210,Central Virginia,1,51041,school,30,Carver College and Career Academy
2021-2022,21,Chesterfield County,1075,2,1077,Central Virginia,1,51041,school,420,Carver Middle
2021-2022,21,Chesterfield County,345,NA,345,Central Virginia,1,51041,school,33,Chester Early Childhood Learning Academy
2021-2022,21,Chesterfield County,784,NA,784,Central Virginia,1,51041,school,150,Clover Hill Elementary
2021-2022,21,Chesterfield County,1792,4,1796,Central Virginia,1,51041,school,740,Clover Hill High
2021-2022,21,Chesterfield County,2330,1,2331,Central Virginia,1,51041,school,840,Cosby High
2021-2022,21,Chesterfield County,588,NA,588,Central Virginia,1,51041,school,560,Crestwood Elementary
2021-2022,21,Chesterfield County,740,NA,740,Central Virginia,1,51041,school,480,Ecoff Elementary
2021-2022,21,Chesterfield County,1275,3,1278,Central Virginia,1,51041,school,870,Elizabeth Davis Middle
2021-2022,21,Chesterfield County,786,NA,786,Central Virginia,1,51041,school,850,Elizabeth Scott Elementary
2021-2022,21,Chesterfield County,751,NA,751,Central Virginia,1,51041,school,390,Enon Elementary
2021-2022,21,Chesterfield County,490,NA,490,Central Virginia,1,51041,school,350,Ettrick Elementary
2021-2022,21,Chesterfield County,864,NA,864,Central Virginia,1,51041,school,300,Evergreen Elementary
2021-2022,21,Chesterfield County,793,NA,793,Central Virginia,1,51041,school,590,Falling Creek Elementary
2021-2022,21,Chesterfield County,1469,NA,1469,Central Virginia,1,51041,school,670,Falling Creek Middle
2021-2022,21,Chesterfield County,886,NA,886,Central Virginia,1,51041,school,180,Grange Hall Elementary
2021-2022,21,Chesterfield County,492,NA,492,Central Virginia,1,51041,school,70,Greenfield Elementary
2021-2022,21,Chesterfield County,457,NA,457,Central Virginia,1,51041,school,460,Harrowgate Elementary
2021-2022,21,Chesterfield County,743,NA,743,Central Virginia,1,51041,school,60,Hopkins Road Elementary
2021-2022,21,Chesterfield County,814,NA,814,Central Virginia,1,51041,school,550,J.A. Chalkley Elementary
2021-2022,21,Chesterfield County,791,NA,791,Central Virginia,1,51041,school,650,J.B. Watkins Elementary
2021-2022,21,Chesterfield County,817,NA,817,Central Virginia,1,51041,school,500,J.G. Hening Elementary
2021-2022,21,Chesterfield County,695,NA,695,Central Virginia,1,51041,school,400,Jacobs Road Elementary
2021-2022,21,Chesterfield County,1915,5,1920,Central Virginia,1,51041,school,770,James River High
2021-2022,21,Chesterfield County,1820,NA,1820,Central Virginia,1,51041,school,10,Lloyd C. Bird High
2021-2022,21,Chesterfield County,2206,8,2214,Central Virginia,1,51041,school,632,Manchester High
2021-2022,21,Chesterfield County,1126,NA,1126,Central Virginia,1,51041,school,600,Manchester Middle
2021-2022,21,Chesterfield County,652,NA,652,Central Virginia,1,51041,school,780,Marguerite F. Christian Elementary
2021-2022,21,Chesterfield County,575,NA,575,Central Virginia,1,51041,school,370,Matoaca Elementary
2021-2022,21,Chesterfield County,1650,2,1652,Central Virginia,1,51041,school,530,Matoaca High
2021-2022,21,Chesterfield County,918,1,919,Central Virginia,1,51041,school,110,Matoaca Middle
2021-2022,21,Chesterfield County,2091,1,2092,Central Virginia,1,51041,school,580,Meadowbrook High
2021-2022,21,Chesterfield County,1990,4,1994,Central Virginia,1,51041,school,320,Midlothian High
2021-2022,21,Chesterfield County,1353,NA,1353,Central Virginia,1,51041,school,40,Midlothian Middle
2021-2022,21,Chesterfield County,1608,4,1612,Central Virginia,1,51041,school,280,Monacan High
2021-2022,21,Chesterfield County,555,NA,555,Central Virginia,1,51041,school,360,O.B. Gates Elementary
2021-2022,21,Chesterfield County,906,NA,906,Central Virginia,1,51041,school,90,Old Hundred Elementary
2021-2022,21,Chesterfield County,626,NA,626,Central Virginia,1,51041,school,380,Providence Elementary
2021-2022,21,Chesterfield County,1048,NA,1048,Central Virginia,1,51041,school,690,Providence Middle
2021-2022,21,Chesterfield County,560,NA,560,Central Virginia,1,51041,school,700,Reams Road Elementary
2021-2022,21,Chesterfield County,663,NA,663,Central Virginia,1,51041,school,730,Robious Elementary
2021-2022,21,Chesterfield County,1151,2,1153,Central Virginia,1,51041,school,760,Robious Middle
2021-2022,21,Chesterfield County,518,NA,518,Central Virginia,1,51041,school,720,Salem Church Elementary
2021-2022,21,Chesterfield County,891,NA,891,Central Virginia,1,51041,school,722,Salem Church Middle
2021-2022,21,Chesterfield County,876,NA,876,Central Virginia,1,51041,school,800,Spring Run Elementary
2021-2022,21,Chesterfield County,620,1,621,Central Virginia,1,51041,school,340,Swift Creek Elementary
2021-2022,21,Chesterfield County,1108,NA,1108,Central Virginia,1,51041,school,270,Swift Creek Middle
2021-2022,21,Chesterfield County,673,NA,673,Central Virginia,1,51041,school,410,Thelma Crenshaw Elementary
2021-2022,21,Chesterfield County,2561,12,2573,Central Virginia,1,51041,school,610,Thomas Dale High
2021-2022,21,Chesterfield County,1628,NA,1628,Central Virginia,1,51041,school,880,Tomahawk Creek Middle
2021-2022,21,Chesterfield County,581,NA,581,Central Virginia,1,51041,school,290,W.W. Gordon Elementary
2021-2022,21,Chesterfield County,1307,2,1309,Central Virginia,1,51041,school,860,Winterpock Elementary
2021-2022,21,Chesterfield County,818,1,819,Central Virginia,1,51041,school,440,Woolridge Elementary
2021-2022,22,Clarke County,307,NA,307,Northern Virginia,4,51043,school,250,Boyce Elementary
2021-2022,22,Clarke County,680,NA,680,Northern Virginia,4,51043,school,10,Clarke County High
2021-2022,22,Clarke County,431,NA,431,Northern Virginia,4,51043,school,290,D.G. Cooley Elementary
2021-2022,22,Clarke County,415,2,417,Northern Virginia,4,51043,school,280,Johnson-Williams Middle
2021-2022,202,Colonial Beach,390,NA,390,NA,NA,NA,school,22,Colonial Beach Elementary
2021-2022,202,Colonial Beach,235,NA,235,NA,NA,NA,school,21,Colonial Beach High
2021-2022,106,Colonial Heights City,834,NA,834,Central Virginia,1,51570,school,40,Colonial Heights High
2021-2022,106,Colonial Heights City,654,NA,654,Central Virginia,1,51570,school,20,Colonial Heights Middle
2021-2022,106,Colonial Heights City,391,NA,391,Central Virginia,1,51570,school,50,Lakeview Elementary
2021-2022,106,Colonial Heights City,319,NA,319,Central Virginia,1,51570,school,30,North Elementary
2021-2022,106,Colonial Heights City,588,NA,588,Central Virginia,1,51570,school,60,Tussing Elementary
2021-2022,107,Covington City,347,2,349,Valley,5,51580,school,350,Covington High
2021-2022,107,Covington City,315,NA,315,Valley,5,51580,school,260,Edgemont Primary
2021-2022,107,Covington City,301,1,302,Valley,5,51580,school,360,Jeter-Watson Intermediate
2021-2022,23,Craig County,300,NA,300,Western Virginia,6,51045,school,11,Craig County High
2021-2022,23,Craig County,213,NA,213,Western Virginia,6,51045,school,10,McCleary Elementary
2021-2022,24,Culpeper County,542,NA,542,Northern Virginia,4,51047,school,240,A.G. Richardson Elementary
2021-2022,24,Culpeper County,1202,NA,1202,Northern Virginia,4,51047,school,480,Culpeper County High
2021-2022,24,Culpeper County,1100,NA,1100,Northern Virginia,4,51047,school,20,Culpeper Middle
2021-2022,24,Culpeper County,1559,NA,1559,Northern Virginia,4,51047,school,50,Eastern View High
2021-2022,24,Culpeper County,687,NA,687,Northern Virginia,4,51047,school,450,Emerald Hill Elementary
2021-2022,24,Culpeper County,491,NA,491,Northern Virginia,4,51047,school,470,Farmington Elementary
2021-2022,24,Culpeper County,836,NA,836,Northern Virginia,4,51047,school,581,Floyd T. Binns Middle
2021-2022,24,Culpeper County,3,NA,3,Northern Virginia,4,51047,school,582,Galbreath-Marshall Building
2021-2022,24,Culpeper County,599,NA,599,Northern Virginia,4,51047,school,10,Pearl Sample Elementary
2021-2022,24,Culpeper County,696,NA,696,Northern Virginia,4,51047,school,460,Sycamore Park Elementary
2021-2022,24,Culpeper County,651,NA,651,Northern Virginia,4,51047,school,40,Yowell Elementary
2021-2022,25,Cumberland County,492,NA,492,Southside,8,51049,school,140,Cumberland Elementary
2021-2022,25,Cumberland County,371,NA,371,Southside,8,51049,school,151,Cumberland High
2021-2022,25,Cumberland County,345,NA,345,Southside,8,51049,school,152,Cumberland Middle
2021-2022,108,Danville City,534,NA,534,Western Virginia,6,51590,school,490,Edwin A. Gibson Elementary
2021-2022,108,Danville City,225,NA,225,Western Virginia,6,51590,school,20,Forest Hills Elementary
2021-2022,108,Danville City,516,NA,516,Western Virginia,6,51590,school,190,G.L.H. Johnson Elementary
2021-2022,108,Danville City,251,NA,251,Western Virginia,6,51590,school,1374,Galileo Magnet High
2021-2022,108,Danville City,1375,NA,1375,Western Virginia,6,51590,school,210,George Washington High
2021-2022,108,Danville City,119,NA,119,Western Virginia,6,51590,school,200,Grove Park Preschool
2021-2022,108,Danville City,726,NA,726,Western Virginia,6,51590,school,260,O. Trent Bonner Middle
2021-2022,108,Danville City,394,NA,394,Western Virginia,6,51590,school,250,Park Avenue Elementary
2021-2022,108,Danville City,504,NA,504,Western Virginia,6,51590,school,40,Schoolfield Elementary
2021-2022,108,Danville City,134,NA,134,Western Virginia,6,51590,school,30,The Northside Preschool
2021-2022,108,Danville City,561,NA,561,Western Virginia,6,51590,school,1372,Westwood Middle
2021-2022,108,Danville City,397,NA,397,Western Virginia,6,51590,school,220,Woodberry Hills Elementary
2021-2022,26,Dickenson County,423,NA,423,Southwest,7,51051,school,20,Clintwood Elementary
2021-2022,26,Dickenson County,143,NA,143,Southwest,7,51051,school,530,Ervinton Elementary
2021-2022,26,Dickenson County,602,NA,602,Southwest,7,51051,school,275,Ridgeview High
2021-2022,26,Dickenson County,423,NA,423,Southwest,7,51051,school,280,Ridgeview Middle
2021-2022,26,Dickenson County,374,NA,374,Southwest,7,51051,school,860,Sandlick Elementary
2021-2022,27,Dinwiddie County,1297,NA,1297,Central Virginia,1,51053,school,500,Dinwiddie County High
2021-2022,27,Dinwiddie County,935,NA,935,Central Virginia,1,51053,school,471,Dinwiddie County Middle
2021-2022,27,Dinwiddie County,342,NA,342,Central Virginia,1,51053,school,310,Dinwiddie Elementary
2021-2022,27,Dinwiddie County,358,NA,358,Central Virginia,1,51053,school,250,Midway Elementary
2021-2022,27,Dinwiddie County,455,NA,455,Central Virginia,1,51053,school,10,Southside Elementary
2021-2022,27,Dinwiddie County,263,NA,263,Central Virginia,1,51053,school,180,Sunnyside Elementary
2021-2022,27,Dinwiddie County,539,NA,539,Central Virginia,1,51053,school,520,Sutherland Elementary
2021-2022,28,Essex County,508,NA,508,Northern Neck,3,51057,school,10,Essex High
2021-2022,28,Essex County,365,NA,365,Northern Neck,3,51057,school,150,James H. Cary Intermediate
2021-2022,28,Essex County,520,NA,520,Northern Neck,3,51057,school,160,Tappahannock Elementary
2021-2022,29,Fairfax County,503,NA,503,Northern Virginia,4,51059,school,2203,Aldrin Elementary
2021-2022,29,Fairfax County,2253,1,2254,Northern Virginia,4,51059,school,660,Annandale High
2021-2022,29,Fairfax County,647,NA,647,Northern Virginia,4,51059,school,1360,Annandale Terrace Elementary
2021-2022,29,Fairfax County,510,NA,510,Northern Virginia,4,51059,school,110,Archer Elementary
2021-2022,29,Fairfax County,356,NA,356,Northern Virginia,4,51059,school,1530,Armstrong Elementary
2021-2022,29,Fairfax County,796,NA,796,Northern Virginia,4,51059,school,550,Bailey's Elementary School for the Arts and Sciences
2021-2022,29,Fairfax County,519,NA,519,Northern Virginia,4,51059,school,2459,Bailey's Upper Elementary School for the Arts and Sciences
2021-2022,29,Fairfax County,365,NA,365,Northern Virginia,4,51059,school,1730,Beech Tree Elementary
2021-2022,29,Fairfax County,414,NA,414,Northern Virginia,4,51059,school,560,Belle View Elementary
2021-2022,29,Fairfax County,554,NA,554,Northern Virginia,4,51059,school,720,Belvedere Elementary
2021-2022,29,Fairfax County,794,NA,794,Northern Virginia,4,51059,school,2000,Bonnie Brae Elementary
2021-2022,29,Fairfax County,857,NA,857,Northern Virginia,4,51059,school,1090,Braddock Elementary
2021-2022,29,Fairfax County,449,NA,449,Northern Virginia,4,51059,school,940,Bren Mar Park Elementary
2021-2022,29,Fairfax County,740,NA,740,Northern Virginia,4,51059,school,1790,Brookfield Elementary
2021-2022,29,Fairfax County,140,NA,140,Northern Virginia,4,51059,school,2201,Bryant High
2021-2022,29,Fairfax County,261,NA,261,Northern Virginia,4,51059,school,700,Bucknell Elementary
2021-2022,29,Fairfax County,171,NA,171,Northern Virginia,4,51059,school,2251,Bull Run Early Childhood Resource Center
2021-2022,29,Fairfax County,718,NA,718,Northern Virginia,4,51059,school,2225,Bull Run Elementary
2021-2022,29,Fairfax County,638,NA,638,Northern Virginia,4,51059,school,680,Bush Hill Elementary
2021-2022,29,Fairfax County,588,NA,588,Northern Virginia,4,51059,school,1940,Camelot Elementary
2021-2022,29,Fairfax County,492,NA,492,Northern Virginia,4,51059,school,620,Cameron Elementary
2021-2022,29,Fairfax County,783,NA,783,Northern Virginia,4,51059,school,1590,Canterbury Woods Elementary
2021-2022,29,Fairfax County,587,NA,587,Northern Virginia,4,51059,school,1690,Cardinal Forest Elementary
2021-2022,29,Fairfax County,1448,1,1449,Northern Virginia,4,51059,school,2222,Carson Middle
2021-2022,29,Fairfax County,702,NA,702,Northern Virginia,4,51059,school,2090,Centre Ridge Elementary
2021-2022,29,Fairfax County,792,NA,792,Northern Virginia,4,51059,school,2205,Centreville Elementary
2021-2022,29,Fairfax County,2590,NA,2590,Northern Virginia,4,51059,school,200,Centreville High
2021-2022,29,Fairfax County,2965,NA,2965,Northern Virginia,4,51059,school,131,Chantilly High
2021-2022,29,Fairfax County,427,NA,427,Northern Virginia,4,51059,school,480,Cherry Run Elementary
2021-2022,29,Fairfax County,578,NA,578,Northern Virginia,4,51059,school,100,Chesterbrook Elementary
2021-2022,29,Fairfax County,619,NA,619,Northern Virginia,4,51059,school,1050,Churchill Road Elementary
2021-2022,29,Fairfax County,599,NA,599,Northern Virginia,4,51059,school,260,Clearview Elementary
2021-2022,29,Fairfax County,540,NA,540,Northern Virginia,4,51059,school,1870,Clermont Elementary
2021-2022,29,Fairfax County,763,NA,763,Northern Virginia,4,51059,school,2347,Coates Elementary
2021-2022,29,Fairfax County,410,NA,410,Northern Virginia,4,51059,school,1510,Columbia Elementary
2021-2022,29,Fairfax County,771,NA,771,Northern Virginia,4,51059,school,2234,Colvin Run Elementary
2021-2022,29,Fairfax County,1001,NA,1001,Northern Virginia,4,51059,school,1190,Cooper Middle
2021-2022,29,Fairfax County,566,NA,566,Northern Virginia,4,51059,school,870,Crestwood Elementary
2021-2022,29,Fairfax County,566,NA,566,Northern Virginia,4,51059,school,2020,Crossfield Elementary
2021-2022,29,Fairfax County,569,NA,569,Northern Virginia,4,51059,school,1600,Cub Run Elementary
2021-2022,29,Fairfax County,427,NA,427,Northern Virginia,4,51059,school,1700,Cunningham Park Elementary
2021-2022,29,Fairfax County,777,NA,777,Northern Virginia,4,51059,school,2229,Daniels Run Elementary
2021-2022,29,Fairfax County,566,NA,566,Northern Virginia,4,51059,school,2204,Deer Park Elementary
2021-2022,29,Fairfax County,654,NA,654,Northern Virginia,4,51059,school,220,Dogwood Elementary
2021-2022,29,Fairfax County,617,NA,617,Northern Virginia,4,51059,school,2010,Dranesville Elementary
2021-2022,29,Fairfax County,182,NA,182,Northern Virginia,4,51059,school,2238,Dunn Loring Early Childhood Resource Center
2021-2022,29,Fairfax County,596,NA,596,Northern Virginia,4,51059,school,2243,Eagle View Elementary
2021-2022,29,Fairfax County,2191,1,2192,Northern Virginia,4,51059,school,1270,Edison High
2021-2022,29,Fairfax County,142,NA,142,Northern Virginia,4,51059,school,190,Fairfax County Adult High
2021-2022,29,Fairfax County,2306,2,2308,Northern Virginia,4,51059,school,20,Fairfax High
2021-2022,29,Fairfax County,514,NA,514,Northern Virginia,4,51059,school,1480,Fairfax Villa Elementary
2021-2022,29,Fairfax County,526,NA,526,Northern Virginia,4,51059,school,1630,Fairhill Elementary
2021-2022,29,Fairfax County,720,NA,720,Northern Virginia,4,51059,school,290,Fairview Elementary
2021-2022,29,Fairfax County,1987,1,1988,Northern Virginia,4,51059,school,1100,Falls Church High
2021-2022,29,Fairfax County,646,NA,646,Northern Virginia,4,51059,school,730,Flint Hill Elementary
2021-2022,29,Fairfax County,710,NA,710,Northern Virginia,4,51059,school,740,Floris Elementary
2021-2022,29,Fairfax County,476,NA,476,Northern Virginia,4,51059,school,70,Forest Edge Elementary
2021-2022,29,Fairfax County,521,NA,521,Northern Virginia,4,51059,school,1450,Forestdale Elementary
2021-2022,29,Fairfax County,561,NA,561,Northern Virginia,4,51059,school,370,Forestville Elementary
2021-2022,29,Fairfax County,717,NA,717,Northern Virginia,4,51059,school,2224,Fort Belvoir Elementary
2021-2022,29,Fairfax County,670,NA,670,Northern Virginia,4,51059,school,2458,Fort Belvoir Upper Elementary
2021-2022,29,Fairfax County,507,NA,507,Northern Virginia,4,51059,school,1920,Fort Hunt Elementary
2021-2022,29,Fairfax County,583,NA,583,Northern Virginia,4,51059,school,390,Fox Mill Elementary
2021-2022,29,Fairfax County,533,NA,533,Northern Virginia,4,51059,school,320,Franconia Elementary
2021-2022,29,Fairfax County,880,NA,880,Northern Virginia,4,51059,school,440,Franklin Middle
2021-2022,29,Fairfax County,494,NA,494,Northern Virginia,4,51059,school,490,Freedom Hill Elementary
2021-2022,29,Fairfax County,1212,1,1213,Northern Virginia,4,51059,school,1410,Frost Middle
2021-2022,29,Fairfax County,321,NA,321,Northern Virginia,4,51059,school,630,Garfield Elementary
2021-2022,29,Fairfax County,1839,NA,1839,Northern Virginia,4,51059,school,1170,Glasgow Middle
2021-2022,29,Fairfax County,879,NA,879,Northern Virginia,4,51059,school,970,Glen Forest Elementary
2021-2022,29,Fairfax County,387,NA,387,Northern Virginia,4,51059,school,530,Graham Road Elementary
2021-2022,29,Fairfax County,525,NA,525,Northern Virginia,4,51059,school,570,Great Falls Elementary
2021-2022,29,Fairfax County,919,NA,919,Northern Virginia,4,51059,school,1840,Greenbriar East Elementary
2021-2022,29,Fairfax County,635,NA,635,Northern Virginia,4,51059,school,1500,Greenbriar West Elementary
2021-2022,29,Fairfax County,753,NA,753,Northern Virginia,4,51059,school,330,Groveton Elementary
2021-2022,29,Fairfax County,536,NA,536,Northern Virginia,4,51059,school,690,Gunston Elementary
2021-2022,29,Fairfax County,593,NA,593,Northern Virginia,4,51059,school,2210,Halley Elementary
2021-2022,29,Fairfax County,890,NA,890,Northern Virginia,4,51059,school,750,Haycock Elementary
2021-2022,29,Fairfax County,660,NA,660,Northern Virginia,4,51059,school,1740,Hayfield Elementary
2021-2022,29,Fairfax County,3097,1,3098,Northern Virginia,4,51059,school,1800,Hayfield Secondary
2021-2022,29,Fairfax County,763,NA,763,Northern Virginia,4,51059,school,1250,Herndon Elementary
2021-2022,29,Fairfax County,2319,1,2320,Northern Virginia,4,51059,school,32,Herndon High
2021-2022,29,Fairfax County,1075,NA,1075,Northern Virginia,4,51059,school,33,Herndon Middle
2021-2022,29,Fairfax County,617,NA,617,Northern Virginia,4,51059,school,1330,Hollin Meadows Elementary
2021-2022,29,Fairfax County,917,NA,917,Northern Virginia,4,51059,school,1521,Holmes Middle
2021-2022,29,Fairfax County,976,NA,976,Northern Virginia,4,51059,school,350,Hughes Middle
2021-2022,29,Fairfax County,667,NA,667,Northern Virginia,4,51059,school,1880,Hunt Valley Elementary
2021-2022,29,Fairfax County,735,NA,735,Northern Virginia,4,51059,school,1950,Hunters Woods Elementary School for the Arts and Sciences
2021-2022,29,Fairfax County,1067,NA,1067,Northern Virginia,4,51059,school,1980,Hutchison Elementary
2021-2022,29,Fairfax County,888,NA,888,Northern Virginia,4,51059,school,1420,Hybla Valley Elementary
2021-2022,29,Fairfax County,1226,3,1229,Northern Virginia,4,51059,school,1120,Irving Middle
2021-2022,29,Fairfax County,710,NA,710,Northern Virginia,4,51059,school,2235,Island Creek Elementary
2021-2022,29,Fairfax County,1098,NA,1098,Northern Virginia,4,51059,school,673,Jackson Middle
2021-2022,29,Fairfax County,1074,1,1075,Northern Virginia,4,51059,school,1110,Johnson Middle
2021-2022,29,Fairfax County,2227,NA,2227,Northern Virginia,4,51059,school,1070,Justice High
2021-2022,29,Fairfax County,753,NA,753,Northern Virginia,4,51059,school,1240,Keene Mill Elementary
2021-2022,29,Fairfax County,1024,NA,1024,Northern Virginia,4,51059,school,980,Kent Gardens Elementary
2021-2022,29,Fairfax County,63,NA,63,Northern Virginia,4,51059,school,1901,Key Center
2021-2022,29,Fairfax County,744,1,745,Northern Virginia,4,51059,school,1900,Key Middle
2021-2022,29,Fairfax County,53,NA,53,Northern Virginia,4,51059,school,1761,Kilmer Center
2021-2022,29,Fairfax County,1134,NA,1134,Northern Virginia,4,51059,school,1760,Kilmer Middle
2021-2022,29,Fairfax County,389,NA,389,Northern Virginia,4,51059,school,1890,Kings Glen Elementary
2021-2022,29,Fairfax County,617,NA,617,Northern Virginia,4,51059,school,1440,Kings Park Elementary
2021-2022,29,Fairfax County,563,NA,563,Northern Virginia,4,51059,school,1570,Lake Anne Elementary
2021-2022,29,Fairfax County,4379,2,4381,Northern Virginia,4,51059,school,90,Lake Braddock Secondary
2021-2022,29,Fairfax County,717,NA,717,Northern Virginia,4,51059,school,2209,Lane Elementary
2021-2022,29,Fairfax County,2049,NA,2049,Northern Virginia,4,51059,school,1460,Langley High
2021-2022,29,Fairfax County,716,NA,716,Northern Virginia,4,51059,school,2348,Laurel Hill Elementary
2021-2022,29,Fairfax County,782,NA,782,Northern Virginia,4,51059,school,1970,Laurel Ridge Elementary
2021-2022,29,Fairfax County,618,NA,618,Northern Virginia,4,51059,school,1850,Lees Corner Elementary
2021-2022,29,Fairfax County,508,NA,508,Northern Virginia,4,51059,school,770,Lemon Road Elementary
2021-2022,29,Fairfax County,1706,NA,1706,Northern Virginia,4,51059,school,1020,Lewis High
2021-2022,29,Fairfax County,991,NA,991,Northern Virginia,4,51059,school,2233,Liberty Middle
2021-2022,29,Fairfax County,295,NA,295,Northern Virginia,4,51059,school,1400,Little Run Elementary
2021-2022,29,Fairfax County,766,NA,766,Northern Virginia,4,51059,school,1830,London Towne Elementary
2021-2022,29,Fairfax County,1269,NA,1269,Northern Virginia,4,51059,school,1150,Longfellow Middle
2021-2022,29,Fairfax County,754,NA,754,Northern Virginia,4,51059,school,2236,Lorton Station Elementary
2021-2022,29,Fairfax County,590,NA,590,Northern Virginia,4,51059,school,890,Lynbrook Elementary
2021-2022,29,Fairfax County,2213,NA,2213,Northern Virginia,4,51059,school,1060,Madison High
2021-2022,29,Fairfax County,943,NA,943,Northern Virginia,4,51059,school,1210,Mantua Elementary
2021-2022,29,Fairfax County,2072,1,2073,Northern Virginia,4,51059,school,1290,Marshall High
2021-2022,29,Fairfax County,665,NA,665,Northern Virginia,4,51059,school,1200,Marshall Road Elementary
2021-2022,29,Fairfax County,614,NA,614,Northern Virginia,4,51059,school,2410,Mason Crest Elementary
2021-2022,29,Fairfax County,2368,NA,2368,Northern Virginia,4,51059,school,790,McLean High
2021-2022,29,Fairfax County,551,NA,551,Northern Virginia,4,51059,school,2231,McNair Elementary
2021-2022,29,Fairfax County,626,NA,626,Northern Virginia,4,51059,school,2200,McNair Upper Elementary
2021-2022,29,Fairfax County,897,NA,897,Northern Virginia,4,51059,school,1390,Mosaic Elementary
2021-2022,29,Fairfax County,331,NA,331,Northern Virginia,4,51059,school,510,Mount Eagle Elementary
2021-2022,29,Fairfax County,1968,NA,1968,Northern Virginia,4,51059,school,420,Mount Vernon High
2021-2022,29,Fairfax County,609,NA,609,Northern Virginia,4,51059,school,1640,Mount Vernon Woods Elementary
2021-2022,29,Fairfax County,154,NA,154,Northern Virginia,4,51059,school,2211,Mountain View High
2021-2022,29,Fairfax County,911,NA,911,Northern Virginia,4,51059,school,800,Navy Elementary
2021-2022,29,Fairfax County,540,NA,540,Northern Virginia,4,51059,school,470,Newington Forest Elementary
2021-2022,29,Fairfax County,456,NA,456,Northern Virginia,4,51059,school,930,North Springfield Elementary
2021-2022,29,Fairfax County,683,NA,683,Northern Virginia,4,51059,school,430,Oak Hill Elementary
2021-2022,29,Fairfax County,780,NA,780,Northern Virginia,4,51059,school,1860,Oak View Elementary
2021-2022,29,Fairfax County,749,NA,749,Northern Virginia,4,51059,school,140,Oakton Elementary
2021-2022,29,Fairfax County,2638,NA,2638,Northern Virginia,4,51059,school,1710,Oakton High
2021-2022,29,Fairfax County,339,NA,339,Northern Virginia,4,51059,school,1650,Olde Creek Elementary
2021-2022,29,Fairfax County,932,NA,932,Northern Virginia,4,51059,school,150,Orange Hunt Elementary
2021-2022,29,Fairfax County,814,NA,814,Northern Virginia,4,51059,school,1030,Parklawn Elementary
2021-2022,29,Fairfax County,39,NA,39,Northern Virginia,4,51059,school,2440,Pimmit Early Childhood Resource Center
2021-2022,29,Fairfax County,620,NA,620,Northern Virginia,4,51059,school,820,Pine Spring Elementary
2021-2022,29,Fairfax County,871,NA,871,Northern Virginia,4,51059,school,1130,Poe Middle
2021-2022,29,Fairfax County,648,NA,648,Northern Virginia,4,51059,school,2080,Poplar Tree Elementary
2021-2022,29,Fairfax County,883,NA,883,Northern Virginia,4,51059,school,2237,Powell Elementary
2021-2022,29,Fairfax County,900,NA,900,Northern Virginia,4,51059,school,2230,Providence Elementary
2021-2022,29,Fairfax County,600,NA,600,Northern Virginia,4,51059,school,1310,Ravensworth Elementary
2021-2022,29,Fairfax County,703,NA,703,Northern Virginia,4,51059,school,1820,Riverside Elementary
2021-2022,29,Fairfax County,3696,3,3699,Northern Virginia,4,51059,school,1960,Robinson Secondary
2021-2022,29,Fairfax County,1017,NA,1017,Northern Virginia,4,51059,school,300,Rocky Run Middle
2021-2022,29,Fairfax County,582,NA,582,Northern Virginia,4,51059,school,1770,Rolling Valley Elementary
2021-2022,29,Fairfax County,649,NA,649,Northern Virginia,4,51059,school,950,Rose Hill Elementary
2021-2022,29,Fairfax County,1520,1,1521,Northern Virginia,4,51059,school,1300,Sandburg Middle
2021-2022,29,Fairfax County,884,NA,884,Northern Virginia,4,51059,school,2030,Sangster Elementary
2021-2022,29,Fairfax County,600,NA,600,Northern Virginia,4,51059,school,2040,Saratoga Elementary
2021-2022,29,Fairfax County,350,NA,350,Northern Virginia,4,51059,school,80,Sherman Elementary
2021-2022,29,Fairfax County,679,NA,679,Northern Virginia,4,51059,school,1660,Shrevewood Elementary
2021-2022,29,Fairfax County,788,NA,788,Northern Virginia,4,51059,school,1680,Silverbrook Elementary
2021-2022,29,Fairfax County,441,NA,441,Northern Virginia,4,51059,school,710,Sleepy Hollow Elementary
2021-2022,29,Fairfax County,2297,2,2299,Northern Virginia,4,51059,school,2241,South County High
2021-2022,29,Fairfax County,974,NA,974,Northern Virginia,4,51059,school,2420,South County Middle
2021-2022,29,Fairfax County,2581,3,2584,Northern Virginia,4,51059,school,1990,South Lakes High
2021-2022,29,Fairfax County,835,NA,835,Northern Virginia,4,51059,school,1620,Spring Hill Elementary
2021-2022,29,Fairfax County,582,NA,582,Northern Virginia,4,51059,school,960,Springfield Estates Elementary
2021-2022,29,Fairfax County,527,NA,527,Northern Virginia,4,51059,school,1380,Stenwood Elementary
2021-2022,29,Fairfax County,700,NA,700,Northern Virginia,4,51059,school,2070,Stone Middle
2021-2022,29,Fairfax County,734,NA,734,Northern Virginia,4,51059,school,1350,Stratford Landing Elementary
2021-2022,29,Fairfax County,539,NA,539,Northern Virginia,4,51059,school,280,Sunrise Valley Elementary
2021-2022,29,Fairfax County,612,NA,612,Northern Virginia,4,51059,school,170,Terra Centre Elementary
2021-2022,29,Fairfax County,593,NA,593,Northern Virginia,4,51059,school,250,Terraset Elementary
2021-2022,29,Fairfax County,1904,NA,1904,Northern Virginia,4,51059,school,1371,Thomas Jefferson High for Science and Technology
2021-2022,29,Fairfax County,1170,NA,1170,Northern Virginia,4,51059,school,1140,Thoreau Middle
2021-2022,29,Fairfax County,604,NA,604,Northern Virginia,4,51059,school,830,Timber Lane Elementary
2021-2022,29,Fairfax County,1012,NA,1012,Northern Virginia,4,51059,school,1160,Twain Middle
2021-2022,29,Fairfax County,867,NA,867,Northern Virginia,4,51059,school,1540,Union Mill Elementary
2021-2022,29,Fairfax County,353,NA,353,Northern Virginia,4,51059,school,120,Vienna Elementary
2021-2022,29,Fairfax County,211,NA,211,Northern Virginia,4,51059,school,2252,Virginia Hills Early Childhood Resource Center
2021-2022,29,Fairfax County,680,NA,680,Northern Virginia,4,51059,school,2050,Virginia Run Elementary
2021-2022,29,Fairfax County,659,NA,659,Northern Virginia,4,51059,school,850,Wakefield Forest Elementary
2021-2022,29,Fairfax County,836,NA,836,Northern Virginia,4,51059,school,2100,Waples Mill Elementary
2021-2022,29,Fairfax County,556,NA,556,Northern Virginia,4,51059,school,1320,Washington Mill Elementary
2021-2022,29,Fairfax County,662,NA,662,Northern Virginia,4,51059,school,1080,Waynewood Elementary
2021-2022,29,Fairfax County,2688,1,2689,Northern Virginia,4,51059,school,900,West Potomac High
2021-2022,29,Fairfax County,576,NA,576,Northern Virginia,4,51059,school,1430,West Springfield Elementary
2021-2022,29,Fairfax County,2578,NA,2578,Northern Virginia,4,51059,school,1610,West Springfield High
2021-2022,29,Fairfax County,786,NA,786,Northern Virginia,4,51059,school,1580,Westbriar Elementary
2021-2022,29,Fairfax County,2648,1,2649,Northern Virginia,4,51059,school,2228,Westfield High
2021-2022,29,Fairfax County,564,NA,564,Northern Virginia,4,51059,school,1670,Westgate Elementary
2021-2022,29,Fairfax County,756,NA,756,Northern Virginia,4,51059,school,580,Westlawn Elementary
2021-2022,29,Fairfax County,549,NA,549,Northern Virginia,4,51059,school,520,Weyanoke Elementary
2021-2022,29,Fairfax County,719,NA,719,Northern Virginia,4,51059,school,400,White Oaks Elementary
2021-2022,29,Fairfax County,880,NA,880,Northern Virginia,4,51059,school,1550,Whitman Middle
2021-2022,29,Fairfax County,912,NA,912,Northern Virginia,4,51059,school,2060,Willow Springs Elementary
2021-2022,29,Fairfax County,545,NA,545,Northern Virginia,4,51059,school,1810,Wolftrap Elementary
2021-2022,29,Fairfax County,479,NA,479,Northern Virginia,4,51059,school,650,Woodburn Elementary
2021-2022,29,Fairfax County,495,NA,495,Northern Virginia,4,51059,school,380,Woodlawn Elementary
2021-2022,29,Fairfax County,502,NA,502,Northern Virginia,4,51059,school,590,Woodley Hills Elementary
2021-2022,29,Fairfax County,2488,2,2490,Northern Virginia,4,51059,school,1260,Woodson High
2021-2022,109,Falls Church City,54,NA,54,Northern Virginia,4,51610,school,270,Jessie Thackrey  Preschool
2021-2022,109,Falls Church City,586,NA,586,Northern Virginia,4,51610,school,252,Mary Ellen Henderson Middle
2021-2022,109,Falls Church City,849,NA,849,Northern Virginia,4,51610,school,251,Meridian High
2021-2022,109,Falls Church City,486,NA,486,Northern Virginia,4,51610,school,240,Mount Daniel Elementary
2021-2022,109,Falls Church City,518,NA,518,Northern Virginia,4,51610,school,260,Oak Street Elementary
2021-2022,30,Fauquier County,586,NA,586,Northern Virginia,4,51061,school,854,Auburn Middle
2021-2022,30,Fauquier County,490,NA,490,Northern Virginia,4,51061,school,460,C. Hunter Ritchie Elementary
2021-2022,30,Fauquier County,346,NA,346,Northern Virginia,4,51061,school,730,C.M. Bradley Elementary
2021-2022,30,Fauquier County,634,NA,634,Northern Virginia,4,51061,school,520,Cedar Lee Middle
2021-2022,30,Fauquier County,259,NA,259,Northern Virginia,4,51061,school,120,Claude Thompson Elementary
2021-2022,30,Fauquier County,1226,NA,1226,Northern Virginia,4,51061,school,701,Fauquier High
2021-2022,30,Fauquier County,506,NA,506,Northern Virginia,4,51061,school,450,Grace Miller Elementary
2021-2022,30,Fauquier County,494,NA,494,Northern Virginia,4,51061,school,511,Greenville Elementary
2021-2022,30,Fauquier County,373,NA,373,Northern Virginia,4,51061,school,750,H.M. Pearson Elementary
2021-2022,30,Fauquier County,497,NA,497,Northern Virginia,4,51061,school,853,James G. Brumfield Elementary
2021-2022,30,Fauquier County,1161,NA,1161,Northern Virginia,4,51061,school,510,Kettle Run High
2021-2022,30,Fauquier County,1352,1,1353,Northern Virginia,4,51061,school,851,Liberty High
2021-2022,30,Fauquier County,523,NA,523,Northern Virginia,4,51061,school,530,Margaret M. Pierce Elementary
2021-2022,30,Fauquier County,431,NA,431,Northern Virginia,4,51061,school,10,Marshall Middle
2021-2022,30,Fauquier County,417,NA,417,Northern Virginia,4,51061,school,20,Mary Walter Elementary
2021-2022,30,Fauquier County,424,NA,424,Northern Virginia,4,51061,school,720,P.B. Smith Elementary
2021-2022,30,Fauquier County,455,NA,455,Northern Virginia,4,51061,school,670,W.C. Taylor Middle
2021-2022,30,Fauquier County,318,NA,318,Northern Virginia,4,51061,school,740,W.G. Coleman Elementary
2021-2022,30,Fauquier County,381,NA,381,Northern Virginia,4,51061,school,660,Warrenton Middle
2021-2022,31,Floyd County,265,NA,265,Western Virginia,6,51063,school,90,Check Elementary
2021-2022,31,Floyd County,758,NA,758,Western Virginia,6,51063,school,660,Floyd County High
2021-2022,31,Floyd County,456,NA,456,Western Virginia,6,51063,school,360,Floyd Elementary
2021-2022,31,Floyd County,119,NA,119,Western Virginia,6,51063,school,650,Indian Valley Elementary
2021-2022,31,Floyd County,178,NA,178,Western Virginia,6,51063,school,500,Willis Elementary
2021-2022,32,Fluvanna County,449,NA,449,Valley,5,51065,school,300,Carysbrook Elementary
2021-2022,32,Fluvanna County,410,NA,410,Valley,5,51065,school,310,Central Elementary
2021-2022,32,Fluvanna County,1453,NA,1453,Valley,5,51065,school,260,Fluvanna County High
2021-2022,32,Fluvanna County,749,NA,749,Valley,5,51065,school,320,Fluvanna Middle
2021-2022,32,Fluvanna County,255,NA,255,Valley,5,51065,school,330,West Central Primary
2021-2022,135,Franklin City,297,NA,297,Tidewater,2,51620,school,20,Franklin High
2021-2022,135,Franklin City,230,NA,230,Tidewater,2,51620,school,561,Joseph P. King Jr. Middle
2021-2022,135,Franklin City,465,NA,465,Tidewater,2,51620,school,10,S.P. Morton Elementary
2021-2022,33,Franklin County,1495,NA,1495,Western Virginia,6,51067,school,31,Benjamin Franklin Middle
2021-2022,33,Franklin County,277,NA,277,Western Virginia,6,51067,school,1370,Boones Mill Elementary
2021-2022,33,Franklin County,250,1,251,Western Virginia,6,51067,school,1320,Burnt Chimney Elementary
2021-2022,33,Franklin County,166,NA,166,Western Virginia,6,51067,school,350,Callaway Elementary
2021-2022,33,Franklin County,229,NA,229,Western Virginia,6,51067,school,20,Dudley Elementary
2021-2022,33,Franklin County,215,NA,215,Western Virginia,6,51067,school,1360,Ferrum Elementary
2021-2022,33,Franklin County,1925,NA,1925,Western Virginia,6,51067,school,1311,Franklin County High
2021-2022,33,Franklin County,218,NA,218,Western Virginia,6,51067,school,690,Glade Hill Elementary
2021-2022,33,Franklin County,161,NA,161,Western Virginia,6,51067,school,10,Henry Elementary
2021-2022,33,Franklin County,386,NA,386,Western Virginia,6,51067,school,660,Lee M. Waid Elementary
2021-2022,33,Franklin County,290,NA,290,Western Virginia,6,51067,school,1380,Rocky Mount Elementary
2021-2022,33,Franklin County,206,NA,206,Western Virginia,6,51067,school,1170,Snow Creek Elementary
2021-2022,33,Franklin County,219,NA,219,Western Virginia,6,51067,school,960,Sontag Elementary
2021-2022,33,Franklin County,282,NA,282,Western Virginia,6,51067,school,980,Windy Gap Elementary
2021-2022,34,Frederick County,806,NA,806,Northern Virginia,4,51069,school,586,Admiral Richard E. Byrd Middle
2021-2022,34,Frederick County,422,NA,422,Northern Virginia,4,51069,school,10,Apple Pie Ridge Elementary
2021-2022,34,Frederick County,633,NA,633,Northern Virginia,4,51069,school,320,Armel Elementary
2021-2022,34,Frederick County,581,NA,581,Northern Virginia,4,51069,school,20,Bass-Hoover Elementary
2021-2022,34,Frederick County,509,NA,509,Northern Virginia,4,51069,school,587,Evendale Elementary
2021-2022,34,Frederick County,781,NA,781,Northern Virginia,4,51069,school,460,Frederick County Middle
2021-2022,34,Frederick County,442,NA,442,Northern Virginia,4,51069,school,380,Gainesboro Elementary
2021-2022,34,Frederick County,594,NA,594,Northern Virginia,4,51069,school,590,Greenwood Mill Elementary
2021-2022,34,Frederick County,391,NA,391,Northern Virginia,4,51069,school,40,Indian Hollow Elementary
2021-2022,34,Frederick County,1438,NA,1438,Northern Virginia,4,51069,school,30,James Wood High
2021-2022,34,Frederick County,818,NA,818,Northern Virginia,4,51069,school,420,James Wood Middle
2021-2022,34,Frederick County,513,NA,513,Northern Virginia,4,51069,school,591,Jordan Springs Elementary
2021-2022,34,Frederick County,570,NA,570,Northern Virginia,4,51069,school,340,Middletown Elementary
2021-2022,34,Frederick County,1521,1,1522,Northern Virginia,4,51069,school,584,Millbrook High
2021-2022,34,Frederick County,469,NA,469,Northern Virginia,4,51069,school,583,Orchard View Elementary
2021-2022,34,Frederick County,575,NA,575,Northern Virginia,4,51069,school,582,Redbud Run Elementary
2021-2022,34,Frederick County,842,NA,842,Northern Virginia,4,51069,school,480,Robert E. Aylor Middle
2021-2022,34,Frederick County,1602,NA,1602,Northern Virginia,4,51069,school,581,Sherando High
2021-2022,34,Frederick County,368,NA,368,Northern Virginia,4,51069,school,410,Stonewall Elementary
2021-2022,110,Fredericksburg City,873,NA,873,Northern Neck,3,51630,school,50,Hugh Mercer Elementary
2021-2022,110,Fredericksburg City,1027,NA,1027,Northern Neck,3,51630,school,40,James Monroe High
2021-2022,110,Fredericksburg City,802,NA,802,Northern Neck,3,51630,school,272,Lafayette Elementary
2021-2022,110,Fredericksburg City,140,NA,140,Northern Neck,3,51630,school,30,Walker-Grant Early Childhood Center
2021-2022,110,Fredericksburg City,782,NA,782,Northern Neck,3,51630,school,273,Walker-Grant Middle
2021-2022,111,Galax City,662,1,663,Southwest,7,51640,school,10,Galax Elementary
2021-2022,111,Galax City,374,NA,374,Southwest,7,51640,school,31,Galax High
2021-2022,111,Galax City,318,NA,318,Southwest,7,51640,school,32,Galax Middle
2021-2022,35,Giles County,744,NA,744,Southwest,7,51071,school,10,Eastern Elementary/Middle
2021-2022,35,Giles County,699,3,702,Southwest,7,51071,school,461,Giles High
2021-2022,35,Giles County,819,NA,819,Southwest,7,51071,school,390,Macy Mcclaugherty Elementary/Middle
2021-2022,35,Giles County,840,NA,840,Southwest,7,51071,school,400,Narrows Elementary/Middle
2021-2022,35,Giles County,426,NA,426,Southwest,7,51071,school,470,Narrows High
2021-2022,36,Gloucester County,453,2,455,Northern Neck,3,51073,school,250,Abingdon Elementary
2021-2022,36,Gloucester County,427,3,430,Northern Neck,3,51073,school,240,Achilles Elementary
2021-2022,36,Gloucester County,492,3,495,Northern Neck,3,51073,school,381,Bethel Elementary
2021-2022,36,Gloucester County,556,6,562,Northern Neck,3,51073,school,100,Botetourt Elementary
2021-2022,36,Gloucester County,1542,NA,1542,Northern Neck,3,51073,school,260,Gloucester High
2021-2022,36,Gloucester County,603,NA,603,Northern Neck,3,51073,school,802,Page Middle
2021-2022,36,Gloucester County,627,NA,627,Northern Neck,3,51073,school,280,Peasley Middle
2021-2022,36,Gloucester County,336,3,339,Northern Neck,3,51073,school,270,Petsworth Elementary
2021-2022,37,Goochland County,300,NA,300,Central Virginia,1,51075,school,120,Byrd Elementary
2021-2022,37,Goochland County,362,NA,362,Central Virginia,1,51075,school,360,Goochland Elementary
2021-2022,37,Goochland County,864,NA,864,Central Virginia,1,51075,school,220,Goochland High
2021-2022,37,Goochland County,609,NA,609,Central Virginia,1,51075,school,340,Goochland Middle
2021-2022,37,Goochland County,461,NA,461,Central Virginia,1,51075,school,260,Randolph Elementary
2021-2022,38,Grayson County,149,NA,149,Southwest,7,51077,school,480,Fairview Elementary
2021-2022,38,Grayson County,267,NA,267,Southwest,7,51077,school,911,Fries Elementary
2021-2022,38,Grayson County,453,NA,453,Southwest,7,51077,school,421,Grayson County High
2021-2022,38,Grayson County,138,NA,138,Southwest,7,51077,school,430,Grayson Highlands
2021-2022,38,Grayson County,272,NA,272,Southwest,7,51077,school,422,Independence Elementary
2021-2022,38,Grayson County,251,NA,251,Southwest,7,51077,school,11,Independence Middle
2021-2022,39,Greene County,329,NA,329,Valley,5,51079,school,20,Nathanael Greene Elementary
2021-2022,39,Greene County,373,NA,373,Valley,5,51079,school,10,Nathanael Greene Primary
2021-2022,39,Greene County,528,NA,528,Valley,5,51079,school,30,Ruckersville Elementary
2021-2022,39,Greene County,955,NA,955,Valley,5,51079,school,72,William Monroe High
2021-2022,39,Greene County,712,NA,712,Valley,5,51079,school,71,William Monroe Middle
2021-2022,40,Greensville County,163,NA,163,Southside,8,51081,school,260,Belfield Elementary
2021-2022,40,Greensville County,489,NA,489,Southside,8,51081,school,190,Edward W. Wyatt Middle
2021-2022,40,Greensville County,581,NA,581,Southside,8,51081,school,200,Greensville County High
2021-2022,40,Greensville County,804,NA,804,Southside,8,51081,school,50,Greensville Elementary
2021-2022,41,Halifax County,157,NA,157,Southside,8,51083,school,1560,Clays Mill Elementary
2021-2022,41,Halifax County,522,NA,522,Southside,8,51083,school,20,Cluster Springs Elementary
2021-2022,41,Halifax County,1425,5,1430,Southside,8,51083,school,10,Halifax County High
2021-2022,41,Halifax County,1022,NA,1022,Southside,8,51083,school,1480,Halifax County Middle
2021-2022,41,Halifax County,175,NA,175,Southside,8,51083,school,1550,Meadville Elementary
2021-2022,41,Halifax County,214,NA,214,Southside,8,51083,school,1510,Scottsburg Elementary
2021-2022,41,Halifax County,177,NA,177,Southside,8,51083,school,1521,Sinai Elementary
2021-2022,41,Halifax County,610,NA,610,Southside,8,51083,school,30,South Boston Elementary
2021-2022,41,Halifax County,101,NA,101,Southside,8,51083,school,950,South Boston/Halifax Early Learning Center
2021-2022,41,Halifax County,185,NA,185,Southside,8,51083,school,1490,Sydnor Jennings Elementary
2021-2022,112,Hampton City,465,NA,465,Tidewater,2,51650,school,500,A.W.E. Bassette Elementary
2021-2022,112,Hampton City,499,NA,499,Tidewater,2,51650,school,160,Aberdeen Elementary
2021-2022,112,Hampton City,392,NA,392,Tidewater,2,51650,school,470,Albert W. Patrick III Elementary
2021-2022,112,Hampton City,507,NA,507,Tidewater,2,51650,school,260,Alfred S. Forrest Elementary
2021-2022,112,Hampton City,266,NA,266,Tidewater,2,51650,school,120,Armstrong Elementary
2021-2022,112,Hampton City,359,NA,359,Tidewater,2,51650,school,330,Barron Elementary
2021-2022,112,Hampton City,973,NA,973,Tidewater,2,51650,school,350,Benjamin Syms Middle
2021-2022,112,Hampton City,1815,NA,1815,Tidewater,2,51650,school,430,Bethel High
2021-2022,112,Hampton City,727,NA,727,Tidewater,2,51650,school,450,C. Alton Lindsay Middle
2021-2022,112,Hampton City,368,NA,368,Tidewater,2,51650,school,460,Captain John Smith Elementary
2021-2022,112,Hampton City,713,NA,713,Tidewater,2,51650,school,300,Cesar Tarrant Middle
2021-2022,112,Hampton City,412,NA,412,Tidewater,2,51650,school,420,Christopher C. Kraft Elementary
2021-2022,112,Hampton City,431,NA,431,Tidewater,2,51650,school,30,Francis Asbury Elementary
2021-2022,112,Hampton City,635,NA,635,Tidewater,2,51650,school,70,Francis W. Jones Magnet Middle
2021-2022,112,Hampton City,1440,NA,1440,Tidewater,2,51650,school,650,George P. Phenix Elementary
2021-2022,112,Hampton City,1336,NA,1336,Tidewater,2,51650,school,280,Hampton High
2021-2022,112,Hampton City,1126,NA,1126,Tidewater,2,51650,school,640,Hunter B. Andrews
2021-2022,112,Hampton City,414,NA,414,Tidewater,2,51650,school,250,Jane H. Bryan Elementary
2021-2022,112,Hampton City,1612,NA,1612,Tidewater,2,51650,school,320,Kecoughtan High
2021-2022,112,Hampton City,449,NA,449,Tidewater,2,51650,school,490,Luther W. Machen Elementary
2021-2022,112,Hampton City,420,NA,420,Tidewater,2,51650,school,440,Mary S. Peake Elementary
2021-2022,112,Hampton City,266,NA,266,Tidewater,2,51650,school,270,Mary T. Christian Elementary
2021-2022,112,Hampton City,322,NA,322,Tidewater,2,51650,school,360,Mary W. Jackson Elementary
2021-2022,112,Hampton City,231,NA,231,Tidewater,2,51650,school,210,Moton Early Childhood Center
2021-2022,112,Hampton City,398,NA,398,Tidewater,2,51650,school,410,Paul Burbank Elementary
2021-2022,112,Hampton City,397,NA,397,Tidewater,2,51650,school,370,Phillips Elementary
2021-2022,112,Hampton City,1263,NA,1263,Tidewater,2,51650,school,50,Phoebus High
2021-2022,112,Hampton City,475,NA,475,Tidewater,2,51650,school,180,Samuel P. Langley Elementary
2021-2022,112,Hampton City,551,NA,551,Tidewater,2,51650,school,380,Thomas Eaton Middle
2021-2022,112,Hampton City,357,NA,357,Tidewater,2,51650,school,80,William Mason Cooper Elementary
2021-2022,42,Hanover County,1541,NA,1541,Central Virginia,1,51085,school,62,Atlee High
2021-2022,42,Hanover County,394,NA,394,Central Virginia,1,51085,school,360,Battlefield Park Elementary
2021-2022,42,Hanover County,280,NA,280,Central Virginia,1,51085,school,20,Beaverdam Elementary
2021-2022,42,Hanover County,977,NA,977,Central Virginia,1,51085,school,440,Bell Creek Middle
2021-2022,42,Hanover County,1101,NA,1101,Central Virginia,1,51085,school,61,Chickahominy Middle
2021-2022,42,Hanover County,507,NA,507,Central Virginia,1,51085,school,70,Cold Harbor Elementary
2021-2022,42,Hanover County,734,NA,734,Central Virginia,1,51085,school,551,Cool Spring Elementary
2021-2022,42,Hanover County,369,NA,369,Central Virginia,1,51085,school,430,Elmont Elementary
2021-2022,42,Hanover County,1464,NA,1464,Central Virginia,1,51085,school,554,Hanover High
2021-2022,42,Hanover County,366,NA,366,Central Virginia,1,51085,school,150,Henry Clay Elementary
2021-2022,42,Hanover County,298,NA,298,Central Virginia,1,51085,school,162,John M. Gandy Elementary
2021-2022,42,Hanover County,701,NA,701,Central Virginia,1,51085,school,200,Kersey Creek Elementary
2021-2022,42,Hanover County,546,NA,546,Central Virginia,1,51085,school,210,Laurel Meadow Elementary
2021-2022,42,Hanover County,963,NA,963,Central Virginia,1,51085,school,450,Liberty Middle
2021-2022,42,Hanover County,549,NA,549,Central Virginia,1,51085,school,420,Mechanicsville Elementary
2021-2022,42,Hanover County,1339,NA,1339,Central Virginia,1,51085,school,370,Mechanicsville High
2021-2022,42,Hanover County,888,NA,888,Central Virginia,1,51085,school,553,Oak Knoll Middle
2021-2022,42,Hanover County,1350,NA,1350,Central Virginia,1,51085,school,400,Patrick Henry High
2021-2022,42,Hanover County,582,NA,582,Central Virginia,1,51085,school,410,Pearson's Corner Elementary
2021-2022,42,Hanover County,517,NA,517,Central Virginia,1,51085,school,552,Pole Green Elementary
2021-2022,42,Hanover County,557,NA,557,Central Virginia,1,51085,school,30,Rural Point Elementary
2021-2022,42,Hanover County,475,NA,475,Central Virginia,1,51085,school,40,South Anna Elementary
2021-2022,42,Hanover County,367,NA,367,Central Virginia,1,51085,school,290,Washington-Henry Elementary
2021-2022,113,Harrisonburg City,555,NA,555,Valley,5,51660,school,120,Bluestone Elementary
2021-2022,113,Harrisonburg City,1923,1,1924,Valley,5,51660,school,12,Harrisonburg High
2021-2022,113,Harrisonburg City,443,NA,443,Valley,5,51660,school,50,Keister Elementary
2021-2022,113,Harrisonburg City,731,NA,731,Valley,5,51660,school,111,Skyline Middle
2021-2022,113,Harrisonburg City,791,NA,791,Valley,5,51660,school,110,Smithland Elementary
2021-2022,113,Harrisonburg City,482,NA,482,Valley,5,51660,school,60,Spotswood Elementary
2021-2022,113,Harrisonburg City,514,NA,514,Valley,5,51660,school,191,Stone Spring Elementary
2021-2022,113,Harrisonburg City,696,NA,696,Valley,5,51660,school,80,Thomas Harrison Middle
2021-2022,113,Harrisonburg City,524,NA,524,Valley,5,51660,school,30,Waterman Elementary
2021-2022,43,Henrico County,323,NA,323,Central Virginia,1,51087,school,450,Anthony P. Mehfoud Elementary
2021-2022,43,Henrico County,506,NA,506,Central Virginia,1,51087,school,320,Arthur Ashe Jr. Elementary
2021-2022,43,Henrico County,1129,NA,1129,Central Virginia,1,51087,school,500,Brookland Middle
2021-2022,43,Henrico County,549,NA,549,Central Virginia,1,51087,school,120,Cashell Donahoe Elementary
2021-2022,43,Henrico County,317,NA,317,Central Virginia,1,51087,school,590,Chamberlayne Elementary
2021-2022,43,Henrico County,417,NA,417,Central Virginia,1,51087,school,530,Charles M. Johnson Elementary
2021-2022,43,Henrico County,685,NA,685,Central Virginia,1,51087,school,93,Colonial Trail Elementary
2021-2022,43,Henrico County,330,NA,330,Central Virginia,1,51087,school,400,Crestview Elementary
2021-2022,43,Henrico County,495,NA,495,Central Virginia,1,51087,school,82,David A. Kaechele Elementary
2021-2022,43,Henrico County,2026,NA,2026,Central Virginia,1,51087,school,160,Deep Run High
2021-2022,43,Henrico County,1846,NA,1846,Central Virginia,1,51087,school,410,Douglas S. Freeman High
2021-2022,43,Henrico County,602,NA,602,Central Virginia,1,51087,school,700,Dumbarton Elementary
2021-2022,43,Henrico County,537,NA,537,Central Virginia,1,51087,school,300,Echo Lake Elementary
2021-2022,43,Henrico County,778,NA,778,Central Virginia,1,51087,school,680,Elizabeth Holladay Elementary
2021-2022,43,Henrico County,729,NA,729,Central Virginia,1,51087,school,92,Elko Middle
2021-2022,43,Henrico County,397,NA,397,Central Virginia,1,51087,school,200,Fair Oaks Elementary
2021-2022,43,Henrico County,1071,NA,1071,Central Virginia,1,51087,school,510,Fairfield Middle
2021-2022,43,Henrico County,546,NA,546,Central Virginia,1,51087,school,150,Gayton Elementary
2021-2022,43,Henrico County,407,NA,407,Central Virginia,1,51087,school,470,George F. Baker Elementary
2021-2022,43,Henrico County,1097,NA,1097,Central Virginia,1,51087,school,390,George H. Moody Middle
2021-2022,43,Henrico County,586,NA,586,Central Virginia,1,51087,school,20,Glen Allen Elementary
2021-2022,43,Henrico County,2044,NA,2044,Central Virginia,1,51087,school,96,Glen Allen High
2021-2022,43,Henrico County,479,NA,479,Central Virginia,1,51087,school,380,Glen Lea Elementary
2021-2022,43,Henrico County,589,NA,589,Central Virginia,1,51087,school,260,Greenwood Elementary
2021-2022,43,Henrico County,426,NA,426,Central Virginia,1,51087,school,420,Harold Macon Ratcliffe Elementary
2021-2022,43,Henrico County,515,NA,515,Central Virginia,1,51087,school,94,Harvie Elementary
2021-2022,43,Henrico County,1414,NA,1414,Central Virginia,1,51087,school,610,Henrico High
2021-2022,43,Henrico County,501,NA,501,Central Virginia,1,51087,school,330,Henry D. Ward Elementary
2021-2022,43,Henrico County,1622,NA,1622,Central Virginia,1,51087,school,670,Hermitage High
2021-2022,43,Henrico County,538,NA,538,Central Virginia,1,51087,school,640,Highland Springs Elementary
2021-2022,43,Henrico County,2023,NA,2023,Central Virginia,1,51087,school,190,Highland Springs High
2021-2022,43,Henrico County,857,NA,857,Central Virginia,1,51087,school,95,Holman Middle
2021-2022,43,Henrico County,870,NA,870,Central Virginia,1,51087,school,100,Hungary Creek Middle
2021-2022,43,Henrico County,526,NA,526,Central Virginia,1,51087,school,620,Jackson Davis Elementary
2021-2022,43,Henrico County,468,NA,468,Central Virginia,1,51087,school,660,Jacob L. Adams Elementary
2021-2022,43,Henrico County,1836,NA,1836,Central Virginia,1,51087,school,600,John Randolph Tucker High
2021-2022,43,Henrico County,885,NA,885,Central Virginia,1,51087,school,130,John Rolfe Middle
2021-2022,43,Henrico County,742,NA,742,Central Virginia,1,51087,school,250,L. Douglas Wilder Middle
2021-2022,43,Henrico County,462,NA,462,Central Virginia,1,51087,school,430,Laburnum Elementary
2021-2022,43,Henrico County,405,NA,405,Central Virginia,1,51087,school,370,Lakeside Elementary
2021-2022,43,Henrico County,486,NA,486,Central Virginia,1,51087,school,50,Longdale Elementary
2021-2022,43,Henrico County,528,NA,528,Central Virginia,1,51087,school,490,Maude Trevvett Elementary
2021-2022,43,Henrico County,599,NA,599,Central Virginia,1,51087,school,540,Maybeury Elementary
2021-2022,43,Henrico County,1856,NA,1856,Central Virginia,1,51087,school,140,Mills E. Godwin High
2021-2022,43,Henrico County,358,NA,358,Central Virginia,1,51087,school,210,Montrose Elementary
2021-2022,43,Henrico County,569,NA,569,Central Virginia,1,51087,school,270,Nuckols Farm Elementary
2021-2022,43,Henrico County,347,NA,347,Central Virginia,1,51087,school,440,Pemberton Elementary
2021-2022,43,Henrico County,488,NA,488,Central Virginia,1,51087,school,570,Pinchbeck Elementary
2021-2022,43,Henrico County,822,NA,822,Central Virginia,1,51087,school,280,Pocahontas Middle
2021-2022,43,Henrico County,1050,NA,1050,Central Virginia,1,51087,school,690,Quioccasin Middle
2021-2022,43,Henrico County,422,NA,422,Central Virginia,1,51087,school,630,R.C. Longan Elementary
2021-2022,43,Henrico County,452,NA,452,Central Virginia,1,51087,school,90,Ridge Elementary
2021-2022,43,Henrico County,770,NA,770,Central Virginia,1,51087,school,240,Rivers Edge Elementary
2021-2022,43,Henrico County,470,NA,470,Central Virginia,1,51087,school,650,Ruby F. Carver Elementary
2021-2022,43,Henrico County,186,NA,186,Central Virginia,1,51087,school,220,Sandston Elementary
2021-2022,43,Henrico County,367,NA,367,Central Virginia,1,51087,school,550,Seven Pines Elementary
2021-2022,43,Henrico County,589,NA,589,Central Virginia,1,51087,school,710,Shady Grove Elementary
2021-2022,43,Henrico County,556,NA,556,Central Virginia,1,51087,school,60,Short Pump Elementary
2021-2022,43,Henrico County,1125,NA,1125,Central Virginia,1,51087,school,80,Short Pump Middle
2021-2022,43,Henrico County,495,NA,495,Central Virginia,1,51087,school,480,Skipwith Elementary
2021-2022,43,Henrico County,600,NA,600,Central Virginia,1,51087,school,230,Springfield Park Elementary
2021-2022,43,Henrico County,285,NA,285,Central Virginia,1,51087,school,10,Three Chopt Elementary
2021-2022,43,Henrico County,606,NA,606,Central Virginia,1,51087,school,360,Tuckahoe Elementary
2021-2022,43,Henrico County,1071,NA,1071,Central Virginia,1,51087,school,520,Tuckahoe Middle
2021-2022,43,Henrico County,549,NA,549,Central Virginia,1,51087,school,310,Twin Hickory Elementary
2021-2022,43,Henrico County,239,NA,239,Central Virginia,1,51087,school,290,Varina Elementary
2021-2022,43,Henrico County,1531,NA,1531,Central Virginia,1,51087,school,580,Varina High
2021-2022,44,Henry County,378,NA,378,Western Virginia,6,51089,school,361,Axton Elementary
2021-2022,44,Henry County,1095,NA,1095,Western Virginia,6,51089,school,10,Bassett High
2021-2022,44,Henry County,274,NA,274,Western Virginia,6,51089,school,590,Campbell Court Elementary
2021-2022,44,Henry County,408,NA,408,Western Virginia,6,51089,school,530,Drewry Mason Elementary
2021-2022,44,Henry County,839,NA,839,Western Virginia,6,51089,school,620,Fieldale-Collinsville Middle
2021-2022,44,Henry County,453,NA,453,Western Virginia,6,51089,school,480,G.W. Carver Elementary
2021-2022,44,Henry County,808,NA,808,Western Virginia,6,51089,school,670,Laurel Park Middle
2021-2022,44,Henry County,1083,NA,1083,Western Virginia,6,51089,school,20,Magna Vista High
2021-2022,44,Henry County,658,NA,658,Western Virginia,6,51089,school,661,Meadow View Elementary
2021-2022,44,Henry County,291,NA,291,Western Virginia,6,51089,school,872,Mount Olivet Elementary
2021-2022,44,Henry County,252,NA,252,Western Virginia,6,51089,school,740,Rich Acres Elementary
2021-2022,44,Henry County,228,NA,228,Western Virginia,6,51089,school,220,Sanville Elementary
2021-2022,44,Henry County,258,NA,258,Western Virginia,6,51089,school,760,Stanleytown Elementary
2021-2022,45,Highland County,92,NA,92,Valley,5,51091,school,110,Highland Elementary
2021-2022,45,Highland County,86,NA,86,Valley,5,51091,school,220,Highland High
2021-2022,114,Hopewell City,855,NA,855,Central Virginia,1,51670,school,110,Carter G. Woodson Middle
2021-2022,114,Hopewell City,612,1,613,Central Virginia,1,51670,school,40,Dupont Elementary
2021-2022,114,Hopewell City,538,NA,538,Central Virginia,1,51670,school,140,Harry E. James Elementary
2021-2022,114,Hopewell City,1167,NA,1167,Central Virginia,1,51670,school,120,Hopewell High
2021-2022,114,Hopewell City,602,NA,602,Central Virginia,1,51670,school,70,Patrick Copeland Elementary
2021-2022,114,Hopewell City,301,1,302,Central Virginia,1,51670,school,151,Woodlawn Pre-School Learning Center
2021-2022,46,Isle of Wight County,636,NA,636,Tidewater,2,51093,school,421,Carrollton Elementary
2021-2022,46,Isle of Wight County,242,NA,242,Tidewater,2,51093,school,280,Carrsville Elementary
2021-2022,46,Isle of Wight County,377,NA,377,Tidewater,2,51093,school,422,Georgie D. Tyler Middle
2021-2022,46,Isle of Wight County,529,NA,529,Tidewater,2,51093,school,320,Hardy Elementary
2021-2022,46,Isle of Wight County,1338,NA,1338,Tidewater,2,51093,school,40,Smithfield High
2021-2022,46,Isle of Wight County,624,NA,624,Tidewater,2,51093,school,50,Smithfield Middle
2021-2022,46,Isle of Wight County,724,NA,724,Tidewater,2,51093,school,424,Westside Elementary
2021-2022,46,Isle of Wight County,599,NA,599,Tidewater,2,51093,school,240,Windsor Elementary
2021-2022,46,Isle of Wight County,550,NA,550,Tidewater,2,51093,school,250,Windsor High
2021-2022,48,King George County,720,NA,720,Northern Neck,3,51099,school,100,King George Elementary
2021-2022,48,King George County,1454,1,1455,Northern Neck,3,51099,school,120,King George High
2021-2022,48,King George County,1015,NA,1015,Northern Neck,3,51099,school,10,King George Middle
2021-2022,48,King George County,543,NA,543,Northern Neck,3,51099,school,50,Potomac Elementary
2021-2022,48,King George County,735,NA,735,Northern Neck,3,51099,school,221,Sealston Elementary
2021-2022,50,King William County,425,NA,425,Northern Neck,3,51101,school,180,Acquinton Elementary
2021-2022,50,King William County,409,1,410,Northern Neck,3,51101,school,190,Cool Spring Primary
2021-2022,50,King William County,469,NA,469,Northern Neck,3,51101,school,160,Hamilton Holmes Middle
2021-2022,50,King William County,680,NA,680,Northern Neck,3,51101,school,130,King William High
2021-2022,49,King and Queen County,268,NA,268,Northern Neck,3,51097,school,280,Central High
2021-2022,49,King and Queen County,298,NA,298,Northern Neck,3,51097,school,200,King & Queen Elementary
2021-2022,49,King and Queen County,301,NA,301,Northern Neck,3,51097,school,290,Lawson-Marriott Elementary
2021-2022,51,Lancaster County,354,NA,354,Northern Neck,3,51103,school,10,Lancaster High
2021-2022,51,Lancaster County,282,NA,282,Northern Neck,3,51103,school,110,Lancaster Middle
2021-2022,51,Lancaster County,366,NA,366,Northern Neck,3,51103,school,210,Lancaster Primary
2021-2022,52,Lee County,251,NA,251,Southwest,7,51105,school,160,Dryden Elementary
2021-2022,52,Lee County,290,NA,290,Southwest,7,51105,school,330,Elk Knob Elementary
2021-2022,52,Lee County,140,NA,140,Southwest,7,51105,school,820,Elydale Middle
2021-2022,52,Lee County,285,NA,285,Southwest,7,51105,school,630,Flatwoods Elementary
2021-2022,52,Lee County,237,NA,237,Southwest,7,51105,school,470,Jonesville Middle
2021-2022,52,Lee County,792,NA,792,Southwest,7,51105,school,300,Lee High
2021-2022,52,Lee County,303,NA,303,Southwest,7,51105,school,290,Pennington Middle
2021-2022,52,Lee County,226,NA,226,Southwest,7,51105,school,670,Rose Hill Elementary
2021-2022,52,Lee County,124,NA,124,Southwest,7,51105,school,200,St. Charles Elementary
2021-2022,52,Lee County,289,NA,289,Southwest,7,51105,school,880,Thomas Walker High
2021-2022,137,Lexington City,326,NA,326,Valley,5,51678,school,1390,Harrington Waddell Elementary
2021-2022,137,Lexington City,148,NA,148,Valley,5,51678,school,1440,Lylburn Downing Middle
2021-2022,137,Lexington City,2,NA,2,Valley,5,51678,school,22,Rockbridge County High
2021-2022,53,Loudoun County,111,NA,111,Northern Virginia,4,51107,school,510,Aldie Elementary
2021-2022,53,Loudoun County,457,NA,457,Northern Virginia,4,51107,school,150,Algonkian Elementary
2021-2022,53,Loudoun County,952,NA,952,Northern Virginia,4,51107,school,610,Arcola Elementary
2021-2022,53,Loudoun County,516,NA,516,Northern Virginia,4,51107,school,170,Ashburn Elementary
2021-2022,53,Loudoun County,481,NA,481,Northern Virginia,4,51107,school,220,Ball's Bluff Elementary
2021-2022,53,Loudoun County,181,NA,181,Northern Virginia,4,51107,school,650,Banneker Elementary
2021-2022,53,Loudoun County,1056,NA,1056,Northern Virginia,4,51107,school,940,Belmont Ridge Middle
2021-2022,53,Loudoun County,719,NA,719,Northern Virginia,4,51107,school,300,Belmont Station Elementary
2021-2022,53,Loudoun County,830,NA,830,Northern Virginia,4,51107,school,790,Blue Ridge Middle
2021-2022,53,Loudoun County,1628,1,1629,Northern Virginia,4,51107,school,1120,Brambleton Middle
2021-2022,53,Loudoun County,1799,NA,1799,Northern Virginia,4,51107,school,420,Briar Woods High
2021-2022,53,Loudoun County,1573,3,1576,Northern Virginia,4,51107,school,740,Broad Run High
2021-2022,53,Loudoun County,869,NA,869,Northern Virginia,4,51107,school,450,Buffalo Trail Elementary
2021-2022,53,Loudoun County,828,NA,828,Northern Virginia,4,51107,school,460,Cardinal Ridge Elementary
2021-2022,53,Loudoun County,580,NA,580,Northern Virginia,4,51107,school,710,Catoctin Elementary
2021-2022,53,Loudoun County,734,NA,734,Northern Virginia,4,51107,school,840,Cedar Lane Elementary
2021-2022,53,Loudoun County,575,NA,575,Northern Virginia,4,51107,school,160,Cool Spring Elementary
2021-2022,53,Loudoun County,665,NA,665,Northern Virginia,4,51107,school,890,Countryside Elementary
2021-2022,53,Loudoun County,1128,NA,1128,Northern Virginia,4,51107,school,540,Creighton's Corner Elementary
2021-2022,53,Loudoun County,679,NA,679,Northern Virginia,4,51107,school,1000,Discovery Elementary
2021-2022,53,Loudoun County,1482,NA,1482,Northern Virginia,4,51107,school,31,Dominion High
2021-2022,53,Loudoun County,594,NA,594,Northern Virginia,4,51107,school,470,Dominion Trail Elementary
2021-2022,53,Loudoun County,1180,1,1181,Northern Virginia,4,51107,school,880,Eagle Ridge Middle
2021-2022,53,Loudoun County,400,NA,400,Northern Virginia,4,51107,school,730,Emerick Elementary
2021-2022,53,Loudoun County,595,NA,595,Northern Virginia,4,51107,school,190,Evergreen Mill Elementary
2021-2022,53,Loudoun County,1116,NA,1116,Northern Virginia,4,51107,school,210,Farmwell Station Middle
2021-2022,53,Loudoun County,501,NA,501,Northern Virginia,4,51107,school,970,Forest Grove Elementary
2021-2022,53,Loudoun County,582,NA,582,Northern Virginia,4,51107,school,91,Frances Hazel Reid Elementary
2021-2022,53,Loudoun County,570,32,602,Northern Virginia,4,51107,school,530,Frederick Douglass Elementary
2021-2022,53,Loudoun County,2055,NA,2055,Northern Virginia,4,51107,school,120,Freedom High
2021-2022,53,Loudoun County,889,NA,889,Northern Virginia,4,51107,school,371,Goshen Post Elementary
2021-2022,53,Loudoun County,545,NA,545,Northern Virginia,4,51107,school,720,Guilford Elementary
2021-2022,53,Loudoun County,159,NA,159,Northern Virginia,4,51107,school,230,Hamilton Elementary
2021-2022,53,Loudoun County,1082,2,1084,Northern Virginia,4,51107,school,921,Harmony Middle
2021-2022,53,Loudoun County,918,NA,918,Northern Virginia,4,51107,school,520,Harper Park Middle
2021-2022,53,Loudoun County,1459,32,1491,Northern Virginia,4,51107,school,900,Heritage High
2021-2022,53,Loudoun County,144,NA,144,Northern Virginia,4,51107,school,111,Hillsboro Charter Academy
2021-2022,53,Loudoun County,563,NA,563,Northern Virginia,4,51107,school,400,Hillside Elementary
2021-2022,53,Loudoun County,486,NA,486,Northern Virginia,4,51107,school,820,Horizon Elementary
2021-2022,53,Loudoun County,1053,NA,1053,Northern Virginia,4,51107,school,1131,Hovatter Elementary
2021-2022,53,Loudoun County,672,53,725,Northern Virginia,4,51107,school,960,Hutchison Farm Elementary
2021-2022,53,Loudoun County,1828,1,1829,Northern Virginia,4,51107,school,1110,Independence High
2021-2022,53,Loudoun County,997,1,998,Northern Virginia,4,51107,school,20,J. Lupton Simpson Middle
2021-2022,53,Loudoun County,1384,NA,1384,Northern Virginia,4,51107,school,580,J. Michael Lunsford Middle
2021-2022,53,Loudoun County,1689,1,1690,Northern Virginia,4,51107,school,370,John Champe High
2021-2022,53,Loudoun County,636,NA,636,Northern Virginia,4,51107,school,950,John W. Tolbert Jr. Elementary
2021-2022,53,Loudoun County,441,NA,441,Northern Virginia,4,51107,school,600,Kenneth W.Culbert Elementary
2021-2022,53,Loudoun County,413,NA,413,Northern Virginia,4,51107,school,80,Leesburg Elementary
2021-2022,53,Loudoun County,763,NA,763,Northern Virginia,4,51107,school,430,Legacy Elementary
2021-2022,53,Loudoun County,903,NA,903,Northern Virginia,4,51107,school,560,Liberty Elementary
2021-2022,53,Loudoun County,1436,NA,1436,Northern Virginia,4,51107,school,1130,Lightridge High
2021-2022,53,Loudoun County,79,NA,79,Northern Virginia,4,51107,school,290,Lincoln Elementary
2021-2022,53,Loudoun County,679,NA,679,Northern Virginia,4,51107,school,860,Little River Elementary
2021-2022,53,Loudoun County,1504,NA,1504,Northern Virginia,4,51107,school,660,Loudoun County High
2021-2022,53,Loudoun County,1239,3,1242,Northern Virginia,4,51107,school,680,Loudoun Valley High
2021-2022,53,Loudoun County,509,NA,509,Northern Virginia,4,51107,school,780,Lovettsville Elementary
2021-2022,53,Loudoun County,535,NA,535,Northern Virginia,4,51107,school,500,Lowes Island Elementary
2021-2022,53,Loudoun County,243,NA,243,Northern Virginia,4,51107,school,130,Lucketts Elementary
2021-2022,53,Loudoun County,1182,NA,1182,Northern Virginia,4,51107,school,1030,Madison's Trust Elementary
2021-2022,53,Loudoun County,378,26,404,Northern Virginia,4,51107,school,70,Meadowland Elementary
2021-2022,53,Loudoun County,1265,1,1266,Northern Virginia,4,51107,school,320,Mercer Middle
2021-2022,53,Loudoun County,141,NA,141,Northern Virginia,4,51107,school,1200,Middleburg Community Charter
2021-2022,53,Loudoun County,694,NA,694,Northern Virginia,4,51107,school,910,Mill Run Elementary
2021-2022,53,Loudoun County,875,NA,875,Northern Virginia,4,51107,school,380,Moorefield Station Elementary
2021-2022,53,Loudoun County,666,NA,666,Northern Virginia,4,51107,school,980,Mountain View Elementary
2021-2022,53,Loudoun County,569,62,631,Northern Virginia,4,51107,school,270,Newton-Lee Elementary
2021-2022,53,Loudoun County,1409,NA,1409,Northern Virginia,4,51107,school,60,Park View High
2021-2022,53,Loudoun County,791,NA,791,Northern Virginia,4,51107,school,340,Pinebrook Elementary
2021-2022,53,Loudoun County,1621,NA,1621,Northern Virginia,4,51107,school,140,Potomac Falls High
2021-2022,53,Loudoun County,528,NA,528,Northern Virginia,4,51107,school,250,Potowmack Elementary
2021-2022,53,Loudoun County,1140,NA,1140,Northern Virginia,4,51107,school,930,River Bend Middle
2021-2022,53,Loudoun County,1822,NA,1822,Northern Virginia,4,51107,school,1050,Riverside High
2021-2022,53,Loudoun County,1395,1,1396,Northern Virginia,4,51107,school,1060,Rock Ridge High
2021-2022,53,Loudoun County,526,61,587,Northern Virginia,4,51107,school,40,Rolling Ridge Elementary
2021-2022,53,Loudoun County,841,NA,841,Northern Virginia,4,51107,school,550,Rosa Lee Carter Elementary
2021-2022,53,Loudoun County,548,NA,548,Northern Virginia,4,51107,school,180,Round Hill Elementary
2021-2022,53,Loudoun County,460,NA,460,Northern Virginia,4,51107,school,240,Sanders Corner Elementary
2021-2022,53,Loudoun County,580,NA,580,Northern Virginia,4,51107,school,870,Seldens Landing Elementary
2021-2022,53,Loudoun County,1003,NA,1003,Northern Virginia,4,51107,school,30,Seneca Ridge Middle
2021-2022,53,Loudoun County,920,2,922,Northern Virginia,4,51107,school,90,Smart's Mill Middle
2021-2022,53,Loudoun County,435,NA,435,Northern Virginia,4,51107,school,690,Sterling Elementary
2021-2022,53,Loudoun County,1081,2,1083,Northern Virginia,4,51107,school,760,Sterling Middle
2021-2022,53,Loudoun County,646,NA,646,Northern Virginia,4,51107,school,350,Steuart W. Weller Elementary
2021-2022,53,Loudoun County,1738,2,1740,Northern Virginia,4,51107,school,850,Stone Bridge High
2021-2022,53,Loudoun County,1138,NA,1138,Northern Virginia,4,51107,school,570,Stone Hill Middle
2021-2022,53,Loudoun County,481,NA,481,Northern Virginia,4,51107,school,10,Sugarland Elementary
2021-2022,53,Loudoun County,441,30,471,Northern Virginia,4,51107,school,750,Sully Elementary
2021-2022,53,Loudoun County,538,NA,538,Northern Virginia,4,51107,school,280,Sycolin Creek Elementary
2021-2022,53,Loudoun County,1137,1,1138,Northern Virginia,4,51107,school,1040,Trailside Middle
2021-2022,53,Loudoun County,1398,3,1401,Northern Virginia,4,51107,school,200,Tuscarora High
2021-2022,53,Loudoun County,20,NA,20,Northern Virginia,4,51107,school,532,W.O. Robey High
2021-2022,53,Loudoun County,232,NA,232,Northern Virginia,4,51107,school,700,Waterford Elementary
2021-2022,53,Loudoun County,728,NA,728,Northern Virginia,4,51107,school,1140,Waxpool Elementary
2021-2022,53,Loudoun County,1573,NA,1573,Northern Virginia,4,51107,school,360,Willard Middle
2021-2022,53,Loudoun County,1562,4,1566,Northern Virginia,4,51107,school,590,Woodgrove High
2021-2022,54,Louisa County,575,NA,575,Valley,5,51109,school,660,Jouett Elementary
2021-2022,54,Louisa County,1642,NA,1642,Valley,5,51109,school,602,Louisa County High
2021-2022,54,Louisa County,1212,NA,1212,Valley,5,51109,school,601,Louisa County Middle
2021-2022,54,Louisa County,591,NA,591,Valley,5,51109,school,80,Moss-Nuckols Elementary
2021-2022,54,Louisa County,647,NA,647,Valley,5,51109,school,610,Thomas Jefferson Elementary
2021-2022,54,Louisa County,501,NA,501,Valley,5,51109,school,641,Trevilians Elementary
2021-2022,55,Lunenburg County,492,NA,492,Southside,8,51111,school,560,Central High
2021-2022,55,Lunenburg County,360,NA,360,Southside,8,51111,school,240,Kenbridge Elementary
2021-2022,55,Lunenburg County,364,NA,364,Southside,8,51111,school,171,Lunenburg Middle
2021-2022,55,Lunenburg County,391,NA,391,Southside,8,51111,school,140,Victoria Elementary
2021-2022,115,Lynchburg City,369,3,372,Valley,5,51680,school,290,Bedford Hills Elementary
2021-2022,115,Lynchburg City,144,3,147,Valley,5,51680,school,70,Dearington Elementary/Innovation
2021-2022,115,Lynchburg City,1359,NA,1359,Valley,5,51680,school,260,E.C. Glass High
2021-2022,115,Lynchburg City,439,9,448,Valley,5,51680,school,1102,Heritage Elementary
2021-2022,115,Lynchburg City,1066,NA,1066,Valley,5,51680,school,130,Heritage High
2021-2022,115,Lynchburg City,419,5,424,Valley,5,51680,school,360,Linkhorne Elementary
2021-2022,115,Lynchburg City,599,NA,599,Valley,5,51680,school,350,Linkhorne Middle
2021-2022,115,Lynchburg City,554,NA,554,Valley,5,51680,school,170,Paul Laurence Dunbar Middle for Innovation
2021-2022,115,Lynchburg City,350,5,355,Valley,5,51680,school,330,Paul Munro Elementary
2021-2022,115,Lynchburg City,370,1,371,Valley,5,51680,school,270,Perrymont Elementary
2021-2022,115,Lynchburg City,450,4,454,Valley,5,51680,school,190,Robert S. Payne Elementary
2021-2022,115,Lynchburg City,334,4,338,Valley,5,51680,school,370,Sandusky Elementary
2021-2022,115,Lynchburg City,548,NA,548,Valley,5,51680,school,340,Sandusky Middle
2021-2022,115,Lynchburg City,442,9,451,Valley,5,51680,school,300,Sheffield Elementary
2021-2022,115,Lynchburg City,201,NA,201,Valley,5,51680,school,90,T.C. Miller Elementary for Innovation
2021-2022,115,Lynchburg City,186,6,192,Valley,5,51680,school,250,William M. Bass Elementary
2021-2022,56,Madison County,556,3,559,Northern Virginia,4,51113,school,221,Madison County High
2021-2022,56,Madison County,324,42,366,Northern Virginia,4,51113,school,230,Madison Primary
2021-2022,56,Madison County,351,NA,351,Northern Virginia,4,51113,school,200,Waverly Yowell Elementary
2021-2022,56,Madison County,388,NA,388,Northern Virginia,4,51113,school,222,William H. Wetsel Middle
2021-2022,143,Manassas City,582,79,661,Northern Virginia,4,51683,school,470,Baldwin Elementary
2021-2022,143,Manassas City,274,NA,274,Northern Virginia,4,51683,school,471,Baldwin Intermediate
2021-2022,143,Manassas City,469,76,545,Northern Virginia,4,51683,school,60,George Carr Round Elementary
2021-2022,143,Manassas City,1115,NA,1115,Northern Virginia,4,51683,school,70,Grace E. Metz Middle
2021-2022,143,Manassas City,559,88,647,Northern Virginia,4,51683,school,310,Jennie Dean Elementary
2021-2022,143,Manassas City,802,NA,802,Northern Virginia,4,51683,school,80,Mayfield Intermediate
2021-2022,143,Manassas City,2268,NA,2268,Northern Virginia,4,51683,school,370,Osbourn High
2021-2022,143,Manassas City,558,91,649,Northern Virginia,4,51683,school,20,Richard C. Haydon Elementary
2021-2022,143,Manassas City,532,99,631,Northern Virginia,4,51683,school,10,Weems Elementary
2021-2022,144,Manassas Park City,840,NA,840,Northern Virginia,4,51685,school,522,Cougar Elementary
2021-2022,144,Manassas Park City,737,NA,737,Northern Virginia,4,51685,school,420,Manassas Park Elementary
2021-2022,144,Manassas Park City,1122,NA,1122,Northern Virginia,4,51685,school,30,Manassas Park High
2021-2022,144,Manassas Park City,809,NA,809,Northern Virginia,4,51685,school,31,Manassas Park Middle
2021-2022,116,Martinsville City,403,NA,403,Western Virginia,6,51690,school,222,Albert Harris Elementary
2021-2022,116,Martinsville City,97,NA,97,Western Virginia,6,51690,school,224,Clearview Early Learning Center
2021-2022,116,Martinsville City,556,NA,556,Western Virginia,6,51690,school,110,Martinsville High
2021-2022,116,Martinsville City,402,NA,402,Western Virginia,6,51690,school,10,Martinsville Middle
2021-2022,116,Martinsville City,359,NA,359,Western Virginia,6,51690,school,223,Patrick Henry Elementary
2021-2022,57,Mathews County,319,NA,319,Northern Neck,3,51115,school,291,Mathews Elementary
2021-2022,57,Mathews County,293,NA,293,Northern Neck,3,51115,school,190,Mathews High
2021-2022,57,Mathews County,291,NA,291,Northern Neck,3,51115,school,100,Thomas Hunter Middle
2021-2022,58,Mecklenburg County,839,2,841,Southside,8,51117,school,980,Bluestone  High
2021-2022,58,Mecklenburg County,363,NA,363,Southside,8,51117,school,960,Bluestone Middle
2021-2022,58,Mecklenburg County,371,NA,371,Southside,8,51117,school,910,Chase City Elementary
2021-2022,58,Mecklenburg County,422,NA,422,Southside,8,51117,school,1000,Clarksville Elementary
2021-2022,58,Mecklenburg County,348,NA,348,Southside,8,51117,school,1020,LaCrosse Elementary
2021-2022,58,Mecklenburg County,842,NA,842,Southside,8,51117,school,990,Park View High
2021-2022,58,Mecklenburg County,504,NA,504,Southside,8,51117,school,950,Park View Middle
2021-2022,58,Mecklenburg County,749,NA,749,Southside,8,51117,school,190,South Hill Elementary
2021-2022,59,Middlesex County,593,NA,593,Northern Neck,3,51119,school,291,Middlesex Elementary
2021-2022,59,Middlesex County,335,NA,335,Northern Neck,3,51119,school,90,Middlesex High
2021-2022,59,Middlesex County,274,NA,274,Northern Neck,3,51119,school,140,St. Clare Walker Middle
2021-2022,60,Montgomery County,551,NA,551,Western Virginia,6,51121,school,902,Auburn Elementary
2021-2022,60,Montgomery County,373,NA,373,Western Virginia,6,51121,school,650,Auburn High
2021-2022,60,Montgomery County,288,NA,288,Western Virginia,6,51121,school,903,Auburn Middle
2021-2022,60,Montgomery County,274,NA,274,Western Virginia,6,51121,school,700,Belview Elementary
2021-2022,60,Montgomery County,1322,NA,1322,Western Virginia,6,51121,school,760,Blacksburg High
2021-2022,60,Montgomery County,927,NA,927,Western Virginia,6,51121,school,710,Blacksburg Middle
2021-2022,60,Montgomery County,389,NA,389,Western Virginia,6,51121,school,740,Christiansburg Elementary
2021-2022,60,Montgomery County,1095,2,1097,Western Virginia,6,51121,school,770,Christiansburg High
2021-2022,60,Montgomery County,793,NA,793,Western Virginia,6,51121,school,671,Christiansburg Middle
2021-2022,60,Montgomery County,437,NA,437,Western Virginia,6,51121,school,780,Christiansburg Primary
2021-2022,60,Montgomery County,398,NA,398,Western Virginia,6,51121,school,30,Eastern Montgomery Elementary
2021-2022,60,Montgomery County,292,1,293,Western Virginia,6,51121,school,904,Eastern Montgomery High
2021-2022,60,Montgomery County,561,NA,561,Western Virginia,6,51121,school,600,Falling Branch Elementary
2021-2022,60,Montgomery County,318,NA,318,Western Virginia,6,51121,school,750,Gilbert Linkous Elementary
2021-2022,60,Montgomery County,272,NA,272,Western Virginia,6,51121,school,10,Harding Avenue Elementary
2021-2022,60,Montgomery County,373,1,374,Western Virginia,6,51121,school,901,Kipps Elementary
2021-2022,60,Montgomery County,369,NA,369,Western Virginia,6,51121,school,730,Margaret Beeks Elementary
2021-2022,60,Montgomery County,456,NA,456,Western Virginia,6,51121,school,210,Prices Fork Elementary
2021-2022,60,Montgomery County,210,2,212,Western Virginia,6,51121,school,290,Shawsville Middle
2021-2022,62,Nelson County,545,NA,545,Valley,5,51125,school,710,Nelson County High
2021-2022,62,Nelson County,359,NA,359,Valley,5,51125,school,730,Nelson Middle
2021-2022,62,Nelson County,286,NA,286,Valley,5,51125,school,10,Rockfish River Elementary
2021-2022,62,Nelson County,348,NA,348,Valley,5,51125,school,20,Tye River Elementary
2021-2022,63,New Kent County,723,NA,723,Central Virginia,1,51127,school,180,George W. Watkins Elementary
2021-2022,63,New Kent County,701,NA,701,Central Virginia,1,51127,school,10,New Kent Elementary
2021-2022,63,New Kent County,1083,NA,1083,Central Virginia,1,51127,school,20,New Kent High
2021-2022,63,New Kent County,766,NA,766,Central Virginia,1,51127,school,100,New Kent Middle
2021-2022,117,Newport News City,602,NA,602,Tidewater,2,51700,school,1404,Achievable Dream Academy
2021-2022,117,Newport News City,505,NA,505,Tidewater,2,51700,school,1405,Achievable Dream Middle/High
2021-2022,117,Newport News City,370,NA,370,Tidewater,2,51700,school,1250,B.C. Charles Elementary
2021-2022,117,Newport News City,416,NA,416,Tidewater,2,51700,school,110,B.T. Washington Middle
2021-2022,117,Newport News City,593,NA,593,Tidewater,2,51700,school,1170,Carver Elementary
2021-2022,117,Newport News City,904,NA,904,Tidewater,2,51700,school,1393,Crittenden Middle
2021-2022,117,Newport News City,464,NA,464,Tidewater,2,51700,school,50,David A. Dutrow Elementary
2021-2022,117,Newport News City,530,3,533,Tidewater,2,51700,school,1398,Deer Park Elementary
2021-2022,117,Newport News City,382,NA,382,Tidewater,2,51700,school,1402,Denbigh Early Childhood Center
2021-2022,117,Newport News City,1211,NA,1211,Tidewater,2,51700,school,280,Denbigh High
2021-2022,117,Newport News City,558,NA,558,Tidewater,2,51700,school,130,Discovery STEM Academy
2021-2022,117,Newport News City,1115,NA,1115,Tidewater,2,51700,school,20,Ella J. Fitzgerald Middle
2021-2022,117,Newport News City,1083,NA,1083,Tidewater,2,51700,school,1260,Ethel M. Gildersleeve Middle
2021-2022,117,Newport News City,490,NA,490,Tidewater,2,51700,school,1407,General Stanford Elementary
2021-2022,117,Newport News City,421,NA,421,Tidewater,2,51700,school,70,George J. McIntosh Elementary
2021-2022,117,Newport News City,1169,NA,1169,Tidewater,2,51700,school,1395,Heritage High
2021-2022,117,Newport News City,544,NA,544,Tidewater,2,51700,school,1210,Hidenwood Elementary
2021-2022,117,Newport News City,378,NA,378,Tidewater,2,51700,school,1080,Hilton Elementary
2021-2022,117,Newport News City,952,NA,952,Tidewater,2,51700,school,1270,Homer L. Hines Middle
2021-2022,117,Newport News City,282,NA,282,Tidewater,2,51700,school,91,Huntington Middle
2021-2022,117,Newport News City,222,NA,222,Tidewater,2,51700,school,1411,John Marshall Early Childhood Center
2021-2022,117,Newport News City,606,NA,606,Tidewater,2,51700,school,300,Joseph H. Saunders Elementary
2021-2022,117,Newport News City,511,NA,511,Tidewater,2,51700,school,1180,Katherine Johnson Elementary
2021-2022,117,Newport News City,621,NA,621,Tidewater,2,51700,school,1290,Kiln Creek Elementary
2021-2022,117,Newport News City,451,NA,451,Tidewater,2,51700,school,310,Knollwood Meadows Elementary
2021-2022,117,Newport News City,417,NA,417,Tidewater,2,51700,school,200,L.F. Palmer Elementary
2021-2022,117,Newport News City,987,NA,987,Tidewater,2,51700,school,1400,Mary Passage Middle
2021-2022,117,Newport News City,1733,NA,1733,Tidewater,2,51700,school,1220,Menchville High
2021-2022,117,Newport News City,487,NA,487,Tidewater,2,51700,school,1120,Newsome Park Elementary
2021-2022,117,Newport News City,559,NA,559,Tidewater,2,51700,school,150,Oliver C. Greenwood Elementary
2021-2022,117,Newport News City,390,NA,390,Tidewater,2,51700,school,270,Richard T. Yates Elementary
2021-2022,117,Newport News City,586,NA,586,Tidewater,2,51700,school,1230,Richneck Elementary
2021-2022,117,Newport News City,485,NA,485,Tidewater,2,51700,school,1150,Riverside Elementary
2021-2022,117,Newport News City,445,NA,445,Tidewater,2,51700,school,250,Sedgefield Elementary
2021-2022,117,Newport News City,472,NA,472,Tidewater,2,51700,school,1240,Stoney Run Elementary
2021-2022,117,Newport News City,506,NA,506,Tidewater,2,51700,school,290,T. Ryland Sanford Elementary
2021-2022,117,Newport News City,1623,NA,1623,Tidewater,2,51700,school,1070,Warwick High
2021-2022,117,Newport News City,391,1,392,Tidewater,2,51700,school,1410,Watkins Early Childhood Center
2021-2022,117,Newport News City,469,NA,469,Tidewater,2,51700,school,320,Willis A. Jenkins Elementary
2021-2022,117,Newport News City,1742,1,1743,Tidewater,2,51700,school,1396,Woodside High
2021-2022,118,Norfolk City,719,NA,719,Tidewater,2,51710,school,185,Academy for Discovery at Lakewood
2021-2022,118,Norfolk City,868,NA,868,Tidewater,2,51710,school,760,Azalea Gardens Middle
2021-2022,118,Norfolk City,519,NA,519,Tidewater,2,51710,school,250,Bay View Elementary
2021-2022,118,Norfolk City,166,NA,166,Tidewater,2,51710,school,510,Berkley/Campostella Early Childhood Education Center
2021-2022,118,Norfolk City,1217,NA,1217,Tidewater,2,51710,school,20,Blair Middle
2021-2022,118,Norfolk City,978,NA,978,Tidewater,2,51710,school,880,Booker T Washington High
2021-2022,118,Norfolk City,413,NA,413,Tidewater,2,51710,school,40,Camp Allen Elementary
2021-2022,118,Norfolk City,320,NA,320,Tidewater,2,51710,school,220,Chesterfield Academy Elementary
2021-2022,118,Norfolk City,614,NA,614,Tidewater,2,51710,school,550,Coleman Place Elementary
2021-2022,118,Norfolk City,776,NA,776,Tidewater,2,51710,school,560,Crossroads Elementary
2021-2022,118,Norfolk City,87,NA,87,Tidewater,2,51710,school,740,Easton Preschool
2021-2022,118,Norfolk City,486,NA,486,Tidewater,2,51710,school,90,Ghent K-8
2021-2022,118,Norfolk City,496,NA,496,Tidewater,2,51710,school,420,Granby Elementary
2021-2022,118,Norfolk City,1863,NA,1863,Tidewater,2,51710,school,390,Granby High
2021-2022,118,Norfolk City,496,NA,496,Tidewater,2,51710,school,610,Ingleside Elementary
2021-2022,118,Norfolk City,541,NA,541,Tidewater,2,51710,school,430,Jacox Elementary
2021-2022,118,Norfolk City,256,NA,256,Tidewater,2,51710,school,131,James Monroe Elementary
2021-2022,118,Norfolk City,647,NA,647,Tidewater,2,51710,school,790,Lake Taylor
2021-2022,118,Norfolk City,1012,NA,1012,Tidewater,2,51710,school,840,Lake Taylor High
2021-2022,118,Norfolk City,448,NA,448,Tidewater,2,51710,school,210,Larchmont Elementary
2021-2022,118,Norfolk City,559,NA,559,Tidewater,2,51710,school,670,Larrymore Elementary
2021-2022,118,Norfolk City,280,NA,280,Tidewater,2,51710,school,520,Lindenwood Elementary
2021-2022,118,Norfolk City,590,NA,590,Tidewater,2,51710,school,682,Little Creek Elementary
2021-2022,118,Norfolk City,429,NA,429,Tidewater,2,51710,school,460,Mary Calcott Elementary
2021-2022,118,Norfolk City,1623,NA,1623,Tidewater,2,51710,school,10,Matthew Fontaine Maury High
2021-2022,118,Norfolk City,787,NA,787,Tidewater,2,51710,school,490,Northside Middle
2021-2022,118,Norfolk City,400,NA,400,Tidewater,2,51710,school,620,Norview Elementary
2021-2022,118,Norfolk City,1889,NA,1889,Tidewater,2,51710,school,580,Norview High
2021-2022,118,Norfolk City,1280,NA,1280,Tidewater,2,51710,school,570,Norview Middle
2021-2022,118,Norfolk City,492,NA,492,Tidewater,2,51710,school,190,Ocean View Elementary
2021-2022,118,Norfolk City,442,NA,442,Tidewater,2,51710,school,630,Oceanair Elementary
2021-2022,118,Norfolk City,292,NA,292,Tidewater,2,51710,school,530,P.B. Young Sr. Elementary
2021-2022,118,Norfolk City,473,NA,473,Tidewater,2,51710,school,480,Richard Bowling Elementary
2021-2022,118,Norfolk City,506,NA,506,Tidewater,2,51710,school,850,Sewells Point Elementary
2021-2022,118,Norfolk City,450,NA,450,Tidewater,2,51710,school,650,Sherwood Forest Elementary
2021-2022,118,Norfolk City,873,NA,873,Tidewater,2,51710,school,770,Southside STEM Academy at Campostella
2021-2022,118,Norfolk City,229,NA,229,Tidewater,2,51710,school,820,St. Helena Elementary
2021-2022,118,Norfolk City,445,NA,445,Tidewater,2,51710,school,500,Suburban Park Elementary
2021-2022,118,Norfolk City,550,NA,550,Tidewater,2,51710,school,100,Tanners Creek Elementary
2021-2022,118,Norfolk City,324,NA,324,Tidewater,2,51710,school,800,Tarrallton Elementary
2021-2022,118,Norfolk City,190,NA,190,Tidewater,2,51710,school,780,Tidewater Park Elementary
2021-2022,118,Norfolk City,318,NA,318,Tidewater,2,51710,school,150,Walter Herron Taylor Elementary
2021-2022,118,Norfolk City,488,NA,488,Tidewater,2,51710,school,471,Willard Model Elementary
2021-2022,118,Norfolk City,524,NA,524,Tidewater,2,51710,school,30,William H. Ruffner Middle
2021-2022,118,Norfolk City,123,NA,123,Tidewater,2,51710,school,860,Willoughby Early Childhood Center
2021-2022,65,Northampton County,356,NA,356,Tidewater,2,51131,school,452,Kiptopeke Elementary
2021-2022,65,Northampton County,426,NA,426,Tidewater,2,51131,school,350,Northampton High
2021-2022,65,Northampton County,194,NA,194,Tidewater,2,51131,school,360,Northampton Middle
2021-2022,65,Northampton County,374,NA,374,Tidewater,2,51131,school,451,Occohannock Elementary
2021-2022,66,Northumberland County,542,NA,542,Northern Neck,3,51133,school,331,Northumberland Elementary
2021-2022,66,Northumberland County,361,NA,361,Northern Neck,3,51133,school,40,Northumberland High
2021-2022,66,Northumberland County,278,NA,278,Northern Neck,3,51133,school,210,Northumberland Middle
2021-2022,119,Norton City,323,NA,323,Southwest,7,51720,school,20,J.I. Burton High
2021-2022,119,Norton City,505,NA,505,Southwest,7,51720,school,40,Norton Elementary
2021-2022,67,Nottoway County,389,NA,389,Southside,8,51135,school,340,Blackstone Primary
2021-2022,67,Nottoway County,358,NA,358,Southside,8,51135,school,330,Crewe Primary
2021-2022,67,Nottoway County,564,NA,564,Southside,8,51135,school,301,Nottoway High
2021-2022,67,Nottoway County,237,NA,237,Southside,8,51135,school,300,Nottoway Intermediate
2021-2022,67,Nottoway County,276,NA,276,Southside,8,51135,school,302,Nottoway Middle
2021-2022,68,Orange County,314,NA,314,Northern Virginia,4,51137,school,360,Gordon-Barbour Elementary
2021-2022,68,Orange County,253,NA,253,Northern Virginia,4,51137,school,70,Lightfoot Elementary
2021-2022,68,Orange County,496,NA,496,Northern Virginia,4,51137,school,50,Locust Grove Elementary
2021-2022,68,Orange County,671,NA,671,Northern Virginia,4,51137,school,471,Locust Grove Middle
2021-2022,68,Orange County,422,NA,422,Northern Virginia,4,51137,school,51,Locust Grove Primary
2021-2022,68,Orange County,1521,1,1522,Northern Virginia,4,51137,school,330,Orange County High
2021-2022,68,Orange County,645,NA,645,Northern Virginia,4,51137,school,370,Orange Elementary
2021-2022,68,Orange County,476,NA,476,Northern Virginia,4,51137,school,340,Prospect Heights Middle
2021-2022,68,Orange County,229,NA,229,Northern Virginia,4,51137,school,350,Unionville Elementary
2021-2022,69,Page County,464,NA,464,Northern Virginia,4,51139,school,350,Luray Elementary
2021-2022,69,Page County,503,NA,503,Northern Virginia,4,51139,school,110,Luray High
2021-2022,69,Page County,345,NA,345,Northern Virginia,4,51139,school,400,Luray Middle
2021-2022,69,Page County,552,NA,552,Northern Virginia,4,51139,school,380,Page County High
2021-2022,69,Page County,376,NA,376,Northern Virginia,4,51139,school,390,Page County Middle
2021-2022,69,Page County,307,NA,307,Northern Virginia,4,51139,school,310,Shenandoah Elementary
2021-2022,69,Page County,219,NA,219,Northern Virginia,4,51139,school,50,Springfield Elementary
2021-2022,69,Page County,370,NA,370,Northern Virginia,4,51139,school,210,Stanley Elementary
2021-2022,70,Patrick County,255,NA,255,Western Virginia,6,51141,school,440,Blue Ridge Elementary
2021-2022,70,Patrick County,217,NA,217,Western Virginia,6,51141,school,350,Hardin Reynolds Memorial School
2021-2022,70,Patrick County,424,NA,424,Western Virginia,6,51141,school,150,Meadows of Dan Elementary
2021-2022,70,Patrick County,867,NA,867,Western Virginia,6,51141,school,700,Patrick County High
2021-2022,70,Patrick County,254,NA,254,Western Virginia,6,51141,school,680,Patrick Springs Primary
2021-2022,70,Patrick County,377,NA,377,Western Virginia,6,51141,school,320,Stuart Elementary
2021-2022,70,Patrick County,144,NA,144,Western Virginia,6,51141,school,80,Woolwine Elementary
2021-2022,120,Petersburg City,521,NA,521,Central Virginia,1,51730,school,110,Cool Spring Elementary
2021-2022,120,Petersburg City,342,NA,342,Central Virginia,1,51730,school,170,Lakemont Elementary
2021-2022,120,Petersburg City,1027,NA,1027,Central Virginia,1,51730,school,200,Petersburg High
2021-2022,120,Petersburg City,523,NA,523,Central Virginia,1,51730,school,180,Pleasants Lane Elementary
2021-2022,120,Petersburg City,917,NA,917,Central Virginia,1,51730,school,121,Vernon Johns Middle
2021-2022,120,Petersburg City,525,NA,525,Central Virginia,1,51730,school,130,Walnut Hill Elementary
2021-2022,120,Petersburg City,324,NA,324,Central Virginia,1,51730,school,160,Westview Early Childhood Education Center
2021-2022,71,Pittsylvania County,210,NA,210,Western Virginia,6,51143,school,1853,Brosville Elementary
2021-2022,71,Pittsylvania County,239,NA,239,Western Virginia,6,51143,school,640,Chatham Elementary
2021-2022,71,Pittsylvania County,616,NA,616,Western Virginia,6,51143,school,1720,Chatham High
2021-2022,71,Pittsylvania County,462,NA,462,Western Virginia,6,51143,school,1660,Chatham Middle
2021-2022,71,Pittsylvania County,628,NA,628,Western Virginia,6,51143,school,1680,Dan River High
2021-2022,71,Pittsylvania County,444,NA,444,Western Virginia,6,51143,school,1090,Dan River Middle
2021-2022,71,Pittsylvania County,464,NA,464,Western Virginia,6,51143,school,280,Gretna Elementary
2021-2022,71,Pittsylvania County,554,NA,554,Western Virginia,6,51143,school,1700,Gretna High
2021-2022,71,Pittsylvania County,406,NA,406,Western Virginia,6,51143,school,290,Gretna Middle
2021-2022,71,Pittsylvania County,233,NA,233,Western Virginia,6,51143,school,30,John L. Hurt Elementary
2021-2022,71,Pittsylvania County,503,NA,503,Western Virginia,6,51143,school,1690,Kentuck Elementary
2021-2022,71,Pittsylvania County,132,NA,132,Western Virginia,6,51143,school,1750,Mount Airy Elementary
2021-2022,71,Pittsylvania County,393,NA,393,Western Virginia,6,51143,school,1460,Southside Elementary
2021-2022,71,Pittsylvania County,413,NA,413,Western Virginia,6,51143,school,1710,Stony Mill Elementary
2021-2022,71,Pittsylvania County,835,NA,835,Western Virginia,6,51143,school,1730,Tunstall High
2021-2022,71,Pittsylvania County,573,NA,573,Western Virginia,6,51143,school,1130,Tunstall Middle
2021-2022,71,Pittsylvania County,642,NA,642,Western Virginia,6,51143,school,1851,Twin Springs Elementary
2021-2022,71,Pittsylvania County,168,NA,168,Western Virginia,6,51143,school,1740,Union Hall Elementary
2021-2022,142,Poquoson City,452,NA,452,Tidewater,2,51735,school,150,Poquoson Elementary
2021-2022,142,Poquoson City,698,1,699,Tidewater,2,51735,school,10,Poquoson High
2021-2022,142,Poquoson City,472,NA,472,Tidewater,2,51735,school,130,Poquoson Middle
2021-2022,142,Poquoson City,434,31,465,Tidewater,2,51735,school,160,Poquoson Primary
2021-2022,121,Portsmouth City,432,NA,432,Tidewater,2,51740,school,1766,Brighton Elementary
2021-2022,121,Portsmouth City,628,NA,628,Tidewater,2,51740,school,321,Churchland Academy Elementary
2021-2022,121,Portsmouth City,652,NA,652,Tidewater,2,51740,school,650,Churchland Elementary
2021-2022,121,Portsmouth City,1419,NA,1419,Tidewater,2,51740,school,500,Churchland High
2021-2022,121,Portsmouth City,878,NA,878,Tidewater,2,51740,school,320,Churchland Middle
2021-2022,121,Portsmouth City,123,NA,123,Tidewater,2,51740,school,322,Churchland Preschool Center
2021-2022,121,Portsmouth City,599,NA,599,Tidewater,2,51740,school,160,Churchland Primary & Intermediate
2021-2022,121,Portsmouth City,665,NA,665,Tidewater,2,51740,school,1400,Cradock Elementary
2021-2022,121,Portsmouth City,524,NA,524,Tidewater,2,51740,school,1130,Cradock Middle
2021-2022,121,Portsmouth City,576,NA,576,Tidewater,2,51740,school,190,Douglass Park Elementary
2021-2022,121,Portsmouth City,482,NA,482,Tidewater,2,51740,school,1630,Hodges Manor Elementary
2021-2022,121,Portsmouth City,1091,NA,1091,Tidewater,2,51740,school,240,I.C. Norcom High
2021-2022,121,Portsmouth City,437,NA,437,Tidewater,2,51740,school,1650,Lakeview Elementary
2021-2022,121,Portsmouth City,1260,NA,1260,Tidewater,2,51740,school,1660,Manor High
2021-2022,121,Portsmouth City,217,NA,217,Tidewater,2,51740,school,1768,Mount Hermon Preschool Center
2021-2022,121,Portsmouth City,212,NA,212,Tidewater,2,51740,school,1770,Olive Branch Preschool Center
2021-2022,121,Portsmouth City,518,NA,518,Tidewater,2,51740,school,60,Park View Elementary
2021-2022,121,Portsmouth City,586,NA,586,Tidewater,2,51740,school,290,Simonsdale Elementary
2021-2022,121,Portsmouth City,559,NA,559,Tidewater,2,51740,school,1769,Victory Elementary
2021-2022,121,Portsmouth City,618,NA,618,Tidewater,2,51740,school,230,Waterview Elementary
2021-2022,121,Portsmouth City,471,NA,471,Tidewater,2,51740,school,210,Westhaven Elementary
2021-2022,121,Portsmouth City,570,NA,570,Tidewater,2,51740,school,310,William E. Waters Middle
2021-2022,72,Powhatan County,663,NA,663,Central Virginia,1,51145,school,21,Flat Rock Elementary
2021-2022,72,Powhatan County,762,NA,762,Central Virginia,1,51145,school,231,Pocahontas Elementary
2021-2022,72,Powhatan County,439,NA,439,Central Virginia,1,51145,school,13,Powhatan Elementary
2021-2022,72,Powhatan County,1444,9,1453,Central Virginia,1,51145,school,11,Powhatan High
2021-2022,72,Powhatan County,987,1,988,Central Virginia,1,51145,school,130,Powhatan Middle
2021-2022,73,Prince Edward County,580,NA,580,Southside,8,51147,school,400,Prince Edward County High
2021-2022,73,Prince Edward County,774,3,777,Southside,8,51147,school,10,Prince Edward Elementary
2021-2022,73,Prince Edward County,560,NA,560,Southside,8,51147,school,20,Prince Edward Middle
2021-2022,74,Prince George County,527,NA,527,Central Virginia,1,51149,school,340,David A. Harrison Elementary
2021-2022,74,Prince George County,1414,1,1415,Central Virginia,1,51149,school,320,J.E.J. Moore Middle
2021-2022,74,Prince George County,616,NA,616,Central Virginia,1,51149,school,310,L.L. Beazley Elementary
2021-2022,74,Prince George County,750,NA,750,Central Virginia,1,51149,school,290,North Elementary
2021-2022,74,Prince George County,1785,1,1786,Central Virginia,1,51149,school,20,Prince George High
2021-2022,74,Prince George County,490,NA,490,Central Virginia,1,51149,school,300,South Elementary
2021-2022,74,Prince George County,557,NA,557,Central Virginia,1,51149,school,280,William A. Walton Elementary
2021-2022,75,Prince William County,788,NA,788,Northern Virginia,4,51153,school,330,A. Henderson Elementary
2021-2022,75,Prince William County,768,NA,768,Northern Virginia,4,51153,school,760,Antietam Elementary
2021-2022,75,Prince William County,784,NA,784,Northern Virginia,4,51153,school,200,Ashland Elementary
2021-2022,75,Prince William County,2555,6,2561,Northern Virginia,4,51153,school,290,Battlefield High
2021-2022,75,Prince William County,395,NA,395,Northern Virginia,4,51153,school,670,Bel Air Elementary
2021-2022,75,Prince William County,510,NA,510,Northern Virginia,4,51153,school,600,Belmont Elementary
2021-2022,75,Prince William County,720,NA,720,Northern Virginia,4,51153,school,840,Bennett Elementary
2021-2022,75,Prince William County,940,1,941,Northern Virginia,4,51153,school,530,Brentsville District High
2021-2022,75,Prince William County,655,NA,655,Northern Virginia,4,51153,school,860,Bristow Run Elementary
2021-2022,75,Prince William County,739,NA,739,Northern Virginia,4,51153,school,950,Buckland Mills Elementary
2021-2022,75,Prince William County,1108,NA,1108,Northern Virginia,4,51153,school,920,Bull Run Middle
2021-2022,75,Prince William County,802,NA,802,Northern Virginia,4,51153,school,620,C.A. Sinclair Elementary
2021-2022,75,Prince William County,2077,1,2078,Northern Virginia,4,51153,school,710,C.D. Hylton High
2021-2022,75,Prince William County,506,NA,506,Northern Virginia,4,51153,school,900,Cedar Point Elementary
2021-2022,75,Prince William County,2869,1,2870,Northern Virginia,4,51153,school,5010,Charles J. Colgan Sr. High
2021-2022,75,Prince William County,795,NA,795,Northern Virginia,4,51153,school,970,Chris Yung Elementary
2021-2022,75,Prince William County,398,NA,398,Northern Virginia,4,51153,school,660,Coles Elementary
2021-2022,75,Prince William County,815,NA,815,Northern Virginia,4,51153,school,309,Covington-Harper Elementary
2021-2022,75,Prince William County,424,NA,424,Northern Virginia,4,51153,school,610,Dale City Elementary
2021-2022,75,Prince William County,467,NA,467,Northern Virginia,4,51153,school,280,Dumfries Elementary
2021-2022,75,Prince William County,1200,1,1201,Northern Virginia,4,51153,school,490,E.H. Marsteller Middle
2021-2022,75,Prince William County,547,NA,547,Northern Virginia,4,51153,school,580,Elizabeth Vaughan Elementary
2021-2022,75,Prince William County,393,NA,393,Northern Virginia,4,51153,school,120,Enterprise Elementary
2021-2022,75,Prince William County,902,NA,902,Northern Virginia,4,51153,school,370,Fannie W. Fitzgerald Elementary
2021-2022,75,Prince William County,512,NA,512,Northern Virginia,4,51153,school,450,Featherstone Elementary
2021-2022,75,Prince William County,2308,NA,2308,Northern Virginia,4,51153,school,870,Forest Park High
2021-2022,75,Prince William County,1143,NA,1143,Northern Virginia,4,51153,school,520,Fred M. Lynn Middle
2021-2022,75,Prince William County,2193,NA,2193,Northern Virginia,4,51153,school,300,Freedom High
2021-2022,75,Prince William County,1389,NA,1389,Northern Virginia,4,51153,school,5130,Gainesville High
2021-2022,75,Prince William County,1396,NA,1396,Northern Virginia,4,51153,school,960,Gainesville Middle
2021-2022,75,Prince William County,2513,NA,2513,Northern Virginia,4,51153,school,690,Gar-Field High
2021-2022,75,Prince William County,449,NA,449,Northern Virginia,4,51153,school,630,George G. Tyler Elementary
2021-2022,75,Prince William County,922,NA,922,Northern Virginia,4,51153,school,640,George M. Hampton Middle
2021-2022,75,Prince William County,703,NA,703,Northern Virginia,4,51153,school,770,George P. Mullen Elementary
2021-2022,75,Prince William County,636,NA,636,Northern Virginia,4,51153,school,340,Glenkirk Elementary
2021-2022,75,Prince William County,724,NA,724,Northern Virginia,4,51153,school,510,Graham Park Middle
2021-2022,75,Prince William County,865,NA,865,Northern Virginia,4,51153,school,250,Haymarket Elementary
2021-2022,75,Prince William County,1192,NA,1192,Northern Virginia,4,51153,school,380,Herbert J. Saunders Middle
2021-2022,75,Prince William County,577,NA,577,Northern Virginia,4,51153,school,220,J.W. Alvey Elementary
2021-2022,75,Prince William County,627,NA,627,Northern Virginia,4,51153,school,319,John D. Jenkins Elementary
2021-2022,75,Prince William County,872,NA,872,Northern Virginia,4,51153,school,130,John F. Pattie Sr. Elementary
2021-2022,75,Prince William County,333,NA,333,Northern Virginia,4,51153,school,70,Kerrydale Elementary
2021-2022,75,Prince William County,848,NA,848,Northern Virginia,4,51153,school,306,Kyle R. Wilson Elementary
2021-2022,75,Prince William County,687,NA,687,Northern Virginia,4,51153,school,180,Lake Ridge Elementary
2021-2022,75,Prince William County,1423,1,1424,Northern Virginia,4,51153,school,720,Lake Ridge Middle
2021-2022,75,Prince William County,670,NA,670,Northern Virginia,4,51153,school,830,Leesylvania Elementary
2021-2022,75,Prince William County,550,NA,550,Northern Virginia,4,51153,school,460,Loch Lomond Elementary
2021-2022,75,Prince William County,1392,NA,1392,Northern Virginia,4,51153,school,880,Louise A. Benton Middle
2021-2022,75,Prince William County,436,NA,436,Northern Virginia,4,51153,school,160,Martin Luther King Jr. Elementary
2021-2022,75,Prince William County,549,NA,549,Northern Virginia,4,51153,school,570,Marumsco Hills Elementary
2021-2022,75,Prince William County,670,NA,670,Northern Virginia,4,51153,school,231,Mary G. Porter Traditional
2021-2022,75,Prince William County,661,NA,661,Northern Virginia,4,51153,school,240,Mary Williams Elementary
2021-2022,75,Prince William County,604,NA,604,Northern Virginia,4,51153,school,30,Minnieville Elementary
2021-2022,75,Prince William County,607,NA,607,Northern Virginia,4,51153,school,800,Montclair Elementary
2021-2022,75,Prince William County,490,NA,490,Northern Virginia,4,51153,school,810,Mountain View Elementary
2021-2022,75,Prince William County,648,NA,648,Northern Virginia,4,51153,school,700,Neabsco Elementary
2021-2022,75,Prince William County,621,NA,621,Northern Virginia,4,51153,school,260,Occoquan Elementary
2021-2022,75,Prince William County,479,NA,479,Northern Virginia,4,51153,school,820,Old Bridge Elementary
2021-2022,75,Prince William County,2757,NA,2757,Northern Virginia,4,51153,school,80,Osbourn Park High
2021-2022,75,Prince William County,1459,NA,1459,Northern Virginia,4,51153,school,501,Parkside Middle
2021-2022,75,Prince William County,2342,3,2345,Northern Virginia,4,51153,school,1060,Patriot High
2021-2022,75,Prince William County,649,NA,649,Northern Virginia,4,51153,school,945,Pennington Traditional
2021-2022,75,Prince William County,752,NA,752,Northern Virginia,4,51153,school,110,Piney Branch Elementary
2021-2022,75,Prince William County,2004,NA,2004,Northern Virginia,4,51153,school,140,Potomac High
2021-2022,75,Prince William County,904,NA,904,Northern Virginia,4,51153,school,170,Potomac Middle
2021-2022,75,Prince William County,1077,NA,1077,Northern Virginia,4,51153,school,414,Potomac Shores Middle
2021-2022,75,Prince William County,546,NA,546,Northern Virginia,4,51153,school,550,Potomac View Elementary
2021-2022,75,Prince William County,646,NA,646,Northern Virginia,4,51153,school,440,R. Dean Kilby Elementary
2021-2022,75,Prince William County,1196,NA,1196,Northern Virginia,4,51153,school,591,Rippon Middle
2021-2022,75,Prince William County,564,NA,564,Northern Virginia,4,51153,school,750,River Oaks Elementary
2021-2022,75,Prince William County,492,NA,492,Northern Virginia,4,51153,school,40,Rockledge Elementary
2021-2022,75,Prince William County,1386,NA,1386,Northern Virginia,4,51153,school,310,Ronald Wilson Reagan Middle
2021-2022,75,Prince William County,612,NA,612,Northern Virginia,4,51153,school,941,Rosa Parks Elementary
2021-2022,75,Prince William County,808,NA,808,Northern Virginia,4,51153,school,360,Samuel L. Gravely Jr. Elementary
2021-2022,75,Prince William County,417,NA,417,Northern Virginia,4,51153,school,730,Sharon C. McAuliffe Elementary
2021-2022,75,Prince William County,751,NA,751,Northern Virginia,4,51153,school,500,Signal Hill Elementary
2021-2022,75,Prince William County,690,NA,690,Northern Virginia,4,51153,school,850,Sonnie Penn Elementary
2021-2022,75,Prince William County,864,NA,864,Northern Virginia,4,51153,school,320,Springwoods Elementary
2021-2022,75,Prince William County,1099,NA,1099,Northern Virginia,4,51153,school,780,Stuart M. Beville Middle
2021-2022,75,Prince William County,644,NA,644,Northern Virginia,4,51153,school,20,Sudley Elementary
2021-2022,75,Prince William County,457,NA,457,Northern Virginia,4,51153,school,270,Suella G. Ellis Elementary
2021-2022,75,Prince William County,612,NA,612,Northern Virginia,4,51153,school,890,Swans Creek Elementary
2021-2022,75,Prince William County,827,NA,827,Northern Virginia,4,51153,school,470,T. Clay Wood Elementary
2021-2022,75,Prince William County,1132,NA,1132,Northern Virginia,4,51153,school,150,The Nokesville School
2021-2022,75,Prince William County,646,NA,646,Northern Virginia,4,51153,school,790,Thurgood Marshall Elementary
2021-2022,75,Prince William County,732,NA,732,Northern Virginia,4,51153,school,430,Triangle Elementary
2021-2022,75,Prince William County,1101,NA,1101,Northern Virginia,4,51153,school,480,Unity Braxton Middle
2021-2022,75,Prince William County,2453,NA,2453,Northern Virginia,4,51153,school,680,Unity Reed High
2021-2022,75,Prince William County,651,NA,651,Northern Virginia,4,51153,school,390,Victory Elementary
2021-2022,75,Prince William County,590,NA,590,Northern Virginia,4,51153,school,540,West Gate Elementary
2021-2022,75,Prince William County,688,NA,688,Northern Virginia,4,51153,school,740,Westridge Elementary
2021-2022,75,Prince William County,61,NA,61,Northern Virginia,4,51153,school,190,Woodbine Pre-School Center
2021-2022,75,Prince William County,2831,5,2836,Northern Virginia,4,51153,school,60,Woodbridge High
2021-2022,75,Prince William County,1034,NA,1034,Northern Virginia,4,51153,school,560,Woodbridge Middle
2021-2022,75,Prince William County,796,NA,796,Northern Virginia,4,51153,school,350,Yorkshire Elementary
2021-2022,77,Pulaski County,399,NA,399,Southwest,7,51155,school,20,Critzer Elementary
2021-2022,77,Pulaski County,415,NA,415,Southwest,7,51155,school,540,Dublin Elementary
2021-2022,77,Pulaski County,909,NA,909,Southwest,7,51155,school,560,Pulaski County Middle
2021-2022,77,Pulaski County,1227,NA,1227,Southwest,7,51155,school,10,Pulaski County Senior High
2021-2022,77,Pulaski County,516,NA,516,Southwest,7,51155,school,230,Pulaski Elementary
2021-2022,77,Pulaski County,372,NA,372,Southwest,7,51155,school,500,Riverlawn Elementary
2021-2022,77,Pulaski County,203,NA,203,Southwest,7,51155,school,430,Snowville Elementary
2021-2022,122,Radford City,970,NA,970,Southwest,7,51750,school,10,Belle Heth Elementary
2021-2022,122,Radford City,521,NA,521,Southwest,7,51750,school,42,John N. Dalton Intermediate
2021-2022,122,Radford City,381,NA,381,Southwest,7,51750,school,20,McHarg Elementary
2021-2022,122,Radford City,829,NA,829,Southwest,7,51750,school,41,Radford High
2021-2022,78,Rappahannock County,450,NA,450,Northern Virginia,4,51157,school,240,Rappahannock County Elementary
2021-2022,78,Rappahannock County,303,NA,303,Northern Virginia,4,51157,school,230,Rappahannock County High
2021-2022,123,Richmond City,449,NA,449,Central Virginia,1,51760,school,30,Albert Hill Middle
2021-2022,123,Richmond City,18,NA,18,Central Virginia,1,51760,school,750,Amelia Street Special Education
2021-2022,123,Richmond City,776,NA,776,Central Virginia,1,51760,school,850,Armstrong High
2021-2022,123,Richmond City,276,NA,276,Central Virginia,1,51760,school,390,Barack Obama Elementary
2021-2022,123,Richmond City,200,NA,200,Central Virginia,1,51760,school,100,Bellevue Elementary
2021-2022,123,Richmond City,412,NA,412,Central Virginia,1,51760,school,50,Binford Middle
2021-2022,123,Richmond City,377,NA,377,Central Virginia,1,51760,school,170,Blackwell Elementary
2021-2022,123,Richmond City,655,NA,655,Central Virginia,1,51760,school,1100,Broad Rock Elementary
2021-2022,123,Richmond City,854,NA,854,Central Virginia,1,51760,school,1440,Cardinal Elementary
2021-2022,123,Richmond City,390,NA,390,Central Virginia,1,51760,school,830,Chimborazo Elementary
2021-2022,123,Richmond City,381,NA,381,Central Virginia,1,51760,school,1400,Elizabeth D. Redd Elementary
2021-2022,123,Richmond City,245,NA,245,Central Virginia,1,51760,school,710,Fairfield Court Elementary
2021-2022,123,Richmond City,317,NA,317,Central Virginia,1,51760,school,621,Franklin Military Academy
2021-2022,123,Richmond City,650,NA,650,Central Virginia,1,51760,school,1470,G.H. Reid Elementary
2021-2022,123,Richmond City,378,NA,378,Central Virginia,1,51760,school,311,George W. Carver Elementary
2021-2022,123,Richmond City,1296,2,1298,Central Virginia,1,51760,school,741,George Wythe High
2021-2022,123,Richmond City,276,NA,276,Central Virginia,1,51760,school,230,Ginter Park Elementary
2021-2022,123,Richmond City,431,NA,431,Central Virginia,1,51760,school,470,Henderson Middle
2021-2022,123,Richmond City,474,NA,474,Central Virginia,1,51760,school,290,Henry Marsh III Elementary
2021-2022,123,Richmond City,1339,NA,1339,Central Virginia,1,51760,school,1510,Huguenot High
2021-2022,123,Richmond City,251,NA,251,Central Virginia,1,51760,school,1640,J.B. Fisher Elementary
2021-2022,123,Richmond City,534,NA,534,Central Virginia,1,51760,school,1710,J.L. Francis Elementary
2021-2022,123,Richmond City,220,NA,220,Central Virginia,1,51760,school,600,John B. Cary Elementary
2021-2022,123,Richmond City,542,NA,542,Central Virginia,1,51760,school,730,John Marshall High
2021-2022,123,Richmond City,435,NA,435,Central Virginia,1,51760,school,3106,Linwood Holton Elementary
2021-2022,123,Richmond City,584,NA,584,Central Virginia,1,51760,school,3105,Lucille M. Brown Middle
2021-2022,123,Richmond City,145,NA,145,Central Virginia,1,51760,school,771,Martin Luther King Jr. Early Learning Center
2021-2022,123,Richmond City,514,NA,514,Central Virginia,1,51760,school,770,Martin Luther King Jr. Middle
2021-2022,123,Richmond City,410,NA,410,Central Virginia,1,51760,school,580,Mary Munford Elementary
2021-2022,123,Richmond City,541,NA,541,Central Virginia,1,51760,school,690,Maymont Pre-K Center
2021-2022,123,Richmond City,528,NA,528,Central Virginia,1,51760,school,3107,Miles Jones Elementary
2021-2022,123,Richmond City,546,NA,546,Central Virginia,1,51760,school,330,Oak Grove/Bellemeade Elementary
2021-2022,123,Richmond City,188,NA,188,Central Virginia,1,51760,school,90,Open High
2021-2022,123,Richmond City,265,NA,265,Central Virginia,1,51760,school,130,Overby-Sheppard Elementary
2021-2022,123,Richmond City,316,NA,316,Central Virginia,1,51760,school,3119,Patrick Henry School Of Science And Arts
2021-2022,123,Richmond City,142,NA,142,Central Virginia,1,51760,school,3110,Richmond Alternative
2021-2022,123,Richmond City,22,NA,22,Central Virginia,1,51760,school,3200,Richmond Career Education and Employment Charter School
2021-2022,123,Richmond City,211,NA,211,Central Virginia,1,51760,school,452,Richmond Community High
2021-2022,123,Richmond City,1515,NA,1515,Central Virginia,1,51760,school,1631,River City Middle
2021-2022,123,Richmond City,435,NA,435,Central Virginia,1,51760,school,1480,Southampton Elementary
2021-2022,123,Richmond City,124,NA,124,Central Virginia,1,51760,school,511,Summer Hill Preschool Center
2021-2022,123,Richmond City,161,NA,161,Central Virginia,1,51760,school,210,Swansboro Elementary
2021-2022,123,Richmond City,455,NA,455,Central Virginia,1,51760,school,480,Thomas C. Boushall Middle
2021-2022,123,Richmond City,908,NA,908,Central Virginia,1,51760,school,20,Thomas Jefferson High
2021-2022,123,Richmond City,368,NA,368,Central Virginia,1,51760,school,660,Westover Hills Elementary
2021-2022,123,Richmond City,358,NA,358,Central Virginia,1,51760,school,200,William Fox Elementary
2021-2022,123,Richmond City,265,NA,265,Central Virginia,1,51760,school,650,Woodville Elementary
2021-2022,79,Richmond County,541,NA,541,Northern Neck,3,51159,school,210,Rappahannock High
2021-2022,79,Richmond County,809,NA,809,Northern Neck,3,51159,school,20,Richmond County Elementary
2021-2022,124,Roanoke City,585,NA,585,Western Virginia,6,51770,school,280,Addison Aerospace Magnet Middle
2021-2022,124,Roanoke City,668,NA,668,Western Virginia,6,51770,school,210,Breckinridge Middle
2021-2022,124,Roanoke City,321,NA,321,Western Virginia,6,51770,school,20,Crystal Spring Elementary
2021-2022,124,Roanoke City,512,NA,512,Western Virginia,6,51770,school,410,Fairview Elementary
2021-2022,124,Roanoke City,566,NA,566,Western Virginia,6,51770,school,50,Fallon Park Elementary
2021-2022,124,Roanoke City,269,4,273,Western Virginia,6,51770,school,380,Fishburn Park Elementary
2021-2022,124,Roanoke City,280,NA,280,Western Virginia,6,51770,school,300,Garden City Elementary
2021-2022,124,Roanoke City,341,3,344,Western Virginia,6,51770,school,310,Grandin Court Elementary
2021-2022,124,Roanoke City,376,NA,376,Western Virginia,6,51770,school,110,Highland Park Elementary
2021-2022,124,Roanoke City,340,NA,340,Western Virginia,6,51770,school,420,Hurt Park Elementary
2021-2022,124,Roanoke City,586,NA,586,Western Virginia,6,51770,school,450,James Madison Middle
2021-2022,124,Roanoke City,493,NA,493,Western Virginia,6,51770,school,230,John P. Fishwick Middle
2021-2022,124,Roanoke City,291,NA,291,Western Virginia,6,51770,school,340,Lincoln Terrace Elementary
2021-2022,124,Roanoke City,477,NA,477,Western Virginia,6,51770,school,370,Monterey Elementary
2021-2022,124,Roanoke City,250,12,262,Western Virginia,6,51770,school,60,Morningside Elementary
2021-2022,124,Roanoke City,2039,NA,2039,Western Virginia,6,51770,school,390,Patrick Henry High
2021-2022,124,Roanoke City,512,NA,512,Western Virginia,6,51770,school,240,Preston Park Elementary
2021-2022,124,Roanoke City,385,NA,385,Western Virginia,6,51770,school,220,Roanoke Academy For Mathematics & Science Elementary
2021-2022,124,Roanoke City,745,NA,745,Western Virginia,6,51770,school,320,Round Hill Elementary
2021-2022,124,Roanoke City,290,NA,290,Western Virginia,6,51770,school,70,Virginia Heights Elementary
2021-2022,124,Roanoke City,215,NA,215,Western Virginia,6,51770,school,90,Wasena Elementary
2021-2022,124,Roanoke City,681,2,683,Western Virginia,6,51770,school,350,Westside Elementary
2021-2022,124,Roanoke City,1828,NA,1828,Western Virginia,6,51770,school,400,William Fleming High
2021-2022,124,Roanoke City,651,NA,651,Western Virginia,6,51770,school,150,Woodrow Wilson Middle
2021-2022,80,Roanoke County,284,NA,284,Western Virginia,6,51161,school,420,Back Creek Elementary
2021-2022,80,Roanoke County,323,NA,323,Western Virginia,6,51161,school,752,Bonsack Elementary
2021-2022,80,Roanoke County,450,NA,450,Western Virginia,6,51161,school,180,Burlington Elementary
2021-2022,80,Roanoke County,488,NA,488,Western Virginia,6,51161,school,560,Cave Spring Elementary
2021-2022,80,Roanoke County,1024,NA,1024,Western Virginia,6,51161,school,470,Cave Spring High
2021-2022,80,Roanoke County,775,NA,775,Western Virginia,6,51161,school,620,Cave Spring Middle
2021-2022,80,Roanoke County,336,NA,336,Western Virginia,6,51161,school,330,Clearbrook Elementary
2021-2022,80,Roanoke County,255,NA,255,Western Virginia,6,51161,school,40,Fort Lewis Elementary
2021-2022,80,Roanoke County,407,NA,407,Western Virginia,6,51161,school,650,Glen Cove Elementary
2021-2022,80,Roanoke County,341,NA,341,Western Virginia,6,51161,school,490,Glenvar Elementary
2021-2022,80,Roanoke County,623,NA,623,Western Virginia,6,51161,school,610,Glenvar High
2021-2022,80,Roanoke County,440,NA,440,Western Virginia,6,51161,school,751,Glenvar Middle
2021-2022,80,Roanoke County,539,NA,539,Western Virginia,6,51161,school,600,Green Valley Elementary
2021-2022,80,Roanoke County,403,NA,403,Western Virginia,6,51161,school,540,Herman L. Horn Elementary
2021-2022,80,Roanoke County,821,NA,821,Western Virginia,6,51161,school,754,Hidden Valley High
2021-2022,80,Roanoke County,557,NA,557,Western Virginia,6,51161,school,10,Hidden Valley Middle
2021-2022,80,Roanoke County,203,NA,203,Western Virginia,6,51161,school,530,Mason's Cove Elementary
2021-2022,80,Roanoke County,251,NA,251,Western Virginia,6,51161,school,290,Mount Pleasant Elementary
2021-2022,80,Roanoke County,322,NA,322,Western Virginia,6,51161,school,500,Mountain View Elementary
2021-2022,80,Roanoke County,913,NA,913,Western Virginia,6,51161,school,520,Northside High
2021-2022,80,Roanoke County,657,NA,657,Western Virginia,6,51161,school,640,Northside Middle
2021-2022,80,Roanoke County,406,NA,406,Western Virginia,6,51161,school,480,Oak Grove Elementary
2021-2022,80,Roanoke County,436,NA,436,Western Virginia,6,51161,school,50,Penn Forest Elementary
2021-2022,80,Roanoke County,503,NA,503,Western Virginia,6,51161,school,60,W.E. Cundiff Elementary
2021-2022,80,Roanoke County,1107,NA,1107,Western Virginia,6,51161,school,630,William Byrd High
2021-2022,80,Roanoke County,867,NA,867,Western Virginia,6,51161,school,232,William Byrd Middle
2021-2022,81,Rockbridge County,431,NA,431,Valley,5,51163,school,650,Central Elementary
2021-2022,81,Rockbridge County,241,NA,241,Valley,5,51163,school,150,Fairfield Elementary
2021-2022,81,Rockbridge County,567,4,571,Valley,5,51163,school,678,Maury River Middle
2021-2022,81,Rockbridge County,133,NA,133,Valley,5,51163,school,340,Mountain View Elementary
2021-2022,81,Rockbridge County,219,NA,219,Valley,5,51163,school,641,Natural Bridge Elementary
2021-2022,81,Rockbridge County,1039,NA,1039,Valley,5,51163,school,22,Rockbridge County High
2021-2022,82,Rockingham County,957,5,962,Valley,5,51165,school,870,Broadway High
2021-2022,82,Rockingham County,682,NA,682,Valley,5,51165,school,861,Cub Run Elementary
2021-2022,82,Rockingham County,757,4,761,Valley,5,51165,school,391,East Rockingham High
2021-2022,82,Rockingham County,280,NA,280,Valley,5,51165,school,400,Elkton Elementary
2021-2022,82,Rockingham County,593,NA,593,Valley,5,51165,school,900,Elkton Middle
2021-2022,82,Rockingham County,130,NA,130,Valley,5,51165,school,940,Fulks Run Elementary
2021-2022,82,Rockingham County,644,NA,644,Valley,5,51165,school,960,J. Frank Hillyard Middle
2021-2022,82,Rockingham County,491,NA,491,Valley,5,51165,school,1071,John C. Myers Elementary
2021-2022,82,Rockingham County,521,NA,521,Valley,5,51165,school,970,John W. Wayland Elementary
2021-2022,82,Rockingham County,241,NA,241,Valley,5,51165,school,500,Lacey Spring Elementary
2021-2022,82,Rockingham County,161,NA,161,Valley,5,51165,school,360,Linville-Edom Elementary
2021-2022,82,Rockingham County,237,NA,237,Valley,5,51165,school,600,McGaheysville Elementary
2021-2022,82,Rockingham County,614,NA,614,Valley,5,51165,school,860,Montevideo Middle
2021-2022,82,Rockingham County,382,NA,382,Valley,5,51165,school,520,Mountain View Elementary
2021-2022,82,Rockingham County,180,NA,180,Valley,5,51165,school,920,Ottobine Elementary
2021-2022,82,Rockingham County,466,NA,466,Valley,5,51165,school,1073,Peak View Elementary
2021-2022,82,Rockingham County,438,NA,438,Valley,5,51165,school,10,Plains Elementary
2021-2022,82,Rockingham County,212,NA,212,Valley,5,51165,school,950,Pleasant Valley Elementary
2021-2022,82,Rockingham County,344,NA,344,Valley,5,51165,school,390,River Bend Elementary
2021-2022,82,Rockingham County,300,NA,300,Valley,5,51165,school,830,South River Elementary
2021-2022,82,Rockingham County,950,2,952,Valley,5,51165,school,20,Spotswood High
2021-2022,82,Rockingham County,1006,10,1016,Valley,5,51165,school,850,Turner Ashby High
2021-2022,82,Rockingham County,703,NA,703,Valley,5,51165,school,890,Wilbur S. Pence Middle
2021-2022,83,Russell County,142,NA,142,Southwest,7,51167,school,580,Belfast Elementary
2021-2022,83,Russell County,321,NA,321,Southwest,7,51167,school,792,Castlewood Elementary
2021-2022,83,Russell County,320,NA,320,Southwest,7,51167,school,791,Castlewood High
2021-2022,83,Russell County,98,NA,98,Southwest,7,51167,school,820,Copper Creek Elementary
2021-2022,83,Russell County,585,NA,585,Southwest,7,51167,school,890,Honaker Elementary
2021-2022,83,Russell County,461,NA,461,Southwest,7,51167,school,540,Honaker High
2021-2022,83,Russell County,289,NA,289,Southwest,7,51167,school,410,Lebanon Elementary
2021-2022,83,Russell County,586,NA,586,Southwest,7,51167,school,140,Lebanon High
2021-2022,83,Russell County,306,NA,306,Southwest,7,51167,school,902,Lebanon Middle
2021-2022,83,Russell County,241,NA,241,Southwest,7,51167,school,390,Lebanon Primary
2021-2022,83,Russell County,107,NA,107,Southwest,7,51167,school,710,Swords Creek Elementary
2021-2022,139,Salem City,887,NA,887,Western Virginia,6,51775,school,100,Andrew Lewis Middle
2021-2022,139,Salem City,437,NA,437,Western Virginia,6,51775,school,550,East Salem Elementary
2021-2022,139,Salem City,448,NA,448,Western Virginia,6,51775,school,90,G.W. Carver Elementary
2021-2022,139,Salem City,1249,NA,1249,Western Virginia,6,51775,school,70,Salem High
2021-2022,139,Salem City,379,NA,379,Western Virginia,6,51775,school,580,South Salem Elementary
2021-2022,139,Salem City,399,NA,399,Western Virginia,6,51775,school,460,West Salem Elementary
2021-2022,84,Scott County,282,NA,282,Southwest,7,51169,school,750,Duffield-Pattonsville Primary
2021-2022,84,Scott County,68,NA,68,Southwest,7,51169,school,42,Dungannon Intermediate
2021-2022,84,Scott County,62,NA,62,Southwest,7,51169,school,102,Fort Blackmore Primary
2021-2022,84,Scott County,644,2,646,Southwest,7,51169,school,770,Gate City High
2021-2022,84,Scott County,329,NA,329,Southwest,7,51169,school,771,Gate City Middle
2021-2022,84,Scott County,151,NA,151,Southwest,7,51169,school,670,Hilton Elementary
2021-2022,84,Scott County,259,NA,259,Southwest,7,51169,school,220,Nickelsville Elementary
2021-2022,84,Scott County,254,NA,254,Southwest,7,51169,school,260,Rye Cove High
2021-2022,84,Scott County,188,NA,188,Southwest,7,51169,school,20,Rye Cove Intermediate
2021-2022,84,Scott County,509,NA,509,Southwest,7,51169,school,641,Shoemaker Elementary
2021-2022,84,Scott County,245,NA,245,Southwest,7,51169,school,780,Twin Springs High
2021-2022,84,Scott County,338,NA,338,Southwest,7,51169,school,740,Weber City Elementary
2021-2022,84,Scott County,206,NA,206,Southwest,7,51169,school,790,Yuma Elementary
2021-2022,85,Shenandoah County,760,NA,760,Northern Virginia,4,51171,school,780,Central High
2021-2022,85,Shenandoah County,551,NA,551,Northern Virginia,4,51171,school,820,Honey Run Elementary
2021-2022,85,Shenandoah County,600,NA,600,Northern Virginia,4,51171,school,790,Mountain View High
2021-2022,85,Shenandoah County,350,NA,350,Northern Virginia,4,51171,school,40,North Fork Middle
2021-2022,85,Shenandoah County,514,NA,514,Northern Virginia,4,51171,school,30,Peter Muhlenberg Middle
2021-2022,85,Shenandoah County,857,NA,857,Northern Virginia,4,51171,school,810,Sandy Hook Elementary
2021-2022,85,Shenandoah County,460,NA,460,Northern Virginia,4,51171,school,50,Signal Knob Middle
2021-2022,85,Shenandoah County,572,NA,572,Northern Virginia,4,51171,school,770,Strasburg High
2021-2022,85,Shenandoah County,1015,NA,1015,Northern Virginia,4,51171,school,20,W.W. Robinson Elementary
2021-2022,86,Smyth County,173,NA,173,Southwest,7,51173,school,290,Atkins Elementary
2021-2022,86,Smyth County,558,NA,558,Southwest,7,51173,school,730,Chilhowie Elementary
2021-2022,86,Smyth County,421,NA,421,Southwest,7,51173,school,460,Chilhowie High
2021-2022,86,Smyth County,289,NA,289,Southwest,7,51173,school,851,Chilhowie Middle
2021-2022,86,Smyth County,324,NA,324,Southwest,7,51173,school,710,Marion Elementary
2021-2022,86,Smyth County,450,NA,450,Southwest,7,51173,school,680,Marion Middle
2021-2022,86,Smyth County,644,NA,644,Southwest,7,51173,school,700,Marion Senior High
2021-2022,86,Smyth County,242,NA,242,Southwest,7,51173,school,250,Northwood High
2021-2022,86,Smyth County,164,NA,164,Southwest,7,51173,school,120,Northwood Middle
2021-2022,86,Smyth County,361,NA,361,Southwest,7,51173,school,690,Oak Point Elementary
2021-2022,86,Smyth County,124,NA,124,Southwest,7,51173,school,720,Rich Valley Elementary
2021-2022,86,Smyth County,200,NA,200,Southwest,7,51173,school,740,Saltville Elementary
2021-2022,86,Smyth County,102,NA,102,Southwest,7,51173,school,555,Sugar Grove Elementary
2021-2022,87,Southampton County,193,NA,193,Tidewater,2,51175,school,710,Capron Elementary
2021-2022,87,Southampton County,237,NA,237,Tidewater,2,51175,school,20,Meherrin Elementary
2021-2022,87,Southampton County,240,NA,240,Tidewater,2,51175,school,10,Nottoway Elementary
2021-2022,87,Southampton County,535,NA,535,Tidewater,2,51175,school,780,Riverdale Elementary
2021-2022,87,Southampton County,749,NA,749,Tidewater,2,51175,school,690,Southampton High
2021-2022,87,Southampton County,646,NA,646,Tidewater,2,51175,school,700,Southampton Middle
2021-2022,88,Spotsylvania County,674,NA,674,Northern Neck,3,51177,school,10,Battlefield Elementary
2021-2022,88,Spotsylvania County,828,NA,828,Northern Neck,3,51177,school,50,Battlefield Middle
2021-2022,88,Spotsylvania County,277,NA,277,Northern Neck,3,51177,school,340,Berkeley Elementary
2021-2022,88,Spotsylvania County,654,NA,654,Northern Neck,3,51177,school,400,Brock Road Elementary
2021-2022,88,Spotsylvania County,760,NA,760,Northern Neck,3,51177,school,511,Cedar Forest Elementary
2021-2022,88,Spotsylvania County,429,NA,429,Northern Neck,3,51177,school,40,Chancellor Elementary
2021-2022,88,Spotsylvania County,1397,NA,1397,Northern Neck,3,51177,school,381,Chancellor High
2021-2022,88,Spotsylvania County,858,NA,858,Northern Neck,3,51177,school,382,Chancellor Middle
2021-2022,88,Spotsylvania County,764,NA,764,Northern Neck,3,51177,school,501,Courthouse Road Elementary
2021-2022,88,Spotsylvania County,503,NA,503,Northern Neck,3,51177,school,22,Courtland Elementary
2021-2022,88,Spotsylvania County,1549,1,1550,Northern Neck,3,51177,school,20,Courtland High
2021-2022,88,Spotsylvania County,773,NA,773,Northern Neck,3,51177,school,509,Freedom Middle
2021-2022,88,Spotsylvania County,714,NA,714,Northern Neck,3,51177,school,507,Harrison Road Elementary
2021-2022,88,Spotsylvania County,625,1,626,Northern Neck,3,51177,school,30,Lee Hill Elementary
2021-2022,88,Spotsylvania County,401,NA,401,Northern Neck,3,51177,school,350,Livingston Elementary
2021-2022,88,Spotsylvania County,1705,4,1709,Northern Neck,3,51177,school,506,Massaponax High
2021-2022,88,Spotsylvania County,717,1,718,Northern Neck,3,51177,school,505,Ni River Middle
2021-2022,88,Spotsylvania County,949,NA,949,Northern Neck,3,51177,school,508,Parkside Elementary
2021-2022,88,Spotsylvania County,697,NA,697,Northern Neck,3,51177,school,220,Post Oak Middle
2021-2022,88,Spotsylvania County,1919,3,1922,Northern Neck,3,51177,school,510,Riverbend High
2021-2022,88,Spotsylvania County,657,NA,657,Northern Neck,3,51177,school,503,Riverview Elementary
2021-2022,88,Spotsylvania County,591,NA,591,Northern Neck,3,51177,school,60,Salem Elementary
2021-2022,88,Spotsylvania County,680,NA,680,Northern Neck,3,51177,school,390,Smith Station Elementary
2021-2022,88,Spotsylvania County,513,NA,513,Northern Neck,3,51177,school,360,Spotswood Elementary
2021-2022,88,Spotsylvania County,559,NA,559,Northern Neck,3,51177,school,130,Spotsylvania Elementary
2021-2022,88,Spotsylvania County,1305,2,1307,Northern Neck,3,51177,school,370,Spotsylvania High
2021-2022,88,Spotsylvania County,972,NA,972,Northern Neck,3,51177,school,330,Spotsylvania Middle
2021-2022,88,Spotsylvania County,672,NA,672,Northern Neck,3,51177,school,502,Thornburg Middle
2021-2022,88,Spotsylvania County,640,NA,640,Northern Neck,3,51177,school,504,Wilderness Elementary
2021-2022,89,Stafford County,884,3,887,Northern Neck,3,51179,school,40,Andrew G. Wright Middle
2021-2022,89,Stafford County,858,NA,858,Northern Neck,3,51179,school,260,Anne E. Moncure Elementary
2021-2022,89,Stafford County,703,1,704,Northern Neck,3,51179,school,433,Anthony Burns Elementary
2021-2022,89,Stafford County,2055,NA,2055,Northern Neck,3,51179,school,421,Brooke Point High
2021-2022,89,Stafford County,1998,1,1999,Northern Neck,3,51179,school,424,Colonial Forge High
2021-2022,89,Stafford County,942,NA,942,Northern Neck,3,51179,school,431,Conway Elementary
2021-2022,89,Stafford County,816,2,818,Northern Neck,3,51179,school,432,Donald B. Dixon-Lyle R. Smith Middle
2021-2022,89,Stafford County,635,1,636,Northern Neck,3,51179,school,10,Edward E. Drew Jr. Middle
2021-2022,89,Stafford County,614,NA,614,Northern Neck,3,51179,school,280,Falmouth Elementary
2021-2022,89,Stafford County,618,NA,618,Northern Neck,3,51179,school,230,Ferry Farm Elementary
2021-2022,89,Stafford County,555,NA,555,Northern Neck,3,51179,school,41,Garrisonville Elementary
2021-2022,89,Stafford County,717,NA,717,Northern Neck,3,51179,school,270,Grafton Village Elementary
2021-2022,89,Stafford County,996,1,997,Northern Neck,3,51179,school,422,H.H. Poole Middle
2021-2022,89,Stafford County,867,NA,867,Northern Neck,3,51179,school,320,Hampton Oaks Elementary
2021-2022,89,Stafford County,590,NA,590,Northern Neck,3,51179,school,250,Hartwood Elementary
2021-2022,89,Stafford County,777,NA,777,Northern Neck,3,51179,school,427,Kate Waller Barrett Elementary
2021-2022,89,Stafford County,800,1,801,Northern Neck,3,51179,school,429,Margaret Brent Elementary
2021-2022,89,Stafford County,2144,2,2146,Northern Neck,3,51179,school,430,Mountain View High
2021-2022,89,Stafford County,1864,1,1865,Northern Neck,3,51179,school,30,North Stafford High
2021-2022,89,Stafford County,251,NA,251,Northern Neck,3,51179,school,992,North Star Early Childhood Education Center
2021-2022,89,Stafford County,975,NA,975,Northern Neck,3,51179,school,300,Park Ridge Elementary
2021-2022,89,Stafford County,273,NA,273,Northern Neck,3,51179,school,920,Rising Star Early Childhood Education Center at Melchers
2021-2022,89,Stafford County,639,NA,639,Northern Neck,3,51179,school,60,Rockhill Elementary
2021-2022,89,Stafford County,886,NA,886,Northern Neck,3,51179,school,425,Rocky Run Elementary
2021-2022,89,Stafford County,995,1,996,Northern Neck,3,51179,school,426,Rodney E. Thompson Middle
2021-2022,89,Stafford County,998,NA,998,Northern Neck,3,51179,school,440,Shirley C. Heim Middle
2021-2022,89,Stafford County,703,1,704,Northern Neck,3,51179,school,111,Stafford Elementary
2021-2022,89,Stafford County,907,NA,907,Northern Neck,3,51179,school,112,Stafford Middle
2021-2022,89,Stafford County,2060,2,2062,Northern Neck,3,51179,school,20,Stafford Senior High
2021-2022,89,Stafford County,948,NA,948,Northern Neck,3,51179,school,162,T. Benton Gayle Middle
2021-2022,89,Stafford County,593,NA,593,Northern Neck,3,51179,school,50,Widewater Elementary
2021-2022,89,Stafford County,795,NA,795,Northern Neck,3,51179,school,423,Winding Creek Elementary
2021-2022,126,Staunton City,392,NA,392,Valley,5,51790,school,40,Arthur R. Ware Elementary
2021-2022,126,Staunton City,370,NA,370,Valley,5,51790,school,70,Bessie Weller Elementary
2021-2022,126,Staunton City,599,NA,599,Valley,5,51790,school,110,Shelburne Middle
2021-2022,126,Staunton City,114,NA,114,Valley,5,51790,school,41,Staunton City School PreSchool Programs
2021-2022,126,Staunton City,840,NA,840,Valley,5,51790,school,30,Staunton High
2021-2022,126,Staunton City,425,NA,425,Valley,5,51790,school,90,Thomas C. McSwain Elementary
2021-2022,127,Suffolk City,345,NA,345,Tidewater,2,51800,school,50,Booker T. Washington Elementary
2021-2022,127,Suffolk City,759,NA,759,Tidewater,2,51800,school,397,Colonel Fred Cherry Middle
2021-2022,127,Suffolk City,727,NA,727,Tidewater,2,51800,school,440,Creekside Elementary
2021-2022,127,Suffolk City,531,NA,531,Tidewater,2,51800,school,210,Elephant's Fork Elementary
2021-2022,127,Suffolk City,764,NA,764,Tidewater,2,51800,school,90,Florence Bowser Elementary
2021-2022,127,Suffolk City,437,NA,437,Tidewater,2,51800,school,390,Forest Glen Middle
2021-2022,127,Suffolk City,720,NA,720,Tidewater,2,51800,school,450,Hillpoint Elementary
2021-2022,127,Suffolk City,511,NA,511,Tidewater,2,51800,school,370,John F. Kennedy Middle
2021-2022,127,Suffolk City,480,NA,480,Tidewater,2,51800,school,380,John Yeates Middle
2021-2022,127,Suffolk City,478,NA,478,Tidewater,2,51800,school,230,Kilby Shores Elementary
2021-2022,127,Suffolk City,1675,NA,1675,Tidewater,2,51800,school,395,King's Fork High
2021-2022,127,Suffolk City,1058,NA,1058,Tidewater,2,51800,school,393,King's Fork Middle
2021-2022,127,Suffolk City,1085,NA,1085,Tidewater,2,51800,school,300,Lakeland High
2021-2022,127,Suffolk City,638,NA,638,Tidewater,2,51800,school,330,Mack Benn Jr. Elementary
2021-2022,127,Suffolk City,396,NA,396,Tidewater,2,51800,school,220,Nansemond Parkway Elementary
2021-2022,127,Suffolk City,1662,NA,1662,Tidewater,2,51800,school,240,Nansemond River High
2021-2022,127,Suffolk City,776,NA,776,Tidewater,2,51800,school,391,Northern Shores Elementary
2021-2022,127,Suffolk City,458,NA,458,Tidewater,2,51800,school,70,Oakland Elementary
2021-2022,127,Suffolk City,548,NA,548,Tidewater,2,51800,school,47,Southwestern Elementary
2021-2022,90,Surry County,189,NA,189,Central Virginia,1,51181,school,30,Luther P. Jackson Middle
2021-2022,90,Surry County,228,NA,228,Central Virginia,1,51181,school,10,Surry County High
2021-2022,90,Surry County,240,NA,240,Central Virginia,1,51181,school,20,Surry Elementary
2021-2022,91,Sussex County,439,NA,439,Central Virginia,1,51183,school,483,Sussex Central Elementary
2021-2022,91,Sussex County,312,NA,312,Central Virginia,1,51183,school,340,Sussex Central High
2021-2022,91,Sussex County,224,NA,224,Central Virginia,1,51183,school,482,Sussex Central Middle
2021-2022,92,Tazewell County,156,NA,156,Southwest,7,51185,school,1020,Abb's Valley-Boissevain Elementary
2021-2022,92,Tazewell County,395,NA,395,Southwest,7,51185,school,830,Cedar Bluff Elementary
2021-2022,92,Tazewell County,340,NA,340,Southwest,7,51185,school,750,Dudley Primary
2021-2022,92,Tazewell County,513,NA,513,Southwest,7,51185,school,940,Graham High
2021-2022,92,Tazewell County,256,NA,256,Southwest,7,51185,school,960,Graham Intermediate
2021-2022,92,Tazewell County,389,NA,389,Southwest,7,51185,school,10,Graham Middle
2021-2022,92,Tazewell County,580,NA,580,Southwest,7,51185,school,822,Richlands Elementary
2021-2022,92,Tazewell County,680,NA,680,Southwest,7,51185,school,821,Richlands High
2021-2022,92,Tazewell County,465,NA,465,Southwest,7,51185,school,823,Richlands Middle
2021-2022,92,Tazewell County,514,NA,514,Southwest,7,51185,school,890,Tazewell High
2021-2022,92,Tazewell County,355,NA,355,Southwest,7,51185,school,450,Tazewell Intermediate
2021-2022,92,Tazewell County,366,NA,366,Southwest,7,51185,school,100,Tazewell Middle
2021-2022,92,Tazewell County,411,NA,411,Southwest,7,51185,school,1030,Tazewell Primary
2021-2022,128,Virginia Beach City,600,NA,600,Tidewater,2,51810,school,590,Alanton Elementary
2021-2022,128,Virginia Beach City,519,NA,519,Tidewater,2,51810,school,550,Arrowhead Elementary
2021-2022,128,Virginia Beach City,348,NA,348,Tidewater,2,51810,school,115,Bayside 6th Grade Campus
2021-2022,128,Virginia Beach City,489,NA,489,Tidewater,2,51810,school,280,Bayside Elementary
2021-2022,128,Virginia Beach City,1946,NA,1946,Tidewater,2,51810,school,530,Bayside High
2021-2022,128,Virginia Beach City,764,NA,764,Tidewater,2,51810,school,700,Bayside Middle
2021-2022,128,Virginia Beach City,622,NA,622,Tidewater,2,51810,school,60,Birdneck Elementary
2021-2022,128,Virginia Beach City,1085,NA,1085,Tidewater,2,51810,school,790,Brandon Middle
2021-2022,128,Virginia Beach City,568,NA,568,Tidewater,2,51810,school,630,Brookwood Elementary
2021-2022,128,Virginia Beach City,622,NA,622,Tidewater,2,51810,school,40,Centerville Elementary
2021-2022,128,Virginia Beach City,657,NA,657,Tidewater,2,51810,school,990,Christopher Farms Elementary
2021-2022,128,Virginia Beach City,488,NA,488,Tidewater,2,51810,school,720,College Park Elementary
2021-2022,128,Virginia Beach City,402,NA,402,Tidewater,2,51810,school,1041,Corporate Landing Elementary
2021-2022,128,Virginia Beach City,1068,NA,1068,Tidewater,2,51810,school,980,Corporate Landing Middle
2021-2022,128,Virginia Beach City,307,NA,307,Tidewater,2,51810,school,230,Creeds Elementary
2021-2022,128,Virginia Beach City,527,NA,527,Tidewater,2,51810,school,106,Diamond Springs Elementary
2021-2022,128,Virginia Beach City,512,NA,512,Tidewater,2,51810,school,780,Fairfield Elementary
2021-2022,128,Virginia Beach City,1807,NA,1807,Tidewater,2,51810,school,610,First Colonial High
2021-2022,128,Virginia Beach City,1907,NA,1907,Tidewater,2,51810,school,440,Floyd Kellam High
2021-2022,128,Virginia Beach City,1720,NA,1720,Tidewater,2,51810,school,30,Frank W. Cox High
2021-2022,128,Virginia Beach City,969,NA,969,Tidewater,2,51810,school,870,Glenwood Elementary
2021-2022,128,Virginia Beach City,1078,NA,1078,Tidewater,2,51810,school,430,Great Neck Middle
2021-2022,128,Virginia Beach City,400,NA,400,Tidewater,2,51810,school,1050,Green Run Collegiate
2021-2022,128,Virginia Beach City,316,NA,316,Tidewater,2,51810,school,770,Green Run Elementary
2021-2022,128,Virginia Beach City,1471,NA,1471,Tidewater,2,51810,school,10,Green Run High
2021-2022,128,Virginia Beach City,497,NA,497,Tidewater,2,51810,school,540,Hermitage Elementary
2021-2022,128,Virginia Beach City,459,NA,459,Tidewater,2,51810,school,600,Holland Elementary
2021-2022,128,Virginia Beach City,1200,NA,1200,Tidewater,2,51810,school,740,Independence Middle
2021-2022,128,Virginia Beach City,557,NA,557,Tidewater,2,51810,school,800,Indian Lakes Elementary
2021-2022,128,Virginia Beach City,750,NA,750,Tidewater,2,51810,school,360,John B. Dey Elementary
2021-2022,128,Virginia Beach City,440,NA,440,Tidewater,2,51810,school,450,Kempsville Elementary
2021-2022,128,Virginia Beach City,1936,NA,1936,Tidewater,2,51810,school,620,Kempsville High
2021-2022,128,Virginia Beach City,469,NA,469,Tidewater,2,51810,school,410,Kempsville Meadows Elementary
2021-2022,128,Virginia Beach City,787,NA,787,Tidewater,2,51810,school,690,Kempsville Middle
2021-2022,128,Virginia Beach City,499,NA,499,Tidewater,2,51810,school,420,King's Grant Elementary
2021-2022,128,Virginia Beach City,492,NA,492,Tidewater,2,51810,school,580,Kingston Elementary
2021-2022,128,Virginia Beach City,715,NA,715,Tidewater,2,51810,school,932,Landstown Elementary
2021-2022,128,Virginia Beach City,2197,NA,2197,Tidewater,2,51810,school,1030,Landstown High
2021-2022,128,Virginia Beach City,1349,NA,1349,Tidewater,2,51810,school,931,Landstown Middle
2021-2022,128,Virginia Beach City,1553,NA,1553,Tidewater,2,51810,school,970,Larkspur Middle
2021-2022,128,Virginia Beach City,512,NA,512,Tidewater,2,51810,school,330,Linkhorn Park Elementary
2021-2022,128,Virginia Beach City,465,NA,465,Tidewater,2,51810,school,460,Luxford Elementary
2021-2022,128,Virginia Beach City,365,NA,365,Tidewater,2,51810,school,520,Lynnhaven Elementary
2021-2022,128,Virginia Beach City,946,NA,946,Tidewater,2,51810,school,730,Lynnhaven Middle
2021-2022,128,Virginia Beach City,372,NA,372,Tidewater,2,51810,school,500,Malibu Elementary
2021-2022,128,Virginia Beach City,700,NA,700,Tidewater,2,51810,school,1020,New Castle Elementary
2021-2022,128,Virginia Beach City,427,NA,427,Tidewater,2,51810,school,710,Newtown Elementary
2021-2022,128,Virginia Beach City,453,NA,453,Tidewater,2,51810,school,760,North Landing Elementary
2021-2022,128,Virginia Beach City,581,NA,581,Tidewater,2,51810,school,880,Ocean Lakes Elementary
2021-2022,128,Virginia Beach City,1979,NA,1979,Tidewater,2,51810,school,960,Ocean Lakes High
2021-2022,128,Virginia Beach City,1306,NA,1306,Tidewater,2,51810,school,80,Old Donation School
2021-2022,128,Virginia Beach City,465,NA,465,Tidewater,2,51810,school,820,Parkway Elementary
2021-2022,128,Virginia Beach City,488,NA,488,Tidewater,2,51810,school,490,Pembroke Elementary
2021-2022,128,Virginia Beach City,485,NA,485,Tidewater,2,51810,school,660,Pembroke Meadows Elementary
2021-2022,128,Virginia Beach City,1029,NA,1029,Tidewater,2,51810,school,640,Plaza Middle
2021-2022,128,Virginia Beach City,747,NA,747,Tidewater,2,51810,school,680,Point O' View Elementary
2021-2022,128,Virginia Beach City,641,NA,641,Tidewater,2,51810,school,340,Princess Anne Elementary
2021-2022,128,Virginia Beach City,1709,NA,1709,Tidewater,2,51810,school,321,Princess Anne High
2021-2022,128,Virginia Beach City,1340,NA,1340,Tidewater,2,51810,school,750,Princess Anne Middle
2021-2022,128,Virginia Beach City,534,NA,534,Tidewater,2,51810,school,692,Providence Elementary
2021-2022,128,Virginia Beach City,589,NA,589,Tidewater,2,51810,school,900,Red Mill Elementary
2021-2022,128,Virginia Beach City,430,NA,430,Tidewater,2,51810,school,810,Rosemont Elementary
2021-2022,128,Virginia Beach City,523,NA,523,Tidewater,2,51810,school,840,Rosemont Forest Elementary
2021-2022,128,Virginia Beach City,535,NA,535,Tidewater,2,51810,school,830,Salem Elementary
2021-2022,128,Virginia Beach City,1664,NA,1664,Tidewater,2,51810,school,850,Salem High
2021-2022,128,Virginia Beach City,1115,NA,1115,Tidewater,2,51810,school,50,Salem Middle
2021-2022,128,Virginia Beach City,369,NA,369,Tidewater,2,51810,school,290,Seatack Elementary an Achievable Dream Academy
2021-2022,128,Virginia Beach City,421,NA,421,Tidewater,2,51810,school,300,Shelton Park Elementary
2021-2022,128,Virginia Beach City,592,NA,592,Tidewater,2,51810,school,940,Strawbridge Elementary
2021-2022,128,Virginia Beach City,564,NA,564,Tidewater,2,51810,school,910,Tallwood Elementary
2021-2022,128,Virginia Beach City,1836,NA,1836,Tidewater,2,51810,school,920,Tallwood High
2021-2022,128,Virginia Beach City,544,NA,544,Tidewater,2,51810,school,350,Thalia Elementary
2021-2022,128,Virginia Beach City,727,NA,727,Tidewater,2,51810,school,400,Thoroughgood Elementary
2021-2022,128,Virginia Beach City,656,NA,656,Tidewater,2,51810,school,100,Three Oaks Elementary
2021-2022,128,Virginia Beach City,511,NA,511,Tidewater,2,51810,school,510,Trantwood Elementary
2021-2022,128,Virginia Beach City,619,NA,619,Tidewater,2,51810,school,140,Virginia Beach Middle
2021-2022,128,Virginia Beach City,527,NA,527,Tidewater,2,51810,school,130,W.T. Cooke Elementary
2021-2022,128,Virginia Beach City,631,NA,631,Tidewater,2,51810,school,20,White Oaks Elementary
2021-2022,128,Virginia Beach City,434,NA,434,Tidewater,2,51810,school,470,Williams Elementary
2021-2022,128,Virginia Beach City,502,NA,502,Tidewater,2,51810,school,670,Windsor Oaks Elementary
2021-2022,128,Virginia Beach City,419,NA,419,Tidewater,2,51810,school,560,Windsor Woods Elementary
2021-2022,128,Virginia Beach City,654,NA,654,Tidewater,2,51810,school,390,Woodstock Elementary
2021-2022,93,Warren County,268,NA,268,Northern Virginia,4,51187,school,90,A.S. Rhodes Elementary
2021-2022,93,Warren County,478,NA,478,Northern Virginia,4,51187,school,140,E. Wilson Morrison Elementary
2021-2022,93,Warren County,437,NA,437,Northern Virginia,4,51187,school,371,Hilda J. Barbour Elementary
2021-2022,93,Warren County,523,NA,523,Northern Virginia,4,51187,school,20,Leslie Fox Keyser Elementary
2021-2022,93,Warren County,592,NA,592,Northern Virginia,4,51187,school,240,Ressie Jeffries Elementary
2021-2022,93,Warren County,881,NA,881,Northern Virginia,4,51187,school,250,Skyline High
2021-2022,93,Warren County,583,1,584,Northern Virginia,4,51187,school,260,Skyline Middle
2021-2022,93,Warren County,850,1,851,Northern Virginia,4,51187,school,230,Warren County High
2021-2022,93,Warren County,558,NA,558,Northern Virginia,4,51187,school,280,Warren County Middle
2021-2022,94,Washington County,441,NA,441,Southwest,7,51191,school,1080,Abingdon Elementary
2021-2022,94,Washington County,860,1,861,Southwest,7,51191,school,1030,Abingdon High
2021-2022,94,Washington County,165,NA,165,Southwest,7,51191,school,40,Damascus Middle
2021-2022,94,Washington County,656,NA,656,Southwest,7,51191,school,1110,E.B. Stanley Middle
2021-2022,94,Washington County,276,NA,276,Southwest,7,51191,school,1090,Glade Spring Middle
2021-2022,94,Washington County,275,NA,275,Southwest,7,51191,school,260,Greendale Elementary
2021-2022,94,Washington County,542,1,543,Southwest,7,51191,school,1070,High Point Elementary
2021-2022,94,Washington County,272,NA,272,Southwest,7,51191,school,1060,Holston High
2021-2022,94,Washington County,652,NA,652,Southwest,7,51191,school,1040,John S. Battle High
2021-2022,94,Washington County,506,NA,506,Southwest,7,51191,school,20,Meadowview Elementary
2021-2022,94,Washington County,399,NA,399,Southwest,7,51191,school,1050,Patrick Henry High
2021-2022,94,Washington County,397,NA,397,Southwest,7,51191,school,50,Rhea Valley Elementary
2021-2022,94,Washington County,275,NA,275,Southwest,7,51191,school,1020,Valley Institute Elementary
2021-2022,94,Washington County,455,NA,455,Southwest,7,51191,school,620,Wallace Middle
2021-2022,94,Washington County,561,1,562,Southwest,7,51191,school,70,Watauga Elementary
2021-2022,130,Waynesboro City,244,NA,244,Valley,5,51820,school,650,Berkeley Glenn Elementary
2021-2022,130,Waynesboro City,694,NA,694,Valley,5,51820,school,640,Kate Collins Middle
2021-2022,130,Waynesboro City,145,NA,145,Valley,5,51820,school,620,Wayne Hills Center
2021-2022,130,Waynesboro City,894,1,895,Valley,5,51820,school,600,Waynesboro High
2021-2022,130,Waynesboro City,234,NA,234,Valley,5,51820,school,580,Wenonah Elementary
2021-2022,130,Waynesboro City,381,NA,381,Valley,5,51820,school,630,Westwood Hills Elementary
2021-2022,130,Waynesboro City,429,NA,429,Valley,5,51820,school,751,William Perry Elementary
2021-2022,207,West Point,361,NA,361,NA,NA,NA,school,280,West Point Elementary
2021-2022,207,West Point,452,NA,452,NA,NA,NA,school,290,West Point Middle/High
2021-2022,95,Westmoreland County,338,NA,338,Northern Neck,3,51193,school,210,Cople Elementary
2021-2022,95,Westmoreland County,333,NA,333,Northern Neck,3,51193,school,300,Montross Middle
2021-2022,95,Westmoreland County,485,NA,485,Northern Neck,3,51193,school,120,Washington & Lee High
2021-2022,95,Westmoreland County,375,NA,375,Northern Neck,3,51193,school,310,Washington District Elementary
2021-2022,131,Williamsburg-James City County,631,NA,631,NA,NA,NA,school,60,Berkeley Middle
2021-2022,131,Williamsburg-James City County,480,49,529,NA,NA,NA,school,40,Clara Byrd Baker Elementary
2021-2022,131,Williamsburg-James City County,507,25,532,NA,NA,NA,school,80,D.J. Montague Elementary
2021-2022,131,Williamsburg-James City County,473,63,536,NA,NA,NA,school,190,J. Blaine Blayton Elementary
2021-2022,131,Williamsburg-James City County,545,NA,545,NA,NA,NA,school,25,James Blair Middle
2021-2022,131,Williamsburg-James City County,420,NA,420,NA,NA,NA,school,201,James River Elementary
2021-2022,131,Williamsburg-James City County,1237,NA,1237,NA,NA,NA,school,202,Jamestown High
2021-2022,131,Williamsburg-James City County,1137,NA,1137,NA,NA,NA,school,90,Lafayette High
2021-2022,131,Williamsburg-James City County,434,40,474,NA,NA,NA,school,50,Laurel Lane Elementary
2021-2022,131,Williamsburg-James City County,793,NA,793,NA,NA,NA,school,191,Lois Hornsby Middle
2021-2022,131,Williamsburg-James City County,675,NA,675,NA,NA,NA,school,205,Matoaka Elementary
2021-2022,131,Williamsburg-James City County,454,NA,454,NA,NA,NA,school,10,Matthew Whaley Elementary
2021-2022,131,Williamsburg-James City County,594,57,651,NA,NA,NA,school,70,Norge Elementary
2021-2022,131,Williamsburg-James City County,758,NA,758,NA,NA,NA,school,203,Stonehouse Elementary
2021-2022,131,Williamsburg-James City County,616,NA,616,NA,NA,NA,school,100,Toano Middle
2021-2022,131,Williamsburg-James City County,1334,NA,1334,NA,NA,NA,school,204,Warhill High
2021-2022,132,Winchester City,589,NA,589,Northern Virginia,4,51840,school,75,Daniel Morgan Intermediate
2021-2022,132,Winchester City,623,NA,623,Northern Virginia,4,51840,school,70,Daniel Morgan Middle
2021-2022,132,Winchester City,322,NA,322,Northern Virginia,4,51840,school,80,Frederick Douglass Elementary
2021-2022,132,Winchester City,366,NA,366,Northern Virginia,4,51840,school,50,Garland R. Quarles Elementary
2021-2022,132,Winchester City,1343,NA,1343,Northern Virginia,4,51840,school,40,John Handley High
2021-2022,132,Winchester City,503,NA,503,Northern Virginia,4,51840,school,90,John Kerr Elementary
2021-2022,132,Winchester City,397,NA,397,Northern Virginia,4,51840,school,20,Virginia Avenue Charlotte Dehart Elementary
2021-2022,96,Wise County,680,NA,680,Southwest,7,51195,school,1000,Central High
2021-2022,96,Wise County,311,NA,311,Southwest,7,51195,school,651,Coeburn Middle
2021-2022,96,Wise County,441,NA,441,Southwest,7,51195,school,653,Coeburn Primary
2021-2022,96,Wise County,384,NA,384,Southwest,7,51195,school,652,Eastside High
2021-2022,96,Wise County,494,NA,494,Southwest,7,51195,school,73,J.W. Adams Combined
2021-2022,96,Wise County,451,NA,451,Southwest,7,51195,school,320,L.F. Addington Middle
2021-2022,96,Wise County,429,NA,429,Southwest,7,51195,school,871,St. Paul Elementary
2021-2022,96,Wise County,576,NA,576,Southwest,7,51195,school,1010,Union High
2021-2022,96,Wise County,586,NA,586,Southwest,7,51195,school,1013,Union Middle
2021-2022,96,Wise County,839,NA,839,Southwest,7,51195,school,1012,Union Primary
2021-2022,96,Wise County,574,NA,574,Southwest,7,51195,school,1020,Wise Primary
2021-2022,97,Wythe County,458,NA,458,Southwest,7,51197,school,760,Fort Chiswell High
2021-2022,97,Wythe County,316,NA,316,Southwest,7,51197,school,1073,Fort Chiswell Middle
2021-2022,97,Wythe County,448,1,449,Southwest,7,51197,school,721,George Wythe High
2021-2022,97,Wythe County,212,NA,212,Southwest,7,51197,school,730,Jackson Memorial Elementary
2021-2022,97,Wythe County,208,NA,208,Southwest,7,51197,school,100,Max Meadows Elementary
2021-2022,97,Wythe County,339,NA,339,Southwest,7,51197,school,201,Rural Retreat Elementary
2021-2022,97,Wythe County,321,NA,321,Southwest,7,51197,school,202,Rural Retreat High
2021-2022,97,Wythe County,226,1,227,Southwest,7,51197,school,1074,Rural Retreat Middle
2021-2022,97,Wythe County,320,NA,320,Southwest,7,51197,school,1075,Scott Memorial Middle
2021-2022,97,Wythe County,251,NA,251,Southwest,7,51197,school,740,Sheffey Elementary
2021-2022,97,Wythe County,144,NA,144,Southwest,7,51197,school,440,Speedwell Elementary
2021-2022,97,Wythe County,588,NA,588,Southwest,7,51197,school,190,Spiller Elementary
2021-2022,98,York County,601,55,656,Tidewater,2,51199,school,180,Bethel Manor Elementary
2021-2022,98,York County,659,NA,659,Tidewater,2,51199,school,20,Bruton High
2021-2022,98,York County,662,38,700,Tidewater,2,51199,school,90,Coventry Elementary
2021-2022,98,York County,374,26,400,Tidewater,2,51199,school,160,Dare Elementary
2021-2022,98,York County,618,13,631,Tidewater,2,51199,school,140,Grafton Bethel Elementary
2021-2022,98,York County,1180,NA,1180,Tidewater,2,51199,school,332,Grafton High
2021-2022,98,York County,881,NA,881,Tidewater,2,51199,school,333,Grafton Middle
2021-2022,98,York County,595,11,606,Tidewater,2,51199,school,10,Magruder Elementary
2021-2022,98,York County,583,6,589,Tidewater,2,51199,school,80,Mount Vernon Elementary
2021-2022,98,York County,540,NA,540,Tidewater,2,51199,school,200,Queens Lake Middle
2021-2022,98,York County,522,32,554,Tidewater,2,51199,school,170,Seaford Elementary
2021-2022,98,York County,635,59,694,Tidewater,2,51199,school,50,Tabb Elementary
2021-2022,98,York County,1082,1,1083,Tidewater,2,51199,school,230,Tabb High
2021-2022,98,York County,890,NA,890,Tidewater,2,51199,school,190,Tabb Middle
2021-2022,98,York County,359,45,404,Tidewater,2,51199,school,220,Waller Mill Elementary
2021-2022,98,York County,1091,NA,1091,Tidewater,2,51199,school,30,York High
2021-2022,98,York County,61,NA,61,Tidewater,2,51199,school,335,York River Academy
2021-2022,98,York County,580,34,614,Tidewater,2,51199,school,210,Yorktown Elementary
2021-2022,98,York County,641,NA,641,Tidewater,2,51199,school,60,Yorktown Middle
2022-2023,1,Accomack County,396,NA,396,Tidewater,2,51001,school,701,Accawmacke Elementary
2022-2023,1,Accomack County,713,NA,713,Tidewater,2,51001,school,540,Arcadia High
2022-2023,1,Accomack County,482,NA,482,Tidewater,2,51001,school,704,Arcadia Middle
2022-2023,1,Accomack County,224,NA,224,Tidewater,2,51001,school,80,Chincoteague Elementary
2022-2023,1,Accomack County,295,NA,295,Tidewater,2,51001,school,580,Chincoteague High
2022-2023,1,Accomack County,479,NA,479,Tidewater,2,51001,school,600,Kegotank Elementary
2022-2023,1,Accomack County,535,NA,535,Tidewater,2,51001,school,702,Metompkin Elementary
2022-2023,1,Accomack County,636,1,637,Tidewater,2,51001,school,70,Nandua High
2022-2023,1,Accomack County,474,NA,474,Tidewater,2,51001,school,703,Nandua Middle
2022-2023,1,Accomack County,451,NA,451,Tidewater,2,51001,school,590,Pungoteague Elementary
2022-2023,1,Accomack County,41,NA,41,Tidewater,2,51001,school,530,Tangier Combined
2022-2023,2,Albemarle County,438,NA,438,Valley,5,51003,school,160,Agnor-Hurt Elementary
2022-2023,2,Albemarle County,1993,5,1998,Valley,5,51003,school,880,Albemarle High
2022-2023,2,Albemarle County,740,NA,740,Valley,5,51003,school,1053,Baker-Butler Elem
2022-2023,2,Albemarle County,288,NA,288,Valley,5,51003,school,100,Broadus Wood Elementary
2022-2023,2,Albemarle County,591,NA,591,Valley,5,51003,school,941,Brownsville Elementary
2022-2023,2,Albemarle County,192,NA,192,Valley,5,51003,school,890,Community Lab School
2022-2023,2,Albemarle County,514,NA,514,Valley,5,51003,school,340,Crozet Elementary
2022-2023,2,Albemarle County,352,NA,352,Valley,5,51003,school,10,Hollymead Elementary
2022-2023,2,Albemarle County,588,NA,588,Valley,5,51003,school,69,Jackson P. Burley Middle
2022-2023,2,Albemarle County,808,4,812,Valley,5,51003,school,942,Joseph T. Henley Middle
2022-2023,2,Albemarle County,634,NA,634,Valley,5,51003,school,950,Journey Middle
2022-2023,2,Albemarle County,513,1,514,Valley,5,51003,school,1051,Lakeside Middle
2022-2023,2,Albemarle County,340,NA,340,Valley,5,51003,school,20,Leslie H. Walton Middle
2022-2023,2,Albemarle County,495,NA,495,Valley,5,51003,school,40,Mary Carr Greer Elementary
2022-2023,2,Albemarle County,343,NA,343,Valley,5,51003,school,250,Meriwether Lewis Elementary
2022-2023,2,Albemarle County,1231,4,1235,Valley,5,51003,school,1052,Monticello High
2022-2023,2,Albemarle County,752,NA,752,Valley,5,51003,school,150,Mountain View Elementary
2022-2023,2,Albemarle County,201,NA,201,Valley,5,51003,school,540,Red Hill Elementary
2022-2023,2,Albemarle County,227,NA,227,Valley,5,51003,school,30,Scottsville Elementary
2022-2023,2,Albemarle County,473,NA,473,Valley,5,51003,school,920,Stone Robinson Elementary
2022-2023,2,Albemarle County,189,NA,189,Valley,5,51003,school,240,Stony Point Elementary
2022-2023,2,Albemarle County,282,NA,282,Valley,5,51003,school,910,Virginia L. Murray Elementary
2022-2023,2,Albemarle County,1159,4,1163,Valley,5,51003,school,140,Western Albemarle High
2022-2023,2,Albemarle County,609,NA,609,Valley,5,51003,school,930,Woodbrook Elementary
2022-2023,101,Alexandria City,4535,5,4540,Northern Virginia,4,51510,school,210,Alexandria City High School
2022-2023,101,Alexandria City,548,3,551,Northern Virginia,4,51510,school,120,Charles Barrett Elementary
2022-2023,101,Alexandria City,296,NA,296,Northern Virginia,4,51510,school,160,Cora Kelly School for Math Science and Technology
2022-2023,101,Alexandria City,572,5,577,Northern Virginia,4,51510,school,110,Douglas MacArthur Elementary
2022-2023,101,Alexandria City,174,NA,174,Northern Virginia,4,51510,school,360,Early Childhood Center
2022-2023,101,Alexandria City,608,NA,608,Northern Virginia,4,51510,school,350,Ferdinand T. Day Elementary
2022-2023,101,Alexandria City,1473,1,1474,Northern Virginia,4,51510,school,140,Francis C. Hammond Middle
2022-2023,101,Alexandria City,320,2,322,Northern Virginia,4,51510,school,100,George Mason Elementary
2022-2023,101,Alexandria City,1371,4,1375,Northern Virginia,4,51510,school,130,George Washington Middle
2022-2023,101,Alexandria City,803,2,805,Northern Virginia,4,51510,school,220,James K. Polk Elementary
2022-2023,101,Alexandria City,636,7,643,Northern Virginia,4,51510,school,90,Jefferson-Houston PK-8 School
2022-2023,101,Alexandria City,731,1,732,Northern Virginia,4,51510,school,230,John Adams Elementary
2022-2023,101,Alexandria City,420,7,427,Northern Virginia,4,51510,school,80,Lyles-Crouch Elementary
2022-2023,101,Alexandria City,880,3,883,Northern Virginia,4,51510,school,30,Mount Vernon Elementary
2022-2023,101,Alexandria City,335,2,337,Northern Virginia,4,51510,school,60,Naomi L. Brooks Elementary
2022-2023,101,Alexandria City,978,NA,978,Northern Virginia,4,51510,school,50,Patrick Henry K-8 School
2022-2023,101,Alexandria City,759,1,760,Northern Virginia,4,51510,school,333,Samuel W. Tucker Elementary
2022-2023,101,Alexandria City,607,NA,607,Northern Virginia,4,51510,school,190,William Ramsay Elementary
2022-2023,3,Alleghany Highlands,579,NA,579,NA,NA,NA,school,310,Alleghany High
2022-2023,3,Alleghany Highlands,268,NA,268,NA,NA,NA,school,110,Callaghan Elementary
2022-2023,3,Alleghany Highlands,413,NA,413,NA,NA,NA,school,1040,Clifton Middle
2022-2023,3,Alleghany Highlands,339,1,340,NA,NA,NA,school,350,Covington High
2022-2023,3,Alleghany Highlands,638,1,639,NA,NA,NA,school,360,Jeter-Watson Elementary
2022-2023,3,Alleghany Highlands,446,NA,446,NA,NA,NA,school,1041,Mountain View Elementary
2022-2023,3,Alleghany Highlands,195,NA,195,NA,NA,NA,school,90,Sharon Elementary
2022-2023,4,Amelia County,760,NA,760,Southside,8,51007,school,220,Amelia County Elementary
2022-2023,4,Amelia County,538,NA,538,Southside,8,51007,school,10,Amelia County High
2022-2023,4,Amelia County,365,NA,365,Southside,8,51007,school,210,Amelia County Middle
2022-2023,5,Amherst County,438,NA,438,Valley,5,51009,school,780,Amelon Elementary
2022-2023,5,Amherst County,1260,NA,1260,Valley,5,51009,school,750,Amherst County High
2022-2023,5,Amherst County,260,NA,260,Valley,5,51009,school,790,Amherst Elementary
2022-2023,5,Amherst County,347,NA,347,Valley,5,51009,school,670,Amherst Middle
2022-2023,5,Amherst County,318,NA,318,Valley,5,51009,school,770,Central Elementary
2022-2023,5,Amherst County,341,NA,341,Valley,5,51009,school,760,Elon Elementary
2022-2023,5,Amherst County,418,NA,418,Valley,5,51009,school,500,Madison Heights Elementary
2022-2023,5,Amherst County,513,NA,513,Valley,5,51009,school,20,Monelison Middle
2022-2023,5,Amherst County,92,NA,92,Valley,5,51009,school,740,Temperance Elementary
2022-2023,6,Appomattox County,699,NA,699,Southside,8,51011,school,260,Appomattox County High
2022-2023,6,Appomattox County,531,NA,531,Southside,8,51011,school,110,Appomattox Elementary
2022-2023,6,Appomattox County,539,NA,539,Southside,8,51011,school,160,Appomattox Middle
2022-2023,6,Appomattox County,592,NA,592,Southside,8,51011,school,250,Appomattox Primary
2022-2023,7,Arlington County,715,NA,715,Northern Virginia,4,51013,school,350,Abingdon Elementary
2022-2023,7,Arlington County,615,NA,615,Northern Virginia,4,51013,school,160,Alice West Fleet Elementary
2022-2023,7,Arlington County,207,NA,207,Northern Virginia,4,51013,school,618,Arlington Community High
2022-2023,7,Arlington County,549,NA,549,Northern Virginia,4,51013,school,629,Arlington Science Focus School
2022-2023,7,Arlington County,668,NA,668,Northern Virginia,4,51013,school,470,Arlington Traditional
2022-2023,7,Arlington County,552,NA,552,Northern Virginia,4,51013,school,490,Ashlawn Elementary
2022-2023,7,Arlington County,477,NA,477,Northern Virginia,4,51013,school,150,Barcroft Elementary
2022-2023,7,Arlington County,540,NA,540,Northern Virginia,4,51013,school,250,Barrett Elementary
2022-2023,7,Arlington County,417,NA,417,Northern Virginia,4,51013,school,615,Campbell Elementary
2022-2023,7,Arlington County,704,NA,704,Northern Virginia,4,51013,school,380,Cardinal Elementary
2022-2023,7,Arlington County,555,NA,555,Northern Virginia,4,51013,school,90,Carlin Springs Elementary
2022-2023,7,Arlington County,631,NA,631,Northern Virginia,4,51013,school,622,Claremont Immersion
2022-2023,7,Arlington County,523,NA,523,Northern Virginia,4,51013,school,626,Discovery Elementary
2022-2023,7,Arlington County,899,NA,899,Northern Virginia,4,51013,school,628,Dorothy Hamm Middle
2022-2023,7,Arlington County,469,NA,469,Northern Virginia,4,51013,school,200,Dr. Charles R. Drew Elementary
2022-2023,7,Arlington County,618,NA,618,Northern Virginia,4,51013,school,111,Escuela Key Elementary
2022-2023,7,Arlington County,530,NA,530,Northern Virginia,4,51013,school,100,Glebe Elementary
2022-2023,7,Arlington County,1112,NA,1112,Northern Virginia,4,51013,school,611,Gunston Middle
2022-2023,7,Arlington County,565,NA,565,Northern Virginia,4,51013,school,614,Hoffman-Boston Elementary
2022-2023,7,Arlington County,470,NA,470,Northern Virginia,4,51013,school,613,Innovation Elementary
2022-2023,7,Arlington County,34,NA,34,Northern Virginia,4,51013,school,37,Integration Station
2022-2023,7,Arlington County,482,NA,482,Northern Virginia,4,51013,school,440,Jamestown Elementary
2022-2023,7,Arlington County,1054,NA,1054,Northern Virginia,4,51013,school,180,Jefferson Middle
2022-2023,7,Arlington County,998,NA,998,Northern Virginia,4,51013,school,500,Kenmore Middle
2022-2023,7,Arlington County,399,NA,399,Northern Virginia,4,51013,school,460,Long Branch Elementary
2022-2023,7,Arlington County,499,NA,499,Northern Virginia,4,51013,school,627,Montessori Public School of Arlington
2022-2023,7,Arlington County,409,NA,409,Northern Virginia,4,51013,school,410,Nottingham Elementary
2022-2023,7,Arlington County,674,NA,674,Northern Virginia,4,51013,school,360,Oakridge Elementary
2022-2023,7,Arlington County,407,NA,407,Northern Virginia,4,51013,school,510,Randolph Elementary
2022-2023,7,Arlington County,936,NA,936,Northern Virginia,4,51013,school,240,Swanson Middle
2022-2023,7,Arlington County,539,NA,539,Northern Virginia,4,51013,school,420,Taylor Elementary
2022-2023,7,Arlington County,442,NA,442,Northern Virginia,4,51013,school,211,Tuckahoe Elementary
2022-2023,7,Arlington County,2772,NA,2772,Northern Virginia,4,51013,school,450,Wakefield High
2022-2023,7,Arlington County,2717,NA,2717,Northern Virginia,4,51013,school,80,Washington-Liberty High
2022-2023,7,Arlington County,827,NA,827,Northern Virginia,4,51013,school,480,Williamsburg Middle
2022-2023,7,Arlington County,2577,NA,2577,Northern Virginia,4,51013,school,330,Yorktown High
2022-2023,8,Augusta County,597,NA,597,Valley,5,51015,school,212,Beverley Manor Middle
2022-2023,8,Augusta County,435,NA,435,Valley,5,51015,school,660,Buffalo Gap High
2022-2023,8,Augusta County,661,NA,661,Valley,5,51015,school,30,Cassell Elementary
2022-2023,8,Augusta County,433,NA,433,Valley,5,51015,school,140,Churchville Elementary
2022-2023,8,Augusta County,146,NA,146,Valley,5,51015,school,370,Craigsville Elementary
2022-2023,8,Augusta County,775,NA,775,Valley,5,51015,school,842,Edward G. Clymore Elementary
2022-2023,8,Augusta County,727,NA,727,Valley,5,51015,school,670,Fort Defiance High
2022-2023,8,Augusta County,451,NA,451,Valley,5,51015,school,843,Guy K. Stump Elementary
2022-2023,8,Augusta County,239,NA,239,Valley,5,51015,school,40,North River Elementary
2022-2023,8,Augusta County,737,NA,737,Valley,5,51015,school,740,Riverheads Elementary
2022-2023,8,Augusta County,464,NA,464,Valley,5,51015,school,680,Riverheads High
2022-2023,8,Augusta County,502,NA,502,Valley,5,51015,school,90,S. Gordon Stewart Middle
2022-2023,8,Augusta County,586,NA,586,Valley,5,51015,school,440,Stuarts Draft Elementary
2022-2023,8,Augusta County,698,1,699,Valley,5,51015,school,730,Stuarts Draft High
2022-2023,8,Augusta County,488,NA,488,Valley,5,51015,school,60,Stuarts Draft Middle
2022-2023,8,Augusta County,647,NA,647,Valley,5,51015,school,640,Wilson Elementary
2022-2023,8,Augusta County,858,NA,858,Valley,5,51015,school,720,Wilson Memorial High
2022-2023,8,Augusta County,632,NA,632,Valley,5,51015,school,844,Wilson Middle
2022-2023,9,Bath County,184,NA,184,Valley,5,51017,school,140,Bath County High
2022-2023,9,Bath County,145,NA,145,Valley,5,51017,school,120,Millboro Elementary
2022-2023,9,Bath County,175,NA,175,Valley,5,51017,school,150,Valley Elementary
2022-2023,10,Bedford County,431,NA,431,Valley,5,51019,school,480,Bedford Elementary
2022-2023,10,Bedford County,293,NA,293,Valley,5,51019,school,1200,Bedford Primary
2022-2023,10,Bedford County,149,NA,149,Valley,5,51019,school,30,Big Island Elementary
2022-2023,10,Bedford County,332,NA,332,Valley,5,51019,school,160,Boonsboro Elementary
2022-2023,10,Bedford County,351,NA,351,Valley,5,51019,school,500,Forest Elementary
2022-2023,10,Bedford County,872,NA,872,Valley,5,51019,school,1211,Forest Middle
2022-2023,10,Bedford County,495,NA,495,Valley,5,51019,school,1214,Goodview Elementary
2022-2023,10,Bedford County,212,NA,212,Valley,5,51019,school,980,Huddleston Elementary
2022-2023,10,Bedford County,1310,NA,1310,Valley,5,51019,school,1212,Jefferson Forest High
2022-2023,10,Bedford County,726,NA,726,Valley,5,51019,school,1180,Liberty High
2022-2023,10,Bedford County,535,NA,535,Valley,5,51019,school,490,Liberty Middle
2022-2023,10,Bedford County,242,NA,242,Valley,5,51019,school,970,Moneta Elementary
2022-2023,10,Bedford County,253,NA,253,Valley,5,51019,school,180,Montvale Elementary
2022-2023,10,Bedford County,333,NA,333,Valley,5,51019,school,610,New London Academy Elementary
2022-2023,10,Bedford County,198,NA,198,Valley,5,51019,school,1170,Otter River Elementary
2022-2023,10,Bedford County,890,NA,890,Valley,5,51019,school,1190,Staunton River High
2022-2023,10,Bedford County,627,1,628,Valley,5,51019,school,1191,Staunton River Middle
2022-2023,10,Bedford County,330,NA,330,Valley,5,51019,school,640,Stewartsville Elementary
2022-2023,10,Bedford County,510,NA,510,Valley,5,51019,school,1213,Thomas Jefferson Elementary
2022-2023,11,Bland County,371,NA,371,Southwest,7,51021,school,250,Bland County Elementary
2022-2023,11,Bland County,425,NA,425,Southwest,7,51021,school,260,Bland County High
2022-2023,12,Botetourt County,195,NA,195,Western Virginia,6,51023,school,220,Breckinridge Elementary
2022-2023,12,Botetourt County,312,NA,312,Western Virginia,6,51023,school,20,Buchanan Elementary
2022-2023,12,Botetourt County,369,NA,369,Western Virginia,6,51023,school,420,Central Academy Middle
2022-2023,12,Botetourt County,249,NA,249,Western Virginia,6,51023,school,390,Cloverdale Elementary
2022-2023,12,Botetourt County,478,NA,478,Western Virginia,6,51023,school,400,Colonial Elementary
2022-2023,12,Botetourt County,120,NA,120,Western Virginia,6,51023,school,30,Eagle Rock Elementary
2022-2023,12,Botetourt County,426,NA,426,Western Virginia,6,51023,school,460,Greenfield Elementary
2022-2023,12,Botetourt County,460,NA,460,Western Virginia,6,51023,school,430,James River High
2022-2023,12,Botetourt County,981,NA,981,Western Virginia,6,51023,school,440,Lord Botetourt High
2022-2023,12,Botetourt County,657,NA,657,Western Virginia,6,51023,school,450,Read Mountain Middle
2022-2023,12,Botetourt County,247,NA,247,Western Virginia,6,51023,school,40,Troutville Elementary
2022-2023,102,Bristol City,175,NA,175,Southwest,7,51520,school,60,Highland View Elementary
2022-2023,102,Bristol City,417,NA,417,Southwest,7,51520,school,100,Joseph Van Pelt Elementary
2022-2023,102,Bristol City,254,NA,254,Southwest,7,51520,school,70,Stonewall Jackson Elementary
2022-2023,102,Bristol City,637,NA,637,Southwest,7,51520,school,80,Virginia High
2022-2023,102,Bristol City,488,NA,488,Southwest,7,51520,school,10,Virginia Middle
2022-2023,102,Bristol City,224,NA,224,Southwest,7,51520,school,90,Washington-Lee Elementary
2022-2023,13,Brunswick County,426,NA,426,Southside,8,51025,school,650,Brunswick High
2022-2023,13,Brunswick County,312,NA,312,Southside,8,51025,school,660,James S. Russell Middle
2022-2023,13,Brunswick County,174,NA,174,Southside,8,51025,school,690,Meherrin Powellton Elementary
2022-2023,13,Brunswick County,202,NA,202,Southside,8,51025,school,700,Red Oak-Sturgeon Elementary
2022-2023,13,Brunswick County,291,NA,291,Southside,8,51025,school,720,Totaro Elementary
2022-2023,14,Buchanan County,185,NA,185,Southwest,7,51027,school,90,Council Elementary/Middle
2022-2023,14,Buchanan County,119,NA,119,Southwest,7,51027,school,1000,Council High
2022-2023,14,Buchanan County,355,NA,355,Southwest,7,51027,school,990,Grundy High
2022-2023,14,Buchanan County,357,NA,357,Southwest,7,51027,school,120,Hurley Elementary/Middle
2022-2023,14,Buchanan County,216,NA,216,Southwest,7,51027,school,1020,Hurley High
2022-2023,14,Buchanan County,750,NA,750,Southwest,7,51027,school,1040,Riverview Elementary/Middle
2022-2023,14,Buchanan County,286,NA,286,Southwest,7,51027,school,1041,Twin Valley Elementary/Middle
2022-2023,14,Buchanan County,194,NA,194,Southwest,7,51027,school,1042,Twin Valley High
2022-2023,15,Buckingham County,417,NA,417,Southside,8,51029,school,724,Buckingham Co Elementary
2022-2023,15,Buckingham County,100,NA,100,Southside,8,51029,school,20,Buckingham Co Prekindergarten Center
2022-2023,15,Buckingham County,355,NA,355,Southside,8,51029,school,723,Buckingham Co Primary
2022-2023,15,Buckingham County,654,NA,654,Southside,8,51029,school,700,Buckingham County High
2022-2023,15,Buckingham County,466,NA,466,Southside,8,51029,school,721,Buckingham County Middle
2022-2023,103,Buena Vista City,192,NA,192,Valley,5,51530,school,40,Enderly Heights Elementary
2022-2023,103,Buena Vista City,249,NA,249,Valley,5,51530,school,70,F.W. Kling Jr. Elementary
2022-2023,103,Buena Vista City,330,NA,330,Valley,5,51530,school,62,Parry McCluer High
2022-2023,103,Buena Vista City,119,NA,119,Valley,5,51530,school,61,Parry McCluer Middle
2022-2023,16,Campbell County,500,NA,500,Valley,5,51031,school,560,Altavista Elementary
2022-2023,16,Campbell County,669,NA,669,Valley,5,51031,school,200,Altavista High
2022-2023,16,Campbell County,411,NA,411,Valley,5,51031,school,650,Brookneal Elementary
2022-2023,16,Campbell County,971,NA,971,Valley,5,51031,school,720,Brookville High
2022-2023,16,Campbell County,715,NA,715,Valley,5,51031,school,20,Brookville Middle
2022-2023,16,Campbell County,432,NA,432,Valley,5,51031,school,130,Concord Elementary
2022-2023,16,Campbell County,625,NA,625,Valley,5,51031,school,690,Leesville Road Elementary
2022-2023,16,Campbell County,461,NA,461,Valley,5,51031,school,821,Rustburg Elementary
2022-2023,16,Campbell County,828,NA,828,Valley,5,51031,school,222,Rustburg High
2022-2023,16,Campbell County,606,NA,606,Valley,5,51031,school,211,Rustburg Middle
2022-2023,16,Campbell County,685,NA,685,Valley,5,51031,school,60,Tomahawk Elementary
2022-2023,16,Campbell County,397,NA,397,Valley,5,51031,school,542,William Campbell High
2022-2023,16,Campbell County,573,NA,573,Valley,5,51031,school,710,Yellow Branch Elementary
2022-2023,17,Caroline County,757,NA,757,Northern Neck,3,51033,school,620,Bowling Green Elementary
2022-2023,17,Caroline County,1251,NA,1251,Northern Neck,3,51033,school,460,Caroline High
2022-2023,17,Caroline County,973,NA,973,Northern Neck,3,51033,school,450,Caroline Middle
2022-2023,17,Caroline County,890,NA,890,Northern Neck,3,51033,school,9020,Lewis and Clark Elementary
2022-2023,17,Caroline County,466,NA,466,Northern Neck,3,51033,school,630,Madison Elementary
2022-2023,18,Carroll County,1069,2,1071,Southwest,7,51035,school,1230,Carroll County High
2022-2023,18,Carroll County,756,NA,756,Southwest,7,51035,school,450,Carroll County Middle
2022-2023,18,Carroll County,127,NA,127,Southwest,7,51035,school,1180,Fancy Gap Elementary
2022-2023,18,Carroll County,106,NA,106,Southwest,7,51035,school,1150,Gladesboro Elementary
2022-2023,18,Carroll County,267,NA,267,Southwest,7,51035,school,1210,Gladeville Elementary
2022-2023,18,Carroll County,472,NA,472,Southwest,7,51035,school,1170,Hillsville Elementary
2022-2023,18,Carroll County,225,NA,225,Southwest,7,51035,school,1160,Laurel Elementary
2022-2023,18,Carroll County,180,NA,180,Southwest,7,51035,school,1130,Oakland Elementary
2022-2023,18,Carroll County,303,NA,303,Southwest,7,51035,school,1110,St. Paul
2022-2023,19,Charles City County,315,NA,315,Central Virginia,1,51036,school,80,Charles City County Elementary
2022-2023,19,Charles City County,247,NA,247,Central Virginia,1,51036,school,100,Charles City County High
2022-2023,20,Charlotte County,169,NA,169,Southside,8,51037,school,470,Bacon District Elementary
2022-2023,20,Charlotte County,370,NA,370,Southside,8,51037,school,210,Central Middle
2022-2023,20,Charlotte County,425,NA,425,Southside,8,51037,school,100,Eureka Elementary
2022-2023,20,Charlotte County,226,NA,226,Southside,8,51037,school,450,Phenix Elementary
2022-2023,20,Charlotte County,478,NA,478,Southside,8,51037,school,460,Randolph-Henry High
2022-2023,104,Charlottesville City,581,2,583,Valley,5,51540,school,100,Buford Middle
2022-2023,104,Charlottesville City,289,NA,289,Valley,5,51540,school,70,Burnley-Moran Elementary
2022-2023,104,Charlottesville City,1359,3,1362,Valley,5,51540,school,140,Charlottesville High
2022-2023,104,Charlottesville City,353,NA,353,Valley,5,51540,school,50,Clark Elementary
2022-2023,104,Charlottesville City,315,NA,315,Valley,5,51540,school,90,Greenbrier Elementary
2022-2023,104,Charlottesville City,344,NA,344,Valley,5,51540,school,120,Jackson-Via Elementary
2022-2023,104,Charlottesville City,322,NA,322,Valley,5,51540,school,10,Johnson Elementary
2022-2023,104,Charlottesville City,306,NA,306,Valley,5,51540,school,40,Venable Elementary
2022-2023,104,Charlottesville City,616,1,617,Valley,5,51540,school,110,Walker Upper Elementary
2022-2023,136,Chesapeake City,897,NA,897,Tidewater,2,51550,school,630,B.M. Williams Primary
2022-2023,136,Chesapeake City,617,NA,617,Tidewater,2,51550,school,860,Butts Road Intermediate
2022-2023,136,Chesapeake City,545,NA,545,Tidewater,2,51550,school,770,Butts Road Primary
2022-2023,136,Chesapeake City,498,NA,498,Tidewater,2,51550,school,90,Camelot Elementary
2022-2023,136,Chesapeake City,925,NA,925,Tidewater,2,51550,school,900,Cedar Road Elementary
2022-2023,136,Chesapeake City,708,NA,708,Tidewater,2,51550,school,700,Crestwood Intermediate
2022-2023,136,Chesapeake City,554,NA,554,Tidewater,2,51550,school,560,Crestwood Middle
2022-2023,136,Chesapeake City,898,NA,898,Tidewater,2,51550,school,660,Deep Creek Central Elementary
2022-2023,136,Chesapeake City,764,NA,764,Tidewater,2,51550,school,210,Deep Creek Elementary
2022-2023,136,Chesapeake City,1601,NA,1601,Tidewater,2,51550,school,100,Deep Creek High
2022-2023,136,Chesapeake City,770,NA,770,Tidewater,2,51550,school,610,Deep Creek Middle
2022-2023,136,Chesapeake City,805,NA,805,Tidewater,2,51550,school,640,Edwin W. Chittum Elementary
2022-2023,136,Chesapeake City,425,NA,425,Tidewater,2,51550,school,720,G.A. Treakle Elementary
2022-2023,136,Chesapeake City,552,NA,552,Tidewater,2,51550,school,50,George W. Carver Intermediate
2022-2023,136,Chesapeake City,780,NA,780,Tidewater,2,51550,school,820,Georgetown Primary
2022-2023,136,Chesapeake City,1352,NA,1352,Tidewater,2,51550,school,950,Grassfield Elementary
2022-2023,136,Chesapeake City,2320,NA,2320,Tidewater,2,51550,school,960,Grassfield High
2022-2023,136,Chesapeake City,1625,NA,1625,Tidewater,2,51550,school,120,Great Bridge High
2022-2023,136,Chesapeake City,698,NA,698,Tidewater,2,51550,school,850,Great Bridge Intermediate
2022-2023,136,Chesapeake City,1225,NA,1225,Tidewater,2,51550,school,590,Great Bridge Middle
2022-2023,136,Chesapeake City,701,NA,701,Tidewater,2,51550,school,680,Great Bridge Primary
2022-2023,136,Chesapeake City,608,NA,608,Tidewater,2,51550,school,870,Greenbrier Intermediate
2022-2023,136,Chesapeake City,829,NA,829,Tidewater,2,51550,school,972,Greenbrier Middle
2022-2023,136,Chesapeake City,676,NA,676,Tidewater,2,51550,school,140,Greenbrier Primary
2022-2023,136,Chesapeake City,585,NA,585,Tidewater,2,51550,school,340,Hickory Elementary
2022-2023,136,Chesapeake City,1583,NA,1583,Tidewater,2,51550,school,890,Hickory High
2022-2023,136,Chesapeake City,1336,NA,1336,Tidewater,2,51550,school,280,Hickory Middle
2022-2023,136,Chesapeake City,1315,NA,1315,Tidewater,2,51550,school,920,Hugo A. Owens Middle
2022-2023,136,Chesapeake City,1708,NA,1708,Tidewater,2,51550,school,830,Indian River High
2022-2023,136,Chesapeake City,737,NA,737,Tidewater,2,51550,school,710,Indian River Middle
2022-2023,136,Chesapeake City,702,NA,702,Tidewater,2,51550,school,973,Jolliff Middle
2022-2023,136,Chesapeake City,284,NA,284,Tidewater,2,51550,school,160,Norfolk Highlands Primary
2022-2023,136,Chesapeake City,2296,NA,2296,Tidewater,2,51550,school,80,Oscar F. Smith High
2022-2023,136,Chesapeake City,961,NA,961,Tidewater,2,51550,school,10,Oscar Smith Middle
2022-2023,136,Chesapeake City,541,NA,541,Tidewater,2,51550,school,730,Portlock Primary
2022-2023,136,Chesapeake City,273,NA,273,Tidewater,2,51550,school,200,Rena B. Wright Primary
2022-2023,136,Chesapeake City,837,NA,837,Tidewater,2,51550,school,620,Southeastern Elementary
2022-2023,136,Chesapeake City,544,NA,544,Tidewater,2,51550,school,600,Southwestern Elementary
2022-2023,136,Chesapeake City,478,NA,478,Tidewater,2,51550,school,750,Sparrow Road Intermediate
2022-2023,136,Chesapeake City,436,NA,436,Tidewater,2,51550,school,40,Thurgood Marshall Elementary
2022-2023,136,Chesapeake City,259,NA,259,Tidewater,2,51550,school,971,Truitt Intermediate
2022-2023,136,Chesapeake City,2122,NA,2122,Tidewater,2,51550,school,840,Western Branch High
2022-2023,136,Chesapeake City,749,NA,749,Tidewater,2,51550,school,810,Western Branch Intermediate
2022-2023,136,Chesapeake City,889,NA,889,Tidewater,2,51550,school,740,Western Branch Middle
2022-2023,136,Chesapeake City,813,NA,813,Tidewater,2,51550,school,110,Western Branch Primary
2022-2023,21,Chesterfield County,739,NA,739,Central Virginia,1,51041,school,620,A.M. Davis Elementary
2022-2023,21,Chesterfield County,626,NA,626,Central Virginia,1,51041,school,861,Alberta Smith Elementary
2022-2023,21,Chesterfield County,1459,3,1462,Central Virginia,1,51041,school,631,Bailey Bridge Middle
2022-2023,21,Chesterfield County,467,NA,467,Central Virginia,1,51041,school,660,Bellwood Elementary
2022-2023,21,Chesterfield County,582,NA,582,Central Virginia,1,51041,school,430,Bensley Elementary
2022-2023,21,Chesterfield County,609,NA,609,Central Virginia,1,51041,school,510,Bettie Weaver Elementary
2022-2023,21,Chesterfield County,989,NA,989,Central Virginia,1,51041,school,130,Beulah Elementary
2022-2023,21,Chesterfield County,578,NA,578,Central Virginia,1,51041,school,20,Bon Air Elementary
2022-2023,21,Chesterfield County,589,NA,589,Central Virginia,1,51041,school,50,C.C. Wells Elementary
2022-2023,21,Chesterfield County,727,NA,727,Central Virginia,1,51041,school,492,C.E. Curtis Elementary
2022-2023,21,Chesterfield County,249,NA,249,Central Virginia,1,51041,school,30,Carver College and Career Academy
2022-2023,21,Chesterfield County,1022,1,1023,Central Virginia,1,51041,school,420,Carver Middle
2022-2023,21,Chesterfield County,367,NA,367,Central Virginia,1,51041,school,33,Chester Early Childhood Learning Academy
2022-2023,21,Chesterfield County,857,NA,857,Central Virginia,1,51041,school,93,Chesterfield Virtual School
2022-2023,21,Chesterfield County,842,NA,842,Central Virginia,1,51041,school,150,Clover Hill Elementary
2022-2023,21,Chesterfield County,1775,NA,1775,Central Virginia,1,51041,school,740,Clover Hill High
2022-2023,21,Chesterfield County,2385,2,2387,Central Virginia,1,51041,school,840,Cosby High
2022-2023,21,Chesterfield County,580,NA,580,Central Virginia,1,51041,school,560,Crestwood Elementary
2022-2023,21,Chesterfield County,730,NA,730,Central Virginia,1,51041,school,480,Ecoff Elementary
2022-2023,21,Chesterfield County,1337,3,1340,Central Virginia,1,51041,school,870,Elizabeth Davis Middle
2022-2023,21,Chesterfield County,781,NA,781,Central Virginia,1,51041,school,850,Elizabeth Scott Elementary
2022-2023,21,Chesterfield County,781,NA,781,Central Virginia,1,51041,school,390,Enon Elementary
2022-2023,21,Chesterfield County,500,NA,500,Central Virginia,1,51041,school,350,Ettrick Elementary
2022-2023,21,Chesterfield County,811,NA,811,Central Virginia,1,51041,school,300,Evergreen Elementary
2022-2023,21,Chesterfield County,835,NA,835,Central Virginia,1,51041,school,590,Falling Creek Elementary
2022-2023,21,Chesterfield County,1419,2,1421,Central Virginia,1,51041,school,670,Falling Creek Middle
2022-2023,21,Chesterfield County,748,NA,748,Central Virginia,1,51041,school,180,Grange Hall Elementary
2022-2023,21,Chesterfield County,462,NA,462,Central Virginia,1,51041,school,70,Greenfield Elementary
2022-2023,21,Chesterfield County,445,NA,445,Central Virginia,1,51041,school,460,Harrowgate Elementary
2022-2023,21,Chesterfield County,773,NA,773,Central Virginia,1,51041,school,60,Hopkins Road Elementary
2022-2023,21,Chesterfield County,842,NA,842,Central Virginia,1,51041,school,550,J.A. Chalkley Elementary
2022-2023,21,Chesterfield County,814,NA,814,Central Virginia,1,51041,school,650,J.B. Watkins Elementary
2022-2023,21,Chesterfield County,819,NA,819,Central Virginia,1,51041,school,500,J.G. Hening Elementary
2022-2023,21,Chesterfield County,717,NA,717,Central Virginia,1,51041,school,400,Jacobs Road Elementary
2022-2023,21,Chesterfield County,1926,3,1929,Central Virginia,1,51041,school,770,James River High
2022-2023,21,Chesterfield County,2031,2,2033,Central Virginia,1,51041,school,10,Lloyd C. Bird High
2022-2023,21,Chesterfield County,2188,8,2196,Central Virginia,1,51041,school,632,Manchester High
2022-2023,21,Chesterfield County,1103,NA,1103,Central Virginia,1,51041,school,600,Manchester Middle
2022-2023,21,Chesterfield County,592,NA,592,Central Virginia,1,51041,school,780,Marguerite F. Christian Elementary
2022-2023,21,Chesterfield County,619,NA,619,Central Virginia,1,51041,school,370,Matoaca Elementary
2022-2023,21,Chesterfield County,1630,7,1637,Central Virginia,1,51041,school,530,Matoaca High
2022-2023,21,Chesterfield County,865,NA,865,Central Virginia,1,51041,school,110,Matoaca Middle
2022-2023,21,Chesterfield County,2033,NA,2033,Central Virginia,1,51041,school,580,Meadowbrook High
2022-2023,21,Chesterfield County,2041,4,2045,Central Virginia,1,51041,school,320,Midlothian High
2022-2023,21,Chesterfield County,1368,NA,1368,Central Virginia,1,51041,school,40,Midlothian Middle
2022-2023,21,Chesterfield County,1631,1,1632,Central Virginia,1,51041,school,280,Monacan High
2022-2023,21,Chesterfield County,894,NA,894,Central Virginia,1,51041,school,92,Moseley Elementary
2022-2023,21,Chesterfield County,563,NA,563,Central Virginia,1,51041,school,360,O.B. Gates Elementary
2022-2023,21,Chesterfield County,997,NA,997,Central Virginia,1,51041,school,90,Old Hundred Elementary
2022-2023,21,Chesterfield County,640,NA,640,Central Virginia,1,51041,school,380,Providence Elementary
2022-2023,21,Chesterfield County,1068,1,1069,Central Virginia,1,51041,school,690,Providence Middle
2022-2023,21,Chesterfield County,564,NA,564,Central Virginia,1,51041,school,700,Reams Road Elementary
2022-2023,21,Chesterfield County,662,NA,662,Central Virginia,1,51041,school,730,Robious Elementary
2022-2023,21,Chesterfield County,1129,NA,1129,Central Virginia,1,51041,school,760,Robious Middle
2022-2023,21,Chesterfield County,483,NA,483,Central Virginia,1,51041,school,720,Salem Church Elementary
2022-2023,21,Chesterfield County,910,1,911,Central Virginia,1,51041,school,722,Salem Church Middle
2022-2023,21,Chesterfield County,872,NA,872,Central Virginia,1,51041,school,800,Spring Run Elementary
2022-2023,21,Chesterfield County,708,NA,708,Central Virginia,1,51041,school,340,Swift Creek Elementary
2022-2023,21,Chesterfield County,1115,NA,1115,Central Virginia,1,51041,school,270,Swift Creek Middle
2022-2023,21,Chesterfield County,651,NA,651,Central Virginia,1,51041,school,410,Thelma Crenshaw Elementary
2022-2023,21,Chesterfield County,2556,6,2562,Central Virginia,1,51041,school,610,Thomas Dale High
2022-2023,21,Chesterfield County,1680,2,1682,Central Virginia,1,51041,school,880,Tomahawk Creek Middle
2022-2023,21,Chesterfield County,577,NA,577,Central Virginia,1,51041,school,290,W.W. Gordon Elementary
2022-2023,21,Chesterfield County,760,NA,760,Central Virginia,1,51041,school,860,Winterpock Elementary
2022-2023,21,Chesterfield County,804,NA,804,Central Virginia,1,51041,school,440,Woolridge Elementary
2022-2023,22,Clarke County,311,NA,311,Northern Virginia,4,51043,school,250,Boyce Elementary
2022-2023,22,Clarke County,693,1,694,Northern Virginia,4,51043,school,10,Clarke County High
2022-2023,22,Clarke County,463,NA,463,Northern Virginia,4,51043,school,290,D.G. Cooley Elementary
2022-2023,22,Clarke County,425,1,426,Northern Virginia,4,51043,school,280,Johnson-Williams Middle
2022-2023,202,Colonial Beach,360,NA,360,NA,NA,NA,school,22,Colonial Beach Elementary
2022-2023,202,Colonial Beach,214,NA,214,NA,NA,NA,school,21,Colonial Beach High
2022-2023,106,Colonial Heights City,876,NA,876,Central Virginia,1,51570,school,40,Colonial Heights High
2022-2023,106,Colonial Heights City,598,NA,598,Central Virginia,1,51570,school,20,Colonial Heights Middle
2022-2023,106,Colonial Heights City,415,NA,415,Central Virginia,1,51570,school,50,Lakeview Elementary
2022-2023,106,Colonial Heights City,331,NA,331,Central Virginia,1,51570,school,30,North Elementary
2022-2023,106,Colonial Heights City,623,NA,623,Central Virginia,1,51570,school,60,Tussing Elementary
2022-2023,23,Craig County,265,NA,265,Western Virginia,6,51045,school,11,Craig County High
2022-2023,23,Craig County,211,NA,211,Western Virginia,6,51045,school,10,McCleary Elementary
2022-2023,24,Culpeper County,545,NA,545,Northern Virginia,4,51047,school,240,A.G. Richardson Elementary
2022-2023,24,Culpeper County,1224,NA,1224,Northern Virginia,4,51047,school,480,Culpeper County High
2022-2023,24,Culpeper County,1066,NA,1066,Northern Virginia,4,51047,school,20,Culpeper Middle
2022-2023,24,Culpeper County,1558,NA,1558,Northern Virginia,4,51047,school,50,Eastern View High
2022-2023,24,Culpeper County,699,NA,699,Northern Virginia,4,51047,school,450,Emerald Hill Elementary
2022-2023,24,Culpeper County,486,NA,486,Northern Virginia,4,51047,school,470,Farmington Elementary
2022-2023,24,Culpeper County,779,NA,779,Northern Virginia,4,51047,school,581,Floyd T. Binns Middle
2022-2023,24,Culpeper County,3,NA,3,Northern Virginia,4,51047,school,582,Galbreath-Marshall Building
2022-2023,24,Culpeper County,632,NA,632,Northern Virginia,4,51047,school,10,Pearl Sample Elementary
2022-2023,24,Culpeper County,695,NA,695,Northern Virginia,4,51047,school,460,Sycamore Park Elementary
2022-2023,24,Culpeper County,666,NA,666,Northern Virginia,4,51047,school,40,Yowell Elementary
2022-2023,25,Cumberland County,541,NA,541,Southside,8,51049,school,140,Cumberland Elementary
2022-2023,25,Cumberland County,390,NA,390,Southside,8,51049,school,151,Cumberland High
2022-2023,25,Cumberland County,352,NA,352,Southside,8,51049,school,152,Cumberland Middle
2022-2023,108,Danville City,518,NA,518,Western Virginia,6,51590,school,490,Edwin A. Gibson Elementary
2022-2023,108,Danville City,209,NA,209,Western Virginia,6,51590,school,20,Forest Hills Elementary
2022-2023,108,Danville City,545,NA,545,Western Virginia,6,51590,school,190,G.L.H. Johnson Elementary
2022-2023,108,Danville City,258,NA,258,Western Virginia,6,51590,school,1374,Galileo Magnet High
2022-2023,108,Danville City,1309,NA,1309,Western Virginia,6,51590,school,210,George Washington High
2022-2023,108,Danville City,120,NA,120,Western Virginia,6,51590,school,200,Grove Park Preschool
2022-2023,108,Danville City,679,NA,679,Western Virginia,6,51590,school,260,O. Trent Bonner Middle
2022-2023,108,Danville City,366,NA,366,Western Virginia,6,51590,school,250,Park Avenue Elementary
2022-2023,108,Danville City,37,NA,37,Western Virginia,6,51590,school,139,R.I.S.E Academy at the John M. Langston Campus
2022-2023,108,Danville City,500,NA,500,Western Virginia,6,51590,school,40,Schoolfield Elementary
2022-2023,108,Danville City,141,NA,141,Western Virginia,6,51590,school,30,The Northside Preschool
2022-2023,108,Danville City,609,NA,609,Western Virginia,6,51590,school,1372,Westwood Middle
2022-2023,108,Danville City,394,NA,394,Western Virginia,6,51590,school,220,Woodberry Hills Elementary
2022-2023,26,Dickenson County,425,NA,425,Southwest,7,51051,school,20,Clintwood Elementary
2022-2023,26,Dickenson County,113,NA,113,Southwest,7,51051,school,530,Ervinton Elementary
2022-2023,26,Dickenson County,592,NA,592,Southwest,7,51051,school,275,Ridgeview High
2022-2023,26,Dickenson County,440,NA,440,Southwest,7,51051,school,280,Ridgeview Middle
2022-2023,26,Dickenson County,376,NA,376,Southwest,7,51051,school,860,Sandlick Elementary
2022-2023,27,Dinwiddie County,1290,NA,1290,Central Virginia,1,51053,school,500,Dinwiddie County High
2022-2023,27,Dinwiddie County,959,NA,959,Central Virginia,1,51053,school,471,Dinwiddie County Middle
2022-2023,27,Dinwiddie County,338,NA,338,Central Virginia,1,51053,school,310,Dinwiddie Elementary
2022-2023,27,Dinwiddie County,346,NA,346,Central Virginia,1,51053,school,250,Midway Elementary
2022-2023,27,Dinwiddie County,523,NA,523,Central Virginia,1,51053,school,10,Southside Elementary
2022-2023,27,Dinwiddie County,247,NA,247,Central Virginia,1,51053,school,180,Sunnyside Elementary
2022-2023,27,Dinwiddie County,554,NA,554,Central Virginia,1,51053,school,520,Sutherland Elementary
2022-2023,28,Essex County,514,NA,514,Northern Neck,3,51057,school,10,Essex High
2022-2023,28,Essex County,333,NA,333,Northern Neck,3,51057,school,150,James H. Cary Intermediate
2022-2023,28,Essex County,334,NA,334,Northern Neck,3,51057,school,160,Tappahannock Elementary
2022-2023,29,Fairfax County,465,NA,465,Northern Virginia,4,51059,school,2203,Aldrin Elementary
2022-2023,29,Fairfax County,2185,NA,2185,Northern Virginia,4,51059,school,660,Annandale High
2022-2023,29,Fairfax County,625,NA,625,Northern Virginia,4,51059,school,1360,Annandale Terrace Elementary
2022-2023,29,Fairfax County,519,NA,519,Northern Virginia,4,51059,school,110,Archer Elementary
2022-2023,29,Fairfax County,361,NA,361,Northern Virginia,4,51059,school,1530,Armstrong Elementary
2022-2023,29,Fairfax County,787,NA,787,Northern Virginia,4,51059,school,550,Bailey's Elementary School for the Arts and Sciences
2022-2023,29,Fairfax County,522,NA,522,Northern Virginia,4,51059,school,2459,Bailey's Upper Elementary School for the Arts and Sciences
2022-2023,29,Fairfax County,382,NA,382,Northern Virginia,4,51059,school,1730,Beech Tree Elementary
2022-2023,29,Fairfax County,405,NA,405,Northern Virginia,4,51059,school,560,Belle View Elementary
2022-2023,29,Fairfax County,617,NA,617,Northern Virginia,4,51059,school,720,Belvedere Elementary
2022-2023,29,Fairfax County,834,NA,834,Northern Virginia,4,51059,school,2000,Bonnie Brae Elementary
2022-2023,29,Fairfax County,855,NA,855,Northern Virginia,4,51059,school,1090,Braddock Elementary
2022-2023,29,Fairfax County,500,NA,500,Northern Virginia,4,51059,school,940,Bren Mar Park Elementary
2022-2023,29,Fairfax County,706,NA,706,Northern Virginia,4,51059,school,1790,Brookfield Elementary
2022-2023,29,Fairfax County,174,NA,174,Northern Virginia,4,51059,school,2201,Bryant High
2022-2023,29,Fairfax County,256,NA,256,Northern Virginia,4,51059,school,700,Bucknell Elementary
2022-2023,29,Fairfax County,210,NA,210,Northern Virginia,4,51059,school,2251,Bull Run Early Childhood Resource Center
2022-2023,29,Fairfax County,751,NA,751,Northern Virginia,4,51059,school,2225,Bull Run Elementary
2022-2023,29,Fairfax County,670,NA,670,Northern Virginia,4,51059,school,680,Bush Hill Elementary
2022-2023,29,Fairfax County,608,NA,608,Northern Virginia,4,51059,school,1940,Camelot Elementary
2022-2023,29,Fairfax County,492,NA,492,Northern Virginia,4,51059,school,620,Cameron Elementary
2022-2023,29,Fairfax County,787,NA,787,Northern Virginia,4,51059,school,1590,Canterbury Woods Elementary
2022-2023,29,Fairfax County,632,NA,632,Northern Virginia,4,51059,school,1690,Cardinal Forest Elementary
2022-2023,29,Fairfax County,1362,NA,1362,Northern Virginia,4,51059,school,2222,Carson Middle
2022-2023,29,Fairfax County,706,NA,706,Northern Virginia,4,51059,school,2090,Centre Ridge Elementary
2022-2023,29,Fairfax County,779,NA,779,Northern Virginia,4,51059,school,2205,Centreville Elementary
2022-2023,29,Fairfax County,2626,1,2627,Northern Virginia,4,51059,school,200,Centreville High
2022-2023,29,Fairfax County,2946,NA,2946,Northern Virginia,4,51059,school,131,Chantilly High
2022-2023,29,Fairfax County,469,NA,469,Northern Virginia,4,51059,school,480,Cherry Run Elementary
2022-2023,29,Fairfax County,527,NA,527,Northern Virginia,4,51059,school,100,Chesterbrook Elementary
2022-2023,29,Fairfax County,606,NA,606,Northern Virginia,4,51059,school,1050,Churchill Road Elementary
2022-2023,29,Fairfax County,614,NA,614,Northern Virginia,4,51059,school,260,Clearview Elementary
2022-2023,29,Fairfax County,553,NA,553,Northern Virginia,4,51059,school,1870,Clermont Elementary
2022-2023,29,Fairfax County,832,NA,832,Northern Virginia,4,51059,school,2347,Coates Elementary
2022-2023,29,Fairfax County,369,NA,369,Northern Virginia,4,51059,school,1510,Columbia Elementary
2022-2023,29,Fairfax County,784,NA,784,Northern Virginia,4,51059,school,2234,Colvin Run Elementary
2022-2023,29,Fairfax County,1055,NA,1055,Northern Virginia,4,51059,school,1190,Cooper Middle
2022-2023,29,Fairfax County,563,NA,563,Northern Virginia,4,51059,school,870,Crestwood Elementary
2022-2023,29,Fairfax County,567,NA,567,Northern Virginia,4,51059,school,2020,Crossfield Elementary
2022-2023,29,Fairfax County,586,NA,586,Northern Virginia,4,51059,school,1600,Cub Run Elementary
2022-2023,29,Fairfax County,436,NA,436,Northern Virginia,4,51059,school,1700,Cunningham Park Elementary
2022-2023,29,Fairfax County,802,NA,802,Northern Virginia,4,51059,school,2229,Daniels Run Elementary
2022-2023,29,Fairfax County,567,NA,567,Northern Virginia,4,51059,school,2204,Deer Park Elementary
2022-2023,29,Fairfax County,690,NA,690,Northern Virginia,4,51059,school,220,Dogwood Elementary
2022-2023,29,Fairfax County,611,NA,611,Northern Virginia,4,51059,school,2010,Dranesville Elementary
2022-2023,29,Fairfax County,200,NA,200,Northern Virginia,4,51059,school,2238,Dunn Loring Early Childhood Resource Center
2022-2023,29,Fairfax County,629,NA,629,Northern Virginia,4,51059,school,2243,Eagle View Elementary
2022-2023,29,Fairfax County,2272,NA,2272,Northern Virginia,4,51059,school,1270,Edison High
2022-2023,29,Fairfax County,214,NA,214,Northern Virginia,4,51059,school,190,Fairfax County Adult High
2022-2023,29,Fairfax County,2377,1,2378,Northern Virginia,4,51059,school,20,Fairfax High
2022-2023,29,Fairfax County,519,NA,519,Northern Virginia,4,51059,school,1480,Fairfax Villa Elementary
2022-2023,29,Fairfax County,550,NA,550,Northern Virginia,4,51059,school,1630,Fairhill Elementary
2022-2023,29,Fairfax County,736,NA,736,Northern Virginia,4,51059,school,290,Fairview Elementary
2022-2023,29,Fairfax County,2123,NA,2123,Northern Virginia,4,51059,school,1100,Falls Church High
2022-2023,29,Fairfax County,616,NA,616,Northern Virginia,4,51059,school,730,Flint Hill Elementary
2022-2023,29,Fairfax County,690,NA,690,Northern Virginia,4,51059,school,740,Floris Elementary
2022-2023,29,Fairfax County,447,NA,447,Northern Virginia,4,51059,school,70,Forest Edge Elementary
2022-2023,29,Fairfax County,564,NA,564,Northern Virginia,4,51059,school,1450,Forestdale Elementary
2022-2023,29,Fairfax County,552,NA,552,Northern Virginia,4,51059,school,370,Forestville Elementary
2022-2023,29,Fairfax County,709,NA,709,Northern Virginia,4,51059,school,2224,Fort Belvoir Elementary
2022-2023,29,Fairfax County,663,NA,663,Northern Virginia,4,51059,school,2458,Fort Belvoir Upper Elementary
2022-2023,29,Fairfax County,576,NA,576,Northern Virginia,4,51059,school,1920,Fort Hunt Elementary
2022-2023,29,Fairfax County,630,NA,630,Northern Virginia,4,51059,school,390,Fox Mill Elementary
2022-2023,29,Fairfax County,524,NA,524,Northern Virginia,4,51059,school,320,Franconia Elementary
2022-2023,29,Fairfax County,833,NA,833,Northern Virginia,4,51059,school,440,Franklin Middle
2022-2023,29,Fairfax County,523,NA,523,Northern Virginia,4,51059,school,490,Freedom Hill Elementary
2022-2023,29,Fairfax County,1210,1,1211,Northern Virginia,4,51059,school,1410,Frost Middle
2022-2023,29,Fairfax County,316,NA,316,Northern Virginia,4,51059,school,630,Garfield Elementary
2022-2023,29,Fairfax County,1789,NA,1789,Northern Virginia,4,51059,school,1170,Glasgow Middle
2022-2023,29,Fairfax County,828,NA,828,Northern Virginia,4,51059,school,970,Glen Forest Elementary
2022-2023,29,Fairfax County,427,NA,427,Northern Virginia,4,51059,school,530,Graham Road Elementary
2022-2023,29,Fairfax County,547,NA,547,Northern Virginia,4,51059,school,570,Great Falls Elementary
2022-2023,29,Fairfax County,898,NA,898,Northern Virginia,4,51059,school,1840,Greenbriar East Elementary
2022-2023,29,Fairfax County,639,NA,639,Northern Virginia,4,51059,school,1500,Greenbriar West Elementary
2022-2023,29,Fairfax County,779,NA,779,Northern Virginia,4,51059,school,330,Groveton Elementary
2022-2023,29,Fairfax County,559,NA,559,Northern Virginia,4,51059,school,690,Gunston Elementary
2022-2023,29,Fairfax County,604,NA,604,Northern Virginia,4,51059,school,2210,Halley Elementary
2022-2023,29,Fairfax County,872,NA,872,Northern Virginia,4,51059,school,750,Haycock Elementary
2022-2023,29,Fairfax County,624,NA,624,Northern Virginia,4,51059,school,1740,Hayfield Elementary
2022-2023,29,Fairfax County,3150,2,3152,Northern Virginia,4,51059,school,1800,Hayfield Secondary
2022-2023,29,Fairfax County,808,NA,808,Northern Virginia,4,51059,school,1250,Herndon Elementary
2022-2023,29,Fairfax County,2368,NA,2368,Northern Virginia,4,51059,school,32,Herndon High
2022-2023,29,Fairfax County,962,NA,962,Northern Virginia,4,51059,school,33,Herndon Middle
2022-2023,29,Fairfax County,607,NA,607,Northern Virginia,4,51059,school,1330,Hollin Meadows Elementary
2022-2023,29,Fairfax County,882,1,883,Northern Virginia,4,51059,school,1521,Holmes Middle
2022-2023,29,Fairfax County,998,NA,998,Northern Virginia,4,51059,school,350,Hughes Middle
2022-2023,29,Fairfax County,734,NA,734,Northern Virginia,4,51059,school,1880,Hunt Valley Elementary
2022-2023,29,Fairfax County,731,NA,731,Northern Virginia,4,51059,school,1950,Hunters Woods Elementary School for the Arts and Sciences
2022-2023,29,Fairfax County,1070,NA,1070,Northern Virginia,4,51059,school,1980,Hutchison Elementary
2022-2023,29,Fairfax County,848,NA,848,Northern Virginia,4,51059,school,1420,Hybla Valley Elementary
2022-2023,29,Fairfax County,1168,2,1170,Northern Virginia,4,51059,school,1120,Irving Middle
2022-2023,29,Fairfax County,693,NA,693,Northern Virginia,4,51059,school,2235,Island Creek Elementary
2022-2023,29,Fairfax County,1055,1,1056,Northern Virginia,4,51059,school,673,Jackson Middle
2022-2023,29,Fairfax County,1072,2,1074,Northern Virginia,4,51059,school,1110,Johnson Middle
2022-2023,29,Fairfax County,2369,1,2370,Northern Virginia,4,51059,school,1070,Justice High
2022-2023,29,Fairfax County,770,NA,770,Northern Virginia,4,51059,school,1240,Keene Mill Elementary
2022-2023,29,Fairfax County,1023,NA,1023,Northern Virginia,4,51059,school,980,Kent Gardens Elementary
2022-2023,29,Fairfax County,52,NA,52,Northern Virginia,4,51059,school,1901,Key Center
2022-2023,29,Fairfax County,681,NA,681,Northern Virginia,4,51059,school,1900,Key Middle
2022-2023,29,Fairfax County,53,NA,53,Northern Virginia,4,51059,school,1761,Kilmer Center
2022-2023,29,Fairfax County,1154,NA,1154,Northern Virginia,4,51059,school,1760,Kilmer Middle
2022-2023,29,Fairfax County,423,NA,423,Northern Virginia,4,51059,school,1890,Kings Glen Elementary
2022-2023,29,Fairfax County,645,NA,645,Northern Virginia,4,51059,school,1440,Kings Park Elementary
2022-2023,29,Fairfax County,600,NA,600,Northern Virginia,4,51059,school,1570,Lake Anne Elementary
2022-2023,29,Fairfax County,4393,3,4396,Northern Virginia,4,51059,school,90,Lake Braddock Secondary
2022-2023,29,Fairfax County,732,NA,732,Northern Virginia,4,51059,school,2209,Lane Elementary
2022-2023,29,Fairfax County,2128,NA,2128,Northern Virginia,4,51059,school,1460,Langley High
2022-2023,29,Fairfax County,734,NA,734,Northern Virginia,4,51059,school,2348,Laurel Hill Elementary
2022-2023,29,Fairfax County,787,NA,787,Northern Virginia,4,51059,school,1970,Laurel Ridge Elementary
2022-2023,29,Fairfax County,594,NA,594,Northern Virginia,4,51059,school,1850,Lees Corner Elementary
2022-2023,29,Fairfax County,538,NA,538,Northern Virginia,4,51059,school,770,Lemon Road Elementary
2022-2023,29,Fairfax County,1700,NA,1700,Northern Virginia,4,51059,school,1020,Lewis High
2022-2023,29,Fairfax County,923,NA,923,Northern Virginia,4,51059,school,2233,Liberty Middle
2022-2023,29,Fairfax County,308,NA,308,Northern Virginia,4,51059,school,1400,Little Run Elementary
2022-2023,29,Fairfax County,706,NA,706,Northern Virginia,4,51059,school,1830,London Towne Elementary
2022-2023,29,Fairfax County,1226,NA,1226,Northern Virginia,4,51059,school,1150,Longfellow Middle
2022-2023,29,Fairfax County,707,NA,707,Northern Virginia,4,51059,school,2236,Lorton Station Elementary
2022-2023,29,Fairfax County,613,NA,613,Northern Virginia,4,51059,school,890,Lynbrook Elementary
2022-2023,29,Fairfax County,2141,NA,2141,Northern Virginia,4,51059,school,1060,Madison High
2022-2023,29,Fairfax County,933,NA,933,Northern Virginia,4,51059,school,1210,Mantua Elementary
2022-2023,29,Fairfax County,2121,1,2122,Northern Virginia,4,51059,school,1290,Marshall High
2022-2023,29,Fairfax County,671,NA,671,Northern Virginia,4,51059,school,1200,Marshall Road Elementary
2022-2023,29,Fairfax County,663,NA,663,Northern Virginia,4,51059,school,2410,Mason Crest Elementary
2022-2023,29,Fairfax County,2453,1,2454,Northern Virginia,4,51059,school,790,McLean High
2022-2023,29,Fairfax County,550,NA,550,Northern Virginia,4,51059,school,2231,McNair Elementary
2022-2023,29,Fairfax County,625,NA,625,Northern Virginia,4,51059,school,2200,McNair Upper Elementary
2022-2023,29,Fairfax County,958,NA,958,Northern Virginia,4,51059,school,1390,Mosaic Elementary
2022-2023,29,Fairfax County,347,NA,347,Northern Virginia,4,51059,school,510,Mount Eagle Elementary
2022-2023,29,Fairfax County,1966,NA,1966,Northern Virginia,4,51059,school,420,Mount Vernon High
2022-2023,29,Fairfax County,575,NA,575,Northern Virginia,4,51059,school,1640,Mount Vernon Woods Elementary
2022-2023,29,Fairfax County,128,NA,128,Northern Virginia,4,51059,school,2211,Mountain View High
2022-2023,29,Fairfax County,913,NA,913,Northern Virginia,4,51059,school,800,Navy Elementary
2022-2023,29,Fairfax County,572,NA,572,Northern Virginia,4,51059,school,470,Newington Forest Elementary
2022-2023,29,Fairfax County,484,NA,484,Northern Virginia,4,51059,school,930,North Springfield Elementary
2022-2023,29,Fairfax County,700,NA,700,Northern Virginia,4,51059,school,430,Oak Hill Elementary
2022-2023,29,Fairfax County,764,NA,764,Northern Virginia,4,51059,school,1860,Oak View Elementary
2022-2023,29,Fairfax County,778,NA,778,Northern Virginia,4,51059,school,140,Oakton Elementary
2022-2023,29,Fairfax County,2708,NA,2708,Northern Virginia,4,51059,school,1710,Oakton High
2022-2023,29,Fairfax County,358,NA,358,Northern Virginia,4,51059,school,1650,Olde Creek Elementary
2022-2023,29,Fairfax County,872,NA,872,Northern Virginia,4,51059,school,150,Orange Hunt Elementary
2022-2023,29,Fairfax County,902,NA,902,Northern Virginia,4,51059,school,1030,Parklawn Elementary
2022-2023,29,Fairfax County,54,NA,54,Northern Virginia,4,51059,school,2440,Pimmit Early Childhood Resource Center
2022-2023,29,Fairfax County,626,NA,626,Northern Virginia,4,51059,school,820,Pine Spring Elementary
2022-2023,29,Fairfax County,874,NA,874,Northern Virginia,4,51059,school,1130,Poe Middle
2022-2023,29,Fairfax County,672,NA,672,Northern Virginia,4,51059,school,2080,Poplar Tree Elementary
2022-2023,29,Fairfax County,929,NA,929,Northern Virginia,4,51059,school,2237,Powell Elementary
2022-2023,29,Fairfax County,870,NA,870,Northern Virginia,4,51059,school,2230,Providence Elementary
2022-2023,29,Fairfax County,601,NA,601,Northern Virginia,4,51059,school,1310,Ravensworth Elementary
2022-2023,29,Fairfax County,732,NA,732,Northern Virginia,4,51059,school,1820,Riverside Elementary
2022-2023,29,Fairfax County,3612,2,3614,Northern Virginia,4,51059,school,1960,Robinson Secondary
2022-2023,29,Fairfax County,936,NA,936,Northern Virginia,4,51059,school,300,Rocky Run Middle
2022-2023,29,Fairfax County,573,NA,573,Northern Virginia,4,51059,school,1770,Rolling Valley Elementary
2022-2023,29,Fairfax County,675,NA,675,Northern Virginia,4,51059,school,950,Rose Hill Elementary
2022-2023,29,Fairfax County,1438,2,1440,Northern Virginia,4,51059,school,1300,Sandburg Middle
2022-2023,29,Fairfax County,926,NA,926,Northern Virginia,4,51059,school,2030,Sangster Elementary
2022-2023,29,Fairfax County,582,NA,582,Northern Virginia,4,51059,school,2040,Saratoga Elementary
2022-2023,29,Fairfax County,337,NA,337,Northern Virginia,4,51059,school,80,Sherman Elementary
2022-2023,29,Fairfax County,664,NA,664,Northern Virginia,4,51059,school,1660,Shrevewood Elementary
2022-2023,29,Fairfax County,798,NA,798,Northern Virginia,4,51059,school,1680,Silverbrook Elementary
2022-2023,29,Fairfax County,453,NA,453,Northern Virginia,4,51059,school,710,Sleepy Hollow Elementary
2022-2023,29,Fairfax County,2277,NA,2277,Northern Virginia,4,51059,school,2241,South County High
2022-2023,29,Fairfax County,951,NA,951,Northern Virginia,4,51059,school,2420,South County Middle
2022-2023,29,Fairfax County,2548,4,2552,Northern Virginia,4,51059,school,1990,South Lakes High
2022-2023,29,Fairfax County,869,NA,869,Northern Virginia,4,51059,school,1620,Spring Hill Elementary
2022-2023,29,Fairfax County,612,NA,612,Northern Virginia,4,51059,school,960,Springfield Estates Elementary
2022-2023,29,Fairfax County,541,NA,541,Northern Virginia,4,51059,school,1380,Stenwood Elementary
2022-2023,29,Fairfax County,679,NA,679,Northern Virginia,4,51059,school,2070,Stone Middle
2022-2023,29,Fairfax County,730,NA,730,Northern Virginia,4,51059,school,1350,Stratford Landing Elementary
2022-2023,29,Fairfax County,544,NA,544,Northern Virginia,4,51059,school,280,Sunrise Valley Elementary
2022-2023,29,Fairfax County,629,NA,629,Northern Virginia,4,51059,school,170,Terra Centre Elementary
2022-2023,29,Fairfax County,621,NA,621,Northern Virginia,4,51059,school,250,Terraset Elementary
2022-2023,29,Fairfax County,1970,NA,1970,Northern Virginia,4,51059,school,1371,Thomas Jefferson High for Science and Technology
2022-2023,29,Fairfax County,1197,NA,1197,Northern Virginia,4,51059,school,1140,Thoreau Middle
2022-2023,29,Fairfax County,613,NA,613,Northern Virginia,4,51059,school,830,Timber Lane Elementary
2022-2023,29,Fairfax County,991,NA,991,Northern Virginia,4,51059,school,1160,Twain Middle
2022-2023,29,Fairfax County,895,NA,895,Northern Virginia,4,51059,school,1540,Union Mill Elementary
2022-2023,29,Fairfax County,382,NA,382,Northern Virginia,4,51059,school,120,Vienna Elementary
2022-2023,29,Fairfax County,203,NA,203,Northern Virginia,4,51059,school,2252,Virginia Hills Early Childhood Resource Center
2022-2023,29,Fairfax County,706,NA,706,Northern Virginia,4,51059,school,2050,Virginia Run Elementary
2022-2023,29,Fairfax County,670,NA,670,Northern Virginia,4,51059,school,850,Wakefield Forest Elementary
2022-2023,29,Fairfax County,843,NA,843,Northern Virginia,4,51059,school,2100,Waples Mill Elementary
2022-2023,29,Fairfax County,551,NA,551,Northern Virginia,4,51059,school,1320,Washington Mill Elementary
2022-2023,29,Fairfax County,715,NA,715,Northern Virginia,4,51059,school,1080,Waynewood Elementary
2022-2023,29,Fairfax County,2765,NA,2765,Northern Virginia,4,51059,school,900,West Potomac High
2022-2023,29,Fairfax County,568,NA,568,Northern Virginia,4,51059,school,1430,West Springfield Elementary
2022-2023,29,Fairfax County,2674,NA,2674,Northern Virginia,4,51059,school,1610,West Springfield High
2022-2023,29,Fairfax County,812,NA,812,Northern Virginia,4,51059,school,1580,Westbriar Elementary
2022-2023,29,Fairfax County,2694,2,2696,Northern Virginia,4,51059,school,2228,Westfield High
2022-2023,29,Fairfax County,584,NA,584,Northern Virginia,4,51059,school,1670,Westgate Elementary
2022-2023,29,Fairfax County,741,NA,741,Northern Virginia,4,51059,school,580,Westlawn Elementary
2022-2023,29,Fairfax County,570,NA,570,Northern Virginia,4,51059,school,520,Weyanoke Elementary
2022-2023,29,Fairfax County,718,NA,718,Northern Virginia,4,51059,school,400,White Oaks Elementary
2022-2023,29,Fairfax County,869,NA,869,Northern Virginia,4,51059,school,1550,Whitman Middle
2022-2023,29,Fairfax County,905,NA,905,Northern Virginia,4,51059,school,2060,Willow Springs Elementary
2022-2023,29,Fairfax County,539,NA,539,Northern Virginia,4,51059,school,1810,Wolftrap Elementary
2022-2023,29,Fairfax County,498,NA,498,Northern Virginia,4,51059,school,650,Woodburn Elementary
2022-2023,29,Fairfax County,479,NA,479,Northern Virginia,4,51059,school,380,Woodlawn Elementary
2022-2023,29,Fairfax County,486,NA,486,Northern Virginia,4,51059,school,590,Woodley Hills Elementary
2022-2023,29,Fairfax County,2490,NA,2490,Northern Virginia,4,51059,school,1260,Woodson High
2022-2023,109,Falls Church City,63,NA,63,Northern Virginia,4,51610,school,270,Jessie Thackrey  Preschool
2022-2023,109,Falls Church City,582,NA,582,Northern Virginia,4,51610,school,252,Mary Ellen Henderson Middle
2022-2023,109,Falls Church City,875,NA,875,Northern Virginia,4,51610,school,251,Meridian High
2022-2023,109,Falls Church City,461,NA,461,Northern Virginia,4,51610,school,240,Mount Daniel Elementary
2022-2023,109,Falls Church City,526,NA,526,Northern Virginia,4,51610,school,260,Oak Street Elementary
2022-2023,30,Fauquier County,554,NA,554,Northern Virginia,4,51061,school,854,Auburn Middle
2022-2023,30,Fauquier County,499,NA,499,Northern Virginia,4,51061,school,460,C. Hunter Ritchie Elementary
2022-2023,30,Fauquier County,365,NA,365,Northern Virginia,4,51061,school,730,C.M. Bradley Elementary
2022-2023,30,Fauquier County,610,NA,610,Northern Virginia,4,51061,school,520,Cedar Lee Middle
2022-2023,30,Fauquier County,258,NA,258,Northern Virginia,4,51061,school,120,Claude Thompson Elementary
2022-2023,30,Fauquier County,1163,NA,1163,Northern Virginia,4,51061,school,701,Fauquier High
2022-2023,30,Fauquier County,495,NA,495,Northern Virginia,4,51061,school,450,Grace Miller Elementary
2022-2023,30,Fauquier County,500,NA,500,Northern Virginia,4,51061,school,511,Greenville Elementary
2022-2023,30,Fauquier County,371,NA,371,Northern Virginia,4,51061,school,750,H.M. Pearson Elementary
2022-2023,30,Fauquier County,496,NA,496,Northern Virginia,4,51061,school,853,James G. Brumfield Elementary
2022-2023,30,Fauquier County,1207,NA,1207,Northern Virginia,4,51061,school,510,Kettle Run High
2022-2023,30,Fauquier County,1371,NA,1371,Northern Virginia,4,51061,school,851,Liberty High
2022-2023,30,Fauquier County,537,NA,537,Northern Virginia,4,51061,school,530,Margaret M. Pierce Elementary
2022-2023,30,Fauquier County,417,NA,417,Northern Virginia,4,51061,school,10,Marshall Middle
2022-2023,30,Fauquier County,406,NA,406,Northern Virginia,4,51061,school,20,Mary Walter Elementary
2022-2023,30,Fauquier County,421,NA,421,Northern Virginia,4,51061,school,720,P.B. Smith Elementary
2022-2023,30,Fauquier County,437,NA,437,Northern Virginia,4,51061,school,670,W.C. Taylor Middle
2022-2023,30,Fauquier County,337,NA,337,Northern Virginia,4,51061,school,740,W.G. Coleman Elementary
2022-2023,30,Fauquier County,395,NA,395,Northern Virginia,4,51061,school,660,Warrenton Middle
2022-2023,31,Floyd County,292,2,294,Western Virginia,6,51063,school,90,Check Elementary
2022-2023,31,Floyd County,701,2,703,Western Virginia,6,51063,school,660,Floyd County High
2022-2023,31,Floyd County,455,NA,455,Western Virginia,6,51063,school,360,Floyd Elementary
2022-2023,31,Floyd County,123,NA,123,Western Virginia,6,51063,school,650,Indian Valley Elementary
2022-2023,31,Floyd County,175,NA,175,Western Virginia,6,51063,school,500,Willis Elementary
2022-2023,32,Fluvanna County,472,NA,472,Valley,5,51065,school,300,Carysbrook Elementary
2022-2023,32,Fluvanna County,715,NA,715,Valley,5,51065,school,310,Central Elementary
2022-2023,32,Fluvanna County,1489,NA,1489,Valley,5,51065,school,260,Fluvanna County High
2022-2023,32,Fluvanna County,763,NA,763,Valley,5,51065,school,320,Fluvanna Middle
2022-2023,135,Franklin City,378,NA,378,Tidewater,2,51620,school,20,Franklin High
2022-2023,135,Franklin City,164,NA,164,Tidewater,2,51620,school,561,Joseph P. King Jr. Middle
2022-2023,135,Franklin City,481,NA,481,Tidewater,2,51620,school,10,S.P. Morton Elementary
2022-2023,33,Franklin County,1397,NA,1397,Western Virginia,6,51067,school,31,Benjamin Franklin Middle
2022-2023,33,Franklin County,271,NA,271,Western Virginia,6,51067,school,1370,Boones Mill Elementary
2022-2023,33,Franklin County,277,NA,277,Western Virginia,6,51067,school,1320,Burnt Chimney Elementary
2022-2023,33,Franklin County,169,NA,169,Western Virginia,6,51067,school,350,Callaway Elementary
2022-2023,33,Franklin County,216,NA,216,Western Virginia,6,51067,school,20,Dudley Elementary
2022-2023,33,Franklin County,223,NA,223,Western Virginia,6,51067,school,1360,Ferrum Elementary
2022-2023,33,Franklin County,1904,NA,1904,Western Virginia,6,51067,school,1311,Franklin County High
2022-2023,33,Franklin County,205,NA,205,Western Virginia,6,51067,school,690,Glade Hill Elementary
2022-2023,33,Franklin County,172,NA,172,Western Virginia,6,51067,school,10,Henry Elementary
2022-2023,33,Franklin County,412,NA,412,Western Virginia,6,51067,school,660,Lee M. Waid Elementary
2022-2023,33,Franklin County,290,NA,290,Western Virginia,6,51067,school,1380,Rocky Mount Elementary
2022-2023,33,Franklin County,194,NA,194,Western Virginia,6,51067,school,1170,Snow Creek Elementary
2022-2023,33,Franklin County,241,NA,241,Western Virginia,6,51067,school,960,Sontag Elementary
2022-2023,33,Franklin County,281,NA,281,Western Virginia,6,51067,school,980,Windy Gap Elementary
2022-2023,34,Frederick County,804,NA,804,Northern Virginia,4,51069,school,586,Admiral Richard E. Byrd Middle
2022-2023,34,Frederick County,423,NA,423,Northern Virginia,4,51069,school,10,Apple Pie Ridge Elementary
2022-2023,34,Frederick County,615,NA,615,Northern Virginia,4,51069,school,320,Armel Elementary
2022-2023,34,Frederick County,600,NA,600,Northern Virginia,4,51069,school,20,Bass-Hoover Elementary
2022-2023,34,Frederick County,530,NA,530,Northern Virginia,4,51069,school,587,Evendale Elementary
2022-2023,34,Frederick County,751,NA,751,Northern Virginia,4,51069,school,460,Frederick County Middle
2022-2023,34,Frederick County,490,NA,490,Northern Virginia,4,51069,school,380,Gainesboro Elementary
2022-2023,34,Frederick County,580,NA,580,Northern Virginia,4,51069,school,590,Greenwood Mill Elementary
2022-2023,34,Frederick County,393,NA,393,Northern Virginia,4,51069,school,40,Indian Hollow Elementary
2022-2023,34,Frederick County,1437,1,1438,Northern Virginia,4,51069,school,30,James Wood High
2022-2023,34,Frederick County,803,NA,803,Northern Virginia,4,51069,school,420,James Wood Middle
2022-2023,34,Frederick County,566,NA,566,Northern Virginia,4,51069,school,591,Jordan Springs Elementary
2022-2023,34,Frederick County,568,NA,568,Northern Virginia,4,51069,school,340,Middletown Elementary
2022-2023,34,Frederick County,1516,1,1517,Northern Virginia,4,51069,school,584,Millbrook High
2022-2023,34,Frederick County,461,NA,461,Northern Virginia,4,51069,school,583,Orchard View Elementary
2022-2023,34,Frederick County,589,NA,589,Northern Virginia,4,51069,school,582,Redbud Run Elementary
2022-2023,34,Frederick County,799,NA,799,Northern Virginia,4,51069,school,480,Robert E. Aylor Middle
2022-2023,34,Frederick County,1666,NA,1666,Northern Virginia,4,51069,school,581,Sherando High
2022-2023,34,Frederick County,369,NA,369,Northern Virginia,4,51069,school,410,Stonewall Elementary
2022-2023,110,Fredericksburg City,959,NA,959,Northern Neck,3,51630,school,50,Hugh Mercer Elementary
2022-2023,110,Fredericksburg City,1002,NA,1002,Northern Neck,3,51630,school,40,James Monroe High
2022-2023,110,Fredericksburg City,912,NA,912,Northern Neck,3,51630,school,272,Lafayette Elementary
2022-2023,110,Fredericksburg City,139,NA,139,Northern Neck,3,51630,school,30,Walker-Grant Early Childhood Center
2022-2023,110,Fredericksburg City,750,NA,750,Northern Neck,3,51630,school,273,Walker-Grant Middle
2022-2023,111,Galax City,686,NA,686,Southwest,7,51640,school,10,Galax Elementary
2022-2023,111,Galax City,378,1,379,Southwest,7,51640,school,31,Galax High
2022-2023,111,Galax City,329,NA,329,Southwest,7,51640,school,32,Galax Middle
2022-2023,35,Giles County,744,NA,744,Southwest,7,51071,school,10,Eastern Elementary/Middle
2022-2023,35,Giles County,657,2,659,Southwest,7,51071,school,461,Giles High
2022-2023,35,Giles County,789,NA,789,Southwest,7,51071,school,390,Macy Mcclaugherty Elementary/Middle
2022-2023,35,Giles County,859,NA,859,Southwest,7,51071,school,400,Narrows Elementary/Middle
2022-2023,35,Giles County,411,NA,411,Southwest,7,51071,school,470,Narrows High
2022-2023,36,Gloucester County,441,15,456,Northern Neck,3,51073,school,250,Abingdon Elementary
2022-2023,36,Gloucester County,455,4,459,Northern Neck,3,51073,school,240,Achilles Elementary
2022-2023,36,Gloucester County,498,6,504,Northern Neck,3,51073,school,381,Bethel Elementary
2022-2023,36,Gloucester County,546,7,553,Northern Neck,3,51073,school,100,Botetourt Elementary
2022-2023,36,Gloucester County,1536,NA,1536,Northern Neck,3,51073,school,260,Gloucester High
2022-2023,36,Gloucester County,581,NA,581,Northern Neck,3,51073,school,802,Page Middle
2022-2023,36,Gloucester County,620,NA,620,Northern Neck,3,51073,school,280,Peasley Middle
2022-2023,36,Gloucester County,382,2,384,Northern Neck,3,51073,school,270,Petsworth Elementary
2022-2023,37,Goochland County,320,NA,320,Central Virginia,1,51075,school,120,Byrd Elementary
2022-2023,37,Goochland County,387,NA,387,Central Virginia,1,51075,school,360,Goochland Elementary
2022-2023,37,Goochland County,890,NA,890,Central Virginia,1,51075,school,220,Goochland High
2022-2023,37,Goochland County,574,NA,574,Central Virginia,1,51075,school,340,Goochland Middle
2022-2023,37,Goochland County,472,NA,472,Central Virginia,1,51075,school,260,Randolph Elementary
2022-2023,38,Grayson County,155,NA,155,Southwest,7,51077,school,480,Fairview Elementary
2022-2023,38,Grayson County,253,NA,253,Southwest,7,51077,school,911,Fries Elementary
2022-2023,38,Grayson County,465,NA,465,Southwest,7,51077,school,421,Grayson County High
2022-2023,38,Grayson County,149,NA,149,Southwest,7,51077,school,430,Grayson Highlands
2022-2023,38,Grayson County,277,NA,277,Southwest,7,51077,school,422,Independence Elementary
2022-2023,38,Grayson County,262,NA,262,Southwest,7,51077,school,11,Independence Middle
2022-2023,39,Greene County,353,NA,353,Valley,5,51079,school,20,Nathanael Greene Elementary
2022-2023,39,Greene County,347,NA,347,Valley,5,51079,school,10,Nathanael Greene Primary
2022-2023,39,Greene County,506,NA,506,Valley,5,51079,school,30,Ruckersville Elementary
2022-2023,39,Greene County,957,NA,957,Valley,5,51079,school,72,William Monroe High
2022-2023,39,Greene County,675,NA,675,Valley,5,51079,school,71,William Monroe Middle
2022-2023,40,Greensville County,145,NA,145,Southside,8,51081,school,260,Belfield Elementary
2022-2023,40,Greensville County,449,NA,449,Southside,8,51081,school,190,Edward W. Wyatt Middle
2022-2023,40,Greensville County,607,NA,607,Southside,8,51081,school,200,Greensville County High
2022-2023,40,Greensville County,833,NA,833,Southside,8,51081,school,50,Greensville Elementary
2022-2023,41,Halifax County,212,NA,212,Southside,8,51083,school,1560,Clays Mill Elementary
2022-2023,41,Halifax County,547,NA,547,Southside,8,51083,school,20,Cluster Springs Elementary
2022-2023,41,Halifax County,1398,4,1402,Southside,8,51083,school,10,Halifax County High
2022-2023,41,Halifax County,925,NA,925,Southside,8,51083,school,1480,Halifax County Middle
2022-2023,41,Halifax County,162,NA,162,Southside,8,51083,school,1550,Meadville Elementary
2022-2023,41,Halifax County,188,NA,188,Southside,8,51083,school,1510,Scottsburg Elementary
2022-2023,41,Halifax County,220,NA,220,Southside,8,51083,school,1521,Sinai Elementary
2022-2023,41,Halifax County,666,NA,666,Southside,8,51083,school,30,South Boston Elementary
2022-2023,41,Halifax County,111,NA,111,Southside,8,51083,school,950,South Boston/Halifax Early Learning Center
2022-2023,41,Halifax County,192,NA,192,Southside,8,51083,school,1490,Sydnor Jennings Elementary
2022-2023,112,Hampton City,494,NA,494,Tidewater,2,51650,school,500,A.W.E. Bassette Elementary
2022-2023,112,Hampton City,442,NA,442,Tidewater,2,51650,school,160,Aberdeen Elementary
2022-2023,112,Hampton City,411,NA,411,Tidewater,2,51650,school,470,Albert W. Patrick III Elementary
2022-2023,112,Hampton City,540,NA,540,Tidewater,2,51650,school,260,Alfred S. Forrest Elementary
2022-2023,112,Hampton City,297,NA,297,Tidewater,2,51650,school,120,Armstrong Elementary
2022-2023,112,Hampton City,368,NA,368,Tidewater,2,51650,school,330,Barron Elementary
2022-2023,112,Hampton City,897,NA,897,Tidewater,2,51650,school,350,Benjamin Syms Middle
2022-2023,112,Hampton City,1777,NA,1777,Tidewater,2,51650,school,430,Bethel High
2022-2023,112,Hampton City,707,NA,707,Tidewater,2,51650,school,450,C. Alton Lindsay Middle
2022-2023,112,Hampton City,393,NA,393,Tidewater,2,51650,school,460,Captain John Smith Elementary
2022-2023,112,Hampton City,676,NA,676,Tidewater,2,51650,school,300,Cesar Tarrant Middle
2022-2023,112,Hampton City,457,NA,457,Tidewater,2,51650,school,420,Christopher C. Kraft Elementary
2022-2023,112,Hampton City,450,NA,450,Tidewater,2,51650,school,30,Francis Asbury Elementary
2022-2023,112,Hampton City,610,NA,610,Tidewater,2,51650,school,70,Francis W. Jones Magnet Middle
2022-2023,112,Hampton City,1516,NA,1516,Tidewater,2,51650,school,650,George P. Phenix Elementary
2022-2023,112,Hampton City,1359,NA,1359,Tidewater,2,51650,school,280,Hampton High
2022-2023,112,Hampton City,1131,NA,1131,Tidewater,2,51650,school,640,Hunter B. Andrews
2022-2023,112,Hampton City,376,NA,376,Tidewater,2,51650,school,250,Jane H. Bryan Elementary
2022-2023,112,Hampton City,1564,NA,1564,Tidewater,2,51650,school,320,Kecoughtan High
2022-2023,112,Hampton City,455,NA,455,Tidewater,2,51650,school,490,Luther W. Machen Elementary
2022-2023,112,Hampton City,402,NA,402,Tidewater,2,51650,school,440,Mary S. Peake Elementary
2022-2023,112,Hampton City,273,NA,273,Tidewater,2,51650,school,270,Mary T. Christian Elementary
2022-2023,112,Hampton City,309,NA,309,Tidewater,2,51650,school,360,Mary W. Jackson Elementary
2022-2023,112,Hampton City,248,NA,248,Tidewater,2,51650,school,210,Moton Early Childhood Center
2022-2023,112,Hampton City,443,NA,443,Tidewater,2,51650,school,410,Paul Burbank Elementary
2022-2023,112,Hampton City,417,NA,417,Tidewater,2,51650,school,370,Phillips Elementary
2022-2023,112,Hampton City,1365,NA,1365,Tidewater,2,51650,school,50,Phoebus High
2022-2023,112,Hampton City,456,NA,456,Tidewater,2,51650,school,180,Samuel P. Langley Elementary
2022-2023,112,Hampton City,577,NA,577,Tidewater,2,51650,school,380,Thomas Eaton Middle
2022-2023,112,Hampton City,386,NA,386,Tidewater,2,51650,school,80,William Mason Cooper Elementary
2022-2023,42,Hanover County,1526,NA,1526,Central Virginia,1,51085,school,62,Atlee High
2022-2023,42,Hanover County,404,NA,404,Central Virginia,1,51085,school,360,Battlefield Park Elementary
2022-2023,42,Hanover County,292,NA,292,Central Virginia,1,51085,school,20,Beaverdam Elementary
2022-2023,42,Hanover County,934,NA,934,Central Virginia,1,51085,school,440,Bell Creek Middle
2022-2023,42,Hanover County,1131,NA,1131,Central Virginia,1,51085,school,61,Chickahominy Middle
2022-2023,42,Hanover County,527,NA,527,Central Virginia,1,51085,school,70,Cold Harbor Elementary
2022-2023,42,Hanover County,778,NA,778,Central Virginia,1,51085,school,551,Cool Spring Elementary
2022-2023,42,Hanover County,395,NA,395,Central Virginia,1,51085,school,430,Elmont Elementary
2022-2023,42,Hanover County,1427,NA,1427,Central Virginia,1,51085,school,554,Hanover High
2022-2023,42,Hanover County,361,NA,361,Central Virginia,1,51085,school,150,Henry Clay Elementary
2022-2023,42,Hanover County,322,NA,322,Central Virginia,1,51085,school,162,John M. Gandy Elementary
2022-2023,42,Hanover County,701,NA,701,Central Virginia,1,51085,school,200,Kersey Creek Elementary
2022-2023,42,Hanover County,569,NA,569,Central Virginia,1,51085,school,210,Laurel Meadow Elementary
2022-2023,42,Hanover County,911,NA,911,Central Virginia,1,51085,school,450,Liberty Middle
2022-2023,42,Hanover County,615,NA,615,Central Virginia,1,51085,school,420,Mechanicsville Elementary
2022-2023,42,Hanover County,1354,NA,1354,Central Virginia,1,51085,school,370,Mechanicsville High
2022-2023,42,Hanover County,941,NA,941,Central Virginia,1,51085,school,553,Oak Knoll Middle
2022-2023,42,Hanover County,1323,NA,1323,Central Virginia,1,51085,school,400,Patrick Henry High
2022-2023,42,Hanover County,575,NA,575,Central Virginia,1,51085,school,410,Pearson's Corner Elementary
2022-2023,42,Hanover County,534,NA,534,Central Virginia,1,51085,school,552,Pole Green Elementary
2022-2023,42,Hanover County,607,NA,607,Central Virginia,1,51085,school,30,Rural Point Elementary
2022-2023,42,Hanover County,454,NA,454,Central Virginia,1,51085,school,40,South Anna Elementary
2022-2023,42,Hanover County,385,NA,385,Central Virginia,1,51085,school,290,Washington-Henry Elementary
2022-2023,113,Harrisonburg City,550,NA,550,Valley,5,51660,school,120,Bluestone Elementary
2022-2023,113,Harrisonburg City,1951,2,1953,Valley,5,51660,school,12,Harrisonburg High
2022-2023,113,Harrisonburg City,526,NA,526,Valley,5,51660,school,50,Keister Elementary
2022-2023,113,Harrisonburg City,697,NA,697,Valley,5,51660,school,111,Skyline Middle
2022-2023,113,Harrisonburg City,730,NA,730,Valley,5,51660,school,110,Smithland Elementary
2022-2023,113,Harrisonburg City,448,NA,448,Valley,5,51660,school,60,Spotswood Elementary
2022-2023,113,Harrisonburg City,557,NA,557,Valley,5,51660,school,191,Stone Spring Elementary
2022-2023,113,Harrisonburg City,693,NA,693,Valley,5,51660,school,80,Thomas Harrison Middle
2022-2023,113,Harrisonburg City,530,NA,530,Valley,5,51660,school,30,Waterman Elementary
2022-2023,43,Henrico County,331,NA,331,Central Virginia,1,51087,school,450,Anthony P. Mehfoud Elementary
2022-2023,43,Henrico County,491,NA,491,Central Virginia,1,51087,school,320,Arthur Ashe Jr. Elementary
2022-2023,43,Henrico County,1074,NA,1074,Central Virginia,1,51087,school,500,Brookland Middle
2022-2023,43,Henrico County,514,NA,514,Central Virginia,1,51087,school,120,Cashell Donahoe Elementary
2022-2023,43,Henrico County,318,NA,318,Central Virginia,1,51087,school,590,Chamberlayne Elementary
2022-2023,43,Henrico County,392,NA,392,Central Virginia,1,51087,school,530,Charles M. Johnson Elementary
2022-2023,43,Henrico County,666,NA,666,Central Virginia,1,51087,school,93,Colonial Trail Elementary
2022-2023,43,Henrico County,352,NA,352,Central Virginia,1,51087,school,400,Crestview Elementary
2022-2023,43,Henrico County,493,NA,493,Central Virginia,1,51087,school,82,David A. Kaechele Elementary
2022-2023,43,Henrico County,2027,NA,2027,Central Virginia,1,51087,school,160,Deep Run High
2022-2023,43,Henrico County,1860,NA,1860,Central Virginia,1,51087,school,410,Douglas S. Freeman High
2022-2023,43,Henrico County,598,NA,598,Central Virginia,1,51087,school,700,Dumbarton Elementary
2022-2023,43,Henrico County,528,NA,528,Central Virginia,1,51087,school,300,Echo Lake Elementary
2022-2023,43,Henrico County,796,NA,796,Central Virginia,1,51087,school,680,Elizabeth Holladay Elementary
2022-2023,43,Henrico County,730,NA,730,Central Virginia,1,51087,school,92,Elko Middle
2022-2023,43,Henrico County,379,NA,379,Central Virginia,1,51087,school,200,Fair Oaks Elementary
2022-2023,43,Henrico County,987,NA,987,Central Virginia,1,51087,school,510,Fairfield Middle
2022-2023,43,Henrico County,544,NA,544,Central Virginia,1,51087,school,150,Gayton Elementary
2022-2023,43,Henrico County,410,NA,410,Central Virginia,1,51087,school,470,George F. Baker Elementary
2022-2023,43,Henrico County,1072,NA,1072,Central Virginia,1,51087,school,390,George H. Moody Middle
2022-2023,43,Henrico County,582,NA,582,Central Virginia,1,51087,school,20,Glen Allen Elementary
2022-2023,43,Henrico County,2006,NA,2006,Central Virginia,1,51087,school,96,Glen Allen High
2022-2023,43,Henrico County,432,NA,432,Central Virginia,1,51087,school,380,Glen Lea Elementary
2022-2023,43,Henrico County,600,NA,600,Central Virginia,1,51087,school,260,Greenwood Elementary
2022-2023,43,Henrico County,428,NA,428,Central Virginia,1,51087,school,420,Harold Macon Ratcliffe Elementary
2022-2023,43,Henrico County,495,NA,495,Central Virginia,1,51087,school,94,Harvie Elementary
2022-2023,43,Henrico County,1348,NA,1348,Central Virginia,1,51087,school,610,Henrico High
2022-2023,43,Henrico County,795,NA,795,Central Virginia,1,51087,school,83,Henrico Virtual Academy
2022-2023,43,Henrico County,470,NA,470,Central Virginia,1,51087,school,330,Henry D. Ward Elementary
2022-2023,43,Henrico County,1717,NA,1717,Central Virginia,1,51087,school,670,Hermitage High
2022-2023,43,Henrico County,532,NA,532,Central Virginia,1,51087,school,640,Highland Springs Elementary
2022-2023,43,Henrico County,2089,NA,2089,Central Virginia,1,51087,school,190,Highland Springs High
2022-2023,43,Henrico County,850,NA,850,Central Virginia,1,51087,school,95,Holman Middle
2022-2023,43,Henrico County,829,NA,829,Central Virginia,1,51087,school,100,Hungary Creek Middle
2022-2023,43,Henrico County,518,NA,518,Central Virginia,1,51087,school,620,Jackson Davis Elementary
2022-2023,43,Henrico County,464,NA,464,Central Virginia,1,51087,school,660,Jacob L. Adams Elementary
2022-2023,43,Henrico County,1916,NA,1916,Central Virginia,1,51087,school,600,John Randolph Tucker High
2022-2023,43,Henrico County,764,NA,764,Central Virginia,1,51087,school,130,John Rolfe Middle
2022-2023,43,Henrico County,761,NA,761,Central Virginia,1,51087,school,250,L. Douglas Wilder Middle
2022-2023,43,Henrico County,456,NA,456,Central Virginia,1,51087,school,430,Laburnum Elementary
2022-2023,43,Henrico County,438,NA,438,Central Virginia,1,51087,school,370,Lakeside Elementary
2022-2023,43,Henrico County,474,NA,474,Central Virginia,1,51087,school,50,Longdale Elementary
2022-2023,43,Henrico County,537,NA,537,Central Virginia,1,51087,school,490,Maude Trevvett Elementary
2022-2023,43,Henrico County,653,NA,653,Central Virginia,1,51087,school,540,Maybeury Elementary
2022-2023,43,Henrico County,1773,NA,1773,Central Virginia,1,51087,school,140,Mills E. Godwin High
2022-2023,43,Henrico County,311,NA,311,Central Virginia,1,51087,school,210,Montrose Elementary
2022-2023,43,Henrico County,590,NA,590,Central Virginia,1,51087,school,270,Nuckols Farm Elementary
2022-2023,43,Henrico County,354,NA,354,Central Virginia,1,51087,school,440,Pemberton Elementary
2022-2023,43,Henrico County,522,NA,522,Central Virginia,1,51087,school,570,Pinchbeck Elementary
2022-2023,43,Henrico County,825,NA,825,Central Virginia,1,51087,school,280,Pocahontas Middle
2022-2023,43,Henrico County,1040,NA,1040,Central Virginia,1,51087,school,690,Quioccasin Middle
2022-2023,43,Henrico County,459,NA,459,Central Virginia,1,51087,school,630,R.C. Longan Elementary
2022-2023,43,Henrico County,466,NA,466,Central Virginia,1,51087,school,90,Ridge Elementary
2022-2023,43,Henrico County,748,NA,748,Central Virginia,1,51087,school,240,Rivers Edge Elementary
2022-2023,43,Henrico County,456,NA,456,Central Virginia,1,51087,school,650,Ruby F. Carver Elementary
2022-2023,43,Henrico County,188,NA,188,Central Virginia,1,51087,school,220,Sandston Elementary
2022-2023,43,Henrico County,376,NA,376,Central Virginia,1,51087,school,550,Seven Pines Elementary
2022-2023,43,Henrico County,591,NA,591,Central Virginia,1,51087,school,710,Shady Grove Elementary
2022-2023,43,Henrico County,558,NA,558,Central Virginia,1,51087,school,60,Short Pump Elementary
2022-2023,43,Henrico County,1112,NA,1112,Central Virginia,1,51087,school,80,Short Pump Middle
2022-2023,43,Henrico County,508,NA,508,Central Virginia,1,51087,school,480,Skipwith Elementary
2022-2023,43,Henrico County,632,NA,632,Central Virginia,1,51087,school,230,Springfield Park Elementary
2022-2023,43,Henrico County,296,NA,296,Central Virginia,1,51087,school,10,Three Chopt Elementary
2022-2023,43,Henrico County,650,NA,650,Central Virginia,1,51087,school,360,Tuckahoe Elementary
2022-2023,43,Henrico County,1003,NA,1003,Central Virginia,1,51087,school,520,Tuckahoe Middle
2022-2023,43,Henrico County,547,NA,547,Central Virginia,1,51087,school,310,Twin Hickory Elementary
2022-2023,43,Henrico County,263,NA,263,Central Virginia,1,51087,school,290,Varina Elementary
2022-2023,43,Henrico County,1405,NA,1405,Central Virginia,1,51087,school,580,Varina High
2022-2023,44,Henry County,364,NA,364,Western Virginia,6,51089,school,361,Axton Elementary
2022-2023,44,Henry County,1107,NA,1107,Western Virginia,6,51089,school,10,Bassett High
2022-2023,44,Henry County,269,NA,269,Western Virginia,6,51089,school,590,Campbell Court Elementary
2022-2023,44,Henry County,404,NA,404,Western Virginia,6,51089,school,530,Drewry Mason Elementary
2022-2023,44,Henry County,805,NA,805,Western Virginia,6,51089,school,620,Fieldale-Collinsville Middle
2022-2023,44,Henry County,461,NA,461,Western Virginia,6,51089,school,480,G.W. Carver Elementary
2022-2023,44,Henry County,786,NA,786,Western Virginia,6,51089,school,670,Laurel Park Middle
2022-2023,44,Henry County,1104,NA,1104,Western Virginia,6,51089,school,20,Magna Vista High
2022-2023,44,Henry County,674,NA,674,Western Virginia,6,51089,school,661,Meadow View Elementary
2022-2023,44,Henry County,280,NA,280,Western Virginia,6,51089,school,872,Mount Olivet Elementary
2022-2023,44,Henry County,251,NA,251,Western Virginia,6,51089,school,740,Rich Acres Elementary
2022-2023,44,Henry County,238,NA,238,Western Virginia,6,51089,school,220,Sanville Elementary
2022-2023,44,Henry County,267,NA,267,Western Virginia,6,51089,school,760,Stanleytown Elementary
2022-2023,45,Highland County,97,NA,97,Valley,5,51091,school,110,Highland Elementary
2022-2023,45,Highland County,103,NA,103,Valley,5,51091,school,220,Highland High
2022-2023,114,Hopewell City,826,NA,826,Central Virginia,1,51670,school,110,Carter G. Woodson Middle
2022-2023,114,Hopewell City,632,1,633,Central Virginia,1,51670,school,40,Dupont Elementary
2022-2023,114,Hopewell City,481,NA,481,Central Virginia,1,51670,school,140,Harry E. James Elementary
2022-2023,114,Hopewell City,1136,NA,1136,Central Virginia,1,51670,school,120,Hopewell High
2022-2023,114,Hopewell City,600,NA,600,Central Virginia,1,51670,school,70,Patrick Copeland Elementary
2022-2023,114,Hopewell City,309,NA,309,Central Virginia,1,51670,school,151,Woodlawn Pre-School Learning Center
2022-2023,46,Isle of Wight County,662,NA,662,Tidewater,2,51093,school,421,Carrollton Elementary
2022-2023,46,Isle of Wight County,252,NA,252,Tidewater,2,51093,school,280,Carrsville Elementary
2022-2023,46,Isle of Wight County,375,NA,375,Tidewater,2,51093,school,422,Georgie D. Tyler Middle
2022-2023,46,Isle of Wight County,526,NA,526,Tidewater,2,51093,school,320,Hardy Elementary
2022-2023,46,Isle of Wight County,1347,1,1348,Tidewater,2,51093,school,40,Smithfield High
2022-2023,46,Isle of Wight County,609,1,610,Tidewater,2,51093,school,50,Smithfield Middle
2022-2023,46,Isle of Wight County,729,NA,729,Tidewater,2,51093,school,424,Westside Elementary
2022-2023,46,Isle of Wight County,600,NA,600,Tidewater,2,51093,school,240,Windsor Elementary
2022-2023,46,Isle of Wight County,527,NA,527,Tidewater,2,51093,school,250,Windsor High
2022-2023,48,King George County,744,NA,744,Northern Neck,3,51099,school,100,King George Elementary
2022-2023,48,King George County,1489,NA,1489,Northern Neck,3,51099,school,120,King George High
2022-2023,48,King George County,1001,NA,1001,Northern Neck,3,51099,school,10,King George Middle
2022-2023,48,King George County,533,NA,533,Northern Neck,3,51099,school,50,Potomac Elementary
2022-2023,48,King George County,754,NA,754,Northern Neck,3,51099,school,221,Sealston Elementary
2022-2023,50,King William County,432,NA,432,Northern Neck,3,51101,school,180,Acquinton Elementary
2022-2023,50,King William County,506,NA,506,Northern Neck,3,51101,school,190,Cool Spring Primary
2022-2023,50,King William County,450,NA,450,Northern Neck,3,51101,school,160,Hamilton Holmes Middle
2022-2023,50,King William County,696,NA,696,Northern Neck,3,51101,school,130,King William High
2022-2023,49,King and Queen County,273,NA,273,Northern Neck,3,51097,school,280,Central High
2022-2023,49,King and Queen County,274,NA,274,Northern Neck,3,51097,school,200,King & Queen Elementary
2022-2023,49,King and Queen County,311,NA,311,Northern Neck,3,51097,school,290,Lawson-Marriott Elementary
2022-2023,51,Lancaster County,83,NA,83,Northern Neck,3,51103,school,310,Lancaster Early Childhood Education Center
2022-2023,51,Lancaster County,403,NA,403,Northern Neck,3,51103,school,10,Lancaster High
2022-2023,51,Lancaster County,237,NA,237,Northern Neck,3,51103,school,110,Lancaster Middle
2022-2023,51,Lancaster County,316,NA,316,Northern Neck,3,51103,school,210,Lancaster Primary
2022-2023,52,Lee County,273,NA,273,Southwest,7,51105,school,160,Dryden Elementary
2022-2023,52,Lee County,283,NA,283,Southwest,7,51105,school,330,Elk Knob Elementary
2022-2023,52,Lee County,139,NA,139,Southwest,7,51105,school,820,Elydale Middle
2022-2023,52,Lee County,302,NA,302,Southwest,7,51105,school,630,Flatwoods Elementary
2022-2023,52,Lee County,248,NA,248,Southwest,7,51105,school,470,Jonesville Middle
2022-2023,52,Lee County,781,NA,781,Southwest,7,51105,school,300,Lee High
2022-2023,52,Lee County,274,NA,274,Southwest,7,51105,school,290,Pennington Middle
2022-2023,52,Lee County,251,NA,251,Southwest,7,51105,school,670,Rose Hill Elementary
2022-2023,52,Lee County,120,NA,120,Southwest,7,51105,school,200,St. Charles Elementary
2022-2023,52,Lee County,278,NA,278,Southwest,7,51105,school,880,Thomas Walker High
2022-2023,137,Lexington City,324,NA,324,Valley,5,51678,school,1390,Harrington Waddell Elementary
2022-2023,137,Lexington City,162,NA,162,Valley,5,51678,school,1440,Lylburn Downing Middle
2022-2023,137,Lexington City,1,NA,1,Valley,5,51678,school,22,Rockbridge County High
2022-2023,53,Loudoun County,111,NA,111,Northern Virginia,4,51107,school,510,Aldie Elementary
2022-2023,53,Loudoun County,463,NA,463,Northern Virginia,4,51107,school,150,Algonkian Elementary
2022-2023,53,Loudoun County,811,NA,811,Northern Virginia,4,51107,school,610,Arcola Elementary
2022-2023,53,Loudoun County,523,NA,523,Northern Virginia,4,51107,school,170,Ashburn Elementary
2022-2023,53,Loudoun County,465,NA,465,Northern Virginia,4,51107,school,220,Ball's Bluff Elementary
2022-2023,53,Loudoun County,172,NA,172,Northern Virginia,4,51107,school,650,Banneker Elementary
2022-2023,53,Loudoun County,1068,2,1070,Northern Virginia,4,51107,school,940,Belmont Ridge Middle
2022-2023,53,Loudoun County,711,NA,711,Northern Virginia,4,51107,school,300,Belmont Station Elementary
2022-2023,53,Loudoun County,802,NA,802,Northern Virginia,4,51107,school,790,Blue Ridge Middle
2022-2023,53,Loudoun County,1622,1,1623,Northern Virginia,4,51107,school,1120,Brambleton Middle
2022-2023,53,Loudoun County,1759,NA,1759,Northern Virginia,4,51107,school,420,Briar Woods High
2022-2023,53,Loudoun County,1587,2,1589,Northern Virginia,4,51107,school,740,Broad Run High
2022-2023,53,Loudoun County,815,NA,815,Northern Virginia,4,51107,school,450,Buffalo Trail Elementary
2022-2023,53,Loudoun County,871,NA,871,Northern Virginia,4,51107,school,460,Cardinal Ridge Elementary
2022-2023,53,Loudoun County,601,NA,601,Northern Virginia,4,51107,school,710,Catoctin Elementary
2022-2023,53,Loudoun County,730,NA,730,Northern Virginia,4,51107,school,840,Cedar Lane Elementary
2022-2023,53,Loudoun County,613,NA,613,Northern Virginia,4,51107,school,160,Cool Spring Elementary
2022-2023,53,Loudoun County,636,NA,636,Northern Virginia,4,51107,school,890,Countryside Elementary
2022-2023,53,Loudoun County,875,NA,875,Northern Virginia,4,51107,school,540,Creighton's Corner Elementary
2022-2023,53,Loudoun County,710,NA,710,Northern Virginia,4,51107,school,1000,Discovery Elementary
2022-2023,53,Loudoun County,1509,NA,1509,Northern Virginia,4,51107,school,31,Dominion High
2022-2023,53,Loudoun County,587,NA,587,Northern Virginia,4,51107,school,470,Dominion Trail Elementary
2022-2023,53,Loudoun County,1206,NA,1206,Northern Virginia,4,51107,school,880,Eagle Ridge Middle
2022-2023,53,Loudoun County,880,NA,880,Northern Virginia,4,51107,school,1151,Elaine E. Thompson Elementary
2022-2023,53,Loudoun County,408,NA,408,Northern Virginia,4,51107,school,730,Emerick Elementary
2022-2023,53,Loudoun County,606,NA,606,Northern Virginia,4,51107,school,190,Evergreen Mill Elementary
2022-2023,53,Loudoun County,1024,2,1026,Northern Virginia,4,51107,school,210,Farmwell Station Middle
2022-2023,53,Loudoun County,533,NA,533,Northern Virginia,4,51107,school,970,Forest Grove Elementary
2022-2023,53,Loudoun County,608,NA,608,Northern Virginia,4,51107,school,91,Frances Hazel Reid Elementary
2022-2023,53,Loudoun County,549,32,581,Northern Virginia,4,51107,school,530,Frederick Douglass Elementary
2022-2023,53,Loudoun County,2002,NA,2002,Northern Virginia,4,51107,school,120,Freedom High
2022-2023,53,Loudoun County,950,NA,950,Northern Virginia,4,51107,school,371,Goshen Post Elementary
2022-2023,53,Loudoun County,541,NA,541,Northern Virginia,4,51107,school,720,Guilford Elementary
2022-2023,53,Loudoun County,164,NA,164,Northern Virginia,4,51107,school,230,Hamilton Elementary
2022-2023,53,Loudoun County,1084,2,1086,Northern Virginia,4,51107,school,921,Harmony Middle
2022-2023,53,Loudoun County,844,2,846,Northern Virginia,4,51107,school,520,Harper Park Middle
2022-2023,53,Loudoun County,1434,34,1468,Northern Virginia,4,51107,school,900,Heritage High
2022-2023,53,Loudoun County,143,NA,143,Northern Virginia,4,51107,school,111,Hillsboro Charter Academy
2022-2023,53,Loudoun County,627,NA,627,Northern Virginia,4,51107,school,400,Hillside Elementary
2022-2023,53,Loudoun County,487,NA,487,Northern Virginia,4,51107,school,820,Horizon Elementary
2022-2023,53,Loudoun County,933,NA,933,Northern Virginia,4,51107,school,1131,Hovatter Elementary
2022-2023,53,Loudoun County,668,58,726,Northern Virginia,4,51107,school,960,Hutchison Farm Elementary
2022-2023,53,Loudoun County,2017,4,2021,Northern Virginia,4,51107,school,1110,Independence High
2022-2023,53,Loudoun County,974,NA,974,Northern Virginia,4,51107,school,20,J. Lupton Simpson Middle
2022-2023,53,Loudoun County,1328,NA,1328,Northern Virginia,4,51107,school,580,J. Michael Lunsford Middle
2022-2023,53,Loudoun County,1599,1,1600,Northern Virginia,4,51107,school,370,John Champe High
2022-2023,53,Loudoun County,626,NA,626,Northern Virginia,4,51107,school,950,John W. Tolbert Jr. Elementary
2022-2023,53,Loudoun County,430,NA,430,Northern Virginia,4,51107,school,600,Kenneth W.Culbert Elementary
2022-2023,53,Loudoun County,428,NA,428,Northern Virginia,4,51107,school,80,Leesburg Elementary
2022-2023,53,Loudoun County,706,NA,706,Northern Virginia,4,51107,school,430,Legacy Elementary
2022-2023,53,Loudoun County,866,NA,866,Northern Virginia,4,51107,school,560,Liberty Elementary
2022-2023,53,Loudoun County,1771,NA,1771,Northern Virginia,4,51107,school,1130,Lightridge High
2022-2023,53,Loudoun County,95,NA,95,Northern Virginia,4,51107,school,290,Lincoln Elementary
2022-2023,53,Loudoun County,710,NA,710,Northern Virginia,4,51107,school,860,Little River Elementary
2022-2023,53,Loudoun County,1535,2,1537,Northern Virginia,4,51107,school,660,Loudoun County High
2022-2023,53,Loudoun County,1183,2,1185,Northern Virginia,4,51107,school,680,Loudoun Valley High
2022-2023,53,Loudoun County,526,NA,526,Northern Virginia,4,51107,school,780,Lovettsville Elementary
2022-2023,53,Loudoun County,513,NA,513,Northern Virginia,4,51107,school,500,Lowes Island Elementary
2022-2023,53,Loudoun County,270,NA,270,Northern Virginia,4,51107,school,130,Lucketts Elementary
2022-2023,53,Loudoun County,945,NA,945,Northern Virginia,4,51107,school,1030,Madison's Trust Elementary
2022-2023,53,Loudoun County,404,50,454,Northern Virginia,4,51107,school,70,Meadowland Elementary
2022-2023,53,Loudoun County,1380,NA,1380,Northern Virginia,4,51107,school,320,Mercer Middle
2022-2023,53,Loudoun County,143,NA,143,Northern Virginia,4,51107,school,1200,Middleburg Community Charter
2022-2023,53,Loudoun County,677,NA,677,Northern Virginia,4,51107,school,910,Mill Run Elementary
2022-2023,53,Loudoun County,890,NA,890,Northern Virginia,4,51107,school,380,Moorefield Station Elementary
2022-2023,53,Loudoun County,686,NA,686,Northern Virginia,4,51107,school,980,Mountain View Elementary
2022-2023,53,Loudoun County,565,65,630,Northern Virginia,4,51107,school,270,Newton-Lee Elementary
2022-2023,53,Loudoun County,1457,NA,1457,Northern Virginia,4,51107,school,60,Park View High
2022-2023,53,Loudoun County,914,NA,914,Northern Virginia,4,51107,school,340,Pinebrook Elementary
2022-2023,53,Loudoun County,1607,1,1608,Northern Virginia,4,51107,school,140,Potomac Falls High
2022-2023,53,Loudoun County,530,NA,530,Northern Virginia,4,51107,school,250,Potowmack Elementary
2022-2023,53,Loudoun County,1161,NA,1161,Northern Virginia,4,51107,school,930,River Bend Middle
2022-2023,53,Loudoun County,1803,2,1805,Northern Virginia,4,51107,school,1050,Riverside High
2022-2023,53,Loudoun County,1452,1,1453,Northern Virginia,4,51107,school,1060,Rock Ridge High
2022-2023,53,Loudoun County,502,63,565,Northern Virginia,4,51107,school,40,Rolling Ridge Elementary
2022-2023,53,Loudoun County,849,NA,849,Northern Virginia,4,51107,school,550,Rosa Lee Carter Elementary
2022-2023,53,Loudoun County,586,NA,586,Northern Virginia,4,51107,school,180,Round Hill Elementary
2022-2023,53,Loudoun County,432,NA,432,Northern Virginia,4,51107,school,240,Sanders Corner Elementary
2022-2023,53,Loudoun County,556,NA,556,Northern Virginia,4,51107,school,870,Seldens Landing Elementary
2022-2023,53,Loudoun County,915,1,916,Northern Virginia,4,51107,school,30,Seneca Ridge Middle
2022-2023,53,Loudoun County,874,NA,874,Northern Virginia,4,51107,school,90,Smart's Mill Middle
2022-2023,53,Loudoun County,432,NA,432,Northern Virginia,4,51107,school,690,Sterling Elementary
2022-2023,53,Loudoun County,1038,2,1040,Northern Virginia,4,51107,school,760,Sterling Middle
2022-2023,53,Loudoun County,627,NA,627,Northern Virginia,4,51107,school,350,Steuart W. Weller Elementary
2022-2023,53,Loudoun County,1703,3,1706,Northern Virginia,4,51107,school,850,Stone Bridge High
2022-2023,53,Loudoun County,1110,NA,1110,Northern Virginia,4,51107,school,570,Stone Hill Middle
2022-2023,53,Loudoun County,494,NA,494,Northern Virginia,4,51107,school,10,Sugarland Elementary
2022-2023,53,Loudoun County,462,NA,462,Northern Virginia,4,51107,school,750,Sully Elementary
2022-2023,53,Loudoun County,506,NA,506,Northern Virginia,4,51107,school,280,Sycolin Creek Elementary
2022-2023,53,Loudoun County,1150,1,1151,Northern Virginia,4,51107,school,1040,Trailside Middle
2022-2023,53,Loudoun County,1416,1,1417,Northern Virginia,4,51107,school,200,Tuscarora High
2022-2023,53,Loudoun County,31,NA,31,Northern Virginia,4,51107,school,532,W.O. Robey High
2022-2023,53,Loudoun County,247,NA,247,Northern Virginia,4,51107,school,700,Waterford Elementary
2022-2023,53,Loudoun County,702,NA,702,Northern Virginia,4,51107,school,1140,Waxpool Elementary
2022-2023,53,Loudoun County,1587,NA,1587,Northern Virginia,4,51107,school,360,Willard Middle
2022-2023,53,Loudoun County,1604,2,1606,Northern Virginia,4,51107,school,590,Woodgrove High
2022-2023,54,Louisa County,621,NA,621,Valley,5,51109,school,660,Jouett Elementary
2022-2023,54,Louisa County,1653,NA,1653,Valley,5,51109,school,602,Louisa County High
2022-2023,54,Louisa County,1152,NA,1152,Valley,5,51109,school,601,Louisa County Middle
2022-2023,54,Louisa County,579,NA,579,Valley,5,51109,school,80,Moss-Nuckols Elementary
2022-2023,54,Louisa County,632,NA,632,Valley,5,51109,school,610,Thomas Jefferson Elementary
2022-2023,54,Louisa County,536,NA,536,Valley,5,51109,school,641,Trevilians Elementary
2022-2023,55,Lunenburg County,495,NA,495,Southside,8,51111,school,560,Central High
2022-2023,55,Lunenburg County,370,NA,370,Southside,8,51111,school,240,Kenbridge Elementary
2022-2023,55,Lunenburg County,332,NA,332,Southside,8,51111,school,171,Lunenburg Middle
2022-2023,55,Lunenburg County,378,NA,378,Southside,8,51111,school,140,Victoria Elementary
2022-2023,115,Lynchburg City,383,6,389,Valley,5,51680,school,290,Bedford Hills Elementary
2022-2023,115,Lynchburg City,160,2,162,Valley,5,51680,school,70,Dearington Elementary/Innovation
2022-2023,115,Lynchburg City,1325,NA,1325,Valley,5,51680,school,260,E.C. Glass High
2022-2023,115,Lynchburg City,475,7,482,Valley,5,51680,school,1102,Heritage Elementary
2022-2023,115,Lynchburg City,1073,NA,1073,Valley,5,51680,school,130,Heritage High
2022-2023,115,Lynchburg City,409,5,414,Valley,5,51680,school,360,Linkhorne Elementary
2022-2023,115,Lynchburg City,586,NA,586,Valley,5,51680,school,350,Linkhorne Middle
2022-2023,115,Lynchburg City,531,NA,531,Valley,5,51680,school,170,Paul Laurence Dunbar Middle for Innovation
2022-2023,115,Lynchburg City,369,5,374,Valley,5,51680,school,330,Paul Munro Elementary
2022-2023,115,Lynchburg City,337,2,339,Valley,5,51680,school,270,Perrymont Elementary
2022-2023,115,Lynchburg City,460,4,464,Valley,5,51680,school,190,Robert S. Payne Elementary
2022-2023,115,Lynchburg City,352,5,357,Valley,5,51680,school,370,Sandusky Elementary
2022-2023,115,Lynchburg City,568,NA,568,Valley,5,51680,school,340,Sandusky Middle
2022-2023,115,Lynchburg City,445,8,453,Valley,5,51680,school,300,Sheffield Elementary
2022-2023,115,Lynchburg City,208,NA,208,Valley,5,51680,school,90,T.C. Miller Elementary School for Innovation
2022-2023,115,Lynchburg City,175,3,178,Valley,5,51680,school,250,William M. Bass Elementary
2022-2023,56,Madison County,557,3,560,Northern Virginia,4,51113,school,221,Madison County High
2022-2023,56,Madison County,392,NA,392,Northern Virginia,4,51113,school,230,Madison Primary
2022-2023,56,Madison County,337,NA,337,Northern Virginia,4,51113,school,200,Waverly Yowell Elementary
2022-2023,56,Madison County,394,NA,394,Northern Virginia,4,51113,school,222,William H. Wetsel Middle
2022-2023,143,Manassas City,630,51,681,Northern Virginia,4,51683,school,470,Baldwin Elementary
2022-2023,143,Manassas City,260,NA,260,Northern Virginia,4,51683,school,471,Baldwin Intermediate
2022-2023,143,Manassas City,495,46,541,Northern Virginia,4,51683,school,60,George Carr Round Elementary
2022-2023,143,Manassas City,1102,NA,1102,Northern Virginia,4,51683,school,70,Grace E. Metz Middle
2022-2023,143,Manassas City,589,66,655,Northern Virginia,4,51683,school,310,Jennie Dean Elementary
2022-2023,143,Manassas City,840,NA,840,Northern Virginia,4,51683,school,80,Mayfield Intermediate
2022-2023,143,Manassas City,2328,NA,2328,Northern Virginia,4,51683,school,370,Osbourn High
2022-2023,143,Manassas City,608,67,675,Northern Virginia,4,51683,school,20,Richard C. Haydon Elementary
2022-2023,143,Manassas City,566,63,629,Northern Virginia,4,51683,school,10,Weems Elementary
2022-2023,144,Manassas Park City,833,NA,833,Northern Virginia,4,51685,school,522,Cougar Elementary
2022-2023,144,Manassas Park City,721,NA,721,Northern Virginia,4,51685,school,420,Manassas Park Elementary
2022-2023,144,Manassas Park City,1126,NA,1126,Northern Virginia,4,51685,school,30,Manassas Park High
2022-2023,144,Manassas Park City,754,NA,754,Northern Virginia,4,51685,school,31,Manassas Park Middle
2022-2023,116,Martinsville City,403,NA,403,Western Virginia,6,51690,school,222,Albert Harris Elementary
2022-2023,116,Martinsville City,107,NA,107,Western Virginia,6,51690,school,224,Clearview Early Learning Center
2022-2023,116,Martinsville City,564,NA,564,Western Virginia,6,51690,school,110,Martinsville High
2022-2023,116,Martinsville City,393,NA,393,Western Virginia,6,51690,school,10,Martinsville Middle
2022-2023,116,Martinsville City,343,NA,343,Western Virginia,6,51690,school,223,Patrick Henry Elementary
2022-2023,57,Mathews County,318,NA,318,Northern Neck,3,51115,school,291,Mathews Elementary
2022-2023,57,Mathews County,310,NA,310,Northern Neck,3,51115,school,190,Mathews High
2022-2023,57,Mathews County,283,NA,283,Northern Neck,3,51115,school,100,Thomas Hunter Middle
2022-2023,58,Mecklenburg County,387,NA,387,Southside,8,51117,school,910,Chase City Elementary
2022-2023,58,Mecklenburg County,455,NA,455,Southside,8,51117,school,1000,Clarksville Elementary
2022-2023,58,Mecklenburg County,360,NA,360,Southside,8,51117,school,1020,LaCrosse Elementary
2022-2023,58,Mecklenburg County,1163,1,1164,Southside,8,51117,school,1041,Mecklenburg County High
2022-2023,58,Mecklenburg County,874,NA,874,Southside,8,51117,school,1040,Mecklenburg County Middle
2022-2023,58,Mecklenburg County,733,NA,733,Southside,8,51117,school,190,South Hill Elementary
2022-2023,59,Middlesex County,611,NA,611,Northern Neck,3,51119,school,291,Middlesex Elementary
2022-2023,59,Middlesex County,346,NA,346,Northern Neck,3,51119,school,90,Middlesex High
2022-2023,59,Middlesex County,287,NA,287,Northern Neck,3,51119,school,140,St. Clare Walker Middle
2022-2023,60,Montgomery County,558,NA,558,Western Virginia,6,51121,school,902,Auburn Elementary
2022-2023,60,Montgomery County,383,NA,383,Western Virginia,6,51121,school,650,Auburn High
2022-2023,60,Montgomery County,287,NA,287,Western Virginia,6,51121,school,903,Auburn Middle
2022-2023,60,Montgomery County,293,NA,293,Western Virginia,6,51121,school,700,Belview Elementary
2022-2023,60,Montgomery County,1340,NA,1340,Western Virginia,6,51121,school,760,Blacksburg High
2022-2023,60,Montgomery County,955,NA,955,Western Virginia,6,51121,school,710,Blacksburg Middle
2022-2023,60,Montgomery County,407,NA,407,Western Virginia,6,51121,school,740,Christiansburg Elementary
2022-2023,60,Montgomery County,1120,NA,1120,Western Virginia,6,51121,school,770,Christiansburg High
2022-2023,60,Montgomery County,754,NA,754,Western Virginia,6,51121,school,671,Christiansburg Middle
2022-2023,60,Montgomery County,405,NA,405,Western Virginia,6,51121,school,780,Christiansburg Primary
2022-2023,60,Montgomery County,385,NA,385,Western Virginia,6,51121,school,30,Eastern Montgomery Elementary
2022-2023,60,Montgomery County,282,NA,282,Western Virginia,6,51121,school,904,Eastern Montgomery High
2022-2023,60,Montgomery County,576,NA,576,Western Virginia,6,51121,school,600,Falling Branch Elementary
2022-2023,60,Montgomery County,329,NA,329,Western Virginia,6,51121,school,750,Gilbert Linkous Elementary
2022-2023,60,Montgomery County,296,NA,296,Western Virginia,6,51121,school,10,Harding Avenue Elementary
2022-2023,60,Montgomery County,369,NA,369,Western Virginia,6,51121,school,901,Kipps Elementary
2022-2023,60,Montgomery County,343,NA,343,Western Virginia,6,51121,school,730,Margaret Beeks Elementary
2022-2023,60,Montgomery County,440,NA,440,Western Virginia,6,51121,school,210,Prices Fork Elementary
2022-2023,60,Montgomery County,208,NA,208,Western Virginia,6,51121,school,290,Shawsville Middle
2022-2023,62,Nelson County,517,NA,517,Valley,5,51125,school,710,Nelson County High
2022-2023,62,Nelson County,340,NA,340,Valley,5,51125,school,730,Nelson Middle
2022-2023,62,Nelson County,268,NA,268,Valley,5,51125,school,10,Rockfish River Elementary
2022-2023,62,Nelson County,355,NA,355,Valley,5,51125,school,20,Tye River Elementary
2022-2023,63,New Kent County,439,NA,439,Central Virginia,1,51127,school,180,George W. Watkins Elementary
2022-2023,63,New Kent County,615,NA,615,Central Virginia,1,51127,school,10,New Kent Elementary
2022-2023,63,New Kent County,1121,NA,1121,Central Virginia,1,51127,school,20,New Kent High
2022-2023,63,New Kent County,770,NA,770,Central Virginia,1,51127,school,100,New Kent Middle
2022-2023,63,New Kent County,491,NA,491,Central Virginia,1,51127,school,300,Quinton Elementary
2022-2023,117,Newport News City,582,NA,582,Tidewater,2,51700,school,1404,Achievable Dream Academy
2022-2023,117,Newport News City,488,NA,488,Tidewater,2,51700,school,1405,Achievable Dream Middle/High
2022-2023,117,Newport News City,388,NA,388,Tidewater,2,51700,school,1250,B.C. Charles Elementary
2022-2023,117,Newport News City,422,NA,422,Tidewater,2,51700,school,110,B.T. Washington Middle
2022-2023,117,Newport News City,600,NA,600,Tidewater,2,51700,school,1170,Carver Elementary
2022-2023,117,Newport News City,740,NA,740,Tidewater,2,51700,school,1393,Crittenden Middle
2022-2023,117,Newport News City,412,NA,412,Tidewater,2,51700,school,50,David A. Dutrow Elementary
2022-2023,117,Newport News City,517,2,519,Tidewater,2,51700,school,1398,Deer Park Elementary
2022-2023,117,Newport News City,390,1,391,Tidewater,2,51700,school,1402,Denbigh Early Childhood Center
2022-2023,117,Newport News City,1228,NA,1228,Tidewater,2,51700,school,280,Denbigh High
2022-2023,117,Newport News City,543,NA,543,Tidewater,2,51700,school,130,Discovery STEM Academy
2022-2023,117,Newport News City,1062,NA,1062,Tidewater,2,51700,school,20,Ella J. Fitzgerald Middle
2022-2023,117,Newport News City,1132,NA,1132,Tidewater,2,51700,school,1260,Ethel M. Gildersleeve Middle
2022-2023,117,Newport News City,476,NA,476,Tidewater,2,51700,school,1407,General Stanford Elementary
2022-2023,117,Newport News City,440,NA,440,Tidewater,2,51700,school,70,George J. McIntosh Elementary
2022-2023,117,Newport News City,1112,NA,1112,Tidewater,2,51700,school,1395,Heritage High
2022-2023,117,Newport News City,523,NA,523,Tidewater,2,51700,school,1210,Hidenwood Elementary
2022-2023,117,Newport News City,382,NA,382,Tidewater,2,51700,school,1080,Hilton Elementary
2022-2023,117,Newport News City,880,NA,880,Tidewater,2,51700,school,1270,Homer L. Hines Middle
2022-2023,117,Newport News City,411,NA,411,Tidewater,2,51700,school,91,Huntington Middle
2022-2023,117,Newport News City,234,NA,234,Tidewater,2,51700,school,1411,John Marshall Early Childhood Center
2022-2023,117,Newport News City,622,NA,622,Tidewater,2,51700,school,300,Joseph H. Saunders Elementary
2022-2023,117,Newport News City,525,NA,525,Tidewater,2,51700,school,1180,Katherine Johnson Elementary
2022-2023,117,Newport News City,618,NA,618,Tidewater,2,51700,school,1290,Kiln Creek Elementary
2022-2023,117,Newport News City,456,NA,456,Tidewater,2,51700,school,310,Knollwood Meadows Elementary
2022-2023,117,Newport News City,433,NA,433,Tidewater,2,51700,school,200,L.F. Palmer Elementary
2022-2023,117,Newport News City,944,NA,944,Tidewater,2,51700,school,1400,Mary Passage Middle
2022-2023,117,Newport News City,1792,NA,1792,Tidewater,2,51700,school,1220,Menchville High
2022-2023,117,Newport News City,477,NA,477,Tidewater,2,51700,school,1120,Newsome Park Elementary
2022-2023,117,Newport News City,552,NA,552,Tidewater,2,51700,school,150,Oliver C. Greenwood Elementary
2022-2023,117,Newport News City,440,NA,440,Tidewater,2,51700,school,270,Richard T. Yates Elementary
2022-2023,117,Newport News City,558,NA,558,Tidewater,2,51700,school,1230,Richneck Elementary
2022-2023,117,Newport News City,481,NA,481,Tidewater,2,51700,school,1150,Riverside Elementary
2022-2023,117,Newport News City,469,NA,469,Tidewater,2,51700,school,250,Sedgefield Elementary
2022-2023,117,Newport News City,462,NA,462,Tidewater,2,51700,school,1240,Stoney Run Elementary
2022-2023,117,Newport News City,482,NA,482,Tidewater,2,51700,school,290,T. Ryland Sanford Elementary
2022-2023,117,Newport News City,1648,NA,1648,Tidewater,2,51700,school,1070,Warwick High
2022-2023,117,Newport News City,329,NA,329,Tidewater,2,51700,school,1410,Watkins Early Childhood Center
2022-2023,117,Newport News City,499,NA,499,Tidewater,2,51700,school,320,Willis A. Jenkins Elementary
2022-2023,117,Newport News City,1809,1,1810,Tidewater,2,51700,school,1396,Woodside High
2022-2023,118,Norfolk City,719,NA,719,Tidewater,2,51710,school,185,Academy for Discovery at Lakewood
2022-2023,118,Norfolk City,848,NA,848,Tidewater,2,51710,school,760,Azalea Gardens Middle
2022-2023,118,Norfolk City,548,NA,548,Tidewater,2,51710,school,250,Bay View Elementary
2022-2023,118,Norfolk City,163,NA,163,Tidewater,2,51710,school,510,Berkley/Campostella Early Childhood Education Center
2022-2023,118,Norfolk City,1149,NA,1149,Tidewater,2,51710,school,20,Blair Middle
2022-2023,118,Norfolk City,947,NA,947,Tidewater,2,51710,school,880,Booker T Washington High
2022-2023,118,Norfolk City,417,NA,417,Tidewater,2,51710,school,40,Camp Allen Elementary
2022-2023,118,Norfolk City,290,NA,290,Tidewater,2,51710,school,220,Chesterfield Elementary
2022-2023,118,Norfolk City,617,NA,617,Tidewater,2,51710,school,550,Coleman Place Elementary
2022-2023,118,Norfolk City,756,NA,756,Tidewater,2,51710,school,560,Crossroads PreK-8 School
2022-2023,118,Norfolk City,144,NA,144,Tidewater,2,51710,school,740,Easton Preschool at Fairlawn
2022-2023,118,Norfolk City,482,NA,482,Tidewater,2,51710,school,90,Ghent K-8
2022-2023,118,Norfolk City,464,NA,464,Tidewater,2,51710,school,420,Granby Elementary
2022-2023,118,Norfolk City,1837,NA,1837,Tidewater,2,51710,school,390,Granby High
2022-2023,118,Norfolk City,574,NA,574,Tidewater,2,51710,school,610,Ingleside Elementary
2022-2023,118,Norfolk City,568,NA,568,Tidewater,2,51710,school,430,Jacox Elementary
2022-2023,118,Norfolk City,270,NA,270,Tidewater,2,51710,school,131,James Monroe Elementary
2022-2023,118,Norfolk City,626,NA,626,Tidewater,2,51710,school,790,Lake Taylor
2022-2023,118,Norfolk City,1030,NA,1030,Tidewater,2,51710,school,840,Lake Taylor High
2022-2023,118,Norfolk City,473,NA,473,Tidewater,2,51710,school,210,Larchmont Elementary
2022-2023,118,Norfolk City,592,NA,592,Tidewater,2,51710,school,670,Larrymore Elementary
2022-2023,118,Norfolk City,262,NA,262,Tidewater,2,51710,school,520,Lindenwood Elementary
2022-2023,118,Norfolk City,631,NA,631,Tidewater,2,51710,school,682,Little Creek Elementary
2022-2023,118,Norfolk City,438,NA,438,Tidewater,2,51710,school,460,Mary Calcott Elementary
2022-2023,118,Norfolk City,1697,NA,1697,Tidewater,2,51710,school,10,Matthew Fontaine Maury High
2022-2023,118,Norfolk City,763,NA,763,Tidewater,2,51710,school,490,Northside Middle
2022-2023,118,Norfolk City,395,NA,395,Tidewater,2,51710,school,620,Norview Elementary
2022-2023,118,Norfolk City,1915,NA,1915,Tidewater,2,51710,school,580,Norview High
2022-2023,118,Norfolk City,1259,NA,1259,Tidewater,2,51710,school,570,Norview Middle
2022-2023,118,Norfolk City,456,NA,456,Tidewater,2,51710,school,190,Ocean View Elementary
2022-2023,118,Norfolk City,435,NA,435,Tidewater,2,51710,school,630,Oceanair Elementary
2022-2023,118,Norfolk City,228,NA,228,Tidewater,2,51710,school,530,P.B. Young Sr. Elementary
2022-2023,118,Norfolk City,465,NA,465,Tidewater,2,51710,school,480,Richard Bowling Elementary
2022-2023,118,Norfolk City,552,NA,552,Tidewater,2,51710,school,850,Sewells Point Elementary
2022-2023,118,Norfolk City,480,NA,480,Tidewater,2,51710,school,650,Sherwood Forest Elementary
2022-2023,118,Norfolk City,737,NA,737,Tidewater,2,51710,school,770,Southside STEM Academy at Campostella
2022-2023,118,Norfolk City,230,NA,230,Tidewater,2,51710,school,820,St. Helena Elementary
2022-2023,118,Norfolk City,452,NA,452,Tidewater,2,51710,school,500,Suburban Park Elementary
2022-2023,118,Norfolk City,530,NA,530,Tidewater,2,51710,school,100,Tanners Creek Elementary
2022-2023,118,Norfolk City,316,NA,316,Tidewater,2,51710,school,800,Tarrallton Elementary
2022-2023,118,Norfolk City,124,NA,124,Tidewater,2,51710,school,780,Tidewater Park Elementary
2022-2023,118,Norfolk City,341,NA,341,Tidewater,2,51710,school,150,Walter Herron Taylor Elementary
2022-2023,118,Norfolk City,506,NA,506,Tidewater,2,51710,school,471,Willard Elementary
2022-2023,118,Norfolk City,436,NA,436,Tidewater,2,51710,school,30,William H. Ruffner Middle
2022-2023,118,Norfolk City,147,NA,147,Tidewater,2,51710,school,860,Willoughby Early Childhood Center
2022-2023,65,Northampton County,351,NA,351,Tidewater,2,51131,school,452,Kiptopeke Elementary
2022-2023,65,Northampton County,433,NA,433,Tidewater,2,51131,school,350,Northampton High
2022-2023,65,Northampton County,206,NA,206,Tidewater,2,51131,school,360,Northampton Middle
2022-2023,65,Northampton County,369,NA,369,Tidewater,2,51131,school,451,Occohannock Elementary
2022-2023,66,Northumberland County,541,NA,541,Northern Neck,3,51133,school,331,Northumberland Elementary
2022-2023,66,Northumberland County,383,NA,383,Northern Neck,3,51133,school,40,Northumberland High
2022-2023,66,Northumberland County,276,NA,276,Northern Neck,3,51133,school,210,Northumberland Middle
2022-2023,119,Norton City,313,NA,313,Southwest,7,51720,school,20,J.I. Burton High
2022-2023,119,Norton City,502,NA,502,Southwest,7,51720,school,40,Norton Elementary
2022-2023,67,Nottoway County,387,NA,387,Southside,8,51135,school,340,Blackstone Primary
2022-2023,67,Nottoway County,368,NA,368,Southside,8,51135,school,330,Crewe Primary
2022-2023,67,Nottoway County,537,NA,537,Southside,8,51135,school,301,Nottoway High
2022-2023,67,Nottoway County,256,NA,256,Southside,8,51135,school,300,Nottoway Intermediate
2022-2023,67,Nottoway County,263,NA,263,Southside,8,51135,school,302,Nottoway Middle
2022-2023,68,Orange County,321,NA,321,Northern Virginia,4,51137,school,360,Gordon-Barbour Elementary
2022-2023,68,Orange County,237,NA,237,Northern Virginia,4,51137,school,70,Lightfoot Elementary
2022-2023,68,Orange County,520,NA,520,Northern Virginia,4,51137,school,50,Locust Grove Elementary
2022-2023,68,Orange County,694,NA,694,Northern Virginia,4,51137,school,471,Locust Grove Middle
2022-2023,68,Orange County,453,NA,453,Northern Virginia,4,51137,school,51,Locust Grove Primary
2022-2023,68,Orange County,1478,1,1479,Northern Virginia,4,51137,school,330,Orange County High
2022-2023,68,Orange County,649,NA,649,Northern Virginia,4,51137,school,370,Orange Elementary
2022-2023,68,Orange County,459,NA,459,Northern Virginia,4,51137,school,340,Prospect Heights Middle
2022-2023,68,Orange County,230,NA,230,Northern Virginia,4,51137,school,350,Unionville Elementary
2022-2023,69,Page County,475,NA,475,Northern Virginia,4,51139,school,350,Luray Elementary
2022-2023,69,Page County,500,2,502,Northern Virginia,4,51139,school,110,Luray High
2022-2023,69,Page County,319,NA,319,Northern Virginia,4,51139,school,400,Luray Middle
2022-2023,69,Page County,495,NA,495,Northern Virginia,4,51139,school,380,Page County High
2022-2023,69,Page County,352,NA,352,Northern Virginia,4,51139,school,390,Page County Middle
2022-2023,69,Page County,315,NA,315,Northern Virginia,4,51139,school,310,Shenandoah Elementary
2022-2023,69,Page County,214,NA,214,Northern Virginia,4,51139,school,50,Springfield Elementary
2022-2023,69,Page County,361,NA,361,Northern Virginia,4,51139,school,210,Stanley Elementary
2022-2023,70,Patrick County,235,NA,235,Western Virginia,6,51141,school,440,Blue Ridge Elementary
2022-2023,70,Patrick County,217,NA,217,Western Virginia,6,51141,school,350,Hardin Reynolds Memorial School
2022-2023,70,Patrick County,401,NA,401,Western Virginia,6,51141,school,150,Meadows of Dan Elementary
2022-2023,70,Patrick County,851,NA,851,Western Virginia,6,51141,school,700,Patrick County High
2022-2023,70,Patrick County,256,NA,256,Western Virginia,6,51141,school,680,Patrick Springs Primary
2022-2023,70,Patrick County,381,NA,381,Western Virginia,6,51141,school,320,Stuart Elementary
2022-2023,70,Patrick County,141,NA,141,Western Virginia,6,51141,school,80,Woolwine Elementary
2022-2023,120,Petersburg City,530,NA,530,Central Virginia,1,51730,school,110,Cool Spring Elementary
2022-2023,120,Petersburg City,349,NA,349,Central Virginia,1,51730,school,170,Lakemont Elementary
2022-2023,120,Petersburg City,1080,NA,1080,Central Virginia,1,51730,school,200,Petersburg High
2022-2023,120,Petersburg City,540,NA,540,Central Virginia,1,51730,school,180,Pleasants Lane Elementary
2022-2023,120,Petersburg City,921,NA,921,Central Virginia,1,51730,school,121,Vernon Johns Middle
2022-2023,120,Petersburg City,515,NA,515,Central Virginia,1,51730,school,130,Walnut Hill Elementary
2022-2023,120,Petersburg City,337,NA,337,Central Virginia,1,51730,school,160,Westview Early Childhood Education Center
2022-2023,71,Pittsylvania County,235,NA,235,Western Virginia,6,51143,school,1853,Brosville Elementary
2022-2023,71,Pittsylvania County,234,NA,234,Western Virginia,6,51143,school,640,Chatham Elementary
2022-2023,71,Pittsylvania County,659,NA,659,Western Virginia,6,51143,school,1720,Chatham High
2022-2023,71,Pittsylvania County,426,NA,426,Western Virginia,6,51143,school,1660,Chatham Middle
2022-2023,71,Pittsylvania County,617,NA,617,Western Virginia,6,51143,school,1680,Dan River High
2022-2023,71,Pittsylvania County,434,NA,434,Western Virginia,6,51143,school,1090,Dan River Middle
2022-2023,71,Pittsylvania County,460,NA,460,Western Virginia,6,51143,school,280,Gretna Elementary
2022-2023,71,Pittsylvania County,535,1,536,Western Virginia,6,51143,school,1700,Gretna High
2022-2023,71,Pittsylvania County,397,NA,397,Western Virginia,6,51143,school,290,Gretna Middle
2022-2023,71,Pittsylvania County,248,NA,248,Western Virginia,6,51143,school,30,John L. Hurt Elementary
2022-2023,71,Pittsylvania County,510,NA,510,Western Virginia,6,51143,school,1690,Kentuck Elementary
2022-2023,71,Pittsylvania County,142,NA,142,Western Virginia,6,51143,school,1750,Mount Airy Elementary
2022-2023,71,Pittsylvania County,413,NA,413,Western Virginia,6,51143,school,1460,Southside Elementary
2022-2023,71,Pittsylvania County,403,NA,403,Western Virginia,6,51143,school,1710,Stony Mill Elementary
2022-2023,71,Pittsylvania County,843,NA,843,Western Virginia,6,51143,school,1730,Tunstall High
2022-2023,71,Pittsylvania County,564,NA,564,Western Virginia,6,51143,school,1130,Tunstall Middle
2022-2023,71,Pittsylvania County,619,NA,619,Western Virginia,6,51143,school,1851,Twin Springs Elementary
2022-2023,71,Pittsylvania County,179,NA,179,Western Virginia,6,51143,school,1740,Union Hall Elementary
2022-2023,142,Poquoson City,444,NA,444,Tidewater,2,51735,school,150,Poquoson Elementary
2022-2023,142,Poquoson City,690,NA,690,Tidewater,2,51735,school,10,Poquoson High
2022-2023,142,Poquoson City,451,NA,451,Tidewater,2,51735,school,130,Poquoson Middle
2022-2023,142,Poquoson City,470,30,500,Tidewater,2,51735,school,160,Poquoson Primary
2022-2023,121,Portsmouth City,411,NA,411,Tidewater,2,51740,school,1766,Brighton Elementary
2022-2023,121,Portsmouth City,585,NA,585,Tidewater,2,51740,school,321,Churchland Academy Elementary
2022-2023,121,Portsmouth City,767,NA,767,Tidewater,2,51740,school,650,Churchland Elementary
2022-2023,121,Portsmouth City,1435,NA,1435,Tidewater,2,51740,school,500,Churchland High
2022-2023,121,Portsmouth City,890,NA,890,Tidewater,2,51740,school,320,Churchland Middle
2022-2023,121,Portsmouth City,114,NA,114,Tidewater,2,51740,school,322,Churchland Preschool Center
2022-2023,121,Portsmouth City,541,NA,541,Tidewater,2,51740,school,160,Churchland Primary & Intermediate
2022-2023,121,Portsmouth City,622,NA,622,Tidewater,2,51740,school,1400,Cradock Elementary
2022-2023,121,Portsmouth City,533,NA,533,Tidewater,2,51740,school,1130,Cradock Middle
2022-2023,121,Portsmouth City,550,NA,550,Tidewater,2,51740,school,190,Douglass Park Elementary
2022-2023,121,Portsmouth City,499,NA,499,Tidewater,2,51740,school,1630,Hodges Manor Elementary
2022-2023,121,Portsmouth City,1043,NA,1043,Tidewater,2,51740,school,240,I.C. Norcom High
2022-2023,121,Portsmouth City,419,NA,419,Tidewater,2,51740,school,1650,Lakeview Elementary
2022-2023,121,Portsmouth City,1236,NA,1236,Tidewater,2,51740,school,1660,Manor High
2022-2023,121,Portsmouth City,256,NA,256,Tidewater,2,51740,school,1768,Mount Hermon Preschool Center
2022-2023,121,Portsmouth City,191,NA,191,Tidewater,2,51740,school,1770,Olive Branch Preschool Center
2022-2023,121,Portsmouth City,463,NA,463,Tidewater,2,51740,school,60,Park View Elementary
2022-2023,121,Portsmouth City,612,NA,612,Tidewater,2,51740,school,290,Simonsdale Elementary
2022-2023,121,Portsmouth City,589,NA,589,Tidewater,2,51740,school,1769,Victory Elementary
2022-2023,121,Portsmouth City,639,NA,639,Tidewater,2,51740,school,230,Waterview Elementary
2022-2023,121,Portsmouth City,442,NA,442,Tidewater,2,51740,school,210,Westhaven Elementary
2022-2023,121,Portsmouth City,534,NA,534,Tidewater,2,51740,school,310,William E. Waters Middle
2022-2023,72,Powhatan County,673,NA,673,Central Virginia,1,51145,school,21,Flat Rock Elementary
2022-2023,72,Powhatan County,766,NA,766,Central Virginia,1,51145,school,231,Pocahontas Elementary
2022-2023,72,Powhatan County,429,NA,429,Central Virginia,1,51145,school,13,Powhatan Elementary
2022-2023,72,Powhatan County,1404,8,1412,Central Virginia,1,51145,school,11,Powhatan High
2022-2023,72,Powhatan County,969,2,971,Central Virginia,1,51145,school,130,Powhatan Middle
2022-2023,73,Prince Edward County,535,NA,535,Southside,8,51147,school,400,Prince Edward County High
2022-2023,73,Prince Edward County,808,2,810,Southside,8,51147,school,10,Prince Edward Elementary
2022-2023,73,Prince Edward County,544,NA,544,Southside,8,51147,school,20,Prince Edward Middle
2022-2023,74,Prince George County,486,NA,486,Central Virginia,1,51149,school,340,David A. Harrison Elementary
2022-2023,74,Prince George County,1393,NA,1393,Central Virginia,1,51149,school,320,J.E.J. Moore Middle
2022-2023,74,Prince George County,584,NA,584,Central Virginia,1,51149,school,310,L.L. Beazley Elementary
2022-2023,74,Prince George County,560,NA,560,Central Virginia,1,51149,school,280,Middle Road Elementary
2022-2023,74,Prince George County,785,NA,785,Central Virginia,1,51149,school,290,North Elementary
2022-2023,74,Prince George County,1796,NA,1796,Central Virginia,1,51149,school,20,Prince George High
2022-2023,74,Prince George County,502,NA,502,Central Virginia,1,51149,school,300,South Elementary
2022-2023,75,Prince William County,846,NA,846,Northern Virginia,4,51153,school,330,A. Henderson Elementary
2022-2023,75,Prince William County,752,NA,752,Northern Virginia,4,51153,school,760,Antietam Elementary
2022-2023,75,Prince William County,767,NA,767,Northern Virginia,4,51153,school,200,Ashland Elementary
2022-2023,75,Prince William County,2322,4,2326,Northern Virginia,4,51153,school,290,Battlefield High
2022-2023,75,Prince William County,383,NA,383,Northern Virginia,4,51153,school,670,Bel Air Elementary
2022-2023,75,Prince William County,516,NA,516,Northern Virginia,4,51153,school,600,Belmont Elementary
2022-2023,75,Prince William County,745,NA,745,Northern Virginia,4,51153,school,840,Bennett Elementary
2022-2023,75,Prince William County,884,NA,884,Northern Virginia,4,51153,school,530,Brentsville District High
2022-2023,75,Prince William County,614,NA,614,Northern Virginia,4,51153,school,860,Bristow Run Elementary
2022-2023,75,Prince William County,777,NA,777,Northern Virginia,4,51153,school,950,Buckland Mills Elementary
2022-2023,75,Prince William County,1065,NA,1065,Northern Virginia,4,51153,school,920,Bull Run Middle
2022-2023,75,Prince William County,818,NA,818,Northern Virginia,4,51153,school,620,C.A. Sinclair Elementary
2022-2023,75,Prince William County,1979,NA,1979,Northern Virginia,4,51153,school,710,C.D. Hylton High
2022-2023,75,Prince William County,506,NA,506,Northern Virginia,4,51153,school,900,Cedar Point Elementary
2022-2023,75,Prince William County,2908,1,2909,Northern Virginia,4,51153,school,5010,Charles J. Colgan Sr. High
2022-2023,75,Prince William County,776,NA,776,Northern Virginia,4,51153,school,970,Chris Yung Elementary
2022-2023,75,Prince William County,412,NA,412,Northern Virginia,4,51153,school,660,Coles Elementary
2022-2023,75,Prince William County,898,NA,898,Northern Virginia,4,51153,school,309,Covington-Harper Elementary
2022-2023,75,Prince William County,426,NA,426,Northern Virginia,4,51153,school,610,Dale City Elementary
2022-2023,75,Prince William County,467,NA,467,Northern Virginia,4,51153,school,280,Dumfries Elementary
2022-2023,75,Prince William County,1174,NA,1174,Northern Virginia,4,51153,school,490,E.H. Marsteller Middle
2022-2023,75,Prince William County,564,NA,564,Northern Virginia,4,51153,school,580,Elizabeth Vaughan Elementary
2022-2023,75,Prince William County,401,NA,401,Northern Virginia,4,51153,school,120,Enterprise Elementary
2022-2023,75,Prince William County,972,NA,972,Northern Virginia,4,51153,school,370,Fannie W. Fitzgerald Elementary
2022-2023,75,Prince William County,481,NA,481,Northern Virginia,4,51153,school,450,Featherstone Elementary
2022-2023,75,Prince William County,2310,1,2311,Northern Virginia,4,51153,school,870,Forest Park High
2022-2023,75,Prince William County,1016,NA,1016,Northern Virginia,4,51153,school,520,Fred M. Lynn Middle
2022-2023,75,Prince William County,2348,NA,2348,Northern Virginia,4,51153,school,300,Freedom High
2022-2023,75,Prince William County,2038,NA,2038,Northern Virginia,4,51153,school,5130,Gainesville High
2022-2023,75,Prince William County,1398,NA,1398,Northern Virginia,4,51153,school,960,Gainesville Middle
2022-2023,75,Prince William County,2551,NA,2551,Northern Virginia,4,51153,school,690,Gar-Field High
2022-2023,75,Prince William County,449,NA,449,Northern Virginia,4,51153,school,630,George G. Tyler Elementary
2022-2023,75,Prince William County,937,NA,937,Northern Virginia,4,51153,school,640,George M. Hampton Middle
2022-2023,75,Prince William County,753,NA,753,Northern Virginia,4,51153,school,770,George P. Mullen Elementary
2022-2023,75,Prince William County,612,NA,612,Northern Virginia,4,51153,school,340,Glenkirk Elementary
2022-2023,75,Prince William County,676,NA,676,Northern Virginia,4,51153,school,510,Graham Park Middle
2022-2023,75,Prince William County,923,NA,923,Northern Virginia,4,51153,school,250,Haymarket Elementary
2022-2023,75,Prince William County,1274,NA,1274,Northern Virginia,4,51153,school,380,Herbert J. Saunders Middle
2022-2023,75,Prince William County,599,NA,599,Northern Virginia,4,51153,school,220,J.W. Alvey Elementary
2022-2023,75,Prince William County,631,NA,631,Northern Virginia,4,51153,school,319,John D. Jenkins Elementary
2022-2023,75,Prince William County,926,NA,926,Northern Virginia,4,51153,school,130,John F. Pattie Sr. Elementary
2022-2023,75,Prince William County,340,NA,340,Northern Virginia,4,51153,school,70,Kerrydale Elementary
2022-2023,75,Prince William County,911,NA,911,Northern Virginia,4,51153,school,306,Kyle R. Wilson Elementary
2022-2023,75,Prince William County,699,NA,699,Northern Virginia,4,51153,school,180,Lake Ridge Elementary
2022-2023,75,Prince William County,1368,NA,1368,Northern Virginia,4,51153,school,720,Lake Ridge Middle
2022-2023,75,Prince William County,741,NA,741,Northern Virginia,4,51153,school,830,Leesylvania Elementary
2022-2023,75,Prince William County,563,NA,563,Northern Virginia,4,51153,school,460,Loch Lomond Elementary
2022-2023,75,Prince William County,1384,1,1385,Northern Virginia,4,51153,school,880,Louise A. Benton Middle
2022-2023,75,Prince William County,407,NA,407,Northern Virginia,4,51153,school,160,Martin Luther King Jr. Elementary
2022-2023,75,Prince William County,570,NA,570,Northern Virginia,4,51153,school,570,Marumsco Hills Elementary
2022-2023,75,Prince William County,673,NA,673,Northern Virginia,4,51153,school,231,Mary G. Porter Traditional
2022-2023,75,Prince William County,719,NA,719,Northern Virginia,4,51153,school,240,Mary Williams Elementary
2022-2023,75,Prince William County,594,NA,594,Northern Virginia,4,51153,school,30,Minnieville Elementary
2022-2023,75,Prince William County,613,NA,613,Northern Virginia,4,51153,school,800,Montclair Elementary
2022-2023,75,Prince William County,470,NA,470,Northern Virginia,4,51153,school,810,Mountain View Elementary
2022-2023,75,Prince William County,635,NA,635,Northern Virginia,4,51153,school,700,Neabsco Elementary
2022-2023,75,Prince William County,624,NA,624,Northern Virginia,4,51153,school,260,Occoquan Elementary
2022-2023,75,Prince William County,484,NA,484,Northern Virginia,4,51153,school,820,Old Bridge Elementary
2022-2023,75,Prince William County,2759,NA,2759,Northern Virginia,4,51153,school,80,Osbourn Park High
2022-2023,75,Prince William County,1425,NA,1425,Northern Virginia,4,51153,school,501,Parkside Middle
2022-2023,75,Prince William County,2133,3,2136,Northern Virginia,4,51153,school,1060,Patriot High
2022-2023,75,Prince William County,654,NA,654,Northern Virginia,4,51153,school,945,Pennington Traditional
2022-2023,75,Prince William County,766,NA,766,Northern Virginia,4,51153,school,110,Piney Branch Elementary
2022-2023,75,Prince William County,2067,1,2068,Northern Virginia,4,51153,school,140,Potomac High
2022-2023,75,Prince William County,921,NA,921,Northern Virginia,4,51153,school,170,Potomac Middle
2022-2023,75,Prince William County,1152,NA,1152,Northern Virginia,4,51153,school,414,Potomac Shores Middle
2022-2023,75,Prince William County,604,NA,604,Northern Virginia,4,51153,school,550,Potomac View Elementary
2022-2023,75,Prince William County,679,NA,679,Northern Virginia,4,51153,school,440,R. Dean Kilby Elementary
2022-2023,75,Prince William County,1178,NA,1178,Northern Virginia,4,51153,school,591,Rippon Middle
2022-2023,75,Prince William County,662,NA,662,Northern Virginia,4,51153,school,750,River Oaks Elementary
2022-2023,75,Prince William County,510,NA,510,Northern Virginia,4,51153,school,40,Rockledge Elementary
2022-2023,75,Prince William County,1353,NA,1353,Northern Virginia,4,51153,school,310,Ronald Wilson Reagan Middle
2022-2023,75,Prince William County,618,NA,618,Northern Virginia,4,51153,school,941,Rosa Parks Elementary
2022-2023,75,Prince William County,794,NA,794,Northern Virginia,4,51153,school,360,Samuel L. Gravely Jr. Elementary
2022-2023,75,Prince William County,421,NA,421,Northern Virginia,4,51153,school,730,Sharon C. McAuliffe Elementary
2022-2023,75,Prince William County,768,NA,768,Northern Virginia,4,51153,school,500,Signal Hill Elementary
2022-2023,75,Prince William County,708,NA,708,Northern Virginia,4,51153,school,850,Sonnie Penn Elementary
2022-2023,75,Prince William County,878,NA,878,Northern Virginia,4,51153,school,320,Springwoods Elementary
2022-2023,75,Prince William County,1115,NA,1115,Northern Virginia,4,51153,school,780,Stuart M. Beville Middle
2022-2023,75,Prince William County,647,NA,647,Northern Virginia,4,51153,school,20,Sudley Elementary
2022-2023,75,Prince William County,491,NA,491,Northern Virginia,4,51153,school,270,Suella G. Ellis Elementary
2022-2023,75,Prince William County,616,NA,616,Northern Virginia,4,51153,school,890,Swans Creek Elementary
2022-2023,75,Prince William County,830,NA,830,Northern Virginia,4,51153,school,470,T. Clay Wood Elementary
2022-2023,75,Prince William County,1202,NA,1202,Northern Virginia,4,51153,school,150,The Nokesville School
2022-2023,75,Prince William County,698,NA,698,Northern Virginia,4,51153,school,790,Thurgood Marshall Elementary
2022-2023,75,Prince William County,769,NA,769,Northern Virginia,4,51153,school,430,Triangle Elementary
2022-2023,75,Prince William County,1116,NA,1116,Northern Virginia,4,51153,school,480,Unity Braxton Middle
2022-2023,75,Prince William County,2316,NA,2316,Northern Virginia,4,51153,school,680,Unity Reed High
2022-2023,75,Prince William County,694,NA,694,Northern Virginia,4,51153,school,390,Victory Elementary
2022-2023,75,Prince William County,583,NA,583,Northern Virginia,4,51153,school,540,West Gate Elementary
2022-2023,75,Prince William County,680,NA,680,Northern Virginia,4,51153,school,740,Westridge Elementary
2022-2023,75,Prince William County,12,NA,12,Northern Virginia,4,51153,school,190,Woodbine Pre-School Center
2022-2023,75,Prince William County,2907,3,2910,Northern Virginia,4,51153,school,60,Woodbridge High
2022-2023,75,Prince William County,928,NA,928,Northern Virginia,4,51153,school,560,Woodbridge Middle
2022-2023,75,Prince William County,823,NA,823,Northern Virginia,4,51153,school,350,Yorkshire Elementary
2022-2023,77,Pulaski County,402,NA,402,Southwest,7,51155,school,20,Critzer Elementary
2022-2023,77,Pulaski County,436,NA,436,Southwest,7,51155,school,540,Dublin Elementary
2022-2023,77,Pulaski County,807,NA,807,Southwest,7,51155,school,560,Pulaski County Middle
2022-2023,77,Pulaski County,1246,NA,1246,Southwest,7,51155,school,10,Pulaski County Senior High
2022-2023,77,Pulaski County,500,NA,500,Southwest,7,51155,school,230,Pulaski Elementary
2022-2023,77,Pulaski County,382,NA,382,Southwest,7,51155,school,500,Riverlawn Elementary
2022-2023,77,Pulaski County,215,NA,215,Southwest,7,51155,school,430,Snowville Elementary
2022-2023,122,Radford City,492,NA,492,Southwest,7,51750,school,10,Belle Heth Elementary
2022-2023,122,Radford City,235,NA,235,Southwest,7,51750,school,42,John N. Dalton Intermediate
2022-2023,122,Radford City,404,NA,404,Southwest,7,51750,school,20,McHarg Elementary
2022-2023,122,Radford City,2055,NA,2055,Southwest,7,51750,school,102,Radford City Virtual
2022-2023,122,Radford City,504,NA,504,Southwest,7,51750,school,41,Radford High
2022-2023,78,Rappahannock County,446,1,447,Northern Virginia,4,51157,school,240,Rappahannock County Elementary
2022-2023,78,Rappahannock County,289,NA,289,Northern Virginia,4,51157,school,230,Rappahannock County High
2022-2023,123,Richmond City,454,NA,454,Central Virginia,1,51760,school,30,Albert Hill Middle
2022-2023,123,Richmond City,24,NA,24,Central Virginia,1,51760,school,750,Amelia Street Special Education
2022-2023,123,Richmond City,747,NA,747,Central Virginia,1,51760,school,850,Armstrong High
2022-2023,123,Richmond City,295,NA,295,Central Virginia,1,51760,school,390,Barack Obama Elementary
2022-2023,123,Richmond City,188,NA,188,Central Virginia,1,51760,school,100,Bellevue Elementary
2022-2023,123,Richmond City,452,NA,452,Central Virginia,1,51760,school,50,Binford Middle
2022-2023,123,Richmond City,393,NA,393,Central Virginia,1,51760,school,170,Blackwell Elementary
2022-2023,123,Richmond City,634,NA,634,Central Virginia,1,51760,school,1100,Broad Rock Elementary
2022-2023,123,Richmond City,871,NA,871,Central Virginia,1,51760,school,1440,Cardinal Elementary
2022-2023,123,Richmond City,385,NA,385,Central Virginia,1,51760,school,830,Chimborazo Elementary
2022-2023,123,Richmond City,392,NA,392,Central Virginia,1,51760,school,1400,Elizabeth D. Redd Elementary
2022-2023,123,Richmond City,251,NA,251,Central Virginia,1,51760,school,710,Fairfield Court Elementary
2022-2023,123,Richmond City,293,NA,293,Central Virginia,1,51760,school,621,Franklin Military Academy
2022-2023,123,Richmond City,637,NA,637,Central Virginia,1,51760,school,1470,G.H. Reid Elementary
2022-2023,123,Richmond City,420,NA,420,Central Virginia,1,51760,school,311,George W. Carver Elementary
2022-2023,123,Richmond City,1308,NA,1308,Central Virginia,1,51760,school,741,George Wythe High
2022-2023,123,Richmond City,290,NA,290,Central Virginia,1,51760,school,230,Ginter Park Elementary
2022-2023,123,Richmond City,431,NA,431,Central Virginia,1,51760,school,470,Henderson Middle
2022-2023,123,Richmond City,494,NA,494,Central Virginia,1,51760,school,290,Henry Marsh III Elementary
2022-2023,123,Richmond City,1552,NA,1552,Central Virginia,1,51760,school,1510,Huguenot High
2022-2023,123,Richmond City,264,NA,264,Central Virginia,1,51760,school,1640,J.B. Fisher Elementary
2022-2023,123,Richmond City,212,NA,212,Central Virginia,1,51760,school,3115,J.H. Blackwell Preschool
2022-2023,123,Richmond City,536,NA,536,Central Virginia,1,51760,school,1710,J.L. Francis Elementary
2022-2023,123,Richmond City,263,NA,263,Central Virginia,1,51760,school,600,John B. Cary Elementary
2022-2023,123,Richmond City,600,NA,600,Central Virginia,1,51760,school,730,John Marshall High
2022-2023,123,Richmond City,428,NA,428,Central Virginia,1,51760,school,3106,Linwood Holton Elementary
2022-2023,123,Richmond City,545,NA,545,Central Virginia,1,51760,school,3105,Lucille M. Brown Middle
2022-2023,123,Richmond City,149,NA,149,Central Virginia,1,51760,school,3114,Marry Scott Preschool
2022-2023,123,Richmond City,204,NA,204,Central Virginia,1,51760,school,771,Martin Luther King Jr. Early Learning Center
2022-2023,123,Richmond City,501,NA,501,Central Virginia,1,51760,school,770,Martin Luther King Jr. Middle
2022-2023,123,Richmond City,433,NA,433,Central Virginia,1,51760,school,580,Mary Munford Elementary
2022-2023,123,Richmond City,196,NA,196,Central Virginia,1,51760,school,690,Maymont Pre-K Center
2022-2023,123,Richmond City,559,NA,559,Central Virginia,1,51760,school,3107,Miles Jones Elementary
2022-2023,123,Richmond City,594,NA,594,Central Virginia,1,51760,school,330,Oak Grove/Bellemeade Elementary
2022-2023,123,Richmond City,184,NA,184,Central Virginia,1,51760,school,90,Open High
2022-2023,123,Richmond City,268,NA,268,Central Virginia,1,51760,school,130,Overby-Sheppard Elementary
2022-2023,123,Richmond City,309,NA,309,Central Virginia,1,51760,school,3119,Patrick Henry School Of Science And Arts
2022-2023,123,Richmond City,162,NA,162,Central Virginia,1,51760,school,3110,Richmond Alternative
2022-2023,123,Richmond City,27,NA,27,Central Virginia,1,51760,school,3200,Richmond Career Education and Employment Charter School
2022-2023,123,Richmond City,200,NA,200,Central Virginia,1,51760,school,452,Richmond Community High
2022-2023,123,Richmond City,204,NA,204,Central Virginia,1,51760,school,3113,Richmond Community Preschool
2022-2023,123,Richmond City,1180,NA,1180,Central Virginia,1,51760,school,1631,River City Middle
2022-2023,123,Richmond City,432,NA,432,Central Virginia,1,51760,school,1480,Southampton Elementary
2022-2023,123,Richmond City,193,NA,193,Central Virginia,1,51760,school,511,Summer Hill Preschool Center
2022-2023,123,Richmond City,158,NA,158,Central Virginia,1,51760,school,210,Swansboro Elementary
2022-2023,123,Richmond City,611,NA,611,Central Virginia,1,51760,school,480,Thomas C. Boushall Middle
2022-2023,123,Richmond City,819,NA,819,Central Virginia,1,51760,school,20,Thomas Jefferson High
2022-2023,123,Richmond City,370,NA,370,Central Virginia,1,51760,school,660,Westover Hills Elementary
2022-2023,123,Richmond City,326,NA,326,Central Virginia,1,51760,school,200,William Fox Elementary
2022-2023,123,Richmond City,267,NA,267,Central Virginia,1,51760,school,650,Woodville Elementary
2022-2023,79,Richmond County,525,NA,525,Northern Neck,3,51159,school,210,Rappahannock High
2022-2023,79,Richmond County,821,NA,821,Northern Neck,3,51159,school,20,Richmond County Elementary
2022-2023,124,Roanoke City,525,NA,525,Western Virginia,6,51770,school,280,Addison Aerospace Magnet Middle
2022-2023,124,Roanoke City,624,NA,624,Western Virginia,6,51770,school,210,Breckinridge Middle
2022-2023,124,Roanoke City,304,NA,304,Western Virginia,6,51770,school,20,Crystal Spring Elementary
2022-2023,124,Roanoke City,506,NA,506,Western Virginia,6,51770,school,410,Fairview Elementary
2022-2023,124,Roanoke City,533,NA,533,Western Virginia,6,51770,school,50,Fallon Park Elementary
2022-2023,124,Roanoke City,292,9,301,Western Virginia,6,51770,school,380,Fishburn Park Elementary
2022-2023,124,Roanoke City,304,NA,304,Western Virginia,6,51770,school,300,Garden City Elementary
2022-2023,124,Roanoke City,370,NA,370,Western Virginia,6,51770,school,310,Grandin Court Elementary
2022-2023,124,Roanoke City,398,NA,398,Western Virginia,6,51770,school,110,Highland Park Elementary
2022-2023,124,Roanoke City,323,NA,323,Western Virginia,6,51770,school,420,Hurt Park Elementary
2022-2023,124,Roanoke City,581,NA,581,Western Virginia,6,51770,school,450,James Madison Middle
2022-2023,124,Roanoke City,504,NA,504,Western Virginia,6,51770,school,230,John P. Fishwick Middle
2022-2023,124,Roanoke City,297,NA,297,Western Virginia,6,51770,school,340,Lincoln Terrace Elementary
2022-2023,124,Roanoke City,490,NA,490,Western Virginia,6,51770,school,370,Monterey Elementary
2022-2023,124,Roanoke City,240,19,259,Western Virginia,6,51770,school,60,Morningside Elementary
2022-2023,124,Roanoke City,2018,NA,2018,Western Virginia,6,51770,school,390,Patrick Henry High
2022-2023,124,Roanoke City,505,NA,505,Western Virginia,6,51770,school,240,Preston Park Elementary
2022-2023,124,Roanoke City,392,43,435,Western Virginia,6,51770,school,220,Roanoke Academy For Mathematics & Science Elementary
2022-2023,124,Roanoke City,720,NA,720,Western Virginia,6,51770,school,320,Round Hill Elementary
2022-2023,124,Roanoke City,267,NA,267,Western Virginia,6,51770,school,70,Virginia Heights Elementary
2022-2023,124,Roanoke City,233,NA,233,Western Virginia,6,51770,school,90,Wasena Elementary
2022-2023,124,Roanoke City,640,NA,640,Western Virginia,6,51770,school,350,Westside Elementary
2022-2023,124,Roanoke City,1920,NA,1920,Western Virginia,6,51770,school,400,William Fleming High
2022-2023,124,Roanoke City,650,NA,650,Western Virginia,6,51770,school,150,Woodrow Wilson Middle
2022-2023,80,Roanoke County,294,NA,294,Western Virginia,6,51161,school,420,Back Creek Elementary
2022-2023,80,Roanoke County,320,NA,320,Western Virginia,6,51161,school,752,Bonsack Elementary
2022-2023,80,Roanoke County,483,NA,483,Western Virginia,6,51161,school,180,Burlington Elementary
2022-2023,80,Roanoke County,508,NA,508,Western Virginia,6,51161,school,560,Cave Spring Elementary
2022-2023,80,Roanoke County,1056,NA,1056,Western Virginia,6,51161,school,470,Cave Spring High
2022-2023,80,Roanoke County,766,NA,766,Western Virginia,6,51161,school,620,Cave Spring Middle
2022-2023,80,Roanoke County,324,NA,324,Western Virginia,6,51161,school,330,Clearbrook Elementary
2022-2023,80,Roanoke County,257,NA,257,Western Virginia,6,51161,school,40,Fort Lewis Elementary
2022-2023,80,Roanoke County,407,NA,407,Western Virginia,6,51161,school,650,Glen Cove Elementary
2022-2023,80,Roanoke County,348,NA,348,Western Virginia,6,51161,school,490,Glenvar Elementary
2022-2023,80,Roanoke County,627,NA,627,Western Virginia,6,51161,school,610,Glenvar High
2022-2023,80,Roanoke County,430,1,431,Western Virginia,6,51161,school,751,Glenvar Middle
2022-2023,80,Roanoke County,518,NA,518,Western Virginia,6,51161,school,600,Green Valley Elementary
2022-2023,80,Roanoke County,407,NA,407,Western Virginia,6,51161,school,540,Herman L. Horn Elementary
2022-2023,80,Roanoke County,832,NA,832,Western Virginia,6,51161,school,754,Hidden Valley High
2022-2023,80,Roanoke County,578,NA,578,Western Virginia,6,51161,school,10,Hidden Valley Middle
2022-2023,80,Roanoke County,213,NA,213,Western Virginia,6,51161,school,530,Mason's Cove Elementary
2022-2023,80,Roanoke County,250,NA,250,Western Virginia,6,51161,school,290,Mount Pleasant Elementary
2022-2023,80,Roanoke County,346,NA,346,Western Virginia,6,51161,school,500,Mountain View Elementary
2022-2023,80,Roanoke County,950,NA,950,Western Virginia,6,51161,school,520,Northside High
2022-2023,80,Roanoke County,628,NA,628,Western Virginia,6,51161,school,640,Northside Middle
2022-2023,80,Roanoke County,415,NA,415,Western Virginia,6,51161,school,480,Oak Grove Elementary
2022-2023,80,Roanoke County,400,NA,400,Western Virginia,6,51161,school,50,Penn Forest Elementary
2022-2023,80,Roanoke County,492,NA,492,Western Virginia,6,51161,school,60,W.E. Cundiff Elementary
2022-2023,80,Roanoke County,1142,NA,1142,Western Virginia,6,51161,school,630,William Byrd High
2022-2023,80,Roanoke County,827,NA,827,Western Virginia,6,51161,school,232,William Byrd Middle
2022-2023,81,Rockbridge County,452,NA,452,Valley,5,51163,school,650,Central Elementary
2022-2023,81,Rockbridge County,235,NA,235,Valley,5,51163,school,150,Fairfield Elementary
2022-2023,81,Rockbridge County,502,2,504,Valley,5,51163,school,678,Maury River Middle
2022-2023,81,Rockbridge County,145,NA,145,Valley,5,51163,school,340,Mountain View Elementary
2022-2023,81,Rockbridge County,221,NA,221,Valley,5,51163,school,641,Natural Bridge Elementary
2022-2023,81,Rockbridge County,993,NA,993,Valley,5,51163,school,22,Rockbridge County High
2022-2023,82,Rockingham County,923,3,926,Valley,5,51165,school,870,Broadway High
2022-2023,82,Rockingham County,711,NA,711,Valley,5,51165,school,861,Cub Run Elementary
2022-2023,82,Rockingham County,779,1,780,Valley,5,51165,school,391,East Rockingham High
2022-2023,82,Rockingham County,279,NA,279,Valley,5,51165,school,400,Elkton Elementary
2022-2023,82,Rockingham County,626,NA,626,Valley,5,51165,school,900,Elkton Middle
2022-2023,82,Rockingham County,138,NA,138,Valley,5,51165,school,940,Fulks Run Elementary
2022-2023,82,Rockingham County,666,NA,666,Valley,5,51165,school,960,J. Frank Hillyard Middle
2022-2023,82,Rockingham County,496,NA,496,Valley,5,51165,school,1071,John C. Myers Elementary
2022-2023,82,Rockingham County,516,NA,516,Valley,5,51165,school,970,John W. Wayland Elementary
2022-2023,82,Rockingham County,229,NA,229,Valley,5,51165,school,500,Lacey Spring Elementary
2022-2023,82,Rockingham County,177,NA,177,Valley,5,51165,school,360,Linville-Edom Elementary
2022-2023,82,Rockingham County,248,NA,248,Valley,5,51165,school,600,McGaheysville Elementary
2022-2023,82,Rockingham County,614,NA,614,Valley,5,51165,school,860,Montevideo Middle
2022-2023,82,Rockingham County,406,NA,406,Valley,5,51165,school,520,Mountain View Elementary
2022-2023,82,Rockingham County,192,NA,192,Valley,5,51165,school,920,Ottobine Elementary
2022-2023,82,Rockingham County,525,NA,525,Valley,5,51165,school,1073,Peak View Elementary
2022-2023,82,Rockingham County,456,NA,456,Valley,5,51165,school,10,Plains Elementary
2022-2023,82,Rockingham County,229,NA,229,Valley,5,51165,school,950,Pleasant Valley Elementary
2022-2023,82,Rockingham County,366,NA,366,Valley,5,51165,school,390,River Bend Elementary
2022-2023,82,Rockingham County,316,NA,316,Valley,5,51165,school,830,South River Elementary
2022-2023,82,Rockingham County,949,2,951,Valley,5,51165,school,20,Spotswood High
2022-2023,82,Rockingham County,994,6,1000,Valley,5,51165,school,850,Turner Ashby High
2022-2023,82,Rockingham County,669,NA,669,Valley,5,51165,school,890,Wilbur S. Pence Middle
2022-2023,83,Russell County,140,NA,140,Southwest,7,51167,school,580,Belfast Elementary
2022-2023,83,Russell County,237,NA,237,Southwest,7,51167,school,792,Castlewood Elementary
2022-2023,83,Russell County,314,NA,314,Southwest,7,51167,school,791,Castlewood High
2022-2023,83,Russell County,122,NA,122,Southwest,7,51167,school,820,Copper Creek Elementary
2022-2023,83,Russell County,579,NA,579,Southwest,7,51167,school,890,Honaker Elementary
2022-2023,83,Russell County,435,NA,435,Southwest,7,51167,school,540,Honaker High
2022-2023,83,Russell County,307,NA,307,Southwest,7,51167,school,410,Lebanon Elementary
2022-2023,83,Russell County,606,NA,606,Southwest,7,51167,school,140,Lebanon High
2022-2023,83,Russell County,291,NA,291,Southwest,7,51167,school,902,Lebanon Middle
2022-2023,83,Russell County,238,NA,238,Southwest,7,51167,school,390,Lebanon Primary
2022-2023,83,Russell County,106,NA,106,Southwest,7,51167,school,710,Swords Creek Elementary
2022-2023,139,Salem City,895,NA,895,Western Virginia,6,51775,school,100,Andrew Lewis Middle
2022-2023,139,Salem City,409,NA,409,Western Virginia,6,51775,school,550,East Salem Elementary
2022-2023,139,Salem City,432,NA,432,Western Virginia,6,51775,school,90,G.W. Carver Elementary
2022-2023,139,Salem City,1227,NA,1227,Western Virginia,6,51775,school,70,Salem High
2022-2023,139,Salem City,388,NA,388,Western Virginia,6,51775,school,580,South Salem Elementary
2022-2023,139,Salem City,399,NA,399,Western Virginia,6,51775,school,460,West Salem Elementary
2022-2023,84,Scott County,286,NA,286,Southwest,7,51169,school,750,Duffield-Pattonsville Primary
2022-2023,84,Scott County,85,NA,85,Southwest,7,51169,school,42,Dungannon Elementary School
2022-2023,84,Scott County,89,NA,89,Southwest,7,51169,school,102,Fort Blackmore Primary
2022-2023,84,Scott County,619,1,620,Southwest,7,51169,school,770,Gate City High
2022-2023,84,Scott County,333,NA,333,Southwest,7,51169,school,771,Gate City Middle
2022-2023,84,Scott County,130,NA,130,Southwest,7,51169,school,670,Hilton Elementary
2022-2023,84,Scott County,299,NA,299,Southwest,7,51169,school,220,Nickelsville Elementary
2022-2023,84,Scott County,279,NA,279,Southwest,7,51169,school,260,Rye Cove High
2022-2023,84,Scott County,153,NA,153,Southwest,7,51169,school,20,Rye Cove Intermediate
2022-2023,84,Scott County,450,NA,450,Southwest,7,51169,school,641,Shoemaker Elementary
2022-2023,84,Scott County,242,NA,242,Southwest,7,51169,school,780,Twin Springs High
2022-2023,84,Scott County,513,NA,513,Southwest,7,51169,school,772,Virginia Connections Academy
2022-2023,84,Scott County,362,1,363,Southwest,7,51169,school,740,Weber City Elementary
2022-2023,84,Scott County,186,NA,186,Southwest,7,51169,school,790,Yuma Elementary
2022-2023,85,Shenandoah County,749,NA,749,Northern Virginia,4,51171,school,780,Central High
2022-2023,85,Shenandoah County,564,NA,564,Northern Virginia,4,51171,school,820,Honey Run Elementary
2022-2023,85,Shenandoah County,628,NA,628,Northern Virginia,4,51171,school,790,Mountain View High
2022-2023,85,Shenandoah County,350,NA,350,Northern Virginia,4,51171,school,40,North Fork Middle
2022-2023,85,Shenandoah County,451,NA,451,Northern Virginia,4,51171,school,30,Peter Muhlenberg Middle
2022-2023,85,Shenandoah County,837,NA,837,Northern Virginia,4,51171,school,810,Sandy Hook Elementary
2022-2023,85,Shenandoah County,417,NA,417,Northern Virginia,4,51171,school,50,Signal Knob Middle
2022-2023,85,Shenandoah County,573,NA,573,Northern Virginia,4,51171,school,770,Strasburg High
2022-2023,85,Shenandoah County,1061,NA,1061,Northern Virginia,4,51171,school,20,W.W. Robinson Elementary
2022-2023,86,Smyth County,187,NA,187,Southwest,7,51173,school,290,Atkins Elementary
2022-2023,86,Smyth County,543,NA,543,Southwest,7,51173,school,730,Chilhowie Elementary
2022-2023,86,Smyth County,393,NA,393,Southwest,7,51173,school,460,Chilhowie High
2022-2023,86,Smyth County,307,NA,307,Southwest,7,51173,school,851,Chilhowie Middle
2022-2023,86,Smyth County,307,NA,307,Southwest,7,51173,school,710,Marion Elementary
2022-2023,86,Smyth County,431,NA,431,Southwest,7,51173,school,680,Marion Middle
2022-2023,86,Smyth County,639,NA,639,Southwest,7,51173,school,700,Marion Senior High
2022-2023,86,Smyth County,240,NA,240,Southwest,7,51173,school,250,Northwood High
2022-2023,86,Smyth County,151,NA,151,Southwest,7,51173,school,120,Northwood Middle
2022-2023,86,Smyth County,359,NA,359,Southwest,7,51173,school,690,Oak Point Elementary
2022-2023,86,Smyth County,130,NA,130,Southwest,7,51173,school,720,Rich Valley Elementary
2022-2023,86,Smyth County,195,NA,195,Southwest,7,51173,school,740,Saltville Elementary
2022-2023,86,Smyth County,101,NA,101,Southwest,7,51173,school,555,Sugar Grove Elementary
2022-2023,87,Southampton County,203,NA,203,Tidewater,2,51175,school,710,Capron Elementary
2022-2023,87,Southampton County,244,NA,244,Tidewater,2,51175,school,20,Meherrin Elementary
2022-2023,87,Southampton County,249,NA,249,Tidewater,2,51175,school,10,Nottoway Elementary
2022-2023,87,Southampton County,548,NA,548,Tidewater,2,51175,school,780,Riverdale Elementary
2022-2023,87,Southampton County,769,NA,769,Tidewater,2,51175,school,690,Southampton High
2022-2023,87,Southampton County,566,NA,566,Tidewater,2,51175,school,700,Southampton Middle
2022-2023,88,Spotsylvania County,681,NA,681,Northern Neck,3,51177,school,10,Battlefield Elementary
2022-2023,88,Spotsylvania County,791,NA,791,Northern Neck,3,51177,school,50,Battlefield Middle
2022-2023,88,Spotsylvania County,267,3,270,Northern Neck,3,51177,school,340,Berkeley Elementary
2022-2023,88,Spotsylvania County,700,NA,700,Northern Neck,3,51177,school,400,Brock Road Elementary
2022-2023,88,Spotsylvania County,811,NA,811,Northern Neck,3,51177,school,511,Cedar Forest Elementary
2022-2023,88,Spotsylvania County,456,11,467,Northern Neck,3,51177,school,40,Chancellor Elementary
2022-2023,88,Spotsylvania County,1400,NA,1400,Northern Neck,3,51177,school,381,Chancellor High
2022-2023,88,Spotsylvania County,854,NA,854,Northern Neck,3,51177,school,382,Chancellor Middle
2022-2023,88,Spotsylvania County,780,NA,780,Northern Neck,3,51177,school,501,Courthouse Road Elementary
2022-2023,88,Spotsylvania County,530,NA,530,Northern Neck,3,51177,school,22,Courtland Elementary
2022-2023,88,Spotsylvania County,1557,NA,1557,Northern Neck,3,51177,school,20,Courtland High
2022-2023,88,Spotsylvania County,777,NA,777,Northern Neck,3,51177,school,509,Freedom Middle
2022-2023,88,Spotsylvania County,723,NA,723,Northern Neck,3,51177,school,507,Harrison Road Elementary
2022-2023,88,Spotsylvania County,660,1,661,Northern Neck,3,51177,school,30,Lee Hill Elementary
2022-2023,88,Spotsylvania County,435,1,436,Northern Neck,3,51177,school,350,Livingston Elementary
2022-2023,88,Spotsylvania County,1742,1,1743,Northern Neck,3,51177,school,506,Massaponax High
2022-2023,88,Spotsylvania County,719,NA,719,Northern Neck,3,51177,school,505,Ni River Middle
2022-2023,88,Spotsylvania County,941,6,947,Northern Neck,3,51177,school,508,Parkside Elementary
2022-2023,88,Spotsylvania County,665,NA,665,Northern Neck,3,51177,school,220,Post Oak Middle
2022-2023,88,Spotsylvania County,1995,3,1998,Northern Neck,3,51177,school,510,Riverbend High
2022-2023,88,Spotsylvania County,634,16,650,Northern Neck,3,51177,school,503,Riverview Elementary
2022-2023,88,Spotsylvania County,616,NA,616,Northern Neck,3,51177,school,60,Salem Elementary
2022-2023,88,Spotsylvania County,662,1,663,Northern Neck,3,51177,school,390,Smith Station Elementary
2022-2023,88,Spotsylvania County,510,NA,510,Northern Neck,3,51177,school,360,Spotswood Elementary
2022-2023,88,Spotsylvania County,588,NA,588,Northern Neck,3,51177,school,130,Spotsylvania Elementary
2022-2023,88,Spotsylvania County,1388,1,1389,Northern Neck,3,51177,school,370,Spotsylvania High
2022-2023,88,Spotsylvania County,982,NA,982,Northern Neck,3,51177,school,330,Spotsylvania Middle
2022-2023,88,Spotsylvania County,696,NA,696,Northern Neck,3,51177,school,502,Thornburg Middle
2022-2023,88,Spotsylvania County,656,NA,656,Northern Neck,3,51177,school,504,Wilderness Elementary
2022-2023,89,Stafford County,869,1,870,Northern Neck,3,51179,school,40,Andrew G. Wright Middle
2022-2023,89,Stafford County,902,NA,902,Northern Neck,3,51179,school,260,Anne E. Moncure Elementary
2022-2023,89,Stafford County,732,NA,732,Northern Neck,3,51179,school,433,Anthony Burns Elementary
2022-2023,89,Stafford County,2158,NA,2158,Northern Neck,3,51179,school,421,Brooke Point High
2022-2023,89,Stafford County,2002,2,2004,Northern Neck,3,51179,school,424,Colonial Forge High
2022-2023,89,Stafford County,893,NA,893,Northern Neck,3,51179,school,431,Conway Elementary
2022-2023,89,Stafford County,897,2,899,Northern Neck,3,51179,school,432,Donald B. Dixon-Lyle R. Smith Middle
2022-2023,89,Stafford County,617,NA,617,Northern Neck,3,51179,school,10,Edward E. Drew Jr. Middle
2022-2023,89,Stafford County,685,NA,685,Northern Neck,3,51179,school,280,Falmouth Elementary
2022-2023,89,Stafford County,595,NA,595,Northern Neck,3,51179,school,230,Ferry Farm Elementary
2022-2023,89,Stafford County,719,NA,719,Northern Neck,3,51179,school,41,Garrisonville Elementary
2022-2023,89,Stafford County,775,NA,775,Northern Neck,3,51179,school,270,Grafton Village Elementary
2022-2023,89,Stafford County,983,NA,983,Northern Neck,3,51179,school,422,H.H. Poole Middle
2022-2023,89,Stafford County,894,NA,894,Northern Neck,3,51179,school,320,Hampton Oaks Elementary
2022-2023,89,Stafford County,601,NA,601,Northern Neck,3,51179,school,250,Hartwood Elementary
2022-2023,89,Stafford County,774,NA,774,Northern Neck,3,51179,school,427,Kate Waller Barrett Elementary
2022-2023,89,Stafford County,806,NA,806,Northern Neck,3,51179,school,429,Margaret Brent Elementary
2022-2023,89,Stafford County,2203,2,2205,Northern Neck,3,51179,school,430,Mountain View High
2022-2023,89,Stafford County,1929,3,1932,Northern Neck,3,51179,school,30,North Stafford High
2022-2023,89,Stafford County,267,NA,267,Northern Neck,3,51179,school,992,North Star Early Childhood Education Center
2022-2023,89,Stafford County,866,NA,866,Northern Neck,3,51179,school,300,Park Ridge Elementary
2022-2023,89,Stafford County,305,1,306,Northern Neck,3,51179,school,920,Rising Star Early Childhood Education Center at Melchers
2022-2023,89,Stafford County,687,NA,687,Northern Neck,3,51179,school,60,Rockhill Elementary
2022-2023,89,Stafford County,850,NA,850,Northern Neck,3,51179,school,425,Rocky Run Elementary
2022-2023,89,Stafford County,1017,1,1018,Northern Neck,3,51179,school,426,Rodney E. Thompson Middle
2022-2023,89,Stafford County,982,1,983,Northern Neck,3,51179,school,440,Shirley C. Heim Middle
2022-2023,89,Stafford County,741,NA,741,Northern Neck,3,51179,school,111,Stafford Elementary
2022-2023,89,Stafford County,907,NA,907,Northern Neck,3,51179,school,112,Stafford Middle
2022-2023,89,Stafford County,2120,2,2122,Northern Neck,3,51179,school,20,Stafford Senior High
2022-2023,89,Stafford County,903,NA,903,Northern Neck,3,51179,school,162,T. Benton Gayle Middle
2022-2023,89,Stafford County,626,NA,626,Northern Neck,3,51179,school,50,Widewater Elementary
2022-2023,89,Stafford County,840,NA,840,Northern Neck,3,51179,school,423,Winding Creek Elementary
2022-2023,126,Staunton City,378,NA,378,Valley,5,51790,school,40,Arthur R. Ware Elementary
2022-2023,126,Staunton City,369,NA,369,Valley,5,51790,school,70,Bessie Weller Elementary
2022-2023,126,Staunton City,576,NA,576,Valley,5,51790,school,110,Shelburne Middle
2022-2023,126,Staunton City,134,NA,134,Valley,5,51790,school,41,Staunton City School PreSchool Programs
2022-2023,126,Staunton City,823,NA,823,Valley,5,51790,school,30,Staunton High
2022-2023,126,Staunton City,415,NA,415,Valley,5,51790,school,90,Thomas C. McSwain Elementary
2022-2023,127,Suffolk City,355,NA,355,Tidewater,2,51800,school,50,Booker T. Washington Elementary
2022-2023,127,Suffolk City,755,NA,755,Tidewater,2,51800,school,397,Colonel Fred Cherry Middle
2022-2023,127,Suffolk City,752,NA,752,Tidewater,2,51800,school,440,Creekside Elementary
2022-2023,127,Suffolk City,599,NA,599,Tidewater,2,51800,school,210,Elephant's Fork Elementary
2022-2023,127,Suffolk City,831,NA,831,Tidewater,2,51800,school,90,Florence Bowser Elementary
2022-2023,127,Suffolk City,426,NA,426,Tidewater,2,51800,school,390,Forest Glen Middle
2022-2023,127,Suffolk City,737,NA,737,Tidewater,2,51800,school,450,Hillpoint Elementary
2022-2023,127,Suffolk City,544,NA,544,Tidewater,2,51800,school,370,John F. Kennedy Middle
2022-2023,127,Suffolk City,506,NA,506,Tidewater,2,51800,school,380,John Yeates Middle
2022-2023,127,Suffolk City,449,NA,449,Tidewater,2,51800,school,230,Kilby Shores Elementary
2022-2023,127,Suffolk City,1697,NA,1697,Tidewater,2,51800,school,395,King's Fork High
2022-2023,127,Suffolk City,1031,NA,1031,Tidewater,2,51800,school,393,King's Fork Middle
2022-2023,127,Suffolk City,1083,NA,1083,Tidewater,2,51800,school,300,Lakeland High
2022-2023,127,Suffolk City,684,NA,684,Tidewater,2,51800,school,330,Mack Benn Jr. Elementary
2022-2023,127,Suffolk City,457,NA,457,Tidewater,2,51800,school,220,Nansemond Parkway Elementary
2022-2023,127,Suffolk City,1698,NA,1698,Tidewater,2,51800,school,240,Nansemond River High
2022-2023,127,Suffolk City,822,NA,822,Tidewater,2,51800,school,391,Northern Shores Elementary
2022-2023,127,Suffolk City,469,NA,469,Tidewater,2,51800,school,70,Oakland Elementary
2022-2023,127,Suffolk City,595,NA,595,Tidewater,2,51800,school,47,Southwestern Elementary
2022-2023,90,Surry County,201,NA,201,Central Virginia,1,51181,school,30,Luther P. Jackson Middle
2022-2023,90,Surry County,212,NA,212,Central Virginia,1,51181,school,10,Surry County High
2022-2023,90,Surry County,272,NA,272,Central Virginia,1,51181,school,20,Surry Elementary
2022-2023,91,Sussex County,443,NA,443,Central Virginia,1,51183,school,483,Sussex Central Elementary
2022-2023,91,Sussex County,319,NA,319,Central Virginia,1,51183,school,340,Sussex Central High
2022-2023,91,Sussex County,236,NA,236,Central Virginia,1,51183,school,482,Sussex Central Middle
2022-2023,92,Tazewell County,139,NA,139,Southwest,7,51185,school,1020,Abb's Valley-Boissevain Elementary
2022-2023,92,Tazewell County,388,NA,388,Southwest,7,51185,school,830,Cedar Bluff Elementary
2022-2023,92,Tazewell County,357,NA,357,Southwest,7,51185,school,750,Dudley Primary
2022-2023,92,Tazewell County,534,NA,534,Southwest,7,51185,school,940,Graham High
2022-2023,92,Tazewell County,279,NA,279,Southwest,7,51185,school,960,Graham Intermediate
2022-2023,92,Tazewell County,372,NA,372,Southwest,7,51185,school,10,Graham Middle
2022-2023,92,Tazewell County,547,NA,547,Southwest,7,51185,school,822,Richlands Elementary
2022-2023,92,Tazewell County,636,NA,636,Southwest,7,51185,school,821,Richlands High
2022-2023,92,Tazewell County,495,NA,495,Southwest,7,51185,school,823,Richlands Middle
2022-2023,92,Tazewell County,538,NA,538,Southwest,7,51185,school,890,Tazewell High
2022-2023,92,Tazewell County,346,NA,346,Southwest,7,51185,school,450,Tazewell Intermediate
2022-2023,92,Tazewell County,369,NA,369,Southwest,7,51185,school,100,Tazewell Middle
2022-2023,92,Tazewell County,422,NA,422,Southwest,7,51185,school,1030,Tazewell Primary
2022-2023,128,Virginia Beach City,630,NA,630,Tidewater,2,51810,school,590,Alanton Elementary
2022-2023,128,Virginia Beach City,525,NA,525,Tidewater,2,51810,school,550,Arrowhead Elementary
2022-2023,128,Virginia Beach City,326,NA,326,Tidewater,2,51810,school,115,Bayside 6th Grade Campus
2022-2023,128,Virginia Beach City,480,NA,480,Tidewater,2,51810,school,280,Bayside Elementary
2022-2023,128,Virginia Beach City,1989,NA,1989,Tidewater,2,51810,school,530,Bayside High
2022-2023,128,Virginia Beach City,702,NA,702,Tidewater,2,51810,school,700,Bayside Middle
2022-2023,128,Virginia Beach City,647,NA,647,Tidewater,2,51810,school,60,Birdneck Elementary
2022-2023,128,Virginia Beach City,1059,NA,1059,Tidewater,2,51810,school,790,Brandon Middle
2022-2023,128,Virginia Beach City,571,NA,571,Tidewater,2,51810,school,630,Brookwood Elementary
2022-2023,128,Virginia Beach City,628,NA,628,Tidewater,2,51810,school,40,Centerville Elementary
2022-2023,128,Virginia Beach City,632,NA,632,Tidewater,2,51810,school,990,Christopher Farms Elementary
2022-2023,128,Virginia Beach City,484,NA,484,Tidewater,2,51810,school,720,College Park Elementary
2022-2023,128,Virginia Beach City,380,NA,380,Tidewater,2,51810,school,1041,Corporate Landing Elementary
2022-2023,128,Virginia Beach City,1056,NA,1056,Tidewater,2,51810,school,980,Corporate Landing Middle
2022-2023,128,Virginia Beach City,315,NA,315,Tidewater,2,51810,school,230,Creeds Elementary
2022-2023,128,Virginia Beach City,484,NA,484,Tidewater,2,51810,school,106,Diamond Springs Elementary
2022-2023,128,Virginia Beach City,477,NA,477,Tidewater,2,51810,school,780,Fairfield Elementary
2022-2023,128,Virginia Beach City,1799,NA,1799,Tidewater,2,51810,school,610,First Colonial High
2022-2023,128,Virginia Beach City,1886,NA,1886,Tidewater,2,51810,school,440,Floyd Kellam High
2022-2023,128,Virginia Beach City,1691,NA,1691,Tidewater,2,51810,school,30,Frank W. Cox High
2022-2023,128,Virginia Beach City,986,NA,986,Tidewater,2,51810,school,870,Glenwood Elementary
2022-2023,128,Virginia Beach City,1055,NA,1055,Tidewater,2,51810,school,430,Great Neck Middle
2022-2023,128,Virginia Beach City,371,NA,371,Tidewater,2,51810,school,1050,Green Run Collegiate
2022-2023,128,Virginia Beach City,321,NA,321,Tidewater,2,51810,school,770,Green Run Elementary
2022-2023,128,Virginia Beach City,1521,NA,1521,Tidewater,2,51810,school,10,Green Run High
2022-2023,128,Virginia Beach City,506,NA,506,Tidewater,2,51810,school,540,Hermitage Elementary
2022-2023,128,Virginia Beach City,460,NA,460,Tidewater,2,51810,school,600,Holland Elementary
2022-2023,128,Virginia Beach City,1193,NA,1193,Tidewater,2,51810,school,740,Independence Middle
2022-2023,128,Virginia Beach City,537,NA,537,Tidewater,2,51810,school,800,Indian Lakes Elementary
2022-2023,128,Virginia Beach City,775,NA,775,Tidewater,2,51810,school,360,John B. Dey Elementary
2022-2023,128,Virginia Beach City,470,NA,470,Tidewater,2,51810,school,450,Kempsville Elementary
2022-2023,128,Virginia Beach City,2010,NA,2010,Tidewater,2,51810,school,620,Kempsville High
2022-2023,128,Virginia Beach City,470,NA,470,Tidewater,2,51810,school,410,Kempsville Meadows Elementary
2022-2023,128,Virginia Beach City,740,NA,740,Tidewater,2,51810,school,690,Kempsville Middle
2022-2023,128,Virginia Beach City,502,NA,502,Tidewater,2,51810,school,420,King's Grant Elementary
2022-2023,128,Virginia Beach City,507,NA,507,Tidewater,2,51810,school,580,Kingston Elementary
2022-2023,128,Virginia Beach City,676,NA,676,Tidewater,2,51810,school,932,Landstown Elementary
2022-2023,128,Virginia Beach City,2229,NA,2229,Tidewater,2,51810,school,1030,Landstown High
2022-2023,128,Virginia Beach City,1280,NA,1280,Tidewater,2,51810,school,931,Landstown Middle
2022-2023,128,Virginia Beach City,1538,NA,1538,Tidewater,2,51810,school,970,Larkspur Middle
2022-2023,128,Virginia Beach City,517,NA,517,Tidewater,2,51810,school,330,Linkhorn Park Elementary
2022-2023,128,Virginia Beach City,508,NA,508,Tidewater,2,51810,school,460,Luxford Elementary
2022-2023,128,Virginia Beach City,362,NA,362,Tidewater,2,51810,school,520,Lynnhaven Elementary
2022-2023,128,Virginia Beach City,886,NA,886,Tidewater,2,51810,school,730,Lynnhaven Middle
2022-2023,128,Virginia Beach City,410,NA,410,Tidewater,2,51810,school,500,Malibu Elementary
2022-2023,128,Virginia Beach City,715,NA,715,Tidewater,2,51810,school,1020,New Castle Elementary
2022-2023,128,Virginia Beach City,443,NA,443,Tidewater,2,51810,school,710,Newtown Elementary
2022-2023,128,Virginia Beach City,455,NA,455,Tidewater,2,51810,school,760,North Landing Elementary
2022-2023,128,Virginia Beach City,572,NA,572,Tidewater,2,51810,school,880,Ocean Lakes Elementary
2022-2023,128,Virginia Beach City,1860,NA,1860,Tidewater,2,51810,school,960,Ocean Lakes High
2022-2023,128,Virginia Beach City,1335,NA,1335,Tidewater,2,51810,school,80,Old Donation School
2022-2023,128,Virginia Beach City,469,NA,469,Tidewater,2,51810,school,820,Parkway Elementary
2022-2023,128,Virginia Beach City,522,NA,522,Tidewater,2,51810,school,490,Pembroke Elementary
2022-2023,128,Virginia Beach City,497,NA,497,Tidewater,2,51810,school,660,Pembroke Meadows Elementary
2022-2023,128,Virginia Beach City,1037,NA,1037,Tidewater,2,51810,school,640,Plaza Middle
2022-2023,128,Virginia Beach City,725,NA,725,Tidewater,2,51810,school,680,Point O' View Elementary
2022-2023,128,Virginia Beach City,683,NA,683,Tidewater,2,51810,school,340,Princess Anne Elementary
2022-2023,128,Virginia Beach City,1721,NA,1721,Tidewater,2,51810,school,321,Princess Anne High
2022-2023,128,Virginia Beach City,1401,NA,1401,Tidewater,2,51810,school,750,Princess Anne Middle
2022-2023,128,Virginia Beach City,530,NA,530,Tidewater,2,51810,school,692,Providence Elementary
2022-2023,128,Virginia Beach City,566,NA,566,Tidewater,2,51810,school,900,Red Mill Elementary
2022-2023,128,Virginia Beach City,431,NA,431,Tidewater,2,51810,school,810,Rosemont Elementary
2022-2023,128,Virginia Beach City,515,NA,515,Tidewater,2,51810,school,840,Rosemont Forest Elementary
2022-2023,128,Virginia Beach City,556,NA,556,Tidewater,2,51810,school,830,Salem Elementary
2022-2023,128,Virginia Beach City,1655,NA,1655,Tidewater,2,51810,school,850,Salem High
2022-2023,128,Virginia Beach City,1077,NA,1077,Tidewater,2,51810,school,50,Salem Middle
2022-2023,128,Virginia Beach City,379,NA,379,Tidewater,2,51810,school,290,Seatack Elementary an Achievable Dream Academy
2022-2023,128,Virginia Beach City,427,NA,427,Tidewater,2,51810,school,300,Shelton Park Elementary
2022-2023,128,Virginia Beach City,620,NA,620,Tidewater,2,51810,school,940,Strawbridge Elementary
2022-2023,128,Virginia Beach City,594,NA,594,Tidewater,2,51810,school,910,Tallwood Elementary
2022-2023,128,Virginia Beach City,1868,NA,1868,Tidewater,2,51810,school,920,Tallwood High
2022-2023,128,Virginia Beach City,594,NA,594,Tidewater,2,51810,school,350,Thalia Elementary
2022-2023,128,Virginia Beach City,749,NA,749,Tidewater,2,51810,school,400,Thoroughgood Elementary
2022-2023,128,Virginia Beach City,660,NA,660,Tidewater,2,51810,school,100,Three Oaks Elementary
2022-2023,128,Virginia Beach City,500,NA,500,Tidewater,2,51810,school,510,Trantwood Elementary
2022-2023,128,Virginia Beach City,589,NA,589,Tidewater,2,51810,school,140,Virginia Beach Middle
2022-2023,128,Virginia Beach City,523,NA,523,Tidewater,2,51810,school,130,W.T. Cooke Elementary
2022-2023,128,Virginia Beach City,680,NA,680,Tidewater,2,51810,school,20,White Oaks Elementary
2022-2023,128,Virginia Beach City,409,NA,409,Tidewater,2,51810,school,470,Williams Elementary
2022-2023,128,Virginia Beach City,511,NA,511,Tidewater,2,51810,school,670,Windsor Oaks Elementary
2022-2023,128,Virginia Beach City,427,NA,427,Tidewater,2,51810,school,560,Windsor Woods Elementary
2022-2023,128,Virginia Beach City,664,NA,664,Tidewater,2,51810,school,390,Woodstock Elementary
2022-2023,93,Warren County,274,NA,274,Northern Virginia,4,51187,school,90,A.S. Rhodes Elementary
2022-2023,93,Warren County,449,NA,449,Northern Virginia,4,51187,school,140,E. Wilson Morrison Elementary
2022-2023,93,Warren County,469,NA,469,Northern Virginia,4,51187,school,371,Hilda J. Barbour Elementary
2022-2023,93,Warren County,496,NA,496,Northern Virginia,4,51187,school,20,Leslie Fox Keyser Elementary
2022-2023,93,Warren County,639,NA,639,Northern Virginia,4,51187,school,240,Ressie Jeffries Elementary
2022-2023,93,Warren County,894,NA,894,Northern Virginia,4,51187,school,250,Skyline High
2022-2023,93,Warren County,569,NA,569,Northern Virginia,4,51187,school,260,Skyline Middle
2022-2023,93,Warren County,834,1,835,Northern Virginia,4,51187,school,230,Warren County High
2022-2023,93,Warren County,544,1,545,Northern Virginia,4,51187,school,280,Warren County Middle
2022-2023,94,Washington County,423,NA,423,Southwest,7,51191,school,1080,Abingdon Elementary
2022-2023,94,Washington County,869,NA,869,Southwest,7,51191,school,1030,Abingdon High
2022-2023,94,Washington County,170,NA,170,Southwest,7,51191,school,40,Damascus Middle
2022-2023,94,Washington County,644,NA,644,Southwest,7,51191,school,1110,E.B. Stanley Middle
2022-2023,94,Washington County,254,NA,254,Southwest,7,51191,school,1090,Glade Spring Middle
2022-2023,94,Washington County,294,NA,294,Southwest,7,51191,school,260,Greendale Elementary
2022-2023,94,Washington County,596,NA,596,Southwest,7,51191,school,1070,High Point Elementary
2022-2023,94,Washington County,246,NA,246,Southwest,7,51191,school,1060,Holston High
2022-2023,94,Washington County,659,1,660,Southwest,7,51191,school,1040,John S. Battle High
2022-2023,94,Washington County,551,NA,551,Southwest,7,51191,school,20,Meadowview Elementary
2022-2023,94,Washington County,367,2,369,Southwest,7,51191,school,1050,Patrick Henry High
2022-2023,94,Washington County,409,NA,409,Southwest,7,51191,school,50,Rhea Valley Elementary
2022-2023,94,Washington County,277,NA,277,Southwest,7,51191,school,1020,Valley Institute Elementary
2022-2023,94,Washington County,426,NA,426,Southwest,7,51191,school,620,Wallace Middle
2022-2023,94,Washington County,557,NA,557,Southwest,7,51191,school,70,Watauga Elementary
2022-2023,130,Waynesboro City,254,NA,254,Valley,5,51820,school,650,Berkeley Glenn Elementary
2022-2023,130,Waynesboro City,644,NA,644,Valley,5,51820,school,640,Kate Collins Middle
2022-2023,130,Waynesboro City,185,NA,185,Valley,5,51820,school,620,Wayne Hills Center
2022-2023,130,Waynesboro City,906,1,907,Valley,5,51820,school,600,Waynesboro High
2022-2023,130,Waynesboro City,223,NA,223,Valley,5,51820,school,580,Wenonah Elementary
2022-2023,130,Waynesboro City,384,NA,384,Valley,5,51820,school,630,Westwood Hills Elementary
2022-2023,130,Waynesboro City,446,NA,446,Valley,5,51820,school,751,William Perry Elementary
2022-2023,207,West Point,370,NA,370,NA,NA,NA,school,280,West Point Elementary
2022-2023,207,West Point,440,NA,440,NA,NA,NA,school,290,West Point Middle/High
2022-2023,95,Westmoreland County,381,NA,381,Northern Neck,3,51193,school,210,Cople Elementary
2022-2023,95,Westmoreland County,309,NA,309,Northern Neck,3,51193,school,300,Montross Middle
2022-2023,95,Westmoreland County,385,NA,385,Northern Neck,3,51193,school,310,Washington District Elementary
2022-2023,95,Westmoreland County,486,NA,486,Northern Neck,3,51193,school,120,Westmoreland High
2022-2023,131,Williamsburg-James City County,652,NA,652,NA,NA,NA,school,60,Berkeley Middle
2022-2023,131,Williamsburg-James City County,507,48,555,NA,NA,NA,school,40,Clara Byrd Baker Elementary
2022-2023,131,Williamsburg-James City County,514,19,533,NA,NA,NA,school,80,D.J. Montague Elementary
2022-2023,131,Williamsburg-James City County,478,71,549,NA,NA,NA,school,190,J. Blaine Blayton Elementary
2022-2023,131,Williamsburg-James City County,546,NA,546,NA,NA,NA,school,25,James Blair Middle
2022-2023,131,Williamsburg-James City County,431,NA,431,NA,NA,NA,school,201,James River Elementary
2022-2023,131,Williamsburg-James City County,1232,NA,1232,NA,NA,NA,school,202,Jamestown High
2022-2023,131,Williamsburg-James City County,1213,NA,1213,NA,NA,NA,school,90,Lafayette High
2022-2023,131,Williamsburg-James City County,511,53,564,NA,NA,NA,school,50,Laurel Lane Elementary
2022-2023,131,Williamsburg-James City County,790,NA,790,NA,NA,NA,school,191,Lois Hornsby Middle
2022-2023,131,Williamsburg-James City County,642,NA,642,NA,NA,NA,school,205,Matoaka Elementary
2022-2023,131,Williamsburg-James City County,435,NA,435,NA,NA,NA,school,10,Matthew Whaley Elementary
2022-2023,131,Williamsburg-James City County,631,64,695,NA,NA,NA,school,70,Norge Elementary
2022-2023,131,Williamsburg-James City County,802,NA,802,NA,NA,NA,school,203,Stonehouse Elementary
2022-2023,131,Williamsburg-James City County,678,NA,678,NA,NA,NA,school,100,Toano Middle
2022-2023,131,Williamsburg-James City County,1325,NA,1325,NA,NA,NA,school,204,Warhill High
2022-2023,132,Winchester City,615,NA,615,Northern Virginia,4,51840,school,75,Daniel Morgan Intermediate
2022-2023,132,Winchester City,613,NA,613,Northern Virginia,4,51840,school,70,Daniel Morgan Middle
2022-2023,132,Winchester City,325,NA,325,Northern Virginia,4,51840,school,80,Frederick Douglass Elementary
2022-2023,132,Winchester City,364,NA,364,Northern Virginia,4,51840,school,50,Garland R. Quarles Elementary
2022-2023,132,Winchester City,1384,NA,1384,Northern Virginia,4,51840,school,40,John Handley High
2022-2023,132,Winchester City,526,NA,526,Northern Virginia,4,51840,school,90,John Kerr Elementary
2022-2023,132,Winchester City,441,NA,441,Northern Virginia,4,51840,school,20,Virginia Avenue Charlotte Dehart Elementary
2022-2023,96,Wise County,674,NA,674,Southwest,7,51195,school,1000,Central High
2022-2023,96,Wise County,307,NA,307,Southwest,7,51195,school,651,Coeburn Middle
2022-2023,96,Wise County,466,NA,466,Southwest,7,51195,school,653,Coeburn Primary
2022-2023,96,Wise County,390,NA,390,Southwest,7,51195,school,652,Eastside High
2022-2023,96,Wise County,504,NA,504,Southwest,7,51195,school,73,J.W. Adams Combined
2022-2023,96,Wise County,451,NA,451,Southwest,7,51195,school,320,L.F. Addington Middle
2022-2023,96,Wise County,469,NA,469,Southwest,7,51195,school,871,St. Paul Elementary
2022-2023,96,Wise County,601,NA,601,Southwest,7,51195,school,1010,Union High
2022-2023,96,Wise County,583,NA,583,Southwest,7,51195,school,1013,Union Middle
2022-2023,96,Wise County,861,NA,861,Southwest,7,51195,school,1012,Union Primary
2022-2023,96,Wise County,607,NA,607,Southwest,7,51195,school,1020,Wise Primary
2022-2023,97,Wythe County,435,NA,435,Southwest,7,51197,school,760,Fort Chiswell High
2022-2023,97,Wythe County,316,NA,316,Southwest,7,51197,school,1073,Fort Chiswell Middle
2022-2023,97,Wythe County,462,1,463,Southwest,7,51197,school,721,George Wythe High
2022-2023,97,Wythe County,212,NA,212,Southwest,7,51197,school,730,Jackson Memorial Elementary
2022-2023,97,Wythe County,205,NA,205,Southwest,7,51197,school,100,Max Meadows Elementary
2022-2023,97,Wythe County,362,NA,362,Southwest,7,51197,school,201,Rural Retreat Elementary
2022-2023,97,Wythe County,312,NA,312,Southwest,7,51197,school,202,Rural Retreat High
2022-2023,97,Wythe County,231,NA,231,Southwest,7,51197,school,1074,Rural Retreat Middle
2022-2023,97,Wythe County,318,NA,318,Southwest,7,51197,school,1075,Scott Memorial Middle
2022-2023,97,Wythe County,243,NA,243,Southwest,7,51197,school,740,Sheffey Elementary
2022-2023,97,Wythe County,158,NA,158,Southwest,7,51197,school,440,Speedwell Elementary
2022-2023,97,Wythe County,625,NA,625,Southwest,7,51197,school,190,Spiller Elementary
2022-2023,98,York County,562,60,622,Tidewater,2,51199,school,180,Bethel Manor Elementary
2022-2023,98,York County,711,NA,711,Tidewater,2,51199,school,20,Bruton High
2022-2023,98,York County,623,23,646,Tidewater,2,51199,school,90,Coventry Elementary
2022-2023,98,York County,380,10,390,Tidewater,2,51199,school,160,Dare Elementary
2022-2023,98,York County,599,23,622,Tidewater,2,51199,school,140,Grafton Bethel Elementary
2022-2023,98,York County,1212,NA,1212,Tidewater,2,51199,school,332,Grafton High
2022-2023,98,York County,874,NA,874,Tidewater,2,51199,school,333,Grafton Middle
2022-2023,98,York County,663,40,703,Tidewater,2,51199,school,10,Magruder Elementary
2022-2023,98,York County,561,17,578,Tidewater,2,51199,school,80,Mount Vernon Elementary
2022-2023,98,York County,574,NA,574,Tidewater,2,51199,school,200,Queens Lake Middle
2022-2023,98,York County,472,32,504,Tidewater,2,51199,school,170,Seaford Elementary
2022-2023,98,York County,644,40,684,Tidewater,2,51199,school,50,Tabb Elementary
2022-2023,98,York County,1123,1,1124,Tidewater,2,51199,school,230,Tabb High
2022-2023,98,York County,903,NA,903,Tidewater,2,51199,school,190,Tabb Middle
2022-2023,98,York County,364,28,392,Tidewater,2,51199,school,220,Waller Mill Elementary
2022-2023,98,York County,1052,NA,1052,Tidewater,2,51199,school,30,York High
2022-2023,98,York County,68,NA,68,Tidewater,2,51199,school,335,York River Academy
2022-2023,98,York County,613,41,654,Tidewater,2,51199,school,210,Yorktown Elementary
2022-2023,98,York County,644,NA,644,Tidewater,2,51199,school,60,Yorktown Middle
2023-2024,1,Accomack County,426,NA,426,Tidewater,2,51001,school,701,Accawmacke Elementary
2023-2024,1,Accomack County,695,NA,695,Tidewater,2,51001,school,540,Arcadia High
2023-2024,1,Accomack County,487,NA,487,Tidewater,2,51001,school,704,Arcadia Middle
2023-2024,1,Accomack County,226,NA,226,Tidewater,2,51001,school,80,Chincoteague Elementary
2023-2024,1,Accomack County,296,NA,296,Tidewater,2,51001,school,580,Chincoteague High
2023-2024,1,Accomack County,455,NA,455,Tidewater,2,51001,school,600,Kegotank Elementary
2023-2024,1,Accomack County,558,NA,558,Tidewater,2,51001,school,702,Metompkin Elementary
2023-2024,1,Accomack County,632,NA,632,Tidewater,2,51001,school,70,Nandua High
2023-2024,1,Accomack County,468,NA,468,Tidewater,2,51001,school,703,Nandua Middle
2023-2024,1,Accomack County,442,NA,442,Tidewater,2,51001,school,590,Pungoteague Elementary
2023-2024,1,Accomack County,41,NA,41,Tidewater,2,51001,school,530,Tangier Combined
2023-2024,2,Albemarle County,474,NA,474,Valley,5,51003,school,160,Agnor-Hurt Elementary
2023-2024,2,Albemarle County,2013,6,2019,Valley,5,51003,school,880,Albemarle High
2023-2024,2,Albemarle County,735,NA,735,Valley,5,51003,school,1053,Baker-Butler Elem
2023-2024,2,Albemarle County,284,NA,284,Valley,5,51003,school,100,Broadus Wood Elementary
2023-2024,2,Albemarle County,572,NA,572,Valley,5,51003,school,941,Brownsville Elementary
2023-2024,2,Albemarle County,179,NA,179,Valley,5,51003,school,890,Community Lab School
2023-2024,2,Albemarle County,545,NA,545,Valley,5,51003,school,340,Crozet Elementary
2023-2024,2,Albemarle County,347,NA,347,Valley,5,51003,school,10,Hollymead Elementary
2023-2024,2,Albemarle County,352,NA,352,Valley,5,51003,school,250,Ivy Elementary
2023-2024,2,Albemarle County,552,NA,552,Valley,5,51003,school,69,Jackson P. Burley Middle
2023-2024,2,Albemarle County,804,NA,804,Valley,5,51003,school,942,Joseph T. Henley Middle
2023-2024,2,Albemarle County,608,NA,608,Valley,5,51003,school,950,Journey Middle
2023-2024,2,Albemarle County,520,NA,520,Valley,5,51003,school,1051,Lakeside Middle
2023-2024,2,Albemarle County,329,1,330,Valley,5,51003,school,20,Leslie H. Walton Middle
2023-2024,2,Albemarle County,496,NA,496,Valley,5,51003,school,40,Mary Carr Greer Elementary
2023-2024,2,Albemarle County,1206,5,1211,Valley,5,51003,school,1052,Monticello High
2023-2024,2,Albemarle County,756,NA,756,Valley,5,51003,school,150,Mountain View Elementary
2023-2024,2,Albemarle County,196,NA,196,Valley,5,51003,school,540,Red Hill Elementary
2023-2024,2,Albemarle County,211,NA,211,Valley,5,51003,school,30,Scottsville Elementary
2023-2024,2,Albemarle County,488,NA,488,Valley,5,51003,school,920,Stone Robinson Elementary
2023-2024,2,Albemarle County,188,NA,188,Valley,5,51003,school,240,Stony Point Elementary
2023-2024,2,Albemarle County,277,NA,277,Valley,5,51003,school,910,Virginia L. Murray Elementary
2023-2024,2,Albemarle County,1164,2,1166,Valley,5,51003,school,140,Western Albemarle High
2023-2024,2,Albemarle County,525,NA,525,Valley,5,51003,school,930,Woodbrook Elementary
2023-2024,101,Alexandria City,4559,4,4563,Northern Virginia,4,51510,school,210,Alexandria City High School
2023-2024,101,Alexandria City,584,2,586,Northern Virginia,4,51510,school,120,Charles Barrett Elementary
2023-2024,101,Alexandria City,309,NA,309,Northern Virginia,4,51510,school,160,Cora Kelly School for Math Science and Technology
2023-2024,101,Alexandria City,640,2,642,Northern Virginia,4,51510,school,110,Douglas MacArthur Elementary
2023-2024,101,Alexandria City,202,NA,202,Northern Virginia,4,51510,school,360,Early Childhood Center
2023-2024,101,Alexandria City,621,NA,621,Northern Virginia,4,51510,school,350,Ferdinand T. Day Elementary
2023-2024,101,Alexandria City,1510,1,1511,Northern Virginia,4,51510,school,140,Francis C. Hammond Middle
2023-2024,101,Alexandria City,336,NA,336,Northern Virginia,4,51510,school,100,George Mason Elementary
2023-2024,101,Alexandria City,1359,1,1360,Northern Virginia,4,51510,school,130,George Washington Middle
2023-2024,101,Alexandria City,833,NA,833,Northern Virginia,4,51510,school,220,James K. Polk Elementary
2023-2024,101,Alexandria City,587,4,591,Northern Virginia,4,51510,school,90,Jefferson-Houston PK-8 School
2023-2024,101,Alexandria City,746,NA,746,Northern Virginia,4,51510,school,230,John Adams Elementary
2023-2024,101,Alexandria City,434,6,440,Northern Virginia,4,51510,school,80,Lyles-Crouch Elementary
2023-2024,101,Alexandria City,902,3,905,Northern Virginia,4,51510,school,30,Mount Vernon Elementary
2023-2024,101,Alexandria City,345,1,346,Northern Virginia,4,51510,school,60,Naomi L. Brooks Elementary
2023-2024,101,Alexandria City,1058,NA,1058,Northern Virginia,4,51510,school,50,Patrick Henry K-8 School
2023-2024,101,Alexandria City,736,NA,736,Northern Virginia,4,51510,school,333,Samuel W. Tucker Elementary
2023-2024,101,Alexandria City,654,NA,654,Northern Virginia,4,51510,school,190,William Ramsay Elementary
2023-2024,3,Alleghany Highlands,831,1,832,NA,NA,NA,school,310,Alleghany High
2023-2024,3,Alleghany Highlands,257,NA,257,NA,NA,NA,school,110,Callaghan Elementary
2023-2024,3,Alleghany Highlands,622,NA,622,NA,NA,NA,school,1040,Covington Middle
2023-2024,3,Alleghany Highlands,502,NA,502,NA,NA,NA,school,360,Jeter-Watson Elementary
2023-2024,3,Alleghany Highlands,435,NA,435,NA,NA,NA,school,1041,Mountain View Elementary
2023-2024,3,Alleghany Highlands,188,NA,188,NA,NA,NA,school,90,Sharon Elementary
2023-2024,4,Amelia County,758,NA,758,Southside,8,51007,school,220,Amelia County Elementary
2023-2024,4,Amelia County,497,NA,497,Southside,8,51007,school,10,Amelia County High
2023-2024,4,Amelia County,351,NA,351,Southside,8,51007,school,210,Amelia County Middle
2023-2024,5,Amherst County,415,NA,415,Valley,5,51009,school,780,Amelon Elementary
2023-2024,5,Amherst County,1243,NA,1243,Valley,5,51009,school,750,Amherst County High
2023-2024,5,Amherst County,267,NA,267,Valley,5,51009,school,790,Amherst Elementary
2023-2024,5,Amherst County,356,NA,356,Valley,5,51009,school,670,Amherst Middle
2023-2024,5,Amherst County,323,NA,323,Valley,5,51009,school,770,Central Elementary
2023-2024,5,Amherst County,318,NA,318,Valley,5,51009,school,760,Elon Elementary
2023-2024,5,Amherst County,429,NA,429,Valley,5,51009,school,500,Madison Heights Elementary
2023-2024,5,Amherst County,512,NA,512,Valley,5,51009,school,20,Monelison Middle
2023-2024,5,Amherst County,102,NA,102,Valley,5,51009,school,740,Temperance Elementary
2023-2024,6,Appomattox County,718,NA,718,Southside,8,51011,school,260,Appomattox County High
2023-2024,6,Appomattox County,533,NA,533,Southside,8,51011,school,110,Appomattox Elementary
2023-2024,6,Appomattox County,512,NA,512,Southside,8,51011,school,160,Appomattox Middle
2023-2024,6,Appomattox County,609,NA,609,Southside,8,51011,school,250,Appomattox Primary
2023-2024,7,Arlington County,717,NA,717,Northern Virginia,4,51013,school,350,Abingdon Elementary
2023-2024,7,Arlington County,593,NA,593,Northern Virginia,4,51013,school,160,Alice West Fleet Elementary
2023-2024,7,Arlington County,149,NA,149,Northern Virginia,4,51013,school,618,Arlington Community High
2023-2024,7,Arlington County,583,NA,583,Northern Virginia,4,51013,school,629,Arlington Science Focus School
2023-2024,7,Arlington County,663,NA,663,Northern Virginia,4,51013,school,470,Arlington Traditional
2023-2024,7,Arlington County,530,NA,530,Northern Virginia,4,51013,school,490,Ashlawn Elementary
2023-2024,7,Arlington County,474,NA,474,Northern Virginia,4,51013,school,150,Barcroft Elementary
2023-2024,7,Arlington County,519,NA,519,Northern Virginia,4,51013,school,250,Barrett Elementary
2023-2024,7,Arlington County,406,NA,406,Northern Virginia,4,51013,school,615,Campbell Elementary
2023-2024,7,Arlington County,714,NA,714,Northern Virginia,4,51013,school,380,Cardinal Elementary
2023-2024,7,Arlington County,547,NA,547,Northern Virginia,4,51013,school,90,Carlin Springs Elementary
2023-2024,7,Arlington County,622,NA,622,Northern Virginia,4,51013,school,622,Claremont Immersion
2023-2024,7,Arlington County,523,NA,523,Northern Virginia,4,51013,school,626,Discovery Elementary
2023-2024,7,Arlington County,933,NA,933,Northern Virginia,4,51013,school,628,Dorothy Hamm Middle
2023-2024,7,Arlington County,435,NA,435,Northern Virginia,4,51013,school,200,Dr. Charles R. Drew Elementary
2023-2024,7,Arlington County,579,NA,579,Northern Virginia,4,51013,school,111,Escuela Key Elementary
2023-2024,7,Arlington County,543,NA,543,Northern Virginia,4,51013,school,100,Glebe Elementary
2023-2024,7,Arlington County,1031,NA,1031,Northern Virginia,4,51013,school,611,Gunston Middle
2023-2024,7,Arlington County,602,NA,602,Northern Virginia,4,51013,school,614,Hoffman-Boston Elementary
2023-2024,7,Arlington County,496,NA,496,Northern Virginia,4,51013,school,613,Innovation Elementary
2023-2024,7,Arlington County,31,NA,31,Northern Virginia,4,51013,school,37,Integration Station
2023-2024,7,Arlington County,465,NA,465,Northern Virginia,4,51013,school,440,Jamestown Elementary
2023-2024,7,Arlington County,1090,NA,1090,Northern Virginia,4,51013,school,180,Jefferson Middle
2023-2024,7,Arlington County,1009,NA,1009,Northern Virginia,4,51013,school,500,Kenmore Middle
2023-2024,7,Arlington County,423,NA,423,Northern Virginia,4,51013,school,460,Long Branch Elementary
2023-2024,7,Arlington County,517,NA,517,Northern Virginia,4,51013,school,627,Montessori Public School of Arlington
2023-2024,7,Arlington County,374,NA,374,Northern Virginia,4,51013,school,410,Nottingham Elementary
2023-2024,7,Arlington County,645,NA,645,Northern Virginia,4,51013,school,360,Oakridge Elementary
2023-2024,7,Arlington County,396,NA,396,Northern Virginia,4,51013,school,510,Randolph Elementary
2023-2024,7,Arlington County,965,NA,965,Northern Virginia,4,51013,school,240,Swanson Middle
2023-2024,7,Arlington County,530,NA,530,Northern Virginia,4,51013,school,420,Taylor Elementary
2023-2024,7,Arlington County,453,NA,453,Northern Virginia,4,51013,school,211,Tuckahoe Elementary
2023-2024,7,Arlington County,2722,NA,2722,Northern Virginia,4,51013,school,450,Wakefield High
2023-2024,7,Arlington County,2904,NA,2904,Northern Virginia,4,51013,school,80,Washington-Liberty High
2023-2024,7,Arlington County,856,NA,856,Northern Virginia,4,51013,school,480,Williamsburg Middle
2023-2024,7,Arlington County,2495,2,2497,Northern Virginia,4,51013,school,330,Yorktown High
2023-2024,8,Augusta County,612,NA,612,Valley,5,51015,school,212,Beverley Manor Middle
2023-2024,8,Augusta County,416,NA,416,Valley,5,51015,school,660,Buffalo Gap High
2023-2024,8,Augusta County,639,NA,639,Valley,5,51015,school,30,Cassell Elementary
2023-2024,8,Augusta County,449,NA,449,Valley,5,51015,school,140,Churchville Elementary
2023-2024,8,Augusta County,128,NA,128,Valley,5,51015,school,370,Craigsville Elementary
2023-2024,8,Augusta County,776,NA,776,Valley,5,51015,school,842,Edward G. Clymore Elementary
2023-2024,8,Augusta County,737,1,738,Valley,5,51015,school,670,Fort Defiance High
2023-2024,8,Augusta County,453,NA,453,Valley,5,51015,school,843,Guy K. Stump Elementary
2023-2024,8,Augusta County,237,NA,237,Valley,5,51015,school,40,North River Elementary
2023-2024,8,Augusta County,721,NA,721,Valley,5,51015,school,740,Riverheads Elementary
2023-2024,8,Augusta County,447,1,448,Valley,5,51015,school,680,Riverheads High
2023-2024,8,Augusta County,516,NA,516,Valley,5,51015,school,90,S. Gordon Stewart Middle
2023-2024,8,Augusta County,613,NA,613,Valley,5,51015,school,440,Stuarts Draft Elementary
2023-2024,8,Augusta County,712,1,713,Valley,5,51015,school,730,Stuarts Draft High
2023-2024,8,Augusta County,504,NA,504,Valley,5,51015,school,60,Stuarts Draft Middle
2023-2024,8,Augusta County,660,NA,660,Valley,5,51015,school,640,Wilson Elementary
2023-2024,8,Augusta County,863,2,865,Valley,5,51015,school,720,Wilson Memorial High
2023-2024,8,Augusta County,656,NA,656,Valley,5,51015,school,844,Wilson Middle
2023-2024,9,Bath County,183,NA,183,Valley,5,51017,school,140,Bath County High
2023-2024,9,Bath County,141,NA,141,Valley,5,51017,school,120,Millboro Elementary
2023-2024,9,Bath County,185,NA,185,Valley,5,51017,school,150,Valley Elementary
2023-2024,10,Bedford County,447,NA,447,Valley,5,51019,school,480,Bedford Elementary
2023-2024,10,Bedford County,289,NA,289,Valley,5,51019,school,1200,Bedford Primary
2023-2024,10,Bedford County,148,NA,148,Valley,5,51019,school,30,Big Island Elementary
2023-2024,10,Bedford County,321,NA,321,Valley,5,51019,school,160,Boonsboro Elementary
2023-2024,10,Bedford County,362,NA,362,Valley,5,51019,school,500,Forest Elementary
2023-2024,10,Bedford County,890,NA,890,Valley,5,51019,school,1211,Forest Middle
2023-2024,10,Bedford County,506,NA,506,Valley,5,51019,school,1214,Goodview Elementary
2023-2024,10,Bedford County,223,NA,223,Valley,5,51019,school,980,Huddleston Elementary
2023-2024,10,Bedford County,1311,NA,1311,Valley,5,51019,school,1212,Jefferson Forest High
2023-2024,10,Bedford County,727,NA,727,Valley,5,51019,school,1180,Liberty High
2023-2024,10,Bedford County,535,NA,535,Valley,5,51019,school,490,Liberty Middle
2023-2024,10,Bedford County,230,NA,230,Valley,5,51019,school,970,Moneta Elementary
2023-2024,10,Bedford County,260,NA,260,Valley,5,51019,school,180,Montvale Elementary
2023-2024,10,Bedford County,327,NA,327,Valley,5,51019,school,610,New London Academy Elementary
2023-2024,10,Bedford County,169,NA,169,Valley,5,51019,school,1170,Otter River Elementary
2023-2024,10,Bedford County,869,NA,869,Valley,5,51019,school,1190,Staunton River High
2023-2024,10,Bedford County,584,NA,584,Valley,5,51019,school,1191,Staunton River Middle
2023-2024,10,Bedford County,323,NA,323,Valley,5,51019,school,640,Stewartsville Elementary
2023-2024,10,Bedford County,540,NA,540,Valley,5,51019,school,1213,Thomas Jefferson Elementary
2023-2024,11,Bland County,357,NA,357,Southwest,7,51021,school,250,Bland County Elementary
2023-2024,11,Bland County,436,NA,436,Southwest,7,51021,school,260,Bland County High
2023-2024,12,Botetourt County,201,NA,201,Western Virginia,6,51023,school,220,Breckinridge Elementary
2023-2024,12,Botetourt County,300,NA,300,Western Virginia,6,51023,school,20,Buchanan Elementary
2023-2024,12,Botetourt County,362,NA,362,Western Virginia,6,51023,school,420,Central Academy Middle
2023-2024,12,Botetourt County,243,NA,243,Western Virginia,6,51023,school,390,Cloverdale Elementary
2023-2024,12,Botetourt County,461,NA,461,Western Virginia,6,51023,school,400,Colonial Elementary
2023-2024,12,Botetourt County,123,NA,123,Western Virginia,6,51023,school,30,Eagle Rock Elementary
2023-2024,12,Botetourt County,435,NA,435,Western Virginia,6,51023,school,460,Greenfield Elementary
2023-2024,12,Botetourt County,461,NA,461,Western Virginia,6,51023,school,430,James River High
2023-2024,12,Botetourt County,983,NA,983,Western Virginia,6,51023,school,440,Lord Botetourt High
2023-2024,12,Botetourt County,661,NA,661,Western Virginia,6,51023,school,450,Read Mountain Middle
2023-2024,12,Botetourt County,258,NA,258,Western Virginia,6,51023,school,40,Troutville Elementary
2023-2024,102,Bristol City,164,NA,164,Southwest,7,51520,school,60,Highland View Elementary
2023-2024,102,Bristol City,425,NA,425,Southwest,7,51520,school,100,Joseph Van Pelt Elementary
2023-2024,102,Bristol City,263,NA,263,Southwest,7,51520,school,70,Stonewall Jackson Elementary
2023-2024,102,Bristol City,625,NA,625,Southwest,7,51520,school,80,Virginia High
2023-2024,102,Bristol City,458,NA,458,Southwest,7,51520,school,10,Virginia Middle
2023-2024,102,Bristol City,219,NA,219,Southwest,7,51520,school,90,Washington-Lee Elementary
2023-2024,13,Brunswick County,422,NA,422,Southside,8,51025,school,650,Brunswick High
2023-2024,13,Brunswick County,295,NA,295,Southside,8,51025,school,660,James S. Russell Middle
2023-2024,13,Brunswick County,184,NA,184,Southside,8,51025,school,690,Meherrin Powellton Elementary
2023-2024,13,Brunswick County,184,NA,184,Southside,8,51025,school,700,Red Oak-Sturgeon Elementary
2023-2024,13,Brunswick County,310,NA,310,Southside,8,51025,school,720,Totaro Elementary
2023-2024,14,Buchanan County,194,NA,194,Southwest,7,51027,school,90,Council Elementary/Middle
2023-2024,14,Buchanan County,111,NA,111,Southwest,7,51027,school,1000,Council High
2023-2024,14,Buchanan County,348,NA,348,Southwest,7,51027,school,990,Grundy High
2023-2024,14,Buchanan County,322,NA,322,Southwest,7,51027,school,120,Hurley Elementary/Middle
2023-2024,14,Buchanan County,226,NA,226,Southwest,7,51027,school,1020,Hurley High
2023-2024,14,Buchanan County,729,NA,729,Southwest,7,51027,school,1040,Riverview Elementary/Middle
2023-2024,14,Buchanan County,262,NA,262,Southwest,7,51027,school,1041,Twin Valley Elementary/Middle
2023-2024,14,Buchanan County,186,NA,186,Southwest,7,51027,school,1042,Twin Valley High
2023-2024,15,Buckingham County,392,NA,392,Southside,8,51029,school,724,Buckingham Co Elementary
2023-2024,15,Buckingham County,108,NA,108,Southside,8,51029,school,20,Buckingham Co Prekindergarten Center
2023-2024,15,Buckingham County,351,NA,351,Southside,8,51029,school,723,Buckingham Co Primary
2023-2024,15,Buckingham County,685,NA,685,Southside,8,51029,school,700,Buckingham County High
2023-2024,15,Buckingham County,430,NA,430,Southside,8,51029,school,721,Buckingham County Middle
2023-2024,103,Buena Vista City,247,NA,247,Valley,5,51530,school,40,Enderly Heights Elementary
2023-2024,103,Buena Vista City,176,NA,176,Valley,5,51530,school,70,F.W. Kling Jr. Elementary
2023-2024,103,Buena Vista City,314,NA,314,Valley,5,51530,school,62,Parry McCluer High
2023-2024,103,Buena Vista City,119,NA,119,Valley,5,51530,school,61,Parry McCluer Middle
2023-2024,16,Campbell County,521,NA,521,Valley,5,51031,school,560,Altavista Elementary
2023-2024,16,Campbell County,634,NA,634,Valley,5,51031,school,200,Altavista High
2023-2024,16,Campbell County,426,NA,426,Valley,5,51031,school,650,Brookneal Elementary
2023-2024,16,Campbell County,1015,NA,1015,Valley,5,51031,school,720,Brookville High
2023-2024,16,Campbell County,678,NA,678,Valley,5,51031,school,20,Brookville Middle
2023-2024,16,Campbell County,412,NA,412,Valley,5,51031,school,130,Concord Elementary
2023-2024,16,Campbell County,642,NA,642,Valley,5,51031,school,690,Leesville Road Elementary
2023-2024,16,Campbell County,442,NA,442,Valley,5,51031,school,821,Rustburg Elementary
2023-2024,16,Campbell County,851,NA,851,Valley,5,51031,school,222,Rustburg High
2023-2024,16,Campbell County,631,NA,631,Valley,5,51031,school,211,Rustburg Middle
2023-2024,16,Campbell County,679,NA,679,Valley,5,51031,school,60,Tomahawk Elementary
2023-2024,16,Campbell County,405,NA,405,Valley,5,51031,school,542,William Campbell High
2023-2024,16,Campbell County,560,NA,560,Valley,5,51031,school,710,Yellow Branch Elementary
2023-2024,17,Caroline County,811,NA,811,Northern Neck,3,51033,school,620,Bowling Green Elementary
2023-2024,17,Caroline County,1278,NA,1278,Northern Neck,3,51033,school,460,Caroline High
2023-2024,17,Caroline County,1000,NA,1000,Northern Neck,3,51033,school,450,Caroline Middle
2023-2024,17,Caroline County,983,NA,983,Northern Neck,3,51033,school,9020,Lewis and Clark Elementary
2023-2024,17,Caroline County,492,NA,492,Northern Neck,3,51033,school,630,Madison Elementary
2023-2024,18,Carroll County,1057,2,1059,Southwest,7,51035,school,1230,Carroll County High
2023-2024,18,Carroll County,726,NA,726,Southwest,7,51035,school,450,Carroll County Middle
2023-2024,18,Carroll County,131,NA,131,Southwest,7,51035,school,1180,Fancy Gap Elementary
2023-2024,18,Carroll County,93,NA,93,Southwest,7,51035,school,1150,Gladesboro Elementary
2023-2024,18,Carroll County,259,NA,259,Southwest,7,51035,school,1210,Gladeville Elementary
2023-2024,18,Carroll County,467,NA,467,Southwest,7,51035,school,1170,Hillsville Elementary
2023-2024,18,Carroll County,217,NA,217,Southwest,7,51035,school,1160,Laurel Elementary
2023-2024,18,Carroll County,187,NA,187,Southwest,7,51035,school,1130,Oakland Elementary
2023-2024,18,Carroll County,305,NA,305,Southwest,7,51035,school,1110,St. Paul
2023-2024,19,Charles City County,315,NA,315,Central Virginia,1,51036,school,80,Charles City County Elementary
2023-2024,19,Charles City County,215,NA,215,Central Virginia,1,51036,school,100,Charles City County High
2023-2024,20,Charlotte County,170,NA,170,Southside,8,51037,school,470,Bacon District Elementary
2023-2024,20,Charlotte County,385,NA,385,Southside,8,51037,school,210,Central Middle
2023-2024,20,Charlotte County,447,NA,447,Southside,8,51037,school,100,Eureka Elementary
2023-2024,20,Charlotte County,226,NA,226,Southside,8,51037,school,450,Phenix Elementary
2023-2024,20,Charlotte County,477,NA,477,Southside,8,51037,school,460,Randolph-Henry High
2023-2024,104,Charlottesville City,559,2,561,Valley,5,51540,school,100,Buford Middle
2023-2024,104,Charlottesville City,285,NA,285,Valley,5,51540,school,70,Burnley-Moran Elementary
2023-2024,104,Charlottesville City,1405,6,1411,Valley,5,51540,school,140,Charlottesville High
2023-2024,104,Charlottesville City,308,NA,308,Valley,5,51540,school,50,Clark Elementary
2023-2024,104,Charlottesville City,270,NA,270,Valley,5,51540,school,90,Greenbrier Elementary
2023-2024,104,Charlottesville City,351,NA,351,Valley,5,51540,school,120,Jackson-Via Elementary
2023-2024,104,Charlottesville City,329,NA,329,Valley,5,51540,school,10,Johnson Elementary
2023-2024,104,Charlottesville City,322,NA,322,Valley,5,51540,school,40,Venable Elementary
2023-2024,104,Charlottesville City,604,3,607,Valley,5,51540,school,110,Walker Upper Elementary
2023-2024,136,Chesapeake City,835,NA,835,Tidewater,2,51550,school,630,B.M. Williams Primary
2023-2024,136,Chesapeake City,575,NA,575,Tidewater,2,51550,school,860,Butts Road Intermediate
2023-2024,136,Chesapeake City,539,NA,539,Tidewater,2,51550,school,770,Butts Road Primary
2023-2024,136,Chesapeake City,506,NA,506,Tidewater,2,51550,school,90,Camelot Elementary
2023-2024,136,Chesapeake City,940,NA,940,Tidewater,2,51550,school,900,Cedar Road Elementary
2023-2024,136,Chesapeake City,694,NA,694,Tidewater,2,51550,school,700,Crestwood Intermediate
2023-2024,136,Chesapeake City,560,NA,560,Tidewater,2,51550,school,560,Crestwood Middle
2023-2024,136,Chesapeake City,884,NA,884,Tidewater,2,51550,school,660,Deep Creek Central Elementary
2023-2024,136,Chesapeake City,766,NA,766,Tidewater,2,51550,school,210,Deep Creek Elementary
2023-2024,136,Chesapeake City,1646,NA,1646,Tidewater,2,51550,school,100,Deep Creek High
2023-2024,136,Chesapeake City,801,NA,801,Tidewater,2,51550,school,610,Deep Creek Middle
2023-2024,136,Chesapeake City,759,NA,759,Tidewater,2,51550,school,640,Edwin W. Chittum Elementary
2023-2024,136,Chesapeake City,403,NA,403,Tidewater,2,51550,school,720,G.A. Treakle Elementary
2023-2024,136,Chesapeake City,524,NA,524,Tidewater,2,51550,school,50,George W. Carver Intermediate
2023-2024,136,Chesapeake City,772,NA,772,Tidewater,2,51550,school,820,Georgetown Primary
2023-2024,136,Chesapeake City,1348,NA,1348,Tidewater,2,51550,school,950,Grassfield Elementary
2023-2024,136,Chesapeake City,2313,NA,2313,Tidewater,2,51550,school,960,Grassfield High
2023-2024,136,Chesapeake City,1532,NA,1532,Tidewater,2,51550,school,120,Great Bridge High
2023-2024,136,Chesapeake City,727,NA,727,Tidewater,2,51550,school,850,Great Bridge Intermediate
2023-2024,136,Chesapeake City,1297,NA,1297,Tidewater,2,51550,school,590,Great Bridge Middle
2023-2024,136,Chesapeake City,668,NA,668,Tidewater,2,51550,school,680,Great Bridge Primary
2023-2024,136,Chesapeake City,622,NA,622,Tidewater,2,51550,school,870,Greenbrier Intermediate
2023-2024,136,Chesapeake City,792,NA,792,Tidewater,2,51550,school,972,Greenbrier Middle
2023-2024,136,Chesapeake City,698,NA,698,Tidewater,2,51550,school,140,Greenbrier Primary
2023-2024,136,Chesapeake City,649,NA,649,Tidewater,2,51550,school,340,Hickory Elementary
2023-2024,136,Chesapeake City,1606,NA,1606,Tidewater,2,51550,school,890,Hickory High
2023-2024,136,Chesapeake City,1298,NA,1298,Tidewater,2,51550,school,280,Hickory Middle
2023-2024,136,Chesapeake City,1309,NA,1309,Tidewater,2,51550,school,920,Hugo A. Owens Middle
2023-2024,136,Chesapeake City,1702,NA,1702,Tidewater,2,51550,school,830,Indian River High
2023-2024,136,Chesapeake City,764,NA,764,Tidewater,2,51550,school,710,Indian River Middle
2023-2024,136,Chesapeake City,695,NA,695,Tidewater,2,51550,school,973,Jolliff Middle
2023-2024,136,Chesapeake City,281,NA,281,Tidewater,2,51550,school,160,Norfolk Highlands Primary
2023-2024,136,Chesapeake City,2318,NA,2318,Tidewater,2,51550,school,80,Oscar F. Smith High
2023-2024,136,Chesapeake City,976,NA,976,Tidewater,2,51550,school,10,Oscar Smith Middle
2023-2024,136,Chesapeake City,547,NA,547,Tidewater,2,51550,school,730,Portlock Primary
2023-2024,136,Chesapeake City,271,NA,271,Tidewater,2,51550,school,200,Rena B. Wright Primary
2023-2024,136,Chesapeake City,783,NA,783,Tidewater,2,51550,school,620,Southeastern Elementary
2023-2024,136,Chesapeake City,550,NA,550,Tidewater,2,51550,school,600,Southwestern Elementary
2023-2024,136,Chesapeake City,433,NA,433,Tidewater,2,51550,school,750,Sparrow Road Intermediate
2023-2024,136,Chesapeake City,407,NA,407,Tidewater,2,51550,school,40,Thurgood Marshall Elementary
2023-2024,136,Chesapeake City,245,NA,245,Tidewater,2,51550,school,971,Truitt Intermediate
2023-2024,136,Chesapeake City,2123,NA,2123,Tidewater,2,51550,school,840,Western Branch High
2023-2024,136,Chesapeake City,773,NA,773,Tidewater,2,51550,school,810,Western Branch Intermediate
2023-2024,136,Chesapeake City,904,NA,904,Tidewater,2,51550,school,740,Western Branch Middle
2023-2024,136,Chesapeake City,805,NA,805,Tidewater,2,51550,school,110,Western Branch Primary
2023-2024,21,Chesterfield County,737,NA,737,Central Virginia,1,51041,school,620,A.M. Davis Elementary
2023-2024,21,Chesterfield County,675,2,677,Central Virginia,1,51041,school,861,Alberta Smith Elementary
2023-2024,21,Chesterfield County,1442,2,1444,Central Virginia,1,51041,school,631,Bailey Bridge Middle
2023-2024,21,Chesterfield County,486,NA,486,Central Virginia,1,51041,school,660,Bellwood Elementary
2023-2024,21,Chesterfield County,581,NA,581,Central Virginia,1,51041,school,430,Bensley Elementary
2023-2024,21,Chesterfield County,613,NA,613,Central Virginia,1,51041,school,510,Bettie Weaver Elementary
2023-2024,21,Chesterfield County,993,NA,993,Central Virginia,1,51041,school,130,Beulah Elementary
2023-2024,21,Chesterfield County,526,NA,526,Central Virginia,1,51041,school,20,Bon Air Elementary
2023-2024,21,Chesterfield County,582,NA,582,Central Virginia,1,51041,school,50,C.C. Wells Elementary
2023-2024,21,Chesterfield County,772,NA,772,Central Virginia,1,51041,school,492,C.E. Curtis Elementary
2023-2024,21,Chesterfield County,286,NA,286,Central Virginia,1,51041,school,30,Carver College and Career Academy
2023-2024,21,Chesterfield County,1013,NA,1013,Central Virginia,1,51041,school,420,Carver Middle
2023-2024,21,Chesterfield County,378,NA,378,Central Virginia,1,51041,school,33,Chester Early Childhood Learning Academy
2023-2024,21,Chesterfield County,570,NA,570,Central Virginia,1,51041,school,93,Chesterfield Virtual School
2023-2024,21,Chesterfield County,877,NA,877,Central Virginia,1,51041,school,150,Clover Hill Elementary
2023-2024,21,Chesterfield County,1801,2,1803,Central Virginia,1,51041,school,740,Clover Hill High
2023-2024,21,Chesterfield County,2536,2,2538,Central Virginia,1,51041,school,840,Cosby High
2023-2024,21,Chesterfield County,600,NA,600,Central Virginia,1,51041,school,560,Crestwood Elementary
2023-2024,21,Chesterfield County,757,NA,757,Central Virginia,1,51041,school,480,Ecoff Elementary
2023-2024,21,Chesterfield County,1325,NA,1325,Central Virginia,1,51041,school,870,Elizabeth Davis Middle
2023-2024,21,Chesterfield County,757,NA,757,Central Virginia,1,51041,school,850,Elizabeth Scott Elementary
2023-2024,21,Chesterfield County,796,NA,796,Central Virginia,1,51041,school,390,Enon Elementary
2023-2024,21,Chesterfield County,514,NA,514,Central Virginia,1,51041,school,350,Ettrick Elementary
2023-2024,21,Chesterfield County,823,NA,823,Central Virginia,1,51041,school,300,Evergreen Elementary
2023-2024,21,Chesterfield County,796,NA,796,Central Virginia,1,51041,school,590,Falling Creek Elementary
2023-2024,21,Chesterfield County,1388,NA,1388,Central Virginia,1,51041,school,670,Falling Creek Middle
2023-2024,21,Chesterfield County,748,NA,748,Central Virginia,1,51041,school,180,Grange Hall Elementary
2023-2024,21,Chesterfield County,485,NA,485,Central Virginia,1,51041,school,70,Greenfield Elementary
2023-2024,21,Chesterfield County,473,NA,473,Central Virginia,1,51041,school,460,Harrowgate Elementary
2023-2024,21,Chesterfield County,753,NA,753,Central Virginia,1,51041,school,60,Hopkins Road Elementary
2023-2024,21,Chesterfield County,868,NA,868,Central Virginia,1,51041,school,550,J.A. Chalkley Elementary
2023-2024,21,Chesterfield County,831,NA,831,Central Virginia,1,51041,school,650,J.B. Watkins Elementary
2023-2024,21,Chesterfield County,877,NA,877,Central Virginia,1,51041,school,500,J.G. Hening Elementary
2023-2024,21,Chesterfield County,742,NA,742,Central Virginia,1,51041,school,400,Jacobs Road Elementary
2023-2024,21,Chesterfield County,1869,3,1872,Central Virginia,1,51041,school,770,James River High
2023-2024,21,Chesterfield County,2127,8,2135,Central Virginia,1,51041,school,10,Lloyd C. Bird High
2023-2024,21,Chesterfield County,2246,NA,2246,Central Virginia,1,51041,school,632,Manchester High
2023-2024,21,Chesterfield County,1111,NA,1111,Central Virginia,1,51041,school,600,Manchester Middle
2023-2024,21,Chesterfield County,590,1,591,Central Virginia,1,51041,school,780,Marguerite F. Christian Elementary
2023-2024,21,Chesterfield County,636,NA,636,Central Virginia,1,51041,school,370,Matoaca Elementary
2023-2024,21,Chesterfield County,1650,7,1657,Central Virginia,1,51041,school,530,Matoaca High
2023-2024,21,Chesterfield County,806,NA,806,Central Virginia,1,51041,school,110,Matoaca Middle
2023-2024,21,Chesterfield County,1964,1,1965,Central Virginia,1,51041,school,580,Meadowbrook High
2023-2024,21,Chesterfield County,2046,5,2051,Central Virginia,1,51041,school,320,Midlothian High
2023-2024,21,Chesterfield County,1297,2,1299,Central Virginia,1,51041,school,40,Midlothian Middle
2023-2024,21,Chesterfield County,1643,2,1645,Central Virginia,1,51041,school,280,Monacan High
2023-2024,21,Chesterfield County,925,NA,925,Central Virginia,1,51041,school,92,Moseley Elementary
2023-2024,21,Chesterfield County,617,NA,617,Central Virginia,1,51041,school,360,O.B. Gates Elementary
2023-2024,21,Chesterfield County,972,NA,972,Central Virginia,1,51041,school,90,Old Hundred Elementary
2023-2024,21,Chesterfield County,641,NA,641,Central Virginia,1,51041,school,380,Providence Elementary
2023-2024,21,Chesterfield County,1024,1,1025,Central Virginia,1,51041,school,690,Providence Middle
2023-2024,21,Chesterfield County,609,NA,609,Central Virginia,1,51041,school,700,Reams Road Elementary
2023-2024,21,Chesterfield County,677,NA,677,Central Virginia,1,51041,school,730,Robious Elementary
2023-2024,21,Chesterfield County,1115,1,1116,Central Virginia,1,51041,school,760,Robious Middle
2023-2024,21,Chesterfield County,510,NA,510,Central Virginia,1,51041,school,720,Salem Church Elementary
2023-2024,21,Chesterfield County,871,NA,871,Central Virginia,1,51041,school,722,Salem Church Middle
2023-2024,21,Chesterfield County,866,NA,866,Central Virginia,1,51041,school,800,Spring Run Elementary
2023-2024,21,Chesterfield County,737,NA,737,Central Virginia,1,51041,school,340,Swift Creek Elementary
2023-2024,21,Chesterfield County,1135,NA,1135,Central Virginia,1,51041,school,270,Swift Creek Middle
2023-2024,21,Chesterfield County,660,NA,660,Central Virginia,1,51041,school,410,Thelma Crenshaw Elementary
2023-2024,21,Chesterfield County,2570,12,2582,Central Virginia,1,51041,school,610,Thomas Dale High
2023-2024,21,Chesterfield County,1612,NA,1612,Central Virginia,1,51041,school,880,Tomahawk Creek Middle
2023-2024,21,Chesterfield County,609,NA,609,Central Virginia,1,51041,school,290,W.W. Gordon Elementary
2023-2024,21,Chesterfield County,798,NA,798,Central Virginia,1,51041,school,860,Winterpock Elementary
2023-2024,21,Chesterfield County,798,NA,798,Central Virginia,1,51041,school,440,Woolridge Elementary
2023-2024,22,Clarke County,300,NA,300,Northern Virginia,4,51043,school,250,Boyce Elementary
2023-2024,22,Clarke County,701,1,702,Northern Virginia,4,51043,school,10,Clarke County High
2023-2024,22,Clarke County,497,NA,497,Northern Virginia,4,51043,school,290,D.G. Cooley Elementary
2023-2024,22,Clarke County,423,2,425,Northern Virginia,4,51043,school,280,Johnson-Williams Middle
2023-2024,202,Colonial Beach,379,NA,379,NA,NA,NA,school,22,Colonial Beach Elementary
2023-2024,202,Colonial Beach,226,NA,226,NA,NA,NA,school,21,Colonial Beach High
2023-2024,106,Colonial Heights City,857,NA,857,Central Virginia,1,51570,school,40,Colonial Heights High
2023-2024,106,Colonial Heights City,648,NA,648,Central Virginia,1,51570,school,20,Colonial Heights Middle
2023-2024,106,Colonial Heights City,439,NA,439,Central Virginia,1,51570,school,50,Lakeview Elementary
2023-2024,106,Colonial Heights City,338,NA,338,Central Virginia,1,51570,school,30,North Elementary
2023-2024,106,Colonial Heights City,649,NA,649,Central Virginia,1,51570,school,60,Tussing Elementary
2023-2024,23,Craig County,261,NA,261,Western Virginia,6,51045,school,11,Craig County High
2023-2024,23,Craig County,209,NA,209,Western Virginia,6,51045,school,10,McCleary Elementary
2023-2024,24,Culpeper County,568,NA,568,Northern Virginia,4,51047,school,240,A.G. Richardson Elementary
2023-2024,24,Culpeper County,1232,NA,1232,Northern Virginia,4,51047,school,480,Culpeper County High
2023-2024,24,Culpeper County,1059,NA,1059,Northern Virginia,4,51047,school,20,Culpeper Middle
2023-2024,24,Culpeper County,1542,NA,1542,Northern Virginia,4,51047,school,50,Eastern View High
2023-2024,24,Culpeper County,691,NA,691,Northern Virginia,4,51047,school,450,Emerald Hill Elementary
2023-2024,24,Culpeper County,454,NA,454,Northern Virginia,4,51047,school,470,Farmington Elementary
2023-2024,24,Culpeper County,786,NA,786,Northern Virginia,4,51047,school,581,Floyd T. Binns Middle
2023-2024,24,Culpeper County,8,NA,8,Northern Virginia,4,51047,school,582,Galbreath-Marshall Building
2023-2024,24,Culpeper County,653,NA,653,Northern Virginia,4,51047,school,10,Pearl Sample Elementary
2023-2024,24,Culpeper County,700,NA,700,Northern Virginia,4,51047,school,460,Sycamore Park Elementary
2023-2024,24,Culpeper County,675,NA,675,Northern Virginia,4,51047,school,40,Yowell Elementary
2023-2024,25,Cumberland County,516,NA,516,Southside,8,51049,school,140,Cumberland Elementary
2023-2024,25,Cumberland County,359,NA,359,Southside,8,51049,school,151,Cumberland High
2023-2024,25,Cumberland County,358,NA,358,Southside,8,51049,school,152,Cumberland Middle
2023-2024,108,Danville City,463,NA,463,Western Virginia,6,51590,school,490,Edwin A. Gibson Elementary
2023-2024,108,Danville City,205,NA,205,Western Virginia,6,51590,school,20,Forest Hills Elementary
2023-2024,108,Danville City,605,NA,605,Western Virginia,6,51590,school,190,G.L.H. Johnson Elementary
2023-2024,108,Danville City,279,NA,279,Western Virginia,6,51590,school,1374,Galileo Magnet High
2023-2024,108,Danville City,1288,NA,1288,Western Virginia,6,51590,school,210,George Washington High
2023-2024,108,Danville City,116,NA,116,Western Virginia,6,51590,school,200,Grove Park Preschool
2023-2024,108,Danville City,573,NA,573,Western Virginia,6,51590,school,260,O. Trent Bonner Middle
2023-2024,108,Danville City,340,NA,340,Western Virginia,6,51590,school,250,Park Avenue Elementary
2023-2024,108,Danville City,128,NA,128,Western Virginia,6,51590,school,139,R.I.S.E Academy at the John M. Langston Campus
2023-2024,108,Danville City,529,NA,529,Western Virginia,6,51590,school,40,Schoolfield Elementary
2023-2024,108,Danville City,122,NA,122,Western Virginia,6,51590,school,30,The Northside Preschool
2023-2024,108,Danville City,554,NA,554,Western Virginia,6,51590,school,1372,Westwood Middle
2023-2024,108,Danville City,378,NA,378,Western Virginia,6,51590,school,220,Woodberry Hills Elementary
2023-2024,26,Dickenson County,273,NA,273,Southwest,7,51051,school,20,Clintwood Elementary
2023-2024,26,Dickenson County,592,NA,592,Southwest,7,51051,school,281,Ridgeview Elementary
2023-2024,26,Dickenson County,580,NA,580,Southwest,7,51051,school,275,Ridgeview High
2023-2024,26,Dickenson County,438,NA,438,Southwest,7,51051,school,280,Ridgeview Middle
2023-2024,27,Dinwiddie County,1323,NA,1323,Central Virginia,1,51053,school,500,Dinwiddie County High
2023-2024,27,Dinwiddie County,927,NA,927,Central Virginia,1,51053,school,471,Dinwiddie County Middle
2023-2024,27,Dinwiddie County,355,NA,355,Central Virginia,1,51053,school,310,Dinwiddie Elementary
2023-2024,27,Dinwiddie County,349,NA,349,Central Virginia,1,51053,school,250,Midway Elementary
2023-2024,27,Dinwiddie County,468,NA,468,Central Virginia,1,51053,school,10,Southside Elementary
2023-2024,27,Dinwiddie County,263,NA,263,Central Virginia,1,51053,school,180,Sunnyside Elementary
2023-2024,27,Dinwiddie County,573,NA,573,Central Virginia,1,51053,school,520,Sutherland Elementary
2023-2024,28,Essex County,410,NA,410,Northern Neck,3,51057,school,10,Essex High
2023-2024,28,Essex County,331,NA,331,Northern Neck,3,51057,school,150,James H. Cary Intermediate
2023-2024,28,Essex County,422,NA,422,Northern Neck,3,51057,school,160,Tappahannock Elementary
2023-2024,29,Fairfax County,450,NA,450,Northern Virginia,4,51059,school,2203,Aldrin Elementary
2023-2024,29,Fairfax County,2196,NA,2196,Northern Virginia,4,51059,school,660,Annandale High
2023-2024,29,Fairfax County,668,NA,668,Northern Virginia,4,51059,school,1360,Annandale Terrace Elementary
2023-2024,29,Fairfax County,541,NA,541,Northern Virginia,4,51059,school,110,Archer Elementary
2023-2024,29,Fairfax County,365,NA,365,Northern Virginia,4,51059,school,1530,Armstrong Elementary
2023-2024,29,Fairfax County,817,NA,817,Northern Virginia,4,51059,school,550,Bailey's Elementary School for the Arts and Sciences
2023-2024,29,Fairfax County,525,NA,525,Northern Virginia,4,51059,school,2459,Bailey's Upper Elementary School for the Arts and Sciences
2023-2024,29,Fairfax County,417,NA,417,Northern Virginia,4,51059,school,1730,Beech Tree Elementary
2023-2024,29,Fairfax County,401,NA,401,Northern Virginia,4,51059,school,560,Belle View Elementary
2023-2024,29,Fairfax County,628,NA,628,Northern Virginia,4,51059,school,720,Belvedere Elementary
2023-2024,29,Fairfax County,828,NA,828,Northern Virginia,4,51059,school,2000,Bonnie Brae Elementary
2023-2024,29,Fairfax County,920,NA,920,Northern Virginia,4,51059,school,1090,Braddock Elementary
2023-2024,29,Fairfax County,488,NA,488,Northern Virginia,4,51059,school,940,Bren Mar Park Elementary
2023-2024,29,Fairfax County,696,NA,696,Northern Virginia,4,51059,school,1790,Brookfield Elementary
2023-2024,29,Fairfax County,159,NA,159,Northern Virginia,4,51059,school,2201,Bryant High
2023-2024,29,Fairfax County,279,NA,279,Northern Virginia,4,51059,school,700,Bucknell Elementary
2023-2024,29,Fairfax County,221,NA,221,Northern Virginia,4,51059,school,2251,Bull Run Early Childhood Resource Center
2023-2024,29,Fairfax County,796,NA,796,Northern Virginia,4,51059,school,2225,Bull Run Elementary
2023-2024,29,Fairfax County,678,NA,678,Northern Virginia,4,51059,school,680,Bush Hill Elementary
2023-2024,29,Fairfax County,609,NA,609,Northern Virginia,4,51059,school,1940,Camelot Elementary
2023-2024,29,Fairfax County,534,NA,534,Northern Virginia,4,51059,school,620,Cameron Elementary
2023-2024,29,Fairfax County,797,NA,797,Northern Virginia,4,51059,school,1590,Canterbury Woods Elementary
2023-2024,29,Fairfax County,700,NA,700,Northern Virginia,4,51059,school,1690,Cardinal Forest Elementary
2023-2024,29,Fairfax County,1381,NA,1381,Northern Virginia,4,51059,school,2222,Carson Middle
2023-2024,29,Fairfax County,658,NA,658,Northern Virginia,4,51059,school,2090,Centre Ridge Elementary
2023-2024,29,Fairfax County,773,NA,773,Northern Virginia,4,51059,school,2205,Centreville Elementary
2023-2024,29,Fairfax County,2488,2,2490,Northern Virginia,4,51059,school,200,Centreville High
2023-2024,29,Fairfax County,3014,NA,3014,Northern Virginia,4,51059,school,131,Chantilly High
2023-2024,29,Fairfax County,461,NA,461,Northern Virginia,4,51059,school,480,Cherry Run Elementary
2023-2024,29,Fairfax County,537,NA,537,Northern Virginia,4,51059,school,100,Chesterbrook Elementary
2023-2024,29,Fairfax County,600,NA,600,Northern Virginia,4,51059,school,1050,Churchill Road Elementary
2023-2024,29,Fairfax County,628,NA,628,Northern Virginia,4,51059,school,260,Clearview Elementary
2023-2024,29,Fairfax County,537,NA,537,Northern Virginia,4,51059,school,1870,Clermont Elementary
2023-2024,29,Fairfax County,951,NA,951,Northern Virginia,4,51059,school,2347,Coates Elementary
2023-2024,29,Fairfax County,379,NA,379,Northern Virginia,4,51059,school,1510,Columbia Elementary
2023-2024,29,Fairfax County,766,NA,766,Northern Virginia,4,51059,school,2234,Colvin Run Elementary
2023-2024,29,Fairfax County,1072,NA,1072,Northern Virginia,4,51059,school,1190,Cooper Middle
2023-2024,29,Fairfax County,547,NA,547,Northern Virginia,4,51059,school,870,Crestwood Elementary
2023-2024,29,Fairfax County,556,NA,556,Northern Virginia,4,51059,school,2020,Crossfield Elementary
2023-2024,29,Fairfax County,571,NA,571,Northern Virginia,4,51059,school,1600,Cub Run Elementary
2023-2024,29,Fairfax County,409,NA,409,Northern Virginia,4,51059,school,1700,Cunningham Park Elementary
2023-2024,29,Fairfax County,819,NA,819,Northern Virginia,4,51059,school,2229,Daniels Run Elementary
2023-2024,29,Fairfax County,553,NA,553,Northern Virginia,4,51059,school,2204,Deer Park Elementary
2023-2024,29,Fairfax County,739,NA,739,Northern Virginia,4,51059,school,220,Dogwood Elementary
2023-2024,29,Fairfax County,600,NA,600,Northern Virginia,4,51059,school,2010,Dranesville Elementary
2023-2024,29,Fairfax County,237,NA,237,Northern Virginia,4,51059,school,2238,Dunn Loring Early Childhood Resource Center
2023-2024,29,Fairfax County,673,NA,673,Northern Virginia,4,51059,school,2243,Eagle View Elementary
2023-2024,29,Fairfax County,2291,2,2293,Northern Virginia,4,51059,school,1270,Edison High
2023-2024,29,Fairfax County,241,NA,241,Northern Virginia,4,51059,school,190,Fairfax County Adult High
2023-2024,29,Fairfax County,2356,1,2357,Northern Virginia,4,51059,school,20,Fairfax High
2023-2024,29,Fairfax County,525,NA,525,Northern Virginia,4,51059,school,1480,Fairfax Villa Elementary
2023-2024,29,Fairfax County,544,NA,544,Northern Virginia,4,51059,school,1630,Fairhill Elementary
2023-2024,29,Fairfax County,761,NA,761,Northern Virginia,4,51059,school,290,Fairview Elementary
2023-2024,29,Fairfax County,2158,NA,2158,Northern Virginia,4,51059,school,1100,Falls Church High
2023-2024,29,Fairfax County,609,NA,609,Northern Virginia,4,51059,school,730,Flint Hill Elementary
2023-2024,29,Fairfax County,699,NA,699,Northern Virginia,4,51059,school,740,Floris Elementary
2023-2024,29,Fairfax County,457,NA,457,Northern Virginia,4,51059,school,70,Forest Edge Elementary
2023-2024,29,Fairfax County,534,NA,534,Northern Virginia,4,51059,school,1450,Forestdale Elementary
2023-2024,29,Fairfax County,580,NA,580,Northern Virginia,4,51059,school,370,Forestville Elementary
2023-2024,29,Fairfax County,750,NA,750,Northern Virginia,4,51059,school,2224,Fort Belvoir Elementary
2023-2024,29,Fairfax County,654,NA,654,Northern Virginia,4,51059,school,2458,Fort Belvoir Upper Elementary
2023-2024,29,Fairfax County,573,NA,573,Northern Virginia,4,51059,school,1920,Fort Hunt Elementary
2023-2024,29,Fairfax County,645,NA,645,Northern Virginia,4,51059,school,390,Fox Mill Elementary
2023-2024,29,Fairfax County,489,NA,489,Northern Virginia,4,51059,school,320,Franconia Elementary
2023-2024,29,Fairfax County,825,NA,825,Northern Virginia,4,51059,school,440,Franklin Middle
2023-2024,29,Fairfax County,529,NA,529,Northern Virginia,4,51059,school,490,Freedom Hill Elementary
2023-2024,29,Fairfax County,1248,NA,1248,Northern Virginia,4,51059,school,1410,Frost Middle
2023-2024,29,Fairfax County,339,NA,339,Northern Virginia,4,51059,school,630,Garfield Elementary
2023-2024,29,Fairfax County,1725,1,1726,Northern Virginia,4,51059,school,1170,Glasgow Middle
2023-2024,29,Fairfax County,790,NA,790,Northern Virginia,4,51059,school,970,Glen Forest Elementary
2023-2024,29,Fairfax County,408,NA,408,Northern Virginia,4,51059,school,530,Graham Road Elementary
2023-2024,29,Fairfax County,517,NA,517,Northern Virginia,4,51059,school,570,Great Falls Elementary
2023-2024,29,Fairfax County,911,NA,911,Northern Virginia,4,51059,school,1840,Greenbriar East Elementary
2023-2024,29,Fairfax County,624,NA,624,Northern Virginia,4,51059,school,1500,Greenbriar West Elementary
2023-2024,29,Fairfax County,790,NA,790,Northern Virginia,4,51059,school,330,Groveton Elementary
2023-2024,29,Fairfax County,545,NA,545,Northern Virginia,4,51059,school,690,Gunston Elementary
2023-2024,29,Fairfax County,616,NA,616,Northern Virginia,4,51059,school,2210,Halley Elementary
2023-2024,29,Fairfax County,829,NA,829,Northern Virginia,4,51059,school,750,Haycock Elementary
2023-2024,29,Fairfax County,614,NA,614,Northern Virginia,4,51059,school,1740,Hayfield Elementary
2023-2024,29,Fairfax County,3244,1,3245,Northern Virginia,4,51059,school,1800,Hayfield Secondary
2023-2024,29,Fairfax County,807,NA,807,Northern Virginia,4,51059,school,1250,Herndon Elementary
2023-2024,29,Fairfax County,2368,1,2369,Northern Virginia,4,51059,school,32,Herndon High
2023-2024,29,Fairfax County,900,NA,900,Northern Virginia,4,51059,school,33,Herndon Middle
2023-2024,29,Fairfax County,622,NA,622,Northern Virginia,4,51059,school,1330,Hollin Meadows Elementary
2023-2024,29,Fairfax County,892,NA,892,Northern Virginia,4,51059,school,1521,Holmes Middle
2023-2024,29,Fairfax County,1008,NA,1008,Northern Virginia,4,51059,school,350,Hughes Middle
2023-2024,29,Fairfax County,747,NA,747,Northern Virginia,4,51059,school,1880,Hunt Valley Elementary
2023-2024,29,Fairfax County,689,NA,689,Northern Virginia,4,51059,school,1950,Hunters Woods Elementary School for the Arts and Sciences
2023-2024,29,Fairfax County,1015,NA,1015,Northern Virginia,4,51059,school,1980,Hutchison Elementary
2023-2024,29,Fairfax County,891,NA,891,Northern Virginia,4,51059,school,1420,Hybla Valley Elementary
2023-2024,29,Fairfax County,1218,NA,1218,Northern Virginia,4,51059,school,1120,Irving Middle
2023-2024,29,Fairfax County,722,NA,722,Northern Virginia,4,51059,school,2235,Island Creek Elementary
2023-2024,29,Fairfax County,965,NA,965,Northern Virginia,4,51059,school,673,Jackson Middle
2023-2024,29,Fairfax County,1140,1,1141,Northern Virginia,4,51059,school,1110,Johnson Middle
2023-2024,29,Fairfax County,2406,NA,2406,Northern Virginia,4,51059,school,1070,Justice High
2023-2024,29,Fairfax County,801,NA,801,Northern Virginia,4,51059,school,1240,Keene Mill Elementary
2023-2024,29,Fairfax County,1007,NA,1007,Northern Virginia,4,51059,school,980,Kent Gardens Elementary
2023-2024,29,Fairfax County,46,NA,46,Northern Virginia,4,51059,school,1901,Key Center
2023-2024,29,Fairfax County,689,NA,689,Northern Virginia,4,51059,school,1900,Key Middle
2023-2024,29,Fairfax County,59,NA,59,Northern Virginia,4,51059,school,1761,Kilmer Center
2023-2024,29,Fairfax County,1196,NA,1196,Northern Virginia,4,51059,school,1760,Kilmer Middle
2023-2024,29,Fairfax County,466,NA,466,Northern Virginia,4,51059,school,1890,Kings Glen Elementary
2023-2024,29,Fairfax County,666,NA,666,Northern Virginia,4,51059,school,1440,Kings Park Elementary
2023-2024,29,Fairfax County,583,NA,583,Northern Virginia,4,51059,school,1570,Lake Anne Elementary
2023-2024,29,Fairfax County,4412,6,4418,Northern Virginia,4,51059,school,90,Lake Braddock Secondary
2023-2024,29,Fairfax County,752,NA,752,Northern Virginia,4,51059,school,2209,Lane Elementary
2023-2024,29,Fairfax County,2142,NA,2142,Northern Virginia,4,51059,school,1460,Langley High
2023-2024,29,Fairfax County,736,NA,736,Northern Virginia,4,51059,school,2348,Laurel Hill Elementary
2023-2024,29,Fairfax County,804,NA,804,Northern Virginia,4,51059,school,1970,Laurel Ridge Elementary
2023-2024,29,Fairfax County,592,NA,592,Northern Virginia,4,51059,school,1850,Lees Corner Elementary
2023-2024,29,Fairfax County,577,NA,577,Northern Virginia,4,51059,school,770,Lemon Road Elementary
2023-2024,29,Fairfax County,1675,NA,1675,Northern Virginia,4,51059,school,1020,Lewis High
2023-2024,29,Fairfax County,904,NA,904,Northern Virginia,4,51059,school,2233,Liberty Middle
2023-2024,29,Fairfax County,277,NA,277,Northern Virginia,4,51059,school,1400,Little Run Elementary
2023-2024,29,Fairfax County,686,NA,686,Northern Virginia,4,51059,school,1830,London Towne Elementary
2023-2024,29,Fairfax County,1254,NA,1254,Northern Virginia,4,51059,school,1150,Longfellow Middle
2023-2024,29,Fairfax County,748,NA,748,Northern Virginia,4,51059,school,2236,Lorton Station Elementary
2023-2024,29,Fairfax County,602,NA,602,Northern Virginia,4,51059,school,890,Lynbrook Elementary
2023-2024,29,Fairfax County,2116,NA,2116,Northern Virginia,4,51059,school,1060,Madison High
2023-2024,29,Fairfax County,964,NA,964,Northern Virginia,4,51059,school,1210,Mantua Elementary
2023-2024,29,Fairfax County,2206,1,2207,Northern Virginia,4,51059,school,1290,Marshall High
2023-2024,29,Fairfax County,696,NA,696,Northern Virginia,4,51059,school,1200,Marshall Road Elementary
2023-2024,29,Fairfax County,720,NA,720,Northern Virginia,4,51059,school,2410,Mason Crest Elementary
2023-2024,29,Fairfax County,2454,1,2455,Northern Virginia,4,51059,school,790,McLean High
2023-2024,29,Fairfax County,512,NA,512,Northern Virginia,4,51059,school,2231,McNair Elementary
2023-2024,29,Fairfax County,616,NA,616,Northern Virginia,4,51059,school,2200,McNair Upper Elementary
2023-2024,29,Fairfax County,967,NA,967,Northern Virginia,4,51059,school,1390,Mosaic Elementary
2023-2024,29,Fairfax County,334,NA,334,Northern Virginia,4,51059,school,510,Mount Eagle Elementary
2023-2024,29,Fairfax County,1959,NA,1959,Northern Virginia,4,51059,school,420,Mount Vernon High
2023-2024,29,Fairfax County,546,NA,546,Northern Virginia,4,51059,school,1640,Mount Vernon Woods Elementary
2023-2024,29,Fairfax County,142,NA,142,Northern Virginia,4,51059,school,2211,Mountain View High
2023-2024,29,Fairfax County,851,NA,851,Northern Virginia,4,51059,school,800,Navy Elementary
2023-2024,29,Fairfax County,580,NA,580,Northern Virginia,4,51059,school,470,Newington Forest Elementary
2023-2024,29,Fairfax County,469,NA,469,Northern Virginia,4,51059,school,930,North Springfield Elementary
2023-2024,29,Fairfax County,657,NA,657,Northern Virginia,4,51059,school,430,Oak Hill Elementary
2023-2024,29,Fairfax County,775,NA,775,Northern Virginia,4,51059,school,1860,Oak View Elementary
2023-2024,29,Fairfax County,774,NA,774,Northern Virginia,4,51059,school,140,Oakton Elementary
2023-2024,29,Fairfax County,2627,NA,2627,Northern Virginia,4,51059,school,1710,Oakton High
2023-2024,29,Fairfax County,386,NA,386,Northern Virginia,4,51059,school,1650,Olde Creek Elementary
2023-2024,29,Fairfax County,900,NA,900,Northern Virginia,4,51059,school,150,Orange Hunt Elementary
2023-2024,29,Fairfax County,954,NA,954,Northern Virginia,4,51059,school,1030,Parklawn Elementary
2023-2024,29,Fairfax County,36,NA,36,Northern Virginia,4,51059,school,2440,Pimmit Early Childhood Resource Center
2023-2024,29,Fairfax County,617,NA,617,Northern Virginia,4,51059,school,820,Pine Spring Elementary
2023-2024,29,Fairfax County,896,NA,896,Northern Virginia,4,51059,school,1130,Poe Middle
2023-2024,29,Fairfax County,721,NA,721,Northern Virginia,4,51059,school,2080,Poplar Tree Elementary
2023-2024,29,Fairfax County,876,NA,876,Northern Virginia,4,51059,school,2237,Powell Elementary
2023-2024,29,Fairfax County,893,NA,893,Northern Virginia,4,51059,school,2230,Providence Elementary
2023-2024,29,Fairfax County,566,NA,566,Northern Virginia,4,51059,school,1310,Ravensworth Elementary
2023-2024,29,Fairfax County,719,NA,719,Northern Virginia,4,51059,school,1820,Riverside Elementary
2023-2024,29,Fairfax County,3674,NA,3674,Northern Virginia,4,51059,school,1960,Robinson Secondary
2023-2024,29,Fairfax County,887,NA,887,Northern Virginia,4,51059,school,300,Rocky Run Middle
2023-2024,29,Fairfax County,536,NA,536,Northern Virginia,4,51059,school,1770,Rolling Valley Elementary
2023-2024,29,Fairfax County,671,NA,671,Northern Virginia,4,51059,school,950,Rose Hill Elementary
2023-2024,29,Fairfax County,1403,NA,1403,Northern Virginia,4,51059,school,1300,Sandburg Middle
2023-2024,29,Fairfax County,899,NA,899,Northern Virginia,4,51059,school,2030,Sangster Elementary
2023-2024,29,Fairfax County,589,NA,589,Northern Virginia,4,51059,school,2040,Saratoga Elementary
2023-2024,29,Fairfax County,352,NA,352,Northern Virginia,4,51059,school,80,Sherman Elementary
2023-2024,29,Fairfax County,653,NA,653,Northern Virginia,4,51059,school,1660,Shrevewood Elementary
2023-2024,29,Fairfax County,814,NA,814,Northern Virginia,4,51059,school,1680,Silverbrook Elementary
2023-2024,29,Fairfax County,460,NA,460,Northern Virginia,4,51059,school,710,Sleepy Hollow Elementary
2023-2024,29,Fairfax County,2206,NA,2206,Northern Virginia,4,51059,school,2241,South County High
2023-2024,29,Fairfax County,967,1,968,Northern Virginia,4,51059,school,2420,South County Middle
2023-2024,29,Fairfax County,2488,NA,2488,Northern Virginia,4,51059,school,1990,South Lakes High
2023-2024,29,Fairfax County,948,NA,948,Northern Virginia,4,51059,school,1620,Spring Hill Elementary
2023-2024,29,Fairfax County,595,NA,595,Northern Virginia,4,51059,school,960,Springfield Estates Elementary
2023-2024,29,Fairfax County,539,NA,539,Northern Virginia,4,51059,school,1380,Stenwood Elementary
2023-2024,29,Fairfax County,709,2,711,Northern Virginia,4,51059,school,2070,Stone Middle
2023-2024,29,Fairfax County,723,NA,723,Northern Virginia,4,51059,school,1350,Stratford Landing Elementary
2023-2024,29,Fairfax County,570,NA,570,Northern Virginia,4,51059,school,280,Sunrise Valley Elementary
2023-2024,29,Fairfax County,626,NA,626,Northern Virginia,4,51059,school,170,Terra Centre Elementary
2023-2024,29,Fairfax County,611,NA,611,Northern Virginia,4,51059,school,250,Terraset Elementary
2023-2024,29,Fairfax County,2017,NA,2017,Northern Virginia,4,51059,school,1371,Thomas Jefferson High for Science and Technology
2023-2024,29,Fairfax County,1248,NA,1248,Northern Virginia,4,51059,school,1140,Thoreau Middle
2023-2024,29,Fairfax County,646,NA,646,Northern Virginia,4,51059,school,830,Timber Lane Elementary
2023-2024,29,Fairfax County,988,1,989,Northern Virginia,4,51059,school,1160,Twain Middle
2023-2024,29,Fairfax County,908,NA,908,Northern Virginia,4,51059,school,1540,Union Mill Elementary
2023-2024,29,Fairfax County,377,NA,377,Northern Virginia,4,51059,school,120,Vienna Elementary
2023-2024,29,Fairfax County,273,NA,273,Northern Virginia,4,51059,school,2252,Virginia Hills Early Childhood Resource Center
2023-2024,29,Fairfax County,703,NA,703,Northern Virginia,4,51059,school,2050,Virginia Run Elementary
2023-2024,29,Fairfax County,648,NA,648,Northern Virginia,4,51059,school,850,Wakefield Forest Elementary
2023-2024,29,Fairfax County,820,NA,820,Northern Virginia,4,51059,school,2100,Waples Mill Elementary
2023-2024,29,Fairfax County,575,NA,575,Northern Virginia,4,51059,school,1320,Washington Mill Elementary
2023-2024,29,Fairfax County,726,NA,726,Northern Virginia,4,51059,school,1080,Waynewood Elementary
2023-2024,29,Fairfax County,2682,NA,2682,Northern Virginia,4,51059,school,900,West Potomac High
2023-2024,29,Fairfax County,548,NA,548,Northern Virginia,4,51059,school,1430,West Springfield Elementary
2023-2024,29,Fairfax County,2760,1,2761,Northern Virginia,4,51059,school,1610,West Springfield High
2023-2024,29,Fairfax County,848,NA,848,Northern Virginia,4,51059,school,1580,Westbriar Elementary
2023-2024,29,Fairfax County,2755,1,2756,Northern Virginia,4,51059,school,2228,Westfield High
2023-2024,29,Fairfax County,617,NA,617,Northern Virginia,4,51059,school,1670,Westgate Elementary
2023-2024,29,Fairfax County,739,NA,739,Northern Virginia,4,51059,school,580,Westlawn Elementary
2023-2024,29,Fairfax County,562,NA,562,Northern Virginia,4,51059,school,520,Weyanoke Elementary
2023-2024,29,Fairfax County,724,NA,724,Northern Virginia,4,51059,school,400,White Oaks Elementary
2023-2024,29,Fairfax County,819,NA,819,Northern Virginia,4,51059,school,1550,Whitman Middle
2023-2024,29,Fairfax County,860,NA,860,Northern Virginia,4,51059,school,2060,Willow Springs Elementary
2023-2024,29,Fairfax County,550,NA,550,Northern Virginia,4,51059,school,1810,Wolftrap Elementary
2023-2024,29,Fairfax County,486,NA,486,Northern Virginia,4,51059,school,650,Woodburn Elementary
2023-2024,29,Fairfax County,468,NA,468,Northern Virginia,4,51059,school,380,Woodlawn Elementary
2023-2024,29,Fairfax County,520,NA,520,Northern Virginia,4,51059,school,590,Woodley Hills Elementary
2023-2024,29,Fairfax County,2485,NA,2485,Northern Virginia,4,51059,school,1260,Woodson High
2023-2024,109,Falls Church City,75,NA,75,Northern Virginia,4,51610,school,270,Jessie Thackrey  Preschool
2023-2024,109,Falls Church City,613,NA,613,Northern Virginia,4,51610,school,252,Mary Ellen Henderson Middle
2023-2024,109,Falls Church City,891,NA,891,Northern Virginia,4,51610,school,251,Meridian High
2023-2024,109,Falls Church City,481,NA,481,Northern Virginia,4,51610,school,240,Mount Daniel Elementary
2023-2024,109,Falls Church City,556,NA,556,Northern Virginia,4,51610,school,260,Oak Street Elementary
2023-2024,30,Fauquier County,582,NA,582,Northern Virginia,4,51061,school,854,Auburn Middle
2023-2024,30,Fauquier County,526,NA,526,Northern Virginia,4,51061,school,460,C. Hunter Ritchie Elementary
2023-2024,30,Fauquier County,350,NA,350,Northern Virginia,4,51061,school,730,C.M. Bradley Elementary
2023-2024,30,Fauquier County,853,NA,853,Northern Virginia,4,51061,school,520,Cedar Lee Middle
2023-2024,30,Fauquier County,262,NA,262,Northern Virginia,4,51061,school,120,Claude Thompson Elementary
2023-2024,30,Fauquier County,1162,NA,1162,Northern Virginia,4,51061,school,701,Fauquier High
2023-2024,30,Fauquier County,519,NA,519,Northern Virginia,4,51061,school,450,Grace Miller Elementary
2023-2024,30,Fauquier County,459,NA,459,Northern Virginia,4,51061,school,511,Greenville Elementary
2023-2024,30,Fauquier County,385,NA,385,Northern Virginia,4,51061,school,750,H.M. Pearson Elementary
2023-2024,30,Fauquier County,514,NA,514,Northern Virginia,4,51061,school,853,James G. Brumfield Elementary
2023-2024,30,Fauquier County,1189,NA,1189,Northern Virginia,4,51061,school,510,Kettle Run High
2023-2024,30,Fauquier County,1360,NA,1360,Northern Virginia,4,51061,school,851,Liberty High
2023-2024,30,Fauquier County,542,NA,542,Northern Virginia,4,51061,school,530,Margaret M. Pierce Elementary
2023-2024,30,Fauquier County,410,NA,410,Northern Virginia,4,51061,school,10,Marshall Middle
2023-2024,30,Fauquier County,399,NA,399,Northern Virginia,4,51061,school,20,Mary Walter Elementary
2023-2024,30,Fauquier County,405,NA,405,Northern Virginia,4,51061,school,720,P.B. Smith Elementary
2023-2024,30,Fauquier County,610,NA,610,Northern Virginia,4,51061,school,670,W.C. Taylor Middle
2023-2024,30,Fauquier County,318,NA,318,Northern Virginia,4,51061,school,740,W.G. Coleman Elementary
2023-2024,31,Floyd County,289,NA,289,Western Virginia,6,51063,school,90,Check Elementary
2023-2024,31,Floyd County,680,NA,680,Western Virginia,6,51063,school,660,Floyd County High
2023-2024,31,Floyd County,445,NA,445,Western Virginia,6,51063,school,360,Floyd Elementary
2023-2024,31,Floyd County,128,NA,128,Western Virginia,6,51063,school,650,Indian Valley Elementary
2023-2024,31,Floyd County,171,NA,171,Western Virginia,6,51063,school,500,Willis Elementary
2023-2024,32,Fluvanna County,460,NA,460,Valley,5,51065,school,300,Carysbrook Elementary
2023-2024,32,Fluvanna County,744,NA,744,Valley,5,51065,school,310,Central Elementary
2023-2024,32,Fluvanna County,1431,NA,1431,Valley,5,51065,school,260,Fluvanna County High
2023-2024,32,Fluvanna County,737,NA,737,Valley,5,51065,school,320,Fluvanna Middle
2023-2024,135,Franklin City,375,NA,375,Tidewater,2,51620,school,20,Franklin High
2023-2024,135,Franklin City,155,NA,155,Tidewater,2,51620,school,561,Joseph P. King Jr. Middle
2023-2024,135,Franklin City,485,NA,485,Tidewater,2,51620,school,10,S.P. Morton Elementary
2023-2024,33,Franklin County,1391,NA,1391,Western Virginia,6,51067,school,31,Benjamin Franklin Middle
2023-2024,33,Franklin County,269,NA,269,Western Virginia,6,51067,school,1370,Boones Mill Elementary
2023-2024,33,Franklin County,266,NA,266,Western Virginia,6,51067,school,1320,Burnt Chimney Elementary
2023-2024,33,Franklin County,180,NA,180,Western Virginia,6,51067,school,350,Callaway Elementary
2023-2024,33,Franklin County,204,NA,204,Western Virginia,6,51067,school,20,Dudley Elementary
2023-2024,33,Franklin County,216,NA,216,Western Virginia,6,51067,school,1360,Ferrum Elementary
2023-2024,33,Franklin County,1899,NA,1899,Western Virginia,6,51067,school,1311,Franklin County High
2023-2024,33,Franklin County,206,NA,206,Western Virginia,6,51067,school,690,Glade Hill Elementary
2023-2024,33,Franklin County,165,NA,165,Western Virginia,6,51067,school,10,Henry Elementary
2023-2024,33,Franklin County,403,NA,403,Western Virginia,6,51067,school,660,Lee M. Waid Elementary
2023-2024,33,Franklin County,285,NA,285,Western Virginia,6,51067,school,1380,Rocky Mount Elementary
2023-2024,33,Franklin County,208,NA,208,Western Virginia,6,51067,school,1170,Snow Creek Elementary
2023-2024,33,Franklin County,216,NA,216,Western Virginia,6,51067,school,960,Sontag Elementary
2023-2024,33,Franklin County,252,NA,252,Western Virginia,6,51067,school,980,Windy Gap Elementary
2023-2024,34,Frederick County,808,NA,808,Northern Virginia,4,51069,school,586,Admiral Richard E. Byrd Middle
2023-2024,34,Frederick County,427,NA,427,Northern Virginia,4,51069,school,10,Apple Pie Ridge Elementary
2023-2024,34,Frederick County,598,NA,598,Northern Virginia,4,51069,school,320,Armel Elementary
2023-2024,34,Frederick County,621,NA,621,Northern Virginia,4,51069,school,20,Bass-Hoover Elementary
2023-2024,34,Frederick County,581,NA,581,Northern Virginia,4,51069,school,587,Evendale Elementary
2023-2024,34,Frederick County,751,NA,751,Northern Virginia,4,51069,school,460,Frederick County Middle
2023-2024,34,Frederick County,489,NA,489,Northern Virginia,4,51069,school,380,Gainesboro Elementary
2023-2024,34,Frederick County,582,NA,582,Northern Virginia,4,51069,school,590,Greenwood Mill Elementary
2023-2024,34,Frederick County,383,NA,383,Northern Virginia,4,51069,school,40,Indian Hollow Elementary
2023-2024,34,Frederick County,1463,1,1464,Northern Virginia,4,51069,school,30,James Wood High
2023-2024,34,Frederick County,834,NA,834,Northern Virginia,4,51069,school,420,James Wood Middle
2023-2024,34,Frederick County,607,NA,607,Northern Virginia,4,51069,school,591,Jordan Springs Elementary
2023-2024,34,Frederick County,584,NA,584,Northern Virginia,4,51069,school,340,Middletown Elementary
2023-2024,34,Frederick County,1573,NA,1573,Northern Virginia,4,51069,school,584,Millbrook High
2023-2024,34,Frederick County,449,NA,449,Northern Virginia,4,51069,school,583,Orchard View Elementary
2023-2024,34,Frederick County,596,NA,596,Northern Virginia,4,51069,school,582,Redbud Run Elementary
2023-2024,34,Frederick County,798,NA,798,Northern Virginia,4,51069,school,480,Robert E. Aylor Middle
2023-2024,34,Frederick County,1642,NA,1642,Northern Virginia,4,51069,school,581,Sherando High
2023-2024,34,Frederick County,386,NA,386,Northern Virginia,4,51069,school,410,Stonewall Elementary
2023-2024,110,Fredericksburg City,849,NA,849,Northern Neck,3,51630,school,50,Hugh Mercer Elementary
2023-2024,110,Fredericksburg City,1006,NA,1006,Northern Neck,3,51630,school,40,James Monroe High
2023-2024,110,Fredericksburg City,809,NA,809,Northern Neck,3,51630,school,272,Lafayette Elementary
2023-2024,110,Fredericksburg City,138,NA,138,Northern Neck,3,51630,school,30,Walker-Grant Early Childhood Center
2023-2024,110,Fredericksburg City,776,NA,776,Northern Neck,3,51630,school,273,Walker-Grant Middle
2023-2024,111,Galax City,685,NA,685,Southwest,7,51640,school,10,Galax Elementary
2023-2024,111,Galax City,403,1,404,Southwest,7,51640,school,31,Galax High
2023-2024,111,Galax City,329,NA,329,Southwest,7,51640,school,32,Galax Middle
2023-2024,35,Giles County,459,NA,459,Southwest,7,51071,school,10,Eastern Elementary/Middle
2023-2024,35,Giles County,1226,NA,1226,Southwest,7,51071,school,112,Giles County K-12 Virtual School
2023-2024,35,Giles County,554,NA,554,Southwest,7,51071,school,461,Giles High
2023-2024,35,Giles County,462,NA,462,Southwest,7,51071,school,390,Macy Mcclaugherty Elementary/Middle
2023-2024,35,Giles County,499,NA,499,Southwest,7,51071,school,400,Narrows Elementary/Middle
2023-2024,35,Giles County,299,NA,299,Southwest,7,51071,school,470,Narrows High
2023-2024,36,Gloucester County,437,6,443,Northern Neck,3,51073,school,250,Abingdon Elementary
2023-2024,36,Gloucester County,434,4,438,Northern Neck,3,51073,school,240,Achilles Elementary
2023-2024,36,Gloucester County,496,6,502,Northern Neck,3,51073,school,381,Bethel Elementary
2023-2024,36,Gloucester County,531,9,540,Northern Neck,3,51073,school,100,Botetourt Elementary
2023-2024,36,Gloucester County,1549,NA,1549,Northern Neck,3,51073,school,260,Gloucester High
2023-2024,36,Gloucester County,564,NA,564,Northern Neck,3,51073,school,802,Page Middle
2023-2024,36,Gloucester County,593,NA,593,Northern Neck,3,51073,school,280,Peasley Middle
2023-2024,36,Gloucester County,386,1,387,Northern Neck,3,51073,school,270,Petsworth Elementary
2023-2024,37,Goochland County,312,NA,312,Central Virginia,1,51075,school,120,Byrd Elementary
2023-2024,37,Goochland County,357,NA,357,Central Virginia,1,51075,school,360,Goochland Elementary
2023-2024,37,Goochland County,847,NA,847,Central Virginia,1,51075,school,220,Goochland High
2023-2024,37,Goochland County,599,NA,599,Central Virginia,1,51075,school,340,Goochland Middle
2023-2024,37,Goochland County,457,NA,457,Central Virginia,1,51075,school,260,Randolph Elementary
2023-2024,38,Grayson County,147,NA,147,Southwest,7,51077,school,480,Fairview Elementary
2023-2024,38,Grayson County,234,NA,234,Southwest,7,51077,school,911,Fries Elementary
2023-2024,38,Grayson County,457,NA,457,Southwest,7,51077,school,421,Grayson County High
2023-2024,38,Grayson County,142,NA,142,Southwest,7,51077,school,430,Grayson Highlands
2023-2024,38,Grayson County,301,NA,301,Southwest,7,51077,school,422,Independence Elementary
2023-2024,38,Grayson County,295,NA,295,Southwest,7,51077,school,11,Independence Middle
2023-2024,39,Greene County,340,NA,340,Valley,5,51079,school,20,Nathanael Greene Elementary
2023-2024,39,Greene County,371,NA,371,Valley,5,51079,school,10,Nathanael Greene Primary
2023-2024,39,Greene County,503,NA,503,Valley,5,51079,school,30,Ruckersville Elementary
2023-2024,39,Greene County,979,NA,979,Valley,5,51079,school,72,William Monroe High
2023-2024,39,Greene County,625,NA,625,Valley,5,51079,school,71,William Monroe Middle
2023-2024,40,Greensville County,437,NA,437,Southside,8,51081,school,190,Edward W. Wyatt Middle
2023-2024,40,Greensville County,602,NA,602,Southside,8,51081,school,200,Greensville County High
2023-2024,40,Greensville County,988,NA,988,Southside,8,51081,school,50,Greensville Elementary
2023-2024,41,Halifax County,230,NA,230,Southside,8,51083,school,1560,Clays Mill Elementary
2023-2024,41,Halifax County,533,NA,533,Southside,8,51083,school,20,Cluster Springs Elementary
2023-2024,41,Halifax County,1351,2,1353,Southside,8,51083,school,10,Halifax County High
2023-2024,41,Halifax County,871,NA,871,Southside,8,51083,school,1480,Halifax County Middle
2023-2024,41,Halifax County,160,NA,160,Southside,8,51083,school,1550,Meadville Elementary
2023-2024,41,Halifax County,186,NA,186,Southside,8,51083,school,1510,Scottsburg Elementary
2023-2024,41,Halifax County,247,NA,247,Southside,8,51083,school,1521,Sinai Elementary
2023-2024,41,Halifax County,694,NA,694,Southside,8,51083,school,30,South Boston Elementary
2023-2024,41,Halifax County,123,NA,123,Southside,8,51083,school,950,South Boston/Halifax Early Learning Center
2023-2024,41,Halifax County,181,NA,181,Southside,8,51083,school,1490,Sydnor Jennings Elementary
2023-2024,112,Hampton City,499,NA,499,Tidewater,2,51650,school,500,A.W.E. Bassette Elementary
2023-2024,112,Hampton City,452,NA,452,Tidewater,2,51650,school,160,Aberdeen Elementary
2023-2024,112,Hampton City,385,NA,385,Tidewater,2,51650,school,470,Albert W. Patrick III Elementary
2023-2024,112,Hampton City,532,NA,532,Tidewater,2,51650,school,260,Alfred S. Forrest Elementary
2023-2024,112,Hampton City,278,NA,278,Tidewater,2,51650,school,120,Armstrong Elementary
2023-2024,112,Hampton City,382,NA,382,Tidewater,2,51650,school,330,Barron Elementary
2023-2024,112,Hampton City,866,NA,866,Tidewater,2,51650,school,350,Benjamin Syms Middle
2023-2024,112,Hampton City,1802,NA,1802,Tidewater,2,51650,school,430,Bethel High
2023-2024,112,Hampton City,674,NA,674,Tidewater,2,51650,school,450,C. Alton Lindsay Middle
2023-2024,112,Hampton City,384,NA,384,Tidewater,2,51650,school,460,Captain John Smith Elementary
2023-2024,112,Hampton City,695,NA,695,Tidewater,2,51650,school,300,Cesar Tarrant Middle
2023-2024,112,Hampton City,449,NA,449,Tidewater,2,51650,school,420,Christopher C. Kraft Elementary
2023-2024,112,Hampton City,435,NA,435,Tidewater,2,51650,school,30,Francis Asbury Elementary
2023-2024,112,Hampton City,597,NA,597,Tidewater,2,51650,school,70,Francis W. Jones Magnet Middle
2023-2024,112,Hampton City,1559,NA,1559,Tidewater,2,51650,school,650,George P. Phenix Elementary
2023-2024,112,Hampton City,1240,NA,1240,Tidewater,2,51650,school,280,Hampton High
2023-2024,112,Hampton City,1125,NA,1125,Tidewater,2,51650,school,640,Hunter B. Andrews
2023-2024,112,Hampton City,349,NA,349,Tidewater,2,51650,school,250,Jane H. Bryan Elementary
2023-2024,112,Hampton City,1520,NA,1520,Tidewater,2,51650,school,320,Kecoughtan High
2023-2024,112,Hampton City,446,NA,446,Tidewater,2,51650,school,490,Luther W. Machen Elementary
2023-2024,112,Hampton City,401,NA,401,Tidewater,2,51650,school,440,Mary S. Peake Elementary
2023-2024,112,Hampton City,302,NA,302,Tidewater,2,51650,school,270,Mary T. Christian Elementary
2023-2024,112,Hampton City,338,NA,338,Tidewater,2,51650,school,360,Mary W. Jackson Elementary
2023-2024,112,Hampton City,224,NA,224,Tidewater,2,51650,school,210,Moton Early Childhood Center
2023-2024,112,Hampton City,417,NA,417,Tidewater,2,51650,school,410,Paul Burbank Elementary
2023-2024,112,Hampton City,432,NA,432,Tidewater,2,51650,school,370,Phillips Elementary
2023-2024,112,Hampton City,1417,NA,1417,Tidewater,2,51650,school,50,Phoebus High
2023-2024,112,Hampton City,479,NA,479,Tidewater,2,51650,school,180,Samuel P. Langley Elementary
2023-2024,112,Hampton City,600,NA,600,Tidewater,2,51650,school,380,Thomas Eaton Middle
2023-2024,112,Hampton City,382,NA,382,Tidewater,2,51650,school,80,William Mason Cooper Elementary
2023-2024,42,Hanover County,1509,NA,1509,Central Virginia,1,51085,school,62,Atlee High
2023-2024,42,Hanover County,368,NA,368,Central Virginia,1,51085,school,360,Battlefield Park Elementary
2023-2024,42,Hanover County,311,NA,311,Central Virginia,1,51085,school,20,Beaverdam Elementary
2023-2024,42,Hanover County,933,NA,933,Central Virginia,1,51085,school,440,Bell Creek Middle
2023-2024,42,Hanover County,1123,NA,1123,Central Virginia,1,51085,school,61,Chickahominy Middle
2023-2024,42,Hanover County,502,NA,502,Central Virginia,1,51085,school,70,Cold Harbor Elementary
2023-2024,42,Hanover County,803,NA,803,Central Virginia,1,51085,school,551,Cool Spring Elementary
2023-2024,42,Hanover County,371,NA,371,Central Virginia,1,51085,school,430,Elmont Elementary
2023-2024,42,Hanover County,1358,NA,1358,Central Virginia,1,51085,school,554,Hanover High
2023-2024,42,Hanover County,359,NA,359,Central Virginia,1,51085,school,150,Henry Clay Elementary
2023-2024,42,Hanover County,307,NA,307,Central Virginia,1,51085,school,162,John M. Gandy Elementary
2023-2024,42,Hanover County,679,NA,679,Central Virginia,1,51085,school,200,Kersey Creek Elementary
2023-2024,42,Hanover County,563,NA,563,Central Virginia,1,51085,school,210,Laurel Meadow Elementary
2023-2024,42,Hanover County,917,NA,917,Central Virginia,1,51085,school,450,Liberty Middle
2023-2024,42,Hanover County,580,NA,580,Central Virginia,1,51085,school,420,Mechanicsville Elementary
2023-2024,42,Hanover County,1334,NA,1334,Central Virginia,1,51085,school,370,Mechanicsville High
2023-2024,42,Hanover County,881,NA,881,Central Virginia,1,51085,school,553,Oak Knoll Middle
2023-2024,42,Hanover County,1330,NA,1330,Central Virginia,1,51085,school,400,Patrick Henry High
2023-2024,42,Hanover County,575,NA,575,Central Virginia,1,51085,school,410,Pearson's Corner Elementary
2023-2024,42,Hanover County,529,NA,529,Central Virginia,1,51085,school,552,Pole Green Elementary
2023-2024,42,Hanover County,650,NA,650,Central Virginia,1,51085,school,30,Rural Point Elementary
2023-2024,42,Hanover County,437,NA,437,Central Virginia,1,51085,school,40,South Anna Elementary
2023-2024,42,Hanover County,401,NA,401,Central Virginia,1,51085,school,290,Washington-Henry Elementary
2023-2024,113,Harrisonburg City,560,NA,560,Valley,5,51660,school,120,Bluestone Elementary
2023-2024,113,Harrisonburg City,1994,4,1998,Valley,5,51660,school,12,Harrisonburg High
2023-2024,113,Harrisonburg City,496,NA,496,Valley,5,51660,school,50,Keister Elementary
2023-2024,113,Harrisonburg City,719,NA,719,Valley,5,51660,school,111,Skyline Middle
2023-2024,113,Harrisonburg City,727,NA,727,Valley,5,51660,school,110,Smithland Elementary
2023-2024,113,Harrisonburg City,463,NA,463,Valley,5,51660,school,60,Spotswood Elementary
2023-2024,113,Harrisonburg City,553,NA,553,Valley,5,51660,school,191,Stone Spring Elementary
2023-2024,113,Harrisonburg City,716,NA,716,Valley,5,51660,school,80,Thomas Harrison Middle
2023-2024,113,Harrisonburg City,559,NA,559,Valley,5,51660,school,30,Waterman Elementary
2023-2024,43,Henrico County,129,NA,129,Central Virginia,1,51087,school,421,An Achievable Dream Middle and High School Oak Avenue Complex
2023-2024,43,Henrico County,339,NA,339,Central Virginia,1,51087,school,450,Anthony P. Mehfoud Elementary
2023-2024,43,Henrico County,460,NA,460,Central Virginia,1,51087,school,320,Arthur Ashe Jr. Elementary
2023-2024,43,Henrico County,1029,NA,1029,Central Virginia,1,51087,school,500,Brookland Middle
2023-2024,43,Henrico County,532,NA,532,Central Virginia,1,51087,school,120,Cashell Donahoe Elementary
2023-2024,43,Henrico County,349,NA,349,Central Virginia,1,51087,school,590,Chamberlayne Elementary
2023-2024,43,Henrico County,396,NA,396,Central Virginia,1,51087,school,530,Charles M. Johnson Elementary
2023-2024,43,Henrico County,695,NA,695,Central Virginia,1,51087,school,93,Colonial Trail Elementary
2023-2024,43,Henrico County,375,NA,375,Central Virginia,1,51087,school,400,Crestview Elementary
2023-2024,43,Henrico County,496,NA,496,Central Virginia,1,51087,school,82,David A. Kaechele Elementary
2023-2024,43,Henrico County,2039,NA,2039,Central Virginia,1,51087,school,160,Deep Run High
2023-2024,43,Henrico County,1887,NA,1887,Central Virginia,1,51087,school,410,Douglas S. Freeman High
2023-2024,43,Henrico County,620,NA,620,Central Virginia,1,51087,school,700,Dumbarton Elementary
2023-2024,43,Henrico County,530,NA,530,Central Virginia,1,51087,school,300,Echo Lake Elementary
2023-2024,43,Henrico County,805,NA,805,Central Virginia,1,51087,school,680,Elizabeth Holladay Elementary
2023-2024,43,Henrico County,705,NA,705,Central Virginia,1,51087,school,92,Elko Middle
2023-2024,43,Henrico County,357,NA,357,Central Virginia,1,51087,school,200,Fair Oaks Elementary
2023-2024,43,Henrico County,889,NA,889,Central Virginia,1,51087,school,510,Fairfield Middle
2023-2024,43,Henrico County,604,NA,604,Central Virginia,1,51087,school,150,Gayton Elementary
2023-2024,43,Henrico County,452,NA,452,Central Virginia,1,51087,school,470,George F. Baker Elementary
2023-2024,43,Henrico County,1102,NA,1102,Central Virginia,1,51087,school,390,George H. Moody Middle
2023-2024,43,Henrico County,575,NA,575,Central Virginia,1,51087,school,20,Glen Allen Elementary
2023-2024,43,Henrico County,1913,NA,1913,Central Virginia,1,51087,school,96,Glen Allen High
2023-2024,43,Henrico County,430,NA,430,Central Virginia,1,51087,school,380,Glen Lea Elementary
2023-2024,43,Henrico County,620,NA,620,Central Virginia,1,51087,school,260,Greenwood Elementary
2023-2024,43,Henrico County,392,NA,392,Central Virginia,1,51087,school,420,Harold Macon Ratcliffe Elementary
2023-2024,43,Henrico County,530,NA,530,Central Virginia,1,51087,school,94,Harvie Elementary
2023-2024,43,Henrico County,1310,NA,1310,Central Virginia,1,51087,school,610,Henrico High
2023-2024,43,Henrico County,642,NA,642,Central Virginia,1,51087,school,83,Henrico Virtual Academy
2023-2024,43,Henrico County,499,NA,499,Central Virginia,1,51087,school,330,Henry D. Ward Elementary
2023-2024,43,Henrico County,1720,NA,1720,Central Virginia,1,51087,school,670,Hermitage High
2023-2024,43,Henrico County,483,NA,483,Central Virginia,1,51087,school,640,Highland Springs Elementary
2023-2024,43,Henrico County,1990,NA,1990,Central Virginia,1,51087,school,190,Highland Springs High
2023-2024,43,Henrico County,862,NA,862,Central Virginia,1,51087,school,95,Holman Middle
2023-2024,43,Henrico County,852,NA,852,Central Virginia,1,51087,school,100,Hungary Creek Middle
2023-2024,43,Henrico County,529,NA,529,Central Virginia,1,51087,school,620,Jackson Davis Elementary
2023-2024,43,Henrico County,469,NA,469,Central Virginia,1,51087,school,660,Jacob L. Adams Elementary
2023-2024,43,Henrico County,2032,NA,2032,Central Virginia,1,51087,school,600,John Randolph Tucker High
2023-2024,43,Henrico County,678,NA,678,Central Virginia,1,51087,school,130,John Rolfe Middle
2023-2024,43,Henrico County,769,NA,769,Central Virginia,1,51087,school,250,L. Douglas Wilder Middle
2023-2024,43,Henrico County,454,NA,454,Central Virginia,1,51087,school,430,Laburnum Elementary
2023-2024,43,Henrico County,414,NA,414,Central Virginia,1,51087,school,370,Lakeside Elementary
2023-2024,43,Henrico County,475,NA,475,Central Virginia,1,51087,school,50,Longdale Elementary
2023-2024,43,Henrico County,544,NA,544,Central Virginia,1,51087,school,490,Maude Trevvett Elementary
2023-2024,43,Henrico County,662,NA,662,Central Virginia,1,51087,school,540,Maybeury Elementary
2023-2024,43,Henrico County,1740,NA,1740,Central Virginia,1,51087,school,140,Mills E. Godwin High
2023-2024,43,Henrico County,309,NA,309,Central Virginia,1,51087,school,210,Montrose Elementary
2023-2024,43,Henrico County,607,NA,607,Central Virginia,1,51087,school,270,Nuckols Farm Elementary
2023-2024,43,Henrico County,370,NA,370,Central Virginia,1,51087,school,440,Pemberton Elementary
2023-2024,43,Henrico County,539,NA,539,Central Virginia,1,51087,school,570,Pinchbeck Elementary
2023-2024,43,Henrico County,834,NA,834,Central Virginia,1,51087,school,280,Pocahontas Middle
2023-2024,43,Henrico County,1013,NA,1013,Central Virginia,1,51087,school,690,Quioccasin Middle
2023-2024,43,Henrico County,487,NA,487,Central Virginia,1,51087,school,630,R.C. Longan Elementary
2023-2024,43,Henrico County,485,NA,485,Central Virginia,1,51087,school,90,Ridge Elementary
2023-2024,43,Henrico County,725,NA,725,Central Virginia,1,51087,school,240,Rivers Edge Elementary
2023-2024,43,Henrico County,475,NA,475,Central Virginia,1,51087,school,650,Ruby F. Carver Elementary
2023-2024,43,Henrico County,185,NA,185,Central Virginia,1,51087,school,220,Sandston Elementary
2023-2024,43,Henrico County,425,NA,425,Central Virginia,1,51087,school,550,Seven Pines Elementary
2023-2024,43,Henrico County,595,NA,595,Central Virginia,1,51087,school,710,Shady Grove Elementary
2023-2024,43,Henrico County,541,NA,541,Central Virginia,1,51087,school,60,Short Pump Elementary
2023-2024,43,Henrico County,1082,NA,1082,Central Virginia,1,51087,school,80,Short Pump Middle
2023-2024,43,Henrico County,565,NA,565,Central Virginia,1,51087,school,480,Skipwith Elementary
2023-2024,43,Henrico County,645,NA,645,Central Virginia,1,51087,school,230,Springfield Park Elementary
2023-2024,43,Henrico County,299,NA,299,Central Virginia,1,51087,school,10,Three Chopt Elementary
2023-2024,43,Henrico County,642,NA,642,Central Virginia,1,51087,school,360,Tuckahoe Elementary
2023-2024,43,Henrico County,1057,NA,1057,Central Virginia,1,51087,school,520,Tuckahoe Middle
2023-2024,43,Henrico County,538,NA,538,Central Virginia,1,51087,school,310,Twin Hickory Elementary
2023-2024,43,Henrico County,261,NA,261,Central Virginia,1,51087,school,290,Varina Elementary
2023-2024,43,Henrico County,1411,NA,1411,Central Virginia,1,51087,school,580,Varina High
2023-2024,44,Henry County,358,NA,358,Western Virginia,6,51089,school,361,Axton Elementary
2023-2024,44,Henry County,1140,NA,1140,Western Virginia,6,51089,school,10,Bassett High
2023-2024,44,Henry County,265,NA,265,Western Virginia,6,51089,school,590,Campbell Court Elementary
2023-2024,44,Henry County,386,NA,386,Western Virginia,6,51089,school,530,Drewry Mason Elementary
2023-2024,44,Henry County,762,NA,762,Western Virginia,6,51089,school,620,Fieldale-Collinsville Middle
2023-2024,44,Henry County,451,NA,451,Western Virginia,6,51089,school,480,G.W. Carver Elementary
2023-2024,44,Henry County,743,NA,743,Western Virginia,6,51089,school,670,Laurel Park Middle
2023-2024,44,Henry County,1131,NA,1131,Western Virginia,6,51089,school,20,Magna Vista High
2023-2024,44,Henry County,647,NA,647,Western Virginia,6,51089,school,661,Meadow View Elementary
2023-2024,44,Henry County,263,NA,263,Western Virginia,6,51089,school,872,Mount Olivet Elementary
2023-2024,44,Henry County,270,NA,270,Western Virginia,6,51089,school,740,Rich Acres Elementary
2023-2024,44,Henry County,248,NA,248,Western Virginia,6,51089,school,220,Sanville Elementary
2023-2024,44,Henry County,274,NA,274,Western Virginia,6,51089,school,760,Stanleytown Elementary
2023-2024,45,Highland County,112,NA,112,Valley,5,51091,school,110,Highland Elementary
2023-2024,45,Highland County,100,NA,100,Valley,5,51091,school,220,Highland High
2023-2024,114,Hopewell City,818,NA,818,Central Virginia,1,51670,school,110,Carter G. Woodson Middle
2023-2024,114,Hopewell City,574,NA,574,Central Virginia,1,51670,school,40,Dupont Elementary
2023-2024,114,Hopewell City,501,NA,501,Central Virginia,1,51670,school,140,Harry E. James Elementary
2023-2024,114,Hopewell City,1148,NA,1148,Central Virginia,1,51670,school,120,Hopewell High
2023-2024,114,Hopewell City,596,NA,596,Central Virginia,1,51670,school,70,Patrick Copeland Elementary
2023-2024,114,Hopewell City,309,NA,309,Central Virginia,1,51670,school,151,Woodlawn Pre-School Learning Center
2023-2024,46,Isle of Wight County,567,NA,567,Tidewater,2,51093,school,421,Carrollton Elementary
2023-2024,46,Isle of Wight County,234,NA,234,Tidewater,2,51093,school,280,Carrsville Elementary
2023-2024,46,Isle of Wight County,373,NA,373,Tidewater,2,51093,school,422,Georgie D. Tyler Middle
2023-2024,46,Isle of Wight County,632,NA,632,Tidewater,2,51093,school,320,Hardy Elementary
2023-2024,46,Isle of Wight County,1313,2,1315,Tidewater,2,51093,school,40,Smithfield High
2023-2024,46,Isle of Wight County,601,NA,601,Tidewater,2,51093,school,50,Smithfield Middle
2023-2024,46,Isle of Wight County,739,NA,739,Tidewater,2,51093,school,424,Westside Elementary
2023-2024,46,Isle of Wight County,606,NA,606,Tidewater,2,51093,school,240,Windsor Elementary
2023-2024,46,Isle of Wight County,527,NA,527,Tidewater,2,51093,school,250,Windsor High
2023-2024,48,King George County,733,NA,733,Northern Neck,3,51099,school,100,King George Elementary
2023-2024,48,King George County,1493,1,1494,Northern Neck,3,51099,school,120,King George High
2023-2024,48,King George County,1057,NA,1057,Northern Neck,3,51099,school,10,King George Middle
2023-2024,48,King George County,546,NA,546,Northern Neck,3,51099,school,50,Potomac Elementary
2023-2024,48,King George County,714,NA,714,Northern Neck,3,51099,school,221,Sealston Elementary
2023-2024,50,King William County,450,NA,450,Northern Neck,3,51101,school,180,Acquinton Elementary
2023-2024,50,King William County,515,NA,515,Northern Neck,3,51101,school,190,Cool Spring Primary
2023-2024,50,King William County,463,NA,463,Northern Neck,3,51101,school,160,Hamilton Holmes Middle
2023-2024,50,King William County,678,NA,678,Northern Neck,3,51101,school,130,King William High
2023-2024,49,King and Queen County,271,NA,271,Northern Neck,3,51097,school,280,Central High
2023-2024,49,King and Queen County,281,NA,281,Northern Neck,3,51097,school,200,King & Queen Elementary
2023-2024,49,King and Queen County,303,NA,303,Northern Neck,3,51097,school,290,Lawson-Marriott Elementary
2023-2024,51,Lancaster County,71,NA,71,Northern Neck,3,51103,school,310,Lancaster Early Childhood Education Center
2023-2024,51,Lancaster County,541,NA,541,Northern Neck,3,51103,school,110,Lancaster Elementary School
2023-2024,51,Lancaster County,408,NA,408,Northern Neck,3,51103,school,10,Lancaster High
2023-2024,52,Lee County,255,NA,255,Southwest,7,51105,school,160,Dryden Elementary
2023-2024,52,Lee County,308,NA,308,Southwest,7,51105,school,330,Elk Knob Elementary
2023-2024,52,Lee County,137,NA,137,Southwest,7,51105,school,820,Elydale Middle
2023-2024,52,Lee County,333,NA,333,Southwest,7,51105,school,630,Flatwoods Elementary
2023-2024,52,Lee County,238,NA,238,Southwest,7,51105,school,470,Jonesville Middle
2023-2024,52,Lee County,777,NA,777,Southwest,7,51105,school,300,Lee High
2023-2024,52,Lee County,287,NA,287,Southwest,7,51105,school,290,Pennington Middle
2023-2024,52,Lee County,242,NA,242,Southwest,7,51105,school,670,Rose Hill Elementary
2023-2024,52,Lee County,111,NA,111,Southwest,7,51105,school,200,St. Charles Elementary
2023-2024,52,Lee County,283,NA,283,Southwest,7,51105,school,880,Thomas Walker High
2023-2024,137,Lexington City,328,NA,328,Valley,5,51678,school,1390,Harrington Waddell Elementary
2023-2024,137,Lexington City,181,NA,181,Valley,5,51678,school,1440,Lylburn Downing Middle
2023-2024,137,Lexington City,2,NA,2,Valley,5,51678,school,22,Rockbridge County High
2023-2024,53,Loudoun County,94,NA,94,Northern Virginia,4,51107,school,510,Aldie Elementary
2023-2024,53,Loudoun County,446,NA,446,Northern Virginia,4,51107,school,150,Algonkian Elementary
2023-2024,53,Loudoun County,795,NA,795,Northern Virginia,4,51107,school,610,Arcola Elementary
2023-2024,53,Loudoun County,524,NA,524,Northern Virginia,4,51107,school,170,Ashburn Elementary
2023-2024,53,Loudoun County,467,NA,467,Northern Virginia,4,51107,school,220,Ball's Bluff Elementary
2023-2024,53,Loudoun County,144,NA,144,Northern Virginia,4,51107,school,650,Banneker Elementary
2023-2024,53,Loudoun County,1073,1,1074,Northern Virginia,4,51107,school,940,Belmont Ridge Middle
2023-2024,53,Loudoun County,645,NA,645,Northern Virginia,4,51107,school,300,Belmont Station Elementary
2023-2024,53,Loudoun County,734,2,736,Northern Virginia,4,51107,school,790,Blue Ridge Middle
2023-2024,53,Loudoun County,1686,NA,1686,Northern Virginia,4,51107,school,1120,Brambleton Middle
2023-2024,53,Loudoun County,1765,NA,1765,Northern Virginia,4,51107,school,420,Briar Woods High
2023-2024,53,Loudoun County,1589,1,1590,Northern Virginia,4,51107,school,740,Broad Run High
2023-2024,53,Loudoun County,810,NA,810,Northern Virginia,4,51107,school,450,Buffalo Trail Elementary
2023-2024,53,Loudoun County,877,NA,877,Northern Virginia,4,51107,school,460,Cardinal Ridge Elementary
2023-2024,53,Loudoun County,590,NA,590,Northern Virginia,4,51107,school,710,Catoctin Elementary
2023-2024,53,Loudoun County,698,NA,698,Northern Virginia,4,51107,school,840,Cedar Lane Elementary
2023-2024,53,Loudoun County,601,NA,601,Northern Virginia,4,51107,school,160,Cool Spring Elementary
2023-2024,53,Loudoun County,641,NA,641,Northern Virginia,4,51107,school,890,Countryside Elementary
2023-2024,53,Loudoun County,833,NA,833,Northern Virginia,4,51107,school,540,Creighton's Corner Elementary
2023-2024,53,Loudoun County,692,NA,692,Northern Virginia,4,51107,school,1000,Discovery Elementary
2023-2024,53,Loudoun County,1484,NA,1484,Northern Virginia,4,51107,school,31,Dominion High
2023-2024,53,Loudoun County,577,NA,577,Northern Virginia,4,51107,school,470,Dominion Trail Elementary
2023-2024,53,Loudoun County,1279,NA,1279,Northern Virginia,4,51107,school,880,Eagle Ridge Middle
2023-2024,53,Loudoun County,1018,NA,1018,Northern Virginia,4,51107,school,1151,Elaine E. Thompson Elementary
2023-2024,53,Loudoun County,420,NA,420,Northern Virginia,4,51107,school,730,Emerick Elementary
2023-2024,53,Loudoun County,571,NA,571,Northern Virginia,4,51107,school,190,Evergreen Mill Elementary
2023-2024,53,Loudoun County,983,1,984,Northern Virginia,4,51107,school,210,Farmwell Station Middle
2023-2024,53,Loudoun County,537,NA,537,Northern Virginia,4,51107,school,970,Forest Grove Elementary
2023-2024,53,Loudoun County,641,NA,641,Northern Virginia,4,51107,school,91,Frances Hazel Reid Elementary
2023-2024,53,Loudoun County,532,32,564,Northern Virginia,4,51107,school,530,Frederick Douglass Elementary
2023-2024,53,Loudoun County,1971,NA,1971,Northern Virginia,4,51107,school,120,Freedom High
2023-2024,53,Loudoun County,976,NA,976,Northern Virginia,4,51107,school,371,Goshen Post Elementary
2023-2024,53,Loudoun County,538,NA,538,Northern Virginia,4,51107,school,720,Guilford Elementary
2023-2024,53,Loudoun County,168,NA,168,Northern Virginia,4,51107,school,230,Hamilton Elementary
2023-2024,53,Loudoun County,1139,1,1140,Northern Virginia,4,51107,school,921,Harmony Middle
2023-2024,53,Loudoun County,880,1,881,Northern Virginia,4,51107,school,520,Harper Park Middle
2023-2024,53,Loudoun County,1510,31,1541,Northern Virginia,4,51107,school,900,Heritage High
2023-2024,53,Loudoun County,144,NA,144,Northern Virginia,4,51107,school,111,Hillsboro Charter Academy
2023-2024,53,Loudoun County,685,NA,685,Northern Virginia,4,51107,school,400,Hillside Elementary
2023-2024,53,Loudoun County,480,NA,480,Northern Virginia,4,51107,school,820,Horizon Elementary
2023-2024,53,Loudoun County,961,NA,961,Northern Virginia,4,51107,school,1131,Hovatter Elementary
2023-2024,53,Loudoun County,660,55,715,Northern Virginia,4,51107,school,960,Hutchison Farm Elementary
2023-2024,53,Loudoun County,2077,3,2080,Northern Virginia,4,51107,school,1110,Independence High
2023-2024,53,Loudoun County,874,NA,874,Northern Virginia,4,51107,school,20,J. Lupton Simpson Middle
2023-2024,53,Loudoun County,1235,1,1236,Northern Virginia,4,51107,school,580,J. Michael Lunsford Middle
2023-2024,53,Loudoun County,1744,NA,1744,Northern Virginia,4,51107,school,370,John Champe High
2023-2024,53,Loudoun County,615,NA,615,Northern Virginia,4,51107,school,950,John W. Tolbert Jr. Elementary
2023-2024,53,Loudoun County,403,NA,403,Northern Virginia,4,51107,school,600,Kenneth W.Culbert Elementary
2023-2024,53,Loudoun County,423,NA,423,Northern Virginia,4,51107,school,80,Leesburg Elementary
2023-2024,53,Loudoun County,636,NA,636,Northern Virginia,4,51107,school,430,Legacy Elementary
2023-2024,53,Loudoun County,871,NA,871,Northern Virginia,4,51107,school,560,Liberty Elementary
2023-2024,53,Loudoun County,1927,NA,1927,Northern Virginia,4,51107,school,1130,Lightridge High
2023-2024,53,Loudoun County,92,NA,92,Northern Virginia,4,51107,school,290,Lincoln Elementary
2023-2024,53,Loudoun County,709,NA,709,Northern Virginia,4,51107,school,860,Little River Elementary
2023-2024,53,Loudoun County,1407,2,1409,Northern Virginia,4,51107,school,660,Loudoun County High
2023-2024,53,Loudoun County,1178,1,1179,Northern Virginia,4,51107,school,680,Loudoun Valley High
2023-2024,53,Loudoun County,509,NA,509,Northern Virginia,4,51107,school,780,Lovettsville Elementary
2023-2024,53,Loudoun County,541,NA,541,Northern Virginia,4,51107,school,500,Lowes Island Elementary
2023-2024,53,Loudoun County,260,NA,260,Northern Virginia,4,51107,school,130,Lucketts Elementary
2023-2024,53,Loudoun County,874,NA,874,Northern Virginia,4,51107,school,1030,Madison's Trust Elementary
2023-2024,53,Loudoun County,396,62,458,Northern Virginia,4,51107,school,70,Meadowland Elementary
2023-2024,53,Loudoun County,1444,NA,1444,Northern Virginia,4,51107,school,320,Mercer Middle
2023-2024,53,Loudoun County,137,NA,137,Northern Virginia,4,51107,school,1200,Middleburg Community Charter
2023-2024,53,Loudoun County,648,NA,648,Northern Virginia,4,51107,school,910,Mill Run Elementary
2023-2024,53,Loudoun County,951,NA,951,Northern Virginia,4,51107,school,380,Moorefield Station Elementary
2023-2024,53,Loudoun County,664,NA,664,Northern Virginia,4,51107,school,980,Mountain View Elementary
2023-2024,53,Loudoun County,515,64,579,Northern Virginia,4,51107,school,270,Newton-Lee Elementary
2023-2024,53,Loudoun County,1443,NA,1443,Northern Virginia,4,51107,school,60,Park View High
2023-2024,53,Loudoun County,849,NA,849,Northern Virginia,4,51107,school,340,Pinebrook Elementary
2023-2024,53,Loudoun County,1686,NA,1686,Northern Virginia,4,51107,school,140,Potomac Falls High
2023-2024,53,Loudoun County,582,NA,582,Northern Virginia,4,51107,school,250,Potowmack Elementary
2023-2024,53,Loudoun County,1201,NA,1201,Northern Virginia,4,51107,school,930,River Bend Middle
2023-2024,53,Loudoun County,1753,2,1755,Northern Virginia,4,51107,school,1050,Riverside High
2023-2024,53,Loudoun County,1536,1,1537,Northern Virginia,4,51107,school,1060,Rock Ridge High
2023-2024,53,Loudoun County,516,64,580,Northern Virginia,4,51107,school,40,Rolling Ridge Elementary
2023-2024,53,Loudoun County,801,NA,801,Northern Virginia,4,51107,school,550,Rosa Lee Carter Elementary
2023-2024,53,Loudoun County,578,NA,578,Northern Virginia,4,51107,school,180,Round Hill Elementary
2023-2024,53,Loudoun County,459,NA,459,Northern Virginia,4,51107,school,240,Sanders Corner Elementary
2023-2024,53,Loudoun County,527,NA,527,Northern Virginia,4,51107,school,870,Seldens Landing Elementary
2023-2024,53,Loudoun County,868,NA,868,Northern Virginia,4,51107,school,30,Seneca Ridge Middle
2023-2024,53,Loudoun County,869,NA,869,Northern Virginia,4,51107,school,90,Smart's Mill Middle
2023-2024,53,Loudoun County,418,NA,418,Northern Virginia,4,51107,school,690,Sterling Elementary
2023-2024,53,Loudoun County,947,NA,947,Northern Virginia,4,51107,school,760,Sterling Middle
2023-2024,53,Loudoun County,688,NA,688,Northern Virginia,4,51107,school,350,Steuart W. Weller Elementary
2023-2024,53,Loudoun County,1700,3,1703,Northern Virginia,4,51107,school,850,Stone Bridge High
2023-2024,53,Loudoun County,1163,NA,1163,Northern Virginia,4,51107,school,570,Stone Hill Middle
2023-2024,53,Loudoun County,472,NA,472,Northern Virginia,4,51107,school,10,Sugarland Elementary
2023-2024,53,Loudoun County,469,NA,469,Northern Virginia,4,51107,school,750,Sully Elementary
2023-2024,53,Loudoun County,456,NA,456,Northern Virginia,4,51107,school,280,Sycolin Creek Elementary
2023-2024,53,Loudoun County,1160,NA,1160,Northern Virginia,4,51107,school,1040,Trailside Middle
2023-2024,53,Loudoun County,1440,2,1442,Northern Virginia,4,51107,school,200,Tuscarora High
2023-2024,53,Loudoun County,51,NA,51,Northern Virginia,4,51107,school,532,W.O. Robey High
2023-2024,53,Loudoun County,238,NA,238,Northern Virginia,4,51107,school,700,Waterford Elementary
2023-2024,53,Loudoun County,665,NA,665,Northern Virginia,4,51107,school,1140,Waxpool Elementary
2023-2024,53,Loudoun County,1626,NA,1626,Northern Virginia,4,51107,school,360,Willard Middle
2023-2024,53,Loudoun County,1544,5,1549,Northern Virginia,4,51107,school,590,Woodgrove High
2023-2024,54,Louisa County,644,NA,644,Valley,5,51109,school,660,Jouett Elementary
2023-2024,54,Louisa County,1617,NA,1617,Valley,5,51109,school,602,Louisa County High
2023-2024,54,Louisa County,1168,NA,1168,Valley,5,51109,school,601,Louisa County Middle
2023-2024,54,Louisa County,589,NA,589,Valley,5,51109,school,80,Moss-Nuckols Elementary
2023-2024,54,Louisa County,648,NA,648,Valley,5,51109,school,610,Thomas Jefferson Elementary
2023-2024,54,Louisa County,545,NA,545,Valley,5,51109,school,641,Trevilians Elementary
2023-2024,55,Lunenburg County,490,NA,490,Southside,8,51111,school,560,Central High
2023-2024,55,Lunenburg County,359,NA,359,Southside,8,51111,school,240,Kenbridge Elementary
2023-2024,55,Lunenburg County,333,NA,333,Southside,8,51111,school,171,Lunenburg Middle
2023-2024,55,Lunenburg County,400,NA,400,Southside,8,51111,school,140,Victoria Elementary
2023-2024,115,Lynchburg City,412,9,421,Valley,5,51680,school,290,Bedford Hills Elementary
2023-2024,115,Lynchburg City,180,5,185,Valley,5,51680,school,70,Dearington Elementary/Innovation
2023-2024,115,Lynchburg City,1257,NA,1257,Valley,5,51680,school,260,E.C. Glass High
2023-2024,115,Lynchburg City,454,13,467,Valley,5,51680,school,1102,Heritage Elementary
2023-2024,115,Lynchburg City,1080,NA,1080,Valley,5,51680,school,130,Heritage High
2023-2024,115,Lynchburg City,378,3,381,Valley,5,51680,school,360,Linkhorne Elementary
2023-2024,115,Lynchburg City,566,NA,566,Valley,5,51680,school,350,Linkhorne Middle
2023-2024,115,Lynchburg City,533,NA,533,Valley,5,51680,school,170,Paul Laurence Dunbar Middle for Innovation
2023-2024,115,Lynchburg City,344,5,349,Valley,5,51680,school,330,Paul Munro Elementary
2023-2024,115,Lynchburg City,357,3,360,Valley,5,51680,school,270,Perrymont Elementary
2023-2024,115,Lynchburg City,466,6,472,Valley,5,51680,school,190,Robert S. Payne Elementary
2023-2024,115,Lynchburg City,335,10,345,Valley,5,51680,school,370,Sandusky Elementary
2023-2024,115,Lynchburg City,543,NA,543,Valley,5,51680,school,340,Sandusky Middle
2023-2024,115,Lynchburg City,432,10,442,Valley,5,51680,school,300,Sheffield Elementary
2023-2024,115,Lynchburg City,194,NA,194,Valley,5,51680,school,90,T.C. Miller Elementary School for Innovation
2023-2024,115,Lynchburg City,196,4,200,Valley,5,51680,school,250,William M. Bass Elementary
2023-2024,56,Madison County,538,1,539,Northern Virginia,4,51113,school,221,Madison County High
2023-2024,56,Madison County,380,1,381,Northern Virginia,4,51113,school,230,Madison Primary
2023-2024,56,Madison County,346,NA,346,Northern Virginia,4,51113,school,200,Waverly Yowell Elementary
2023-2024,56,Madison County,405,NA,405,Northern Virginia,4,51113,school,222,William H. Wetsel Middle
2023-2024,143,Manassas City,618,69,687,Northern Virginia,4,51683,school,470,Baldwin Elementary
2023-2024,143,Manassas City,251,1,252,Northern Virginia,4,51683,school,471,Baldwin Intermediate
2023-2024,143,Manassas City,479,64,543,Northern Virginia,4,51683,school,60,George Carr Round Elementary
2023-2024,143,Manassas City,1076,NA,1076,Northern Virginia,4,51683,school,70,Grace E. Metz Middle
2023-2024,143,Manassas City,578,73,651,Northern Virginia,4,51683,school,310,Jennie Dean Elementary
2023-2024,143,Manassas City,861,NA,861,Northern Virginia,4,51683,school,80,Mayfield Intermediate
2023-2024,143,Manassas City,2335,NA,2335,Northern Virginia,4,51683,school,370,Osbourn High
2023-2024,143,Manassas City,596,58,654,Northern Virginia,4,51683,school,20,Richard C. Haydon Elementary
2023-2024,143,Manassas City,556,61,617,Northern Virginia,4,51683,school,10,Weems Elementary
2023-2024,144,Manassas Park City,828,NA,828,Northern Virginia,4,51685,school,522,Cougar Elementary
2023-2024,144,Manassas Park City,695,NA,695,Northern Virginia,4,51685,school,420,Manassas Park Elementary
2023-2024,144,Manassas Park City,1128,NA,1128,Northern Virginia,4,51685,school,30,Manassas Park High
2023-2024,144,Manassas Park City,759,NA,759,Northern Virginia,4,51685,school,31,Manassas Park Middle
2023-2024,116,Martinsville City,402,NA,402,Western Virginia,6,51690,school,222,Albert Harris Elementary
2023-2024,116,Martinsville City,114,NA,114,Western Virginia,6,51690,school,224,Clearview Early Learning Center
2023-2024,116,Martinsville City,558,NA,558,Western Virginia,6,51690,school,110,Martinsville High
2023-2024,116,Martinsville City,389,NA,389,Western Virginia,6,51690,school,10,Martinsville Middle
2023-2024,116,Martinsville City,344,NA,344,Western Virginia,6,51690,school,223,Patrick Henry Elementary
2023-2024,57,Mathews County,298,NA,298,Northern Neck,3,51115,school,291,Mathews Elementary
2023-2024,57,Mathews County,298,NA,298,Northern Neck,3,51115,school,190,Mathews High
2023-2024,57,Mathews County,245,NA,245,Northern Neck,3,51115,school,100,Thomas Hunter Middle
2023-2024,58,Mecklenburg County,409,NA,409,Southside,8,51117,school,910,Chase City Elementary
2023-2024,58,Mecklenburg County,430,NA,430,Southside,8,51117,school,1000,Clarksville Elementary
2023-2024,58,Mecklenburg County,366,NA,366,Southside,8,51117,school,1020,LaCrosse Elementary
2023-2024,58,Mecklenburg County,1155,1,1156,Southside,8,51117,school,1041,Mecklenburg County High
2023-2024,58,Mecklenburg County,816,NA,816,Southside,8,51117,school,1040,Mecklenburg County Middle
2023-2024,58,Mecklenburg County,761,NA,761,Southside,8,51117,school,190,South Hill Elementary
2023-2024,59,Middlesex County,600,NA,600,Northern Neck,3,51119,school,291,Middlesex Elementary
2023-2024,59,Middlesex County,356,NA,356,Northern Neck,3,51119,school,90,Middlesex High
2023-2024,59,Middlesex County,270,NA,270,Northern Neck,3,51119,school,140,St. Clare Walker Middle
2023-2024,60,Montgomery County,561,NA,561,Western Virginia,6,51121,school,902,Auburn Elementary
2023-2024,60,Montgomery County,390,NA,390,Western Virginia,6,51121,school,650,Auburn High
2023-2024,60,Montgomery County,308,NA,308,Western Virginia,6,51121,school,903,Auburn Middle
2023-2024,60,Montgomery County,237,NA,237,Western Virginia,6,51121,school,700,Belview Elementary
2023-2024,60,Montgomery County,1314,NA,1314,Western Virginia,6,51121,school,760,Blacksburg High
2023-2024,60,Montgomery County,995,NA,995,Western Virginia,6,51121,school,710,Blacksburg Middle
2023-2024,60,Montgomery County,419,NA,419,Western Virginia,6,51121,school,740,Christiansburg Elementary
2023-2024,60,Montgomery County,1069,NA,1069,Western Virginia,6,51121,school,770,Christiansburg High
2023-2024,60,Montgomery County,763,NA,763,Western Virginia,6,51121,school,671,Christiansburg Middle
2023-2024,60,Montgomery County,389,NA,389,Western Virginia,6,51121,school,780,Christiansburg Primary
2023-2024,60,Montgomery County,373,NA,373,Western Virginia,6,51121,school,30,Eastern Montgomery Elementary
2023-2024,60,Montgomery County,261,NA,261,Western Virginia,6,51121,school,904,Eastern Montgomery High
2023-2024,60,Montgomery County,569,NA,569,Western Virginia,6,51121,school,600,Falling Branch Elementary
2023-2024,60,Montgomery County,312,NA,312,Western Virginia,6,51121,school,750,Gilbert Linkous Elementary
2023-2024,60,Montgomery County,282,NA,282,Western Virginia,6,51121,school,10,Harding Avenue Elementary
2023-2024,60,Montgomery County,370,NA,370,Western Virginia,6,51121,school,901,Kipps Elementary
2023-2024,60,Montgomery County,315,NA,315,Western Virginia,6,51121,school,730,Margaret Beeks Elementary
2023-2024,60,Montgomery County,452,NA,452,Western Virginia,6,51121,school,210,Prices Fork Elementary
2023-2024,60,Montgomery County,212,NA,212,Western Virginia,6,51121,school,290,Shawsville Middle
2023-2024,62,Nelson County,485,NA,485,Valley,5,51125,school,710,Nelson County High
2023-2024,62,Nelson County,359,NA,359,Valley,5,51125,school,730,Nelson Middle
2023-2024,62,Nelson County,292,NA,292,Valley,5,51125,school,10,Rockfish River Elementary
2023-2024,62,Nelson County,359,NA,359,Valley,5,51125,school,20,Tye River Elementary
2023-2024,63,New Kent County,434,NA,434,Central Virginia,1,51127,school,180,George W. Watkins Elementary
2023-2024,63,New Kent County,644,NA,644,Central Virginia,1,51127,school,10,New Kent Elementary
2023-2024,63,New Kent County,1116,NA,1116,Central Virginia,1,51127,school,20,New Kent High
2023-2024,63,New Kent County,822,NA,822,Central Virginia,1,51127,school,100,New Kent Middle
2023-2024,63,New Kent County,520,NA,520,Central Virginia,1,51127,school,300,Quinton Elementary
2023-2024,117,Newport News City,621,NA,621,Tidewater,2,51700,school,1404,Achievable Dream Academy
2023-2024,117,Newport News City,486,NA,486,Tidewater,2,51700,school,1405,Achievable Dream Middle/High
2023-2024,117,Newport News City,397,NA,397,Tidewater,2,51700,school,1250,B.C. Charles Elementary
2023-2024,117,Newport News City,427,NA,427,Tidewater,2,51700,school,110,B.T. Washington Middle
2023-2024,117,Newport News City,584,NA,584,Tidewater,2,51700,school,1170,Carver Elementary
2023-2024,117,Newport News City,851,NA,851,Tidewater,2,51700,school,1393,Crittenden Middle
2023-2024,117,Newport News City,381,NA,381,Tidewater,2,51700,school,50,David A. Dutrow Elementary
2023-2024,117,Newport News City,461,1,462,Tidewater,2,51700,school,1398,Deer Park Elementary
2023-2024,117,Newport News City,394,NA,394,Tidewater,2,51700,school,1402,Denbigh Early Childhood Center
2023-2024,117,Newport News City,1260,NA,1260,Tidewater,2,51700,school,280,Denbigh High
2023-2024,117,Newport News City,550,NA,550,Tidewater,2,51700,school,130,Discovery STEM Academy
2023-2024,117,Newport News City,971,NA,971,Tidewater,2,51700,school,20,Ella J. Fitzgerald Middle
2023-2024,117,Newport News City,1099,NA,1099,Tidewater,2,51700,school,1260,Ethel M. Gildersleeve Middle
2023-2024,117,Newport News City,468,NA,468,Tidewater,2,51700,school,1407,General Stanford Elementary
2023-2024,117,Newport News City,462,NA,462,Tidewater,2,51700,school,70,George J. McIntosh Elementary
2023-2024,117,Newport News City,1079,NA,1079,Tidewater,2,51700,school,1395,Heritage High
2023-2024,117,Newport News City,521,NA,521,Tidewater,2,51700,school,1210,Hidenwood Elementary
2023-2024,117,Newport News City,401,NA,401,Tidewater,2,51700,school,1080,Hilton Elementary
2023-2024,117,Newport News City,846,1,847,Tidewater,2,51700,school,1270,Homer L. Hines Middle
2023-2024,117,Newport News City,271,NA,271,Tidewater,2,51700,school,91,Huntington Middle
2023-2024,117,Newport News City,232,NA,232,Tidewater,2,51700,school,1411,John Marshall Early Childhood Center
2023-2024,117,Newport News City,672,NA,672,Tidewater,2,51700,school,300,Joseph H. Saunders Elementary
2023-2024,117,Newport News City,526,NA,526,Tidewater,2,51700,school,1180,Katherine Johnson Elementary
2023-2024,117,Newport News City,556,NA,556,Tidewater,2,51700,school,1290,Kiln Creek Elementary
2023-2024,117,Newport News City,439,NA,439,Tidewater,2,51700,school,310,Knollwood Meadows Elementary
2023-2024,117,Newport News City,477,NA,477,Tidewater,2,51700,school,200,L.F. Palmer Elementary
2023-2024,117,Newport News City,976,NA,976,Tidewater,2,51700,school,1400,Mary Passage Middle
2023-2024,117,Newport News City,1761,NA,1761,Tidewater,2,51700,school,1220,Menchville High
2023-2024,117,Newport News City,435,NA,435,Tidewater,2,51700,school,1120,Newsome Park Elementary
2023-2024,117,Newport News City,541,NA,541,Tidewater,2,51700,school,150,Oliver C. Greenwood Elementary
2023-2024,117,Newport News City,422,NA,422,Tidewater,2,51700,school,270,Richard T. Yates Elementary
2023-2024,117,Newport News City,513,NA,513,Tidewater,2,51700,school,1230,Richneck Elementary
2023-2024,117,Newport News City,496,NA,496,Tidewater,2,51700,school,1150,Riverside Elementary
2023-2024,117,Newport News City,458,NA,458,Tidewater,2,51700,school,250,Sedgefield Elementary
2023-2024,117,Newport News City,512,NA,512,Tidewater,2,51700,school,1240,Stoney Run Elementary
2023-2024,117,Newport News City,454,NA,454,Tidewater,2,51700,school,290,T. Ryland Sanford Elementary
2023-2024,117,Newport News City,1607,NA,1607,Tidewater,2,51700,school,1070,Warwick High
2023-2024,117,Newport News City,322,NA,322,Tidewater,2,51700,school,1410,Watkins Early Childhood Center
2023-2024,117,Newport News City,472,NA,472,Tidewater,2,51700,school,320,Willis A. Jenkins Elementary
2023-2024,117,Newport News City,1816,NA,1816,Tidewater,2,51700,school,1396,Woodside High
2023-2024,118,Norfolk City,730,NA,730,Tidewater,2,51710,school,185,Academy for Discovery at Lakewood
2023-2024,118,Norfolk City,808,NA,808,Tidewater,2,51710,school,760,Azalea Gardens Middle
2023-2024,118,Norfolk City,502,NA,502,Tidewater,2,51710,school,250,Bay View Elementary
2023-2024,118,Norfolk City,172,NA,172,Tidewater,2,51710,school,510,Berkley/Campostella Early Childhood Education Center
2023-2024,118,Norfolk City,1072,NA,1072,Tidewater,2,51710,school,20,Blair Middle
2023-2024,118,Norfolk City,955,NA,955,Tidewater,2,51710,school,880,Booker T Washington High
2023-2024,118,Norfolk City,401,NA,401,Tidewater,2,51710,school,40,Camp Allen Elementary
2023-2024,118,Norfolk City,302,NA,302,Tidewater,2,51710,school,220,Chesterfield Elementary
2023-2024,118,Norfolk City,560,NA,560,Tidewater,2,51710,school,550,Coleman Place Elementary
2023-2024,118,Norfolk City,750,NA,750,Tidewater,2,51710,school,560,Crossroads PreK-8 School
2023-2024,118,Norfolk City,165,NA,165,Tidewater,2,51710,school,740,Easton Preschool at Fairlawn
2023-2024,118,Norfolk City,501,NA,501,Tidewater,2,51710,school,90,Ghent K-8
2023-2024,118,Norfolk City,486,NA,486,Tidewater,2,51710,school,420,Granby Elementary
2023-2024,118,Norfolk City,1850,NA,1850,Tidewater,2,51710,school,390,Granby High
2023-2024,118,Norfolk City,558,NA,558,Tidewater,2,51710,school,610,Ingleside Elementary
2023-2024,118,Norfolk City,568,NA,568,Tidewater,2,51710,school,430,Jacox Elementary
2023-2024,118,Norfolk City,262,NA,262,Tidewater,2,51710,school,131,James Monroe Elementary
2023-2024,118,Norfolk City,681,NA,681,Tidewater,2,51710,school,790,Lake Taylor
2023-2024,118,Norfolk City,1136,NA,1136,Tidewater,2,51710,school,840,Lake Taylor High
2023-2024,118,Norfolk City,490,NA,490,Tidewater,2,51710,school,210,Larchmont Elementary
2023-2024,118,Norfolk City,576,NA,576,Tidewater,2,51710,school,670,Larrymore Elementary
2023-2024,118,Norfolk City,242,NA,242,Tidewater,2,51710,school,520,Lindenwood Elementary
2023-2024,118,Norfolk City,592,NA,592,Tidewater,2,51710,school,682,Little Creek Elementary
2023-2024,118,Norfolk City,426,NA,426,Tidewater,2,51710,school,460,Mary Calcott Elementary
2023-2024,118,Norfolk City,1737,NA,1737,Tidewater,2,51710,school,10,Matthew Fontaine Maury High
2023-2024,118,Norfolk City,767,NA,767,Tidewater,2,51710,school,490,Northside Middle
2023-2024,118,Norfolk City,375,NA,375,Tidewater,2,51710,school,620,Norview Elementary
2023-2024,118,Norfolk City,1822,NA,1822,Tidewater,2,51710,school,580,Norview High
2023-2024,118,Norfolk City,1152,NA,1152,Tidewater,2,51710,school,570,Norview Middle
2023-2024,118,Norfolk City,504,NA,504,Tidewater,2,51710,school,190,Ocean View Elementary
2023-2024,118,Norfolk City,422,NA,422,Tidewater,2,51710,school,630,Oceanair Elementary
2023-2024,118,Norfolk City,217,NA,217,Tidewater,2,51710,school,530,P.B. Young Sr. Elementary
2023-2024,118,Norfolk City,462,NA,462,Tidewater,2,51710,school,480,Richard Bowling Elementary
2023-2024,118,Norfolk City,540,NA,540,Tidewater,2,51710,school,30,Ruffner School
2023-2024,118,Norfolk City,523,NA,523,Tidewater,2,51710,school,850,Sewells Point Elementary
2023-2024,118,Norfolk City,439,NA,439,Tidewater,2,51710,school,650,Sherwood Forest Elementary
2023-2024,118,Norfolk City,701,NA,701,Tidewater,2,51710,school,770,Southside STEM Academy at Campostella
2023-2024,118,Norfolk City,230,NA,230,Tidewater,2,51710,school,820,St. Helena Elementary
2023-2024,118,Norfolk City,447,NA,447,Tidewater,2,51710,school,500,Suburban Park Elementary
2023-2024,118,Norfolk City,517,NA,517,Tidewater,2,51710,school,100,Tanners Creek Elementary
2023-2024,118,Norfolk City,300,NA,300,Tidewater,2,51710,school,800,Tarrallton Elementary
2023-2024,118,Norfolk City,343,NA,343,Tidewater,2,51710,school,150,Walter Herron Taylor Elementary
2023-2024,118,Norfolk City,449,NA,449,Tidewater,2,51710,school,471,Willard Elementary
2023-2024,118,Norfolk City,152,NA,152,Tidewater,2,51710,school,860,Willoughby Early Childhood Center
2023-2024,65,Northampton County,325,NA,325,Tidewater,2,51131,school,452,Kiptopeke Elementary
2023-2024,65,Northampton County,420,NA,420,Tidewater,2,51131,school,350,Northampton High
2023-2024,65,Northampton County,221,NA,221,Tidewater,2,51131,school,360,Northampton Middle
2023-2024,65,Northampton County,368,NA,368,Tidewater,2,51131,school,451,Occohannock Elementary
2023-2024,66,Northumberland County,533,NA,533,Northern Neck,3,51133,school,331,Northumberland Elementary
2023-2024,66,Northumberland County,378,1,379,Northern Neck,3,51133,school,40,Northumberland High
2023-2024,66,Northumberland County,251,NA,251,Northern Neck,3,51133,school,210,Northumberland Middle
2023-2024,119,Norton City,316,NA,316,Southwest,7,51720,school,20,J.I. Burton High
2023-2024,119,Norton City,491,NA,491,Southwest,7,51720,school,40,Norton Elementary
2023-2024,67,Nottoway County,373,NA,373,Southside,8,51135,school,340,Blackstone Primary
2023-2024,67,Nottoway County,376,NA,376,Southside,8,51135,school,330,Crewe Primary
2023-2024,67,Nottoway County,537,NA,537,Southside,8,51135,school,301,Nottoway High
2023-2024,67,Nottoway County,284,NA,284,Southside,8,51135,school,300,Nottoway Intermediate
2023-2024,67,Nottoway County,248,NA,248,Southside,8,51135,school,302,Nottoway Middle
2023-2024,68,Orange County,344,NA,344,Northern Virginia,4,51137,school,360,Gordon-Barbour Elementary
2023-2024,68,Orange County,249,NA,249,Northern Virginia,4,51137,school,70,Lightfoot Elementary
2023-2024,68,Orange County,518,NA,518,Northern Virginia,4,51137,school,50,Locust Grove Elementary
2023-2024,68,Orange County,680,NA,680,Northern Virginia,4,51137,school,471,Locust Grove Middle
2023-2024,68,Orange County,484,NA,484,Northern Virginia,4,51137,school,51,Locust Grove Primary
2023-2024,68,Orange County,1463,1,1464,Northern Virginia,4,51137,school,330,Orange County High
2023-2024,68,Orange County,644,NA,644,Northern Virginia,4,51137,school,370,Orange Elementary
2023-2024,68,Orange County,448,NA,448,Northern Virginia,4,51137,school,340,Prospect Heights Middle
2023-2024,68,Orange County,251,NA,251,Northern Virginia,4,51137,school,350,Unionville Elementary
2023-2024,69,Page County,482,NA,482,Northern Virginia,4,51139,school,350,Luray Elementary
2023-2024,69,Page County,485,NA,485,Northern Virginia,4,51139,school,110,Luray High
2023-2024,69,Page County,299,NA,299,Northern Virginia,4,51139,school,400,Luray Middle
2023-2024,69,Page County,513,NA,513,Northern Virginia,4,51139,school,380,Page County High
2023-2024,69,Page County,333,NA,333,Northern Virginia,4,51139,school,390,Page County Middle
2023-2024,69,Page County,329,NA,329,Northern Virginia,4,51139,school,310,Shenandoah Elementary
2023-2024,69,Page County,222,NA,222,Northern Virginia,4,51139,school,50,Springfield Elementary
2023-2024,69,Page County,348,NA,348,Northern Virginia,4,51139,school,210,Stanley Elementary
2023-2024,70,Patrick County,226,NA,226,Western Virginia,6,51141,school,440,Blue Ridge Elementary
2023-2024,70,Patrick County,199,NA,199,Western Virginia,6,51141,school,350,Hardin Reynolds Memorial School
2023-2024,70,Patrick County,334,NA,334,Western Virginia,6,51141,school,150,Meadows of Dan Elementary
2023-2024,70,Patrick County,830,NA,830,Western Virginia,6,51141,school,700,Patrick County High
2023-2024,70,Patrick County,245,NA,245,Western Virginia,6,51141,school,680,Patrick Springs Primary
2023-2024,70,Patrick County,386,NA,386,Western Virginia,6,51141,school,320,Stuart Elementary
2023-2024,70,Patrick County,159,NA,159,Western Virginia,6,51141,school,80,Woolwine Elementary
2023-2024,120,Petersburg City,529,NA,529,Central Virginia,1,51730,school,110,Cool Spring Elementary
2023-2024,120,Petersburg City,404,NA,404,Central Virginia,1,51730,school,170,Lakemont Elementary
2023-2024,120,Petersburg City,1171,NA,1171,Central Virginia,1,51730,school,200,Petersburg High
2023-2024,120,Petersburg City,515,NA,515,Central Virginia,1,51730,school,180,Pleasants Lane Elementary
2023-2024,120,Petersburg City,901,NA,901,Central Virginia,1,51730,school,121,Vernon Johns Middle
2023-2024,120,Petersburg City,539,NA,539,Central Virginia,1,51730,school,130,Walnut Hill Elementary
2023-2024,120,Petersburg City,405,NA,405,Central Virginia,1,51730,school,160,Westview Early Childhood Education Center
2023-2024,71,Pittsylvania County,226,NA,226,Western Virginia,6,51143,school,1853,Brosville Elementary
2023-2024,71,Pittsylvania County,235,NA,235,Western Virginia,6,51143,school,640,Chatham Elementary
2023-2024,71,Pittsylvania County,617,NA,617,Western Virginia,6,51143,school,1720,Chatham High
2023-2024,71,Pittsylvania County,411,NA,411,Western Virginia,6,51143,school,1660,Chatham Middle
2023-2024,71,Pittsylvania County,589,NA,589,Western Virginia,6,51143,school,1680,Dan River High
2023-2024,71,Pittsylvania County,449,NA,449,Western Virginia,6,51143,school,1090,Dan River Middle
2023-2024,71,Pittsylvania County,453,NA,453,Western Virginia,6,51143,school,280,Gretna Elementary
2023-2024,71,Pittsylvania County,539,1,540,Western Virginia,6,51143,school,1700,Gretna High
2023-2024,71,Pittsylvania County,398,NA,398,Western Virginia,6,51143,school,290,Gretna Middle
2023-2024,71,Pittsylvania County,253,NA,253,Western Virginia,6,51143,school,30,John L. Hurt Elementary
2023-2024,71,Pittsylvania County,477,NA,477,Western Virginia,6,51143,school,1690,Kentuck Elementary
2023-2024,71,Pittsylvania County,142,NA,142,Western Virginia,6,51143,school,1750,Mount Airy Elementary
2023-2024,71,Pittsylvania County,422,NA,422,Western Virginia,6,51143,school,1460,Southside Elementary
2023-2024,71,Pittsylvania County,405,NA,405,Western Virginia,6,51143,school,1710,Stony Mill Elementary
2023-2024,71,Pittsylvania County,850,NA,850,Western Virginia,6,51143,school,1730,Tunstall High
2023-2024,71,Pittsylvania County,566,NA,566,Western Virginia,6,51143,school,1130,Tunstall Middle
2023-2024,71,Pittsylvania County,643,NA,643,Western Virginia,6,51143,school,1851,Twin Springs Elementary
2023-2024,71,Pittsylvania County,185,NA,185,Western Virginia,6,51143,school,1740,Union Hall Elementary
2023-2024,142,Poquoson City,452,NA,452,Tidewater,2,51735,school,150,Poquoson Elementary
2023-2024,142,Poquoson City,669,NA,669,Tidewater,2,51735,school,10,Poquoson High
2023-2024,142,Poquoson City,487,NA,487,Tidewater,2,51735,school,130,Poquoson Middle
2023-2024,142,Poquoson City,430,32,462,Tidewater,2,51735,school,160,Poquoson Primary
2023-2024,121,Portsmouth City,445,NA,445,Tidewater,2,51740,school,1766,Brighton Elementary
2023-2024,121,Portsmouth City,600,NA,600,Tidewater,2,51740,school,321,Churchland Academy Elementary
2023-2024,121,Portsmouth City,760,NA,760,Tidewater,2,51740,school,650,Churchland Elementary
2023-2024,121,Portsmouth City,1452,NA,1452,Tidewater,2,51740,school,500,Churchland High
2023-2024,121,Portsmouth City,840,NA,840,Tidewater,2,51740,school,320,Churchland Middle
2023-2024,121,Portsmouth City,114,NA,114,Tidewater,2,51740,school,322,Churchland Preschool Center
2023-2024,121,Portsmouth City,511,NA,511,Tidewater,2,51740,school,160,Churchland Primary & Intermediate
2023-2024,121,Portsmouth City,606,NA,606,Tidewater,2,51740,school,1400,Cradock Elementary
2023-2024,121,Portsmouth City,526,NA,526,Tidewater,2,51740,school,1130,Cradock Middle
2023-2024,121,Portsmouth City,528,NA,528,Tidewater,2,51740,school,190,Douglass Park Elementary
2023-2024,121,Portsmouth City,457,NA,457,Tidewater,2,51740,school,1630,Hodges Manor Elementary
2023-2024,121,Portsmouth City,1027,NA,1027,Tidewater,2,51740,school,240,I.C. Norcom High
2023-2024,121,Portsmouth City,405,NA,405,Tidewater,2,51740,school,1650,Lakeview Elementary
2023-2024,121,Portsmouth City,1167,NA,1167,Tidewater,2,51740,school,1660,Manor High
2023-2024,121,Portsmouth City,227,NA,227,Tidewater,2,51740,school,1768,Mount Hermon Preschool Center
2023-2024,121,Portsmouth City,194,NA,194,Tidewater,2,51740,school,1770,Olive Branch Preschool Center
2023-2024,121,Portsmouth City,473,NA,473,Tidewater,2,51740,school,60,Park View Elementary
2023-2024,121,Portsmouth City,609,NA,609,Tidewater,2,51740,school,290,Simonsdale Elementary
2023-2024,121,Portsmouth City,570,NA,570,Tidewater,2,51740,school,1769,Victory Elementary
2023-2024,121,Portsmouth City,615,NA,615,Tidewater,2,51740,school,230,Waterview Elementary
2023-2024,121,Portsmouth City,474,NA,474,Tidewater,2,51740,school,210,Westhaven Elementary
2023-2024,121,Portsmouth City,562,NA,562,Tidewater,2,51740,school,310,William E. Waters Middle
2023-2024,72,Powhatan County,664,NA,664,Central Virginia,1,51145,school,21,Flat Rock Elementary
2023-2024,72,Powhatan County,747,NA,747,Central Virginia,1,51145,school,231,Pocahontas Elementary
2023-2024,72,Powhatan County,444,NA,444,Central Virginia,1,51145,school,13,Powhatan Elementary
2023-2024,72,Powhatan County,1383,2,1385,Central Virginia,1,51145,school,11,Powhatan High
2023-2024,72,Powhatan County,980,2,982,Central Virginia,1,51145,school,130,Powhatan Middle
2023-2024,73,Prince Edward County,525,NA,525,Southside,8,51147,school,400,Prince Edward County High
2023-2024,73,Prince Edward County,776,2,778,Southside,8,51147,school,10,Prince Edward Elementary
2023-2024,73,Prince Edward County,513,NA,513,Southside,8,51147,school,20,Prince Edward Middle
2023-2024,74,Prince George County,581,NA,581,Central Virginia,1,51149,school,340,David A. Harrison Elementary
2023-2024,74,Prince George County,1395,NA,1395,Central Virginia,1,51149,school,320,J.E.J. Moore Middle
2023-2024,74,Prince George County,496,NA,496,Central Virginia,1,51149,school,310,L.L. Beazley Elementary
2023-2024,74,Prince George County,741,NA,741,Central Virginia,1,51149,school,280,Middle Road Elementary
2023-2024,74,Prince George County,720,NA,720,Central Virginia,1,51149,school,290,North Elementary
2023-2024,74,Prince George County,1818,NA,1818,Central Virginia,1,51149,school,20,Prince George High
2023-2024,74,Prince George County,430,NA,430,Central Virginia,1,51149,school,300,South Elementary
2023-2024,75,Prince William County,820,NA,820,Northern Virginia,4,51153,school,330,A. Henderson Elementary
2023-2024,75,Prince William County,744,NA,744,Northern Virginia,4,51153,school,760,Antietam Elementary
2023-2024,75,Prince William County,768,NA,768,Northern Virginia,4,51153,school,200,Ashland Elementary
2023-2024,75,Prince William County,2137,2,2139,Northern Virginia,4,51153,school,290,Battlefield High
2023-2024,75,Prince William County,418,NA,418,Northern Virginia,4,51153,school,670,Bel Air Elementary
2023-2024,75,Prince William County,504,NA,504,Northern Virginia,4,51153,school,600,Belmont Elementary
2023-2024,75,Prince William County,744,NA,744,Northern Virginia,4,51153,school,840,Bennett Elementary
2023-2024,75,Prince William County,862,1,863,Northern Virginia,4,51153,school,530,Brentsville District High
2023-2024,75,Prince William County,595,NA,595,Northern Virginia,4,51153,school,860,Bristow Run Elementary
2023-2024,75,Prince William County,757,NA,757,Northern Virginia,4,51153,school,950,Buckland Mills Elementary
2023-2024,75,Prince William County,1094,NA,1094,Northern Virginia,4,51153,school,920,Bull Run Middle
2023-2024,75,Prince William County,673,NA,673,Northern Virginia,4,51153,school,620,C.A. Sinclair Elementary
2023-2024,75,Prince William County,1912,NA,1912,Northern Virginia,4,51153,school,710,C.D. Hylton High
2023-2024,75,Prince William County,510,NA,510,Northern Virginia,4,51153,school,900,Cedar Point Elementary
2023-2024,75,Prince William County,2949,1,2950,Northern Virginia,4,51153,school,5010,Charles J. Colgan Sr. High
2023-2024,75,Prince William County,778,NA,778,Northern Virginia,4,51153,school,970,Chris Yung Elementary
2023-2024,75,Prince William County,413,NA,413,Northern Virginia,4,51153,school,660,Coles Elementary
2023-2024,75,Prince William County,948,NA,948,Northern Virginia,4,51153,school,309,Covington-Harper Elementary
2023-2024,75,Prince William County,422,NA,422,Northern Virginia,4,51153,school,610,Dale City Elementary
2023-2024,75,Prince William County,468,NA,468,Northern Virginia,4,51153,school,280,Dumfries Elementary
2023-2024,75,Prince William County,1182,NA,1182,Northern Virginia,4,51153,school,490,E.H. Marsteller Middle
2023-2024,75,Prince William County,577,NA,577,Northern Virginia,4,51153,school,580,Elizabeth Vaughan Elementary
2023-2024,75,Prince William County,391,NA,391,Northern Virginia,4,51153,school,120,Enterprise Elementary
2023-2024,75,Prince William County,883,NA,883,Northern Virginia,4,51153,school,370,Fannie W. Fitzgerald Elementary
2023-2024,75,Prince William County,471,NA,471,Northern Virginia,4,51153,school,450,Featherstone Elementary
2023-2024,75,Prince William County,2327,1,2328,Northern Virginia,4,51153,school,870,Forest Park High
2023-2024,75,Prince William County,971,NA,971,Northern Virginia,4,51153,school,520,Fred M. Lynn Middle
2023-2024,75,Prince William County,2349,NA,2349,Northern Virginia,4,51153,school,300,Freedom High
2023-2024,75,Prince William County,2438,2,2440,Northern Virginia,4,51153,school,5130,Gainesville High
2023-2024,75,Prince William County,1363,1,1364,Northern Virginia,4,51153,school,960,Gainesville Middle
2023-2024,75,Prince William County,2568,NA,2568,Northern Virginia,4,51153,school,690,Gar-Field High
2023-2024,75,Prince William County,468,NA,468,Northern Virginia,4,51153,school,630,George G. Tyler Elementary
2023-2024,75,Prince William County,847,NA,847,Northern Virginia,4,51153,school,640,George M. Hampton Middle
2023-2024,75,Prince William County,662,NA,662,Northern Virginia,4,51153,school,770,George P. Mullen Elementary
2023-2024,75,Prince William County,568,NA,568,Northern Virginia,4,51153,school,340,Glenkirk Elementary
2023-2024,75,Prince William County,685,NA,685,Northern Virginia,4,51153,school,510,Graham Park Middle
2023-2024,75,Prince William County,969,NA,969,Northern Virginia,4,51153,school,250,Haymarket Elementary
2023-2024,75,Prince William County,1202,NA,1202,Northern Virginia,4,51153,school,380,Herbert J. Saunders Middle
2023-2024,75,Prince William County,478,NA,478,Northern Virginia,4,51153,school,317,Innovation Elementary
2023-2024,75,Prince William County,570,NA,570,Northern Virginia,4,51153,school,220,J.W. Alvey Elementary
2023-2024,75,Prince William County,645,NA,645,Northern Virginia,4,51153,school,319,John D. Jenkins Elementary
2023-2024,75,Prince William County,895,NA,895,Northern Virginia,4,51153,school,130,John F. Pattie Sr. Elementary
2023-2024,75,Prince William County,334,NA,334,Northern Virginia,4,51153,school,70,Kerrydale Elementary
2023-2024,75,Prince William County,885,NA,885,Northern Virginia,4,51153,school,306,Kyle R. Wilson Elementary
2023-2024,75,Prince William County,706,NA,706,Northern Virginia,4,51153,school,180,Lake Ridge Elementary
2023-2024,75,Prince William County,1405,1,1406,Northern Virginia,4,51153,school,720,Lake Ridge Middle
2023-2024,75,Prince William County,756,NA,756,Northern Virginia,4,51153,school,830,Leesylvania Elementary
2023-2024,75,Prince William County,497,NA,497,Northern Virginia,4,51153,school,460,Loch Lomond Elementary
2023-2024,75,Prince William County,1358,1,1359,Northern Virginia,4,51153,school,880,Louise A. Benton Middle
2023-2024,75,Prince William County,424,NA,424,Northern Virginia,4,51153,school,160,Martin Luther King Jr. Elementary
2023-2024,75,Prince William County,558,NA,558,Northern Virginia,4,51153,school,570,Marumsco Hills Elementary
2023-2024,75,Prince William County,675,NA,675,Northern Virginia,4,51153,school,231,Mary G. Porter Traditional
2023-2024,75,Prince William County,698,NA,698,Northern Virginia,4,51153,school,240,Mary Williams Elementary
2023-2024,75,Prince William County,597,NA,597,Northern Virginia,4,51153,school,30,Minnieville Elementary
2023-2024,75,Prince William County,603,NA,603,Northern Virginia,4,51153,school,800,Montclair Elementary
2023-2024,75,Prince William County,451,NA,451,Northern Virginia,4,51153,school,810,Mountain View Elementary
2023-2024,75,Prince William County,631,NA,631,Northern Virginia,4,51153,school,700,Neabsco Elementary
2023-2024,75,Prince William County,584,NA,584,Northern Virginia,4,51153,school,260,Occoquan Elementary
2023-2024,75,Prince William County,494,NA,494,Northern Virginia,4,51153,school,820,Old Bridge Elementary
2023-2024,75,Prince William County,2743,1,2744,Northern Virginia,4,51153,school,80,Osbourn Park High
2023-2024,75,Prince William County,1399,NA,1399,Northern Virginia,4,51153,school,501,Parkside Middle
2023-2024,75,Prince William County,2069,4,2073,Northern Virginia,4,51153,school,1060,Patriot High
2023-2024,75,Prince William County,651,NA,651,Northern Virginia,4,51153,school,945,Pennington Traditional
2023-2024,75,Prince William County,777,NA,777,Northern Virginia,4,51153,school,110,Piney Branch Elementary
2023-2024,75,Prince William County,2174,NA,2174,Northern Virginia,4,51153,school,140,Potomac High
2023-2024,75,Prince William County,985,1,986,Northern Virginia,4,51153,school,170,Potomac Middle
2023-2024,75,Prince William County,1227,NA,1227,Northern Virginia,4,51153,school,414,Potomac Shores Middle
2023-2024,75,Prince William County,558,NA,558,Northern Virginia,4,51153,school,550,Potomac View Elementary
2023-2024,75,Prince William County,605,NA,605,Northern Virginia,4,51153,school,440,R. Dean Kilby Elementary
2023-2024,75,Prince William County,1176,NA,1176,Northern Virginia,4,51153,school,591,Rippon Middle
2023-2024,75,Prince William County,671,NA,671,Northern Virginia,4,51153,school,750,River Oaks Elementary
2023-2024,75,Prince William County,492,NA,492,Northern Virginia,4,51153,school,40,Rockledge Elementary
2023-2024,75,Prince William County,1344,NA,1344,Northern Virginia,4,51153,school,310,Ronald Wilson Reagan Middle
2023-2024,75,Prince William County,617,NA,617,Northern Virginia,4,51153,school,941,Rosa Parks Elementary
2023-2024,75,Prince William County,796,NA,796,Northern Virginia,4,51153,school,360,Samuel L. Gravely Jr. Elementary
2023-2024,75,Prince William County,394,NA,394,Northern Virginia,4,51153,school,730,Sharon C. McAuliffe Elementary
2023-2024,75,Prince William County,793,NA,793,Northern Virginia,4,51153,school,500,Signal Hill Elementary
2023-2024,75,Prince William County,715,NA,715,Northern Virginia,4,51153,school,850,Sonnie Penn Elementary
2023-2024,75,Prince William County,902,NA,902,Northern Virginia,4,51153,school,320,Springwoods Elementary
2023-2024,75,Prince William County,1125,NA,1125,Northern Virginia,4,51153,school,780,Stuart M. Beville Middle
2023-2024,75,Prince William County,610,NA,610,Northern Virginia,4,51153,school,20,Sudley Elementary
2023-2024,75,Prince William County,381,NA,381,Northern Virginia,4,51153,school,270,Suella G. Ellis Elementary
2023-2024,75,Prince William County,630,NA,630,Northern Virginia,4,51153,school,890,Swans Creek Elementary
2023-2024,75,Prince William County,778,NA,778,Northern Virginia,4,51153,school,470,T. Clay Wood Elementary
2023-2024,75,Prince William County,1175,1,1176,Northern Virginia,4,51153,school,150,The Nokesville School
2023-2024,75,Prince William County,656,NA,656,Northern Virginia,4,51153,school,790,Thurgood Marshall Elementary
2023-2024,75,Prince William County,827,NA,827,Northern Virginia,4,51153,school,430,Triangle Elementary
2023-2024,75,Prince William County,1027,1,1028,Northern Virginia,4,51153,school,480,Unity Braxton Middle
2023-2024,75,Prince William County,2174,NA,2174,Northern Virginia,4,51153,school,680,Unity Reed High
2023-2024,75,Prince William County,657,NA,657,Northern Virginia,4,51153,school,390,Victory Elementary
2023-2024,75,Prince William County,521,NA,521,Northern Virginia,4,51153,school,540,West Gate Elementary
2023-2024,75,Prince William County,655,NA,655,Northern Virginia,4,51153,school,740,Westridge Elementary
2023-2024,75,Prince William County,NA,NA,NA,Northern Virginia,4,51153,school,190,Woodbine Pre-School Center
2023-2024,75,Prince William County,2918,5,2923,Northern Virginia,4,51153,school,60,Woodbridge High
2023-2024,75,Prince William County,897,NA,897,Northern Virginia,4,51153,school,560,Woodbridge Middle
2023-2024,75,Prince William County,831,NA,831,Northern Virginia,4,51153,school,350,Yorkshire Elementary
2023-2024,77,Pulaski County,390,NA,390,Southwest,7,51155,school,20,Critzer Elementary
2023-2024,77,Pulaski County,414,NA,414,Southwest,7,51155,school,540,Dublin Elementary
2023-2024,77,Pulaski County,797,NA,797,Southwest,7,51155,school,560,Pulaski County Middle
2023-2024,77,Pulaski County,483,NA,483,Southwest,7,51155,school,101,Pulaski County Public Schools Virtual School K-12
2023-2024,77,Pulaski County,1191,NA,1191,Southwest,7,51155,school,10,Pulaski County Senior High
2023-2024,77,Pulaski County,492,NA,492,Southwest,7,51155,school,230,Pulaski Elementary
2023-2024,77,Pulaski County,381,NA,381,Southwest,7,51155,school,500,Riverlawn Elementary
2023-2024,77,Pulaski County,213,NA,213,Southwest,7,51155,school,430,Snowville Elementary
2023-2024,122,Radford City,482,NA,482,Southwest,7,51750,school,10,Belle Heth Elementary
2023-2024,122,Radford City,240,NA,240,Southwest,7,51750,school,42,John N. Dalton Intermediate
2023-2024,122,Radford City,391,NA,391,Southwest,7,51750,school,20,McHarg Elementary
2023-2024,122,Radford City,1589,NA,1589,Southwest,7,51750,school,102,Radford City Virtual
2023-2024,122,Radford City,505,NA,505,Southwest,7,51750,school,41,Radford High
2023-2024,78,Rappahannock County,466,NA,466,Northern Virginia,4,51157,school,240,Rappahannock County Elementary
2023-2024,78,Rappahannock County,308,NA,308,Northern Virginia,4,51157,school,230,Rappahannock County High
2023-2024,123,Richmond City,494,NA,494,Central Virginia,1,51760,school,30,Albert Hill Middle
2023-2024,123,Richmond City,27,NA,27,Central Virginia,1,51760,school,750,Amelia Street Special Education
2023-2024,123,Richmond City,690,NA,690,Central Virginia,1,51760,school,850,Armstrong High
2023-2024,123,Richmond City,280,NA,280,Central Virginia,1,51760,school,390,Barack Obama Elementary
2023-2024,123,Richmond City,195,NA,195,Central Virginia,1,51760,school,100,Bellevue Elementary
2023-2024,123,Richmond City,378,NA,378,Central Virginia,1,51760,school,170,Blackwell Elementary
2023-2024,123,Richmond City,581,NA,581,Central Virginia,1,51760,school,1100,Broad Rock Elementary
2023-2024,123,Richmond City,849,NA,849,Central Virginia,1,51760,school,1440,Cardinal Elementary
2023-2024,123,Richmond City,388,NA,388,Central Virginia,1,51760,school,830,Chimborazo Elementary
2023-2024,123,Richmond City,391,NA,391,Central Virginia,1,51760,school,50,Dogwood Middle
2023-2024,123,Richmond City,344,NA,344,Central Virginia,1,51760,school,1400,Elizabeth D. Redd Elementary
2023-2024,123,Richmond City,227,NA,227,Central Virginia,1,51760,school,710,Fairfield Court Elementary
2023-2024,123,Richmond City,281,NA,281,Central Virginia,1,51760,school,230,Frances W. McClenney Elementary
2023-2024,123,Richmond City,314,NA,314,Central Virginia,1,51760,school,621,Franklin Military Academy
2023-2024,123,Richmond City,660,NA,660,Central Virginia,1,51760,school,1470,G.H. Reid Elementary
2023-2024,123,Richmond City,374,NA,374,Central Virginia,1,51760,school,311,George W. Carver Elementary
2023-2024,123,Richmond City,451,NA,451,Central Virginia,1,51760,school,470,Henderson Middle
2023-2024,123,Richmond City,523,NA,523,Central Virginia,1,51760,school,290,Henry Marsh III Elementary
2023-2024,123,Richmond City,1509,NA,1509,Central Virginia,1,51760,school,1510,Huguenot High
2023-2024,123,Richmond City,278,NA,278,Central Virginia,1,51760,school,1640,J.B. Fisher Elementary
2023-2024,123,Richmond City,166,NA,166,Central Virginia,1,51760,school,3115,J.H. Blackwell Preschool
2023-2024,123,Richmond City,509,NA,509,Central Virginia,1,51760,school,1710,J.L. Francis Elementary
2023-2024,123,Richmond City,623,NA,623,Central Virginia,1,51760,school,730,John Marshall High
2023-2024,123,Richmond City,442,NA,442,Central Virginia,1,51760,school,3106,Linwood Holton Elementary
2023-2024,123,Richmond City,232,NA,232,Central Virginia,1,51760,school,600,Lois Harrison-Jones Elementary
2023-2024,123,Richmond City,542,NA,542,Central Virginia,1,51760,school,3105,Lucille M. Brown Middle
2023-2024,123,Richmond City,164,NA,164,Central Virginia,1,51760,school,3114,Marry Scott Preschool
2023-2024,123,Richmond City,204,NA,204,Central Virginia,1,51760,school,771,Martin Luther King Jr. Early Learning Center
2023-2024,123,Richmond City,496,NA,496,Central Virginia,1,51760,school,770,Martin Luther King Jr. Middle
2023-2024,123,Richmond City,471,NA,471,Central Virginia,1,51760,school,580,Mary Munford Elementary
2023-2024,123,Richmond City,152,NA,152,Central Virginia,1,51760,school,690,Maymont Pre-K Center
2023-2024,123,Richmond City,506,NA,506,Central Virginia,1,51760,school,3107,Miles Jones Elementary
2023-2024,123,Richmond City,523,NA,523,Central Virginia,1,51760,school,330,Oak Grove/Bellemeade Elementary
2023-2024,123,Richmond City,175,NA,175,Central Virginia,1,51760,school,90,Open High
2023-2024,123,Richmond City,254,NA,254,Central Virginia,1,51760,school,130,Overby-Sheppard Elementary
2023-2024,123,Richmond City,328,NA,328,Central Virginia,1,51760,school,3119,Patrick Henry School Of Science And Arts
2023-2024,123,Richmond City,134,NA,134,Central Virginia,1,51760,school,3110,Richmond Alternative
2023-2024,123,Richmond City,38,NA,38,Central Virginia,1,51760,school,3200,Richmond Career Education and Employment Charter School
2023-2024,123,Richmond City,198,NA,198,Central Virginia,1,51760,school,452,Richmond Community High
2023-2024,123,Richmond City,96,NA,96,Central Virginia,1,51760,school,3113,Richmond Community Preschool
2023-2024,123,Richmond City,1292,NA,1292,Central Virginia,1,51760,school,741,Richmond High School for the Arts
2023-2024,123,Richmond City,183,NA,183,Central Virginia,1,51760,school,1322,Richmond Virtual Academy
2023-2024,123,Richmond City,1177,NA,1177,Central Virginia,1,51760,school,1631,River City Middle
2023-2024,123,Richmond City,432,NA,432,Central Virginia,1,51760,school,1480,Southampton Elementary
2023-2024,123,Richmond City,211,NA,211,Central Virginia,1,51760,school,511,Summer Hill Preschool Center
2023-2024,123,Richmond City,152,NA,152,Central Virginia,1,51760,school,210,Swansboro Elementary
2023-2024,123,Richmond City,617,NA,617,Central Virginia,1,51760,school,480,Thomas C. Boushall Middle
2023-2024,123,Richmond City,781,NA,781,Central Virginia,1,51760,school,20,Thomas Jefferson High
2023-2024,123,Richmond City,365,NA,365,Central Virginia,1,51760,school,660,Westover Hills Elementary
2023-2024,123,Richmond City,334,NA,334,Central Virginia,1,51760,school,200,William Fox Elementary
2023-2024,123,Richmond City,228,NA,228,Central Virginia,1,51760,school,650,Woodville Elementary
2023-2024,79,Richmond County,544,NA,544,Northern Neck,3,51159,school,210,Rappahannock High
2023-2024,79,Richmond County,830,NA,830,Northern Neck,3,51159,school,20,Richmond County Elementary
2023-2024,124,Roanoke City,485,NA,485,Western Virginia,6,51770,school,280,Addison Aerospace Magnet Middle
2023-2024,124,Roanoke City,596,NA,596,Western Virginia,6,51770,school,210,Breckinridge Middle
2023-2024,124,Roanoke City,305,NA,305,Western Virginia,6,51770,school,20,Crystal Spring Elementary
2023-2024,124,Roanoke City,477,NA,477,Western Virginia,6,51770,school,410,Fairview Elementary
2023-2024,124,Roanoke City,577,NA,577,Western Virginia,6,51770,school,50,Fallon Park Elementary
2023-2024,124,Roanoke City,280,19,299,Western Virginia,6,51770,school,380,Fishburn Park Elementary
2023-2024,124,Roanoke City,312,NA,312,Western Virginia,6,51770,school,300,Garden City Elementary
2023-2024,124,Roanoke City,361,NA,361,Western Virginia,6,51770,school,310,Grandin Court Elementary
2023-2024,124,Roanoke City,384,NA,384,Western Virginia,6,51770,school,110,Highland Park Elementary
2023-2024,124,Roanoke City,334,NA,334,Western Virginia,6,51770,school,420,Hurt Park Elementary
2023-2024,124,Roanoke City,560,NA,560,Western Virginia,6,51770,school,450,James Madison Middle
2023-2024,124,Roanoke City,582,NA,582,Western Virginia,6,51770,school,230,John P. Fishwick Middle
2023-2024,124,Roanoke City,252,NA,252,Western Virginia,6,51770,school,340,Lincoln Terrace Elementary
2023-2024,124,Roanoke City,493,NA,493,Western Virginia,6,51770,school,370,Monterey Elementary
2023-2024,124,Roanoke City,224,13,237,Western Virginia,6,51770,school,60,Morningside Elementary
2023-2024,124,Roanoke City,2031,1,2032,Western Virginia,6,51770,school,390,Patrick Henry High
2023-2024,124,Roanoke City,513,NA,513,Western Virginia,6,51770,school,240,Preston Park Elementary
2023-2024,124,Roanoke City,390,38,428,Western Virginia,6,51770,school,220,Roanoke Academy For Mathematics & Science Elementary
2023-2024,124,Roanoke City,709,NA,709,Western Virginia,6,51770,school,320,Round Hill Elementary
2023-2024,124,Roanoke City,260,NA,260,Western Virginia,6,51770,school,70,Virginia Heights Elementary
2023-2024,124,Roanoke City,252,NA,252,Western Virginia,6,51770,school,90,Wasena Elementary
2023-2024,124,Roanoke City,647,NA,647,Western Virginia,6,51770,school,350,Westside Elementary
2023-2024,124,Roanoke City,1921,NA,1921,Western Virginia,6,51770,school,400,William Fleming High
2023-2024,124,Roanoke City,693,NA,693,Western Virginia,6,51770,school,150,Woodrow Wilson Middle
2023-2024,80,Roanoke County,274,NA,274,Western Virginia,6,51161,school,420,Back Creek Elementary
2023-2024,80,Roanoke County,314,NA,314,Western Virginia,6,51161,school,752,Bonsack Elementary
2023-2024,80,Roanoke County,510,NA,510,Western Virginia,6,51161,school,180,Burlington Elementary
2023-2024,80,Roanoke County,502,NA,502,Western Virginia,6,51161,school,560,Cave Spring Elementary
2023-2024,80,Roanoke County,1075,NA,1075,Western Virginia,6,51161,school,470,Cave Spring High
2023-2024,80,Roanoke County,751,NA,751,Western Virginia,6,51161,school,620,Cave Spring Middle
2023-2024,80,Roanoke County,306,NA,306,Western Virginia,6,51161,school,330,Clearbrook Elementary
2023-2024,80,Roanoke County,247,NA,247,Western Virginia,6,51161,school,40,Fort Lewis Elementary
2023-2024,80,Roanoke County,437,NA,437,Western Virginia,6,51161,school,650,Glen Cove Elementary
2023-2024,80,Roanoke County,376,NA,376,Western Virginia,6,51161,school,490,Glenvar Elementary
2023-2024,80,Roanoke County,622,NA,622,Western Virginia,6,51161,school,610,Glenvar High
2023-2024,80,Roanoke County,424,NA,424,Western Virginia,6,51161,school,751,Glenvar Middle
2023-2024,80,Roanoke County,493,NA,493,Western Virginia,6,51161,school,600,Green Valley Elementary
2023-2024,80,Roanoke County,425,NA,425,Western Virginia,6,51161,school,540,Herman L. Horn Elementary
2023-2024,80,Roanoke County,851,NA,851,Western Virginia,6,51161,school,754,Hidden Valley High
2023-2024,80,Roanoke County,568,NA,568,Western Virginia,6,51161,school,10,Hidden Valley Middle
2023-2024,80,Roanoke County,210,NA,210,Western Virginia,6,51161,school,530,Mason's Cove Elementary
2023-2024,80,Roanoke County,258,NA,258,Western Virginia,6,51161,school,290,Mount Pleasant Elementary
2023-2024,80,Roanoke County,378,NA,378,Western Virginia,6,51161,school,500,Mountain View Elementary
2023-2024,80,Roanoke County,923,NA,923,Western Virginia,6,51161,school,520,Northside High
2023-2024,80,Roanoke County,611,NA,611,Western Virginia,6,51161,school,640,Northside Middle
2023-2024,80,Roanoke County,395,NA,395,Western Virginia,6,51161,school,480,Oak Grove Elementary
2023-2024,80,Roanoke County,406,NA,406,Western Virginia,6,51161,school,50,Penn Forest Elementary
2023-2024,80,Roanoke County,498,NA,498,Western Virginia,6,51161,school,60,W.E. Cundiff Elementary
2023-2024,80,Roanoke County,1128,NA,1128,Western Virginia,6,51161,school,630,William Byrd High
2023-2024,80,Roanoke County,821,NA,821,Western Virginia,6,51161,school,232,William Byrd Middle
2023-2024,81,Rockbridge County,460,NA,460,Valley,5,51163,school,650,Central Elementary
2023-2024,81,Rockbridge County,224,NA,224,Valley,5,51163,school,150,Fairfield Elementary
2023-2024,81,Rockbridge County,459,NA,459,Valley,5,51163,school,678,Maury River Middle
2023-2024,81,Rockbridge County,140,NA,140,Valley,5,51163,school,340,Mountain View Elementary
2023-2024,81,Rockbridge County,247,NA,247,Valley,5,51163,school,641,Natural Bridge Elementary
2023-2024,81,Rockbridge County,966,NA,966,Valley,5,51163,school,22,Rockbridge County High
2023-2024,82,Rockingham County,898,14,912,Valley,5,51165,school,870,Broadway High
2023-2024,82,Rockingham County,751,NA,751,Valley,5,51165,school,861,Cub Run Elementary
2023-2024,82,Rockingham County,798,NA,798,Valley,5,51165,school,391,East Rockingham High
2023-2024,82,Rockingham County,293,NA,293,Valley,5,51165,school,400,Elkton Elementary
2023-2024,82,Rockingham County,608,NA,608,Valley,5,51165,school,900,Elkton Middle
2023-2024,82,Rockingham County,154,NA,154,Valley,5,51165,school,940,Fulks Run Elementary
2023-2024,82,Rockingham County,642,2,644,Valley,5,51165,school,960,J. Frank Hillyard Middle
2023-2024,82,Rockingham County,482,NA,482,Valley,5,51165,school,1071,John C. Myers Elementary
2023-2024,82,Rockingham County,500,NA,500,Valley,5,51165,school,970,John W. Wayland Elementary
2023-2024,82,Rockingham County,225,NA,225,Valley,5,51165,school,500,Lacey Spring Elementary
2023-2024,82,Rockingham County,179,NA,179,Valley,5,51165,school,360,Linville-Edom Elementary
2023-2024,82,Rockingham County,243,NA,243,Valley,5,51165,school,600,McGaheysville Elementary
2023-2024,82,Rockingham County,619,NA,619,Valley,5,51165,school,860,Montevideo Middle
2023-2024,82,Rockingham County,443,NA,443,Valley,5,51165,school,520,Mountain View Elementary
2023-2024,82,Rockingham County,189,NA,189,Valley,5,51165,school,920,Ottobine Elementary
2023-2024,82,Rockingham County,536,NA,536,Valley,5,51165,school,1073,Peak View Elementary
2023-2024,82,Rockingham County,466,NA,466,Valley,5,51165,school,10,Plains Elementary
2023-2024,82,Rockingham County,248,NA,248,Valley,5,51165,school,950,Pleasant Valley Elementary
2023-2024,82,Rockingham County,342,NA,342,Valley,5,51165,school,390,River Bend Elementary
2023-2024,82,Rockingham County,314,NA,314,Valley,5,51165,school,830,South River Elementary
2023-2024,82,Rockingham County,935,NA,935,Valley,5,51165,school,20,Spotswood High
2023-2024,82,Rockingham County,1006,12,1018,Valley,5,51165,school,850,Turner Ashby High
2023-2024,82,Rockingham County,671,NA,671,Valley,5,51165,school,890,Wilbur S. Pence Middle
2023-2024,83,Russell County,142,NA,142,Southwest,7,51167,school,580,Belfast Elementary
2023-2024,83,Russell County,229,NA,229,Southwest,7,51167,school,792,Castlewood Elementary
2023-2024,83,Russell County,295,NA,295,Southwest,7,51167,school,791,Castlewood High
2023-2024,83,Russell County,145,NA,145,Southwest,7,51167,school,820,Copper Creek Elementary
2023-2024,83,Russell County,626,NA,626,Southwest,7,51167,school,890,Honaker Elementary
2023-2024,83,Russell County,437,NA,437,Southwest,7,51167,school,540,Honaker High
2023-2024,83,Russell County,295,NA,295,Southwest,7,51167,school,410,Lebanon Elementary
2023-2024,83,Russell County,598,NA,598,Southwest,7,51167,school,140,Lebanon High
2023-2024,83,Russell County,305,NA,305,Southwest,7,51167,school,902,Lebanon Middle
2023-2024,83,Russell County,289,NA,289,Southwest,7,51167,school,390,Lebanon Primary
2023-2024,83,Russell County,93,NA,93,Southwest,7,51167,school,710,Swords Creek Elementary
2023-2024,139,Salem City,850,NA,850,Western Virginia,6,51775,school,100,Andrew Lewis Middle
2023-2024,139,Salem City,366,NA,366,Western Virginia,6,51775,school,550,East Salem Elementary
2023-2024,139,Salem City,426,NA,426,Western Virginia,6,51775,school,90,G.W. Carver Elementary
2023-2024,139,Salem City,1213,NA,1213,Western Virginia,6,51775,school,70,Salem High
2023-2024,139,Salem City,389,NA,389,Western Virginia,6,51775,school,580,South Salem Elementary
2023-2024,139,Salem City,667,NA,667,Western Virginia,6,51775,school,350,Virginia Virtual Academy at Salem
2023-2024,139,Salem City,407,NA,407,Western Virginia,6,51775,school,460,West Salem Elementary
2023-2024,84,Scott County,294,NA,294,Southwest,7,51169,school,750,Duffield-Pattonsville Primary
2023-2024,84,Scott County,137,NA,137,Southwest,7,51169,school,42,Dungannon Elementary School
2023-2024,84,Scott County,601,6,607,Southwest,7,51169,school,770,Gate City High
2023-2024,84,Scott County,311,NA,311,Southwest,7,51169,school,771,Gate City Middle
2023-2024,84,Scott County,153,NA,153,Southwest,7,51169,school,670,Hilton Elementary
2023-2024,84,Scott County,294,NA,294,Southwest,7,51169,school,220,Nickelsville Elementary
2023-2024,84,Scott County,308,NA,308,Southwest,7,51169,school,260,Rye Cove High
2023-2024,84,Scott County,155,NA,155,Southwest,7,51169,school,20,Rye Cove Intermediate
2023-2024,84,Scott County,479,NA,479,Southwest,7,51169,school,641,Shoemaker Elementary
2023-2024,84,Scott County,242,NA,242,Southwest,7,51169,school,780,Twin Springs High
2023-2024,84,Scott County,735,NA,735,Southwest,7,51169,school,772,Virginia Connections Academy
2023-2024,84,Scott County,367,NA,367,Southwest,7,51169,school,740,Weber City Elementary
2023-2024,84,Scott County,192,NA,192,Southwest,7,51169,school,790,Yuma Elementary
2023-2024,85,Shenandoah County,725,1,726,Northern Virginia,4,51171,school,780,Central High
2023-2024,85,Shenandoah County,678,NA,678,Northern Virginia,4,51171,school,820,Honey Run Elementary
2023-2024,85,Shenandoah County,507,1,508,Northern Virginia,4,51171,school,790,Mountain View High
2023-2024,85,Shenandoah County,359,NA,359,Northern Virginia,4,51171,school,40,North Fork Middle
2023-2024,85,Shenandoah County,499,NA,499,Northern Virginia,4,51171,school,30,Peter Muhlenberg Middle
2023-2024,85,Shenandoah County,859,NA,859,Northern Virginia,4,51171,school,810,Sandy Hook Elementary
2023-2024,85,Shenandoah County,402,NA,402,Northern Virginia,4,51171,school,50,Signal Knob Middle
2023-2024,85,Shenandoah County,611,NA,611,Northern Virginia,4,51171,school,770,Strasburg High
2023-2024,85,Shenandoah County,1051,NA,1051,Northern Virginia,4,51171,school,20,W.W. Robinson Elementary
2023-2024,86,Smyth County,171,NA,171,Southwest,7,51173,school,290,Atkins Elementary
2023-2024,86,Smyth County,544,NA,544,Southwest,7,51173,school,730,Chilhowie Elementary
2023-2024,86,Smyth County,401,NA,401,Southwest,7,51173,school,460,Chilhowie High
2023-2024,86,Smyth County,295,NA,295,Southwest,7,51173,school,851,Chilhowie Middle
2023-2024,86,Smyth County,309,NA,309,Southwest,7,51173,school,710,Marion Elementary
2023-2024,86,Smyth County,389,NA,389,Southwest,7,51173,school,680,Marion Middle
2023-2024,86,Smyth County,597,NA,597,Southwest,7,51173,school,700,Marion Senior High
2023-2024,86,Smyth County,230,NA,230,Southwest,7,51173,school,250,Northwood High
2023-2024,86,Smyth County,164,NA,164,Southwest,7,51173,school,120,Northwood Middle
2023-2024,86,Smyth County,375,NA,375,Southwest,7,51173,school,690,Oak Point Elementary
2023-2024,86,Smyth County,129,NA,129,Southwest,7,51173,school,720,Rich Valley Elementary
2023-2024,86,Smyth County,190,NA,190,Southwest,7,51173,school,740,Saltville Elementary
2023-2024,86,Smyth County,100,NA,100,Southwest,7,51173,school,555,Sugar Grove Elementary
2023-2024,87,Southampton County,186,NA,186,Tidewater,2,51175,school,710,Capron Elementary
2023-2024,87,Southampton County,235,NA,235,Tidewater,2,51175,school,20,Meherrin Elementary
2023-2024,87,Southampton County,249,NA,249,Tidewater,2,51175,school,10,Nottoway Elementary
2023-2024,87,Southampton County,569,NA,569,Tidewater,2,51175,school,780,Riverdale Elementary
2023-2024,87,Southampton County,752,NA,752,Tidewater,2,51175,school,690,Southampton High
2023-2024,87,Southampton County,532,NA,532,Tidewater,2,51175,school,700,Southampton Middle
2023-2024,88,Spotsylvania County,668,NA,668,Northern Neck,3,51177,school,10,Battlefield Elementary
2023-2024,88,Spotsylvania County,765,NA,765,Northern Neck,3,51177,school,50,Battlefield Middle
2023-2024,88,Spotsylvania County,282,NA,282,Northern Neck,3,51177,school,340,Berkeley Elementary
2023-2024,88,Spotsylvania County,683,8,691,Northern Neck,3,51177,school,400,Brock Road Elementary
2023-2024,88,Spotsylvania County,782,NA,782,Northern Neck,3,51177,school,511,Cedar Forest Elementary
2023-2024,88,Spotsylvania County,439,NA,439,Northern Neck,3,51177,school,40,Chancellor Elementary
2023-2024,88,Spotsylvania County,1377,2,1379,Northern Neck,3,51177,school,381,Chancellor High
2023-2024,88,Spotsylvania County,791,NA,791,Northern Neck,3,51177,school,382,Chancellor Middle
2023-2024,88,Spotsylvania County,769,NA,769,Northern Neck,3,51177,school,501,Courthouse Road Elementary
2023-2024,88,Spotsylvania County,563,1,564,Northern Neck,3,51177,school,22,Courtland Elementary
2023-2024,88,Spotsylvania County,1498,NA,1498,Northern Neck,3,51177,school,20,Courtland High
2023-2024,88,Spotsylvania County,753,NA,753,Northern Neck,3,51177,school,509,Freedom Middle
2023-2024,88,Spotsylvania County,732,NA,732,Northern Neck,3,51177,school,507,Harrison Road Elementary
2023-2024,88,Spotsylvania County,683,NA,683,Northern Neck,3,51177,school,30,Lee Hill Elementary
2023-2024,88,Spotsylvania County,447,1,448,Northern Neck,3,51177,school,350,Livingston Elementary
2023-2024,88,Spotsylvania County,1713,2,1715,Northern Neck,3,51177,school,506,Massaponax High
2023-2024,88,Spotsylvania County,714,1,715,Northern Neck,3,51177,school,505,Ni River Middle
2023-2024,88,Spotsylvania County,924,1,925,Northern Neck,3,51177,school,508,Parkside Elementary
2023-2024,88,Spotsylvania County,711,NA,711,Northern Neck,3,51177,school,220,Post Oak Middle
2023-2024,88,Spotsylvania County,1951,2,1953,Northern Neck,3,51177,school,510,Riverbend High
2023-2024,88,Spotsylvania County,669,10,679,Northern Neck,3,51177,school,503,Riverview Elementary
2023-2024,88,Spotsylvania County,582,NA,582,Northern Neck,3,51177,school,60,Salem Elementary
2023-2024,88,Spotsylvania County,704,NA,704,Northern Neck,3,51177,school,390,Smith Station Elementary
2023-2024,88,Spotsylvania County,524,NA,524,Northern Neck,3,51177,school,360,Spotswood Elementary
2023-2024,88,Spotsylvania County,593,1,594,Northern Neck,3,51177,school,130,Spotsylvania Elementary
2023-2024,88,Spotsylvania County,1326,2,1328,Northern Neck,3,51177,school,370,Spotsylvania High
2023-2024,88,Spotsylvania County,1005,NA,1005,Northern Neck,3,51177,school,330,Spotsylvania Middle
2023-2024,88,Spotsylvania County,735,NA,735,Northern Neck,3,51177,school,502,Thornburg Middle
2023-2024,88,Spotsylvania County,650,NA,650,Northern Neck,3,51177,school,504,Wilderness Elementary
2023-2024,89,Stafford County,840,2,842,Northern Neck,3,51179,school,40,Andrew G. Wright Middle
2023-2024,89,Stafford County,841,NA,841,Northern Neck,3,51179,school,260,Anne E. Moncure Elementary
2023-2024,89,Stafford County,745,2,747,Northern Neck,3,51179,school,433,Anthony Burns Elementary
2023-2024,89,Stafford County,2242,NA,2242,Northern Neck,3,51179,school,421,Brooke Point High
2023-2024,89,Stafford County,1988,3,1991,Northern Neck,3,51179,school,424,Colonial Forge High
2023-2024,89,Stafford County,918,NA,918,Northern Neck,3,51179,school,431,Conway Elementary
2023-2024,89,Stafford County,878,1,879,Northern Neck,3,51179,school,432,Donald B. Dixon-Lyle R. Smith Middle
2023-2024,89,Stafford County,601,NA,601,Northern Neck,3,51179,school,10,Edward E. Drew Jr. Middle
2023-2024,89,Stafford County,726,2,728,Northern Neck,3,51179,school,280,Falmouth Elementary
2023-2024,89,Stafford County,550,1,551,Northern Neck,3,51179,school,230,Ferry Farm Elementary
2023-2024,89,Stafford County,752,NA,752,Northern Neck,3,51179,school,41,Garrisonville Elementary
2023-2024,89,Stafford County,744,NA,744,Northern Neck,3,51179,school,270,Grafton Village Elementary
2023-2024,89,Stafford County,1025,1,1026,Northern Neck,3,51179,school,422,H.H. Poole Middle
2023-2024,89,Stafford County,904,NA,904,Northern Neck,3,51179,school,320,Hampton Oaks Elementary
2023-2024,89,Stafford County,610,NA,610,Northern Neck,3,51179,school,250,Hartwood Elementary
2023-2024,89,Stafford County,787,NA,787,Northern Neck,3,51179,school,427,Kate Waller Barrett Elementary
2023-2024,89,Stafford County,807,NA,807,Northern Neck,3,51179,school,429,Margaret Brent Elementary
2023-2024,89,Stafford County,2207,1,2208,Northern Neck,3,51179,school,430,Mountain View High
2023-2024,89,Stafford County,2051,3,2054,Northern Neck,3,51179,school,30,North Stafford High
2023-2024,89,Stafford County,244,37,281,Northern Neck,3,51179,school,992,North Star Early Childhood Education Center
2023-2024,89,Stafford County,881,NA,881,Northern Neck,3,51179,school,300,Park Ridge Elementary
2023-2024,89,Stafford County,292,54,346,Northern Neck,3,51179,school,920,Rising Star Early Childhood Education Center at Melchers
2023-2024,89,Stafford County,646,NA,646,Northern Neck,3,51179,school,60,Rockhill Elementary
2023-2024,89,Stafford County,905,1,906,Northern Neck,3,51179,school,425,Rocky Run Elementary
2023-2024,89,Stafford County,1032,1,1033,Northern Neck,3,51179,school,426,Rodney E. Thompson Middle
2023-2024,89,Stafford County,952,NA,952,Northern Neck,3,51179,school,440,Shirley C. Heim Middle
2023-2024,89,Stafford County,815,NA,815,Northern Neck,3,51179,school,111,Stafford Elementary
2023-2024,89,Stafford County,931,NA,931,Northern Neck,3,51179,school,112,Stafford Middle
2023-2024,89,Stafford County,2227,2,2229,Northern Neck,3,51179,school,20,Stafford Senior High
2023-2024,89,Stafford County,928,1,929,Northern Neck,3,51179,school,162,T. Benton Gayle Middle
2023-2024,89,Stafford County,680,NA,680,Northern Neck,3,51179,school,50,Widewater Elementary
2023-2024,89,Stafford County,839,NA,839,Northern Neck,3,51179,school,423,Winding Creek Elementary
2023-2024,126,Staunton City,370,NA,370,Valley,5,51790,school,40,Arthur R. Ware Elementary
2023-2024,126,Staunton City,377,NA,377,Valley,5,51790,school,70,Bessie Weller Elementary
2023-2024,126,Staunton City,589,NA,589,Valley,5,51790,school,110,Shelburne Middle
2023-2024,126,Staunton City,143,NA,143,Valley,5,51790,school,41,Staunton City School PreSchool Programs
2023-2024,126,Staunton City,790,NA,790,Valley,5,51790,school,30,Staunton High
2023-2024,126,Staunton City,429,NA,429,Valley,5,51790,school,90,Thomas C. McSwain Elementary
2023-2024,127,Suffolk City,342,NA,342,Tidewater,2,51800,school,50,Booker T. Washington Elementary
2023-2024,127,Suffolk City,728,NA,728,Tidewater,2,51800,school,397,Colonel Fred Cherry Middle
2023-2024,127,Suffolk City,747,NA,747,Tidewater,2,51800,school,440,Creekside Elementary
2023-2024,127,Suffolk City,644,NA,644,Tidewater,2,51800,school,210,Elephant's Fork Elementary
2023-2024,127,Suffolk City,874,NA,874,Tidewater,2,51800,school,90,Florence Bowser Elementary
2023-2024,127,Suffolk City,444,NA,444,Tidewater,2,51800,school,390,Forest Glen Middle
2023-2024,127,Suffolk City,739,NA,739,Tidewater,2,51800,school,450,Hillpoint Elementary
2023-2024,127,Suffolk City,546,NA,546,Tidewater,2,51800,school,370,John F. Kennedy Middle
2023-2024,127,Suffolk City,517,NA,517,Tidewater,2,51800,school,380,John Yeates Middle
2023-2024,127,Suffolk City,460,NA,460,Tidewater,2,51800,school,230,Kilby Shores Elementary
2023-2024,127,Suffolk City,1666,NA,1666,Tidewater,2,51800,school,395,King's Fork High
2023-2024,127,Suffolk City,984,NA,984,Tidewater,2,51800,school,393,King's Fork Middle
2023-2024,127,Suffolk City,1067,NA,1067,Tidewater,2,51800,school,300,Lakeland High
2023-2024,127,Suffolk City,704,NA,704,Tidewater,2,51800,school,330,Mack Benn Jr. Elementary
2023-2024,127,Suffolk City,448,NA,448,Tidewater,2,51800,school,220,Nansemond Parkway Elementary
2023-2024,127,Suffolk City,1681,NA,1681,Tidewater,2,51800,school,240,Nansemond River High
2023-2024,127,Suffolk City,837,NA,837,Tidewater,2,51800,school,391,Northern Shores Elementary
2023-2024,127,Suffolk City,483,NA,483,Tidewater,2,51800,school,70,Oakland Elementary
2023-2024,127,Suffolk City,609,NA,609,Tidewater,2,51800,school,47,Southwestern Elementary
2023-2024,90,Surry County,208,NA,208,Central Virginia,1,51181,school,30,Luther P. Jackson Middle
2023-2024,90,Surry County,203,NA,203,Central Virginia,1,51181,school,10,Surry County High
2023-2024,90,Surry County,283,NA,283,Central Virginia,1,51181,school,20,Surry Elementary
2023-2024,91,Sussex County,448,NA,448,Central Virginia,1,51183,school,483,Sussex Central Elementary
2023-2024,91,Sussex County,321,NA,321,Central Virginia,1,51183,school,340,Sussex Central High
2023-2024,91,Sussex County,225,NA,225,Central Virginia,1,51183,school,482,Sussex Central Middle
2023-2024,92,Tazewell County,155,NA,155,Southwest,7,51185,school,1020,Abb's Valley-Boissevain Elementary
2023-2024,92,Tazewell County,349,NA,349,Southwest,7,51185,school,830,Cedar Bluff Elementary
2023-2024,92,Tazewell County,242,NA,242,Southwest,7,51185,school,750,Dudley Primary
2023-2024,92,Tazewell County,535,NA,535,Southwest,7,51185,school,940,Graham High
2023-2024,92,Tazewell County,383,NA,383,Southwest,7,51185,school,960,Graham Intermediate
2023-2024,92,Tazewell County,325,NA,325,Southwest,7,51185,school,10,Graham Middle
2023-2024,92,Tazewell County,561,NA,561,Southwest,7,51185,school,822,Richlands Elementary
2023-2024,92,Tazewell County,600,NA,600,Southwest,7,51185,school,821,Richlands High
2023-2024,92,Tazewell County,471,NA,471,Southwest,7,51185,school,823,Richlands Middle
2023-2024,92,Tazewell County,509,NA,509,Southwest,7,51185,school,890,Tazewell High
2023-2024,92,Tazewell County,364,NA,364,Southwest,7,51185,school,450,Tazewell Intermediate
2023-2024,92,Tazewell County,378,NA,378,Southwest,7,51185,school,100,Tazewell Middle
2023-2024,92,Tazewell County,435,NA,435,Southwest,7,51185,school,1030,Tazewell Primary
2023-2024,128,Virginia Beach City,627,NA,627,Tidewater,2,51810,school,590,Alanton Elementary
2023-2024,128,Virginia Beach City,537,NA,537,Tidewater,2,51810,school,550,Arrowhead Elementary
2023-2024,128,Virginia Beach City,316,NA,316,Tidewater,2,51810,school,115,Bayside 6th Grade Campus
2023-2024,128,Virginia Beach City,500,NA,500,Tidewater,2,51810,school,280,Bayside Elementary
2023-2024,128,Virginia Beach City,1994,NA,1994,Tidewater,2,51810,school,530,Bayside High
2023-2024,128,Virginia Beach City,702,NA,702,Tidewater,2,51810,school,700,Bayside Middle
2023-2024,128,Virginia Beach City,627,NA,627,Tidewater,2,51810,school,60,Birdneck Elementary
2023-2024,128,Virginia Beach City,1024,NA,1024,Tidewater,2,51810,school,790,Brandon Middle
2023-2024,128,Virginia Beach City,579,NA,579,Tidewater,2,51810,school,630,Brookwood Elementary
2023-2024,128,Virginia Beach City,568,NA,568,Tidewater,2,51810,school,40,Centerville Elementary
2023-2024,128,Virginia Beach City,616,NA,616,Tidewater,2,51810,school,990,Christopher Farms Elementary
2023-2024,128,Virginia Beach City,479,NA,479,Tidewater,2,51810,school,720,College Park Elementary
2023-2024,128,Virginia Beach City,400,NA,400,Tidewater,2,51810,school,1041,Corporate Landing Elementary
2023-2024,128,Virginia Beach City,1040,NA,1040,Tidewater,2,51810,school,980,Corporate Landing Middle
2023-2024,128,Virginia Beach City,323,NA,323,Tidewater,2,51810,school,230,Creeds Elementary
2023-2024,128,Virginia Beach City,499,NA,499,Tidewater,2,51810,school,106,Diamond Springs Elementary
2023-2024,128,Virginia Beach City,471,NA,471,Tidewater,2,51810,school,780,Fairfield Elementary
2023-2024,128,Virginia Beach City,1735,NA,1735,Tidewater,2,51810,school,610,First Colonial High
2023-2024,128,Virginia Beach City,1896,NA,1896,Tidewater,2,51810,school,440,Floyd Kellam High
2023-2024,128,Virginia Beach City,1655,NA,1655,Tidewater,2,51810,school,30,Frank W. Cox High
2023-2024,128,Virginia Beach City,979,NA,979,Tidewater,2,51810,school,870,Glenwood Elementary
2023-2024,128,Virginia Beach City,1059,NA,1059,Tidewater,2,51810,school,430,Great Neck Middle
2023-2024,128,Virginia Beach City,377,NA,377,Tidewater,2,51810,school,1050,Green Run Collegiate
2023-2024,128,Virginia Beach City,326,NA,326,Tidewater,2,51810,school,770,Green Run Elementary
2023-2024,128,Virginia Beach City,1452,NA,1452,Tidewater,2,51810,school,10,Green Run High
2023-2024,128,Virginia Beach City,549,NA,549,Tidewater,2,51810,school,540,Hermitage Elementary
2023-2024,128,Virginia Beach City,458,NA,458,Tidewater,2,51810,school,600,Holland Elementary
2023-2024,128,Virginia Beach City,1211,NA,1211,Tidewater,2,51810,school,740,Independence Middle
2023-2024,128,Virginia Beach City,494,NA,494,Tidewater,2,51810,school,800,Indian Lakes Elementary
2023-2024,128,Virginia Beach City,734,NA,734,Tidewater,2,51810,school,360,John B. Dey Elementary
2023-2024,128,Virginia Beach City,482,NA,482,Tidewater,2,51810,school,450,Kempsville Elementary
2023-2024,128,Virginia Beach City,2058,NA,2058,Tidewater,2,51810,school,620,Kempsville High
2023-2024,128,Virginia Beach City,442,NA,442,Tidewater,2,51810,school,410,Kempsville Meadows Elementary
2023-2024,128,Virginia Beach City,703,NA,703,Tidewater,2,51810,school,690,Kempsville Middle
2023-2024,128,Virginia Beach City,486,NA,486,Tidewater,2,51810,school,420,King's Grant Elementary
2023-2024,128,Virginia Beach City,517,NA,517,Tidewater,2,51810,school,580,Kingston Elementary
2023-2024,128,Virginia Beach City,624,NA,624,Tidewater,2,51810,school,932,Landstown Elementary
2023-2024,128,Virginia Beach City,2216,NA,2216,Tidewater,2,51810,school,1030,Landstown High
2023-2024,128,Virginia Beach City,1268,NA,1268,Tidewater,2,51810,school,931,Landstown Middle
2023-2024,128,Virginia Beach City,1483,NA,1483,Tidewater,2,51810,school,970,Larkspur Middle
2023-2024,128,Virginia Beach City,526,NA,526,Tidewater,2,51810,school,330,Linkhorn Park Elementary
2023-2024,128,Virginia Beach City,515,NA,515,Tidewater,2,51810,school,460,Luxford Elementary
2023-2024,128,Virginia Beach City,374,NA,374,Tidewater,2,51810,school,520,Lynnhaven Elementary
2023-2024,128,Virginia Beach City,724,NA,724,Tidewater,2,51810,school,730,Lynnhaven Middle
2023-2024,128,Virginia Beach City,421,NA,421,Tidewater,2,51810,school,500,Malibu Elementary
2023-2024,128,Virginia Beach City,723,NA,723,Tidewater,2,51810,school,1020,New Castle Elementary
2023-2024,128,Virginia Beach City,430,NA,430,Tidewater,2,51810,school,710,Newtown Elementary
2023-2024,128,Virginia Beach City,446,NA,446,Tidewater,2,51810,school,760,North Landing Elementary
2023-2024,128,Virginia Beach City,565,NA,565,Tidewater,2,51810,school,880,Ocean Lakes Elementary
2023-2024,128,Virginia Beach City,1819,NA,1819,Tidewater,2,51810,school,960,Ocean Lakes High
2023-2024,128,Virginia Beach City,1346,NA,1346,Tidewater,2,51810,school,80,Old Donation School
2023-2024,128,Virginia Beach City,456,NA,456,Tidewater,2,51810,school,820,Parkway Elementary
2023-2024,128,Virginia Beach City,539,NA,539,Tidewater,2,51810,school,490,Pembroke Elementary
2023-2024,128,Virginia Beach City,495,NA,495,Tidewater,2,51810,school,660,Pembroke Meadows Elementary
2023-2024,128,Virginia Beach City,1056,NA,1056,Tidewater,2,51810,school,640,Plaza Middle
2023-2024,128,Virginia Beach City,733,NA,733,Tidewater,2,51810,school,680,Point O' View Elementary
2023-2024,128,Virginia Beach City,626,NA,626,Tidewater,2,51810,school,340,Princess Anne Elementary
2023-2024,128,Virginia Beach City,1720,NA,1720,Tidewater,2,51810,school,321,Princess Anne High
2023-2024,128,Virginia Beach City,1333,NA,1333,Tidewater,2,51810,school,750,Princess Anne Middle
2023-2024,128,Virginia Beach City,542,NA,542,Tidewater,2,51810,school,692,Providence Elementary
2023-2024,128,Virginia Beach City,557,NA,557,Tidewater,2,51810,school,900,Red Mill Elementary
2023-2024,128,Virginia Beach City,388,NA,388,Tidewater,2,51810,school,810,Rosemont Elementary
2023-2024,128,Virginia Beach City,504,NA,504,Tidewater,2,51810,school,840,Rosemont Forest Elementary
2023-2024,128,Virginia Beach City,572,NA,572,Tidewater,2,51810,school,830,Salem Elementary
2023-2024,128,Virginia Beach City,1684,NA,1684,Tidewater,2,51810,school,850,Salem High
2023-2024,128,Virginia Beach City,1101,NA,1101,Tidewater,2,51810,school,50,Salem Middle
2023-2024,128,Virginia Beach City,404,NA,404,Tidewater,2,51810,school,290,Seatack Elementary an Achievable Dream Academy
2023-2024,128,Virginia Beach City,462,NA,462,Tidewater,2,51810,school,300,Shelton Park Elementary
2023-2024,128,Virginia Beach City,615,NA,615,Tidewater,2,51810,school,940,Strawbridge Elementary
2023-2024,128,Virginia Beach City,539,NA,539,Tidewater,2,51810,school,910,Tallwood Elementary
2023-2024,128,Virginia Beach City,1882,NA,1882,Tidewater,2,51810,school,920,Tallwood High
2023-2024,128,Virginia Beach City,584,NA,584,Tidewater,2,51810,school,350,Thalia Elementary
2023-2024,128,Virginia Beach City,754,NA,754,Tidewater,2,51810,school,400,Thoroughgood Elementary
2023-2024,128,Virginia Beach City,710,NA,710,Tidewater,2,51810,school,100,Three Oaks Elementary
2023-2024,128,Virginia Beach City,526,NA,526,Tidewater,2,51810,school,510,Trantwood Elementary
2023-2024,128,Virginia Beach City,637,NA,637,Tidewater,2,51810,school,140,Virginia Beach Middle
2023-2024,128,Virginia Beach City,559,NA,559,Tidewater,2,51810,school,130,W.T. Cooke Elementary
2023-2024,128,Virginia Beach City,645,NA,645,Tidewater,2,51810,school,20,White Oaks Elementary
2023-2024,128,Virginia Beach City,440,NA,440,Tidewater,2,51810,school,470,Williams Elementary
2023-2024,128,Virginia Beach City,492,NA,492,Tidewater,2,51810,school,670,Windsor Oaks Elementary
2023-2024,128,Virginia Beach City,437,NA,437,Tidewater,2,51810,school,560,Windsor Woods Elementary
2023-2024,128,Virginia Beach City,691,NA,691,Tidewater,2,51810,school,390,Woodstock Elementary
2023-2024,93,Warren County,265,NA,265,Northern Virginia,4,51187,school,90,A.S. Rhodes Elementary
2023-2024,93,Warren County,439,NA,439,Northern Virginia,4,51187,school,140,E. Wilson Morrison Elementary
2023-2024,93,Warren County,470,NA,470,Northern Virginia,4,51187,school,371,Hilda J. Barbour Elementary
2023-2024,93,Warren County,510,NA,510,Northern Virginia,4,51187,school,20,Leslie Fox Keyser Elementary
2023-2024,93,Warren County,643,NA,643,Northern Virginia,4,51187,school,240,Ressie Jeffries Elementary
2023-2024,93,Warren County,880,2,882,Northern Virginia,4,51187,school,250,Skyline High
2023-2024,93,Warren County,579,NA,579,Northern Virginia,4,51187,school,260,Skyline Middle
2023-2024,93,Warren County,817,1,818,Northern Virginia,4,51187,school,230,Warren County High
2023-2024,93,Warren County,529,1,530,Northern Virginia,4,51187,school,280,Warren County Middle
2023-2024,94,Washington County,410,NA,410,Southwest,7,51191,school,1080,Abingdon Elementary
2023-2024,94,Washington County,879,NA,879,Southwest,7,51191,school,1030,Abingdon High
2023-2024,94,Washington County,162,NA,162,Southwest,7,51191,school,40,Damascus Middle
2023-2024,94,Washington County,664,NA,664,Southwest,7,51191,school,1110,E.B. Stanley Middle
2023-2024,94,Washington County,233,1,234,Southwest,7,51191,school,1090,Glade Spring Middle
2023-2024,94,Washington County,285,NA,285,Southwest,7,51191,school,260,Greendale Elementary
2023-2024,94,Washington County,568,NA,568,Southwest,7,51191,school,1070,High Point Elementary
2023-2024,94,Washington County,251,NA,251,Southwest,7,51191,school,1060,Holston High
2023-2024,94,Washington County,648,1,649,Southwest,7,51191,school,1040,John S. Battle High
2023-2024,94,Washington County,534,NA,534,Southwest,7,51191,school,20,Meadowview Elementary
2023-2024,94,Washington County,390,2,392,Southwest,7,51191,school,1050,Patrick Henry High
2023-2024,94,Washington County,420,NA,420,Southwest,7,51191,school,50,Rhea Valley Elementary
2023-2024,94,Washington County,270,NA,270,Southwest,7,51191,school,1020,Valley Institute Elementary
2023-2024,94,Washington County,427,NA,427,Southwest,7,51191,school,620,Wallace Middle
2023-2024,94,Washington County,568,NA,568,Southwest,7,51191,school,70,Watauga Elementary
2023-2024,130,Waynesboro City,257,NA,257,Valley,5,51820,school,650,Berkeley Glenn Elementary
2023-2024,130,Waynesboro City,624,NA,624,Valley,5,51820,school,640,Kate Collins Middle
2023-2024,130,Waynesboro City,195,NA,195,Valley,5,51820,school,620,Wayne Hills Center
2023-2024,130,Waynesboro City,917,NA,917,Valley,5,51820,school,600,Waynesboro High
2023-2024,130,Waynesboro City,214,NA,214,Valley,5,51820,school,580,Wenonah Elementary
2023-2024,130,Waynesboro City,381,NA,381,Valley,5,51820,school,630,Westwood Hills Elementary
2023-2024,130,Waynesboro City,472,NA,472,Valley,5,51820,school,751,William Perry Elementary
2023-2024,207,West Point,389,NA,389,NA,NA,NA,school,280,West Point Elementary
2023-2024,207,West Point,451,NA,451,NA,NA,NA,school,290,West Point Middle/High
2023-2024,95,Westmoreland County,362,NA,362,Northern Neck,3,51193,school,210,Cople Elementary
2023-2024,95,Westmoreland County,336,NA,336,Northern Neck,3,51193,school,300,Montross Middle
2023-2024,95,Westmoreland County,387,NA,387,Northern Neck,3,51193,school,310,Washington District Elementary
2023-2024,95,Westmoreland County,494,NA,494,Northern Neck,3,51193,school,120,Westmoreland High
2023-2024,131,Williamsburg-James City County,665,NA,665,NA,NA,NA,school,60,Berkeley Middle
2023-2024,131,Williamsburg-James City County,495,55,550,NA,NA,NA,school,40,Clara Byrd Baker Elementary
2023-2024,131,Williamsburg-James City County,520,19,539,NA,NA,NA,school,80,D.J. Montague Elementary
2023-2024,131,Williamsburg-James City County,495,78,573,NA,NA,NA,school,190,J. Blaine Blayton Elementary
2023-2024,131,Williamsburg-James City County,520,NA,520,NA,NA,NA,school,25,James Blair Middle
2023-2024,131,Williamsburg-James City County,445,NA,445,NA,NA,NA,school,201,James River Elementary
2023-2024,131,Williamsburg-James City County,1233,NA,1233,NA,NA,NA,school,202,Jamestown High
2023-2024,131,Williamsburg-James City County,1248,NA,1248,NA,NA,NA,school,90,Lafayette High
2023-2024,131,Williamsburg-James City County,500,57,557,NA,NA,NA,school,50,Laurel Lane Elementary
2023-2024,131,Williamsburg-James City County,807,NA,807,NA,NA,NA,school,191,Lois Hornsby Middle
2023-2024,131,Williamsburg-James City County,601,NA,601,NA,NA,NA,school,205,Matoaka Elementary
2023-2024,131,Williamsburg-James City County,454,NA,454,NA,NA,NA,school,10,Matthew Whaley Elementary
2023-2024,131,Williamsburg-James City County,607,70,677,NA,NA,NA,school,70,Norge Elementary
2023-2024,131,Williamsburg-James City County,827,NA,827,NA,NA,NA,school,203,Stonehouse Elementary
2023-2024,131,Williamsburg-James City County,700,NA,700,NA,NA,NA,school,100,Toano Middle
2023-2024,131,Williamsburg-James City County,1298,NA,1298,NA,NA,NA,school,204,Warhill High
2023-2024,132,Winchester City,600,NA,600,Northern Virginia,4,51840,school,75,Daniel Morgan Intermediate
2023-2024,132,Winchester City,589,NA,589,Northern Virginia,4,51840,school,70,Daniel Morgan Middle
2023-2024,132,Winchester City,286,NA,286,Northern Virginia,4,51840,school,80,Frederick Douglass Elementary
2023-2024,132,Winchester City,388,NA,388,Northern Virginia,4,51840,school,50,Garland R. Quarles Elementary
2023-2024,132,Winchester City,1355,NA,1355,Northern Virginia,4,51840,school,40,John Handley High
2023-2024,132,Winchester City,604,NA,604,Northern Virginia,4,51840,school,90,John Kerr Elementary
2023-2024,132,Winchester City,414,NA,414,Northern Virginia,4,51840,school,20,Virginia Avenue Charlotte Dehart Elementary
2023-2024,96,Wise County,663,NA,663,Southwest,7,51195,school,1000,Central High
2023-2024,96,Wise County,338,NA,338,Southwest,7,51195,school,651,Coeburn Middle
2023-2024,96,Wise County,443,NA,443,Southwest,7,51195,school,653,Coeburn Primary
2023-2024,96,Wise County,394,NA,394,Southwest,7,51195,school,652,Eastside High
2023-2024,96,Wise County,512,NA,512,Southwest,7,51195,school,73,J.W. Adams Combined
2023-2024,96,Wise County,409,NA,409,Southwest,7,51195,school,320,L.F. Addington Middle
2023-2024,96,Wise County,542,NA,542,Southwest,7,51195,school,871,St. Paul Elementary
2023-2024,96,Wise County,567,NA,567,Southwest,7,51195,school,1010,Union High
2023-2024,96,Wise County,569,NA,569,Southwest,7,51195,school,1013,Union Middle
2023-2024,96,Wise County,830,NA,830,Southwest,7,51195,school,1012,Union Primary
2023-2024,96,Wise County,616,NA,616,Southwest,7,51195,school,1020,Wise Primary
2023-2024,97,Wythe County,431,NA,431,Southwest,7,51197,school,760,Fort Chiswell High
2023-2024,97,Wythe County,306,NA,306,Southwest,7,51197,school,1073,Fort Chiswell Middle
2023-2024,97,Wythe County,449,1,450,Southwest,7,51197,school,721,George Wythe High
2023-2024,97,Wythe County,220,NA,220,Southwest,7,51197,school,730,Jackson Memorial Elementary
2023-2024,97,Wythe County,201,NA,201,Southwest,7,51197,school,100,Max Meadows Elementary
2023-2024,97,Wythe County,361,NA,361,Southwest,7,51197,school,201,Rural Retreat Elementary
2023-2024,97,Wythe County,310,NA,310,Southwest,7,51197,school,202,Rural Retreat High
2023-2024,97,Wythe County,229,NA,229,Southwest,7,51197,school,1074,Rural Retreat Middle
2023-2024,97,Wythe County,305,NA,305,Southwest,7,51197,school,1075,Scott Memorial Middle
2023-2024,97,Wythe County,221,NA,221,Southwest,7,51197,school,740,Sheffey Elementary
2023-2024,97,Wythe County,134,NA,134,Southwest,7,51197,school,440,Speedwell Elementary
2023-2024,97,Wythe County,635,NA,635,Southwest,7,51197,school,190,Spiller Elementary
2023-2024,98,York County,573,56,629,Tidewater,2,51199,school,180,Bethel Manor Elementary
2023-2024,98,York County,737,NA,737,Tidewater,2,51199,school,20,Bruton High
2023-2024,98,York County,622,37,659,Tidewater,2,51199,school,90,Coventry Elementary
2023-2024,98,York County,392,19,411,Tidewater,2,51199,school,160,Dare Elementary
2023-2024,98,York County,604,25,629,Tidewater,2,51199,school,140,Grafton Bethel Elementary
2023-2024,98,York County,1229,NA,1229,Tidewater,2,51199,school,332,Grafton High
2023-2024,98,York County,913,NA,913,Tidewater,2,51199,school,333,Grafton Middle
2023-2024,98,York County,653,60,713,Tidewater,2,51199,school,10,Magruder Elementary
2023-2024,98,York County,548,19,567,Tidewater,2,51199,school,80,Mount Vernon Elementary
2023-2024,98,York County,567,NA,567,Tidewater,2,51199,school,200,Queens Lake Middle
2023-2024,98,York County,473,31,504,Tidewater,2,51199,school,170,Seaford Elementary
2023-2024,98,York County,653,49,702,Tidewater,2,51199,school,50,Tabb Elementary
2023-2024,98,York County,1131,NA,1131,Tidewater,2,51199,school,230,Tabb High
2023-2024,98,York County,971,NA,971,Tidewater,2,51199,school,190,Tabb Middle
2023-2024,98,York County,360,30,390,Tidewater,2,51199,school,220,Waller Mill Elementary
2023-2024,98,York County,988,NA,988,Tidewater,2,51199,school,30,York High
2023-2024,98,York County,71,NA,71,Tidewater,2,51199,school,335,York River Academy
2023-2024,98,York County,598,49,647,Tidewater,2,51199,school,210,Yorktown Elementary
2023-2024,98,York County,652,NA,652,Tidewater,2,51199,school,60,Yorktown Middle
2024-2025,1,Accomack County,453,NA,453,Tidewater,2,51001,school,701,Accawmacke Elementary
2024-2025,1,Accomack County,688,NA,688,Tidewater,2,51001,school,540,Arcadia High
2024-2025,1,Accomack County,469,NA,469,Tidewater,2,51001,school,704,Arcadia Middle
2024-2025,1,Accomack County,241,NA,241,Tidewater,2,51001,school,80,Chincoteague Elementary
2024-2025,1,Accomack County,271,NA,271,Tidewater,2,51001,school,580,Chincoteague High
2024-2025,1,Accomack County,501,NA,501,Tidewater,2,51001,school,600,Kegotank Elementary
2024-2025,1,Accomack County,435,NA,435,Tidewater,2,51001,school,702,Metompkin Elementary
2024-2025,1,Accomack County,621,NA,621,Tidewater,2,51001,school,70,Nandua High
2024-2025,1,Accomack County,454,NA,454,Tidewater,2,51001,school,703,Nandua Middle
2024-2025,1,Accomack County,452,NA,452,Tidewater,2,51001,school,590,Pungoteague Elementary
2024-2025,1,Accomack County,38,NA,38,Tidewater,2,51001,school,530,Tangier Combined
2024-2025,2,Albemarle County,523,NA,523,Valley,5,51003,school,160,Agnor Elementary
2024-2025,2,Albemarle County,1971,4,1975,Valley,5,51003,school,880,Albemarle High
2024-2025,2,Albemarle County,692,NA,692,Valley,5,51003,school,1053,Baker-Butler Elementary
2024-2025,2,Albemarle County,282,NA,282,Valley,5,51003,school,100,Broadus Wood Elementary
2024-2025,2,Albemarle County,530,NA,530,Valley,5,51003,school,941,Brownsville Elementary
2024-2025,2,Albemarle County,177,NA,177,Valley,5,51003,school,890,Community Lab School
2024-2025,2,Albemarle County,571,NA,571,Valley,5,51003,school,340,Crozet Elementary
2024-2025,2,Albemarle County,452,NA,452,Valley,5,51003,school,10,Hollymead Elementary
2024-2025,2,Albemarle County,358,NA,358,Valley,5,51003,school,250,Ivy Elementary
2024-2025,2,Albemarle County,535,NA,535,Valley,5,51003,school,69,Jackson P. Burley Middle
2024-2025,2,Albemarle County,847,NA,847,Valley,5,51003,school,942,Joseph T. Henley Middle
2024-2025,2,Albemarle County,647,1,648,Valley,5,51003,school,950,Journey Middle
2024-2025,2,Albemarle County,574,1,575,Valley,5,51003,school,1051,Lakeside Middle
2024-2025,2,Albemarle County,339,NA,339,Valley,5,51003,school,20,Leslie H. Walton Middle
2024-2025,2,Albemarle County,520,NA,520,Valley,5,51003,school,40,Mary Carr Greer Elementary
2024-2025,2,Albemarle County,1189,2,1191,Valley,5,51003,school,1052,Monticello High
2024-2025,2,Albemarle County,770,NA,770,Valley,5,51003,school,150,Mountain View Elementary
2024-2025,2,Albemarle County,210,NA,210,Valley,5,51003,school,540,Red Hill Elementary
2024-2025,2,Albemarle County,216,NA,216,Valley,5,51003,school,30,Scottsville Elementary
2024-2025,2,Albemarle County,476,NA,476,Valley,5,51003,school,920,Stone Robinson Elementary
2024-2025,2,Albemarle County,217,NA,217,Valley,5,51003,school,240,Stony Point Elementary
2024-2025,2,Albemarle County,273,NA,273,Valley,5,51003,school,910,Virginia L. Murray Elementary
2024-2025,2,Albemarle County,1273,1,1274,Valley,5,51003,school,140,Western Albemarle High
2024-2025,2,Albemarle County,522,NA,522,Valley,5,51003,school,930,Woodbrook Elementary
2024-2025,101,Alexandria City,4666,6,4672,Northern Virginia,4,51510,school,210,Alexandria City High School
2024-2025,101,Alexandria City,547,3,550,Northern Virginia,4,51510,school,120,Charles Barrett Elementary
2024-2025,101,Alexandria City,337,NA,337,Northern Virginia,4,51510,school,160,Cora Kelly School for Math Science and Technology
2024-2025,101,Alexandria City,680,1,681,Northern Virginia,4,51510,school,110,Douglas MacArthur Elementary
2024-2025,101,Alexandria City,198,NA,198,Northern Virginia,4,51510,school,360,Early Childhood Center
2024-2025,101,Alexandria City,589,NA,589,Northern Virginia,4,51510,school,350,Ferdinand T. Day Elementary
2024-2025,101,Alexandria City,1597,NA,1597,Northern Virginia,4,51510,school,140,Francis C. Hammond Middle
2024-2025,101,Alexandria City,332,NA,332,Northern Virginia,4,51510,school,100,George Mason Elementary
2024-2025,101,Alexandria City,1458,4,1462,Northern Virginia,4,51510,school,130,George Washington Middle
2024-2025,101,Alexandria City,804,NA,804,Northern Virginia,4,51510,school,220,James K. Polk Elementary
2024-2025,101,Alexandria City,506,4,510,Northern Virginia,4,51510,school,90,Jefferson-Houston PK-8 School
2024-2025,101,Alexandria City,743,NA,743,Northern Virginia,4,51510,school,230,John Adams Elementary
2024-2025,101,Alexandria City,378,6,384,Northern Virginia,4,51510,school,80,Lyles-Crouch Elementary
2024-2025,101,Alexandria City,933,2,935,Northern Virginia,4,51510,school,30,Mount Vernon Elementary
2024-2025,101,Alexandria City,319,1,320,Northern Virginia,4,51510,school,60,Naomi L. Brooks Elementary
2024-2025,101,Alexandria City,1075,NA,1075,Northern Virginia,4,51510,school,50,Patrick Henry K-8 School
2024-2025,101,Alexandria City,735,NA,735,Northern Virginia,4,51510,school,333,Samuel W. Tucker Elementary
2024-2025,101,Alexandria City,689,NA,689,Northern Virginia,4,51510,school,190,William Ramsay Elementary
2024-2025,3,Alleghany Highlands,818,1,819,NA,NA,NA,school,310,Alleghany High
2024-2025,3,Alleghany Highlands,270,NA,270,NA,NA,NA,school,110,Callaghan Elementary
2024-2025,3,Alleghany Highlands,594,NA,594,NA,NA,NA,school,1040,Covington Middle
2024-2025,3,Alleghany Highlands,491,NA,491,NA,NA,NA,school,360,Jeter-Watson Elementary
2024-2025,3,Alleghany Highlands,415,NA,415,NA,NA,NA,school,1041,Mountain View Elementary
2024-2025,3,Alleghany Highlands,216,NA,216,NA,NA,NA,school,90,Sharon Elementary
2024-2025,4,Amelia County,778,NA,778,Southside,8,51007,school,220,Amelia County Elementary
2024-2025,4,Amelia County,516,NA,516,Southside,8,51007,school,10,Amelia County High
2024-2025,4,Amelia County,306,NA,306,Southside,8,51007,school,210,Amelia County Middle
2024-2025,5,Amherst County,415,NA,415,Valley,5,51009,school,780,Amelon Elementary
2024-2025,5,Amherst County,1240,NA,1240,Valley,5,51009,school,750,Amherst County High
2024-2025,5,Amherst County,307,NA,307,Valley,5,51009,school,790,Amherst Elementary
2024-2025,5,Amherst County,371,NA,371,Valley,5,51009,school,670,Amherst Middle
2024-2025,5,Amherst County,268,NA,268,Valley,5,51009,school,770,Central Elementary
2024-2025,5,Amherst County,288,NA,288,Valley,5,51009,school,760,Elon Elementary
2024-2025,5,Amherst County,449,NA,449,Valley,5,51009,school,500,Madison Heights Elementary
2024-2025,5,Amherst County,469,NA,469,Valley,5,51009,school,20,Monelison Middle
2024-2025,5,Amherst County,93,NA,93,Valley,5,51009,school,740,Temperance Elementary
2024-2025,6,Appomattox County,731,NA,731,Southside,8,51011,school,260,Appomattox County High
2024-2025,6,Appomattox County,539,NA,539,Southside,8,51011,school,110,Appomattox Elementary
2024-2025,6,Appomattox County,542,NA,542,Southside,8,51011,school,160,Appomattox Middle
2024-2025,6,Appomattox County,609,NA,609,Southside,8,51011,school,250,Appomattox Primary
2024-2025,7,Arlington County,768,NA,768,Northern Virginia,4,51013,school,350,Abingdon Elementary
2024-2025,7,Arlington County,629,NA,629,Northern Virginia,4,51013,school,160,Alice West Fleet Elementary
2024-2025,7,Arlington County,156,NA,156,Northern Virginia,4,51013,school,618,Arlington Community High
2024-2025,7,Arlington County,632,NA,632,Northern Virginia,4,51013,school,629,Arlington Science Focus School
2024-2025,7,Arlington County,624,NA,624,Northern Virginia,4,51013,school,470,Arlington Traditional
2024-2025,7,Arlington County,556,NA,556,Northern Virginia,4,51013,school,490,Ashlawn Elementary
2024-2025,7,Arlington County,495,NA,495,Northern Virginia,4,51013,school,150,Barcroft Elementary
2024-2025,7,Arlington County,501,NA,501,Northern Virginia,4,51013,school,250,Barrett Elementary
2024-2025,7,Arlington County,403,NA,403,Northern Virginia,4,51013,school,615,Campbell Elementary
2024-2025,7,Arlington County,682,NA,682,Northern Virginia,4,51013,school,380,Cardinal Elementary
2024-2025,7,Arlington County,534,NA,534,Northern Virginia,4,51013,school,90,Carlin Springs Elementary
2024-2025,7,Arlington County,597,NA,597,Northern Virginia,4,51013,school,622,Claremont Immersion
2024-2025,7,Arlington County,489,NA,489,Northern Virginia,4,51013,school,626,Discovery Elementary
2024-2025,7,Arlington County,991,NA,991,Northern Virginia,4,51013,school,628,Dorothy Hamm Middle
2024-2025,7,Arlington County,417,NA,417,Northern Virginia,4,51013,school,200,Dr. Charles R. Drew Elementary
2024-2025,7,Arlington County,572,NA,572,Northern Virginia,4,51013,school,111,Escuela Key Elementary
2024-2025,7,Arlington County,574,NA,574,Northern Virginia,4,51013,school,100,Glebe Elementary
2024-2025,7,Arlington County,1074,NA,1074,Northern Virginia,4,51013,school,611,Gunston Middle
2024-2025,7,Arlington County,592,NA,592,Northern Virginia,4,51013,school,614,Hoffman-Boston Elementary
2024-2025,7,Arlington County,483,NA,483,Northern Virginia,4,51013,school,613,Innovation Elementary
2024-2025,7,Arlington County,34,NA,34,Northern Virginia,4,51013,school,37,Integration Station
2024-2025,7,Arlington County,456,NA,456,Northern Virginia,4,51013,school,440,Jamestown Elementary
2024-2025,7,Arlington County,1121,NA,1121,Northern Virginia,4,51013,school,180,Jefferson Middle
2024-2025,7,Arlington County,1055,NA,1055,Northern Virginia,4,51013,school,500,Kenmore Middle
2024-2025,7,Arlington County,442,NA,442,Northern Virginia,4,51013,school,460,Long Branch Elementary
2024-2025,7,Arlington County,528,NA,528,Northern Virginia,4,51013,school,627,Montessori Public School of Arlington
2024-2025,7,Arlington County,382,NA,382,Northern Virginia,4,51013,school,410,Nottingham Elementary
2024-2025,7,Arlington County,638,NA,638,Northern Virginia,4,51013,school,360,Oakridge Elementary
2024-2025,7,Arlington County,430,NA,430,Northern Virginia,4,51013,school,510,Randolph Elementary
2024-2025,7,Arlington County,994,NA,994,Northern Virginia,4,51013,school,240,Swanson Middle
2024-2025,7,Arlington County,530,NA,530,Northern Virginia,4,51013,school,420,Taylor Elementary
2024-2025,7,Arlington County,448,NA,448,Northern Virginia,4,51013,school,211,Tuckahoe Elementary
2024-2025,7,Arlington County,2652,NA,2652,Northern Virginia,4,51013,school,450,Wakefield High
2024-2025,7,Arlington County,3049,1,3050,Northern Virginia,4,51013,school,80,Washington-Liberty High
2024-2025,7,Arlington County,857,NA,857,Northern Virginia,4,51013,school,480,Williamsburg Middle
2024-2025,7,Arlington County,2600,NA,2600,Northern Virginia,4,51013,school,330,Yorktown High
2024-2025,8,Augusta County,410,NA,410,Valley,5,51015,school,660,Buffalo Gap High
2024-2025,8,Augusta County,285,NA,285,Valley,5,51015,school,650,Buffalo Gap Middle School
2024-2025,8,Augusta County,635,NA,635,Valley,5,51015,school,30,Cassell Elementary
2024-2025,8,Augusta County,448,NA,448,Valley,5,51015,school,140,Churchville Elementary
2024-2025,8,Augusta County,117,NA,117,Valley,5,51015,school,370,Craigsville Elementary
2024-2025,8,Augusta County,803,NA,803,Valley,5,51015,school,842,Edward G. Clymore Elementary
2024-2025,8,Augusta County,731,NA,731,Valley,5,51015,school,670,Fort Defiance High
2024-2025,8,Augusta County,457,NA,457,Valley,5,51015,school,843,Guy K. Stump Elementary
2024-2025,8,Augusta County,222,NA,222,Valley,5,51015,school,40,North River Elementary
2024-2025,8,Augusta County,714,NA,714,Valley,5,51015,school,740,Riverheads Elementary
2024-2025,8,Augusta County,467,NA,467,Valley,5,51015,school,680,Riverheads High
2024-2025,8,Augusta County,366,NA,366,Valley,5,51015,school,70,Riverheads Middle School
2024-2025,8,Augusta County,516,NA,516,Valley,5,51015,school,90,S. Gordon Stewart Middle
2024-2025,8,Augusta County,646,NA,646,Valley,5,51015,school,440,Stuarts Draft Elementary
2024-2025,8,Augusta County,668,NA,668,Valley,5,51015,school,730,Stuarts Draft High
2024-2025,8,Augusta County,513,1,514,Valley,5,51015,school,60,Stuarts Draft Middle
2024-2025,8,Augusta County,655,NA,655,Valley,5,51015,school,640,Wilson Elementary
2024-2025,8,Augusta County,837,NA,837,Valley,5,51015,school,720,Wilson Memorial High
2024-2025,8,Augusta County,641,NA,641,Valley,5,51015,school,844,Wilson Middle
2024-2025,9,Bath County,182,NA,182,Valley,5,51017,school,140,Bath County High
2024-2025,9,Bath County,143,NA,143,Valley,5,51017,school,120,Millboro Elementary
2024-2025,9,Bath County,184,NA,184,Valley,5,51017,school,150,Valley Elementary
2024-2025,10,Bedford County,448,NA,448,Valley,5,51019,school,480,Bedford Elementary
2024-2025,10,Bedford County,266,NA,266,Valley,5,51019,school,1200,Bedford Primary
2024-2025,10,Bedford County,182,NA,182,Valley,5,51019,school,30,Big Island Elementary
2024-2025,10,Bedford County,309,NA,309,Valley,5,51019,school,160,Boonsboro Elementary
2024-2025,10,Bedford County,384,NA,384,Valley,5,51019,school,500,Forest Elementary
2024-2025,10,Bedford County,854,NA,854,Valley,5,51019,school,1211,Forest Middle
2024-2025,10,Bedford County,504,NA,504,Valley,5,51019,school,1214,Goodview Elementary
2024-2025,10,Bedford County,221,NA,221,Valley,5,51019,school,980,Huddleston Elementary
2024-2025,10,Bedford County,1282,NA,1282,Valley,5,51019,school,1212,Jefferson Forest High
2024-2025,10,Bedford County,708,NA,708,Valley,5,51019,school,1180,Liberty High
2024-2025,10,Bedford County,518,NA,518,Valley,5,51019,school,490,Liberty Middle
2024-2025,10,Bedford County,218,NA,218,Valley,5,51019,school,970,Moneta Elementary
2024-2025,10,Bedford County,252,NA,252,Valley,5,51019,school,180,Montvale Elementary
2024-2025,10,Bedford County,330,NA,330,Valley,5,51019,school,610,New London Academy Elementary
2024-2025,10,Bedford County,167,NA,167,Valley,5,51019,school,1170,Otter River Elementary
2024-2025,10,Bedford County,818,NA,818,Valley,5,51019,school,1190,Staunton River High
2024-2025,10,Bedford County,612,NA,612,Valley,5,51019,school,1191,Staunton River Middle
2024-2025,10,Bedford County,292,NA,292,Valley,5,51019,school,640,Stewartsville Elementary
2024-2025,10,Bedford County,567,NA,567,Valley,5,51019,school,1213,Thomas Jefferson Elementary
2024-2025,11,Bland County,301,NA,301,Southwest,7,51021,school,250,Bland County Elementary
2024-2025,11,Bland County,517,NA,517,Southwest,7,51021,school,260,Bland County High
2024-2025,12,Botetourt County,211,NA,211,Western Virginia,6,51023,school,220,Breckinridge Elementary
2024-2025,12,Botetourt County,276,NA,276,Western Virginia,6,51023,school,20,Buchanan Elementary
2024-2025,12,Botetourt County,364,NA,364,Western Virginia,6,51023,school,420,Central Academy Middle
2024-2025,12,Botetourt County,234,NA,234,Western Virginia,6,51023,school,390,Cloverdale Elementary
2024-2025,12,Botetourt County,439,NA,439,Western Virginia,6,51023,school,400,Colonial Elementary
2024-2025,12,Botetourt County,121,NA,121,Western Virginia,6,51023,school,30,Eagle Rock Elementary
2024-2025,12,Botetourt County,435,NA,435,Western Virginia,6,51023,school,460,Greenfield Elementary
2024-2025,12,Botetourt County,464,NA,464,Western Virginia,6,51023,school,430,James River High
2024-2025,12,Botetourt County,963,NA,963,Western Virginia,6,51023,school,440,Lord Botetourt High
2024-2025,12,Botetourt County,670,NA,670,Western Virginia,6,51023,school,450,Read Mountain Middle
2024-2025,12,Botetourt County,247,NA,247,Western Virginia,6,51023,school,40,Troutville Elementary
2024-2025,102,Bristol City,638,NA,638,Southwest,7,51520,school,80,Virginia High
2024-2025,102,Bristol City,655,NA,655,Southwest,7,51520,school,202,Virginia Intermediate School
2024-2025,102,Bristol City,452,NA,452,Southwest,7,51520,school,10,Virginia Middle
2024-2025,102,Bristol City,422,NA,422,Southwest,7,51520,school,100,Virginia Primary School
2024-2025,13,Brunswick County,404,NA,404,Southside,8,51025,school,650,Brunswick High
2024-2025,13,Brunswick County,288,NA,288,Southside,8,51025,school,660,James S. Russell Middle
2024-2025,13,Brunswick County,177,NA,177,Southside,8,51025,school,690,Meherrin Powellton Elementary
2024-2025,13,Brunswick County,205,NA,205,Southside,8,51025,school,700,Red Oak-Sturgeon Elementary
2024-2025,13,Brunswick County,295,NA,295,Southside,8,51025,school,720,Totaro Elementary
2024-2025,14,Buchanan County,194,NA,194,Southwest,7,51027,school,90,Council Elementary/Middle
2024-2025,14,Buchanan County,115,NA,115,Southwest,7,51027,school,1000,Council High
2024-2025,14,Buchanan County,352,NA,352,Southwest,7,51027,school,990,Grundy High
2024-2025,14,Buchanan County,323,NA,323,Southwest,7,51027,school,120,Hurley Elementary/Middle
2024-2025,14,Buchanan County,194,NA,194,Southwest,7,51027,school,1020,Hurley High
2024-2025,14,Buchanan County,719,NA,719,Southwest,7,51027,school,1040,Riverview Elementary/Middle
2024-2025,14,Buchanan County,240,NA,240,Southwest,7,51027,school,1041,Twin Valley Elementary/Middle
2024-2025,14,Buchanan County,179,NA,179,Southwest,7,51027,school,1042,Twin Valley High
2024-2025,15,Buckingham County,351,NA,351,Southside,8,51029,school,724,Buckingham Co Elementary
2024-2025,15,Buckingham County,103,NA,103,Southside,8,51029,school,20,Buckingham Co Prekindergarten Center
2024-2025,15,Buckingham County,361,NA,361,Southside,8,51029,school,723,Buckingham Co Primary
2024-2025,15,Buckingham County,646,NA,646,Southside,8,51029,school,700,Buckingham County High
2024-2025,15,Buckingham County,407,NA,407,Southside,8,51029,school,721,Buckingham County Middle
2024-2025,103,Buena Vista City,268,NA,268,Valley,5,51530,school,40,Enderly Heights Elementary
2024-2025,103,Buena Vista City,177,NA,177,Valley,5,51530,school,70,F.W. Kling Jr. Elementary
2024-2025,103,Buena Vista City,315,NA,315,Valley,5,51530,school,62,Parry McCluer High
2024-2025,103,Buena Vista City,126,NA,126,Valley,5,51530,school,61,Parry McCluer Middle School
2024-2025,16,Campbell County,497,NA,497,Valley,5,51031,school,560,Altavista Elementary
2024-2025,16,Campbell County,606,NA,606,Valley,5,51031,school,200,Altavista High
2024-2025,16,Campbell County,410,NA,410,Valley,5,51031,school,650,Brookneal Elementary
2024-2025,16,Campbell County,1017,NA,1017,Valley,5,51031,school,720,Brookville High
2024-2025,16,Campbell County,648,NA,648,Valley,5,51031,school,20,Brookville Middle
2024-2025,16,Campbell County,406,NA,406,Valley,5,51031,school,130,Concord Elementary
2024-2025,16,Campbell County,646,NA,646,Valley,5,51031,school,690,Leesville Road Elementary
2024-2025,16,Campbell County,450,NA,450,Valley,5,51031,school,821,Rustburg Elementary
2024-2025,16,Campbell County,836,NA,836,Valley,5,51031,school,222,Rustburg High
2024-2025,16,Campbell County,626,NA,626,Valley,5,51031,school,211,Rustburg Middle
2024-2025,16,Campbell County,667,NA,667,Valley,5,51031,school,60,Tomahawk Elementary
2024-2025,16,Campbell County,384,NA,384,Valley,5,51031,school,542,William Campbell High
2024-2025,16,Campbell County,584,NA,584,Valley,5,51031,school,710,Yellow Branch Elementary
2024-2025,17,Caroline County,828,NA,828,Northern Neck,3,51033,school,620,Bowling Green Elementary
2024-2025,17,Caroline County,1311,NA,1311,Northern Neck,3,51033,school,460,Caroline High
2024-2025,17,Caroline County,982,NA,982,Northern Neck,3,51033,school,450,Caroline Middle
2024-2025,17,Caroline County,1003,NA,1003,Northern Neck,3,51033,school,9020,Lewis and Clark Elementary
2024-2025,17,Caroline County,452,NA,452,Northern Neck,3,51033,school,630,Madison Elementary
2024-2025,18,Carroll County,1033,1,1034,Southwest,7,51035,school,1230,Carroll County High
2024-2025,18,Carroll County,747,NA,747,Southwest,7,51035,school,450,Carroll County Middle
2024-2025,18,Carroll County,130,NA,130,Southwest,7,51035,school,1180,Fancy Gap Elementary
2024-2025,18,Carroll County,108,NA,108,Southwest,7,51035,school,1150,Gladesboro Elementary
2024-2025,18,Carroll County,259,NA,259,Southwest,7,51035,school,1210,Gladeville Elementary
2024-2025,18,Carroll County,461,NA,461,Southwest,7,51035,school,1170,Hillsville Elementary
2024-2025,18,Carroll County,199,NA,199,Southwest,7,51035,school,1160,Laurel Elementary
2024-2025,18,Carroll County,196,NA,196,Southwest,7,51035,school,1130,Oakland Elementary
2024-2025,18,Carroll County,304,NA,304,Southwest,7,51035,school,1110,St. Paul
2024-2025,19,Charles City County,302,NA,302,Central Virginia,1,51036,school,80,Charles City County Elementary
2024-2025,19,Charles City County,221,NA,221,Central Virginia,1,51036,school,100,Charles City County High
2024-2025,20,Charlotte County,169,NA,169,Southside,8,51037,school,470,Bacon District Elementary
2024-2025,20,Charlotte County,381,NA,381,Southside,8,51037,school,210,Central Middle
2024-2025,20,Charlotte County,471,NA,471,Southside,8,51037,school,100,Eureka Elementary
2024-2025,20,Charlotte County,226,NA,226,Southside,8,51037,school,450,Phenix Elementary
2024-2025,20,Charlotte County,460,NA,460,Southside,8,51037,school,460,Randolph-Henry High
2024-2025,104,Charlottesville City,563,1,564,Valley,5,51540,school,100,Buford Middle
2024-2025,104,Charlottesville City,299,NA,299,Valley,5,51540,school,70,Burnley-Moran Elementary
2024-2025,104,Charlottesville City,1438,3,1441,Valley,5,51540,school,140,Charlottesville High
2024-2025,104,Charlottesville City,267,NA,267,Valley,5,51540,school,90,Greenbrier Elementary
2024-2025,104,Charlottesville City,370,NA,370,Valley,5,51540,school,120,Jackson-Via Elementary
2024-2025,104,Charlottesville City,327,NA,327,Valley,5,51540,school,10,Johnson Elementary
2024-2025,104,Charlottesville City,285,NA,285,Valley,5,51540,school,50,Summit Elementary School
2024-2025,104,Charlottesville City,320,NA,320,Valley,5,51540,school,40,Trailblazer Elementary School
2024-2025,104,Charlottesville City,570,NA,570,Valley,5,51540,school,110,Walker Upper Elementary
2024-2025,136,Chesapeake City,829,NA,829,Tidewater,2,51550,school,630,B.M. Williams Primary
2024-2025,136,Chesapeake City,579,NA,579,Tidewater,2,51550,school,860,Butts Road Intermediate
2024-2025,136,Chesapeake City,498,NA,498,Tidewater,2,51550,school,770,Butts Road Primary
2024-2025,136,Chesapeake City,494,NA,494,Tidewater,2,51550,school,90,Camelot Elementary
2024-2025,136,Chesapeake City,988,NA,988,Tidewater,2,51550,school,900,Cedar Road Elementary
2024-2025,136,Chesapeake City,737,NA,737,Tidewater,2,51550,school,700,Crestwood Intermediate
2024-2025,136,Chesapeake City,559,NA,559,Tidewater,2,51550,school,560,Crestwood Middle
2024-2025,136,Chesapeake City,888,NA,888,Tidewater,2,51550,school,660,Deep Creek Central Elementary
2024-2025,136,Chesapeake City,770,NA,770,Tidewater,2,51550,school,210,Deep Creek Elementary
2024-2025,136,Chesapeake City,1698,NA,1698,Tidewater,2,51550,school,100,Deep Creek High
2024-2025,136,Chesapeake City,764,NA,764,Tidewater,2,51550,school,610,Deep Creek Middle
2024-2025,136,Chesapeake City,762,NA,762,Tidewater,2,51550,school,640,Edwin W. Chittum Elementary
2024-2025,136,Chesapeake City,441,NA,441,Tidewater,2,51550,school,720,G.A. Treakle Elementary
2024-2025,136,Chesapeake City,535,NA,535,Tidewater,2,51550,school,50,George W. Carver Intermediate
2024-2025,136,Chesapeake City,804,NA,804,Tidewater,2,51550,school,820,Georgetown Primary
2024-2025,136,Chesapeake City,1307,NA,1307,Tidewater,2,51550,school,950,Grassfield Elementary
2024-2025,136,Chesapeake City,2352,NA,2352,Tidewater,2,51550,school,960,Grassfield High
2024-2025,136,Chesapeake City,1492,NA,1492,Tidewater,2,51550,school,120,Great Bridge High
2024-2025,136,Chesapeake City,728,NA,728,Tidewater,2,51550,school,850,Great Bridge Intermediate
2024-2025,136,Chesapeake City,1312,NA,1312,Tidewater,2,51550,school,590,Great Bridge Middle
2024-2025,136,Chesapeake City,612,NA,612,Tidewater,2,51550,school,680,Great Bridge Primary
2024-2025,136,Chesapeake City,657,NA,657,Tidewater,2,51550,school,870,Greenbrier Intermediate
2024-2025,136,Chesapeake City,791,NA,791,Tidewater,2,51550,school,972,Greenbrier Middle
2024-2025,136,Chesapeake City,679,NA,679,Tidewater,2,51550,school,140,Greenbrier Primary
2024-2025,136,Chesapeake City,695,NA,695,Tidewater,2,51550,school,340,Hickory Elementary
2024-2025,136,Chesapeake City,1602,NA,1602,Tidewater,2,51550,school,890,Hickory High
2024-2025,136,Chesapeake City,1285,NA,1285,Tidewater,2,51550,school,280,Hickory Middle
2024-2025,136,Chesapeake City,1288,NA,1288,Tidewater,2,51550,school,920,Hugo A. Owens Middle
2024-2025,136,Chesapeake City,1643,NA,1643,Tidewater,2,51550,school,830,Indian River High
2024-2025,136,Chesapeake City,744,NA,744,Tidewater,2,51550,school,710,Indian River Middle
2024-2025,136,Chesapeake City,754,NA,754,Tidewater,2,51550,school,973,Jolliff Middle
2024-2025,136,Chesapeake City,294,NA,294,Tidewater,2,51550,school,160,Norfolk Highlands Primary
2024-2025,136,Chesapeake City,2268,NA,2268,Tidewater,2,51550,school,80,Oscar F. Smith High
2024-2025,136,Chesapeake City,973,NA,973,Tidewater,2,51550,school,10,Oscar Smith Middle
2024-2025,136,Chesapeake City,518,NA,518,Tidewater,2,51550,school,730,Portlock Primary
2024-2025,136,Chesapeake City,301,NA,301,Tidewater,2,51550,school,200,Rena B. Wright Primary
2024-2025,136,Chesapeake City,828,NA,828,Tidewater,2,51550,school,620,Southeastern Elementary
2024-2025,136,Chesapeake City,549,NA,549,Tidewater,2,51550,school,600,Southwestern Elementary
2024-2025,136,Chesapeake City,413,NA,413,Tidewater,2,51550,school,750,Sparrow Road Intermediate
2024-2025,136,Chesapeake City,395,NA,395,Tidewater,2,51550,school,40,Thurgood Marshall Elementary
2024-2025,136,Chesapeake City,258,NA,258,Tidewater,2,51550,school,971,Truitt Intermediate
2024-2025,136,Chesapeake City,2145,NA,2145,Tidewater,2,51550,school,840,Western Branch High
2024-2025,136,Chesapeake City,796,NA,796,Tidewater,2,51550,school,810,Western Branch Intermediate
2024-2025,136,Chesapeake City,858,NA,858,Tidewater,2,51550,school,740,Western Branch Middle
2024-2025,136,Chesapeake City,802,NA,802,Tidewater,2,51550,school,110,Western Branch Primary
2024-2025,21,Chesterfield County,708,NA,708,Central Virginia,1,51041,school,620,A.M. Davis Elementary
2024-2025,21,Chesterfield County,671,NA,671,Central Virginia,1,51041,school,861,Alberta Smith Elementary
2024-2025,21,Chesterfield County,1496,2,1498,Central Virginia,1,51041,school,631,Bailey Bridge Middle
2024-2025,21,Chesterfield County,493,NA,493,Central Virginia,1,51041,school,660,Bellwood Elementary
2024-2025,21,Chesterfield County,615,NA,615,Central Virginia,1,51041,school,430,Bensley Elementary
2024-2025,21,Chesterfield County,605,NA,605,Central Virginia,1,51041,school,510,Bettie Weaver Elementary
2024-2025,21,Chesterfield County,902,NA,902,Central Virginia,1,51041,school,130,Beulah Elementary
2024-2025,21,Chesterfield County,488,NA,488,Central Virginia,1,51041,school,20,Bon Air Elementary
2024-2025,21,Chesterfield County,606,NA,606,Central Virginia,1,51041,school,50,C.C. Wells Elementary
2024-2025,21,Chesterfield County,767,NA,767,Central Virginia,1,51041,school,492,C.E. Curtis Elementary
2024-2025,21,Chesterfield County,272,1,273,Central Virginia,1,51041,school,30,Carver College and Career Academy
2024-2025,21,Chesterfield County,970,1,971,Central Virginia,1,51041,school,420,Carver Middle
2024-2025,21,Chesterfield County,326,NA,326,Central Virginia,1,51041,school,33,Chester Early Childhood Learning Academy
2024-2025,21,Chesterfield County,440,1,441,Central Virginia,1,51041,school,93,Chesterfield Virtual School
2024-2025,21,Chesterfield County,866,NA,866,Central Virginia,1,51041,school,150,Clover Hill Elementary
2024-2025,21,Chesterfield County,1742,4,1746,Central Virginia,1,51041,school,740,Clover Hill High
2024-2025,21,Chesterfield County,2507,9,2516,Central Virginia,1,51041,school,840,Cosby High
2024-2025,21,Chesterfield County,635,NA,635,Central Virginia,1,51041,school,560,Crestwood Elementary
2024-2025,21,Chesterfield County,764,NA,764,Central Virginia,1,51041,school,480,Ecoff Elementary
2024-2025,21,Chesterfield County,1364,3,1367,Central Virginia,1,51041,school,870,Elizabeth Davis Middle
2024-2025,21,Chesterfield County,729,NA,729,Central Virginia,1,51041,school,850,Elizabeth Scott Elementary
2024-2025,21,Chesterfield County,691,NA,691,Central Virginia,1,51041,school,390,Enon Elementary
2024-2025,21,Chesterfield County,560,NA,560,Central Virginia,1,51041,school,350,Ettrick Elementary
2024-2025,21,Chesterfield County,797,NA,797,Central Virginia,1,51041,school,300,Evergreen Elementary
2024-2025,21,Chesterfield County,823,NA,823,Central Virginia,1,51041,school,590,Falling Creek Elementary
2024-2025,21,Chesterfield County,1443,NA,1443,Central Virginia,1,51041,school,670,Falling Creek Middle
2024-2025,21,Chesterfield County,724,NA,724,Central Virginia,1,51041,school,180,Grange Hall Elementary
2024-2025,21,Chesterfield County,519,NA,519,Central Virginia,1,51041,school,70,Greenfield Elementary
2024-2025,21,Chesterfield County,486,NA,486,Central Virginia,1,51041,school,460,Harrowgate Elementary
2024-2025,21,Chesterfield County,776,NA,776,Central Virginia,1,51041,school,60,Hopkins Road Elementary
2024-2025,21,Chesterfield County,835,NA,835,Central Virginia,1,51041,school,550,J.A. Chalkley Elementary
2024-2025,21,Chesterfield County,913,NA,913,Central Virginia,1,51041,school,650,J.B. Watkins Elementary
2024-2025,21,Chesterfield County,877,NA,877,Central Virginia,1,51041,school,500,J.G. Hening Elementary
2024-2025,21,Chesterfield County,716,NA,716,Central Virginia,1,51041,school,400,Jacobs Road Elementary
2024-2025,21,Chesterfield County,1842,1,1843,Central Virginia,1,51041,school,770,James River High
2024-2025,21,Chesterfield County,2131,3,2134,Central Virginia,1,51041,school,10,Lloyd C. Bird High
2024-2025,21,Chesterfield County,2236,7,2243,Central Virginia,1,51041,school,632,Manchester High
2024-2025,21,Chesterfield County,1109,NA,1109,Central Virginia,1,51041,school,600,Manchester Middle
2024-2025,21,Chesterfield County,642,NA,642,Central Virginia,1,51041,school,780,Marguerite F. Christian Elementary
2024-2025,21,Chesterfield County,676,NA,676,Central Virginia,1,51041,school,370,Matoaca Elementary
2024-2025,21,Chesterfield County,1624,4,1628,Central Virginia,1,51041,school,530,Matoaca High
2024-2025,21,Chesterfield County,775,1,776,Central Virginia,1,51041,school,110,Matoaca Middle
2024-2025,21,Chesterfield County,1953,2,1955,Central Virginia,1,51041,school,580,Meadowbrook High
2024-2025,21,Chesterfield County,2048,4,2052,Central Virginia,1,51041,school,320,Midlothian High
2024-2025,21,Chesterfield County,1330,1,1331,Central Virginia,1,51041,school,40,Midlothian Middle
2024-2025,21,Chesterfield County,1644,NA,1644,Central Virginia,1,51041,school,280,Monacan High
2024-2025,21,Chesterfield County,972,NA,972,Central Virginia,1,51041,school,92,Moseley Elementary
2024-2025,21,Chesterfield County,620,NA,620,Central Virginia,1,51041,school,360,O.B. Gates Elementary
2024-2025,21,Chesterfield County,981,NA,981,Central Virginia,1,51041,school,90,Old Hundred Elementary
2024-2025,21,Chesterfield County,682,NA,682,Central Virginia,1,51041,school,380,Providence Elementary
2024-2025,21,Chesterfield County,1033,1,1034,Central Virginia,1,51041,school,690,Providence Middle
2024-2025,21,Chesterfield County,612,NA,612,Central Virginia,1,51041,school,700,Reams Road Elementary
2024-2025,21,Chesterfield County,660,NA,660,Central Virginia,1,51041,school,730,Robious Elementary
2024-2025,21,Chesterfield County,1081,NA,1081,Central Virginia,1,51041,school,760,Robious Middle
2024-2025,21,Chesterfield County,574,NA,574,Central Virginia,1,51041,school,720,Salem Church Elementary
2024-2025,21,Chesterfield County,876,1,877,Central Virginia,1,51041,school,722,Salem Church Middle
2024-2025,21,Chesterfield County,848,NA,848,Central Virginia,1,51041,school,800,Spring Run Elementary
2024-2025,21,Chesterfield County,724,NA,724,Central Virginia,1,51041,school,340,Swift Creek Elementary
2024-2025,21,Chesterfield County,1180,3,1183,Central Virginia,1,51041,school,270,Swift Creek Middle
2024-2025,21,Chesterfield County,708,NA,708,Central Virginia,1,51041,school,410,Thelma Crenshaw Elementary
2024-2025,21,Chesterfield County,2582,11,2593,Central Virginia,1,51041,school,610,Thomas Dale High
2024-2025,21,Chesterfield County,1650,NA,1650,Central Virginia,1,51041,school,880,Tomahawk Creek Middle
2024-2025,21,Chesterfield County,628,NA,628,Central Virginia,1,51041,school,290,W.W. Gordon Elementary
2024-2025,21,Chesterfield County,834,NA,834,Central Virginia,1,51041,school,860,Winterpock Elementary
2024-2025,21,Chesterfield County,813,NA,813,Central Virginia,1,51041,school,440,Woolridge Elementary
2024-2025,22,Clarke County,281,NA,281,Northern Virginia,4,51043,school,250,Boyce Elementary
2024-2025,22,Clarke County,683,NA,683,Northern Virginia,4,51043,school,10,Clarke County High
2024-2025,22,Clarke County,504,5,509,Northern Virginia,4,51043,school,290,D.G. Cooley Elementary
2024-2025,22,Clarke County,415,NA,415,Northern Virginia,4,51043,school,280,Johnson-Williams Middle
2024-2025,202,Colonial Beach,367,NA,367,NA,NA,NA,school,22,Colonial Beach Elementary
2024-2025,202,Colonial Beach,226,NA,226,NA,NA,NA,school,21,Colonial Beach High
2024-2025,106,Colonial Heights City,886,NA,886,Central Virginia,1,51570,school,40,Colonial Heights High
2024-2025,106,Colonial Heights City,700,NA,700,Central Virginia,1,51570,school,20,Colonial Heights Middle
2024-2025,106,Colonial Heights City,422,NA,422,Central Virginia,1,51570,school,50,Lakeview Elementary
2024-2025,106,Colonial Heights City,311,NA,311,Central Virginia,1,51570,school,30,North Elementary
2024-2025,106,Colonial Heights City,652,NA,652,Central Virginia,1,51570,school,60,Tussing Elementary
2024-2025,23,Craig County,278,NA,278,Western Virginia,6,51045,school,11,Craig County High
2024-2025,23,Craig County,229,NA,229,Western Virginia,6,51045,school,10,McCleary Elementary
2024-2025,24,Culpeper County,563,NA,563,Northern Virginia,4,51047,school,240,A.G. Richardson Elementary
2024-2025,24,Culpeper County,1204,NA,1204,Northern Virginia,4,51047,school,480,Culpeper County High
2024-2025,24,Culpeper County,1040,NA,1040,Northern Virginia,4,51047,school,20,Culpeper Middle
2024-2025,24,Culpeper County,1529,NA,1529,Northern Virginia,4,51047,school,50,Eastern View High
2024-2025,24,Culpeper County,702,NA,702,Northern Virginia,4,51047,school,450,Emerald Hill Elementary
2024-2025,24,Culpeper County,453,NA,453,Northern Virginia,4,51047,school,470,Farmington Elementary
2024-2025,24,Culpeper County,825,NA,825,Northern Virginia,4,51047,school,581,Floyd T. Binns Middle
2024-2025,24,Culpeper County,9,NA,9,Northern Virginia,4,51047,school,582,Galbreath-Marshall Building
2024-2025,24,Culpeper County,680,NA,680,Northern Virginia,4,51047,school,10,Pearl Sample Elementary
2024-2025,24,Culpeper County,689,NA,689,Northern Virginia,4,51047,school,460,Sycamore Park Elementary
2024-2025,24,Culpeper County,687,NA,687,Northern Virginia,4,51047,school,40,Yowell Elementary
2024-2025,25,Cumberland County,530,NA,530,Southside,8,51049,school,140,Cumberland Elementary
2024-2025,25,Cumberland County,374,NA,374,Southside,8,51049,school,151,Cumberland High
2024-2025,25,Cumberland County,374,NA,374,Southside,8,51049,school,152,Cumberland Middle
2024-2025,108,Danville City,466,NA,466,Western Virginia,6,51590,school,490,Edwin A. Gibson Elementary
2024-2025,108,Danville City,201,NA,201,Western Virginia,6,51590,school,20,Forest Hills Elementary
2024-2025,108,Danville City,571,NA,571,Western Virginia,6,51590,school,190,G.L.H. Johnson Elementary
2024-2025,108,Danville City,260,NA,260,Western Virginia,6,51590,school,1374,Galileo Magnet High
2024-2025,108,Danville City,1248,NA,1248,Western Virginia,6,51590,school,210,George Washington High
2024-2025,108,Danville City,122,NA,122,Western Virginia,6,51590,school,200,Grove Park Preschool
2024-2025,108,Danville City,501,NA,501,Western Virginia,6,51590,school,260,O. Trent Bonner Middle
2024-2025,108,Danville City,361,NA,361,Western Virginia,6,51590,school,250,Park Avenue Elementary
2024-2025,108,Danville City,163,NA,163,Western Virginia,6,51590,school,139,R.I.S.E Academy at the John M. Langston Campus
2024-2025,108,Danville City,516,NA,516,Western Virginia,6,51590,school,40,Schoolfield Elementary
2024-2025,108,Danville City,137,NA,137,Western Virginia,6,51590,school,30,The Northside Preschool
2024-2025,108,Danville City,642,NA,642,Western Virginia,6,51590,school,1372,Westwood Middle
2024-2025,108,Danville City,377,NA,377,Western Virginia,6,51590,school,220,Woodberry Hills Elementary
2024-2025,26,Dickenson County,667,NA,667,Southwest,7,51051,school,281,Ridgeview Elementary
2024-2025,26,Dickenson County,548,NA,548,Southwest,7,51051,school,275,Ridgeview High
2024-2025,26,Dickenson County,586,NA,586,Southwest,7,51051,school,280,Ridgeview Middle
2024-2025,27,Dinwiddie County,1261,NA,1261,Central Virginia,1,51053,school,500,Dinwiddie County High
2024-2025,27,Dinwiddie County,920,NA,920,Central Virginia,1,51053,school,471,Dinwiddie County Middle
2024-2025,27,Dinwiddie County,341,NA,341,Central Virginia,1,51053,school,310,Dinwiddie Elementary
2024-2025,27,Dinwiddie County,352,NA,352,Central Virginia,1,51053,school,250,Midway Elementary
2024-2025,27,Dinwiddie County,446,NA,446,Central Virginia,1,51053,school,10,Southside Elementary
2024-2025,27,Dinwiddie County,281,NA,281,Central Virginia,1,51053,school,180,Sunnyside Elementary
2024-2025,27,Dinwiddie County,548,NA,548,Central Virginia,1,51053,school,520,Sutherland Elementary
2024-2025,28,Essex County,393,NA,393,Northern Neck,3,51057,school,10,Essex High
2024-2025,28,Essex County,299,NA,299,Northern Neck,3,51057,school,150,James H. Cary Intermediate
2024-2025,28,Essex County,400,NA,400,Northern Neck,3,51057,school,160,Tappahannock Elementary
2024-2025,29,Fairfax County,455,4,459,Northern Virginia,4,51059,school,2203,Aldrin Elementary
2024-2025,29,Fairfax County,2163,NA,2163,Northern Virginia,4,51059,school,660,Annandale High
2024-2025,29,Fairfax County,680,2,682,Northern Virginia,4,51059,school,1360,Annandale Terrace Elementary
2024-2025,29,Fairfax County,543,2,545,Northern Virginia,4,51059,school,110,Archer Elementary
2024-2025,29,Fairfax County,357,NA,357,Northern Virginia,4,51059,school,1530,Armstrong Elementary
2024-2025,29,Fairfax County,814,6,820,Northern Virginia,4,51059,school,550,Bailey's Elementary School for the Arts and Sciences
2024-2025,29,Fairfax County,540,NA,540,Northern Virginia,4,51059,school,2459,Bailey's Upper Elementary School for the Arts and Sciences
2024-2025,29,Fairfax County,366,3,369,Northern Virginia,4,51059,school,1730,Beech Tree Elementary
2024-2025,29,Fairfax County,419,1,420,Northern Virginia,4,51059,school,560,Belle View Elementary
2024-2025,29,Fairfax County,606,6,612,Northern Virginia,4,51059,school,720,Belvedere Elementary
2024-2025,29,Fairfax County,718,68,786,Northern Virginia,4,51059,school,2000,Bonnie Brae Elementary
2024-2025,29,Fairfax County,955,1,956,Northern Virginia,4,51059,school,1090,Braddock Elementary
2024-2025,29,Fairfax County,490,10,500,Northern Virginia,4,51059,school,940,Bren Mar Park Elementary
2024-2025,29,Fairfax County,684,1,685,Northern Virginia,4,51059,school,1790,Brookfield Elementary
2024-2025,29,Fairfax County,154,NA,154,Northern Virginia,4,51059,school,2201,Bryant High
2024-2025,29,Fairfax County,319,15,334,Northern Virginia,4,51059,school,700,Bucknell Elementary
2024-2025,29,Fairfax County,236,NA,236,Northern Virginia,4,51059,school,2251,Bull Run Early Childhood Resource Center
2024-2025,29,Fairfax County,766,3,769,Northern Virginia,4,51059,school,2225,Bull Run Elementary
2024-2025,29,Fairfax County,674,12,686,Northern Virginia,4,51059,school,680,Bush Hill Elementary
2024-2025,29,Fairfax County,602,9,611,Northern Virginia,4,51059,school,1940,Camelot Elementary
2024-2025,29,Fairfax County,606,2,608,Northern Virginia,4,51059,school,620,Cameron Elementary
2024-2025,29,Fairfax County,735,2,737,Northern Virginia,4,51059,school,1590,Canterbury Woods Elementary
2024-2025,29,Fairfax County,680,31,711,Northern Virginia,4,51059,school,1690,Cardinal Forest Elementary
2024-2025,29,Fairfax County,1358,2,1360,Northern Virginia,4,51059,school,2222,Carson Middle
2024-2025,29,Fairfax County,635,40,675,Northern Virginia,4,51059,school,2090,Centre Ridge Elementary
2024-2025,29,Fairfax County,741,5,746,Northern Virginia,4,51059,school,2205,Centreville Elementary
2024-2025,29,Fairfax County,2349,1,2350,Northern Virginia,4,51059,school,200,Centreville High
2024-2025,29,Fairfax County,2945,NA,2945,Northern Virginia,4,51059,school,131,Chantilly High
2024-2025,29,Fairfax County,481,19,500,Northern Virginia,4,51059,school,480,Cherry Run Elementary
2024-2025,29,Fairfax County,557,8,565,Northern Virginia,4,51059,school,100,Chesterbrook Elementary
2024-2025,29,Fairfax County,635,NA,635,Northern Virginia,4,51059,school,1050,Churchill Road Elementary
2024-2025,29,Fairfax County,581,25,606,Northern Virginia,4,51059,school,260,Clearview Elementary
2024-2025,29,Fairfax County,549,NA,549,Northern Virginia,4,51059,school,1870,Clermont Elementary
2024-2025,29,Fairfax County,996,NA,996,Northern Virginia,4,51059,school,2347,Coates Elementary
2024-2025,29,Fairfax County,377,16,393,Northern Virginia,4,51059,school,1510,Columbia Elementary
2024-2025,29,Fairfax County,750,11,761,Northern Virginia,4,51059,school,2234,Colvin Run Elementary
2024-2025,29,Fairfax County,997,3,1000,Northern Virginia,4,51059,school,1190,Cooper Middle
2024-2025,29,Fairfax County,582,NA,582,Northern Virginia,4,51059,school,870,Crestwood Elementary
2024-2025,29,Fairfax County,514,15,529,Northern Virginia,4,51059,school,2020,Crossfield Elementary
2024-2025,29,Fairfax County,621,10,631,Northern Virginia,4,51059,school,1600,Cub Run Elementary
2024-2025,29,Fairfax County,412,4,416,Northern Virginia,4,51059,school,1700,Cunningham Park Elementary
2024-2025,29,Fairfax County,811,21,832,Northern Virginia,4,51059,school,2229,Daniels Run Elementary
2024-2025,29,Fairfax County,522,10,532,Northern Virginia,4,51059,school,2204,Deer Park Elementary
2024-2025,29,Fairfax County,745,8,753,Northern Virginia,4,51059,school,220,Dogwood Elementary
2024-2025,29,Fairfax County,611,8,619,Northern Virginia,4,51059,school,2010,Dranesville Elementary
2024-2025,29,Fairfax County,266,NA,266,Northern Virginia,4,51059,school,2238,Dunn Loring Early Childhood Resource Center
2024-2025,29,Fairfax County,665,19,684,Northern Virginia,4,51059,school,2243,Eagle View Elementary
2024-2025,29,Fairfax County,2299,2,2301,Northern Virginia,4,51059,school,1270,Edison High
2024-2025,29,Fairfax County,226,NA,226,Northern Virginia,4,51059,school,190,Fairfax County Adult High
2024-2025,29,Fairfax County,2406,2,2408,Northern Virginia,4,51059,school,20,Fairfax High
2024-2025,29,Fairfax County,515,20,535,Northern Virginia,4,51059,school,1480,Fairfax Villa Elementary
2024-2025,29,Fairfax County,566,1,567,Northern Virginia,4,51059,school,1630,Fairhill Elementary
2024-2025,29,Fairfax County,751,1,752,Northern Virginia,4,51059,school,290,Fairview Elementary
2024-2025,29,Fairfax County,2175,NA,2175,Northern Virginia,4,51059,school,1100,Falls Church High
2024-2025,29,Fairfax County,614,NA,614,Northern Virginia,4,51059,school,730,Flint Hill Elementary
2024-2025,29,Fairfax County,666,1,667,Northern Virginia,4,51059,school,740,Floris Elementary
2024-2025,29,Fairfax County,454,4,458,Northern Virginia,4,51059,school,70,Forest Edge Elementary
2024-2025,29,Fairfax County,538,8,546,Northern Virginia,4,51059,school,1450,Forestdale Elementary
2024-2025,29,Fairfax County,571,2,573,Northern Virginia,4,51059,school,370,Forestville Elementary
2024-2025,29,Fairfax County,707,6,713,Northern Virginia,4,51059,school,2224,Fort Belvoir Elementary
2024-2025,29,Fairfax County,761,8,769,Northern Virginia,4,51059,school,2458,Fort Belvoir Upper Elementary
2024-2025,29,Fairfax County,552,1,553,Northern Virginia,4,51059,school,1920,Fort Hunt Elementary
2024-2025,29,Fairfax County,650,1,651,Northern Virginia,4,51059,school,390,Fox Mill Elementary
2024-2025,29,Fairfax County,492,1,493,Northern Virginia,4,51059,school,320,Franconia Elementary
2024-2025,29,Fairfax County,798,3,801,Northern Virginia,4,51059,school,440,Franklin Middle
2024-2025,29,Fairfax County,500,19,519,Northern Virginia,4,51059,school,490,Freedom Hill Elementary
2024-2025,29,Fairfax County,1278,1,1279,Northern Virginia,4,51059,school,1410,Frost Middle
2024-2025,29,Fairfax County,316,3,319,Northern Virginia,4,51059,school,630,Garfield Elementary
2024-2025,29,Fairfax County,1704,1,1705,Northern Virginia,4,51059,school,1170,Glasgow Middle
2024-2025,29,Fairfax County,780,17,797,Northern Virginia,4,51059,school,970,Glen Forest Elementary
2024-2025,29,Fairfax County,438,1,439,Northern Virginia,4,51059,school,530,Graham Road Elementary
2024-2025,29,Fairfax County,513,NA,513,Northern Virginia,4,51059,school,570,Great Falls Elementary
2024-2025,29,Fairfax County,922,20,942,Northern Virginia,4,51059,school,1840,Greenbriar East Elementary
2024-2025,29,Fairfax County,631,NA,631,Northern Virginia,4,51059,school,1500,Greenbriar West Elementary
2024-2025,29,Fairfax County,765,NA,765,Northern Virginia,4,51059,school,330,Groveton Elementary
2024-2025,29,Fairfax County,533,8,541,Northern Virginia,4,51059,school,690,Gunston Elementary
2024-2025,29,Fairfax County,608,16,624,Northern Virginia,4,51059,school,2210,Halley Elementary
2024-2025,29,Fairfax County,838,NA,838,Northern Virginia,4,51059,school,750,Haycock Elementary
2024-2025,29,Fairfax County,600,1,601,Northern Virginia,4,51059,school,1740,Hayfield Elementary
2024-2025,29,Fairfax County,3261,6,3267,Northern Virginia,4,51059,school,1800,Hayfield Secondary
2024-2025,29,Fairfax County,792,NA,792,Northern Virginia,4,51059,school,1250,Herndon Elementary
2024-2025,29,Fairfax County,2267,NA,2267,Northern Virginia,4,51059,school,32,Herndon High
2024-2025,29,Fairfax County,899,8,907,Northern Virginia,4,51059,school,33,Herndon Middle
2024-2025,29,Fairfax County,594,NA,594,Northern Virginia,4,51059,school,1330,Hollin Meadows Elementary
2024-2025,29,Fairfax County,881,2,883,Northern Virginia,4,51059,school,1521,Holmes Middle
2024-2025,29,Fairfax County,1013,3,1016,Northern Virginia,4,51059,school,350,Hughes Middle
2024-2025,29,Fairfax County,735,2,737,Northern Virginia,4,51059,school,1880,Hunt Valley Elementary
2024-2025,29,Fairfax County,726,1,727,Northern Virginia,4,51059,school,1950,Hunters Woods Elementary School for the Arts and Sciences
2024-2025,29,Fairfax County,970,3,973,Northern Virginia,4,51059,school,1980,Hutchison Elementary
2024-2025,29,Fairfax County,878,1,879,Northern Virginia,4,51059,school,1420,Hybla Valley Elementary
2024-2025,29,Fairfax County,1204,10,1214,Northern Virginia,4,51059,school,1120,Irving Middle
2024-2025,29,Fairfax County,686,8,694,Northern Virginia,4,51059,school,2235,Island Creek Elementary
2024-2025,29,Fairfax County,994,NA,994,Northern Virginia,4,51059,school,673,Jackson Middle
2024-2025,29,Fairfax County,1172,1,1173,Northern Virginia,4,51059,school,1110,Johnson Middle
2024-2025,29,Fairfax County,2359,NA,2359,Northern Virginia,4,51059,school,1070,Justice High
2024-2025,29,Fairfax County,813,2,815,Northern Virginia,4,51059,school,1240,Keene Mill Elementary
2024-2025,29,Fairfax County,920,1,921,Northern Virginia,4,51059,school,980,Kent Gardens Elementary
2024-2025,29,Fairfax County,43,NA,43,Northern Virginia,4,51059,school,1901,Key Center
2024-2025,29,Fairfax County,701,2,703,Northern Virginia,4,51059,school,1900,Key Middle
2024-2025,29,Fairfax County,58,NA,58,Northern Virginia,4,51059,school,1761,Kilmer Center
2024-2025,29,Fairfax County,1199,12,1211,Northern Virginia,4,51059,school,1760,Kilmer Middle
2024-2025,29,Fairfax County,477,NA,477,Northern Virginia,4,51059,school,1890,Kings Glen Elementary
2024-2025,29,Fairfax County,656,17,673,Northern Virginia,4,51059,school,1440,Kings Park Elementary
2024-2025,29,Fairfax County,616,4,620,Northern Virginia,4,51059,school,1570,Lake Anne Elementary
2024-2025,29,Fairfax County,4421,8,4429,Northern Virginia,4,51059,school,90,Lake Braddock Secondary
2024-2025,29,Fairfax County,717,NA,717,Northern Virginia,4,51059,school,2209,Lane Elementary
2024-2025,29,Fairfax County,2184,NA,2184,Northern Virginia,4,51059,school,1460,Langley High
2024-2025,29,Fairfax County,744,1,745,Northern Virginia,4,51059,school,2348,Laurel Hill Elementary
2024-2025,29,Fairfax County,835,6,841,Northern Virginia,4,51059,school,1970,Laurel Ridge Elementary
2024-2025,29,Fairfax County,547,NA,547,Northern Virginia,4,51059,school,1850,Lees Corner Elementary
2024-2025,29,Fairfax County,595,4,599,Northern Virginia,4,51059,school,770,Lemon Road Elementary
2024-2025,29,Fairfax County,1659,NA,1659,Northern Virginia,4,51059,school,1020,Lewis High
2024-2025,29,Fairfax County,914,2,916,Northern Virginia,4,51059,school,2233,Liberty Middle
2024-2025,29,Fairfax County,264,8,272,Northern Virginia,4,51059,school,1400,Little Run Elementary
2024-2025,29,Fairfax County,658,8,666,Northern Virginia,4,51059,school,1830,London Towne Elementary
2024-2025,29,Fairfax County,1226,1,1227,Northern Virginia,4,51059,school,1150,Longfellow Middle
2024-2025,29,Fairfax County,745,NA,745,Northern Virginia,4,51059,school,2236,Lorton Station Elementary
2024-2025,29,Fairfax County,595,NA,595,Northern Virginia,4,51059,school,890,Lynbrook Elementary
2024-2025,29,Fairfax County,2094,NA,2094,Northern Virginia,4,51059,school,1060,Madison High
2024-2025,29,Fairfax County,909,12,921,Northern Virginia,4,51059,school,1210,Mantua Elementary
2024-2025,29,Fairfax County,2218,NA,2218,Northern Virginia,4,51059,school,1290,Marshall High
2024-2025,29,Fairfax County,691,NA,691,Northern Virginia,4,51059,school,1200,Marshall Road Elementary
2024-2025,29,Fairfax County,685,22,707,Northern Virginia,4,51059,school,2410,Mason Crest Elementary
2024-2025,29,Fairfax County,2438,NA,2438,Northern Virginia,4,51059,school,790,McLean High
2024-2025,29,Fairfax County,520,20,540,Northern Virginia,4,51059,school,2231,McNair Elementary
2024-2025,29,Fairfax County,605,1,606,Northern Virginia,4,51059,school,2200,McNair Upper Elementary
2024-2025,29,Fairfax County,928,NA,928,Northern Virginia,4,51059,school,1390,Mosaic Elementary
2024-2025,29,Fairfax County,361,NA,361,Northern Virginia,4,51059,school,510,Mount Eagle Elementary
2024-2025,29,Fairfax County,1864,NA,1864,Northern Virginia,4,51059,school,420,Mount Vernon High
2024-2025,29,Fairfax County,507,11,518,Northern Virginia,4,51059,school,1640,Mount Vernon Woods Elementary
2024-2025,29,Fairfax County,145,NA,145,Northern Virginia,4,51059,school,2211,Mountain View High
2024-2025,29,Fairfax County,848,NA,848,Northern Virginia,4,51059,school,800,Navy Elementary
2024-2025,29,Fairfax County,580,1,581,Northern Virginia,4,51059,school,470,Newington Forest Elementary
2024-2025,29,Fairfax County,465,16,481,Northern Virginia,4,51059,school,930,North Springfield Elementary
2024-2025,29,Fairfax County,628,11,639,Northern Virginia,4,51059,school,430,Oak Hill Elementary
2024-2025,29,Fairfax County,776,2,778,Northern Virginia,4,51059,school,1860,Oak View Elementary
2024-2025,29,Fairfax County,795,NA,795,Northern Virginia,4,51059,school,140,Oakton Elementary
2024-2025,29,Fairfax County,2624,NA,2624,Northern Virginia,4,51059,school,1710,Oakton High
2024-2025,29,Fairfax County,359,2,361,Northern Virginia,4,51059,school,1650,Olde Creek Elementary
2024-2025,29,Fairfax County,874,2,876,Northern Virginia,4,51059,school,150,Orange Hunt Elementary
2024-2025,29,Fairfax County,964,NA,964,Northern Virginia,4,51059,school,1030,Parklawn Elementary
2024-2025,29,Fairfax County,33,5,38,Northern Virginia,4,51059,school,2440,Pimmit Early Childhood Resource Center
2024-2025,29,Fairfax County,607,10,617,Northern Virginia,4,51059,school,820,Pine Spring Elementary
2024-2025,29,Fairfax County,879,1,880,Northern Virginia,4,51059,school,1130,Poe Middle
2024-2025,29,Fairfax County,683,18,701,Northern Virginia,4,51059,school,2080,Poplar Tree Elementary
2024-2025,29,Fairfax County,872,3,875,Northern Virginia,4,51059,school,2237,Powell Elementary
2024-2025,29,Fairfax County,954,2,956,Northern Virginia,4,51059,school,2230,Providence Elementary
2024-2025,29,Fairfax County,572,4,576,Northern Virginia,4,51059,school,1310,Ravensworth Elementary
2024-2025,29,Fairfax County,742,7,749,Northern Virginia,4,51059,school,1820,Riverside Elementary
2024-2025,29,Fairfax County,3716,6,3722,Northern Virginia,4,51059,school,1960,Robinson Secondary
2024-2025,29,Fairfax County,882,14,896,Northern Virginia,4,51059,school,300,Rocky Run Middle
2024-2025,29,Fairfax County,522,NA,522,Northern Virginia,4,51059,school,1770,Rolling Valley Elementary
2024-2025,29,Fairfax County,671,13,684,Northern Virginia,4,51059,school,950,Rose Hill Elementary
2024-2025,29,Fairfax County,1401,5,1406,Northern Virginia,4,51059,school,1300,Sandburg Middle
2024-2025,29,Fairfax County,928,NA,928,Northern Virginia,4,51059,school,2030,Sangster Elementary
2024-2025,29,Fairfax County,612,NA,612,Northern Virginia,4,51059,school,2040,Saratoga Elementary
2024-2025,29,Fairfax County,290,NA,290,Northern Virginia,4,51059,school,80,Sherman Elementary
2024-2025,29,Fairfax County,580,3,583,Northern Virginia,4,51059,school,1660,Shrevewood Elementary
2024-2025,29,Fairfax County,799,6,805,Northern Virginia,4,51059,school,1680,Silverbrook Elementary
2024-2025,29,Fairfax County,476,1,477,Northern Virginia,4,51059,school,710,Sleepy Hollow Elementary
2024-2025,29,Fairfax County,2107,NA,2107,Northern Virginia,4,51059,school,2241,South County High
2024-2025,29,Fairfax County,943,1,944,Northern Virginia,4,51059,school,2420,South County Middle
2024-2025,29,Fairfax County,2450,NA,2450,Northern Virginia,4,51059,school,1990,South Lakes High
2024-2025,29,Fairfax County,980,1,981,Northern Virginia,4,51059,school,1620,Spring Hill Elementary
2024-2025,29,Fairfax County,597,8,605,Northern Virginia,4,51059,school,960,Springfield Estates Elementary
2024-2025,29,Fairfax County,538,12,550,Northern Virginia,4,51059,school,1380,Stenwood Elementary
2024-2025,29,Fairfax County,719,3,722,Northern Virginia,4,51059,school,2070,Stone Middle
2024-2025,29,Fairfax County,669,11,680,Northern Virginia,4,51059,school,1350,Stratford Landing Elementary
2024-2025,29,Fairfax County,558,NA,558,Northern Virginia,4,51059,school,280,Sunrise Valley Elementary
2024-2025,29,Fairfax County,594,5,599,Northern Virginia,4,51059,school,170,Terra Centre Elementary
2024-2025,29,Fairfax County,598,5,603,Northern Virginia,4,51059,school,250,Terraset Elementary
2024-2025,29,Fairfax County,2111,NA,2111,Northern Virginia,4,51059,school,1371,Thomas Jefferson High for Science and Technology
2024-2025,29,Fairfax County,1244,6,1250,Northern Virginia,4,51059,school,1140,Thoreau Middle
2024-2025,29,Fairfax County,585,16,601,Northern Virginia,4,51059,school,830,Timber Lane Elementary
2024-2025,29,Fairfax County,1027,3,1030,Northern Virginia,4,51059,school,1160,Twain Middle
2024-2025,29,Fairfax County,874,NA,874,Northern Virginia,4,51059,school,1540,Union Mill Elementary
2024-2025,29,Fairfax County,358,3,361,Northern Virginia,4,51059,school,120,Vienna Elementary
2024-2025,29,Fairfax County,249,NA,249,Northern Virginia,4,51059,school,2252,Virginia Hills Early Childhood Resource Center
2024-2025,29,Fairfax County,724,7,731,Northern Virginia,4,51059,school,2050,Virginia Run Elementary
2024-2025,29,Fairfax County,626,1,627,Northern Virginia,4,51059,school,850,Wakefield Forest Elementary
2024-2025,29,Fairfax County,750,10,760,Northern Virginia,4,51059,school,2100,Waples Mill Elementary
2024-2025,29,Fairfax County,592,NA,592,Northern Virginia,4,51059,school,1320,Washington Mill Elementary
2024-2025,29,Fairfax County,738,1,739,Northern Virginia,4,51059,school,1080,Waynewood Elementary
2024-2025,29,Fairfax County,2712,NA,2712,Northern Virginia,4,51059,school,900,West Potomac High
2024-2025,29,Fairfax County,524,19,543,Northern Virginia,4,51059,school,1430,West Springfield Elementary
2024-2025,29,Fairfax County,2809,NA,2809,Northern Virginia,4,51059,school,1610,West Springfield High
2024-2025,29,Fairfax County,841,4,845,Northern Virginia,4,51059,school,1580,Westbriar Elementary
2024-2025,29,Fairfax County,2748,2,2750,Northern Virginia,4,51059,school,2228,Westfield High
2024-2025,29,Fairfax County,614,NA,614,Northern Virginia,4,51059,school,1670,Westgate Elementary
2024-2025,29,Fairfax County,789,NA,789,Northern Virginia,4,51059,school,580,Westlawn Elementary
2024-2025,29,Fairfax County,590,NA,590,Northern Virginia,4,51059,school,520,Weyanoke Elementary
2024-2025,29,Fairfax County,699,11,710,Northern Virginia,4,51059,school,400,White Oaks Elementary
2024-2025,29,Fairfax County,828,3,831,Northern Virginia,4,51059,school,1550,Whitman Middle
2024-2025,29,Fairfax County,819,1,820,Northern Virginia,4,51059,school,2060,Willow Springs Elementary
2024-2025,29,Fairfax County,529,NA,529,Northern Virginia,4,51059,school,1810,Wolftrap Elementary
2024-2025,29,Fairfax County,483,NA,483,Northern Virginia,4,51059,school,650,Woodburn Elementary
2024-2025,29,Fairfax County,447,2,449,Northern Virginia,4,51059,school,380,Woodlawn Elementary
2024-2025,29,Fairfax County,495,4,499,Northern Virginia,4,51059,school,590,Woodley Hills Elementary
2024-2025,29,Fairfax County,2446,1,2447,Northern Virginia,4,51059,school,1260,Woodson High
2024-2025,109,Falls Church City,73,NA,73,Northern Virginia,4,51610,school,270,Jessie Thackrey  Preschool
2024-2025,109,Falls Church City,634,NA,634,Northern Virginia,4,51610,school,252,Mary Ellen Henderson Middle
2024-2025,109,Falls Church City,897,NA,897,Northern Virginia,4,51610,school,251,Meridian High
2024-2025,109,Falls Church City,486,NA,486,Northern Virginia,4,51610,school,240,Mount Daniel Elementary
2024-2025,109,Falls Church City,587,NA,587,Northern Virginia,4,51610,school,260,Oak Street Elementary
2024-2025,30,Fauquier County,570,NA,570,Northern Virginia,4,51061,school,854,Auburn Middle
2024-2025,30,Fauquier County,525,NA,525,Northern Virginia,4,51061,school,460,C. Hunter Ritchie Elementary
2024-2025,30,Fauquier County,362,NA,362,Northern Virginia,4,51061,school,730,C.M. Bradley Elementary
2024-2025,30,Fauquier County,861,NA,861,Northern Virginia,4,51061,school,520,Cedar Lee Middle
2024-2025,30,Fauquier County,254,NA,254,Northern Virginia,4,51061,school,120,Claude Thompson Elementary
2024-2025,30,Fauquier County,1156,NA,1156,Northern Virginia,4,51061,school,701,Fauquier High
2024-2025,30,Fauquier County,528,NA,528,Northern Virginia,4,51061,school,450,Grace Miller Elementary
2024-2025,30,Fauquier County,449,NA,449,Northern Virginia,4,51061,school,511,Greenville Elementary
2024-2025,30,Fauquier County,388,NA,388,Northern Virginia,4,51061,school,750,H.M. Pearson Elementary
2024-2025,30,Fauquier County,496,NA,496,Northern Virginia,4,51061,school,853,James G. Brumfield Elementary
2024-2025,30,Fauquier County,1175,NA,1175,Northern Virginia,4,51061,school,510,Kettle Run High
2024-2025,30,Fauquier County,1313,NA,1313,Northern Virginia,4,51061,school,851,Liberty High
2024-2025,30,Fauquier County,543,NA,543,Northern Virginia,4,51061,school,530,Margaret M. Pierce Elementary
2024-2025,30,Fauquier County,426,NA,426,Northern Virginia,4,51061,school,10,Marshall Middle
2024-2025,30,Fauquier County,397,NA,397,Northern Virginia,4,51061,school,20,Mary Walter Elementary
2024-2025,30,Fauquier County,440,NA,440,Northern Virginia,4,51061,school,720,P.B. Smith Elementary
2024-2025,30,Fauquier County,623,NA,623,Northern Virginia,4,51061,school,670,W.C. Taylor Middle
2024-2025,30,Fauquier County,355,NA,355,Northern Virginia,4,51061,school,740,W.G. Coleman Elementary
2024-2025,31,Floyd County,277,NA,277,Western Virginia,6,51063,school,90,Check Elementary
2024-2025,31,Floyd County,668,NA,668,Western Virginia,6,51063,school,660,Floyd County High
2024-2025,31,Floyd County,448,NA,448,Western Virginia,6,51063,school,360,Floyd Elementary
2024-2025,31,Floyd County,110,NA,110,Western Virginia,6,51063,school,650,Indian Valley Elementary
2024-2025,31,Floyd County,163,NA,163,Western Virginia,6,51063,school,500,Willis Elementary
2024-2025,32,Fluvanna County,457,NA,457,Valley,5,51065,school,300,Carysbrook Elementary
2024-2025,32,Fluvanna County,751,NA,751,Valley,5,51065,school,310,Central Elementary
2024-2025,32,Fluvanna County,1362,NA,1362,Valley,5,51065,school,260,Fluvanna County High
2024-2025,32,Fluvanna County,747,NA,747,Valley,5,51065,school,320,Fluvanna Middle
2024-2025,135,Franklin City,504,NA,504,Tidewater,2,51620,school,20,Franklin High
2024-2025,135,Franklin City,621,NA,621,Tidewater,2,51620,school,10,S.P. Morton Elementary
2024-2025,33,Franklin County,1382,NA,1382,Western Virginia,6,51067,school,31,Benjamin Franklin Middle
2024-2025,33,Franklin County,290,NA,290,Western Virginia,6,51067,school,1370,Boones Mill Elementary
2024-2025,33,Franklin County,185,NA,185,Western Virginia,6,51067,school,350,Callaway Elementary
2024-2025,33,Franklin County,317,NA,317,Western Virginia,6,51067,school,20,Dudley Elementary
2024-2025,33,Franklin County,281,NA,281,Western Virginia,6,51067,school,1360,Ferrum Elementary
2024-2025,33,Franklin County,1880,NA,1880,Western Virginia,6,51067,school,1311,Franklin County High
2024-2025,33,Franklin County,227,NA,227,Western Virginia,6,51067,school,690,Glade Hill Elementary
2024-2025,33,Franklin County,386,NA,386,Western Virginia,6,51067,school,660,Lee M. Waid Elementary
2024-2025,33,Franklin County,296,NA,296,Western Virginia,6,51067,school,1380,Rocky Mount Elementary
2024-2025,33,Franklin County,226,NA,226,Western Virginia,6,51067,school,1170,Snow Creek Elementary
2024-2025,33,Franklin County,248,NA,248,Western Virginia,6,51067,school,960,Sontag Elementary
2024-2025,33,Franklin County,391,NA,391,Western Virginia,6,51067,school,980,Windy Gap Elementary
2024-2025,34,Frederick County,853,NA,853,Northern Virginia,4,51069,school,586,Admiral Richard E. Byrd Middle
2024-2025,34,Frederick County,393,NA,393,Northern Virginia,4,51069,school,10,Apple Pie Ridge Elementary
2024-2025,34,Frederick County,589,NA,589,Northern Virginia,4,51069,school,320,Armel Elementary
2024-2025,34,Frederick County,615,NA,615,Northern Virginia,4,51069,school,20,Bass-Hoover Elementary
2024-2025,34,Frederick County,618,NA,618,Northern Virginia,4,51069,school,587,Evendale Elementary
2024-2025,34,Frederick County,732,NA,732,Northern Virginia,4,51069,school,460,Frederick County Middle
2024-2025,34,Frederick County,483,NA,483,Northern Virginia,4,51069,school,380,Gainesboro Elementary
2024-2025,34,Frederick County,599,NA,599,Northern Virginia,4,51069,school,590,Greenwood Mill Elementary
2024-2025,34,Frederick County,398,NA,398,Northern Virginia,4,51069,school,40,Indian Hollow Elementary
2024-2025,34,Frederick County,1462,2,1464,Northern Virginia,4,51069,school,30,James Wood High
2024-2025,34,Frederick County,873,NA,873,Northern Virginia,4,51069,school,420,James Wood Middle
2024-2025,34,Frederick County,668,NA,668,Northern Virginia,4,51069,school,591,Jordan Springs Elementary
2024-2025,34,Frederick County,648,NA,648,Northern Virginia,4,51069,school,340,Middletown Elementary
2024-2025,34,Frederick County,1550,NA,1550,Northern Virginia,4,51069,school,584,Millbrook High
2024-2025,34,Frederick County,469,NA,469,Northern Virginia,4,51069,school,583,Orchard View Elementary
2024-2025,34,Frederick County,614,NA,614,Northern Virginia,4,51069,school,582,Redbud Run Elementary
2024-2025,34,Frederick County,861,NA,861,Northern Virginia,4,51069,school,480,Robert E. Aylor Middle
2024-2025,34,Frederick County,1631,NA,1631,Northern Virginia,4,51069,school,581,Sherando High
2024-2025,34,Frederick County,391,NA,391,Northern Virginia,4,51069,school,410,Stonewall Elementary
2024-2025,110,Fredericksburg City,859,NA,859,Northern Neck,3,51630,school,50,Hugh Mercer Elementary
2024-2025,110,Fredericksburg City,1014,NA,1014,Northern Neck,3,51630,school,40,James Monroe High
2024-2025,110,Fredericksburg City,812,NA,812,Northern Neck,3,51630,school,272,Lafayette Elementary
2024-2025,110,Fredericksburg City,149,NA,149,Northern Neck,3,51630,school,30,Walker-Grant Early Childhood Center
2024-2025,110,Fredericksburg City,798,NA,798,Northern Neck,3,51630,school,273,Walker-Grant Middle
2024-2025,111,Galax City,667,NA,667,Southwest,7,51640,school,10,Galax Elementary
2024-2025,111,Galax City,432,NA,432,Southwest,7,51640,school,31,Galax High
2024-2025,111,Galax City,335,NA,335,Southwest,7,51640,school,32,Galax Middle
2024-2025,35,Giles County,433,NA,433,Southwest,7,51071,school,10,Eastern Elementary/Middle
2024-2025,35,Giles County,1358,NA,1358,Southwest,7,51071,school,112,Giles County K-12 Virtual School
2024-2025,35,Giles County,530,NA,530,Southwest,7,51071,school,461,Giles High
2024-2025,35,Giles County,440,NA,440,Southwest,7,51071,school,390,Macy Mcclaugherty Elementary/Middle
2024-2025,35,Giles County,514,NA,514,Southwest,7,51071,school,400,Narrows Elementary/Middle
2024-2025,35,Giles County,300,NA,300,Southwest,7,51071,school,470,Narrows High
2024-2025,36,Gloucester County,456,7,463,Northern Neck,3,51073,school,250,Abingdon Elementary
2024-2025,36,Gloucester County,397,8,405,Northern Neck,3,51073,school,240,Achilles Elementary
2024-2025,36,Gloucester County,494,10,504,Northern Neck,3,51073,school,381,Bethel Elementary
2024-2025,36,Gloucester County,505,8,513,Northern Neck,3,51073,school,100,Botetourt Elementary
2024-2025,36,Gloucester County,1548,NA,1548,Northern Neck,3,51073,school,260,Gloucester High
2024-2025,36,Gloucester County,573,NA,573,Northern Neck,3,51073,school,802,Page Middle
2024-2025,36,Gloucester County,565,NA,565,Northern Neck,3,51073,school,280,Peasley Middle
2024-2025,36,Gloucester County,381,4,385,Northern Neck,3,51073,school,270,Petsworth Elementary
2024-2025,37,Goochland County,281,NA,281,Central Virginia,1,51075,school,120,Byrd Elementary
2024-2025,37,Goochland County,509,NA,509,Central Virginia,1,51075,school,360,Goochland Elementary
2024-2025,37,Goochland County,850,NA,850,Central Virginia,1,51075,school,220,Goochland High
2024-2025,37,Goochland County,616,NA,616,Central Virginia,1,51075,school,340,Goochland Middle
2024-2025,37,Goochland County,387,NA,387,Central Virginia,1,51075,school,260,Randolph Elementary
2024-2025,38,Grayson County,146,NA,146,Southwest,7,51077,school,480,Fairview Elementary
2024-2025,38,Grayson County,231,NA,231,Southwest,7,51077,school,911,Fries Elementary
2024-2025,38,Grayson County,461,NA,461,Southwest,7,51077,school,421,Grayson County High
2024-2025,38,Grayson County,156,NA,156,Southwest,7,51077,school,430,Grayson Highlands
2024-2025,38,Grayson County,287,NA,287,Southwest,7,51077,school,422,Independence Elementary
2024-2025,38,Grayson County,280,NA,280,Southwest,7,51077,school,11,Independence Middle
2024-2025,39,Greene County,326,NA,326,Valley,5,51079,school,20,Nathanael Greene Elementary
2024-2025,39,Greene County,367,NA,367,Valley,5,51079,school,10,Nathanael Greene Primary
2024-2025,39,Greene County,540,NA,540,Valley,5,51079,school,30,Ruckersville Elementary
2024-2025,39,Greene County,952,1,953,Valley,5,51079,school,72,William Monroe High
2024-2025,39,Greene County,596,NA,596,Valley,5,51079,school,71,William Monroe Middle
2024-2025,40,Greensville County,448,NA,448,Southside,8,51081,school,190,Edward W. Wyatt Middle
2024-2025,40,Greensville County,584,NA,584,Southside,8,51081,school,200,Greensville County High
2024-2025,40,Greensville County,985,NA,985,Southside,8,51081,school,50,Greensville Elementary
2024-2025,41,Halifax County,236,NA,236,Southside,8,51083,school,1560,Clays Mill Elementary
2024-2025,41,Halifax County,572,NA,572,Southside,8,51083,school,20,Cluster Springs Elementary
2024-2025,41,Halifax County,1283,1,1284,Southside,8,51083,school,10,Halifax County High
2024-2025,41,Halifax County,847,NA,847,Southside,8,51083,school,1480,Halifax County Middle
2024-2025,41,Halifax County,173,NA,173,Southside,8,51083,school,1550,Meadville Elementary
2024-2025,41,Halifax County,187,NA,187,Southside,8,51083,school,1510,Scottsburg Elementary
2024-2025,41,Halifax County,243,NA,243,Southside,8,51083,school,1521,Sinai Elementary
2024-2025,41,Halifax County,683,NA,683,Southside,8,51083,school,30,South Boston Elementary
2024-2025,41,Halifax County,116,NA,116,Southside,8,51083,school,950,South Boston/Halifax Early Learning Center
2024-2025,41,Halifax County,157,NA,157,Southside,8,51083,school,1490,Sydnor Jennings Elementary
2024-2025,112,Hampton City,486,NA,486,Tidewater,2,51650,school,500,A.W.E. Bassette Elementary
2024-2025,112,Hampton City,482,NA,482,Tidewater,2,51650,school,160,Aberdeen Elementary
2024-2025,112,Hampton City,394,NA,394,Tidewater,2,51650,school,470,Albert W. Patrick III Elementary
2024-2025,112,Hampton City,499,NA,499,Tidewater,2,51650,school,260,Alfred S. Forrest Elementary
2024-2025,112,Hampton City,288,NA,288,Tidewater,2,51650,school,120,Armstrong Elementary
2024-2025,112,Hampton City,397,NA,397,Tidewater,2,51650,school,330,Barron Elementary
2024-2025,112,Hampton City,851,NA,851,Tidewater,2,51650,school,350,Benjamin Syms Middle
2024-2025,112,Hampton City,1769,NA,1769,Tidewater,2,51650,school,430,Bethel High
2024-2025,112,Hampton City,612,NA,612,Tidewater,2,51650,school,450,C. Alton Lindsay Middle
2024-2025,112,Hampton City,374,NA,374,Tidewater,2,51650,school,460,Captain John Smith Elementary
2024-2025,112,Hampton City,737,NA,737,Tidewater,2,51650,school,300,Cesar Tarrant Middle
2024-2025,112,Hampton City,452,NA,452,Tidewater,2,51650,school,420,Christopher C. Kraft Elementary
2024-2025,112,Hampton City,409,NA,409,Tidewater,2,51650,school,30,Francis Asbury Elementary
2024-2025,112,Hampton City,613,NA,613,Tidewater,2,51650,school,70,Francis W. Jones Magnet Middle
2024-2025,112,Hampton City,1438,NA,1438,Tidewater,2,51650,school,650,George P. Phenix Elementary
2024-2025,112,Hampton City,1301,1,1302,Tidewater,2,51650,school,280,Hampton High
2024-2025,112,Hampton City,1081,NA,1081,Tidewater,2,51650,school,640,Hunter B. Andrews
2024-2025,112,Hampton City,367,NA,367,Tidewater,2,51650,school,250,Jane H. Bryan Elementary
2024-2025,112,Hampton City,1554,NA,1554,Tidewater,2,51650,school,320,Kecoughtan High
2024-2025,112,Hampton City,430,NA,430,Tidewater,2,51650,school,490,Luther W. Machen Elementary
2024-2025,112,Hampton City,404,NA,404,Tidewater,2,51650,school,440,Mary S. Peake Elementary
2024-2025,112,Hampton City,313,NA,313,Tidewater,2,51650,school,270,Mary T. Christian Elementary
2024-2025,112,Hampton City,343,NA,343,Tidewater,2,51650,school,360,Mary W. Jackson Elementary
2024-2025,112,Hampton City,226,NA,226,Tidewater,2,51650,school,210,Moton Early Childhood Center
2024-2025,112,Hampton City,432,NA,432,Tidewater,2,51650,school,410,Paul Burbank Elementary
2024-2025,112,Hampton City,435,NA,435,Tidewater,2,51650,school,370,Phillips Elementary
2024-2025,112,Hampton City,1391,NA,1391,Tidewater,2,51650,school,50,Phoebus High
2024-2025,112,Hampton City,429,NA,429,Tidewater,2,51650,school,180,Samuel P. Langley Elementary
2024-2025,112,Hampton City,581,NA,581,Tidewater,2,51650,school,380,Thomas Eaton Middle
2024-2025,112,Hampton City,386,NA,386,Tidewater,2,51650,school,80,William Mason Cooper Elementary
2024-2025,42,Hanover County,675,NA,675,Central Virginia,1,51085,school,160,Ashland Elementary School
2024-2025,42,Hanover County,1470,NA,1470,Central Virginia,1,51085,school,62,Atlee High
2024-2025,42,Hanover County,407,NA,407,Central Virginia,1,51085,school,360,Battlefield Park Elementary
2024-2025,42,Hanover County,339,NA,339,Central Virginia,1,51085,school,20,Beaverdam Elementary
2024-2025,42,Hanover County,903,NA,903,Central Virginia,1,51085,school,440,Bell Creek Middle
2024-2025,42,Hanover County,1199,NA,1199,Central Virginia,1,51085,school,61,Chickahominy Middle
2024-2025,42,Hanover County,495,NA,495,Central Virginia,1,51085,school,70,Cold Harbor Elementary
2024-2025,42,Hanover County,852,NA,852,Central Virginia,1,51085,school,551,Cool Spring Elementary
2024-2025,42,Hanover County,383,NA,383,Central Virginia,1,51085,school,430,Elmont Elementary
2024-2025,42,Hanover County,1349,NA,1349,Central Virginia,1,51085,school,554,Hanover High
2024-2025,42,Hanover County,672,NA,672,Central Virginia,1,51085,school,200,Kersey Creek Elementary
2024-2025,42,Hanover County,591,NA,591,Central Virginia,1,51085,school,210,Laurel Meadow Elementary
2024-2025,42,Hanover County,910,NA,910,Central Virginia,1,51085,school,450,Liberty Middle
2024-2025,42,Hanover County,572,NA,572,Central Virginia,1,51085,school,420,Mechanicsville Elementary
2024-2025,42,Hanover County,1245,NA,1245,Central Virginia,1,51085,school,370,Mechanicsville High
2024-2025,42,Hanover County,862,NA,862,Central Virginia,1,51085,school,553,Oak Knoll Middle
2024-2025,42,Hanover County,1294,NA,1294,Central Virginia,1,51085,school,400,Patrick Henry High
2024-2025,42,Hanover County,571,NA,571,Central Virginia,1,51085,school,410,Pearson's Corner Elementary
2024-2025,42,Hanover County,527,NA,527,Central Virginia,1,51085,school,552,Pole Green Elementary
2024-2025,42,Hanover County,627,NA,627,Central Virginia,1,51085,school,30,Rural Point Elementary
2024-2025,42,Hanover County,439,NA,439,Central Virginia,1,51085,school,40,South Anna Elementary
2024-2025,42,Hanover County,386,NA,386,Central Virginia,1,51085,school,290,Washington-Henry Elementary
2024-2025,113,Harrisonburg City,566,NA,566,Valley,5,51660,school,120,Bluestone Elementary
2024-2025,113,Harrisonburg City,170,NA,170,Valley,5,51660,school,450,Elon Rhodes Early Learning Center
2024-2025,113,Harrisonburg City,998,NA,998,Valley,5,51660,school,12,Harrisonburg High
2024-2025,113,Harrisonburg City,475,NA,475,Valley,5,51660,school,50,Keister Elementary
2024-2025,113,Harrisonburg City,1011,1,1012,Valley,5,51660,school,20,Rocktown High School
2024-2025,113,Harrisonburg City,738,NA,738,Valley,5,51660,school,111,Skyline Middle
2024-2025,113,Harrisonburg City,514,NA,514,Valley,5,51660,school,110,Smithland Elementary
2024-2025,113,Harrisonburg City,468,NA,468,Valley,5,51660,school,60,Spotswood Elementary
2024-2025,113,Harrisonburg City,554,NA,554,Valley,5,51660,school,191,Stone Spring Elementary
2024-2025,113,Harrisonburg City,771,NA,771,Valley,5,51660,school,80,Thomas Harrison Middle
2024-2025,113,Harrisonburg City,557,NA,557,Valley,5,51660,school,30,Waterman Elementary
2024-2025,43,Henrico County,330,NA,330,Central Virginia,1,51087,school,450,Anthony P. Mehfoud Elementary
2024-2025,43,Henrico County,425,NA,425,Central Virginia,1,51087,school,320,Arthur Ashe Jr. Elementary
2024-2025,43,Henrico County,1034,NA,1034,Central Virginia,1,51087,school,500,Brookland Middle
2024-2025,43,Henrico County,526,NA,526,Central Virginia,1,51087,school,120,Cashell Donahoe Elementary
2024-2025,43,Henrico County,389,NA,389,Central Virginia,1,51087,school,590,Chamberlayne Elementary
2024-2025,43,Henrico County,423,NA,423,Central Virginia,1,51087,school,530,Charles M. Johnson Elementary
2024-2025,43,Henrico County,710,NA,710,Central Virginia,1,51087,school,93,Colonial Trail Elementary
2024-2025,43,Henrico County,388,NA,388,Central Virginia,1,51087,school,400,Crestview Elementary
2024-2025,43,Henrico County,455,NA,455,Central Virginia,1,51087,school,82,David A. Kaechele Elementary
2024-2025,43,Henrico County,1992,NA,1992,Central Virginia,1,51087,school,160,Deep Run High
2024-2025,43,Henrico County,1881,NA,1881,Central Virginia,1,51087,school,410,Douglas S. Freeman High
2024-2025,43,Henrico County,684,NA,684,Central Virginia,1,51087,school,700,Dumbarton Elementary
2024-2025,43,Henrico County,506,NA,506,Central Virginia,1,51087,school,300,Echo Lake Elementary
2024-2025,43,Henrico County,859,NA,859,Central Virginia,1,51087,school,680,Elizabeth Holladay Elementary
2024-2025,43,Henrico County,695,NA,695,Central Virginia,1,51087,school,92,Elko Middle
2024-2025,43,Henrico County,330,NA,330,Central Virginia,1,51087,school,200,Fair Oaks Elementary
2024-2025,43,Henrico County,936,NA,936,Central Virginia,1,51087,school,510,Fairfield Middle
2024-2025,43,Henrico County,605,NA,605,Central Virginia,1,51087,school,150,Gayton Elementary
2024-2025,43,Henrico County,462,NA,462,Central Virginia,1,51087,school,470,George F. Baker Elementary
2024-2025,43,Henrico County,1086,NA,1086,Central Virginia,1,51087,school,390,George H. Moody Middle
2024-2025,43,Henrico County,578,NA,578,Central Virginia,1,51087,school,20,Glen Allen Elementary
2024-2025,43,Henrico County,1939,NA,1939,Central Virginia,1,51087,school,96,Glen Allen High
2024-2025,43,Henrico County,461,NA,461,Central Virginia,1,51087,school,380,Glen Lea Elementary
2024-2025,43,Henrico County,649,NA,649,Central Virginia,1,51087,school,260,Greenwood Elementary
2024-2025,43,Henrico County,417,NA,417,Central Virginia,1,51087,school,420,Harold Macon Ratcliffe Elementary
2024-2025,43,Henrico County,497,NA,497,Central Virginia,1,51087,school,94,Harvie Elementary
2024-2025,43,Henrico County,1300,NA,1300,Central Virginia,1,51087,school,610,Henrico High
2024-2025,43,Henrico County,526,NA,526,Central Virginia,1,51087,school,83,Henrico Virtual Academy
2024-2025,43,Henrico County,526,NA,526,Central Virginia,1,51087,school,330,Henry D. Ward Elementary
2024-2025,43,Henrico County,1719,NA,1719,Central Virginia,1,51087,school,670,Hermitage High
2024-2025,43,Henrico County,469,NA,469,Central Virginia,1,51087,school,640,Highland Springs Elementary
2024-2025,43,Henrico County,1928,NA,1928,Central Virginia,1,51087,school,190,Highland Springs High
2024-2025,43,Henrico County,862,NA,862,Central Virginia,1,51087,school,95,Holman Middle
2024-2025,43,Henrico County,834,NA,834,Central Virginia,1,51087,school,100,Hungary Creek Middle
2024-2025,43,Henrico County,535,NA,535,Central Virginia,1,51087,school,620,Jackson Davis Elementary
2024-2025,43,Henrico County,453,NA,453,Central Virginia,1,51087,school,660,Jacob L. Adams Elementary
2024-2025,43,Henrico County,2132,NA,2132,Central Virginia,1,51087,school,600,John Randolph Tucker High
2024-2025,43,Henrico County,874,NA,874,Central Virginia,1,51087,school,130,John Rolfe Middle
2024-2025,43,Henrico County,758,NA,758,Central Virginia,1,51087,school,250,L. Douglas Wilder Middle
2024-2025,43,Henrico County,466,NA,466,Central Virginia,1,51087,school,430,Laburnum Elementary
2024-2025,43,Henrico County,397,NA,397,Central Virginia,1,51087,school,370,Lakeside Elementary
2024-2025,43,Henrico County,476,NA,476,Central Virginia,1,51087,school,50,Longdale Elementary
2024-2025,43,Henrico County,578,NA,578,Central Virginia,1,51087,school,490,Maude Trevvett Elementary
2024-2025,43,Henrico County,691,NA,691,Central Virginia,1,51087,school,540,Maybeury Elementary
2024-2025,43,Henrico County,1702,NA,1702,Central Virginia,1,51087,school,140,Mills E. Godwin High
2024-2025,43,Henrico County,341,NA,341,Central Virginia,1,51087,school,210,Montrose Elementary
2024-2025,43,Henrico County,627,NA,627,Central Virginia,1,51087,school,270,Nuckols Farm Elementary
2024-2025,43,Henrico County,344,NA,344,Central Virginia,1,51087,school,440,Pemberton Elementary
2024-2025,43,Henrico County,539,NA,539,Central Virginia,1,51087,school,570,Pinchbeck Elementary
2024-2025,43,Henrico County,914,NA,914,Central Virginia,1,51087,school,280,Pocahontas Middle
2024-2025,43,Henrico County,1053,NA,1053,Central Virginia,1,51087,school,690,Quioccasin Middle
2024-2025,43,Henrico County,491,NA,491,Central Virginia,1,51087,school,630,R.C. Longan Elementary
2024-2025,43,Henrico County,512,NA,512,Central Virginia,1,51087,school,90,Ridge Elementary
2024-2025,43,Henrico County,735,NA,735,Central Virginia,1,51087,school,240,Rivers Edge Elementary
2024-2025,43,Henrico County,509,NA,509,Central Virginia,1,51087,school,650,Ruby F. Carver Elementary
2024-2025,43,Henrico County,201,NA,201,Central Virginia,1,51087,school,220,Sandston Elementary
2024-2025,43,Henrico County,399,NA,399,Central Virginia,1,51087,school,550,Seven Pines Elementary
2024-2025,43,Henrico County,600,NA,600,Central Virginia,1,51087,school,710,Shady Grove Elementary
2024-2025,43,Henrico County,545,NA,545,Central Virginia,1,51087,school,60,Short Pump Elementary
2024-2025,43,Henrico County,1056,NA,1056,Central Virginia,1,51087,school,80,Short Pump Middle
2024-2025,43,Henrico County,603,NA,603,Central Virginia,1,51087,school,480,Skipwith Elementary
2024-2025,43,Henrico County,652,NA,652,Central Virginia,1,51087,school,230,Springfield Park Elementary
2024-2025,43,Henrico County,306,NA,306,Central Virginia,1,51087,school,10,Three Chopt Elementary
2024-2025,43,Henrico County,682,NA,682,Central Virginia,1,51087,school,360,Tuckahoe Elementary
2024-2025,43,Henrico County,1114,NA,1114,Central Virginia,1,51087,school,520,Tuckahoe Middle
2024-2025,43,Henrico County,516,NA,516,Central Virginia,1,51087,school,310,Twin Hickory Elementary
2024-2025,43,Henrico County,274,NA,274,Central Virginia,1,51087,school,290,Varina Elementary
2024-2025,43,Henrico County,1420,NA,1420,Central Virginia,1,51087,school,580,Varina High
2024-2025,44,Henry County,371,NA,371,Western Virginia,6,51089,school,361,Axton Elementary
2024-2025,44,Henry County,1098,NA,1098,Western Virginia,6,51089,school,10,Bassett High
2024-2025,44,Henry County,249,NA,249,Western Virginia,6,51089,school,590,Campbell Court Elementary
2024-2025,44,Henry County,382,NA,382,Western Virginia,6,51089,school,530,Drewry Mason Elementary
2024-2025,44,Henry County,792,NA,792,Western Virginia,6,51089,school,620,Fieldale-Collinsville Middle
2024-2025,44,Henry County,460,NA,460,Western Virginia,6,51089,school,480,G.W. Carver Elementary
2024-2025,44,Henry County,734,NA,734,Western Virginia,6,51089,school,670,Laurel Park Middle
2024-2025,44,Henry County,1147,NA,1147,Western Virginia,6,51089,school,20,Magna Vista High
2024-2025,44,Henry County,659,NA,659,Western Virginia,6,51089,school,661,Meadow View Elementary
2024-2025,44,Henry County,271,NA,271,Western Virginia,6,51089,school,872,Mount Olivet Elementary
2024-2025,44,Henry County,253,NA,253,Western Virginia,6,51089,school,740,Rich Acres Elementary
2024-2025,44,Henry County,250,NA,250,Western Virginia,6,51089,school,220,Sanville Elementary
2024-2025,44,Henry County,250,NA,250,Western Virginia,6,51089,school,760,Stanleytown Elementary
2024-2025,45,Highland County,105,NA,105,Valley,5,51091,school,110,Highland Elementary
2024-2025,45,Highland County,103,NA,103,Valley,5,51091,school,220,Highland High
2024-2025,114,Hopewell City,803,NA,803,Central Virginia,1,51670,school,110,Carter G. Woodson Middle
2024-2025,114,Hopewell City,589,NA,589,Central Virginia,1,51670,school,40,Dupont Elementary
2024-2025,114,Hopewell City,535,NA,535,Central Virginia,1,51670,school,140,Harry E. James Elementary
2024-2025,114,Hopewell City,1138,NA,1138,Central Virginia,1,51670,school,120,Hopewell High
2024-2025,114,Hopewell City,579,NA,579,Central Virginia,1,51670,school,70,Patrick Copeland Elementary
2024-2025,114,Hopewell City,307,NA,307,Central Virginia,1,51670,school,151,Woodlawn Pre-School Learning Center
2024-2025,46,Isle of Wight County,569,NA,569,Tidewater,2,51093,school,421,Carrollton Elementary
2024-2025,46,Isle of Wight County,232,NA,232,Tidewater,2,51093,school,280,Carrsville Elementary
2024-2025,46,Isle of Wight County,368,NA,368,Tidewater,2,51093,school,422,Georgie D. Tyler Middle
2024-2025,46,Isle of Wight County,649,NA,649,Tidewater,2,51093,school,320,Hardy Elementary
2024-2025,46,Isle of Wight County,1322,NA,1322,Tidewater,2,51093,school,40,Smithfield High
2024-2025,46,Isle of Wight County,565,NA,565,Tidewater,2,51093,school,50,Smithfield Middle
2024-2025,46,Isle of Wight County,682,NA,682,Tidewater,2,51093,school,424,Westside Elementary
2024-2025,46,Isle of Wight County,624,NA,624,Tidewater,2,51093,school,240,Windsor Elementary
2024-2025,46,Isle of Wight County,508,NA,508,Tidewater,2,51093,school,250,Windsor High
2024-2025,48,King George County,683,NA,683,Northern Neck,3,51099,school,100,King George Elementary
2024-2025,48,King George County,1493,2,1495,Northern Neck,3,51099,school,120,King George High
2024-2025,48,King George County,1097,1,1098,Northern Neck,3,51099,school,10,King George Middle
2024-2025,48,King George County,566,NA,566,Northern Neck,3,51099,school,50,Potomac Elementary
2024-2025,48,King George County,753,NA,753,Northern Neck,3,51099,school,221,Sealston Elementary
2024-2025,50,King William County,472,NA,472,Northern Neck,3,51101,school,180,Acquinton Elementary
2024-2025,50,King William County,512,NA,512,Northern Neck,3,51101,school,190,Cool Spring Primary
2024-2025,50,King William County,445,NA,445,Northern Neck,3,51101,school,160,Hamilton Holmes Middle
2024-2025,50,King William County,685,NA,685,Northern Neck,3,51101,school,130,King William High
2024-2025,49,King and Queen County,265,NA,265,Northern Neck,3,51097,school,280,Central High
2024-2025,49,King and Queen County,168,NA,168,Northern Neck,3,51097,school,200,King & Queen Elementary
2024-2025,49,King and Queen County,178,NA,178,Northern Neck,3,51097,school,290,Lawson-Marriott Elementary
2024-2025,51,Lancaster County,74,NA,74,Northern Neck,3,51103,school,310,Lancaster Early Childhood Education Center
2024-2025,51,Lancaster County,542,NA,542,Northern Neck,3,51103,school,110,Lancaster Elementary School
2024-2025,51,Lancaster County,402,NA,402,Northern Neck,3,51103,school,10,Lancaster High
2024-2025,52,Lee County,237,NA,237,Southwest,7,51105,school,160,Dryden Elementary
2024-2025,52,Lee County,291,NA,291,Southwest,7,51105,school,330,Elk Knob Elementary
2024-2025,52,Lee County,133,NA,133,Southwest,7,51105,school,820,Elydale Middle
2024-2025,52,Lee County,336,NA,336,Southwest,7,51105,school,630,Flatwoods Elementary
2024-2025,52,Lee County,231,NA,231,Southwest,7,51105,school,470,Jonesville Middle
2024-2025,52,Lee County,803,NA,803,Southwest,7,51105,school,300,Lee High
2024-2025,52,Lee County,278,NA,278,Southwest,7,51105,school,290,Pennington Middle
2024-2025,52,Lee County,256,NA,256,Southwest,7,51105,school,670,Rose Hill Elementary
2024-2025,52,Lee County,110,NA,110,Southwest,7,51105,school,200,St. Charles Elementary
2024-2025,52,Lee County,291,NA,291,Southwest,7,51105,school,880,Thomas Walker High
2024-2025,137,Lexington City,350,NA,350,Valley,5,51678,school,1390,Harrington Waddell Elementary
2024-2025,137,Lexington City,187,NA,187,Valley,5,51678,school,1440,Lylburn Downing Middle
2024-2025,137,Lexington City,1,NA,1,Valley,5,51678,school,22,Rockbridge County High
2024-2025,53,Loudoun County,90,NA,90,Northern Virginia,4,51107,school,510,Aldie Elementary
2024-2025,53,Loudoun County,457,NA,457,Northern Virginia,4,51107,school,150,Algonkian Elementary
2024-2025,53,Loudoun County,748,NA,748,Northern Virginia,4,51107,school,610,Arcola Elementary
2024-2025,53,Loudoun County,513,NA,513,Northern Virginia,4,51107,school,170,Ashburn Elementary
2024-2025,53,Loudoun County,465,NA,465,Northern Virginia,4,51107,school,220,Ball's Bluff Elementary
2024-2025,53,Loudoun County,139,NA,139,Northern Virginia,4,51107,school,650,Banneker Elementary
2024-2025,53,Loudoun County,1073,NA,1073,Northern Virginia,4,51107,school,940,Belmont Ridge Middle
2024-2025,53,Loudoun County,605,NA,605,Northern Virginia,4,51107,school,300,Belmont Station Elementary
2024-2025,53,Loudoun County,716,2,718,Northern Virginia,4,51107,school,790,Blue Ridge Middle
2024-2025,53,Loudoun County,1165,NA,1165,Northern Virginia,4,51107,school,1120,Brambleton Middle
2024-2025,53,Loudoun County,1865,NA,1865,Northern Virginia,4,51107,school,420,Briar Woods High
2024-2025,53,Loudoun County,1561,1,1562,Northern Virginia,4,51107,school,740,Broad Run High
2024-2025,53,Loudoun County,756,NA,756,Northern Virginia,4,51107,school,450,Buffalo Trail Elementary
2024-2025,53,Loudoun County,834,NA,834,Northern Virginia,4,51107,school,460,Cardinal Ridge Elementary
2024-2025,53,Loudoun County,602,NA,602,Northern Virginia,4,51107,school,710,Catoctin Elementary
2024-2025,53,Loudoun County,701,NA,701,Northern Virginia,4,51107,school,840,Cedar Lane Elementary
2024-2025,53,Loudoun County,591,NA,591,Northern Virginia,4,51107,school,160,Cool Spring Elementary
2024-2025,53,Loudoun County,648,NA,648,Northern Virginia,4,51107,school,890,Countryside Elementary
2024-2025,53,Loudoun County,825,NA,825,Northern Virginia,4,51107,school,540,Creighton's Corner Elementary
2024-2025,53,Loudoun County,639,NA,639,Northern Virginia,4,51107,school,1000,Discovery Elementary
2024-2025,53,Loudoun County,1455,1,1456,Northern Virginia,4,51107,school,31,Dominion High
2024-2025,53,Loudoun County,566,NA,566,Northern Virginia,4,51107,school,470,Dominion Trail Elementary
2024-2025,53,Loudoun County,1259,NA,1259,Northern Virginia,4,51107,school,880,Eagle Ridge Middle
2024-2025,53,Loudoun County,756,NA,756,Northern Virginia,4,51107,school,1151,Elaine E. Thompson Elementary
2024-2025,53,Loudoun County,416,NA,416,Northern Virginia,4,51107,school,730,Emerick Elementary
2024-2025,53,Loudoun County,569,NA,569,Northern Virginia,4,51107,school,190,Evergreen Mill Elementary
2024-2025,53,Loudoun County,981,2,983,Northern Virginia,4,51107,school,210,Farmwell Station Middle
2024-2025,53,Loudoun County,529,NA,529,Northern Virginia,4,51107,school,970,Forest Grove Elementary
2024-2025,53,Loudoun County,648,NA,648,Northern Virginia,4,51107,school,91,Frances Hazel Reid Elementary
2024-2025,53,Loudoun County,581,NA,581,Northern Virginia,4,51107,school,530,Frederick Douglass Elementary
2024-2025,53,Loudoun County,1887,1,1888,Northern Virginia,4,51107,school,120,Freedom High
2024-2025,53,Loudoun County,851,NA,851,Northern Virginia,4,51107,school,371,Goshen Post Elementary
2024-2025,53,Loudoun County,504,NA,504,Northern Virginia,4,51107,school,720,Guilford Elementary
2024-2025,53,Loudoun County,170,NA,170,Northern Virginia,4,51107,school,230,Hamilton Elementary
2024-2025,53,Loudoun County,1115,1,1116,Northern Virginia,4,51107,school,921,Harmony Middle
2024-2025,53,Loudoun County,858,NA,858,Northern Virginia,4,51107,school,520,Harper Park Middle
2024-2025,53,Loudoun County,780,NA,780,Northern Virginia,4,51107,school,116,Henrietta Lacks Elementary
2024-2025,53,Loudoun County,1477,1,1478,Northern Virginia,4,51107,school,900,Heritage High
2024-2025,53,Loudoun County,144,NA,144,Northern Virginia,4,51107,school,111,Hillsboro Charter Academy
2024-2025,53,Loudoun County,656,NA,656,Northern Virginia,4,51107,school,400,Hillside Elementary
2024-2025,53,Loudoun County,510,NA,510,Northern Virginia,4,51107,school,820,Horizon Elementary
2024-2025,53,Loudoun County,810,NA,810,Northern Virginia,4,51107,school,1131,Hovatter Elementary
2024-2025,53,Loudoun County,672,NA,672,Northern Virginia,4,51107,school,960,Hutchison Farm Elementary
2024-2025,53,Loudoun County,2169,3,2172,Northern Virginia,4,51107,school,1110,Independence High
2024-2025,53,Loudoun County,874,NA,874,Northern Virginia,4,51107,school,20,J. Lupton Simpson Middle
2024-2025,53,Loudoun County,1182,NA,1182,Northern Virginia,4,51107,school,580,J. Michael Lunsford Middle
2024-2025,53,Loudoun County,1855,NA,1855,Northern Virginia,4,51107,school,370,John Champe High
2024-2025,53,Loudoun County,617,NA,617,Northern Virginia,4,51107,school,950,John W. Tolbert Jr. Elementary
2024-2025,53,Loudoun County,417,NA,417,Northern Virginia,4,51107,school,600,Kenneth W.Culbert Elementary
2024-2025,53,Loudoun County,428,NA,428,Northern Virginia,4,51107,school,80,Leesburg Elementary
2024-2025,53,Loudoun County,627,NA,627,Northern Virginia,4,51107,school,430,Legacy Elementary
2024-2025,53,Loudoun County,813,NA,813,Northern Virginia,4,51107,school,560,Liberty Elementary
2024-2025,53,Loudoun County,2032,NA,2032,Northern Virginia,4,51107,school,1130,Lightridge High
2024-2025,53,Loudoun County,91,NA,91,Northern Virginia,4,51107,school,290,Lincoln Elementary
2024-2025,53,Loudoun County,701,NA,701,Northern Virginia,4,51107,school,860,Little River Elementary
2024-2025,53,Loudoun County,1334,NA,1334,Northern Virginia,4,51107,school,660,Loudoun County High
2024-2025,53,Loudoun County,1152,2,1154,Northern Virginia,4,51107,school,680,Loudoun Valley High
2024-2025,53,Loudoun County,510,NA,510,Northern Virginia,4,51107,school,780,Lovettsville Elementary
2024-2025,53,Loudoun County,528,NA,528,Northern Virginia,4,51107,school,500,Lowes Island Elementary
2024-2025,53,Loudoun County,242,NA,242,Northern Virginia,4,51107,school,130,Lucketts Elementary
2024-2025,53,Loudoun County,1004,NA,1004,Northern Virginia,4,51107,school,1030,Madison's Trust Elementary
2024-2025,53,Loudoun County,403,NA,403,Northern Virginia,4,51107,school,70,Meadowland Elementary
2024-2025,53,Loudoun County,1459,NA,1459,Northern Virginia,4,51107,school,320,Mercer Middle
2024-2025,53,Loudoun County,145,NA,145,Northern Virginia,4,51107,school,1200,Middleburg Community Charter
2024-2025,53,Loudoun County,636,NA,636,Northern Virginia,4,51107,school,910,Mill Run Elementary
2024-2025,53,Loudoun County,963,NA,963,Northern Virginia,4,51107,school,380,Moorefield Station Elementary
2024-2025,53,Loudoun County,649,NA,649,Northern Virginia,4,51107,school,980,Mountain View Elementary
2024-2025,53,Loudoun County,505,NA,505,Northern Virginia,4,51107,school,270,Newton-Lee Elementary
2024-2025,53,Loudoun County,1412,NA,1412,Northern Virginia,4,51107,school,60,Park View High
2024-2025,53,Loudoun County,699,NA,699,Northern Virginia,4,51107,school,340,Pinebrook Elementary
2024-2025,53,Loudoun County,1662,2,1664,Northern Virginia,4,51107,school,140,Potomac Falls High
2024-2025,53,Loudoun County,569,NA,569,Northern Virginia,4,51107,school,250,Potowmack Elementary
2024-2025,53,Loudoun County,1137,NA,1137,Northern Virginia,4,51107,school,930,River Bend Middle
2024-2025,53,Loudoun County,1714,3,1717,Northern Virginia,4,51107,school,1050,Riverside High
2024-2025,53,Loudoun County,1604,2,1606,Northern Virginia,4,51107,school,1060,Rock Ridge High
2024-2025,53,Loudoun County,562,NA,562,Northern Virginia,4,51107,school,40,Rolling Ridge Elementary
2024-2025,53,Loudoun County,793,NA,793,Northern Virginia,4,51107,school,550,Rosa Lee Carter Elementary
2024-2025,53,Loudoun County,521,NA,521,Northern Virginia,4,51107,school,180,Round Hill Elementary
2024-2025,53,Loudoun County,503,NA,503,Northern Virginia,4,51107,school,240,Sanders Corner Elementary
2024-2025,53,Loudoun County,508,NA,508,Northern Virginia,4,51107,school,870,Seldens Landing Elementary
2024-2025,53,Loudoun County,862,NA,862,Northern Virginia,4,51107,school,30,Seneca Ridge Middle
2024-2025,53,Loudoun County,886,NA,886,Northern Virginia,4,51107,school,90,Smart's Mill Middle
2024-2025,53,Loudoun County,430,NA,430,Northern Virginia,4,51107,school,690,Sterling Elementary
2024-2025,53,Loudoun County,968,1,969,Northern Virginia,4,51107,school,760,Sterling Middle
2024-2025,53,Loudoun County,710,NA,710,Northern Virginia,4,51107,school,350,Steuart W. Weller Elementary
2024-2025,53,Loudoun County,1634,2,1636,Northern Virginia,4,51107,school,850,Stone Bridge High
2024-2025,53,Loudoun County,1146,NA,1146,Northern Virginia,4,51107,school,570,Stone Hill Middle
2024-2025,53,Loudoun County,502,NA,502,Northern Virginia,4,51107,school,10,Sugarland Elementary
2024-2025,53,Loudoun County,476,NA,476,Northern Virginia,4,51107,school,750,Sully Elementary
2024-2025,53,Loudoun County,452,NA,452,Northern Virginia,4,51107,school,280,Sycolin Creek Elementary
2024-2025,53,Loudoun County,1131,NA,1131,Northern Virginia,4,51107,school,1040,Trailside Middle
2024-2025,53,Loudoun County,1379,1,1380,Northern Virginia,4,51107,school,200,Tuscarora High
2024-2025,53,Loudoun County,59,NA,59,Northern Virginia,4,51107,school,532,W.O. Robey High
2024-2025,53,Loudoun County,243,NA,243,Northern Virginia,4,51107,school,700,Waterford Elementary
2024-2025,53,Loudoun County,533,NA,533,Northern Virginia,4,51107,school,117,Watson Mountain Middle
2024-2025,53,Loudoun County,678,NA,678,Northern Virginia,4,51107,school,1140,Waxpool Elementary
2024-2025,53,Loudoun County,1684,NA,1684,Northern Virginia,4,51107,school,360,Willard Middle
2024-2025,53,Loudoun County,1567,6,1573,Northern Virginia,4,51107,school,590,Woodgrove High
2024-2025,54,Louisa County,647,NA,647,Valley,5,51109,school,660,Jouett Elementary
2024-2025,54,Louisa County,1601,NA,1601,Valley,5,51109,school,602,Louisa County High
2024-2025,54,Louisa County,1231,NA,1231,Valley,5,51109,school,601,Louisa County Middle
2024-2025,54,Louisa County,637,NA,637,Valley,5,51109,school,80,Moss-Nuckols Elementary
2024-2025,54,Louisa County,672,NA,672,Valley,5,51109,school,610,Thomas Jefferson Elementary
2024-2025,54,Louisa County,546,NA,546,Valley,5,51109,school,641,Trevilians Elementary
2024-2025,55,Lunenburg County,464,NA,464,Southside,8,51111,school,560,Central High
2024-2025,55,Lunenburg County,372,NA,372,Southside,8,51111,school,240,Kenbridge Elementary
2024-2025,55,Lunenburg County,341,NA,341,Southside,8,51111,school,171,Lunenburg Middle
2024-2025,55,Lunenburg County,400,NA,400,Southside,8,51111,school,140,Victoria Elementary
2024-2025,115,Lynchburg City,402,1,403,Valley,5,51680,school,290,Bedford Hills Elementary
2024-2025,115,Lynchburg City,180,1,181,Valley,5,51680,school,70,Dearington Elementary/Innovation
2024-2025,115,Lynchburg City,1220,NA,1220,Valley,5,51680,school,260,E.C. Glass High
2024-2025,115,Lynchburg City,448,8,456,Valley,5,51680,school,1102,Heritage Elementary
2024-2025,115,Lynchburg City,1113,NA,1113,Valley,5,51680,school,130,Heritage High
2024-2025,115,Lynchburg City,378,3,381,Valley,5,51680,school,360,Linkhorne Elementary
2024-2025,115,Lynchburg City,519,NA,519,Valley,5,51680,school,350,Linkhorne Middle
2024-2025,115,Lynchburg City,531,NA,531,Valley,5,51680,school,170,Paul Laurence Dunbar Middle for Innovation
2024-2025,115,Lynchburg City,356,1,357,Valley,5,51680,school,330,Paul Munro Elementary
2024-2025,115,Lynchburg City,377,11,388,Valley,5,51680,school,270,Perrymont Elementary
2024-2025,115,Lynchburg City,435,3,438,Valley,5,51680,school,190,Robert S. Payne Elementary
2024-2025,115,Lynchburg City,316,6,322,Valley,5,51680,school,370,Sandusky Elementary
2024-2025,115,Lynchburg City,583,NA,583,Valley,5,51680,school,340,Sandusky Middle
2024-2025,115,Lynchburg City,443,6,449,Valley,5,51680,school,300,Sheffield Elementary
2024-2025,115,Lynchburg City,168,NA,168,Valley,5,51680,school,90,T.C. Miller Elementary School for Innovation
2024-2025,115,Lynchburg City,188,6,194,Valley,5,51680,school,250,William M. Bass Elementary
2024-2025,56,Madison County,530,NA,530,Northern Virginia,4,51113,school,221,Madison County High
2024-2025,56,Madison County,365,1,366,Northern Virginia,4,51113,school,230,Madison Primary
2024-2025,56,Madison County,334,NA,334,Northern Virginia,4,51113,school,200,Waverly Yowell Elementary
2024-2025,56,Madison County,356,NA,356,Northern Virginia,4,51113,school,222,William H. Wetsel Middle
2024-2025,143,Manassas City,631,61,692,Northern Virginia,4,51683,school,470,Baldwin Elementary
2024-2025,143,Manassas City,260,NA,260,Northern Virginia,4,51683,school,471,Baldwin Intermediate
2024-2025,143,Manassas City,512,72,584,Northern Virginia,4,51683,school,60,George Carr Round Elementary
2024-2025,143,Manassas City,1111,NA,1111,Northern Virginia,4,51683,school,70,Grace E. Metz Middle
2024-2025,143,Manassas City,579,70,649,Northern Virginia,4,51683,school,310,Jennie Dean Elementary
2024-2025,143,Manassas City,840,NA,840,Northern Virginia,4,51683,school,80,Mayfield Intermediate
2024-2025,143,Manassas City,2302,NA,2302,Northern Virginia,4,51683,school,370,Osbourn High
2024-2025,143,Manassas City,556,54,610,Northern Virginia,4,51683,school,20,Richard C. Haydon Elementary
2024-2025,143,Manassas City,556,59,615,Northern Virginia,4,51683,school,10,Weems Elementary
2024-2025,144,Manassas Park City,857,NA,857,Northern Virginia,4,51685,school,522,Cougar Elementary
2024-2025,144,Manassas Park City,712,NA,712,Northern Virginia,4,51685,school,420,Manassas Park Elementary
2024-2025,144,Manassas Park City,1070,1,1071,Northern Virginia,4,51685,school,30,Manassas Park High
2024-2025,144,Manassas Park City,753,NA,753,Northern Virginia,4,51685,school,31,Manassas Park Middle
2024-2025,116,Martinsville City,399,NA,399,Western Virginia,6,51690,school,222,Albert Harris Elementary
2024-2025,116,Martinsville City,110,NA,110,Western Virginia,6,51690,school,224,Clearview Early Learning Center
2024-2025,116,Martinsville City,540,NA,540,Western Virginia,6,51690,school,110,Martinsville High
2024-2025,116,Martinsville City,387,NA,387,Western Virginia,6,51690,school,10,Martinsville Middle
2024-2025,116,Martinsville City,357,NA,357,Western Virginia,6,51690,school,223,Patrick Henry Elementary
2024-2025,57,Mathews County,281,NA,281,Northern Neck,3,51115,school,291,Mathews Elementary
2024-2025,57,Mathews County,334,NA,334,Northern Neck,3,51115,school,190,Mathews High
2024-2025,57,Mathews County,176,NA,176,Northern Neck,3,51115,school,100,Thomas Hunter Middle
2024-2025,58,Mecklenburg County,396,NA,396,Southside,8,51117,school,910,Chase City Elementary
2024-2025,58,Mecklenburg County,432,NA,432,Southside,8,51117,school,1000,Clarksville Elementary
2024-2025,58,Mecklenburg County,353,NA,353,Southside,8,51117,school,1020,LaCrosse Elementary
2024-2025,58,Mecklenburg County,1140,NA,1140,Southside,8,51117,school,1041,Mecklenburg County High
2024-2025,58,Mecklenburg County,819,NA,819,Southside,8,51117,school,1040,Mecklenburg County Middle
2024-2025,58,Mecklenburg County,767,NA,767,Southside,8,51117,school,190,South Hill Elementary
2024-2025,59,Middlesex County,620,NA,620,Northern Neck,3,51119,school,291,Middlesex Elementary
2024-2025,59,Middlesex County,370,NA,370,Northern Neck,3,51119,school,90,Middlesex High
2024-2025,59,Middlesex County,259,NA,259,Northern Neck,3,51119,school,140,St. Clare Walker Middle
2024-2025,60,Montgomery County,544,NA,544,Western Virginia,6,51121,school,902,Auburn Elementary
2024-2025,60,Montgomery County,393,NA,393,Western Virginia,6,51121,school,650,Auburn High
2024-2025,60,Montgomery County,309,NA,309,Western Virginia,6,51121,school,903,Auburn Middle
2024-2025,60,Montgomery County,245,NA,245,Western Virginia,6,51121,school,700,Belview Elementary
2024-2025,60,Montgomery County,1342,NA,1342,Western Virginia,6,51121,school,760,Blacksburg High
2024-2025,60,Montgomery County,961,NA,961,Western Virginia,6,51121,school,710,Blacksburg Middle
2024-2025,60,Montgomery County,401,NA,401,Western Virginia,6,51121,school,740,Christiansburg Elementary
2024-2025,60,Montgomery County,1073,NA,1073,Western Virginia,6,51121,school,770,Christiansburg High
2024-2025,60,Montgomery County,780,NA,780,Western Virginia,6,51121,school,671,Christiansburg Middle
2024-2025,60,Montgomery County,346,NA,346,Western Virginia,6,51121,school,780,Christiansburg Primary
2024-2025,60,Montgomery County,376,NA,376,Western Virginia,6,51121,school,30,Eastern Montgomery Elementary
2024-2025,60,Montgomery County,254,NA,254,Western Virginia,6,51121,school,904,Eastern Montgomery High
2024-2025,60,Montgomery County,535,NA,535,Western Virginia,6,51121,school,600,Falling Branch Elementary
2024-2025,60,Montgomery County,292,NA,292,Western Virginia,6,51121,school,750,Gilbert Linkous Elementary
2024-2025,60,Montgomery County,279,NA,279,Western Virginia,6,51121,school,10,Harding Avenue Elementary
2024-2025,60,Montgomery County,358,NA,358,Western Virginia,6,51121,school,901,Kipps Elementary
2024-2025,60,Montgomery County,346,NA,346,Western Virginia,6,51121,school,730,Margaret Beeks Elementary
2024-2025,60,Montgomery County,457,NA,457,Western Virginia,6,51121,school,210,Prices Fork Elementary
2024-2025,60,Montgomery County,193,NA,193,Western Virginia,6,51121,school,290,Shawsville Middle
2024-2025,62,Nelson County,486,NA,486,Valley,5,51125,school,710,Nelson County High
2024-2025,62,Nelson County,328,1,329,Valley,5,51125,school,730,Nelson Middle
2024-2025,62,Nelson County,318,NA,318,Valley,5,51125,school,10,Rockfish River Elementary
2024-2025,62,Nelson County,360,NA,360,Valley,5,51125,school,20,Tye River Elementary
2024-2025,63,New Kent County,510,NA,510,Central Virginia,1,51127,school,180,George W. Watkins Elementary
2024-2025,63,New Kent County,601,NA,601,Central Virginia,1,51127,school,10,New Kent Elementary
2024-2025,63,New Kent County,1073,NA,1073,Central Virginia,1,51127,school,20,New Kent High
2024-2025,63,New Kent County,829,NA,829,Central Virginia,1,51127,school,100,New Kent Middle
2024-2025,63,New Kent County,559,NA,559,Central Virginia,1,51127,school,300,Quinton Elementary
2024-2025,117,Newport News City,641,NA,641,Tidewater,2,51700,school,1404,Achievable Dream Academy
2024-2025,117,Newport News City,498,NA,498,Tidewater,2,51700,school,1405,Achievable Dream Middle/High
2024-2025,117,Newport News City,388,NA,388,Tidewater,2,51700,school,1250,B.C. Charles Elementary
2024-2025,117,Newport News City,414,NA,414,Tidewater,2,51700,school,110,B.T. Washington Middle
2024-2025,117,Newport News City,637,NA,637,Tidewater,2,51700,school,1170,Carver Elementary
2024-2025,117,Newport News City,785,NA,785,Tidewater,2,51700,school,1393,Crittenden Middle
2024-2025,117,Newport News City,341,NA,341,Tidewater,2,51700,school,50,David A. Dutrow Elementary
2024-2025,117,Newport News City,434,3,437,Tidewater,2,51700,school,1398,Deer Park Elementary
2024-2025,117,Newport News City,397,NA,397,Tidewater,2,51700,school,1402,Denbigh Early Childhood Center
2024-2025,117,Newport News City,1270,NA,1270,Tidewater,2,51700,school,280,Denbigh High
2024-2025,117,Newport News City,562,NA,562,Tidewater,2,51700,school,130,Discovery STEM Academy
2024-2025,117,Newport News City,994,NA,994,Tidewater,2,51700,school,20,Ella J. Fitzgerald Middle
2024-2025,117,Newport News City,1089,NA,1089,Tidewater,2,51700,school,1260,Ethel M. Gildersleeve Middle
2024-2025,117,Newport News City,430,NA,430,Tidewater,2,51700,school,1407,General Stanford Elementary
2024-2025,117,Newport News City,446,NA,446,Tidewater,2,51700,school,70,George J. McIntosh Elementary
2024-2025,117,Newport News City,1108,NA,1108,Tidewater,2,51700,school,1395,Heritage High
2024-2025,117,Newport News City,477,NA,477,Tidewater,2,51700,school,1210,Hidenwood Elementary
2024-2025,117,Newport News City,368,NA,368,Tidewater,2,51700,school,1080,Hilton Elementary
2024-2025,117,Newport News City,848,NA,848,Tidewater,2,51700,school,1270,Homer L. Hines Middle
2024-2025,117,Newport News City,293,NA,293,Tidewater,2,51700,school,91,Huntington Middle
2024-2025,117,Newport News City,213,NA,213,Tidewater,2,51700,school,1411,John Marshall Early Childhood Center
2024-2025,117,Newport News City,664,NA,664,Tidewater,2,51700,school,300,Joseph H. Saunders Elementary
2024-2025,117,Newport News City,554,NA,554,Tidewater,2,51700,school,1180,Katherine Johnson Elementary
2024-2025,117,Newport News City,553,NA,553,Tidewater,2,51700,school,1290,Kiln Creek Elementary
2024-2025,117,Newport News City,460,NA,460,Tidewater,2,51700,school,310,Knollwood Meadows Elementary
2024-2025,117,Newport News City,465,NA,465,Tidewater,2,51700,school,200,L.F. Palmer Elementary
2024-2025,117,Newport News City,933,NA,933,Tidewater,2,51700,school,1400,Mary Passage Middle
2024-2025,117,Newport News City,1709,NA,1709,Tidewater,2,51700,school,1220,Menchville High
2024-2025,117,Newport News City,386,NA,386,Tidewater,2,51700,school,1120,Newsome Park Elementary
2024-2025,117,Newport News City,549,NA,549,Tidewater,2,51700,school,150,Oliver C. Greenwood Elementary
2024-2025,117,Newport News City,449,NA,449,Tidewater,2,51700,school,270,Richard T. Yates Elementary
2024-2025,117,Newport News City,503,NA,503,Tidewater,2,51700,school,1230,Richneck Elementary
2024-2025,117,Newport News City,506,NA,506,Tidewater,2,51700,school,1150,Riverside Elementary
2024-2025,117,Newport News City,425,NA,425,Tidewater,2,51700,school,250,Sedgefield Elementary
2024-2025,117,Newport News City,454,NA,454,Tidewater,2,51700,school,1240,Stoney Run Elementary
2024-2025,117,Newport News City,499,NA,499,Tidewater,2,51700,school,290,T. Ryland Sanford Elementary
2024-2025,117,Newport News City,1625,NA,1625,Tidewater,2,51700,school,1070,Warwick High
2024-2025,117,Newport News City,326,NA,326,Tidewater,2,51700,school,1410,Watkins Early Childhood Center
2024-2025,117,Newport News City,509,NA,509,Tidewater,2,51700,school,320,Willis A. Jenkins Elementary
2024-2025,117,Newport News City,1728,NA,1728,Tidewater,2,51700,school,1396,Woodside High
2024-2025,118,Norfolk City,739,NA,739,Tidewater,2,51710,school,185,Academy for Discovery at Lakewood
2024-2025,118,Norfolk City,792,NA,792,Tidewater,2,51710,school,760,Azalea Gardens Middle
2024-2025,118,Norfolk City,500,NA,500,Tidewater,2,51710,school,250,Bay View Elementary
2024-2025,118,Norfolk City,165,NA,165,Tidewater,2,51710,school,510,Berkley/Campostella Early Childhood Education Center
2024-2025,118,Norfolk City,1141,NA,1141,Tidewater,2,51710,school,20,Blair Middle
2024-2025,118,Norfolk City,904,NA,904,Tidewater,2,51710,school,880,Booker T Washington High
2024-2025,118,Norfolk City,405,NA,405,Tidewater,2,51710,school,40,Camp Allen Elementary
2024-2025,118,Norfolk City,325,NA,325,Tidewater,2,51710,school,220,Chesterfield Elementary
2024-2025,118,Norfolk City,551,NA,551,Tidewater,2,51710,school,550,Coleman Place Elementary
2024-2025,118,Norfolk City,790,NA,790,Tidewater,2,51710,school,560,Crossroads PreK-8 School
2024-2025,118,Norfolk City,123,NA,123,Tidewater,2,51710,school,740,Easton Preschool at Fairlawn
2024-2025,118,Norfolk City,501,NA,501,Tidewater,2,51710,school,90,Ghent K-8
2024-2025,118,Norfolk City,464,NA,464,Tidewater,2,51710,school,420,Granby Elementary
2024-2025,118,Norfolk City,1980,NA,1980,Tidewater,2,51710,school,390,Granby High
2024-2025,118,Norfolk City,574,NA,574,Tidewater,2,51710,school,610,Ingleside Elementary
2024-2025,118,Norfolk City,596,NA,596,Tidewater,2,51710,school,430,Jacox Elementary
2024-2025,118,Norfolk City,299,NA,299,Tidewater,2,51710,school,131,James Monroe Elementary
2024-2025,118,Norfolk City,664,NA,664,Tidewater,2,51710,school,790,Lake Taylor
2024-2025,118,Norfolk City,1107,NA,1107,Tidewater,2,51710,school,840,Lake Taylor High
2024-2025,118,Norfolk City,455,NA,455,Tidewater,2,51710,school,210,Larchmont Elementary
2024-2025,118,Norfolk City,584,NA,584,Tidewater,2,51710,school,670,Larrymore Elementary
2024-2025,118,Norfolk City,243,NA,243,Tidewater,2,51710,school,520,Lindenwood Elementary
2024-2025,118,Norfolk City,583,NA,583,Tidewater,2,51710,school,682,Little Creek Elementary
2024-2025,118,Norfolk City,404,NA,404,Tidewater,2,51710,school,460,Mary Calcott Elementary
2024-2025,118,Norfolk City,1713,NA,1713,Tidewater,2,51710,school,10,Matthew Fontaine Maury High
2024-2025,118,Norfolk City,732,NA,732,Tidewater,2,51710,school,490,Northside Middle
2024-2025,118,Norfolk City,412,NA,412,Tidewater,2,51710,school,620,Norview Elementary
2024-2025,118,Norfolk City,1585,NA,1585,Tidewater,2,51710,school,580,Norview High
2024-2025,118,Norfolk City,1196,NA,1196,Tidewater,2,51710,school,570,Norview Middle
2024-2025,118,Norfolk City,512,NA,512,Tidewater,2,51710,school,190,Ocean View Elementary
2024-2025,118,Norfolk City,400,NA,400,Tidewater,2,51710,school,630,Oceanair Elementary
2024-2025,118,Norfolk City,241,NA,241,Tidewater,2,51710,school,530,P.B. Young Sr. Elementary
2024-2025,118,Norfolk City,492,NA,492,Tidewater,2,51710,school,480,Richard Bowling Elementary
2024-2025,118,Norfolk City,576,NA,576,Tidewater,2,51710,school,30,Ruffner School
2024-2025,118,Norfolk City,495,NA,495,Tidewater,2,51710,school,850,Sewells Point Elementary
2024-2025,118,Norfolk City,406,NA,406,Tidewater,2,51710,school,650,Sherwood Forest Elementary
2024-2025,118,Norfolk City,686,NA,686,Tidewater,2,51710,school,770,Southside STEM Academy at Campostella
2024-2025,118,Norfolk City,229,NA,229,Tidewater,2,51710,school,820,St. Helena Elementary
2024-2025,118,Norfolk City,415,NA,415,Tidewater,2,51710,school,500,Suburban Park Elementary
2024-2025,118,Norfolk City,517,NA,517,Tidewater,2,51710,school,100,Tanners Creek Elementary
2024-2025,118,Norfolk City,286,NA,286,Tidewater,2,51710,school,800,Tarrallton Elementary
2024-2025,118,Norfolk City,403,NA,403,Tidewater,2,51710,school,150,Walter Herron Taylor Elementary
2024-2025,118,Norfolk City,441,NA,441,Tidewater,2,51710,school,471,Willard Elementary
2024-2025,118,Norfolk City,181,NA,181,Tidewater,2,51710,school,860,Willoughby Early Childhood Center
2024-2025,65,Northampton County,300,NA,300,Tidewater,2,51131,school,452,Kiptopeke Elementary
2024-2025,65,Northampton County,401,NA,401,Tidewater,2,51131,school,350,Northampton High
2024-2025,65,Northampton County,214,NA,214,Tidewater,2,51131,school,360,Northampton Middle
2024-2025,65,Northampton County,385,NA,385,Tidewater,2,51131,school,451,Occohannock Elementary
2024-2025,66,Northumberland County,503,NA,503,Northern Neck,3,51133,school,331,Northumberland Elementary
2024-2025,66,Northumberland County,380,NA,380,Northern Neck,3,51133,school,40,Northumberland High
2024-2025,66,Northumberland County,279,NA,279,Northern Neck,3,51133,school,210,Northumberland Middle
2024-2025,119,Norton City,328,NA,328,Southwest,7,51720,school,20,J.I. Burton High
2024-2025,119,Norton City,527,NA,527,Southwest,7,51720,school,40,Norton Elementary
2024-2025,67,Nottoway County,371,NA,371,Southside,8,51135,school,340,Blackstone Primary
2024-2025,67,Nottoway County,370,NA,370,Southside,8,51135,school,330,Crewe Primary
2024-2025,67,Nottoway County,511,NA,511,Southside,8,51135,school,301,Nottoway High
2024-2025,67,Nottoway County,272,NA,272,Southside,8,51135,school,300,Nottoway Intermediate
2024-2025,67,Nottoway County,269,NA,269,Southside,8,51135,school,302,Nottoway Middle
2024-2025,68,Orange County,326,NA,326,Northern Virginia,4,51137,school,360,Gordon-Barbour Elementary
2024-2025,68,Orange County,224,NA,224,Northern Virginia,4,51137,school,70,Lightfoot Elementary
2024-2025,68,Orange County,519,NA,519,Northern Virginia,4,51137,school,50,Locust Grove Elementary
2024-2025,68,Orange County,686,NA,686,Northern Virginia,4,51137,school,471,Locust Grove Middle
2024-2025,68,Orange County,500,NA,500,Northern Virginia,4,51137,school,51,Locust Grove Primary
2024-2025,68,Orange County,1481,1,1482,Northern Virginia,4,51137,school,330,Orange County High
2024-2025,68,Orange County,621,NA,621,Northern Virginia,4,51137,school,370,Orange Elementary
2024-2025,68,Orange County,466,NA,466,Northern Virginia,4,51137,school,340,Prospect Heights Middle
2024-2025,68,Orange County,256,NA,256,Northern Virginia,4,51137,school,350,Unionville Elementary
2024-2025,69,Page County,474,NA,474,Northern Virginia,4,51139,school,350,Luray Elementary
2024-2025,69,Page County,452,1,453,Northern Virginia,4,51139,school,110,Luray High
2024-2025,69,Page County,315,NA,315,Northern Virginia,4,51139,school,400,Luray Middle
2024-2025,69,Page County,473,NA,473,Northern Virginia,4,51139,school,380,Page County High
2024-2025,69,Page County,318,NA,318,Northern Virginia,4,51139,school,390,Page County Middle
2024-2025,69,Page County,351,NA,351,Northern Virginia,4,51139,school,310,Shenandoah Elementary
2024-2025,69,Page County,208,NA,208,Northern Virginia,4,51139,school,50,Springfield Elementary
2024-2025,69,Page County,337,NA,337,Northern Virginia,4,51139,school,210,Stanley Elementary
2024-2025,70,Patrick County,223,NA,223,Western Virginia,6,51141,school,440,Blue Ridge Elementary
2024-2025,70,Patrick County,203,NA,203,Western Virginia,6,51141,school,350,Hardin Reynolds Memorial School
2024-2025,70,Patrick County,300,NA,300,Western Virginia,6,51141,school,150,Meadows of Dan Elementary
2024-2025,70,Patrick County,797,NA,797,Western Virginia,6,51141,school,700,Patrick County High
2024-2025,70,Patrick County,241,NA,241,Western Virginia,6,51141,school,680,Patrick Springs Primary
2024-2025,70,Patrick County,361,NA,361,Western Virginia,6,51141,school,320,Stuart Elementary
2024-2025,70,Patrick County,153,NA,153,Western Virginia,6,51141,school,80,Woolwine Elementary
2024-2025,120,Petersburg City,540,NA,540,Central Virginia,1,51730,school,110,Cool Spring Elementary
2024-2025,120,Petersburg City,393,NA,393,Central Virginia,1,51730,school,170,Lakemont Elementary
2024-2025,120,Petersburg City,1215,NA,1215,Central Virginia,1,51730,school,200,Petersburg High
2024-2025,120,Petersburg City,493,NA,493,Central Virginia,1,51730,school,180,Pleasants Lane Elementary
2024-2025,120,Petersburg City,949,NA,949,Central Virginia,1,51730,school,121,Vernon Johns Middle
2024-2025,120,Petersburg City,574,NA,574,Central Virginia,1,51730,school,130,Walnut Hill Elementary
2024-2025,120,Petersburg City,418,NA,418,Central Virginia,1,51730,school,160,Westview Early Childhood Education Center
2024-2025,71,Pittsylvania County,219,NA,219,Western Virginia,6,51143,school,1853,Brosville Elementary
2024-2025,71,Pittsylvania County,236,NA,236,Western Virginia,6,51143,school,640,Chatham Elementary
2024-2025,71,Pittsylvania County,609,NA,609,Western Virginia,6,51143,school,1720,Chatham High
2024-2025,71,Pittsylvania County,406,NA,406,Western Virginia,6,51143,school,1660,Chatham Middle
2024-2025,71,Pittsylvania County,583,NA,583,Western Virginia,6,51143,school,1680,Dan River High
2024-2025,71,Pittsylvania County,438,1,439,Western Virginia,6,51143,school,1090,Dan River Middle
2024-2025,71,Pittsylvania County,493,NA,493,Western Virginia,6,51143,school,280,Gretna Elementary
2024-2025,71,Pittsylvania County,507,NA,507,Western Virginia,6,51143,school,1700,Gretna High
2024-2025,71,Pittsylvania County,385,NA,385,Western Virginia,6,51143,school,290,Gretna Middle
2024-2025,71,Pittsylvania County,257,NA,257,Western Virginia,6,51143,school,30,John L. Hurt Elementary
2024-2025,71,Pittsylvania County,478,NA,478,Western Virginia,6,51143,school,1690,Kentuck Elementary
2024-2025,71,Pittsylvania County,141,NA,141,Western Virginia,6,51143,school,1750,Mount Airy Elementary
2024-2025,71,Pittsylvania County,428,NA,428,Western Virginia,6,51143,school,1460,Southside Elementary
2024-2025,71,Pittsylvania County,440,NA,440,Western Virginia,6,51143,school,1710,Stony Mill Elementary
2024-2025,71,Pittsylvania County,800,NA,800,Western Virginia,6,51143,school,1730,Tunstall High
2024-2025,71,Pittsylvania County,609,NA,609,Western Virginia,6,51143,school,1130,Tunstall Middle
2024-2025,71,Pittsylvania County,618,NA,618,Western Virginia,6,51143,school,1851,Twin Springs Elementary
2024-2025,71,Pittsylvania County,183,NA,183,Western Virginia,6,51143,school,1740,Union Hall Elementary
2024-2025,142,Poquoson City,475,NA,475,Tidewater,2,51735,school,150,Poquoson Elementary
2024-2025,142,Poquoson City,647,NA,647,Tidewater,2,51735,school,10,Poquoson High
2024-2025,142,Poquoson City,491,NA,491,Tidewater,2,51735,school,130,Poquoson Middle
2024-2025,142,Poquoson City,417,35,452,Tidewater,2,51735,school,160,Poquoson Primary
2024-2025,121,Portsmouth City,483,NA,483,Tidewater,2,51740,school,1766,Brighton Elementary
2024-2025,121,Portsmouth City,626,NA,626,Tidewater,2,51740,school,321,Churchland Academy Elementary
2024-2025,121,Portsmouth City,721,NA,721,Tidewater,2,51740,school,650,Churchland Elementary
2024-2025,121,Portsmouth City,1455,NA,1455,Tidewater,2,51740,school,500,Churchland High
2024-2025,121,Portsmouth City,798,NA,798,Tidewater,2,51740,school,320,Churchland Middle
2024-2025,121,Portsmouth City,112,NA,112,Tidewater,2,51740,school,322,Churchland Preschool Center
2024-2025,121,Portsmouth City,503,NA,503,Tidewater,2,51740,school,160,Churchland Primary & Intermediate
2024-2025,121,Portsmouth City,616,NA,616,Tidewater,2,51740,school,1400,Cradock Elementary
2024-2025,121,Portsmouth City,517,NA,517,Tidewater,2,51740,school,1130,Cradock Middle
2024-2025,121,Portsmouth City,510,NA,510,Tidewater,2,51740,school,190,Douglass Park Elementary
2024-2025,121,Portsmouth City,466,NA,466,Tidewater,2,51740,school,1630,Hodges Manor Elementary
2024-2025,121,Portsmouth City,1009,NA,1009,Tidewater,2,51740,school,240,I.C. Norcom High
2024-2025,121,Portsmouth City,439,NA,439,Tidewater,2,51740,school,1650,Lakeview Elementary
2024-2025,121,Portsmouth City,1149,NA,1149,Tidewater,2,51740,school,1660,Manor High
2024-2025,121,Portsmouth City,208,NA,208,Tidewater,2,51740,school,1768,Mount Hermon Preschool Center
2024-2025,121,Portsmouth City,171,NA,171,Tidewater,2,51740,school,1770,Olive Branch Preschool Center
2024-2025,121,Portsmouth City,401,NA,401,Tidewater,2,51740,school,60,Park View Elementary
2024-2025,121,Portsmouth City,613,NA,613,Tidewater,2,51740,school,290,Simonsdale Elementary
2024-2025,121,Portsmouth City,586,NA,586,Tidewater,2,51740,school,1769,Victory Elementary
2024-2025,121,Portsmouth City,576,NA,576,Tidewater,2,51740,school,230,Waterview Elementary
2024-2025,121,Portsmouth City,402,NA,402,Tidewater,2,51740,school,210,Westhaven Elementary
2024-2025,121,Portsmouth City,550,NA,550,Tidewater,2,51740,school,310,William E. Waters Middle
2024-2025,72,Powhatan County,654,NA,654,Central Virginia,1,51145,school,21,Flat Rock Elementary
2024-2025,72,Powhatan County,668,NA,668,Central Virginia,1,51145,school,231,Pocahontas Elementary
2024-2025,72,Powhatan County,477,NA,477,Central Virginia,1,51145,school,13,Powhatan Elementary
2024-2025,72,Powhatan County,1328,2,1330,Central Virginia,1,51145,school,11,Powhatan High
2024-2025,72,Powhatan County,950,2,952,Central Virginia,1,51145,school,130,Powhatan Middle
2024-2025,73,Prince Edward County,502,NA,502,Southside,8,51147,school,400,Prince Edward County High
2024-2025,73,Prince Edward County,823,NA,823,Southside,8,51147,school,10,Prince Edward Elementary
2024-2025,73,Prince Edward County,520,NA,520,Southside,8,51147,school,20,Prince Edward Middle
2024-2025,74,Prince George County,630,NA,630,Central Virginia,1,51149,school,340,David A. Harrison Elementary
2024-2025,74,Prince George County,1387,NA,1387,Central Virginia,1,51149,school,320,J.E.J. Moore Middle
2024-2025,74,Prince George County,507,NA,507,Central Virginia,1,51149,school,310,L.L. Beazley Elementary
2024-2025,74,Prince George County,769,NA,769,Central Virginia,1,51149,school,280,Middle Road Elementary
2024-2025,74,Prince George County,720,NA,720,Central Virginia,1,51149,school,290,North Elementary
2024-2025,74,Prince George County,1789,1,1790,Central Virginia,1,51149,school,20,Prince George High
2024-2025,74,Prince George County,418,NA,418,Central Virginia,1,51149,school,300,South Elementary
2024-2025,75,Prince William County,816,2,818,Northern Virginia,4,51153,school,330,A. Henderson Elementary
2024-2025,75,Prince William County,753,4,757,Northern Virginia,4,51153,school,760,Antietam Elementary
2024-2025,75,Prince William County,738,3,741,Northern Virginia,4,51153,school,200,Ashland Elementary
2024-2025,75,Prince William County,2063,4,2067,Northern Virginia,4,51153,school,290,Battlefield High
2024-2025,75,Prince William County,391,2,393,Northern Virginia,4,51153,school,670,Bel Air Elementary
2024-2025,75,Prince William County,492,6,498,Northern Virginia,4,51153,school,600,Belmont Elementary
2024-2025,75,Prince William County,747,5,752,Northern Virginia,4,51153,school,840,Bennett Elementary
2024-2025,75,Prince William County,857,NA,857,Northern Virginia,4,51153,school,530,Brentsville District High
2024-2025,75,Prince William County,562,3,565,Northern Virginia,4,51153,school,860,Bristow Run Elementary
2024-2025,75,Prince William County,735,3,738,Northern Virginia,4,51153,school,950,Buckland Mills Elementary
2024-2025,75,Prince William County,1129,NA,1129,Northern Virginia,4,51153,school,920,Bull Run Middle
2024-2025,75,Prince William County,636,3,639,Northern Virginia,4,51153,school,620,C.A. Sinclair Elementary
2024-2025,75,Prince William County,1864,1,1865,Northern Virginia,4,51153,school,710,C.D. Hylton High
2024-2025,75,Prince William County,512,1,513,Northern Virginia,4,51153,school,900,Cedar Point Elementary
2024-2025,75,Prince William County,2965,1,2966,Northern Virginia,4,51153,school,5010,Charles J. Colgan Sr. High
2024-2025,75,Prince William County,720,1,721,Northern Virginia,4,51153,school,970,Chris Yung Elementary
2024-2025,75,Prince William County,432,2,434,Northern Virginia,4,51153,school,660,Coles Elementary
2024-2025,75,Prince William County,1025,7,1032,Northern Virginia,4,51153,school,309,Covington-Harper Elementary
2024-2025,75,Prince William County,443,2,445,Northern Virginia,4,51153,school,610,Dale City Elementary
2024-2025,75,Prince William County,441,4,445,Northern Virginia,4,51153,school,280,Dumfries Elementary
2024-2025,75,Prince William County,1153,1,1154,Northern Virginia,4,51153,school,490,E.H. Marsteller Middle
2024-2025,75,Prince William County,602,NA,602,Northern Virginia,4,51153,school,580,Elizabeth Vaughan Elementary
2024-2025,75,Prince William County,414,NA,414,Northern Virginia,4,51153,school,120,Enterprise Elementary
2024-2025,75,Prince William County,837,5,842,Northern Virginia,4,51153,school,370,Fannie W. Fitzgerald Elementary
2024-2025,75,Prince William County,453,NA,453,Northern Virginia,4,51153,school,450,Featherstone Elementary
2024-2025,75,Prince William County,2346,NA,2346,Northern Virginia,4,51153,school,870,Forest Park High
2024-2025,75,Prince William County,974,NA,974,Northern Virginia,4,51153,school,520,Fred M. Lynn Middle
2024-2025,75,Prince William County,2311,NA,2311,Northern Virginia,4,51153,school,300,Freedom High
2024-2025,75,Prince William County,2650,3,2653,Northern Virginia,4,51153,school,5130,Gainesville High
2024-2025,75,Prince William County,1403,NA,1403,Northern Virginia,4,51153,school,960,Gainesville Middle
2024-2025,75,Prince William County,2530,NA,2530,Northern Virginia,4,51153,school,690,Gar-Field High
2024-2025,75,Prince William County,490,4,494,Northern Virginia,4,51153,school,630,George G. Tyler Elementary
2024-2025,75,Prince William County,895,NA,895,Northern Virginia,4,51153,school,640,George M. Hampton Middle
2024-2025,75,Prince William County,668,2,670,Northern Virginia,4,51153,school,770,George P. Mullen Elementary
2024-2025,75,Prince William County,554,5,559,Northern Virginia,4,51153,school,340,Glenkirk Elementary
2024-2025,75,Prince William County,716,NA,716,Northern Virginia,4,51153,school,510,Graham Park Middle
2024-2025,75,Prince William County,963,5,968,Northern Virginia,4,51153,school,250,Haymarket Elementary
2024-2025,75,Prince William County,1199,NA,1199,Northern Virginia,4,51153,school,380,Herbert J. Saunders Middle
2024-2025,75,Prince William County,565,9,574,Northern Virginia,4,51153,school,317,Innovation Elementary
2024-2025,75,Prince William County,523,3,526,Northern Virginia,4,51153,school,220,J.W. Alvey Elementary
2024-2025,75,Prince William County,635,8,643,Northern Virginia,4,51153,school,319,John D. Jenkins Elementary
2024-2025,75,Prince William County,907,43,950,Northern Virginia,4,51153,school,130,John F. Pattie Sr. Elementary
2024-2025,75,Prince William County,299,5,304,Northern Virginia,4,51153,school,70,Kerrydale Elementary
2024-2025,75,Prince William County,875,10,885,Northern Virginia,4,51153,school,306,Kyle R. Wilson Elementary
2024-2025,75,Prince William County,671,5,676,Northern Virginia,4,51153,school,180,Lake Ridge Elementary
2024-2025,75,Prince William County,1489,NA,1489,Northern Virginia,4,51153,school,720,Lake Ridge Middle
2024-2025,75,Prince William County,761,4,765,Northern Virginia,4,51153,school,830,Leesylvania Elementary
2024-2025,75,Prince William County,481,2,483,Northern Virginia,4,51153,school,460,Loch Lomond Elementary
2024-2025,75,Prince William County,1339,1,1340,Northern Virginia,4,51153,school,880,Louise A. Benton Middle
2024-2025,75,Prince William County,454,1,455,Northern Virginia,4,51153,school,160,Martin Luther King Jr. Elementary
2024-2025,75,Prince William County,564,1,565,Northern Virginia,4,51153,school,570,Marumsco Hills Elementary
2024-2025,75,Prince William County,679,NA,679,Northern Virginia,4,51153,school,231,Mary G. Porter Traditional
2024-2025,75,Prince William County,671,5,676,Northern Virginia,4,51153,school,240,Mary Williams Elementary
2024-2025,75,Prince William County,584,5,589,Northern Virginia,4,51153,school,30,Minnieville Elementary
2024-2025,75,Prince William County,594,4,598,Northern Virginia,4,51153,school,800,Montclair Elementary
2024-2025,75,Prince William County,418,2,420,Northern Virginia,4,51153,school,810,Mountain View Elementary
2024-2025,75,Prince William County,636,6,642,Northern Virginia,4,51153,school,700,Neabsco Elementary
2024-2025,75,Prince William County,572,NA,572,Northern Virginia,4,51153,school,260,Occoquan Elementary
2024-2025,75,Prince William County,505,2,507,Northern Virginia,4,51153,school,820,Old Bridge Elementary
2024-2025,75,Prince William County,2665,4,2669,Northern Virginia,4,51153,school,80,Osbourn Park High
2024-2025,75,Prince William County,1356,NA,1356,Northern Virginia,4,51153,school,501,Parkside Middle
2024-2025,75,Prince William County,2022,2,2024,Northern Virginia,4,51153,school,1060,Patriot High
2024-2025,75,Prince William County,651,NA,651,Northern Virginia,4,51153,school,945,Pennington Traditional
2024-2025,75,Prince William County,760,2,762,Northern Virginia,4,51153,school,110,Piney Branch Elementary
2024-2025,75,Prince William County,2202,NA,2202,Northern Virginia,4,51153,school,140,Potomac High
2024-2025,75,Prince William County,932,1,933,Northern Virginia,4,51153,school,170,Potomac Middle
2024-2025,75,Prince William County,1231,NA,1231,Northern Virginia,4,51153,school,414,Potomac Shores Middle
2024-2025,75,Prince William County,559,2,561,Northern Virginia,4,51153,school,550,Potomac View Elementary
2024-2025,75,Prince William County,616,7,623,Northern Virginia,4,51153,school,440,R. Dean Kilby Elementary
2024-2025,75,Prince William County,1203,NA,1203,Northern Virginia,4,51153,school,591,Rippon Middle
2024-2025,75,Prince William County,662,3,665,Northern Virginia,4,51153,school,750,River Oaks Elementary
2024-2025,75,Prince William County,496,1,497,Northern Virginia,4,51153,school,40,Rockledge Elementary
2024-2025,75,Prince William County,1437,4,1441,Northern Virginia,4,51153,school,310,Ronald Wilson Reagan Middle
2024-2025,75,Prince William County,547,3,550,Northern Virginia,4,51153,school,941,Rosa Parks Elementary
2024-2025,75,Prince William County,814,NA,814,Northern Virginia,4,51153,school,360,Samuel L. Gravely Jr. Elementary
2024-2025,75,Prince William County,379,NA,379,Northern Virginia,4,51153,school,730,Sharon C. McAuliffe Elementary
2024-2025,75,Prince William County,807,3,810,Northern Virginia,4,51153,school,500,Signal Hill Elementary
2024-2025,75,Prince William County,744,5,749,Northern Virginia,4,51153,school,850,Sonnie Penn Elementary
2024-2025,75,Prince William County,842,6,848,Northern Virginia,4,51153,school,320,Springwoods Elementary
2024-2025,75,Prince William County,1182,NA,1182,Northern Virginia,4,51153,school,780,Stuart M. Beville Middle
2024-2025,75,Prince William County,624,NA,624,Northern Virginia,4,51153,school,20,Sudley Elementary
2024-2025,75,Prince William County,404,4,408,Northern Virginia,4,51153,school,270,Suella G. Ellis Elementary
2024-2025,75,Prince William County,619,4,623,Northern Virginia,4,51153,school,890,Swans Creek Elementary
2024-2025,75,Prince William County,754,1,755,Northern Virginia,4,51153,school,470,T. Clay Wood Elementary
2024-2025,75,Prince William County,1202,NA,1202,Northern Virginia,4,51153,school,150,The Nokesville School
2024-2025,75,Prince William County,642,5,647,Northern Virginia,4,51153,school,790,Thurgood Marshall Elementary
2024-2025,75,Prince William County,798,4,802,Northern Virginia,4,51153,school,430,Triangle Elementary
2024-2025,75,Prince William County,1056,NA,1056,Northern Virginia,4,51153,school,480,Unity Braxton Middle
2024-2025,75,Prince William County,2047,NA,2047,Northern Virginia,4,51153,school,680,Unity Reed High
2024-2025,75,Prince William County,662,NA,662,Northern Virginia,4,51153,school,390,Victory Elementary
2024-2025,75,Prince William County,482,2,484,Northern Virginia,4,51153,school,540,West Gate Elementary
2024-2025,75,Prince William County,642,NA,642,Northern Virginia,4,51153,school,740,Westridge Elementary
2024-2025,75,Prince William County,2901,3,2904,Northern Virginia,4,51153,school,60,Woodbridge High
2024-2025,75,Prince William County,873,NA,873,Northern Virginia,4,51153,school,560,Woodbridge Middle
2024-2025,75,Prince William County,852,2,854,Northern Virginia,4,51153,school,350,Yorkshire Elementary
2024-2025,77,Pulaski County,416,NA,416,Southwest,7,51155,school,20,Critzer Elementary
2024-2025,77,Pulaski County,411,NA,411,Southwest,7,51155,school,540,Dublin Elementary
2024-2025,77,Pulaski County,825,NA,825,Southwest,7,51155,school,560,Pulaski County Middle
2024-2025,77,Pulaski County,521,NA,521,Southwest,7,51155,school,101,Pulaski County Public Schools Virtual School K-12
2024-2025,77,Pulaski County,1159,NA,1159,Southwest,7,51155,school,10,Pulaski County Senior High
2024-2025,77,Pulaski County,472,NA,472,Southwest,7,51155,school,230,Pulaski Elementary
2024-2025,77,Pulaski County,380,NA,380,Southwest,7,51155,school,500,Riverlawn Elementary
2024-2025,77,Pulaski County,201,NA,201,Southwest,7,51155,school,430,Snowville Elementary
2024-2025,122,Radford City,473,NA,473,Southwest,7,51750,school,10,Belle Heth Elementary
2024-2025,122,Radford City,265,NA,265,Southwest,7,51750,school,42,John N. Dalton Intermediate
2024-2025,122,Radford City,383,12,395,Southwest,7,51750,school,20,McHarg Elementary
2024-2025,122,Radford City,1694,NA,1694,Southwest,7,51750,school,102,Radford City Virtual
2024-2025,122,Radford City,506,NA,506,Southwest,7,51750,school,41,Radford High
2024-2025,78,Rappahannock County,457,NA,457,Northern Virginia,4,51157,school,240,Rappahannock County Elementary
2024-2025,78,Rappahannock County,316,1,317,Northern Virginia,4,51157,school,230,Rappahannock County High
2024-2025,123,Richmond City,505,NA,505,Central Virginia,1,51760,school,30,Albert Hill Middle
2024-2025,123,Richmond City,709,NA,709,Central Virginia,1,51760,school,850,Armstrong High
2024-2025,123,Richmond City,274,NA,274,Central Virginia,1,51760,school,390,Barack Obama Elementary
2024-2025,123,Richmond City,206,NA,206,Central Virginia,1,51760,school,100,Bellevue Elementary
2024-2025,123,Richmond City,420,NA,420,Central Virginia,1,51760,school,170,Blackwell Elementary
2024-2025,123,Richmond City,612,NA,612,Central Virginia,1,51760,school,1100,Broad Rock Elementary
2024-2025,123,Richmond City,821,NA,821,Central Virginia,1,51760,school,1440,Cardinal Elementary
2024-2025,123,Richmond City,403,NA,403,Central Virginia,1,51760,school,830,Chimborazo Elementary
2024-2025,123,Richmond City,372,NA,372,Central Virginia,1,51760,school,50,Dogwood Middle
2024-2025,123,Richmond City,355,NA,355,Central Virginia,1,51760,school,1400,Elizabeth D. Redd Elementary
2024-2025,123,Richmond City,222,NA,222,Central Virginia,1,51760,school,710,Fairfield Court Elementary
2024-2025,123,Richmond City,302,NA,302,Central Virginia,1,51760,school,230,Frances W. McClenney Elementary
2024-2025,123,Richmond City,335,NA,335,Central Virginia,1,51760,school,621,Franklin Military Academy
2024-2025,123,Richmond City,671,NA,671,Central Virginia,1,51760,school,1470,G.H. Reid Elementary
2024-2025,123,Richmond City,404,NA,404,Central Virginia,1,51760,school,311,George W. Carver Elementary
2024-2025,123,Richmond City,512,NA,512,Central Virginia,1,51760,school,290,Henry Marsh III Elementary
2024-2025,123,Richmond City,1471,NA,1471,Central Virginia,1,51760,school,1510,Huguenot High
2024-2025,123,Richmond City,285,NA,285,Central Virginia,1,51760,school,1640,J.B. Fisher Elementary
2024-2025,123,Richmond City,156,NA,156,Central Virginia,1,51760,school,3115,J.H. Blackwell Preschool
2024-2025,123,Richmond City,526,NA,526,Central Virginia,1,51760,school,1710,J.L. Francis Elementary
2024-2025,123,Richmond City,646,NA,646,Central Virginia,1,51760,school,730,John Marshall High
2024-2025,123,Richmond City,437,NA,437,Central Virginia,1,51760,school,3106,Linwood Holton Elementary
2024-2025,123,Richmond City,262,NA,262,Central Virginia,1,51760,school,600,Lois Harrison-Jones Elementary
2024-2025,123,Richmond City,606,NA,606,Central Virginia,1,51760,school,3105,Lucille M. Brown Middle
2024-2025,123,Richmond City,500,NA,500,Central Virginia,1,51760,school,770,Martin Luther King Jr. Middle
2024-2025,123,Richmond City,185,NA,185,Central Virginia,1,51760,school,771,Martin Luther King Jr. Preschool
2024-2025,123,Richmond City,476,NA,476,Central Virginia,1,51760,school,580,Mary Munford Elementary
2024-2025,123,Richmond City,145,NA,145,Central Virginia,1,51760,school,3114,Mary Scott Preschool
2024-2025,123,Richmond City,143,NA,143,Central Virginia,1,51760,school,690,Maymont Preschool
2024-2025,123,Richmond City,505,NA,505,Central Virginia,1,51760,school,3107,Miles Jones Elementary
2024-2025,123,Richmond City,551,NA,551,Central Virginia,1,51760,school,330,Oak Grove/Bellemeade Elementary
2024-2025,123,Richmond City,174,NA,174,Central Virginia,1,51760,school,90,Open High
2024-2025,123,Richmond City,256,NA,256,Central Virginia,1,51760,school,130,Overby-Sheppard Elementary
2024-2025,123,Richmond City,310,NA,310,Central Virginia,1,51760,school,3119,Patrick Henry School Of Science And Arts
2024-2025,123,Richmond City,277,NA,277,Central Virginia,1,51760,school,3110,Richmond Alternative School
2024-2025,123,Richmond City,32,NA,32,Central Virginia,1,51760,school,3200,Richmond Career Education and Employment Charter School
2024-2025,123,Richmond City,211,NA,211,Central Virginia,1,51760,school,452,Richmond Community High
2024-2025,123,Richmond City,148,NA,148,Central Virginia,1,51760,school,3113,Richmond Community Preschool
2024-2025,123,Richmond City,1116,NA,1116,Central Virginia,1,51760,school,741,Richmond High School for the Arts
2024-2025,123,Richmond City,136,NA,136,Central Virginia,1,51760,school,1322,Richmond Virtual Academy
2024-2025,123,Richmond City,1150,NA,1150,Central Virginia,1,51760,school,1631,River City Middle
2024-2025,123,Richmond City,473,NA,473,Central Virginia,1,51760,school,1480,Southampton Elementary
2024-2025,123,Richmond City,192,NA,192,Central Virginia,1,51760,school,511,Summer Hill Preschool Center
2024-2025,123,Richmond City,172,NA,172,Central Virginia,1,51760,school,210,Swansboro Elementary
2024-2025,123,Richmond City,621,NA,621,Central Virginia,1,51760,school,480,Thomas C. Boushall Middle
2024-2025,123,Richmond City,432,NA,432,Central Virginia,1,51760,school,470,Thomas H. Henderson Middle School
2024-2025,123,Richmond City,751,NA,751,Central Virginia,1,51760,school,20,Thomas Jefferson High
2024-2025,123,Richmond City,375,NA,375,Central Virginia,1,51760,school,660,Westover Hills Elementary
2024-2025,123,Richmond City,367,NA,367,Central Virginia,1,51760,school,200,William Fox Elementary
2024-2025,123,Richmond City,217,NA,217,Central Virginia,1,51760,school,650,Woodville Elementary
2024-2025,79,Richmond County,546,NA,546,Northern Neck,3,51159,school,210,Rappahannock High
2024-2025,79,Richmond County,854,NA,854,Northern Neck,3,51159,school,20,Richmond County Elementary
2024-2025,124,Roanoke City,542,NA,542,Western Virginia,6,51770,school,280,Addison Aerospace Magnet Middle
2024-2025,124,Roanoke City,734,NA,734,Western Virginia,6,51770,school,210,Breckinridge Middle
2024-2025,124,Roanoke City,323,NA,323,Western Virginia,6,51770,school,20,Crystal Spring Elementary
2024-2025,124,Roanoke City,481,NA,481,Western Virginia,6,51770,school,410,Fairview Elementary
2024-2025,124,Roanoke City,591,NA,591,Western Virginia,6,51770,school,50,Fallon Park Elementary
2024-2025,124,Roanoke City,280,NA,280,Western Virginia,6,51770,school,380,Fishburn Park Elementary
2024-2025,124,Roanoke City,303,1,304,Western Virginia,6,51770,school,300,Garden City Elementary
2024-2025,124,Roanoke City,331,1,332,Western Virginia,6,51770,school,310,Grandin Court Elementary
2024-2025,124,Roanoke City,362,NA,362,Western Virginia,6,51770,school,110,Highland Park Elementary
2024-2025,124,Roanoke City,321,NA,321,Western Virginia,6,51770,school,420,Hurt Park Elementary
2024-2025,124,Roanoke City,601,NA,601,Western Virginia,6,51770,school,450,James Madison Middle
2024-2025,124,Roanoke City,457,NA,457,Western Virginia,6,51770,school,230,John P. Fishwick Middle
2024-2025,124,Roanoke City,287,NA,287,Western Virginia,6,51770,school,340,Lincoln Terrace Elementary
2024-2025,124,Roanoke City,508,NA,508,Western Virginia,6,51770,school,370,Monterey Elementary
2024-2025,124,Roanoke City,278,1,279,Western Virginia,6,51770,school,60,Morningside Elementary
2024-2025,124,Roanoke City,2054,1,2055,Western Virginia,6,51770,school,390,Patrick Henry High
2024-2025,124,Roanoke City,535,NA,535,Western Virginia,6,51770,school,240,Preston Park Elementary
2024-2025,124,Roanoke City,465,1,466,Western Virginia,6,51770,school,220,Roanoke Academy For Mathematics & Science Elementary
2024-2025,124,Roanoke City,725,NA,725,Western Virginia,6,51770,school,320,Round Hill Elementary
2024-2025,124,Roanoke City,247,NA,247,Western Virginia,6,51770,school,70,Virginia Heights Elementary
2024-2025,124,Roanoke City,247,NA,247,Western Virginia,6,51770,school,90,Wasena Elementary
2024-2025,124,Roanoke City,626,NA,626,Western Virginia,6,51770,school,350,Westside Elementary
2024-2025,124,Roanoke City,1970,NA,1970,Western Virginia,6,51770,school,400,William Fleming High
2024-2025,124,Roanoke City,608,2,610,Western Virginia,6,51770,school,150,Woodrow Wilson Middle
2024-2025,80,Roanoke County,274,NA,274,Western Virginia,6,51161,school,420,Back Creek Elementary
2024-2025,80,Roanoke County,311,NA,311,Western Virginia,6,51161,school,752,Bonsack Elementary
2024-2025,80,Roanoke County,530,NA,530,Western Virginia,6,51161,school,180,Burlington Elementary
2024-2025,80,Roanoke County,489,NA,489,Western Virginia,6,51161,school,560,Cave Spring Elementary
2024-2025,80,Roanoke County,1046,NA,1046,Western Virginia,6,51161,school,470,Cave Spring High
2024-2025,80,Roanoke County,746,NA,746,Western Virginia,6,51161,school,620,Cave Spring Middle
2024-2025,80,Roanoke County,320,NA,320,Western Virginia,6,51161,school,330,Clearbrook Elementary
2024-2025,80,Roanoke County,250,NA,250,Western Virginia,6,51161,school,40,Fort Lewis Elementary
2024-2025,80,Roanoke County,425,NA,425,Western Virginia,6,51161,school,650,Glen Cove Elementary
2024-2025,80,Roanoke County,372,NA,372,Western Virginia,6,51161,school,490,Glenvar Elementary
2024-2025,80,Roanoke County,621,NA,621,Western Virginia,6,51161,school,610,Glenvar High
2024-2025,80,Roanoke County,433,NA,433,Western Virginia,6,51161,school,751,Glenvar Middle
2024-2025,80,Roanoke County,483,NA,483,Western Virginia,6,51161,school,600,Green Valley Elementary
2024-2025,80,Roanoke County,399,NA,399,Western Virginia,6,51161,school,540,Herman L. Horn Elementary
2024-2025,80,Roanoke County,832,NA,832,Western Virginia,6,51161,school,754,Hidden Valley High
2024-2025,80,Roanoke County,581,NA,581,Western Virginia,6,51161,school,10,Hidden Valley Middle
2024-2025,80,Roanoke County,204,NA,204,Western Virginia,6,51161,school,530,Mason's Cove Elementary
2024-2025,80,Roanoke County,246,NA,246,Western Virginia,6,51161,school,290,Mount Pleasant Elementary
2024-2025,80,Roanoke County,377,NA,377,Western Virginia,6,51161,school,500,Mountain View Elementary
2024-2025,80,Roanoke County,919,NA,919,Western Virginia,6,51161,school,520,Northside High
2024-2025,80,Roanoke County,648,NA,648,Western Virginia,6,51161,school,640,Northside Middle
2024-2025,80,Roanoke County,400,NA,400,Western Virginia,6,51161,school,480,Oak Grove Elementary
2024-2025,80,Roanoke County,408,NA,408,Western Virginia,6,51161,school,50,Penn Forest Elementary
2024-2025,80,Roanoke County,486,NA,486,Western Virginia,6,51161,school,60,W.E. Cundiff Elementary
2024-2025,80,Roanoke County,1134,NA,1134,Western Virginia,6,51161,school,630,William Byrd High
2024-2025,80,Roanoke County,802,NA,802,Western Virginia,6,51161,school,232,William Byrd Middle
2024-2025,81,Rockbridge County,466,NA,466,Valley,5,51163,school,650,Central Elementary
2024-2025,81,Rockbridge County,241,NA,241,Valley,5,51163,school,150,Fairfield Elementary
2024-2025,81,Rockbridge County,481,NA,481,Valley,5,51163,school,678,Maury River Middle
2024-2025,81,Rockbridge County,154,NA,154,Valley,5,51163,school,340,Mountain View Elementary
2024-2025,81,Rockbridge County,230,NA,230,Valley,5,51163,school,641,Natural Bridge Elementary
2024-2025,81,Rockbridge County,917,NA,917,Valley,5,51163,school,22,Rockbridge County High
2024-2025,82,Rockingham County,934,9,943,Valley,5,51165,school,870,Broadway High
2024-2025,82,Rockingham County,614,NA,614,Valley,5,51165,school,861,Cub Run Elementary
2024-2025,82,Rockingham County,821,NA,821,Valley,5,51165,school,391,East Rockingham High
2024-2025,82,Rockingham County,269,NA,269,Valley,5,51165,school,400,Elkton Elementary
2024-2025,82,Rockingham County,561,NA,561,Valley,5,51165,school,900,Elkton Middle
2024-2025,82,Rockingham County,198,NA,198,Valley,5,51165,school,940,Fulks Run Elementary
2024-2025,82,Rockingham County,726,1,727,Valley,5,51165,school,960,J. Frank Hillyard Middle
2024-2025,82,Rockingham County,473,NA,473,Valley,5,51165,school,1071,John C. Myers Elementary
2024-2025,82,Rockingham County,526,NA,526,Valley,5,51165,school,970,John W. Wayland Elementary
2024-2025,82,Rockingham County,350,NA,350,Valley,5,51165,school,500,Lacey Spring Elementary
2024-2025,82,Rockingham County,209,NA,209,Valley,5,51165,school,360,Linville-Edom Elementary
2024-2025,82,Rockingham County,262,NA,262,Valley,5,51165,school,600,McGaheysville Elementary
2024-2025,82,Rockingham County,593,NA,593,Valley,5,51165,school,860,Montevideo Middle
2024-2025,82,Rockingham County,411,NA,411,Valley,5,51165,school,520,Mountain View Elementary
2024-2025,82,Rockingham County,248,NA,248,Valley,5,51165,school,920,Ottobine Elementary
2024-2025,82,Rockingham County,538,NA,538,Valley,5,51165,school,1073,Peak View Elementary
2024-2025,82,Rockingham County,460,NA,460,Valley,5,51165,school,10,Plains Elementary
2024-2025,82,Rockingham County,282,NA,282,Valley,5,51165,school,950,Pleasant Valley Elementary
2024-2025,82,Rockingham County,341,NA,341,Valley,5,51165,school,390,River Bend Elementary
2024-2025,82,Rockingham County,316,NA,316,Valley,5,51165,school,830,South River Elementary
2024-2025,82,Rockingham County,882,3,885,Valley,5,51165,school,20,Spotswood High
2024-2025,82,Rockingham County,1000,8,1008,Valley,5,51165,school,850,Turner Ashby High
2024-2025,82,Rockingham County,672,NA,672,Valley,5,51165,school,890,Wilbur S. Pence Middle
2024-2025,83,Russell County,141,NA,141,Southwest,7,51167,school,580,Belfast Elementary
2024-2025,83,Russell County,354,NA,354,Southwest,7,51167,school,792,Castlewood Elementary
2024-2025,83,Russell County,285,NA,285,Southwest,7,51167,school,791,Castlewood High
2024-2025,83,Russell County,712,NA,712,Southwest,7,51167,school,890,Honaker Elementary
2024-2025,83,Russell County,422,NA,422,Southwest,7,51167,school,540,Honaker High
2024-2025,83,Russell County,292,NA,292,Southwest,7,51167,school,410,Lebanon Elementary
2024-2025,83,Russell County,571,NA,571,Southwest,7,51167,school,140,Lebanon High
2024-2025,83,Russell County,301,NA,301,Southwest,7,51167,school,902,Lebanon Middle
2024-2025,83,Russell County,267,NA,267,Southwest,7,51167,school,390,Lebanon Primary
2024-2025,139,Salem City,839,NA,839,Western Virginia,6,51775,school,100,Andrew Lewis Middle
2024-2025,139,Salem City,378,NA,378,Western Virginia,6,51775,school,550,East Salem Elementary
2024-2025,139,Salem City,404,NA,404,Western Virginia,6,51775,school,90,G.W. Carver Elementary
2024-2025,139,Salem City,1202,NA,1202,Western Virginia,6,51775,school,70,Salem High
2024-2025,139,Salem City,371,NA,371,Western Virginia,6,51775,school,580,South Salem Elementary
2024-2025,139,Salem City,415,NA,415,Western Virginia,6,51775,school,350,Virginia Virtual Academy at Salem
2024-2025,139,Salem City,375,NA,375,Western Virginia,6,51775,school,460,West Salem Elementary
2024-2025,84,Scott County,308,NA,308,Southwest,7,51169,school,750,Duffield-Pattonsville Primary
2024-2025,84,Scott County,131,NA,131,Southwest,7,51169,school,42,Dungannon Elementary School
2024-2025,84,Scott County,592,15,607,Southwest,7,51169,school,770,Gate City High
2024-2025,84,Scott County,276,NA,276,Southwest,7,51169,school,771,Gate City Middle
2024-2025,84,Scott County,159,NA,159,Southwest,7,51169,school,670,Hilton Elementary
2024-2025,84,Scott County,302,NA,302,Southwest,7,51169,school,220,Nickelsville Elementary
2024-2025,84,Scott County,292,NA,292,Southwest,7,51169,school,260,Rye Cove High
2024-2025,84,Scott County,138,NA,138,Southwest,7,51169,school,20,Rye Cove Intermediate
2024-2025,84,Scott County,419,NA,419,Southwest,7,51169,school,641,Shoemaker Elementary
2024-2025,84,Scott County,242,NA,242,Southwest,7,51169,school,780,Twin Springs High
2024-2025,84,Scott County,728,NA,728,Southwest,7,51169,school,772,Virginia Connections Academy
2024-2025,84,Scott County,380,NA,380,Southwest,7,51169,school,740,Weber City Elementary
2024-2025,84,Scott County,199,NA,199,Southwest,7,51169,school,790,Yuma Elementary
2024-2025,85,Shenandoah County,692,NA,692,Northern Virginia,4,51171,school,820,Ashby-Lee Elementary School
2024-2025,85,Shenandoah County,728,1,729,Northern Virginia,4,51171,school,780,Central High
2024-2025,85,Shenandoah County,362,NA,362,Northern Virginia,4,51171,school,40,North Fork Middle
2024-2025,85,Shenandoah County,535,NA,535,Northern Virginia,4,51171,school,30,Peter Muhlenberg Middle
2024-2025,85,Shenandoah County,829,NA,829,Northern Virginia,4,51171,school,810,Sandy Hook Elementary
2024-2025,85,Shenandoah County,413,NA,413,Northern Virginia,4,51171,school,50,Signal Knob Middle
2024-2025,85,Shenandoah County,498,3,501,Northern Virginia,4,51171,school,790,Stonewall Jackson High School
2024-2025,85,Shenandoah County,616,1,617,Northern Virginia,4,51171,school,770,Strasburg High
2024-2025,85,Shenandoah County,1035,NA,1035,Northern Virginia,4,51171,school,20,W.W. Robinson Elementary
2024-2025,86,Smyth County,168,NA,168,Southwest,7,51173,school,290,Atkins Elementary
2024-2025,86,Smyth County,589,NA,589,Southwest,7,51173,school,730,Chilhowie Elementary
2024-2025,86,Smyth County,384,NA,384,Southwest,7,51173,school,460,Chilhowie High
2024-2025,86,Smyth County,273,NA,273,Southwest,7,51173,school,851,Chilhowie Middle
2024-2025,86,Smyth County,298,NA,298,Southwest,7,51173,school,710,Marion Elementary
2024-2025,86,Smyth County,401,NA,401,Southwest,7,51173,school,680,Marion Middle
2024-2025,86,Smyth County,564,NA,564,Southwest,7,51173,school,700,Marion Senior High
2024-2025,86,Smyth County,204,NA,204,Southwest,7,51173,school,250,Northwood High
2024-2025,86,Smyth County,158,NA,158,Southwest,7,51173,school,120,Northwood Middle
2024-2025,86,Smyth County,352,NA,352,Southwest,7,51173,school,690,Oak Point Elementary
2024-2025,86,Smyth County,126,NA,126,Southwest,7,51173,school,720,Rich Valley Elementary
2024-2025,86,Smyth County,189,NA,189,Southwest,7,51173,school,740,Saltville Elementary
2024-2025,86,Smyth County,339,NA,339,Southwest,7,51173,school,770,Smyth County Virtual
2024-2025,86,Smyth County,88,NA,88,Southwest,7,51173,school,555,Sugar Grove Elementary
2024-2025,87,Southampton County,176,NA,176,Tidewater,2,51175,school,710,Capron Elementary
2024-2025,87,Southampton County,218,NA,218,Tidewater,2,51175,school,20,Meherrin Elementary
2024-2025,87,Southampton County,235,NA,235,Tidewater,2,51175,school,10,Nottoway Elementary
2024-2025,87,Southampton County,533,NA,533,Tidewater,2,51175,school,780,Riverdale Elementary
2024-2025,87,Southampton County,704,NA,704,Tidewater,2,51175,school,690,Southampton High
2024-2025,87,Southampton County,497,NA,497,Tidewater,2,51175,school,700,Southampton Middle
2024-2025,88,Spotsylvania County,665,NA,665,Northern Neck,3,51177,school,10,Battlefield Elementary
2024-2025,88,Spotsylvania County,780,NA,780,Northern Neck,3,51177,school,50,Battlefield Middle
2024-2025,88,Spotsylvania County,275,NA,275,Northern Neck,3,51177,school,340,Berkeley Elementary
2024-2025,88,Spotsylvania County,651,NA,651,Northern Neck,3,51177,school,400,Brock Road Elementary
2024-2025,88,Spotsylvania County,789,4,793,Northern Neck,3,51177,school,511,Cedar Forest Elementary
2024-2025,88,Spotsylvania County,440,NA,440,Northern Neck,3,51177,school,40,Chancellor Elementary
2024-2025,88,Spotsylvania County,1326,NA,1326,Northern Neck,3,51177,school,381,Chancellor High
2024-2025,88,Spotsylvania County,800,1,801,Northern Neck,3,51177,school,382,Chancellor Middle
2024-2025,88,Spotsylvania County,762,NA,762,Northern Neck,3,51177,school,501,Courthouse Road Elementary
2024-2025,88,Spotsylvania County,549,10,559,Northern Neck,3,51177,school,22,Courtland Elementary
2024-2025,88,Spotsylvania County,1498,1,1499,Northern Neck,3,51177,school,20,Courtland High
2024-2025,88,Spotsylvania County,764,NA,764,Northern Neck,3,51177,school,509,Freedom Middle
2024-2025,88,Spotsylvania County,733,NA,733,Northern Neck,3,51177,school,507,Harrison Road Elementary
2024-2025,88,Spotsylvania County,680,NA,680,Northern Neck,3,51177,school,30,Lee Hill Elementary
2024-2025,88,Spotsylvania County,479,NA,479,Northern Neck,3,51177,school,350,Livingston Elementary
2024-2025,88,Spotsylvania County,1695,1,1696,Northern Neck,3,51177,school,506,Massaponax High
2024-2025,88,Spotsylvania County,692,NA,692,Northern Neck,3,51177,school,505,Ni River Middle
2024-2025,88,Spotsylvania County,946,NA,946,Northern Neck,3,51177,school,508,Parkside Elementary
2024-2025,88,Spotsylvania County,679,NA,679,Northern Neck,3,51177,school,220,Post Oak Middle
2024-2025,88,Spotsylvania County,1914,2,1916,Northern Neck,3,51177,school,510,Riverbend High
2024-2025,88,Spotsylvania County,691,10,701,Northern Neck,3,51177,school,503,Riverview Elementary
2024-2025,88,Spotsylvania County,573,NA,573,Northern Neck,3,51177,school,60,Salem Elementary
2024-2025,88,Spotsylvania County,715,NA,715,Northern Neck,3,51177,school,390,Smith Station Elementary
2024-2025,88,Spotsylvania County,526,NA,526,Northern Neck,3,51177,school,360,Spotswood Elementary
2024-2025,88,Spotsylvania County,623,NA,623,Northern Neck,3,51177,school,130,Spotsylvania Elementary
2024-2025,88,Spotsylvania County,1398,3,1401,Northern Neck,3,51177,school,370,Spotsylvania High
2024-2025,88,Spotsylvania County,1010,NA,1010,Northern Neck,3,51177,school,330,Spotsylvania Middle
2024-2025,88,Spotsylvania County,755,NA,755,Northern Neck,3,51177,school,502,Thornburg Middle
2024-2025,88,Spotsylvania County,647,8,655,Northern Neck,3,51177,school,504,Wilderness Elementary
2024-2025,89,Stafford County,853,4,857,Northern Neck,3,51179,school,40,Andrew G. Wright Middle
2024-2025,89,Stafford County,852,NA,852,Northern Neck,3,51179,school,260,Anne E. Moncure Elementary
2024-2025,89,Stafford County,731,4,735,Northern Neck,3,51179,school,433,Anthony Burns Elementary
2024-2025,89,Stafford County,2208,1,2209,Northern Neck,3,51179,school,421,Brooke Point High
2024-2025,89,Stafford County,2128,1,2129,Northern Neck,3,51179,school,424,Colonial Forge High
2024-2025,89,Stafford County,904,NA,904,Northern Neck,3,51179,school,431,Conway Elementary
2024-2025,89,Stafford County,888,3,891,Northern Neck,3,51179,school,432,Donald B. Dixon-Lyle R. Smith Middle
2024-2025,89,Stafford County,625,NA,625,Northern Neck,3,51179,school,10,Edward E. Drew Jr. Middle
2024-2025,89,Stafford County,725,NA,725,Northern Neck,3,51179,school,280,Falmouth Elementary
2024-2025,89,Stafford County,555,NA,555,Northern Neck,3,51179,school,230,Ferry Farm Elementary
2024-2025,89,Stafford County,735,NA,735,Northern Neck,3,51179,school,41,Garrisonville Elementary
2024-2025,89,Stafford County,738,1,739,Northern Neck,3,51179,school,270,Grafton Village Elementary
2024-2025,89,Stafford County,995,1,996,Northern Neck,3,51179,school,422,H.H. Poole Middle
2024-2025,89,Stafford County,890,1,891,Northern Neck,3,51179,school,320,Hampton Oaks Elementary
2024-2025,89,Stafford County,627,NA,627,Northern Neck,3,51179,school,250,Hartwood Elementary
2024-2025,89,Stafford County,838,3,841,Northern Neck,3,51179,school,427,Kate Waller Barrett Elementary
2024-2025,89,Stafford County,796,NA,796,Northern Neck,3,51179,school,429,Margaret Brent Elementary
2024-2025,89,Stafford County,2234,5,2239,Northern Neck,3,51179,school,430,Mountain View High
2024-2025,89,Stafford County,1986,9,1995,Northern Neck,3,51179,school,30,North Stafford High
2024-2025,89,Stafford County,264,49,313,Northern Neck,3,51179,school,992,North Star Early Childhood Education Center
2024-2025,89,Stafford County,910,NA,910,Northern Neck,3,51179,school,300,Park Ridge Elementary
2024-2025,89,Stafford County,280,40,320,Northern Neck,3,51179,school,920,Rising Star Early Childhood Education Center at Melchers
2024-2025,89,Stafford County,640,NA,640,Northern Neck,3,51179,school,60,Rockhill Elementary
2024-2025,89,Stafford County,911,2,913,Northern Neck,3,51179,school,425,Rocky Run Elementary
2024-2025,89,Stafford County,1067,4,1071,Northern Neck,3,51179,school,426,Rodney E. Thompson Middle
2024-2025,89,Stafford County,953,2,955,Northern Neck,3,51179,school,440,Shirley C. Heim Middle
2024-2025,89,Stafford County,879,NA,879,Northern Neck,3,51179,school,111,Stafford Elementary
2024-2025,89,Stafford County,961,2,963,Northern Neck,3,51179,school,112,Stafford Middle
2024-2025,89,Stafford County,2201,1,2202,Northern Neck,3,51179,school,20,Stafford Senior High
2024-2025,89,Stafford County,943,2,945,Northern Neck,3,51179,school,162,T. Benton Gayle Middle
2024-2025,89,Stafford County,699,NA,699,Northern Neck,3,51179,school,50,Widewater Elementary
2024-2025,89,Stafford County,841,NA,841,Northern Neck,3,51179,school,423,Winding Creek Elementary
2024-2025,126,Staunton City,372,NA,372,Valley,5,51790,school,40,Arthur R. Ware Elementary
2024-2025,126,Staunton City,373,NA,373,Valley,5,51790,school,70,Bessie Weller Elementary
2024-2025,126,Staunton City,583,NA,583,Valley,5,51790,school,110,Shelburne Middle
2024-2025,126,Staunton City,149,NA,149,Valley,5,51790,school,41,Staunton City School PreSchool Programs
2024-2025,126,Staunton City,768,NA,768,Valley,5,51790,school,30,Staunton High
2024-2025,126,Staunton City,449,NA,449,Valley,5,51790,school,90,Thomas C. McSwain Elementary
2024-2025,127,Suffolk City,362,NA,362,Tidewater,2,51800,school,50,Booker T. Washington Elementary
2024-2025,127,Suffolk City,736,NA,736,Tidewater,2,51800,school,397,Colonel Fred Cherry Middle
2024-2025,127,Suffolk City,764,NA,764,Tidewater,2,51800,school,440,Creekside Elementary
2024-2025,127,Suffolk City,653,NA,653,Tidewater,2,51800,school,210,Elephant's Fork Elementary
2024-2025,127,Suffolk City,926,NA,926,Tidewater,2,51800,school,90,Florence Bowser Elementary
2024-2025,127,Suffolk City,433,NA,433,Tidewater,2,51800,school,390,Forest Glen Middle
2024-2025,127,Suffolk City,780,NA,780,Tidewater,2,51800,school,450,Hillpoint Elementary
2024-2025,127,Suffolk City,498,NA,498,Tidewater,2,51800,school,370,John F. Kennedy Middle
2024-2025,127,Suffolk City,509,NA,509,Tidewater,2,51800,school,380,John Yeates Middle
2024-2025,127,Suffolk City,494,NA,494,Tidewater,2,51800,school,230,Kilby Shores Elementary
2024-2025,127,Suffolk City,1686,NA,1686,Tidewater,2,51800,school,395,King's Fork High
2024-2025,127,Suffolk City,986,NA,986,Tidewater,2,51800,school,393,King's Fork Middle
2024-2025,127,Suffolk City,1045,3,1048,Tidewater,2,51800,school,300,Lakeland High
2024-2025,127,Suffolk City,713,NA,713,Tidewater,2,51800,school,330,Mack Benn Jr. Elementary
2024-2025,127,Suffolk City,456,NA,456,Tidewater,2,51800,school,220,Nansemond Parkway Elementary
2024-2025,127,Suffolk City,1683,NA,1683,Tidewater,2,51800,school,240,Nansemond River High
2024-2025,127,Suffolk City,798,NA,798,Tidewater,2,51800,school,391,Northern Shores Elementary
2024-2025,127,Suffolk City,464,NA,464,Tidewater,2,51800,school,70,Oakland Elementary
2024-2025,127,Suffolk City,579,NA,579,Tidewater,2,51800,school,47,Southwestern Elementary
2024-2025,90,Surry County,201,NA,201,Central Virginia,1,51181,school,30,Luther P. Jackson Middle
2024-2025,90,Surry County,201,NA,201,Central Virginia,1,51181,school,10,Surry County High
2024-2025,90,Surry County,292,NA,292,Central Virginia,1,51181,school,20,Surry Elementary
2024-2025,91,Sussex County,478,NA,478,Central Virginia,1,51183,school,483,Sussex Central Elementary
2024-2025,91,Sussex County,331,NA,331,Central Virginia,1,51183,school,340,Sussex Central High
2024-2025,91,Sussex County,238,NA,238,Central Virginia,1,51183,school,482,Sussex Central Middle
2024-2025,92,Tazewell County,144,NA,144,Southwest,7,51185,school,1020,Abb's Valley-Boissevain Elementary
2024-2025,92,Tazewell County,308,NA,308,Southwest,7,51185,school,830,Cedar Bluff Elementary
2024-2025,92,Tazewell County,208,NA,208,Southwest,7,51185,school,750,Dudley Primary
2024-2025,92,Tazewell County,494,NA,494,Southwest,7,51185,school,940,Graham High
2024-2025,92,Tazewell County,404,NA,404,Southwest,7,51185,school,960,Graham Intermediate
2024-2025,92,Tazewell County,339,NA,339,Southwest,7,51185,school,10,Graham Middle
2024-2025,92,Tazewell County,576,NA,576,Southwest,7,51185,school,822,Richlands Elementary
2024-2025,92,Tazewell County,557,NA,557,Southwest,7,51185,school,821,Richlands High
2024-2025,92,Tazewell County,447,NA,447,Southwest,7,51185,school,823,Richlands Middle
2024-2025,92,Tazewell County,509,NA,509,Southwest,7,51185,school,890,Tazewell High
2024-2025,92,Tazewell County,371,NA,371,Southwest,7,51185,school,450,Tazewell Intermediate
2024-2025,92,Tazewell County,377,NA,377,Southwest,7,51185,school,100,Tazewell Middle
2024-2025,92,Tazewell County,405,NA,405,Southwest,7,51185,school,1030,Tazewell Primary
2024-2025,128,Virginia Beach City,633,NA,633,Tidewater,2,51810,school,590,Alanton Elementary
2024-2025,128,Virginia Beach City,500,NA,500,Tidewater,2,51810,school,550,Arrowhead Elementary
2024-2025,128,Virginia Beach City,330,NA,330,Tidewater,2,51810,school,115,Bayside 6th Grade Campus
2024-2025,128,Virginia Beach City,546,NA,546,Tidewater,2,51810,school,280,Bayside Elementary
2024-2025,128,Virginia Beach City,1988,NA,1988,Tidewater,2,51810,school,530,Bayside High
2024-2025,128,Virginia Beach City,628,NA,628,Tidewater,2,51810,school,700,Bayside Middle
2024-2025,128,Virginia Beach City,584,NA,584,Tidewater,2,51810,school,60,Birdneck Elementary
2024-2025,128,Virginia Beach City,1053,NA,1053,Tidewater,2,51810,school,790,Brandon Middle
2024-2025,128,Virginia Beach City,574,NA,574,Tidewater,2,51810,school,630,Brookwood Elementary
2024-2025,128,Virginia Beach City,570,NA,570,Tidewater,2,51810,school,40,Centerville Elementary
2024-2025,128,Virginia Beach City,626,NA,626,Tidewater,2,51810,school,990,Christopher Farms Elementary
2024-2025,128,Virginia Beach City,496,NA,496,Tidewater,2,51810,school,720,College Park Elementary
2024-2025,128,Virginia Beach City,416,NA,416,Tidewater,2,51810,school,1041,Corporate Landing Elementary
2024-2025,128,Virginia Beach City,998,NA,998,Tidewater,2,51810,school,980,Corporate Landing Middle
2024-2025,128,Virginia Beach City,333,NA,333,Tidewater,2,51810,school,230,Creeds Elementary
2024-2025,128,Virginia Beach City,467,NA,467,Tidewater,2,51810,school,106,Diamond Springs Elementary
2024-2025,128,Virginia Beach City,478,NA,478,Tidewater,2,51810,school,780,Fairfield Elementary
2024-2025,128,Virginia Beach City,1727,NA,1727,Tidewater,2,51810,school,610,First Colonial High
2024-2025,128,Virginia Beach City,1846,NA,1846,Tidewater,2,51810,school,440,Floyd Kellam High
2024-2025,128,Virginia Beach City,1642,NA,1642,Tidewater,2,51810,school,30,Frank W. Cox High
2024-2025,128,Virginia Beach City,896,NA,896,Tidewater,2,51810,school,870,Glenwood Elementary
2024-2025,128,Virginia Beach City,1039,NA,1039,Tidewater,2,51810,school,430,Great Neck Middle
2024-2025,128,Virginia Beach City,391,NA,391,Tidewater,2,51810,school,1050,Green Run Collegiate
2024-2025,128,Virginia Beach City,350,NA,350,Tidewater,2,51810,school,770,Green Run Elementary
2024-2025,128,Virginia Beach City,1472,NA,1472,Tidewater,2,51810,school,10,Green Run High
2024-2025,128,Virginia Beach City,552,NA,552,Tidewater,2,51810,school,540,Hermitage Elementary
2024-2025,128,Virginia Beach City,435,NA,435,Tidewater,2,51810,school,600,Holland Elementary
2024-2025,128,Virginia Beach City,1193,NA,1193,Tidewater,2,51810,school,740,Independence Middle
2024-2025,128,Virginia Beach City,516,NA,516,Tidewater,2,51810,school,800,Indian Lakes Elementary
2024-2025,128,Virginia Beach City,745,NA,745,Tidewater,2,51810,school,360,John B. Dey Elementary
2024-2025,128,Virginia Beach City,498,NA,498,Tidewater,2,51810,school,450,Kempsville Elementary
2024-2025,128,Virginia Beach City,2057,NA,2057,Tidewater,2,51810,school,620,Kempsville High
2024-2025,128,Virginia Beach City,438,NA,438,Tidewater,2,51810,school,410,Kempsville Meadows Elementary
2024-2025,128,Virginia Beach City,728,NA,728,Tidewater,2,51810,school,690,Kempsville Middle
2024-2025,128,Virginia Beach City,475,NA,475,Tidewater,2,51810,school,420,King's Grant Elementary
2024-2025,128,Virginia Beach City,518,NA,518,Tidewater,2,51810,school,580,Kingston Elementary
2024-2025,128,Virginia Beach City,632,NA,632,Tidewater,2,51810,school,932,Landstown Elementary
2024-2025,128,Virginia Beach City,2157,NA,2157,Tidewater,2,51810,school,1030,Landstown High
2024-2025,128,Virginia Beach City,1272,NA,1272,Tidewater,2,51810,school,931,Landstown Middle
2024-2025,128,Virginia Beach City,1491,NA,1491,Tidewater,2,51810,school,970,Larkspur Middle
2024-2025,128,Virginia Beach City,514,NA,514,Tidewater,2,51810,school,330,Linkhorn Park Elementary
2024-2025,128,Virginia Beach City,476,NA,476,Tidewater,2,51810,school,460,Luxford Elementary
2024-2025,128,Virginia Beach City,340,NA,340,Tidewater,2,51810,school,520,Lynnhaven Elementary
2024-2025,128,Virginia Beach City,727,NA,727,Tidewater,2,51810,school,730,Lynnhaven Middle
2024-2025,128,Virginia Beach City,398,NA,398,Tidewater,2,51810,school,500,Malibu Elementary
2024-2025,128,Virginia Beach City,728,NA,728,Tidewater,2,51810,school,1020,New Castle Elementary
2024-2025,128,Virginia Beach City,409,NA,409,Tidewater,2,51810,school,710,Newtown Elementary
2024-2025,128,Virginia Beach City,463,NA,463,Tidewater,2,51810,school,760,North Landing Elementary
2024-2025,128,Virginia Beach City,530,NA,530,Tidewater,2,51810,school,880,Ocean Lakes Elementary
2024-2025,128,Virginia Beach City,1839,NA,1839,Tidewater,2,51810,school,960,Ocean Lakes High
2024-2025,128,Virginia Beach City,1377,NA,1377,Tidewater,2,51810,school,80,Old Donation School
2024-2025,128,Virginia Beach City,465,NA,465,Tidewater,2,51810,school,820,Parkway Elementary
2024-2025,128,Virginia Beach City,529,NA,529,Tidewater,2,51810,school,490,Pembroke Elementary
2024-2025,128,Virginia Beach City,485,NA,485,Tidewater,2,51810,school,660,Pembroke Meadows Elementary
2024-2025,128,Virginia Beach City,1033,NA,1033,Tidewater,2,51810,school,640,Plaza Middle
2024-2025,128,Virginia Beach City,692,NA,692,Tidewater,2,51810,school,680,Point O' View Elementary
2024-2025,128,Virginia Beach City,654,NA,654,Tidewater,2,51810,school,340,Princess Anne Elementary
2024-2025,128,Virginia Beach City,1629,NA,1629,Tidewater,2,51810,school,321,Princess Anne High
2024-2025,128,Virginia Beach City,1358,NA,1358,Tidewater,2,51810,school,750,Princess Anne Middle
2024-2025,128,Virginia Beach City,547,NA,547,Tidewater,2,51810,school,692,Providence Elementary
2024-2025,128,Virginia Beach City,586,NA,586,Tidewater,2,51810,school,900,Red Mill Elementary
2024-2025,128,Virginia Beach City,387,NA,387,Tidewater,2,51810,school,810,Rosemont Elementary
2024-2025,128,Virginia Beach City,497,NA,497,Tidewater,2,51810,school,840,Rosemont Forest Elementary
2024-2025,128,Virginia Beach City,541,NA,541,Tidewater,2,51810,school,830,Salem Elementary
2024-2025,128,Virginia Beach City,1700,NA,1700,Tidewater,2,51810,school,850,Salem High
2024-2025,128,Virginia Beach City,1072,NA,1072,Tidewater,2,51810,school,50,Salem Middle
2024-2025,128,Virginia Beach City,393,NA,393,Tidewater,2,51810,school,290,Seatack Elementary an Achievable Dream Academy
2024-2025,128,Virginia Beach City,416,NA,416,Tidewater,2,51810,school,300,Shelton Park Elementary
2024-2025,128,Virginia Beach City,610,NA,610,Tidewater,2,51810,school,940,Strawbridge Elementary
2024-2025,128,Virginia Beach City,601,NA,601,Tidewater,2,51810,school,910,Tallwood Elementary
2024-2025,128,Virginia Beach City,1899,NA,1899,Tidewater,2,51810,school,920,Tallwood High
2024-2025,128,Virginia Beach City,590,NA,590,Tidewater,2,51810,school,350,Thalia Elementary
2024-2025,128,Virginia Beach City,768,NA,768,Tidewater,2,51810,school,400,Thoroughgood Elementary
2024-2025,128,Virginia Beach City,706,NA,706,Tidewater,2,51810,school,100,Three Oaks Elementary
2024-2025,128,Virginia Beach City,561,NA,561,Tidewater,2,51810,school,510,Trantwood Elementary
2024-2025,128,Virginia Beach City,686,NA,686,Tidewater,2,51810,school,140,Virginia Beach Middle
2024-2025,128,Virginia Beach City,555,NA,555,Tidewater,2,51810,school,130,W.T. Cooke Elementary
2024-2025,128,Virginia Beach City,654,NA,654,Tidewater,2,51810,school,20,White Oaks Elementary
2024-2025,128,Virginia Beach City,444,NA,444,Tidewater,2,51810,school,470,Williams Elementary
2024-2025,128,Virginia Beach City,497,NA,497,Tidewater,2,51810,school,670,Windsor Oaks Elementary
2024-2025,128,Virginia Beach City,487,NA,487,Tidewater,2,51810,school,560,Windsor Woods Elementary
2024-2025,128,Virginia Beach City,690,NA,690,Tidewater,2,51810,school,390,Woodstock Elementary
2024-2025,93,Warren County,265,NA,265,Northern Virginia,4,51187,school,90,A.S. Rhodes Elementary
2024-2025,93,Warren County,458,NA,458,Northern Virginia,4,51187,school,140,E. Wilson Morrison Elementary
2024-2025,93,Warren County,453,NA,453,Northern Virginia,4,51187,school,371,Hilda J. Barbour Elementary
2024-2025,93,Warren County,474,NA,474,Northern Virginia,4,51187,school,20,Leslie Fox Keyser Elementary
2024-2025,93,Warren County,649,1,650,Northern Virginia,4,51187,school,240,Ressie Jeffries Elementary
2024-2025,93,Warren County,849,1,850,Northern Virginia,4,51187,school,250,Skyline High
2024-2025,93,Warren County,537,NA,537,Northern Virginia,4,51187,school,260,Skyline Middle
2024-2025,93,Warren County,773,1,774,Northern Virginia,4,51187,school,230,Warren County High
2024-2025,93,Warren County,569,1,570,Northern Virginia,4,51187,school,280,Warren County Middle
2024-2025,94,Washington County,426,NA,426,Southwest,7,51191,school,1080,Abingdon Elementary
2024-2025,94,Washington County,915,4,919,Southwest,7,51191,school,1030,Abingdon High
2024-2025,94,Washington County,188,NA,188,Southwest,7,51191,school,40,Damascus Middle
2024-2025,94,Washington County,659,NA,659,Southwest,7,51191,school,1110,E.B. Stanley Middle
2024-2025,94,Washington County,228,NA,228,Southwest,7,51191,school,1090,Glade Spring Middle
2024-2025,94,Washington County,257,NA,257,Southwest,7,51191,school,260,Greendale Elementary
2024-2025,94,Washington County,582,NA,582,Southwest,7,51191,school,1070,High Point Elementary
2024-2025,94,Washington County,255,1,256,Southwest,7,51191,school,1060,Holston High
2024-2025,94,Washington County,613,1,614,Southwest,7,51191,school,1040,John S. Battle High
2024-2025,94,Washington County,544,1,545,Southwest,7,51191,school,20,Meadowview Elementary
2024-2025,94,Washington County,391,4,395,Southwest,7,51191,school,1050,Patrick Henry High
2024-2025,94,Washington County,404,NA,404,Southwest,7,51191,school,50,Rhea Valley Elementary
2024-2025,94,Washington County,250,NA,250,Southwest,7,51191,school,1020,Valley Institute Elementary
2024-2025,94,Washington County,443,NA,443,Southwest,7,51191,school,620,Wallace Middle
2024-2025,94,Washington County,581,NA,581,Southwest,7,51191,school,70,Watauga Elementary
2024-2025,130,Waynesboro City,256,NA,256,Valley,5,51820,school,650,Berkeley Glenn Elementary
2024-2025,130,Waynesboro City,602,NA,602,Valley,5,51820,school,640,Kate Collins Middle
2024-2025,130,Waynesboro City,184,NA,184,Valley,5,51820,school,620,Wayne Hills Center
2024-2025,130,Waynesboro City,927,NA,927,Valley,5,51820,school,600,Waynesboro High
2024-2025,130,Waynesboro City,246,NA,246,Valley,5,51820,school,580,Wenonah Elementary
2024-2025,130,Waynesboro City,382,NA,382,Valley,5,51820,school,630,Westwood Hills Elementary
2024-2025,130,Waynesboro City,447,NA,447,Valley,5,51820,school,751,William Perry Elementary
2024-2025,207,West Point,409,NA,409,NA,NA,NA,school,280,West Point Elementary
2024-2025,207,West Point,434,NA,434,NA,NA,NA,school,290,West Point Middle/High
2024-2025,95,Westmoreland County,337,NA,337,Northern Neck,3,51193,school,210,Cople Elementary
2024-2025,95,Westmoreland County,334,NA,334,Northern Neck,3,51193,school,300,Montross Middle
2024-2025,95,Westmoreland County,415,NA,415,Northern Neck,3,51193,school,310,Washington District Elementary
2024-2025,95,Westmoreland County,488,NA,488,Northern Neck,3,51193,school,120,Westmoreland High
2024-2025,131,Williamsburg-James City County,666,NA,666,NA,NA,NA,school,60,Berkeley Middle
2024-2025,131,Williamsburg-James City County,457,63,520,NA,NA,NA,school,40,Clara Byrd Baker Elementary
2024-2025,131,Williamsburg-James City County,515,23,538,NA,NA,NA,school,80,D.J. Montague Elementary
2024-2025,131,Williamsburg-James City County,481,85,566,NA,NA,NA,school,190,J. Blaine Blayton Elementary
2024-2025,131,Williamsburg-James City County,506,NA,506,NA,NA,NA,school,25,James Blair Middle
2024-2025,131,Williamsburg-James City County,449,NA,449,NA,NA,NA,school,201,James River Elementary
2024-2025,131,Williamsburg-James City County,1244,NA,1244,NA,NA,NA,school,202,Jamestown High
2024-2025,131,Williamsburg-James City County,1251,NA,1251,NA,NA,NA,school,90,Lafayette High
2024-2025,131,Williamsburg-James City County,526,74,600,NA,NA,NA,school,50,Laurel Lane Elementary
2024-2025,131,Williamsburg-James City County,805,NA,805,NA,NA,NA,school,191,Lois Hornsby Middle
2024-2025,131,Williamsburg-James City County,595,NA,595,NA,NA,NA,school,205,Matoaka Elementary
2024-2025,131,Williamsburg-James City County,485,NA,485,NA,NA,NA,school,10,Matthew Whaley Elementary
2024-2025,131,Williamsburg-James City County,578,105,683,NA,NA,NA,school,70,Norge Elementary
2024-2025,131,Williamsburg-James City County,838,NA,838,NA,NA,NA,school,203,Stonehouse Elementary
2024-2025,131,Williamsburg-James City County,704,NA,704,NA,NA,NA,school,100,Toano Middle
2024-2025,131,Williamsburg-James City County,1279,NA,1279,NA,NA,NA,school,204,Warhill High
2024-2025,132,Winchester City,575,NA,575,Northern Virginia,4,51840,school,75,Daniel Morgan Intermediate
2024-2025,132,Winchester City,642,NA,642,Northern Virginia,4,51840,school,70,Daniel Morgan Middle
2024-2025,132,Winchester City,376,NA,376,Northern Virginia,4,51840,school,80,Frederick Douglass Elementary
2024-2025,132,Winchester City,410,NA,410,Northern Virginia,4,51840,school,50,Garland R. Quarles Elementary
2024-2025,132,Winchester City,1361,NA,1361,Northern Virginia,4,51840,school,40,John Handley High
2024-2025,132,Winchester City,583,NA,583,Northern Virginia,4,51840,school,90,John Kerr Elementary
2024-2025,132,Winchester City,415,NA,415,Northern Virginia,4,51840,school,20,Virginia Avenue Charlotte Dehart Elementary
2024-2025,96,Wise County,676,NA,676,Southwest,7,51195,school,1000,Central High
2024-2025,96,Wise County,304,NA,304,Southwest,7,51195,school,651,Coeburn Middle
2024-2025,96,Wise County,420,NA,420,Southwest,7,51195,school,653,Coeburn Primary
2024-2025,96,Wise County,418,NA,418,Southwest,7,51195,school,652,Eastside High
2024-2025,96,Wise County,523,NA,523,Southwest,7,51195,school,73,J.W. Adams Combined
2024-2025,96,Wise County,387,NA,387,Southwest,7,51195,school,320,L.F. Addington Middle
2024-2025,96,Wise County,514,NA,514,Southwest,7,51195,school,871,St. Paul Elementary
2024-2025,96,Wise County,564,NA,564,Southwest,7,51195,school,1010,Union High
2024-2025,96,Wise County,561,NA,561,Southwest,7,51195,school,1013,Union Middle
2024-2025,96,Wise County,809,NA,809,Southwest,7,51195,school,1012,Union Primary
2024-2025,96,Wise County,603,NA,603,Southwest,7,51195,school,1020,Wise Primary
2024-2025,97,Wythe County,411,NA,411,Southwest,7,51197,school,760,Fort Chiswell High
2024-2025,97,Wythe County,319,NA,319,Southwest,7,51197,school,1073,Fort Chiswell Middle
2024-2025,97,Wythe County,422,2,424,Southwest,7,51197,school,721,George Wythe High
2024-2025,97,Wythe County,229,NA,229,Southwest,7,51197,school,730,Jackson Memorial Elementary
2024-2025,97,Wythe County,201,NA,201,Southwest,7,51197,school,100,Max Meadows Elementary
2024-2025,97,Wythe County,350,NA,350,Southwest,7,51197,school,201,Rural Retreat Elementary
2024-2025,97,Wythe County,300,NA,300,Southwest,7,51197,school,202,Rural Retreat High
2024-2025,97,Wythe County,236,NA,236,Southwest,7,51197,school,1074,Rural Retreat Middle
2024-2025,97,Wythe County,305,NA,305,Southwest,7,51197,school,1075,Scott Memorial Middle
2024-2025,97,Wythe County,224,NA,224,Southwest,7,51197,school,740,Sheffey Elementary
2024-2025,97,Wythe County,123,NA,123,Southwest,7,51197,school,440,Speedwell Elementary
2024-2025,97,Wythe County,615,1,616,Southwest,7,51197,school,190,Spiller Elementary
2024-2025,98,York County,632,19,651,Tidewater,2,51199,school,180,Bethel Manor Elementary
2024-2025,98,York County,723,NA,723,Tidewater,2,51199,school,20,Bruton High
2024-2025,98,York County,630,5,635,Tidewater,2,51199,school,90,Coventry Elementary
2024-2025,98,York County,399,5,404,Tidewater,2,51199,school,160,Dare Elementary
2024-2025,98,York County,653,NA,653,Tidewater,2,51199,school,140,Grafton Bethel Elementary
2024-2025,98,York County,1235,NA,1235,Tidewater,2,51199,school,332,Grafton High
2024-2025,98,York County,937,NA,937,Tidewater,2,51199,school,333,Grafton Middle
2024-2025,98,York County,610,10,620,Tidewater,2,51199,school,10,Magruder Elementary
2024-2025,98,York County,573,1,574,Tidewater,2,51199,school,80,Mount Vernon Elementary
2024-2025,98,York County,554,NA,554,Tidewater,2,51199,school,200,Queens Lake Middle
2024-2025,98,York County,552,11,563,Tidewater,2,51199,school,170,Seaford Elementary
2024-2025,98,York County,707,24,731,Tidewater,2,51199,school,50,Tabb Elementary
2024-2025,98,York County,1154,NA,1154,Tidewater,2,51199,school,230,Tabb High
2024-2025,98,York County,968,NA,968,Tidewater,2,51199,school,190,Tabb Middle
2024-2025,98,York County,445,18,463,Tidewater,2,51199,school,220,Waller Mill Elementary
2024-2025,98,York County,947,NA,947,Tidewater,2,51199,school,30,York High
2024-2025,98,York County,72,NA,72,Tidewater,2,51199,school,335,York River Academy
2024-2025,98,York County,599,25,624,Tidewater,2,51199,school,210,Yorktown Elementary
2024-2025,98,York County,717,NA,717,Tidewater,2,51199,school,60,Yorktown Middle
2021-2022,NA,NA,1250198,1772,1251970,NA,NA,NA,state,NA,NA
2022-2023,NA,NA,1261697,1670,1263367,NA,NA,NA,state,NA,NA
2023-2024,NA,NA,1260127,1884,1262011,NA,NA,NA,state,NA,NA
2024-2025,NA,NA,1258792,2595,1261387,NA,NA,NA,state,NA,NA
