division_number,nces_school_num,school_num,school_name,low_grades,high_grades,school_description,grade_standard,city,zip,fall_membership_schools,sch_id,region_name,region_number,division_name
001,510006001737,0701,Accawmacke Elementary,PK,05,Public school - Regular,Elementary,Accomac,23301,Membership,0010701,Tidewater,2,Accomack County
001,510006002028,0540,Arcadia High,09,12,Public school - Regular,High,Oak Hall,23416,Membership,0010540,Tidewater,2,Accomack County
001,510006002434,0704,Arcadia Middle,06,08,Public school - Regular,Middle,Oak Hall,23416,Membership,0010704,Tidewater,2,Accomack County
001,510006001988,0541,Badger Vocational Education Center - North,NA,NA,Public center - Career and Technical Ed.,NA,Oak Hall,23416,Non-Membership,0010541,Tidewater,2,Accomack County
001,510006002004,0071,Badger Vocational Education Center - South,NA,NA,Public center - Career and Technical Ed.,NA,Onley,23418,Non-Membership,0010071,Tidewater,2,Accomack County
001,510006000006,0080,Chincoteague Elementary,PK,05,Public school - Regular,Elementary,Chincoteague,23336,Membership,0010080,Tidewater,2,Accomack County
001,510006000007,0580,Chincoteague High,06,12,Public school - Regular,High,Chincoteague,23336,Membership,0010580,Tidewater,2,Accomack County
001,NA,9990,Community PK School,NA,NA,Public center - Alternative,NA,NA,NA,Non-Membership,0019990,Tidewater,2,Accomack County
001,NA,9991,Home Educational Services,NA,NA,Public center - Alternative,NA,NA,NA,Non-Membership,0019991,Tidewater,2,Accomack County
001,NA,9999,Homebased,NA,NA,Public center - Alternative,NA,NA,NA,Non-Membership,0019999,Tidewater,2,Accomack County
001,NA,9998,Homebound,NA,NA,Public center - Alternative,NA,NA,NA,Non-Membership,0019998,Tidewater,2,Accomack County
001,510006000009,0600,Kegotank Elementary,PK,05,Public school - Regular,Elementary,Mappsville,23407,Membership,0010600,Tidewater,2,Accomack County
001,NA,9997,Local or Regional Jail,KG,12,Local or Regional Jail,Other,Onancock,23417,Membership,0019997,Tidewater,2,Accomack County
001,510006001738,0702,Metompkin Elementary,PK,05,Public school - Regular,Elementary,Parksley,23421,Membership,0010702,Tidewater,2,Accomack County
001,510006002003,0070,Nandua High,09,12,Public school - Regular,High,Onley,23418,Membership,0010070,Tidewater,2,Accomack County
001,510006002433,0703,Nandua Middle,06,08,Public school - Regular,Middle,Onley,23418,Membership,0010703,Tidewater,2,Accomack County
001,510006000012,0590,Pungoteague Elementary,PK,05,Public school - Regular,Elementary,Melfa,23410,Membership,0010590,Tidewater,2,Accomack County
001,NA,8888,Special Situation Schools,NA,NA,Unknown,NA,NA,NA,Non-Membership,0018888,Tidewater,2,Accomack County
001,NA,9992,Suspension Services,NA,NA,Public center - Alternative,NA,NA,NA,Non-Membership,0019992,Tidewater,2,Accomack County
001,510006000014,0530,Tangier Combined,PK,12,Public school - Regular,Other,Tangier,23440,Membership,0010530,Tidewater,2,Accomack County
002,510009000002,0160,Agnor Elementary,PK,05,Public school - Regular,Elementary,Charlottesville,22901,Membership,0020160,Valley,5,Albemarle County
002,510009000015,0880,Albemarle High,09,12,Public school - Regular,High,Charlottesville,22901,Membership,0020880,Valley,5,Albemarle County
002,510009001937,1053,Baker-Butler Elementary,PK,05,Public school - Regular,Elementary,Charlottesville,22911,Membership,0021053,Valley,5,Albemarle County
002,510009000017,0100,Broadus Wood Elementary,PK,05,Public school - Regular,Elementary,Earlysville,22936,Membership,0020100,Valley,5,Albemarle County
002,510009000018,0941,Brownsville Elementary,PK,05,Public school - Regular,Elementary,Crozet,22932,Membership,0020941,Valley,5,Albemarle County
002,510009000030,0890,Community Lab School,06,12,Public school - Charter,High,Charlottesville,22903,Membership,0020890,Valley,5,Albemarle County
002,NA,9990,Community PK School,NA,NA,Public center - Alternative,NA,NA,NA,Non-Membership,0029990,Valley,5,Albemarle County
002,510009000020,0340,Crozet Elementary,KG,05,Public school - Regular,Elementary,Crozet,22932,Membership,0020340,Valley,5,Albemarle County
002,510009000022,0010,Hollymead Elementary,PK,05,Public school - Regular,Elementary,Charlottesville,22911,Membership,0020010,Valley,5,Albemarle County
002,NA,9991,Home Educational Services,NA,NA,Public center - Alternative,NA,NA,NA,Non-Membership,0029991,Valley,5,Albemarle County
002,NA,9999,Homebased,NA,NA,Public center - Alternative,NA,NA,NA,Non-Membership,0029999,Valley,5,Albemarle County
002,NA,9998,Homebound,NA,NA,Public center - Alternative,NA,NA,NA,Non-Membership,0029998,Valley,5,Albemarle County
002,510009000028,0250,Ivy Elementary,KG,05,Public school - Regular,Elementary,Charlottesville,22901,Membership,0020250,Valley,5,Albemarle County
002,510009000024,0069,Jackson P. Burley Middle,06,08,Public school - Regular,Middle,Charlottesville,22903,Membership,0020069,Valley,5,Albemarle County
002,510009000025,0942,Joseph T. Henley Middle,06,08,Public school - Regular,Middle,Crozet,22932,Membership,0020942,Valley,5,Albemarle County
002,510009000023,0950,Journey Middle,06,08,Public school - Regular,Middle,Charlottesville,22901,Membership,0020950,Valley,5,Albemarle County
002,510009000751,1051,Lakeside Middle,06,08,Public school - Regular,Middle,Charlottesville,22911,Membership,0021051,Valley,5,Albemarle County
002,510009000026,0020,Leslie H. Walton Middle,06,08,Public school - Regular,Middle,Charlottesville,22903,Membership,0020020,Valley,5,Albemarle County
002,NA,9997,Local or Regional Jail,KG,12,Local or Regional Jail,Other,Charlottesville,22902,Membership,0029997,Valley,5,Albemarle County
002,510009000027,0040,Mary Carr Greer Elementary,PK,05,Public school - Regular,Elementary,Charlottesville,22901,Membership,0020040,Valley,5,Albemarle County
002,510009002974,0350,Monticello Governor's Health Sciences Academy,NA,NA,Public center - Governor's Health Academy,NA,Charlottesville,22902,Non-Membership,0020350,Valley,5,Albemarle County
002,510009001747,1052,Monticello High,09,12,Public school - Regular,High,Charlottesville,22902,Membership,0021052,Valley,5,Albemarle County
002,510009002173,0150,Mountain View Elementary,PK,05,Public school - Regular,Elementary,Charlottesville,22902,Membership,0020150,Valley,5,Albemarle County
002,510009000029,0540,Red Hill Elementary,PK,05,Public school - Regular,Elementary,North Garden,22959,Membership,0020540,Valley,5,Albemarle County
002,510009001882,0030,Scottsville Elementary,PK,05,Public school - Regular,Elementary,Scottsville,24590,Membership,0020030,Valley,5,Albemarle County
002,NA,8888,Special Situation Schools,NA,NA,Unknown,NA,NA,NA,Non-Membership,0028888,Valley,5,Albemarle County
002,510009000032,0920,Stone Robinson Elementary,PK,05,Public school - Regular,Elementary,Charlottesville,22911,Membership,0020920,Valley,5,Albemarle County
002,510009000033,0240,Stony Point Elementary,KG,05,Public school - Regular,Elementary,Keswick,22947,Membership,0020240,Valley,5,Albemarle County
002,NA,9992,Suspension Services,NA,NA,Public center - Alternative,NA,NA,NA,Non-Membership,0029992,Valley,5,Albemarle County
002,510009000003,0910,Virginia L. Murray Elementary,PK,05,Public school - Regular,Elementary,Charlottesville,22903,Membership,0020910,Valley,5,Albemarle County
002,510009000035,0140,Western Albemarle High,09,12,Public school - Regular,High,Crozet,22932,Membership,0020140,Valley,5,Albemarle County
002,510009000036,0930,Woodbrook Elementary,PK,05,Public school - Regular,Elementary,Charlottesville,22901,Membership,0020930,Valley,5,Albemarle County
101,510012000054,0210,Alexandria City High,09,12,Public school - Regular,High,Alexandria,22302,Membership,1010210,Northern Virginia,4,Alexandria City
101,510012000038,0120,Charles Barrett Elementary,PK,05,Public school - Regular,Elementary,Alexandria,22302,Membership,1010120,Northern Virginia,4,Alexandria City
101,NA,9990,Community PK School,NA,NA,Public center - Alternative,NA,NA,NA,Non-Membership,1019990,Northern Virginia,4,Alexandria City
101,510012001826,0160,Cora Kelly School for Math Science and Technology,PK,05,Public school - Regular,Elementary,Alexandria,22305,Membership,1010160,Northern Virginia,4,Alexandria City
101,510012000039,0110,Douglas MacArthur Elementary,KG,05,Public school - Regular,Elementary,Alexandria,22302,Membership,1010110,Northern Virginia,4,Alexandria City
101,510012003057,0360,Early Childhood Center,PK,PK,Public school - Preschool,Prekindergarten,Alexandria,22311,Membership,1010360,Northern Virginia,4,Alexandria City
101,510012003053,0350,Ferdinand T. Day Elementary,KG,05,Public school - Regular,Elementary,Alexandria,22311,Membership,1010350,Northern Virginia,4,Alexandria City
101,510012003016,0140,Francis C. Hammond Middle,06,08,Public school - Regular,Middle,Alexandria,22304,Membership,1010140,Northern Virginia,4,Alexandria City
101,510012000041,0100,George Mason Elementary,KG,05,Public school - Regular,Elementary,Alexandria,22302,Membership,1010100,Northern Virginia,4,Alexandria City
101,510012002999,0130,George Washington Middle,06,08,Public school - Regular,Middle,Alexandria,22301,Membership,1010130,Northern Virginia,4,Alexandria City
101,510012003067,0370,Governor's Health Science Academy at The Academies of ACHS,NA,NA,Public center - Governor's Health Academy,NA,Alexandria,22302,Non-Membership,1010370,Northern Virginia,4,Alexandria City
101,NA,9991,Home Educational Services,NA,NA,Public center - Alternative,NA,NA,NA,Non-Membership,1019991,Northern Virginia,4,Alexandria City
101,NA,9999,Homebased,NA,NA,Public center - Alternative,NA,NA,NA,Non-Membership,1019999,Northern Virginia,4,Alexandria City
101,NA,9998,Homebound,NA,NA,Public center - Alternative,NA,NA,NA,Non-Membership,1019998,Northern Virginia,4,Alexandria City
101,510012000043,0220,James K. Polk Elementary,PK,05,Public school - Regular,Elementary,Alexandria,22304,Membership,1010220,Northern Virginia,4,Alexandria City
101,510012000044,0090,Jefferson-Houston PK-8 School,PK,08,Public school - Regular,Elementary,Alexandria,22314,Membership,1010090,Northern Virginia,4,Alexandria City
101,510012000045,0230,John Adams Elementary,PK,05,Public school - Regular,Elementary,Alexandria,22311,Membership,1010230,Northern Virginia,4,Alexandria City
101,NA,9997,Local or Regional Jail,KG,12,Local or Regional Jail,Other,Alexandria,22311,Membership,1019997,Northern Virginia,4,Alexandria City
101,510012000047,0080,Lyles-Crouch Elementary,KG,05,Public school - Regular,Elementary,Alexandria,22314,Membership,1010080,Northern Virginia,4,Alexandria City
101,510012000050,0030,Mount Vernon Elementary,PK,05,Public school - Regular,Elementary,Alexandria,22305,Membership,1010030,Northern Virginia,4,Alexandria City
101,510012000048,0060,Naomi L. Brooks Elementary,KG,05,Public school - Regular,Elementary,Alexandria,22301,Membership,1010060,Northern Virginia,4,Alexandria City
101,510012000052,0050,Patrick Henry K-8 School,KG,08,Public school - Regular,Elementary,Alexandria,22304,Membership,1010050,Northern Virginia,4,Alexandria City
101,510012002549,0333,Samuel W. Tucker Elementary,KG,05,Public school - Regular,Elementary,Alexandria,22304,Membership,1010333,Northern Virginia,4,Alexandria City
101,NA,8888,Special Situation Schools,NA,NA,Unknown,NA,NA,NA,Non-Membership,1018888,Northern Virginia,4,Alexandria City
101,NA,9992,Suspension Services,NA,NA,Public center - Alternative,NA,NA,NA,Non-Membership,1019992,Northern Virginia,4,Alexandria City
101,510012000055,0190,William Ramsay Elementary,PK,05,Public school - Regular,Elementary,Alexandria,22311,Membership,1010190,Northern Virginia,4,Alexandria City
003,510015201883,0310,Alleghany High,09,12,Public school - Regular,High,Covington,24426,Membership,0030310,Western Virginia,6,Alleghany County
003,510015201885,0110,Callaghan Elementary,PK,05,Public school - Regular,Elementary,Covington,24426,Membership,0030110,Western Virginia,6,Alleghany County
003,NA,9990,Community PK School,NA,NA,Public center - Alternative,NA,NA,NA,Non-Membership,0039990,Western Virginia,6,Alleghany County
003,510015201888,1040,Covington Middle,06,08,Public school - Regular,Middle,Covington,24426,Membership,0031040,Western Virginia,6,Alleghany County
003,NA,9991,Home Educational Services,NA,NA,Public center - Alternative,NA,NA,NA,Non-Membership,0039991,Western Virginia,6,Alleghany County
003,NA,9999,Homebased,NA,NA,Public center - Alternative,NA,NA,NA,Non-Membership,0039999,Western Virginia,6,Alleghany County
003,NA,9998,Homebound,NA,NA,Public center - Alternative,NA,NA,NA,Non-Membership,0039998,Western Virginia,6,Alleghany County
003,510015203122,0330,Jackson River Tech Ctr,NA,NA,Public center - Career and Technical Ed.,NA,Covington,24426,Non-Membership,0030330,Western Virginia,6,Alleghany County
003,510015200369,0360,Jeter-Watson Elementary,PK,05,Public school - Regular,Elementary,Covington,24426,Membership,0030360,Western Virginia,6,Alleghany County
003,510015201938,1041,Mountain View Elementary,KG,05,Public school - Regular,Elementary,Covington,24426,Membership,0031041,Western Virginia,6,Alleghany County
003,510015201891,0090,Sharon Elementary,PK,05,Public school - Regular,Elementary,Clifton Forge,24422,Membership,0030090,Western Virginia,6,Alleghany County
003,NA,8888,Special Situation Schools,NA,NA,Unknown,NA,NA,NA,Non-Membership,0038888,Western Virginia,6,Alleghany County
003,NA,9992,Suspension Services,NA,NA,Public center - Alternative,NA,NA,NA,Non-Membership,0039992,Western Virginia,6,Alleghany County
004,510018000062,0220,Amelia County Elementary,PK,05,Public school - Regular,Elementary,Amelia Court House,23002,Membership,0040220,Southside,8,Amelia County
004,510018001828,0010,Amelia County High,09,12,Public school - Regular,High,Amelia Court House,23002,Membership,0040010,Southside,8,Amelia County
004,510018000063,0210,Amelia County Middle,06,08,Public school - Regular,Middle,Amelia,23002,Membership,0040210,Southside,8,Amelia County
004,NA,9990,Community PK School,NA,NA,Public center - Alternative,NA,NA,NA,Non-Membership,0049990,Southside,8,Amelia County
004,NA,9991,Home Educational Services,NA,NA,Public center - Alternative,NA,NA,NA,Non-Membership,0049991,Southside,8,Amelia County
004,NA,9999,Homebased,NA,NA,Public center - Alternative,NA,NA,NA,Non-Membership,0049999,Southside,8,Amelia County
004,NA,9998,Homebound,NA,NA,Public center - Alternative,NA,NA,NA,Non-Membership,0049998,Southside,8,Amelia County
004,NA,8888,Special Situation Schools,NA,NA,Unknown,NA,NA,NA,Non-Membership,0048888,Southside,8,Amelia County
004,NA,9992,Suspension Services,NA,NA,Public center - Alternative,NA,NA,NA,Non-Membership,0049992,Southside,8,Amelia County
005,510021000064,0780,Amelon Elementary,KG,05,Public school - Regular,Elementary,Madison Heights,24572,Membership,0050780,Valley,5,Amherst County
005,510021000065,0750,Amherst County High,09,12,Public school - Regular,High,Amherst,24521,Membership,0050750,Valley,5,Amherst County
005,NA,0030,Amherst Educational Center,NA,NA,Public center - Alternative,NA,Madison Heights,24572,Non-Membership,0050030,Valley,5,Amherst County
005,510021000067,0790,Amherst Elementary,PK,05,Public school - Regular,Elementary,Amherst,24521,Membership,0050790,Valley,5,Amherst County
005,510021000066,0670,Amherst Middle,06,08,Public school - Regular,Middle,Amherst,24521,Membership,0050670,Valley,5,Amherst County
005,510021000068,0770,Central Elementary,PK,05,Public school - Regular,Elementary,Amherst,24521,Membership,0050770,Valley,5,Amherst County
005,NA,9990,Community PK School,NA,NA,Public center - Alternative,NA,NA,NA,Non-Membership,0059990,Valley,5,Amherst County
005,510021000069,0760,Elon Elementary,PK,05,Public school - Regular,Elementary,Madison Heights,24572,Membership,0050760,Valley,5,Amherst County
005,NA,9991,Home Educational Services,NA,NA,Public center - Alternative,NA,NA,NA,Non-Membership,0059991,Valley,5,Amherst County
005,NA,9999,Homebased,NA,NA,Public center - Alternative,NA,NA,NA,Non-Membership,0059999,Valley,5,Amherst County
005,NA,9998,Homebound,NA,NA,Public center - Alternative,NA,NA,NA,Non-Membership,0059998,Valley,5,Amherst County
005,NA,9997,Local or Regional Jail,KG,12,Local or Regional Jail,Other,Amherst,24521,Membership,0059997,Valley,5,Amherst County
005,510021000010,0500,Madison Heights Elementary,PK,05,Public school - Regular,Elementary,Madison Heights,24572,Membership,0050500,Valley,5,Amherst County
005,510021000072,0020,Monelison Middle,06,08,Public school - Regular,Middle,Madison Heights,24572,Membership,0050020,Valley,5,Amherst County
005,NA,8888,Special Situation Schools,NA,NA,Unknown,NA,NA,NA,Non-Membership,0058888,Valley,5,Amherst County
005,NA,9992,Suspension Services,NA,NA,Public center - Alternative,NA,NA,NA,Non-Membership,0059992,Valley,5,Amherst County
005,510021000075,0740,Temperance Elementary,PK,05,Public school - Regular,Elementary,Amherst,24521,Membership,0050740,Valley,5,Amherst County
006,510024000076,0260,Appomattox County High,09,12,Public school - Regular,High,Appomattox,24522,Membership,0060260,Southside,8,Appomattox County
006,510024000077,0110,Appomattox Elementary,03,05,Public school - Regular,Elementary,Appomattox,24522,Membership,0060110,Southside,8,Appomattox County
006,510024000078,0160,Appomattox Middle,06,08,Public school - Regular,Middle,Appomattox,24522,Membership,0060160,Southside,8,Appomattox County
006,510024000079,0250,Appomattox Primary,PK,02,Public school - Regular,Elementary,Appomattox,24522,Membership,0060250,Southside,8,Appomattox County
006,NA,9990,Community PK School,NA,NA,Public center - Alternative,NA,NA,NA,Non-Membership,0069990,Southside,8,Appomattox County
006,NA,9991,Home Educational Services,NA,NA,Public center - Alternative,NA,NA,NA,Non-Membership,0069991,Southside,8,Appomattox County
006,NA,9999,Homebased,NA,NA,Public center - Alternative,NA,NA,NA,Non-Membership,0069999,Southside,8,Appomattox County
006,NA,9998,Homebound,NA,NA,Public center - Alternative,NA,NA,NA,Non-Membership,0069998,Southside,8,Appomattox County
006,NA,9997,Local or Regional Jail,KG,12,Local or Regional Jail,Other,Appomattox,24522,Membership,0069997,Southside,8,Appomattox County
006,NA,8888,Special Situation Schools,NA,NA,Unknown,NA,NA,NA,Non-Membership,0068888,Southside,8,Appomattox County
006,NA,9992,Suspension Services,NA,NA,Public center - Alternative,NA,NA,NA,Non-Membership,0069992,Southside,8,Appomattox County
007,510027000081,0350,Abingdon Elementary,PK,05,Public school - Regular,Elementary,Arlington,22206,Membership,0070350,Northern Virginia,4,Arlington County
007,510027000094,0160,Alice West Fleet Elementary,PK,05,Public school - Regular,Elementary,Arlington,22204,Membership,0070160,Northern Virginia,4,Arlington County
007,NA,0621,Alternative Education Program Feeding Site,NA,NA,SNP feeding site,NA,Arlington,22207,Non-Membership,0070621,Northern Virginia,4,Arlington County
007,510027002875,0618,Arlington Community High,09,12,Public school - Regular,High,Arlington,22204,Membership,0070618,Northern Virginia,4,Arlington County
007,510027003093,0629,Arlington Science Focus School,PK,05,Public school - Regular,Elementary,Arlington,22201,Membership,0070629,Northern Virginia,4,Arlington County
007,510027000104,0470,Arlington Traditional,PK,05,Public school - Regular,Elementary,Arlington,22205,Membership,0070470,Northern Virginia,4,Arlington County
007,510027000082,0490,Ashlawn Elementary,PK,05,Public school - Regular,Elementary,Arlington,22205,Membership,0070490,Northern Virginia,4,Arlington County
007,510027000083,0150,Barcroft Elementary,PK,05,Public school - Regular,Elementary,Arlington,22204,Membership,0070150,Northern Virginia,4,Arlington County
007,510027000084,0250,Barrett Elementary,PK,05,Public school - Regular,Elementary,Arlington,22203,Membership,0070250,Northern Virginia,4,Arlington County
007,510027001940,0615,Campbell Elementary,PK,05,Public school - Regular,Elementary,Arlington,22204,Membership,0070615,Northern Virginia,4,Arlington County
007,510027000101,0380,Cardinal Elementary,PK,05,Public school - Regular,Elementary,Arlington,22205,Membership,0070380,Northern Virginia,4,Arlington County
007,510027000093,0090,Carlin Springs Elementary,PK,05,Public school - Regular,Elementary,Arlington,22204,Membership,0070090,Northern Virginia,4,Arlington County
007,510027002404,0622,Claremont Immersion,PK,05,Public school - Regular,Elementary,Arlington,22206,Membership,0070622,Northern Virginia,4,Arlington County
007,NA,9990,Community PK School,NA,NA,Public center - Alternative,NA,NA,NA,Non-Membership,0079990,Northern Virginia,4,Arlington County
007,510027003006,0626,Discovery Elementary,PK,05,Public school - Regular,Elementary,Arlington,22207,Membership,0070626,Northern Virginia,4,Arlington County
007,510027003062,0628,Dorothy Hamm Middle,06,08,Public school - Regular,Middle,Arlington,22207,Membership,0070628,Northern Virginia,4,Arlington County
007,510027000087,0200,Dr. Charles R. Drew Elementary,PK,05,Public school - Regular,Elementary,Arlington,22206,Membership,0070200,Northern Virginia,4,Arlington County
007,510027000090,0111,Escuela Key Elementary,PK,05,Public school - Regular,Elementary,Arlington,22205,Membership,0070111,Northern Virginia,4,Arlington County
007,510027002331,0619,Eunice Kennedy Shriver Program,NA,NA,Public center - Special Education,NA,Arlington,22209,Non-Membership,0070619,Northern Virginia,4,Arlington County
007,510027000092,0100,Glebe Elementary,PK,05,Public school - Regular,Elementary,Arlington,22207,Membership,0070100,Northern Virginia,4,Arlington County
007,510027003003,0623,Governor's Academy for Career and Technical Education in Arlington,NA,NA,Public center - Governor's STEM Academy,NA,Arlington,22204,Non-Membership,0070623,Northern Virginia,4,Arlington County
007,510027000752,0611,Gunston Middle,06,08,Public school - Regular,Middle,Arlington,22206,Membership,0070611,Northern Virginia,4,Arlington County
007,510027002659,0616,HB Woodlawn Secondary Program,NA,NA,Public center - Alternative,NA,Arlington,22209,Non-Membership,0070616,Northern Virginia,4,Arlington County
007,510027001900,0614,Hoffman-Boston Elementary,PK,05,Public school - Regular,Elementary,Arlington,22204,Membership,0070614,Northern Virginia,4,Arlington County
007,NA,9991,Home Educational Services,NA,NA,Public center - Alternative,NA,NA,NA,Non-Membership,0079991,Northern Virginia,4,Arlington County
007,NA,9999,Homebased,NA,NA,Public center - Alternative,NA,NA,NA,Non-Membership,0079999,Northern Virginia,4,Arlington County
007,NA,9998,Homebound,NA,NA,Public center - Alternative,NA,NA,NA,Non-Membership,0079998,Northern Virginia,4,Arlington County
007,510027001067,0613,Innovation Elementary,PK,05,Public school - Regular,Elementary,Arlington,22201,Membership,0070613,Northern Virginia,4,Arlington County
007,510027003068,0037,Integration Station,PK,PK,Public school - Preschool,Prekindergarten,Arlington,22203,Membership,0070037,Northern Virginia,4,Arlington County
007,510027000097,0440,Jamestown Elementary,PK,05,Public school - Regular,Elementary,Arlington,22207,Membership,0070440,Northern Virginia,4,Arlington County
007,510027000098,0180,Jefferson Middle,06,08,Public school - Regular,Middle,Arlington,22204,Membership,0070180,Northern Virginia,4,Arlington County
007,510027000099,0500,Kenmore Middle,06,08,Public school - Regular,Middle,Arlington,22204,Membership,0070500,Northern Virginia,4,Arlington County
007,510027002944,0617,Langston High Continuation Program,NA,NA,Public center - Alternative,NA,Arlington,22207,Non-Membership,0070617,Northern Virginia,4,Arlington County
007,NA,9997,Local Or Regional Jail,09,12,Local or Regional Jail,High,Arlington,22201,Membership,0079997,Northern Virginia,4,Arlington County
007,510027000100,0460,Long Branch Elementary,PK,05,Public school - Regular,Elementary,Arlington,22201,Membership,0070460,Northern Virginia,4,Arlington County
007,510027003063,0627,Montessori Public School of Arlington,PK,05,Public school - Regular,Elementary,Arlington,22204,Membership,0070627,Northern Virginia,4,Arlington County
007,510027002860,0625,New Directions Alternative H.S. Program,NA,NA,Public center - Alternative,NA,Arlington,22207,Non-Membership,0070625,Northern Virginia,4,Arlington County
007,510027000102,0410,Nottingham Elementary,KG,05,Public school - Regular,Elementary,Arlington,22207,Membership,0070410,Northern Virginia,4,Arlington County
007,510027000103,0360,Oakridge Elementary,PK,05,Public school - Regular,Elementary,Arlington,22202,Membership,0070360,Northern Virginia,4,Arlington County
007,510027000013,0510,Randolph Elementary,PK,05,Public school - Regular,Elementary,Arlington,22204,Membership,0070510,Northern Virginia,4,Arlington County
007,NA,8888,Special Situation Schools,NA,NA,Unknown,NA,NA,NA,Non-Membership,0078888,Northern Virginia,4,Arlington County
007,NA,9992,Suspension Services,NA,NA,Public center - Alternative,NA,NA,NA,Non-Membership,0079992,Northern Virginia,4,Arlington County
007,510027000107,0240,Swanson Middle,06,08,Public school - Regular,Middle,Arlington,22205,Membership,0070240,Northern Virginia,4,Arlington County
007,510027000108,0420,Taylor Elementary,PK,05,Public school - Regular,Elementary,Arlington,22207,Membership,0070420,Northern Virginia,4,Arlington County
007,510027000109,0162,Technical Education & Career Center,NA,NA,Public center - Career and Technical Ed.,NA,Arlington,22204,Non-Membership,0070162,Northern Virginia,4,Arlington County
007,510027000110,0211,Tuckahoe Elementary,PK,05,Public school - Regular,Elementary,Arlington,22213,Membership,0070211,Northern Virginia,4,Arlington County
007,NA,0630,Virtual Learning Program,NA,NA,Public center - Virtual,NA,Arlington,22204,Non-Membership,0070630,Northern Virginia,4,Arlington County
007,510027000111,0450,Wakefield High,09,12,Public school - Regular,High,Arlington,22206,Membership,0070450,Northern Virginia,4,Arlington County
007,510027000112,0080,Washington-Liberty High,09,12,Public school - Regular,High,Arlington,22201,Membership,0070080,Northern Virginia,4,Arlington County
007,510027000113,0480,Williamsburg Middle,06,08,Public school - Regular,Middle,Arlington,22207,Membership,0070480,Northern Virginia,4,Arlington County
007,510027000115,0330,Yorktown High,09,12,Public school - Regular,High,Arlington,22207,Membership,0070330,Northern Virginia,4,Arlington County
008,510030000117,0660,Buffalo Gap High,09,12,Public school - Regular,High,Swoope,24479,Membership,0080660,Valley,5,Augusta County
008,510030003141,0650,Buffalo Gap Middle,06,08,Public school - Regular,Middle,Swoope,24479,Membership,0080650,Valley,5,Augusta County
008,510030000118,0030,Cassell Elementary,PK,05,Public school - Regular,Elementary,Waynesboro,22980,Membership,0080030,Valley,5,Augusta County
008,510030000119,0140,Churchville Elementary,PK,05,Public school - Regular,Elementary,Churchville,24421,Membership,0080140,Valley,5,Augusta County
008,NA,9990,Community PK School,NA,NA,Public center - Alternative,NA,NA,NA,Non-Membership,0089990,Valley,5,Augusta County
008,510030000120,0370,Craigsville Elementary,PK,05,Public school - Regular,Elementary,Craigsville,24430,Membership,0080370,Valley,5,Augusta County
008,510030001080,0842,Edward G. Clymore Elementary,PK,05,Public school - Regular,Elementary,Fort Defiance,24437,Membership,0080842,Valley,5,Augusta County
008,510030000124,0670,Fort Defiance High,09,12,Public school - Regular,High,Fort Defiance,24437,Membership,0080670,Valley,5,Augusta County
008,510030001901,0843,Guy K. Stump Elementary,PK,05,Public school - Regular,Elementary,Stuarts Draft,24477,Membership,0080843,Valley,5,Augusta County
008,NA,9991,Home Educational Services,NA,NA,Public center - Alternative,NA,NA,NA,Non-Membership,0089991,Valley,5,Augusta County
008,NA,9999,Homebased,NA,NA,Public center - Alternative,NA,NA,NA,Non-Membership,0089999,Valley,5,Augusta County
008,NA,9998,Homebound,NA,NA,Public center - Alternative,NA,NA,NA,Non-Membership,0089998,Valley,5,Augusta County
008,NA,9997,Middle River Regional Jail,09,12,Local or Regional Jail,High,Staunton,24402,Membership,0089997,Valley,5,Augusta County
008,510030000127,0040,North River Elementary,PK,05,Public school - Regular,Elementary,Mount Solon,22843,Membership,0080040,Valley,5,Augusta County
008,510030000128,0740,Riverheads Elementary,PK,05,Public school - Regular,Elementary,Staunton,24401,Membership,0080740,Valley,5,Augusta County
008,510030000129,0680,Riverheads High,09,12,Public school - Regular,High,Staunton,24401,Membership,0080680,Valley,5,Augusta County
008,510030003142,0070,Riverheads Middle,06,08,Public school - Regular,Middle,Staunton,24401,Membership,0080070,Valley,5,Augusta County
008,510030001830,0090,S. Gordon Stewart Middle,06,08,Public school - Regular,Middle,Fort Defiance,24437,Membership,0080090,Valley,5,Augusta County
008,NA,8888,Special Situation Schools,NA,NA,Unknown,NA,NA,NA,Non-Membership,0088888,Valley,5,Augusta County
008,510030000131,0440,Stuarts Draft Elementary,PK,05,Public school - Regular,Elementary,Stuarts Draft,24477,Membership,0080440,Valley,5,Augusta County
008,510030000132,0730,Stuarts Draft High,09,12,Public school - Regular,High,Stuarts Draft,24477,Membership,0080730,Valley,5,Augusta County
008,510030000130,0060,Stuarts Draft Middle,06,08,Public school - Regular,Middle,Stuarts Draft,24477,Membership,0080060,Valley,5,Augusta County
008,NA,9992,Suspension Services,NA,NA,Public center - Alternative,NA,NA,NA,Non-Membership,0089992,Valley,5,Augusta County
008,510030000137,0640,Wilson Elementary,PK,05,Public school - Regular,Elementary,Fishersville,22939,Membership,0080640,Valley,5,Augusta County
008,510030000138,0720,Wilson Memorial High,09,12,Public school - Regular,High,Fishersville,22939,Membership,0080720,Valley,5,Augusta County
008,510030002435,0844,Wilson Middle,06,08,Public school - Regular,Middle,Fishersville,22939,Membership,0080844,Valley,5,Augusta County
009,510033000139,0140,Bath County High,08,12,Public school - Regular,High,Hot Springs,24445,Membership,0090140,Valley,5,Bath County
009,NA,9990,Community PK School,NA,NA,Public center - Alternative,NA,NA,NA,Non-Membership,0099990,Valley,5,Bath County
009,NA,9991,Home Educational Services,NA,NA,Public center - Alternative,NA,NA,NA,Non-Membership,0099991,Valley,5,Bath County
009,NA,9999,Homebased,NA,NA,Public center - Alternative,NA,NA,NA,Non-Membership,0099999,Valley,5,Bath County
009,NA,9998,Homebound,NA,NA,Public center - Alternative,NA,NA,NA,Non-Membership,0099998,Valley,5,Bath County
009,510033000140,0120,Millboro Elementary,PK,07,Public school - Regular,Elementary,Millboro,24460,Membership,0090120,Valley,5,Bath County
009,NA,8888,Special Situation Schools,NA,NA,Unknown,NA,NA,NA,Non-Membership,0098888,Valley,5,Bath County
009,NA,9992,Suspension Services,NA,NA,Public center - Alternative,NA,NA,NA,Non-Membership,0099992,Valley,5,Bath County
009,510033000141,0150,Valley Elementary,PK,07,Public school - Regular,Elementary,Hot Springs,24445,Membership,0090150,Valley,5,Bath County
010,NA,0031,Bedford Connects Remote Learning,NA,NA,Public center - Virtual,NA,Bedford,24523,Non-Membership,0100031,Valley,5,Bedford County
010,510036002961,5632,Bedford County Alternative Education Center,NA,NA,Public center - Alternative,NA,Bedford,24523,Non-Membership,0105632,Valley,5,Bedford County
010,510036002141,0480,Bedford Elementary,02,05,Public school - Regular,Elementary,Bedford,24523,Membership,0100480,Valley,5,Bedford County
010,510036000144,1200,Bedford Primary,PK,01,Public school - Regular,Elementary,Bedford,24523,Membership,0101200,Valley,5,Bedford County
010,510036000145,0030,Big Island Elementary,PK,05,Public school - Regular,Elementary,Big Island,24526,Membership,0100030,Valley,5,Bedford County
010,510036000147,0160,Boonsboro Elementary,PK,05,Public school - Regular,Elementary,Lynchburg,24503,Membership,0100160,Valley,5,Bedford County
010,NA,9990,Community PK School,NA,NA,Public center - Alternative,NA,NA,NA,Non-Membership,0109990,Valley,5,Bedford County
010,510036002142,0500,Forest Elementary,PK,05,Public school - Regular,Elementary,Forest,24551,Membership,0100500,Valley,5,Bedford County
010,510036002174,1211,Forest Middle,06,08,Public school - Regular,Middle,Forest,24551,Membership,0101211,Valley,5,Bedford County
010,510036002526,1214,Goodview Elementary,PK,05,Public school - Regular,Elementary,Goodview,24095,Membership,0101214,Valley,5,Bedford County
010,510036003004,0600,Governor's Health Sciences Academy,NA,NA,Public center - Governor's Health Academy,NA,Bedford,24523,Non-Membership,0100600,Valley,5,Bedford County
010,NA,9991,Home Educational Services,NA,NA,Public center - Alternative,NA,NA,NA,Non-Membership,0109991,Valley,5,Bedford County
010,NA,9999,Homebased,NA,NA,Public center - Alternative,NA,NA,NA,Non-Membership,0109999,Valley,5,Bedford County
010,NA,9998,Homebound,NA,NA,Public center - Alternative,NA,NA,NA,Non-Membership,0109998,Valley,5,Bedford County
010,510036000149,0980,Huddleston Elementary,PK,05,Public school - Regular,Elementary,Huddleston,24104,Membership,0100980,Valley,5,Bedford County
010,510036002175,1212,Jefferson Forest High,09,12,Public school - Regular,High,Forest,24551,Membership,0101212,Valley,5,Bedford County
010,510036000151,1180,Liberty High,09,12,Public school - Regular,High,Bedford,24523,Membership,0101180,Valley,5,Bedford County
010,510036000143,0490,Liberty Middle,06,08,Public school - Regular,Middle,Bedford,24523,Membership,0100490,Valley,5,Bedford County
010,NA,9997,Local or Regional Jail,05,12,Local or Regional Jail,High,Bedford,24523,Membership,0109997,Valley,5,Bedford County
010,510036000152,0970,Moneta Elementary,PK,05,Public school - Regular,Elementary,Moneta,24121,Membership,0100970,Valley,5,Bedford County
010,510036000153,0180,Montvale Elementary,PK,05,Public school - Regular,Elementary,Montvale,24122,Membership,0100180,Valley,5,Bedford County
010,510036002109,0610,New London Academy Elementary,PK,05,Public school - Regular,Elementary,Forest,24551,Membership,0100610,Valley,5,Bedford County
010,510036000155,1170,Otter River Elementary,PK,05,Public school - Regular,Elementary,Goode,24556,Membership,0101170,Valley,5,Bedford County
010,NA,8888,Special Situation Schools,NA,NA,Unknown,NA,NA,NA,Non-Membership,0108888,Valley,5,Bedford County
010,510036000156,1190,Staunton River High,09,12,Public school - Regular,High,Moneta,24121,Membership,0101190,Valley,5,Bedford County
010,510036002029,1191,Staunton River Middle,06,08,Public school - Regular,Middle,Moneta,24121,Membership,0101191,Valley,5,Bedford County
010,510036000157,0640,Stewartsville Elementary,PK,05,Public school - Regular,Elementary,Goodview,24095,Membership,0100640,Valley,5,Bedford County
010,510036000142,0010,Susie G. Gibson Science and Technology Center,NA,NA,Public center - Career and Technical Ed.,NA,Bedford,24523,Non-Membership,0100010,Valley,5,Bedford County
010,NA,9992,Suspension Services,NA,NA,Public center - Alternative,NA,NA,NA,Non-Membership,0109992,Valley,5,Bedford County
010,510036002525,1213,Thomas Jefferson Elementary,PK,05,Public school - Regular,Elementary,Forest,24551,Membership,0101213,Valley,5,Bedford County
011,510039003002,0250,Bland County Elementary,PK,05,Public school - Regular,Elementary,Bland,24315,Membership,0110250,Southwest,7,Bland County
011,510039003009,0260,Bland County High,06,12,Public school - Regular,High,Rocky Gap,24366,Membership,0110260,Southwest,7,Bland County
011,NA,9990,Community PK School,NA,NA,Public center - Alternative,NA,NA,NA,Non-Membership,0119990,Southwest,7,Bland County
011,NA,9991,Home Educational Services,NA,NA,Public center - Alternative,NA,NA,NA,Non-Membership,0119991,Southwest,7,Bland County
011,NA,9999,Homebased,NA,NA,Public center - Alternative,NA,NA,NA,Non-Membership,0119999,Southwest,7,Bland County
011,NA,9998,Homebound,NA,NA,Public center - Alternative,NA,NA,NA,Non-Membership,0119998,Southwest,7,Bland County
011,NA,8888,Special Situation Schools,NA,NA,Unknown,NA,NA,NA,Non-Membership,0118888,Southwest,7,Bland County
011,NA,9992,Suspension Services,NA,NA,Public center - Alternative,NA,NA,NA,Non-Membership,0119992,Southwest,7,Bland County
012,510042000165,0010,Botetourt Technical Education Center,NA,NA,Public center - Division Defined,NA,Fincastle,24090,Non-Membership,0120010,Western Virginia,6,Botetourt County
012,510042000166,0220,Breckinridge Elementary,PK,05,Public school - Regular,Elementary,Fincastle,24090,Membership,0120220,Western Virginia,6,Botetourt County
012,510042000167,0020,Buchanan Elementary,PK,05,Public school - Regular,Elementary,Buchanan,24066,Membership,0120020,Western Virginia,6,Botetourt County
012,510042000164,0420,Central Academy Middle,06,08,Public school - Regular,Middle,Fincastle,24090,Membership,0120420,Western Virginia,6,Botetourt County
012,510042000168,0390,Cloverdale Elementary,PK,05,Public school - Regular,Elementary,Cloverdale,24077,Membership,0120390,Western Virginia,6,Botetourt County
012,510042000169,0400,Colonial Elementary,PK,05,Public school - Regular,Elementary,Troutville,24175,Membership,0120400,Western Virginia,6,Botetourt County
012,NA,9990,Community PK School,NA,NA,Public center - Alternative,NA,NA,NA,Non-Membership,0129990,Western Virginia,6,Botetourt County
012,510042000170,0030,Eagle Rock Elementary,PK,05,Public school - Regular,Elementary,Eagle Rock,24085,Membership,0120030,Western Virginia,6,Botetourt County
012,510042002527,0460,Greenfield Elementary,PK,05,Public school - Regular,Elementary,Troutville,24175,Membership,0120460,Western Virginia,6,Botetourt County
012,NA,9991,Home Educational Services,NA,NA,Public center - Alternative,NA,NA,NA,Non-Membership,0129991,Western Virginia,6,Botetourt County
012,NA,9999,Homebased,NA,NA,Public center - Alternative,NA,NA,NA,Non-Membership,0129999,Western Virginia,6,Botetourt County
012,NA,9998,Homebound,NA,NA,Public center - Alternative,NA,NA,NA,Non-Membership,0129998,Western Virginia,6,Botetourt County
012,510042000171,0430,James River High,09,12,Public school - Regular,High,Buchanan,24066,Membership,0120430,Western Virginia,6,Botetourt County
012,NA,9997,Local or Regional Jail,KG,12,Local or Regional Jail,Other,Fincastle,24090,Membership,0129997,Western Virginia,6,Botetourt County
012,510042000172,0440,Lord Botetourt High,09,12,Public school - Regular,High,Daleville,24083,Membership,0120440,Western Virginia,6,Botetourt County
012,510042001354,0450,Read Mountain Middle,06,08,Public school - Regular,Middle,Cloverdale,24077,Membership,0120450,Western Virginia,6,Botetourt County
012,NA,8888,Special Situation Schools,NA,NA,Unknown,NA,NA,NA,Non-Membership,0128888,Western Virginia,6,Botetourt County
012,NA,9992,Suspension Services,NA,NA,Public center - Alternative,NA,NA,NA,Non-Membership,0129992,Western Virginia,6,Botetourt County
012,510042000173,0040,Troutville Elementary,PK,05,Public school - Regular,Elementary,Troutville,24175,Membership,0120040,Western Virginia,6,Botetourt County
012,NA,0500,Virtual Academy,NA,NA,Public center - Virtual,NA,Fincastle,24090,Non-Membership,0120500,Western Virginia,6,Botetourt County
102,NA,9990,Community PK School,NA,NA,Public center - Alternative,NA,NA,NA,Non-Membership,1029990,Southwest,7,Bristol City
102,510045001944,0201,Day Treatment Program,NA,NA,Public center - Special Education,NA,Abingdon,24210,Non-Membership,1020201,Southwest,7,Bristol City
102,NA,9991,Home Educational Services,NA,NA,Public center - Alternative,NA,NA,NA,Non-Membership,1029991,Southwest,7,Bristol City
102,NA,9999,Homebased,NA,NA,Public center - Alternative,NA,NA,NA,Non-Membership,1029999,Southwest,7,Bristol City
102,NA,9998,Homebound,NA,NA,Public center - Alternative,NA,NA,NA,Non-Membership,1029998,Southwest,7,Bristol City
102,NA,9997,Local or Regional Jail,06,12,Local or Regional Jail,High,Bristol,24201,Membership,1029997,Southwest,7,Bristol City
102,NA,8888,Special Situation Schools,NA,NA,Unknown,NA,NA,NA,Non-Membership,1028888,Southwest,7,Bristol City
102,NA,9992,Suspension Services,NA,NA,Public center - Alternative,NA,NA,NA,Non-Membership,1029992,Southwest,7,Bristol City
102,510045000179,0080,Virginia High,09,12,Public school - Regular,High,Bristol,24201,Membership,1020080,Southwest,7,Bristol City
102,510045003104,0202,Virginia Intermediate School,02,05,Public school - Regular,Elementary,Bristol,24201,Membership,1020202,Southwest,7,Bristol City
102,510045000180,0010,Virginia Middle,06,08,Public school - Regular,Middle,Bristol,24201,Membership,1020010,Southwest,7,Bristol City
102,510045003153,0200,Virginia Primary School,PK,01,Public school - Regular,Elementary,Bristol,24201,Membership,1020200,Southwest,7,Bristol City
013,510048000183,0650,Brunswick High,09,12,Public school - Regular,High,Lawrenceville,23868,Membership,0130650,Southside,8,Brunswick County
013,NA,9990,Community PK School,NA,NA,Public center - Alternative,NA,NA,NA,Non-Membership,0139990,Southside,8,Brunswick County
013,NA,9991,Home Educational Services,NA,NA,Public center - Alternative,NA,NA,NA,Non-Membership,0139991,Southside,8,Brunswick County
013,NA,9999,Homebased,NA,NA,Public center - Alternative,NA,NA,NA,Non-Membership,0139999,Southside,8,Brunswick County
013,NA,9998,Homebound,NA,NA,Public center - Alternative,NA,NA,NA,Non-Membership,0139998,Southside,8,Brunswick County
013,510048000182,0660,James S. Russell Middle,07,08,Public school - Regular,Middle,Lawrenceville,23868,Membership,0130660,Southside,8,Brunswick County
013,NA,9997,Local or Regional Jail,KG,12,Local or Regional Jail,Other,Lawrenceville,23868,Membership,0139997,Southside,8,Brunswick County
013,510048000184,0690,Meherrin Powellton Elementary,PK,06,Public school - Regular,Elementary,Lawrenceville,23868,Membership,0130690,Southside,8,Brunswick County
013,510048000185,0700,Red Oak-Sturgeon Elementary,PK,06,Public school - Regular,Elementary,Alberta,23821,Membership,0130700,Southside,8,Brunswick County
013,NA,8888,Special Situation Schools,NA,NA,Unknown,NA,NA,NA,Non-Membership,0138888,Southside,8,Brunswick County
013,NA,9992,Suspension Services,NA,NA,Public center - Alternative,NA,NA,NA,Non-Membership,0139992,Southside,8,Brunswick County
013,510048000188,0720,Totaro Elementary,PK,06,Public school - Regular,Elementary,Lawrenceville,23868,Membership,0130720,Southside,8,Brunswick County
014,510051000191,1030,Buchanan County Technology,Career & Higher Learning Center,NA,Local Education Agency,Public center - Career and Technical Ed.,Slate Creek Rd State Rt. 83,VA,"276-935-4541,Non-Membership",0141030,Southwest,7,Buchanan County
014,NA,9990,Community PK School,NA,NA,Public center - Alternative,NA,NA,NA,Non-Membership,0149990,Southwest,7,Buchanan County
014,510051001897,0090,Council Elementary/Middle,PK,07,Public school - Regular,Elementary,Honaker,24260,Membership,0140090,Southwest,7,Buchanan County
014,510051000193,1000,Council High,08,12,Public school - Regular,High,Honaker,24260,Membership,0141000,Southwest,7,Buchanan County
014,510051000198,0990,Grundy High,09,12,Public school - Regular,High,Grundy,24614,Membership,0140990,Southwest,7,Buchanan County
014,NA,9991,Home Educational Services,NA,NA,Public center - Alternative,NA,NA,NA,Non-Membership,0149991,Southwest,7,Buchanan County
014,NA,9999,Homebased,NA,NA,Public center - Alternative,NA,NA,NA,Non-Membership,0149999,Southwest,7,Buchanan County
014,NA,9998,Homebound,NA,NA,Public center - Alternative,NA,NA,NA,Non-Membership,0149998,Southwest,7,Buchanan County
014,510051002052,0120,Hurley Elementary/Middle,PK,07,Public school - Regular,Elementary,Hurley,24620,Membership,0140120,Southwest,7,Buchanan County
014,510051000200,1020,Hurley High,08,12,Public school - Regular,High,Hurley,24620,Membership,0141020,Southwest,7,Buchanan County
014,NA,9997,Local Or Regional Jail,01,12,Local or Regional Jail,Other,Grundy,24614,Membership,0149997,Southwest,7,Buchanan County
014,510051001945,1040,Riverview Elementary/Middle,PK,08,Public school - Regular,Elementary,Grundy,24614,Membership,0141040,Southwest,7,Buchanan County
014,NA,8888,Special Situation Schools,NA,NA,Unknown,NA,NA,NA,Non-Membership,0148888,Southwest,7,Buchanan County
014,NA,9992,Suspension Services,NA,NA,Public center - Alternative,NA,NA,NA,Non-Membership,0149992,Southwest,7,Buchanan County
014,510051001946,1041,Twin Valley Elementary/Middle,PK,07,Public school - Regular,Elementary,Oakwood,24631,Membership,0141041,Southwest,7,Buchanan County
014,510051001947,1042,Twin Valley High,08,12,Public school - Regular,High,Pilgrim Knob,24634,Membership,0141042,Southwest,7,Buchanan County
015,510054002870,0724,Buckingham Co Elementary,03,05,Public school - Regular,Elementary,Dillwyn,23936,Membership,0150724,Southside,8,Buckingham County
015,510054002867,0020,Buckingham Co Prekindergarten Center,PK,PK,Public school - Preschool,Prekindergarten,Buckingham,23921,Membership,0150020,Southside,8,Buckingham County
015,510054002869,0723,Buckingham Co Primary,KG,02,Public school - Regular,Elementary,Dillwyn,23936,Membership,0150723,Southside,8,Buckingham County
015,510054000210,0700,Buckingham County High,09,12,Public school - Regular,High,Buckingham,23921,Membership,0150700,Southside,8,Buckingham County
015,510054000209,0721,Buckingham County Middle,06,08,Public school - Regular,Middle,Buckingham,23921,Membership,0150721,Southside,8,Buckingham County
015,NA,9990,Community PK School,NA,NA,Public center - Alternative,NA,NA,NA,Non-Membership,0159990,Southside,8,Buckingham County
015,NA,9991,Home Educational Services,NA,NA,Public center - Alternative,NA,NA,NA,Non-Membership,0159991,Southside,8,Buckingham County
015,NA,9999,Homebased,NA,NA,Public center - Alternative,NA,NA,NA,Non-Membership,0159999,Southside,8,Buckingham County
015,NA,9998,Homebound,NA,NA,Public center - Alternative,NA,NA,NA,Non-Membership,0159998,Southside,8,Buckingham County
015,NA,8888,Special Situation Schools,NA,NA,Unknown,NA,NA,NA,Non-Membership,0158888,Southside,8,Buckingham County
015,NA,9992,Suspension Services,NA,NA,Public center - Alternative,NA,NA,NA,Non-Membership,0159992,Southside,8,Buckingham County
103,NA,9990,Community PK School,NA,NA,Public center - Alternative,NA,NA,NA,Non-Membership,1039990,Valley,5,Buena Vista City
103,510056000215,0040,Enderly Heights Elementary,02,05,Public school - Regular,Elementary,Buena Vista,24416,Membership,1030040,Valley,5,Buena Vista City
103,510056000216,0070,F.W. Kling Jr. Elementary,PK,01,Public school - Regular,Elementary,Buena Vista,24416,Membership,1030070,Valley,5,Buena Vista City
103,NA,9991,Home Educational Services,NA,NA,Public center - Alternative,NA,NA,NA,Non-Membership,1039991,Valley,5,Buena Vista City
103,NA,9999,Homebased,NA,NA,Public center - Alternative,NA,NA,NA,Non-Membership,1039999,Valley,5,Buena Vista City
103,NA,9998,Homebound,NA,NA,Public center - Alternative,NA,NA,NA,Non-Membership,1039998,Valley,5,Buena Vista City
103,510056000217,0062,Parry McCluer High,08,12,Public school - Regular,High,Buena Vista,24416,Membership,1030062,Valley,5,Buena Vista City
103,510056000218,0061,Parry McCluer Middle,06,07,Public school - Regular,Middle,Buena Vista,24416,Membership,1030061,Valley,5,Buena Vista City
103,NA,8888,Special Situation Schools,NA,NA,Unknown,NA,NA,NA,Non-Membership,1038888,Valley,5,Buena Vista City
103,NA,9992,Suspension Services,NA,NA,Public center - Alternative,NA,NA,NA,Non-Membership,1039992,Valley,5,Buena Vista City
016,510060000219,0560,Altavista Elementary,PK,05,Public school - Regular,Elementary,Altavista,24517,Membership,0160560,Valley,5,Campbell County
016,510060000220,0200,Altavista High,06,12,Public school - Regular,High,Altavista,24517,Membership,0160200,Valley,5,Campbell County
016,510060002834,0650,Brookneal Elementary,PK,05,Public school - Regular,Elementary,Brookneal,24528,Membership,0160650,Valley,5,Campbell County
016,510060000223,0720,Brookville High,09,12,Public school - Regular,High,Lynchburg,24502,Membership,0160720,Valley,5,Campbell County
016,510060000224,0020,Brookville Middle,06,08,Public school - Regular,Middle,Lynchburg,24502,Membership,0160020,Valley,5,Campbell County
016,510060000225,0030,Campbell County Technical Center,NA,NA,Public center - Career and Technical Ed.,NA,Rustburg,24588,Non-Membership,0160030,Valley,5,Campbell County
016,NA,9990,Community PK School,NA,NA,Public center - Alternative,NA,NA,NA,Non-Membership,0169990,Valley,5,Campbell County
016,510060000226,0130,Concord Elementary,PK,05,Public school - Regular,Elementary,Concord,24538,Membership,0160130,Valley,5,Campbell County
016,510060002332,0822,Cornerstone Learning Center,NA,NA,Public center - Alternative,NA,Rustburg,24588,Non-Membership,0160822,Valley,5,Campbell County
016,NA,9991,Home Educational Services,NA,NA,Public center - Alternative,NA,NA,NA,Non-Membership,0169991,Valley,5,Campbell County
016,NA,9999,Homebased,NA,NA,Public center - Alternative,NA,NA,NA,Non-Membership,0169999,Valley,5,Campbell County
016,NA,9998,Homebound,NA,NA,Public center - Alternative,NA,NA,NA,Non-Membership,0169998,Valley,5,Campbell County
016,510060000230,0690,Leesville Road Elementary,PK,05,Public school - Regular,Elementary,Lynchburg,24502,Membership,0160690,Valley,5,Campbell County
016,NA,9997,Local or Regional Jail,KG,12,Local or Regional Jail,Other,Rustburg,24588,Membership,0169997,Valley,5,Campbell County
016,510060002528,0821,Rustburg Elementary,PK,05,Public school - Regular,Elementary,Rustburg,24588,Membership,0160821,Valley,5,Campbell County
016,510060000231,0222,Rustburg High,09,12,Public school - Regular,High,Rustburg,24588,Membership,0160222,Valley,5,Campbell County
016,510060002771,0211,Rustburg Middle,06,08,Public school - Regular,Middle,Rustburg,24588,Membership,0160211,Valley,5,Campbell County
016,NA,8888,Special Situation Schools,NA,NA,Unknown,NA,NA,NA,Non-Membership,0168888,Valley,5,Campbell County
016,NA,9992,Suspension Services,NA,NA,Public center - Alternative,NA,NA,NA,Non-Membership,0169992,Valley,5,Campbell County
016,510060000232,0060,Tomahawk Elementary,PK,05,Public school - Regular,Elementary,Lynchburg,24502,Membership,0160060,Valley,5,Campbell County
016,510060000233,0542,William Campbell High,06,12,Public school - Regular,High,Naruna,24576,Membership,0160542,Valley,5,Campbell County
016,510060000234,0710,Yellow Branch Elementary,PK,05,Public school - Regular,Elementary,Rustburg,24588,Membership,0160710,Valley,5,Campbell County
017,510066000237,0620,Bowling Green Elementary,PK,05,Public school - Regular,Elementary,Milford,22514,Membership,0170620,Northern Neck,3,Caroline County
017,510066000238,0460,Caroline High,09,12,Public school - Regular,High,Milford,22514,Membership,0170460,Northern Neck,3,Caroline County
017,510066000051,0450,Caroline Middle,06,08,Public school - Regular,Middle,Milford,22514,Membership,0170450,Northern Neck,3,Caroline County
017,NA,9990,Community PK School,NA,NA,Public center - Alternative,NA,NA,NA,Non-Membership,0179990,Northern Neck,3,Caroline County
017,NA,9991,Home Educational Services,NA,NA,Public center - Alternative,NA,NA,NA,Non-Membership,0179991,Northern Neck,3,Caroline County
017,NA,9999,Homebased,NA,NA,Public center - Alternative,NA,NA,NA,Non-Membership,0179999,Northern Neck,3,Caroline County
017,NA,9998,Homebound,NA,NA,Public center - Alternative,NA,NA,NA,Non-Membership,0179998,Northern Neck,3,Caroline County
017,510066002784,9020,Lewis and Clark Elementary,PK,05,Public school - Regular,Elementary,Ruther Glen,22546,Membership,0179020,Northern Neck,3,Caroline County
017,NA,9997,Local or Regional Jail,KG,12,Local or Regional Jail,Other,Bowling Green,22427,Membership,0179997,Northern Neck,3,Caroline County
017,NA,0750,Lotus Academy,NA,NA,Public center - Alternative,NA,Ruther Glen,22546,Non-Membership,0170750,Northern Neck,3,Caroline County
017,510066000241,0630,Madison Elementary,PK,05,Public school - Regular,Elementary,Ruther Glen,22546,Membership,0170630,Northern Neck,3,Caroline County
017,NA,8888,Special Situation Schools,NA,NA,Unknown,NA,NA,NA,Non-Membership,0178888,Northern Neck,3,Caroline County
017,NA,9992,Suspension Services,NA,NA,Public center - Alternative,NA,NA,NA,Non-Membership,0179992,Northern Neck,3,Caroline County
018,510069002985,7313,Blue Ridge Crossroads Governor's Academy for Technical Education,NA,NA,Public center - Governor's STEM Academy,NA,Hillsville,24343,Non-Membership,0187313,Southwest,7,Carroll County
018,510069002489,1240,Carroll County Education Center,NA,NA,Public center - Alternative,NA,Hillsville,24343,Non-Membership,0181240,Southwest,7,Carroll County
018,510069000242,1230,Carroll County High,09,12,Public school - Regular,High,Hillsville,24343,Membership,0181230,Southwest,7,Carroll County
018,510069000257,0450,Carroll County Middle,06,08,Public school - Regular,Middle,Hillsville,24343,Membership,0180450,Southwest,7,Carroll County
018,NA,9990,Community PK School,NA,NA,Public center - Alternative,NA,NA,NA,Non-Membership,0189990,Southwest,7,Carroll County
018,510069000244,1180,Fancy Gap Elementary,PK,05,Public school - Regular,Elementary,Fancy Gap,24328,Membership,0181180,Southwest,7,Carroll County
018,510069000245,1150,Gladesboro Elementary,PK,05,Public school - Regular,Elementary,Hillsville,24343,Membership,0181150,Southwest,7,Carroll County
018,510069000246,1210,Gladeville Elementary,PK,05,Public school - Regular,Elementary,Galax,24333,Membership,0181210,Southwest,7,Carroll County
018,510069000247,1170,Hillsville Elementary,PK,05,Public school - Regular,Elementary,Hillsville,24343,Membership,0181170,Southwest,7,Carroll County
018,NA,9991,Home Educational Services,NA,NA,Public center - Alternative,NA,NA,NA,Non-Membership,0189991,Southwest,7,Carroll County
018,NA,9999,Homebased 9999,NA,NA,Public center - Alternative,NA,NA,NA,Non-Membership,0189999,Southwest,7,Carroll County
018,NA,9998,Homebound 9998,NA,NA,Public center - Alternative,NA,NA,NA,Non-Membership,0189998,Southwest,7,Carroll County
018,510069000250,1160,Laurel Elementary,PK,05,Public school - Regular,Elementary,Austinville,24312,Membership,0181160,Southwest,7,Carroll County
018,510069000253,1130,Oakland Elementary,PK,05,Public school - Regular,Elementary,Galax,24333,Membership,0181130,Southwest,7,Carroll County
018,NA,8888,Special Situation Schools,NA,NA,Unknown,NA,NA,NA,Non-Membership,0188888,Southwest,7,Carroll County
018,510069000254,1110,St. Paul,PK,07,Public school - Regular,Elementary,Cana,24317,Membership,0181110,Southwest,7,Carroll County
018,NA,9992,Suspension Services,NA,NA,Public center - Alternative,NA,NA,NA,Non-Membership,0189992,Southwest,7,Carroll County
019,510072000260,0080,Charles City County Elementary,PK,06,Public school - Regular,Elementary,Charles City,23030,Membership,0190080,Central Virginia,1,Charles City County
019,510072000258,0100,Charles City County High,07,12,Public school - Regular,High,Charles City,23030,Membership,0190100,Central Virginia,1,Charles City County
019,NA,9990,Community PK School,NA,NA,Public center - Alternative,NA,NA,NA,Non-Membership,0199990,Central Virginia,1,Charles City County
019,NA,9991,Home Educational Services,NA,NA,Public center - Alternative,NA,NA,NA,Non-Membership,0199991,Central Virginia,1,Charles City County
019,NA,9999,Homebased,NA,NA,Public center - Alternative,NA,NA,NA,Non-Membership,0199999,Central Virginia,1,Charles City County
019,NA,9998,Homebound,NA,NA,Public center - Alternative,NA,NA,NA,Non-Membership,0199998,Central Virginia,1,Charles City County
019,NA,8888,Special Situation Schools,NA,NA,Unknown,NA,NA,NA,Non-Membership,0198888,Central Virginia,1,Charles City County
019,NA,9992,Suspension Services,NA,NA,Public center - Alternative,NA,NA,NA,Non-Membership,0199992,Central Virginia,1,Charles City County
020,510075000262,0470,Bacon District Elementary,PK,05,Public school - Regular,Elementary,Saxe,23967,Membership,0200470,Southside,8,Charlotte County
020,510075000264,0210,Central Middle,06,08,Public school - Regular,Middle,Charlotte Court House,23923,Membership,0200210,Southside,8,Charlotte County
020,NA,9990,Community PK School,NA,NA,Public center - Alternative,NA,NA,NA,Non-Membership,0209990,Southside,8,Charlotte County
020,510075002005,0100,Eureka Elementary,PK,05,Public school - Regular,Elementary,Keysville,23947,Membership,0200100,Southside,8,Charlotte County
020,NA,9991,Home Educational Services,NA,NA,Public center - Alternative,NA,NA,NA,Non-Membership,0209991,Southside,8,Charlotte County
020,NA,9999,Homebased,NA,NA,Public center - Alternative,NA,NA,NA,Non-Membership,0209999,Southside,8,Charlotte County
020,NA,9998,Homebound,NA,NA,Public center - Alternative,NA,NA,NA,Non-Membership,0209998,Southside,8,Charlotte County
020,NA,9997,Local or Regional Jail,KG,12,Local or Regional Jail,Other,Charlotte CH,23923,Membership,0209997,Southside,8,Charlotte County
020,510075000267,0450,Phenix Elementary,PK,05,Public school - Regular,Elementary,Phenix,23959,Membership,0200450,Southside,8,Charlotte County
020,510075000270,0460,Randolph-Henry High,09,12,Public school - Regular,High,Charlotte C H,23923,Membership,0200460,Southside,8,Charlotte County
020,NA,8888,Special Situation Schools,NA,NA,Unknown,NA,NA,NA,Non-Membership,0208888,Southside,8,Charlotte County
020,NA,9992,Suspension Services,NA,NA,Public center - Alternative,NA,NA,NA,Non-Membership,0209992,Southside,8,Charlotte County
104,510078000273,0140,Charlottesville High,09,12,Public school - Regular,High,Charlottesville,22901,Membership,1040140,Valley,5,Charlottesville City
104,510078000271,0100,Charlottesville Middle,07,08,Public school - Regular,Middle,Charlottesville,22903,Membership,1040100,Valley,5,Charlottesville City
104,NA,9990,Community PK School,NA,NA,Public center - Alternative,NA,NA,NA,Non-Membership,1049990,Valley,5,Charlottesville City
104,510078000275,0090,Greenbrier Elementary,PK,04,Public school - Regular,Elementary,Charlottesville,22901,Membership,1040090,Valley,5,Charlottesville City
104,NA,9991,Home Educational Services,NA,NA,Public center - Alternative,NA,NA,NA,Non-Membership,1049991,Valley,5,Charlottesville City
104,NA,9999,Homebased,NA,NA,Public center - Alternative,NA,NA,NA,Non-Membership,1049999,Valley,5,Charlottesville City
104,NA,9998,Homebound,NA,NA,Public center - Alternative,NA,NA,NA,Non-Membership,1049998,Valley,5,Charlottesville City
104,510078000276,0120,Jackson-Via Elementary,PK,04,Public school - Regular,Elementary,Charlottesville,22903,Membership,1040120,Valley,5,Charlottesville City
104,510078002550,0242,Lugo-McGinness Academy,NA,NA,Public center - Alternative,NA,Charlottesville,22903,Non-Membership,1040242,Valley,5,Charlottesville City
104,NA,0244,Opportunity Alt Ed Ctr Feeding Site,NA,NA,SNP feeding site,NA,Charlottesville,22903,Non-Membership,1040244,Valley,5,Charlottesville City
104,NA,8888,Special Situation Schools,NA,NA,Unknown,NA,NA,NA,Non-Membership,1048888,Valley,5,Charlottesville City
104,510078002110,0050,Summit Elementary,PK,04,Public school - Regular,Elementary,Charlottesville,22902,Membership,1040050,Valley,5,Charlottesville City
104,510078000272,0070,Sunrise Elementary,PK,04,Public school - Regular,Elementary,Charlottesville,22901,Membership,1040070,Valley,5,Charlottesville City
104,NA,9992,Suspension Services,NA,NA,Public center - Alternative,NA,NA,NA,Non-Membership,1049992,Valley,5,Charlottesville City
104,510078000266,0010,Tall Oaks Elementary,PK,04,Public school - Regular,Elementary,Charlottesville,22903,Membership,1040010,Valley,5,Charlottesville City
104,510078002143,0040,Trailblazer Elementary,PK,04,Public school - Regular,Elementary,Charlottesville,22903,Membership,1040040,Valley,5,Charlottesville City
104,NA,8477,UVA Lab School Innovation Hub,NA,NA,Public center - Lab,NA,Charlottesville,22903,Non-Membership,1048477,Valley,5,Charlottesville City
104,510078000279,0110,Walker Upper Elementary,05,06,Public school - Regular,Middle,Charlottesville,22903,Membership,1040110,Valley,5,Charlottesville City
136,NA,0035,B.M. Williams Elementary,PK,05,Public school - Regular,Elementary,Chesapeake,23320,Membership,1360035,Tidewater,2,Chesapeake City
136,510081000457,0860,Butts Road Intermediate,03,05,Public school - Regular,Elementary,Chesapeake,23322,Membership,1360860,Tidewater,2,Chesapeake City
136,510081000281,0770,Butts Road Primary,PK,02,Public school - Regular,Elementary,Chesapeake,23322,Membership,1360770,Tidewater,2,Chesapeake City
136,510081000282,0090,Camelot Elementary,PK,05,Public school - Regular,Elementary,Chesapeake,23323,Membership,1360090,Tidewater,2,Chesapeake City
136,510081001483,0900,Cedar Road Elementary,PK,05,Public school - Regular,Elementary,Chesapeake,23322,Membership,1360900,Tidewater,2,Chesapeake City
136,510081000285,0780,Chesapeake Career Center,NA,NA,Public center - Career and Technical Ed.,NA,Chesapeake,23322,Non-Membership,1360780,Tidewater,2,Chesapeake City
136,510081002222,0130,Chesapeake Center for Student Success,NA,NA,Public center - Alternative,NA,Chesapeake,23325,Non-Membership,1360130,Tidewater,2,Chesapeake City
136,NA,0975,Chesapeake SECEP Center,NA,NA,SNP feeding site,NA,Chesapeake,23323,Non-Membership,1360975,Tidewater,2,Chesapeake City
136,NA,0970,Chesapeake Virtual Academy,NA,NA,Public center - Virtual,NA,Chesapeake,23320,Non-Membership,1360970,Tidewater,2,Chesapeake City
136,NA,9990,Community PK School,NA,NA,Public center - Alternative,NA,NA,NA,Non-Membership,1369990,Tidewater,2,Chesapeake City
136,NA,0045,Crestwood Elementary School,PK,05,Public school - Regular,Elementary,Chesapeake,23320,Membership,1360045,Tidewater,2,Chesapeake City
136,510081000287,0560,Crestwood Middle,06,08,Public school - Regular,Middle,Chesapeake,23320,Membership,1360560,Tidewater,2,Chesapeake City
136,510081002223,0660,Deep Creek Central Elementary,PK,05,Public school - Regular,Elementary,Chesapeake,23323,Membership,1360660,Tidewater,2,Chesapeake City
136,510081000288,0210,Deep Creek Elementary,PK,05,Public school - Regular,Elementary,Chesapeake,23323,Membership,1360210,Tidewater,2,Chesapeake City
136,510081001832,0100,Deep Creek High,09,12,Public school - Regular,High,Chesapeake,23323,Membership,1360100,Tidewater,2,Chesapeake City
136,510081000289,0610,Deep Creek Middle,06,08,Public school - Regular,Middle,Chesapeake,23323,Membership,1360610,Tidewater,2,Chesapeake City
136,510081000291,0640,Edwin W. Chittum Elementary,PK,05,Public school - Regular,Elementary,Chesapeake,23321,Membership,1360640,Tidewater,2,Chesapeake City
136,510081000292,0720,G.A. Treakle Elementary,PK,05,Public school - Regular,Elementary,Chesapeake,23323,Membership,1360720,Tidewater,2,Chesapeake City
136,510081000293,0050,George W. Carver Intermediate,03,05,Public school - Regular,Elementary,Chesapeake,23324,Membership,1360050,Tidewater,2,Chesapeake City
136,510081000294,0820,Georgetown Primary,PK,03,Public school - Regular,Elementary,Chesapeake,23325,Membership,1360820,Tidewater,2,Chesapeake City
136,510081002432,0950,Grassfield Elementary,PK,05,Public school - Regular,Elementary,Chesapeake,23323,Membership,1360950,Tidewater,2,Chesapeake City
136,510081002765,0960,Grassfield High,09,12,Public school - Regular,High,Chesapeake,23323,Membership,1360960,Tidewater,2,Chesapeake City
136,510081002998,0965,Grassfield High School Governor's STEM Academy,NA,NA,Public center - Governor's STEM Academy,NA,Chesapeake,23323,Non-Membership,1360965,Tidewater,2,Chesapeake City
136,510081002031,0120,Great Bridge High,09,12,Public school - Regular,High,Chesapeake,23322,Membership,1360120,Tidewater,2,Chesapeake City
136,510081000456,0850,Great Bridge Intermediate,03,05,Public school - Regular,Elementary,Chesapeake,23322,Membership,1360850,Tidewater,2,Chesapeake City
136,510081000296,0590,Great Bridge Middle,06,08,Public school - Regular,Middle,Chesapeake,23322,Membership,1360590,Tidewater,2,Chesapeake City
136,510081000295,0680,Great Bridge Primary,PK,02,Public school - Regular,Elementary,Chesapeake,23322,Membership,1360680,Tidewater,2,Chesapeake City
136,510081000459,0870,Greenbrier Intermediate,03,05,Public school - Regular,Elementary,Chesapeake,23320,Membership,1360870,Tidewater,2,Chesapeake City
136,510081002557,0972,Greenbrier Middle,06,08,Public school - Regular,Middle,Chesapeake,23320,Membership,1360972,Tidewater,2,Chesapeake City
136,510081002054,0140,Greenbrier Primary,PK,02,Public school - Regular,Elementary,Chesapeake,23320,Membership,1360140,Tidewater,2,Chesapeake City
136,510081000298,0340,Hickory Elementary,PK,05,Public school - Regular,Elementary,Chesapeake,23322,Membership,1360340,Tidewater,2,Chesapeake City
136,510081001482,0890,Hickory High,09,12,Public school - Regular,High,Chesapeake,23322,Membership,1360890,Tidewater,2,Chesapeake City
136,510081000297,0280,Hickory Middle,06,08,Public school - Regular,Middle,Chesapeake,23322,Membership,1360280,Tidewater,2,Chesapeake City
136,NA,9991,Home Educational Services,NA,NA,Public center - Alternative,NA,NA,NA,Non-Membership,1369991,Tidewater,2,Chesapeake City
136,NA,9999,Homebased,NA,NA,Public center - Alternative,NA,NA,NA,Non-Membership,1369999,Tidewater,2,Chesapeake City
136,NA,9998,Homebound,NA,NA,Public center - Alternative,NA,NA,NA,Non-Membership,1369998,Tidewater,2,Chesapeake City
136,510081001672,0920,Hugo A. Owens Middle,06,08,Public school - Regular,Middle,Chesapeake,23323,Membership,1360920,Tidewater,2,Chesapeake City
136,510081000299,0830,Indian River High,09,12,Public school - Regular,High,Chesapeake,23325,Membership,1360830,Tidewater,2,Chesapeake City
136,510081000300,0710,Indian River Middle,06,08,Public school - Regular,Middle,Chesapeake,23325,Membership,1360710,Tidewater,2,Chesapeake City
136,NA,0974,Indian River Middle Annex,NA,NA,Annex to a public school,NA,Chesapeake,23325,Non-Membership,1360974,Tidewater,2,Chesapeake City
136,510081001954,0973,Jolliff Middle,06,08,Public school - Regular,Middle,Chesapeake,23321,Membership,1360973,Tidewater,2,Chesapeake City
136,NA,9997,Local or Regional Jail,KG,12,Local or Regional Jail,Other,Chesapeake,23224,Membership,1369997,Tidewater,2,Chesapeake City
136,510081000302,0160,Norfolk Highlands Primary,PK,03,Public school - Regular,Elementary,Chesapeake,23325,Membership,1360160,Tidewater,2,Chesapeake City
136,510081000303,0080,Oscar F. Smith High,09,12,Public school - Regular,High,Chesapeake,23320,Membership,1360080,Tidewater,2,Chesapeake City
136,510081000310,0010,Oscar Smith Middle,06,08,Public school - Regular,Middle,Chesapeake,23324,Membership,1360010,Tidewater,2,Chesapeake City
136,510081000305,0730,Portlock Primary,PK,02,Public school - Regular,Elementary,Chesapeake,23324,Membership,1360730,Tidewater,2,Chesapeake City
136,510081000306,0200,Rena B. Wright Primary,PK,02,Public school - Regular,Elementary,Chesapeake,23324,Membership,1360200,Tidewater,2,Chesapeake City
136,NA,1100,Smith Tech School of Computer Science Innovation and Design,NA,NA,Public center - Lab,NA,Chesapeake,23324,Non-Membership,1361100,Tidewater,2,Chesapeake City
136,510081000307,0620,Southeastern Elementary,PK,05,Public school - Regular,Elementary,Chesapeake,23322,Membership,1360620,Tidewater,2,Chesapeake City
136,510081000308,0600,Southwestern Elementary,PK,05,Public school - Regular,Elementary,Chesapeake,23322,Membership,1360600,Tidewater,2,Chesapeake City
136,510081000309,0750,Sparrow Road Intermediate,04,05,Public school - Regular,Elementary,Chesapeake,23325,Membership,1360750,Tidewater,2,Chesapeake City
136,NA,8888,Special Situation Schools,NA,NA,Unknown,NA,NA,NA,Non-Membership,1368888,Tidewater,2,Chesapeake City
136,NA,9992,Suspension Services,NA,NA,Public center - Alternative,NA,NA,NA,Non-Membership,1369992,Tidewater,2,Chesapeake City
136,510081000304,0040,Thurgood Marshall Elementary,PK,05,Public school - Regular,Elementary,Chesapeake,23324,Membership,1360040,Tidewater,2,Chesapeake City
136,510081001899,0971,Truitt Intermediate,03,05,Public school - Regular,Elementary,Chesapeake,23324,Membership,1360971,Tidewater,2,Chesapeake City
136,510081000312,0840,Western Branch High,09,12,Public school - Regular,High,Chesapeake,23321,Membership,1360840,Tidewater,2,Chesapeake City
136,510081000311,0810,Western Branch Intermediate,03,05,Public school - Regular,Elementary,Chesapeake,23321,Membership,1360810,Tidewater,2,Chesapeake City
136,510081000313,0740,Western Branch Middle,06,08,Public school - Regular,Middle,Chesapeake,23321,Membership,1360740,Tidewater,2,Chesapeake City
136,510081001910,0110,Western Branch Primary,PK,02,Public school - Regular,Elementary,Chesapeake,23321,Membership,1360110,Tidewater,2,Chesapeake City
021,510084000314,0620,A.M. Davis Elementary,PK,05,Public school - Regular,Elementary,North Chesterfield,23236,Membership,0210620,Central Virginia,1,Chesterfield County
021,510084002983,0930,Academy 360,NA,NA,Public center - Alternative,NA,Chesterfield,23832,Non-Membership,0210930,Central Virginia,1,Chesterfield County
021,510084000462,0861,Alberta Smith Elementary,PK,05,Public school - Regular,Elementary,Midlothian,23112,Membership,0210861,Central Virginia,1,Chesterfield County
021,510084000053,0631,Bailey Bridge Middle,06,08,Public school - Regular,Middle,Midlothian,23112,Membership,0210631,Central Virginia,1,Chesterfield County
021,510084000315,0660,Bellwood Elementary,PK,05,Public school - Regular,Elementary,North Chesterfield,23237,Membership,0210660,Central Virginia,1,Chesterfield County
021,510084000316,0430,Bensley Elementary,PK,05,Public school - Regular,Elementary,North Chesterfield,23234,Membership,0210430,Central Virginia,1,Chesterfield County
021,510084000762,0510,Bettie Weaver Elementary,PK,05,Public school - Regular,Elementary,Midlothian,23113,Membership,0210510,Central Virginia,1,Chesterfield County
021,510084000317,0130,Beulah Elementary,PK,05,Public school - Regular,Elementary,North Chesterfield,23237,Membership,0210130,Central Virginia,1,Chesterfield County
021,510084000318,0020,Bon Air Elementary,PK,05,Public school - Regular,Elementary,Bon Air,23235,Membership,0210020,Central Virginia,1,Chesterfield County
021,510084000319,0050,C.C. Wells Elementary,PK,05,Public school - Regular,Elementary,Chester,23831,Membership,0210050,Central Virginia,1,Chesterfield County
021,510084000320,0492,C.E. Curtis Elementary,PK,05,Public school - Regular,Elementary,Chester,23831,Membership,0210492,Central Virginia,1,Chesterfield County
021,510084003040,0891,CCPS Online,NA,NA,Public center - Virtual,NA,Midlothian,23112,Non-Membership,0210891,Central Virginia,1,Chesterfield County
021,510084001605,0030,Carver College and Career Academy,09,12,Public school - Alternative,High,Chester,23831,Membership,0210030,Central Virginia,1,Chesterfield County
021,510084000321,0420,Carver Middle,06,08,Public school - Regular,Middle,Chester,23831,Membership,0210420,Central Virginia,1,Chesterfield County
021,510084003085,0033,Chester Early Childhood Learning Academy,PK,PK,Public school - Preschool,Prekindergarten,Chester,23831,Membership,0210033,Central Virginia,1,Chesterfield County
021,510084002972,0089,Chesterfield Career & Technical Center at Hull,NA,NA,Public center - Career and Technical Ed.,NA,Midlothian,23112,Non-Membership,0210089,Central Virginia,1,Chesterfield County
021,510084000323,0140,Chesterfield Career and Technical Center at Courthouse,NA,NA,Public center - Career and Technical Ed.,NA,Chesterfield,23832,Non-Membership,0210140,Central Virginia,1,Chesterfield County
021,510084003013,0990,Chesterfield Co Governor's Health/Science Academy,NA,NA,Public center - Governor's Health Academy,NA,Midlothian,23112,Non-Membership,0210990,Central Virginia,1,Chesterfield County
021,510084003108,0325,Chesterfield Recovery Academy,NA,NA,Public center - Alternative,NA,Midlothian,23112,Non-Membership,0210325,Central Virginia,1,Chesterfield County
021,510084003097,0093,Chesterfield Virtual School,KG,08,Public school - Virtual,Elementary,Chesterfield,23832,Membership,0210093,Central Virginia,1,Chesterfield County
021,510084002055,0150,Clover Hill Elementary,PK,05,Public school - Regular,Elementary,Midlothian,23112,Membership,0210150,Central Virginia,1,Chesterfield County
021,510084000324,0740,Clover Hill High,09,12,Public school - Regular,High,Midlothian,23112,Membership,0210740,Central Virginia,1,Chesterfield County
021,NA,9990,Community PK School,NA,NA,Public center - Alternative,NA,NA,NA,Non-Membership,0219990,Central Virginia,1,Chesterfield County
021,510084002661,0840,Cosby High,09,12,Public school - Regular,High,Midlothian,23112,Membership,0210840,Central Virginia,1,Chesterfield County
021,510084000325,0560,Crestwood Elementary,PK,05,Public school - Regular,Elementary,Richmond,23225,Membership,0210560,Central Virginia,1,Chesterfield County
021,510084003146,0094,Deep Creek Middle,06,08,Public school - Regular,Middle,Moseley,23120,Membership,0210094,Central Virginia,1,Chesterfield County
021,510084002177,0480,Ecoff Elementary,PK,05,Public school - Regular,Elementary,Chester,23831,Membership,0210480,Central Virginia,1,Chesterfield County
021,510084002767,0870,Elizabeth Davis Middle,06,08,Public school - Regular,Middle,Chester,23836,Membership,0210870,Central Virginia,1,Chesterfield County
021,510084002779,0850,Elizabeth Scott Elementary,PK,05,Public school - Regular,Elementary,Chester,23836,Membership,0210850,Central Virginia,1,Chesterfield County
021,510084000326,0390,Enon Elementary,PK,05,Public school - Regular,Elementary,Chester,23836,Membership,0210390,Central Virginia,1,Chesterfield County
021,510084000327,0350,Ettrick Elementary,PK,05,Public school - Regular,Elementary,South Chesterfield,23803,Membership,0210350,Central Virginia,1,Chesterfield County
021,510084002097,0300,Evergreen Elementary,PK,05,Public school - Regular,Elementary,Midlothian,23114,Membership,0210300,Central Virginia,1,Chesterfield County
021,510084000328,0590,Falling Creek Elementary,PK,05,Public school - Regular,Elementary,North Chesterfield,23234,Membership,0210590,Central Virginia,1,Chesterfield County
021,510084000329,0670,Falling Creek Middle,06,08,Public school - Regular,Middle,North Chesterfield,23234,Membership,0210670,Central Virginia,1,Chesterfield County
021,510084002990,0980,Governor's Career and Technical Academy for Engineering Studies,NA,NA,Public center - Governor's STEM Academy,NA,Chesterfield,23832,Non-Membership,0210980,Central Virginia,1,Chesterfield County
021,510084000330,0180,Grange Hall Elementary,PK,05,Public school - Regular,Elementary,Moseley,23120,Membership,0210180,Central Virginia,1,Chesterfield County
021,510084000331,0070,Greenfield Elementary,PK,05,Public school - Regular,Elementary,North Chesterfield,23235,Membership,0210070,Central Virginia,1,Chesterfield County
021,510084000332,0460,Harrowgate Elementary,PK,05,Public school - Regular,Elementary,Chester,23831,Membership,0210460,Central Virginia,1,Chesterfield County
021,NA,9991,Home Educational Services,NA,NA,Public center - Alternative,NA,NA,NA,Non-Membership,0219991,Central Virginia,1,Chesterfield County
021,NA,9999,Homebased,NA,NA,Public center - Alternative,NA,NA,NA,Non-Membership,0219999,Central Virginia,1,Chesterfield County
021,NA,9998,Homebound,NA,NA,Public center - Alternative,NA,NA,NA,Non-Membership,0219998,Central Virginia,1,Chesterfield County
021,510084000333,0060,Hopkins Road Elementary,PK,05,Public school - Regular,Elementary,North Chesterfield,23234,Membership,0210060,Central Virginia,1,Chesterfield County
021,510084000334,0550,J.A. Chalkley Elementary,PK,05,Public school - Regular,Elementary,Chesterfield,23832,Membership,0210550,Central Virginia,1,Chesterfield County
021,510084000335,0650,J.B. Watkins Elementary,PK,05,Public school - Regular,Elementary,Midlothian,23114,Membership,0210650,Central Virginia,1,Chesterfield County
021,510084000336,0500,J.G. Hening Elementary,PK,05,Public school - Regular,Elementary,North Chesterfield,23234,Membership,0210500,Central Virginia,1,Chesterfield County
021,510084002098,0400,Jacobs Road Elementary,PK,05,Public school - Regular,Elementary,Chesterfield,23832,Membership,0210400,Central Virginia,1,Chesterfield County
021,510084000766,0770,James River High,09,12,Public school - Regular,High,Midlothian,23113,Membership,0210770,Central Virginia,1,Chesterfield County
021,510084000337,0010,Lloyd C. Bird High,09,12,Public school - Regular,High,Chesterfield,23832,Membership,0210010,Central Virginia,1,Chesterfield County
021,NA,9997,Local or Regional Jail,KG,12,Local or Regional Jail,Other,Chesterfield,23832,Membership,0219997,Central Virginia,1,Chesterfield County
021,510084000056,0632,Manchester High,09,12,Public school - Regular,High,Midlothian,23112,Membership,0210632,Central Virginia,1,Chesterfield County
021,510084000338,0600,Manchester Middle,06,08,Public school - Regular,Middle,North Chesterfield,23235,Membership,0210600,Central Virginia,1,Chesterfield County
021,510084001086,0780,Marguerite F. Christian Elementary,PK,05,Public school - Regular,Elementary,South Chesterfield,23834,Membership,0210780,Central Virginia,1,Chesterfield County
021,510084000339,0370,Matoaca Elementary,PK,05,Public school - Regular,Elementary,South Chesterfield,23803,Membership,0210370,Central Virginia,1,Chesterfield County
021,510084000340,0530,Matoaca High,09,12,Public school - Regular,High,Chesterfield,23838,Membership,0210530,Central Virginia,1,Chesterfield County
021,510084000341,0110,Matoaca Middle,06,08,Public school - Regular,Middle,South Chesterfield,23803,Membership,0210110,Central Virginia,1,Chesterfield County
021,510084000342,0580,Meadowbrook High,09,12,Public school - Regular,High,North Chesterfield,23234,Membership,0210580,Central Virginia,1,Chesterfield County
021,510084002006,0320,Midlothian High,09,12,Public school - Regular,High,Midlothian,23114,Membership,0210320,Central Virginia,1,Chesterfield County
021,510084000343,0040,Midlothian Middle,06,08,Public school - Regular,Middle,Midlothian,23113,Membership,0210040,Central Virginia,1,Chesterfield County
021,510084001833,0280,Monacan High,09,12,Public school - Regular,High,North Chesterfield,23236,Membership,0210280,Central Virginia,1,Chesterfield County
021,510084003092,0092,Moseley Elementary,PK,05,Public school - Regular,Elementary,Moseley,23120,Membership,0210092,Central Virginia,1,Chesterfield County
021,NA,0999,Night School at Community High,NA,NA,Public center - Division Defined,NA,Chester,23831,Non-Membership,0210999,Central Virginia,1,Chesterfield County
021,510084001989,0360,O.B. Gates Elementary,PK,05,Public school - Regular,Elementary,Chesterfield,23832,Membership,0210360,Central Virginia,1,Chesterfield County
021,510084003066,0090,Old Hundred Elementary,KG,05,Public school - Regular,Elementary,Midlothian,23114,Membership,0210090,Central Virginia,1,Chesterfield County
021,510084003041,0141,Phoenix Center,NA,NA,Public center - Alternative,NA,Chesterfield,23832,Non-Membership,0210141,Central Virginia,1,Chesterfield County
021,510084002056,0380,Providence Elementary,PK,05,Public school - Regular,Elementary,North Chesterfield,23236,Membership,0210380,Central Virginia,1,Chesterfield County
021,510084000344,0690,Providence Middle,06,08,Public school - Regular,Middle,North Chesterfield,23235,Membership,0210690,Central Virginia,1,Chesterfield County
021,510084000345,0700,Reams Road Elementary,PK,05,Public school - Regular,Elementary,North Chesterfield,23236,Membership,0210700,Central Virginia,1,Chesterfield County
021,510084000346,0730,Robious Elementary,PK,05,Public school - Regular,Elementary,Midlothian,23113,Membership,0210730,Central Virginia,1,Chesterfield County
021,510084000347,0760,Robious Middle,06,08,Public school - Regular,Middle,Midlothian,23113,Membership,0210760,Central Virginia,1,Chesterfield County
021,510084000348,0720,Salem Church Elementary,PK,05,Public school - Regular,Elementary,North Chesterfield,23237,Membership,0210720,Central Virginia,1,Chesterfield County
021,510084000349,0722,Salem Church Middle,06,08,Public school - Regular,Middle,North Chesterfield,23237,Membership,0210722,Central Virginia,1,Chesterfield County
021,NA,8888,Special Situation Schools,NA,NA,Unknown,NA,NA,NA,Non-Membership,0218888,Central Virginia,1,Chesterfield County
021,510084001903,0800,Spring Run Elementary,PK,05,Public school - Regular,Elementary,Midlothian,23112,Membership,0210800,Central Virginia,1,Chesterfield County
021,NA,9992,Suspension Services,NA,NA,Public center - Alternative,NA,NA,NA,Non-Membership,0219992,Central Virginia,1,Chesterfield County
021,510084001990,0340,Swift Creek Elementary,PK,05,Public school - Regular,Elementary,Midlothian,23112,Membership,0210340,Central Virginia,1,Chesterfield County
021,510084001834,0270,Swift Creek Middle,06,08,Public school - Regular,Middle,Midlothian,23112,Membership,0210270,Central Virginia,1,Chesterfield County
021,510084002099,0410,Thelma Crenshaw Elementary,PK,05,Public school - Regular,Elementary,Midlothian,23112,Membership,0210410,Central Virginia,1,Chesterfield County
021,510084000350,0610,Thomas Dale High,09,12,Public school - Regular,High,Chester,23831,Membership,0210610,Central Virginia,1,Chesterfield County
021,510084002754,0880,Tomahawk Creek Middle,06,08,Public school - Regular,Middle,Midlothian,23114,Membership,0210880,Central Virginia,1,Chesterfield County
021,510084001835,0290,W.W. Gordon Elementary,PK,05,Public school - Regular,Elementary,North Chesterfield,23236,Membership,0210290,Central Virginia,1,Chesterfield County
021,510084002780,0860,Winterpock Elementary,PK,05,Public school - Regular,Elementary,Chesterfield,23832,Membership,0210860,Central Virginia,1,Chesterfield County
021,510084002176,0440,Woolridge Elementary,PK,05,Public school - Regular,Elementary,Midlothian,23112,Membership,0210440,Central Virginia,1,Chesterfield County
022,510087000352,0250,Boyce Elementary,PK,05,Public school - Regular,Elementary,Boyce,22620,Membership,0220250,Northern Virginia,4,Clarke County
022,510087002100,0010,Clarke County High,09,12,Public school - Regular,High,Berryville,22611,Membership,0220010,Northern Virginia,4,Clarke County
022,NA,9990,Community PK School,NA,NA,Public center - Alternative,NA,NA,NA,Non-Membership,0229990,Northern Virginia,4,Clarke County
022,510087000354,0290,D.G. Cooley Elementary,PK,05,Public school - Regular,Elementary,Berryville,22611,Membership,0220290,Northern Virginia,4,Clarke County
022,NA,9991,Home Educational Services,NA,NA,Public center - Alternative,NA,NA,NA,Non-Membership,0229991,Northern Virginia,4,Clarke County
022,NA,9999,Homebased,NA,NA,Public center - Alternative,NA,NA,NA,Non-Membership,0229999,Northern Virginia,4,Clarke County
022,NA,9998,Homebound,NA,NA,Public center - Alternative,NA,NA,NA,Non-Membership,0229998,Northern Virginia,4,Clarke County
022,510087000353,0280,Johnson-Williams Middle,06,08,Public school - Regular,Middle,Berryville,22611,Membership,0220280,Northern Virginia,4,Clarke County
022,NA,8888,Special Situation Schools,NA,NA,Unknown,NA,NA,NA,Non-Membership,0228888,Northern Virginia,4,Clarke County
022,NA,9992,Suspension Services,NA,NA,Public center - Alternative,NA,NA,NA,Non-Membership,0229992,Northern Virginia,4,Clarke County
202,510093001956,0022,Colonial Beach Elementary,PK,07,Public school - Regular,Elementary,Colonial Beach,22443,Membership,2020022,Northern Neck,3,Colonial Beach
202,510093001957,0021,Colonial Beach High,08,12,Public school - Regular,High,Colonial Beach,22443,Membership,2020021,Northern Neck,3,Colonial Beach
202,NA,9990,Community PK School,NA,NA,Public center - Alternative,NA,NA,NA,Non-Membership,2029990,Northern Neck,3,Colonial Beach
202,NA,9991,Home Educational Services,NA,NA,Public center - Alternative,NA,NA,NA,Non-Membership,2029991,Northern Neck,3,Colonial Beach
202,NA,9999,Homebased,NA,NA,Public center - Alternative,NA,NA,NA,Non-Membership,2029999,Northern Neck,3,Colonial Beach
202,NA,9998,Homebound,NA,NA,Public center - Alternative,NA,NA,NA,Non-Membership,2029998,Northern Neck,3,Colonial Beach
202,NA,8888,Special Situation Schools,NA,NA,Unknown,NA,NA,NA,Non-Membership,2028888,Northern Neck,3,Colonial Beach
202,NA,9992,Suspension Services,NA,NA,Public center - Alternative,NA,NA,NA,Non-Membership,2029992,Northern Neck,3,Colonial Beach
106,510096000361,0040,Colonial Heights High,09,12,Public school - Regular,High,Colonial Heights,23834,Membership,1060040,Central Virginia,1,Colonial Heights City
106,510096000362,0020,Colonial Heights Middle,06,08,Public school - Regular,Middle,Colonial Heights,23834,Membership,1060020,Central Virginia,1,Colonial Heights City
106,510096002941,0161,Colonial Heights Technical Center,NA,NA,Public center - Career and Technical Ed.,NA,Colonial Heights,23834,Non-Membership,1060161,Central Virginia,1,Colonial Heights City
106,NA,9990,Community PK School,NA,NA,Public center - Alternative,NA,NA,NA,Non-Membership,1069990,Central Virginia,1,Colonial Heights City
106,NA,9991,Home Educational Services,NA,NA,Public center - Alternative,NA,NA,NA,Non-Membership,1069991,Central Virginia,1,Colonial Heights City
106,NA,9999,Homebased,NA,NA,Public center - Alternative,NA,NA,NA,Non-Membership,1069999,Central Virginia,1,Colonial Heights City
106,NA,9998,Homebound,NA,NA,Public center - Alternative,NA,NA,NA,Non-Membership,1069998,Central Virginia,1,Colonial Heights City
106,510096000364,0050,Lakeview Elementary,PK,05,Public school - Regular,Elementary,Colonial Heights,23834,Membership,1060050,Central Virginia,1,Colonial Heights City
106,510096000365,0030,North Elementary,PK,05,Public school - Regular,Elementary,Colonial Heights,23834,Membership,1060030,Central Virginia,1,Colonial Heights City
106,NA,8888,Special Situation Schools,NA,NA,Unknown,NA,NA,NA,Non-Membership,1068888,Central Virginia,1,Colonial Heights City
106,NA,9992,Suspension Services,NA,NA,Public center - Alternative,NA,NA,NA,Non-Membership,1069992,Central Virginia,1,Colonial Heights City
106,510096000366,0060,Tussing Elementary,PK,05,Public school - Regular,Elementary,Colonial Heights,23834,Membership,1060060,Central Virginia,1,Colonial Heights City
023,NA,9990,Community PK School,NA,NA,Public center - Alternative,NA,NA,NA,Non-Membership,0239990,Western Virginia,6,Craig County
023,510102002111,0011,Craig County High,06,12,Public school - Regular,High,New Castle,24127,Membership,0230011,Western Virginia,6,Craig County
023,NA,9991,Home Educational Services,NA,NA,Public center - Alternative,NA,NA,NA,Non-Membership,0239991,Western Virginia,6,Craig County
023,NA,9999,Homebased,NA,NA,Public center - Alternative,NA,NA,NA,Non-Membership,0239999,Western Virginia,6,Craig County
023,NA,9998,Homebound,NA,NA,Public center - Alternative,NA,NA,NA,Non-Membership,0239998,Western Virginia,6,Craig County
023,510102000372,0010,McCleary Elementary,PK,05,Public school - Regular,Elementary,New Castle,24127,Membership,0230010,Western Virginia,6,Craig County
023,NA,8888,Special Situation Schools,NA,NA,Unknown,NA,NA,NA,Non-Membership,0238888,Western Virginia,6,Craig County
023,NA,9992,Suspension Services,NA,NA,Public center - Alternative,NA,NA,NA,Non-Membership,0239992,Western Virginia,6,Craig County
024,510105000374,0240,A.G. Richardson Elementary,PK,05,Public school - Regular,Elementary,Culpeper,22701,Membership,0240240,Northern Virginia,4,Culpeper County
024,NA,9990,Community PK School,NA,NA,Public center - Alternative,NA,NA,NA,Non-Membership,0249990,Northern Virginia,4,Culpeper County
024,510105000376,0480,Culpeper County High,09,12,Public school - Regular,High,Culpeper,22701,Membership,0240480,Northern Virginia,4,Culpeper County
024,510105000377,0020,Culpeper Middle,06,08,Public school - Regular,Middle,Culpeper,22701,Membership,0240020,Northern Virginia,4,Culpeper County
024,NA,0912,Culpeper Technical Education Center,NA,NA,Public center - Career and Technical Ed.,NA,Culpeper,22701,Non-Membership,0240912,Northern Virginia,4,Culpeper County
024,510105002758,0050,Eastern View High,09,12,Public school - Regular,High,Culpeper,22701,Membership,0240050,Northern Virginia,4,Culpeper County
024,510105001612,0450,Emerald Hill Elementary,PK,05,Public school - Regular,Elementary,Culpeper,22701,Membership,0240450,Northern Virginia,4,Culpeper County
024,510105000378,0470,Farmington Elementary,PK,05,Public school - Regular,Elementary,Culpeper,22701,Membership,0240470,Northern Virginia,4,Culpeper County
024,510105001958,0581,Floyd T. Binns Middle,06,08,Public school - Regular,Middle,Culpeper,22701,Membership,0240581,Northern Virginia,4,Culpeper County
024,510105001959,0582,Galbreath-Marshall Building,NA,NA,Public center - Division Defined,NA,Culpeper,22701,Non-Membership,0240582,Northern Virginia,4,Culpeper County
024,NA,9991,Home Educational Services,NA,NA,Public center - Alternative,NA,NA,NA,Non-Membership,0249991,Northern Virginia,4,Culpeper County
024,NA,9999,Homebased,NA,NA,Public center - Alternative,NA,NA,NA,Non-Membership,0249999,Northern Virginia,4,Culpeper County
024,NA,9998,Homebound,NA,NA,Public center - Alternative,NA,NA,NA,Non-Membership,0249998,Northern Virginia,4,Culpeper County
024,NA,9997,Local or Regional Jail,06,12,Local or Regional Jail,High,Culpeper,22701,Membership,0249997,Northern Virginia,4,Culpeper County
024,510105000380,0010,Pearl Sample Elementary,PK,05,Public school - Regular,Elementary,Culpeper,22701,Membership,0240010,Northern Virginia,4,Culpeper County
024,NA,0916,Phoenix Alternative Education Program,NA,NA,Public center - Alternative,NA,Culpeper,22701,Non-Membership,0240916,Northern Virginia,4,Culpeper County
024,NA,8888,Special Situation Schools,NA,NA,Unknown,NA,NA,NA,Non-Membership,0248888,Northern Virginia,4,Culpeper County
024,NA,9992,Suspension Services,NA,NA,Public center - Alternative,NA,NA,NA,Non-Membership,0249992,Northern Virginia,4,Culpeper County
024,510105000382,0460,Sycamore Park Elementary,PK,05,Public school - Regular,Elementary,Culpeper,22701,Membership,0240460,Northern Virginia,4,Culpeper County
024,510105002748,0040,Yowell Elementary,PK,05,Public school - Regular,Elementary,Culpeper,22701,Membership,0240040,Northern Virginia,4,Culpeper County
025,NA,9990,Community PK School,NA,NA,Public center - Alternative,NA,NA,NA,Non-Membership,0259990,Southside,8,Cumberland County
025,510108000383,0140,Cumberland Elementary,PK,04,Public school - Regular,Elementary,Cumberland,23040,Membership,0250140,Southside,8,Cumberland County
025,510108000057,0151,Cumberland High,09,12,Public school - Regular,High,Cumberland,23040,Membership,0250151,Southside,8,Cumberland County
025,510108000058,0152,Cumberland Middle,05,08,Public school - Regular,Middle,Cumberland,23040,Membership,0250152,Southside,8,Cumberland County
025,NA,9991,Home Educational Services,NA,NA,Public center - Alternative,NA,NA,NA,Non-Membership,0259991,Southside,8,Cumberland County
025,NA,9999,Homebased,NA,NA,Public center - Alternative,NA,NA,NA,Non-Membership,0259999,Southside,8,Cumberland County
025,NA,9998,Homebound,NA,NA,Public center - Alternative,NA,NA,NA,Non-Membership,0259998,Southside,8,Cumberland County
025,NA,8888,Special Situation Schools,NA,NA,Unknown,NA,NA,NA,Non-Membership,0258888,Southside,8,Cumberland County
025,NA,9992,Suspension Services,NA,NA,Public center - Alternative,NA,NA,NA,Non-Membership,0259992,Southside,8,Cumberland County
108,510111003138,0234,6th Grade Academy at Arnett Hills,NA,NA,Public center - Alternative,NA,Danville,24540,Non-Membership,1080234,Western Virginia,6,Danville City
108,NA,0041,6th Grade Academy at Schoolfield,NA,NA,Public center - Alternative,NA,Danville,24541,Non-Membership,1080041,Western Virginia,6,Danville City
108,510111003135,2024,ACTIV8 Academy,NA,NA,Public center - Alternative,NA,Danville,24540,Non-Membership,1082024,Western Virginia,6,Danville City
108,510111002467,1378,Adult & Career Education Center,NA,NA,Public center - Alternative,NA,Danville,24541,Non-Membership,1081378,Western Virginia,6,Danville City
108,510111003154,0055,Arnett Hills Elementary,KG,05,Public school - Regular,Elementary,Danville,24540,Membership,1080055,Western Virginia,6,Danville City
108,NA,9990,Community PK School,NA,NA,Public center - Alternative,NA,NA,NA,Non-Membership,1089990,Western Virginia,6,Danville City
108,510111003139,1271,Danville Public Schools Virtual Academy at Glenwood,NA,NA,Public center - Virtual,NA,Danville,24540,Non-Membership,1081271,Western Virginia,6,Danville City
108,510111002960,0490,Edwin A. Gibson Elementary,KG,05,Public school - Regular,Elementary,Danville,24541,Membership,1080490,Western Virginia,6,Danville City
108,510111000388,0020,Forest Hills Elementary,KG,05,Public school - Regular,Elementary,Danville,24541,Membership,1080020,Western Virginia,6,Danville City
108,510111002261,1374,Galileo Magnet High,09,12,Public school - Regular,High,Danville,24541,Membership,1081374,Western Virginia,6,Danville City
108,510111000390,0210,George Washington High,09,12,Public school - Regular,High,Danville,24541,Membership,1080210,Western Virginia,6,Danville City
108,510111000391,0200,Grove Park Preschool,PK,PK,Public school - Preschool,Prekindergarten,Danville,24541,Membership,1080200,Western Virginia,6,Danville City
108,NA,9991,Home Educational Services,NA,NA,Public center - Alternative,NA,NA,NA,Non-Membership,1089991,Western Virginia,6,Danville City
108,NA,9999,Homebased,NA,NA,Public center - Alternative,NA,NA,NA,Non-Membership,1089999,Western Virginia,6,Danville City
108,NA,9998,Homebound,NA,NA,Public center - Alternative,NA,NA,NA,Non-Membership,1089998,Western Virginia,6,Danville City
108,NA,2022,I.W. Taylor Virtual Middle Academy,NA,NA,Public center - Virtual,NA,Danville,24540,Non-Membership,1082022,Western Virginia,6,Danville City
108,NA,2023,I.W. Taylor Virtual Secondary Academy,NA,NA,Public center - Virtual,NA,Danville,24540,Non-Membership,1082023,Western Virginia,6,Danville City
108,NA,2025,Innov8 Stem Academy,NA,NA,Public center - Alternative,NA,Danville,24541,Non-Membership,1082025,Western Virginia,6,Danville City
108,NA,9997,Local Or Regional Jail,KG,12,Local or Regional Jail,Other,Danville,24541,Membership,1089997,Western Virginia,6,Danville City
108,510111000394,0260,O. Trent Bonner Middle,06,08,Public school - Regular,Middle,Danville,24540,Membership,1080260,Western Virginia,6,Danville City
108,510111000395,0250,Park Avenue Elementary,KG,05,Public school - Regular,Elementary,Danville,24541,Membership,1080250,Western Virginia,6,Danville City
108,510111002750,0139,R.I.S.E Academy at the John M. Langston Campus,06,12,Public school - Regular,High,Danville,24540,Membership,1080139,Western Virginia,6,Danville City
108,510111000268,0040,Schoolfield Elementary,KG,05,Public school - Regular,Elementary,Danville,24541,Membership,1080040,Western Virginia,6,Danville City
108,NA,8888,Special Situation Schools,NA,NA,Unknown,NA,NA,NA,Non-Membership,1088888,Western Virginia,6,Danville City
108,NA,9992,Suspension Services,NA,NA,Public center - Alternative,NA,NA,NA,Non-Membership,1089992,Western Virginia,6,Danville City
108,510111002872,0030,The Northside Preschool,PK,PK,Public school - Preschool,Prekindergarten,Danville,24543,Membership,1080030,Western Virginia,6,Danville City
108,NA,1380,Virtual Academy at I.W. Taylor,NA,NA,Public center - Virtual,NA,Danville,24540,Non-Membership,1081380,Western Virginia,6,Danville City
108,510111001233,1372,Westwood Middle,06,08,Public school - Regular,Middle,Danville,24540,Membership,1081372,Western Virginia,6,Danville City
108,510111000398,0220,Woodberry Hills Elementary,KG,05,Public school - Regular,Elementary,Danville,24540,Membership,1080220,Western Virginia,6,Danville City
026,NA,9990,Community PK School,NA,NA,Public center - Alternative,NA,NA,NA,Non-Membership,0269990,Southwest,7,Dickenson County
026,NA,9991,Home Educational Services,NA,NA,Public center - Alternative,NA,NA,NA,Non-Membership,0269991,Southwest,7,Dickenson County
026,NA,9999,Homebased,NA,NA,Public center - Alternative,NA,NA,NA,Non-Membership,0269999,Southwest,7,Dickenson County
026,NA,9998,Homebound,NA,NA,Public center - Alternative,NA,NA,NA,Non-Membership,0269998,Southwest,7,Dickenson County
026,NA,9997,Local or Regional Jail,KG,12,Local or Regional Jail,Other,Clintwood,24228,Membership,0269997,Southwest,7,Dickenson County
026,510114003102,0281,Ridgeview Elementary,PK,04,Public school - Regular,Elementary,Clintwood,24228,Membership,0260281,Southwest,7,Dickenson County
026,510114002981,0275,Ridgeview High,09,12,Public school - Regular,High,Clintwood,24228,Membership,0260275,Southwest,7,Dickenson County
026,510114002982,0280,Ridgeview Middle,05,08,Public school - Regular,Middle,Clintwood,24228,Membership,0260280,Southwest,7,Dickenson County
026,NA,8888,Special Situation Schools,NA,NA,Unknown,NA,NA,NA,Non-Membership,0268888,Southwest,7,Dickenson County
026,NA,9992,Suspension Services,NA,NA,Public center - Alternative,NA,NA,NA,Non-Membership,0269992,Southwest,7,Dickenson County
027,NA,9990,Community PK School,NA,NA,Public center - Alternative,NA,NA,NA,Non-Membership,0279990,Central Virginia,1,Dinwiddie County
027,510117000410,0500,Dinwiddie County High,09,12,Public school - Regular,High,Dinwiddie,23841,Membership,0270500,Central Virginia,1,Dinwiddie County
027,510117000409,0471,Dinwiddie County Middle,06,08,Public school - Regular,Middle,Dinwiddie,23841,Membership,0270471,Central Virginia,1,Dinwiddie County
027,510117000411,0310,Dinwiddie Elementary,PK,05,Public school - Regular,Elementary,Dinwiddie,23841,Membership,0270310,Central Virginia,1,Dinwiddie County
027,NA,9991,Home Educational Services,NA,NA,Public center - Alternative,NA,NA,NA,Non-Membership,0279991,Central Virginia,1,Dinwiddie County
027,NA,9999,Homebased,NA,NA,Public center - Alternative,NA,NA,NA,Non-Membership,0279999,Central Virginia,1,Dinwiddie County
027,NA,9998,Homebound,NA,NA,Public center - Alternative,NA,NA,NA,Non-Membership,0279998,Central Virginia,1,Dinwiddie County
027,NA,9997,Local or Regional Jail,KG,12,Local or Regional Jail,Other,Dinwiddie,23841,Membership,0279997,Central Virginia,1,Dinwiddie County
027,510117000414,0250,Midway Elementary,PK,05,Public school - Regular,Elementary,Church Road,23833,Membership,0270250,Central Virginia,1,Dinwiddie County
027,510117000417,0010,Southside Elementary,PK,05,Public school - Regular,Elementary,Dinwiddie,23841,Membership,0270010,Central Virginia,1,Dinwiddie County
027,NA,8888,Special Situation Schools,NA,NA,Unknown,NA,NA,NA,Non-Membership,0278888,Central Virginia,1,Dinwiddie County
027,510117000418,0180,Sunnyside Elementary,PK,05,Public school - Regular,Elementary,Mckenney,23872,Membership,0270180,Central Virginia,1,Dinwiddie County
027,NA,9992,Suspension Services,NA,NA,Public center - Alternative,NA,NA,NA,Non-Membership,0279992,Central Virginia,1,Dinwiddie County
027,510117000416,0520,Sutherland Elementary,PK,05,Public school - Regular,Elementary,Sutherland,23885,Membership,0270520,Central Virginia,1,Dinwiddie County
028,NA,9990,Community PK School,NA,NA,Public center - Alternative,NA,NA,NA,Non-Membership,0289990,Northern Neck,3,Essex County
028,510120000419,0010,Essex High,09,12,Public school - Regular,High,Tappahannock,22560,Membership,0280010,Northern Neck,3,Essex County
028,NA,9991,Home Educational Services,NA,NA,Public center - Alternative,NA,NA,NA,Non-Membership,0289991,Northern Neck,3,Essex County
028,NA,9999,Homebased,NA,NA,Public center - Alternative,NA,NA,NA,Non-Membership,0289999,Northern Neck,3,Essex County
028,NA,9998,Homebound,NA,NA,Public center - Alternative,NA,NA,NA,Non-Membership,0289998,Northern Neck,3,Essex County
028,510120000420,0150,James H. Cary Intermediate,05,08,Public school - Regular,Middle,Tappahannock,22560,Membership,0280150,Northern Neck,3,Essex County
028,NA,8888,Special Situation Schools,NA,NA,Unknown,NA,NA,NA,Non-Membership,0288888,Northern Neck,3,Essex County
028,NA,9992,Suspension Services,NA,NA,Public center - Alternative,NA,NA,NA,Non-Membership,0289992,Northern Neck,3,Essex County
028,510120000421,0160,Tappahannock Elementary,PK,04,Public school - Regular,Elementary,Tappahannock,22560,Membership,0280160,Northern Neck,3,Essex County
029,510126002862,2352,ALC at Burke,NA,NA,Public center - Alternative,NA,Burke,20115,Non-Membership,0292352,Northern Virginia,4,Fairfax County
029,510126000767,2203,Aldrin Elementary,PK,06,Public school - Regular,Elementary,Reston,20194,Membership,0292203,Northern Virginia,4,Fairfax County
029,510126000423,0660,Annandale High,09,12,Public school - Regular,High,Annandale,22003,Membership,0290660,Northern Virginia,4,Fairfax County
029,510126000424,1360,Annandale Terrace Elementary,PK,05,Public school - Regular,Elementary,Annandale,22003,Membership,0291360,Northern Virginia,4,Fairfax County
029,510126000529,0110,Archer Elementary,PK,06,Public school - Regular,Elementary,Vienna,22180,Membership,0290110,Northern Virginia,4,Fairfax County
029,510126002058,1530,Armstrong Elementary,PK,06,Public school - Regular,Elementary,Reston,20194,Membership,0291530,Northern Virginia,4,Fairfax County
029,510126000426,0550,Bailey's Elementary School for the Arts and Sciences,PK,02,Public school - Regular,Elementary,Falls Church,22041,Membership,0290550,Northern Virginia,4,Fairfax County
029,510126003033,2459,Bailey's Upper Elementary School for the Arts and Sciences,03,05,Public school - Regular,Elementary,Falls Church,22044,Membership,0292459,Northern Virginia,4,Fairfax County
029,510126000428,1730,Beech Tree Elementary,PK,05,Public school - Regular,Elementary,Falls Church,22042,Membership,0291730,Northern Virginia,4,Fairfax County
029,510126000429,0560,Belle View Elementary,PK,06,Public school - Regular,Elementary,Alexandria,22307,Membership,0290560,Northern Virginia,4,Fairfax County
029,510126000061,0720,Belvedere Elementary,PK,05,Public school - Regular,Elementary,Falls Church,22041,Membership,0290720,Northern Virginia,4,Fairfax County
029,510126002116,2000,Bonnie Brae Elementary,PK,06,Public school - Regular,Elementary,Fairfax,22032,Membership,0292000,Northern Virginia,4,Fairfax County
029,510126000431,1090,Braddock Elementary,PK,05,Public school - Regular,Elementary,Annandale,22003,Membership,0291090,Northern Virginia,4,Fairfax County
029,510126000073,0940,Bren Mar Park Elementary,PK,05,Public school - Regular,Elementary,Alexandria,22312,Membership,0290940,Northern Virginia,4,Fairfax County
029,510126000433,1790,Brookfield Elementary,PK,06,Public school - Regular,Elementary,Chantilly,20151,Membership,0291790,Northern Virginia,4,Fairfax County
029,510126000497,2201,Bryant High,09,12,Public school - Alternative,High,Alexandria,22306,Membership,0292201,Northern Virginia,4,Fairfax County
029,510126000435,0700,Bucknell Elementary,PK,06,Public school - Regular,Elementary,Alexandria,22307,Membership,0290700,Northern Virginia,4,Fairfax County
029,510126002820,2251,Bull Run Early Childhood Resource Center,PK,PK,Public school - Preschool,Prekindergarten,Centreville,20121,Membership,0292251,Northern Virginia,4,Fairfax County
029,510126001904,2225,Bull Run Elementary,PK,06,Public school - Regular,Elementary,Centreville,20121,Membership,0292225,Northern Virginia,4,Fairfax County
029,510126002032,0310,Burke School,NA,NA,Public center - Special Education,NA,Burke,22015,Non-Membership,0290310,Northern Virginia,4,Fairfax County
029,510126000438,0680,Bush Hill Elementary,PK,06,Public school - Regular,Elementary,Alexandria,22310,Membership,0290680,Northern Virginia,4,Fairfax County
029,510126000439,1940,Camelot Elementary,PK,06,Public school - Regular,Elementary,Annandale,22003,Membership,0291940,Northern Virginia,4,Fairfax County
029,510126000440,0620,Cameron Elementary,PK,06,Public school - Regular,Elementary,Alexandria,22303,Membership,0290620,Northern Virginia,4,Fairfax County
029,510126000441,1590,Canterbury Woods Elementary,PK,06,Public school - Regular,Elementary,Annandale,22003,Membership,0291590,Northern Virginia,4,Fairfax County
029,510126000442,1690,Cardinal Forest Elementary,PK,06,Public school - Regular,Elementary,Springfield,22152,Membership,0291690,Northern Virginia,4,Fairfax County
029,510126001756,2222,Carson Middle,07,08,Public school - Regular,Middle,Herndon,20171,Membership,0292222,Northern Virginia,4,Fairfax County
029,510126001991,0880,Cedar Lane School,NA,NA,Public center - Special Education,NA,Vienna,22180,Non-Membership,0290880,Northern Virginia,4,Fairfax County
029,510126002183,2090,Centre Ridge Elementary,PK,06,Public school - Regular,Elementary,Centreville,20121,Membership,0292090,Northern Virginia,4,Fairfax County
029,510126000775,2205,Centreville Elementary,PK,06,Public school - Regular,Elementary,Centreville,20121,Membership,0292205,Northern Virginia,4,Fairfax County
029,510126002114,0200,Centreville High,09,12,Public school - Regular,High,Clifton,20124,Membership,0290200,Northern Virginia,4,Fairfax County
029,510126003008,2446,Chantilly Governor's STEM Academy,NA,NA,Public center - Governor's STEM Academy,NA,Chantilly,20151,Non-Membership,0292446,Northern Virginia,4,Fairfax County
029,510126000059,0131,Chantilly High,09,12,Public school - Regular,High,Chantilly,20151,Membership,0290131,Northern Virginia,4,Fairfax County
029,510126002939,2445,Chantilly High School Academy,NA,NA,Public center - Career and Technical Ed.,NA,Chantilly,20151,Non-Membership,0292445,Northern Virginia,4,Fairfax County
029,510126001992,0480,Cherry Run Elementary,PK,06,Public school - Regular,Elementary,Burke,22015,Membership,0290480,Northern Virginia,4,Fairfax County
029,510126000448,0100,Chesterbrook Elementary,PK,06,Public school - Regular,Elementary,McLean,22101,Membership,0290100,Northern Virginia,4,Fairfax County
029,510126000449,1050,Churchill Road Elementary,PK,06,Public school - Regular,Elementary,McLean,22101,Membership,0291050,Northern Virginia,4,Fairfax County
029,510126001836,0260,Clearview Elementary,PK,06,Public school - Regular,Elementary,Herndon,20170,Membership,0290260,Northern Virginia,4,Fairfax County
029,510126000450,1870,Clermont Elementary,PK,06,Public school - Regular,Elementary,Alexandria,22310,Membership,0291870,Northern Virginia,4,Fairfax County
029,510126003012,2456,Clifford S. Hardison Governor's Health Sciences Academy,NA,NA,Public center - Governor's Health Academy,NA,Alexander,22307,Non-Membership,0292456,Northern Virginia,4,Fairfax County
029,510126002800,2347,Coates Elementary,PK,06,Public school - Regular,Elementary,Herndon,20171,Membership,0292347,Northern Virginia,4,Fairfax County
029,510126000452,1510,Columbia Elementary,PK,05,Public school - Regular,Elementary,Annandale,22003,Membership,0291510,Northern Virginia,4,Fairfax County
029,510126002333,2234,Colvin Run Elementary,PK,06,Public school - Regular,Elementary,Vienna,22182,Membership,0292234,Northern Virginia,4,Fairfax County
029,510126000579,0191,Community Based Education,NA,NA,Public center - Career and Technical Ed.,NA,Falls Church,22042,Non-Membership,0290191,Northern Virginia,4,Fairfax County
029,NA,9990,Community PK School,NA,NA,Public center - Alternative,NA,NA,NA,Non-Membership,0299990,Northern Virginia,4,Fairfax County
029,510126000453,1190,Cooper Middle,07,08,Public school - Regular,Middle,McLean,22101,Membership,0291190,Northern Virginia,4,Fairfax County
029,510126000454,0870,Crestwood Elementary,PK,06,Public school - Regular,Elementary,Springfield,22150,Membership,0290870,Northern Virginia,4,Fairfax County
029,510126002118,2020,Crossfield Elementary,PK,06,Public school - Regular,Elementary,Herndon,20171,Membership,0292020,Northern Virginia,4,Fairfax County
029,510126002061,1600,Cub Run Elementary,PK,06,Public school - Regular,Elementary,Centreville,20120,Membership,0291600,Northern Virginia,4,Fairfax County
029,510126000455,1700,Cunningham Park Elementary,PK,06,Public school - Regular,Elementary,Vienna,22180,Membership,0291700,Northern Virginia,4,Fairfax County
029,NA,9996,DJJ or Fairfax/Falls Church Community SVCS BD Schools,NA,NA,LEA facility serving only 905 or 902 students,NA,Falls Church,22042,Non-Membership,0299996,Northern Virginia,4,Fairfax County
029,510126002530,2229,Daniels Run Elementary,PK,06,Public school - Regular,Elementary,Fairfax,22030,Membership,0292229,Northern Virginia,4,Fairfax County
029,510126002008,0450,Davis Career Center,NA,NA,Public center - Special Education,NA,Falls Church,22043,Non-Membership,0290450,Northern Virginia,4,Fairfax County
029,510126000768,2204,Deer Park Elementary,PK,06,Public school - Regular,Elementary,Centreville,20120,Membership,0292204,Northern Virginia,4,Fairfax County
029,510126000458,0220,Dogwood Elementary,PK,06,Public school - Regular,Elementary,Reston,20191,Membership,0290220,Northern Virginia,4,Fairfax County
029,510126002117,2010,Dranesville Elementary,PK,06,Public school - Regular,Elementary,Herndon,20170,Membership,0292010,Northern Virginia,4,Fairfax County
029,510126002406,2238,Dunn Loring Early Childhood Resource Center,PK,PK,Public school - Preschool,Prekindergarten,Dunn Loring,22027,Membership,0292238,Northern Virginia,4,Fairfax County
029,510126002496,2243,Eagle View Elementary,PK,06,Public school - Regular,Elementary,Fairfax,22030,Membership,0292243,Northern Virginia,4,Fairfax County
029,510126000461,1270,Edison High,09,12,Public school - Regular,High,Alexandria,22310,Membership,0291270,Northern Virginia,4,Fairfax County
029,510126002951,2447,Edison High School Academy,NA,NA,Public center - Career and Technical Ed.,NA,Alexandria,22310,Non-Membership,0292447,Northern Virginia,4,Fairfax County
029,NA,2457,FCPS Online Campus,NA,NA,Public center - Virtual,NA,Annandale,22003,Non-Membership,0292457,Northern Virginia,4,Fairfax County
029,510126000422,0190,Fairfax County Adult High,09,12,Public school - Alternative,High,Springfield,22151,Membership,0290190,Northern Virginia,4,Fairfax County
029,510126000463,0020,Fairfax High,09,12,Public school - Regular,High,Fairfax,22030,Membership,0290020,Northern Virginia,4,Fairfax County
029,510126002942,2449,Fairfax High School Academy,NA,NA,Public center - Career and Technical Ed.,NA,Fairfax,22030,Non-Membership,0292449,Northern Virginia,4,Fairfax County
029,510126000464,1480,Fairfax Villa Elementary,PK,06,Public school - Regular,Elementary,Fairfax,22030,Membership,0291480,Northern Virginia,4,Fairfax County
029,510126000466,1630,Fairhill Elementary,PK,06,Public school - Regular,Elementary,Fairfax,22031,Membership,0291630,Northern Virginia,4,Fairfax County
029,510126000467,0290,Fairview Elementary,PK,06,Public school - Regular,Elementary,Fairfax Station,22039,Membership,0290290,Northern Virginia,4,Fairfax County
029,510126003000,2452,Falls Church Governor's Health Sciences Academy,NA,NA,Public center - Governor's Health Academy,NA,Falls Church,22042,Non-Membership,0292452,Northern Virginia,4,Fairfax County
029,510126000468,1100,Falls Church High,09,12,Public school - Regular,High,Falls Church,22042,Membership,0291100,Northern Virginia,4,Fairfax County
029,510126002946,2451,Falls Church High School Academy,NA,NA,Public center - Career and Technical Ed.,NA,Falls Church,22042,Non-Membership,0292451,Northern Virginia,4,Fairfax County
029,510126000469,0730,Flint Hill Elementary,PK,06,Public school - Regular,Elementary,Vienna,22181,Membership,0290730,Northern Virginia,4,Fairfax County
029,510126000470,0740,Floris Elementary,PK,06,Public school - Regular,Elementary,Herndon,20171,Membership,0290740,Northern Virginia,4,Fairfax County
029,510126000471,0070,Forest Edge Elementary,PK,06,Public school - Regular,Elementary,Reston,20190,Membership,0290070,Northern Virginia,4,Fairfax County
029,510126000472,1450,Forestdale Elementary,PK,06,Public school - Regular,Elementary,Springfield,22150,Membership,0291450,Northern Virginia,4,Fairfax County
029,510126001837,0370,Forestville Elementary,PK,06,Public school - Regular,Elementary,Great Falls,22066,Membership,0290370,Northern Virginia,4,Fairfax County
029,510126001767,2224,Fort Belvoir Elementary,PK,02,Public school - Regular,Elementary,Fort Belvoir,22060,Membership,0292224,Northern Virginia,4,Fairfax County
029,510126003032,2458,Fort Belvoir Upper Elementary,03,06,Public school - Regular,Elementary,Fort Belvoir,22060,Membership,0292458,Northern Virginia,4,Fairfax County
029,510126000473,1920,Fort Hunt Elementary,PK,06,Public school - Regular,Elementary,Alexandria,22308,Membership,0291920,Northern Virginia,4,Fairfax County
029,510126001838,0390,Fox Mill Elementary,PK,06,Public school - Regular,Elementary,Herndon,20171,Membership,0290390,Northern Virginia,4,Fairfax County
029,510126000476,0320,Franconia Elementary,PK,06,Public school - Regular,Elementary,Alexandria,22310,Membership,0290320,Northern Virginia,4,Fairfax County
029,510126002007,0440,Franklin Middle,07,08,Public school - Regular,Middle,Chantilly,20151,Membership,0290440,Northern Virginia,4,Fairfax County
029,510126000478,0490,Freedom Hill Elementary,PK,06,Public school - Regular,Elementary,Vienna,22182,Membership,0290490,Northern Virginia,4,Fairfax County
029,510126000479,1410,Frost Middle,07,08,Public school - Regular,Middle,Fairfax,22032,Membership,0291410,Northern Virginia,4,Fairfax County
029,510126000480,0630,Garfield Elementary,PK,06,Public school - Regular,Elementary,Springfield,22150,Membership,0290630,Northern Virginia,4,Fairfax County
029,510126000481,1170,Glasgow Middle,06,08,Public school - Regular,Middle,Alexandria,22312,Membership,0291170,Northern Virginia,4,Fairfax County
029,510126000482,0970,Glen Forest Elementary,PK,05,Public school - Regular,Elementary,Falls Church,22041,Membership,0290970,Northern Virginia,4,Fairfax County
029,510126000483,0530,Graham Road Elementary,PK,06,Public school - Regular,Elementary,Falls Church,22042,Membership,0290530,Northern Virginia,4,Fairfax County
029,510126000484,0570,Great Falls Elementary,PK,06,Public school - Regular,Elementary,Great Falls,22066,Membership,0290570,Northern Virginia,4,Fairfax County
029,510126000486,1840,Greenbriar East Elementary,PK,06,Public school - Regular,Elementary,Fairfax,22033,Membership,0291840,Northern Virginia,4,Fairfax County
029,510126000487,1500,Greenbriar West Elementary,PK,06,Public school - Regular,Elementary,Fairfax,22033,Membership,0291500,Northern Virginia,4,Fairfax County
029,510126000488,0330,Groveton Elementary,PK,06,Public school - Regular,Elementary,Alexandria,22306,Membership,0290330,Northern Virginia,4,Fairfax County
029,510126000490,0690,Gunston Elementary,PK,06,Public school - Regular,Elementary,Lorton,22079,Membership,0290690,Northern Virginia,4,Fairfax County
029,510126001093,2210,Halley Elementary,PK,06,Public school - Regular,Elementary,Fairfax Station,22039,Membership,0292210,Northern Virginia,4,Fairfax County
029,510126000491,0750,Haycock Elementary,PK,06,Public school - Regular,Elementary,Falls Church,22043,Membership,0290750,Northern Virginia,4,Fairfax County
029,510126000492,1740,Hayfield Elementary,PK,06,Public school - Regular,Elementary,Alexandria,22315,Membership,0291740,Northern Virginia,4,Fairfax County
029,510126000493,1800,Hayfield Secondary,07,12,Public school - Regular,High,Alexandria,22315,Membership,0291800,Northern Virginia,4,Fairfax County
029,510126000494,1250,Herndon Elementary,PK,06,Public school - Regular,Elementary,Herndon,20170,Membership,0291250,Northern Virginia,4,Fairfax County
029,510126000495,0032,Herndon High,09,12,Public school - Regular,High,Herndon,20170,Membership,0290032,Northern Virginia,4,Fairfax County
029,510126000496,0033,Herndon Middle,07,08,Public school - Regular,Middle,Herndon,20170,Membership,0290033,Northern Virginia,4,Fairfax County
029,510126000499,1330,Hollin Meadows Elementary,PK,06,Public school - Regular,Elementary,Alexandria,22306,Membership,0291330,Northern Virginia,4,Fairfax County
029,510126000500,1521,Holmes Middle,06,08,Public school - Regular,Middle,Alexandria,22312,Membership,0291521,Northern Virginia,4,Fairfax County
029,NA,9991,Home Educational Services,NA,NA,Public center - Alternative,NA,NA,NA,Non-Membership,0299991,Northern Virginia,4,Fairfax County
029,NA,9999,Homebased,NA,NA,Public center - Alternative,NA,NA,NA,Non-Membership,0299999,Northern Virginia,4,Fairfax County
029,NA,9998,Homebound,NA,NA,Public center - Alternative,NA,NA,NA,Non-Membership,0299998,Northern Virginia,4,Fairfax County
029,510126001839,0350,Hughes Middle,07,08,Public school - Regular,Middle,Reston,20191,Membership,0290350,Northern Virginia,4,Fairfax County
029,510126000501,1880,Hunt Valley Elementary,PK,06,Public school - Regular,Elementary,Springfield,22152,Membership,0291880,Northern Virginia,4,Fairfax County
029,510126000502,1950,Hunters Woods Elementary School for the Arts and Sciences,PK,06,Public school - Regular,Elementary,Reston,20191,Membership,0291950,Northern Virginia,4,Fairfax County
029,510126000460,1980,Hutchison Elementary,PK,06,Public school - Regular,Elementary,Herndon,20170,Membership,0291980,Northern Virginia,4,Fairfax County
029,510126000503,1420,Hybla Valley Elementary,PK,06,Public school - Regular,Elementary,Alexandria,22306,Membership,0291420,Northern Virginia,4,Fairfax County
029,510126000572,1015,Interagency Alternative Secondary Center,NA,NA,Public center - Alternative,NA,Herndon,20170,Non-Membership,0291015,Northern Virginia,4,Fairfax County
029,510126000504,1120,Irving Middle,07,08,Public school - Regular,Middle,Springfield,22152,Membership,0291120,Northern Virginia,4,Fairfax County
029,510126002334,2235,Island Creek Elementary,PK,06,Public school - Regular,Elementary,Alexandria,22315,Membership,0292235,Northern Virginia,4,Fairfax County
029,510126000530,0673,Jackson Middle,07,08,Public school - Regular,Middle,Falls Church,22042,Membership,0290673,Northern Virginia,4,Fairfax County
029,510126000518,1110,Johnson Middle,07,08,Public school - Regular,Middle,Fairfax,22030,Membership,0291110,Northern Virginia,4,Fairfax County
029,510126000505,1070,Justice High,09,12,Public school - Regular,High,Falls Church,22044,Membership,0291070,Northern Virginia,4,Fairfax County
029,510126000508,1240,Keene Mill Elementary,PK,06,Public school - Regular,Elementary,Springfield,22152,Membership,0291240,Northern Virginia,4,Fairfax County
029,510126000509,0980,Kent Gardens Elementary,PK,06,Public school - Regular,Elementary,McLean,22101,Membership,0290980,Northern Virginia,4,Fairfax County
029,510126000510,1901,Key Center,PK,12,Public school - Special Education,Other,Springfield,22150,Membership,0291901,Northern Virginia,4,Fairfax County
029,510126000511,1900,Key Middle,07,08,Public school - Regular,Middle,Springfield,22150,Membership,0291900,Northern Virginia,4,Fairfax County
029,510126000512,1761,Kilmer Center,PK,12,Public school - Special Education,Other,Vienna,22182,Membership,0291761,Northern Virginia,4,Fairfax County
029,510126000513,1760,Kilmer Middle,07,08,Public school - Regular,Middle,Vienna,22182,Membership,0291760,Northern Virginia,4,Fairfax County
029,510126001840,1890,Kings Glen Elementary,04,06,Public school - Regular,Middle,Springfield,22151,Membership,0291890,Northern Virginia,4,Fairfax County
029,510126000514,1440,Kings Park Elementary,PK,03,Public school - Regular,Elementary,Springfield,22151,Membership,0291440,Northern Virginia,4,Fairfax County
029,510126000515,1570,Lake Anne Elementary,PK,06,Public school - Regular,Elementary,Reston,20190,Membership,0291570,Northern Virginia,4,Fairfax County
029,510126000516,0090,Lake Braddock Secondary,07,12,Public school - Regular,High,Burke,22015,Membership,0290090,Northern Virginia,4,Fairfax County
029,510126001091,2209,Lane Elementary,PK,06,Public school - Regular,Elementary,Alexandria,22315,Membership,0292209,Northern Virginia,4,Fairfax County
029,510126000517,1460,Langley High,09,12,Public school - Regular,High,McLean,22101,Membership,0291460,Northern Virginia,4,Fairfax County
029,510126002802,2348,Laurel Hill Elementary,PK,06,Public school - Regular,Elementary,Lorton,22079,Membership,0292348,Northern Virginia,4,Fairfax County
029,510126000519,1970,Laurel Ridge Elementary,PK,06,Public school - Regular,Elementary,Fairfax,22032,Membership,0291970,Northern Virginia,4,Fairfax County
029,510126002063,1850,Lees Corner Elementary,PK,06,Public school - Regular,Elementary,Fairfax,22033,Membership,0291850,Northern Virginia,4,Fairfax County
029,510126000522,0770,Lemon Road Elementary,PK,06,Public school - Regular,Elementary,Falls Church,22043,Membership,0290770,Northern Virginia,4,Fairfax County
029,510126000521,1020,Lewis High,09,12,Public school - Regular,High,Springfield,22150,Membership,0291020,Northern Virginia,4,Fairfax County
029,510126002271,2233,Liberty Middle,07,08,Public school - Regular,Middle,Clifton,20124,Membership,0292233,Northern Virginia,4,Fairfax County
029,510126000525,1400,Little Run Elementary,PK,06,Public school - Regular,Elementary,Fairfax,22032,Membership,0291400,Northern Virginia,4,Fairfax County
029,NA,9997,Local or Regional Jail,KG,12,Local or Regional Jail,Other,Fairfax,22030,Membership,0299997,Northern Virginia,4,Fairfax County
029,510126000526,1830,London Towne Elementary,PK,06,Public school - Regular,Elementary,Centreville,20120,Membership,0291830,Northern Virginia,4,Fairfax County
029,510126000527,1150,Longfellow Middle,07,08,Public school - Regular,Middle,Falls Church,22043,Membership,0291150,Northern Virginia,4,Fairfax County
029,510126002335,2236,Lorton Station Elementary,PK,06,Public school - Regular,Elementary,Lorton,22079,Membership,0292236,Northern Virginia,4,Fairfax County
029,510126000531,0890,Lynbrook Elementary,PK,06,Public school - Regular,Elementary,Springfield,22150,Membership,0290890,Northern Virginia,4,Fairfax County
029,510126000532,1060,Madison High,09,12,Public school - Regular,High,Vienna,22181,Membership,0291060,Northern Virginia,4,Fairfax County
029,510126000533,1210,Mantua Elementary,PK,06,Public school - Regular,Elementary,Fairfax,22031,Membership,0291210,Northern Virginia,4,Fairfax County
029,510126002993,2454,Marshall Governor's STEM Academy,NA,NA,Public center - Governor's STEM Academy,NA,Falls Church,22043,Non-Membership,0292454,Northern Virginia,4,Fairfax County
029,510126000535,1290,Marshall High,09,12,Public school - Regular,High,Falls Church,22043,Membership,0291290,Northern Virginia,4,Fairfax County
029,510126002947,2453,Marshall High School Academy,NA,NA,Public center - Career and Technical Ed.,NA,Falls Church,22043,Non-Membership,0292453,Northern Virginia,4,Fairfax County
029,510126000536,1200,Marshall Road Elementary,PK,06,Public school - Regular,Elementary,Vienna,22180,Membership,0291200,Northern Virginia,4,Fairfax County
029,510126002873,2410,Mason Crest Elementary,PK,05,Public school - Regular,Elementary,Annandale,22003,Membership,0292410,Northern Virginia,4,Fairfax County
029,510126000538,0790,McLean High,09,12,Public school - Regular,High,McLean,22101,Membership,0290790,Northern Virginia,4,Fairfax County
029,510126002272,2231,McNair Elementary,PK,02,Public school - Regular,Elementary,Herndon,20171,Membership,0292231,Northern Virginia,4,Fairfax County
029,510126003078,2200,McNair Upper Elementary,03,06,Public school - Regular,Elementary,Herndon,20171,Membership,0292200,Northern Virginia,4,Fairfax County
029,510126000539,1390,Mosaic Elementary,PK,06,Public school - Regular,Elementary,Fairfax,22031,Membership,0291390,Northern Virginia,4,Fairfax County
029,510126000540,0510,Mount Eagle Elementary,PK,06,Public school - Regular,Elementary,Alexandria,22303,Membership,0290510,Northern Virginia,4,Fairfax County
029,510126000542,0420,Mount Vernon High,09,12,Public school - Regular,High,Alexandria,22309,Membership,0290420,Northern Virginia,4,Fairfax County
029,510126000543,1640,Mount Vernon Woods Elementary,PK,06,Public school - Regular,Elementary,Alexandria,22309,Membership,0291640,Northern Virginia,4,Fairfax County
029,510126001099,2211,Mountain View High,09,12,Public school - Alternative,High,Centreville,20121,Membership,0292211,Northern Virginia,4,Fairfax County
029,510126000544,0800,Navy Elementary,PK,06,Public school - Regular,Elementary,Fairfax,22033,Membership,0290800,Northern Virginia,4,Fairfax County
029,510126001993,0470,Newington Forest Elementary,PK,06,Public school - Regular,Elementary,Springfield,22153,Membership,0290470,Northern Virginia,4,Fairfax County
029,510126000546,0930,North Springfield Elementary,PK,05,Public school - Regular,Elementary,Springfield,22151,Membership,0290930,Northern Virginia,4,Fairfax County
029,510126001994,0430,Oak Hill Elementary,PK,06,Public school - Regular,Elementary,Herndon,20171,Membership,0290430,Northern Virginia,4,Fairfax County
029,510126000548,1860,Oak View Elementary,PK,06,Public school - Regular,Elementary,Fairfax,22032,Membership,0291860,Northern Virginia,4,Fairfax County
029,510126000549,0140,Oakton Elementary,PK,06,Public school - Regular,Elementary,Oakton,22124,Membership,0290140,Northern Virginia,4,Fairfax County
029,510126000550,1710,Oakton High,09,12,Public school - Regular,High,Vienna,22181,Membership,0291710,Northern Virginia,4,Fairfax County
029,510126000551,1650,Olde Creek Elementary,PK,06,Public school - Regular,Elementary,Fairfax,22032,Membership,0291650,Northern Virginia,4,Fairfax County
029,510126000552,0150,Orange Hunt Elementary,PK,06,Public school - Regular,Elementary,Springfield,22152,Membership,0290150,Northern Virginia,4,Fairfax County
029,510126000553,1030,Parklawn Elementary,PK,05,Public school - Regular,Elementary,Alexandria,22312,Membership,0291030,Northern Virginia,4,Fairfax County
029,510126002874,2440,Pimmit Early Childhood Resource Center,PK,PK,Public school - Preschool,Prekindergarten,Falls Church,22043,Membership,0292440,Northern Virginia,4,Fairfax County
029,510126000556,0820,Pine Spring Elementary,PK,06,Public school - Regular,Elementary,Falls Church,22042,Membership,0290820,Northern Virginia,4,Fairfax County
029,510126002827,2351,Plum Center For Lifelong Learning,NA,NA,Public center - Alternative,NA,Springfield,22151,Non-Membership,0292351,Northern Virginia,4,Fairfax County
029,510126000557,1130,Poe Middle,06,08,Public school - Regular,Middle,Annandale,22003,Membership,0291130,Northern Virginia,4,Fairfax County
029,510126002182,2080,Poplar Tree Elementary,PK,06,Public school - Regular,Elementary,Chantilly,20151,Membership,0292080,Northern Virginia,4,Fairfax County
029,510126002336,2237,Powell Elementary,PK,06,Public school - Regular,Elementary,Centreville,20120,Membership,0292237,Northern Virginia,4,Fairfax County
029,510126002531,2230,Providence Elementary,PK,06,Public school - Regular,Elementary,Fairfax,22030,Membership,0292230,Northern Virginia,4,Fairfax County
029,510126002033,0901,Pulley Career Center,NA,NA,Public center - Special Education,NA,Alexandria,22307,Non-Membership,0290901,Northern Virginia,4,Fairfax County
029,510126000558,1750,Quander Road School,NA,NA,Public center - Special Education,NA,Alexandria,22307,Non-Membership,0291750,Northern Virginia,4,Fairfax County
029,510126000559,1310,Ravensworth Elementary,PK,06,Public school - Regular,Elementary,Springfield,22151,Membership,0291310,Northern Virginia,4,Fairfax County
029,510126000560,1820,Riverside Elementary,PK,06,Public school - Regular,Elementary,Alexandria,22309,Membership,0291820,Northern Virginia,4,Fairfax County
029,510126000561,1960,Robinson Secondary,07,12,Public school - Regular,High,Fairfax,22032,Membership,0291960,Northern Virginia,4,Fairfax County
029,510126001841,0300,Rocky Run Middle,07,08,Public school - Regular,Middle,Chantilly,20151,Membership,0290300,Northern Virginia,4,Fairfax County
029,510126000562,1770,Rolling Valley Elementary,PK,06,Public school - Regular,Elementary,Springfield,22152,Membership,0291770,Northern Virginia,4,Fairfax County
029,510126000563,0950,Rose Hill Elementary,PK,06,Public school - Regular,Elementary,Alexandria,22310,Membership,0290950,Northern Virginia,4,Fairfax County
029,510126000474,1300,Sandburg Middle,07,08,Public school - Regular,Middle,Alexandria,22308,Membership,0291300,Northern Virginia,4,Fairfax County
029,510126002119,2030,Sangster Elementary,PK,06,Public school - Regular,Elementary,Springfield,22153,Membership,0292030,Northern Virginia,4,Fairfax County
029,510126002144,2040,Saratoga Elementary,PK,06,Public school - Regular,Elementary,Springfield,22153,Membership,0292040,Northern Virginia,4,Fairfax County
029,510126000477,0080,Sherman Elementary,PK,06,Public school - Regular,Elementary,McLean,22101,Membership,0290080,Northern Virginia,4,Fairfax County
029,510126000564,1660,Shrevewood Elementary,PK,06,Public school - Regular,Elementary,Falls Church,22043,Membership,0291660,Northern Virginia,4,Fairfax County
029,510126002115,1680,Silverbrook Elementary,PK,06,Public school - Regular,Elementary,Fairfax Station,22039,Membership,0291680,Northern Virginia,4,Fairfax County
029,510126000565,0710,Sleepy Hollow Elementary,PK,05,Public school - Regular,Elementary,Falls Church,22044,Membership,0290710,Northern Virginia,4,Fairfax County
029,510126002436,2241,South County High,09,12,Public school - Regular,High,Lorton,22079,Membership,0292241,Northern Virginia,4,Fairfax County
029,510126002871,2420,South County Middle,07,08,Public school - Regular,Middle,Lorton,22079,Membership,0292420,Northern Virginia,4,Fairfax County
029,510126000566,1990,South Lakes High,09,12,Public school - Regular,High,Reston,20191,Membership,0291990,Northern Virginia,4,Fairfax County
029,NA,8888,Special Situation Schools,NA,NA,Unknown,NA,NA,NA,Non-Membership,0298888,Northern Virginia,4,Fairfax County
029,510126000567,1620,Spring Hill Elementary,PK,06,Public school - Regular,Elementary,McLean,22102,Membership,0291620,Northern Virginia,4,Fairfax County
029,510126000568,0960,Springfield Estates Elementary,PK,06,Public school - Regular,Elementary,Springfield,22150,Membership,0290960,Northern Virginia,4,Fairfax County
029,510126000569,1380,Stenwood Elementary,PK,06,Public school - Regular,Elementary,Vienna,22180,Membership,0291380,Northern Virginia,4,Fairfax County
029,510126000086,2070,Stone Middle,07,08,Public school - Regular,Middle,Centreville,20120,Membership,0292070,Northern Virginia,4,Fairfax County
029,510126000570,1350,Stratford Landing Elementary,PK,06,Public school - Regular,Elementary,Alexandria,22308,Membership,0291350,Northern Virginia,4,Fairfax County
029,510126000571,0280,Sunrise Valley Elementary,PK,06,Public school - Regular,Elementary,Reston,20191,Membership,0290280,Northern Virginia,4,Fairfax County
029,NA,9992,Suspension Services,NA,NA,Public center - Alternative,NA,NA,NA,Non-Membership,0299992,Northern Virginia,4,Fairfax County
029,510126001842,0170,Terra Centre Elementary,PK,06,Public school - Regular,Elementary,Burke,22015,Membership,0290170,Northern Virginia,4,Fairfax County
029,510126000573,0250,Terraset Elementary,PK,06,Public school - Regular,Elementary,Reston,20191,Membership,0290250,Northern Virginia,4,Fairfax County
029,510126002034,1371,Thomas Jefferson High for Science and Technology,09,12,Public school - Governors,High,Alexandria,22312,Membership,0291371,Northern Virginia,4,Fairfax County
029,510126000574,1140,Thoreau Middle,07,08,Public school - Regular,Middle,Vienna,22180,Membership,0291140,Northern Virginia,4,Fairfax County
029,510126000575,0830,Timber Lane Elementary,PK,06,Public school - Regular,Elementary,Falls Church,22046,Membership,0290830,Northern Virginia,4,Fairfax County
029,510126000576,1160,Twain Middle,07,08,Public school - Regular,Middle,Alexandria,22310,Membership,0291160,Northern Virginia,4,Fairfax County
029,510126002060,1540,Union Mill Elementary,PK,06,Public school - Regular,Elementary,Clifton,20124,Membership,0291540,Northern Virginia,4,Fairfax County
029,510126000577,0120,Vienna Elementary,PK,06,Public school - Regular,Elementary,Vienna,22180,Membership,0290120,Northern Virginia,4,Fairfax County
029,510126002819,2252,Virginia Hills Early Childhood Resource Center,PK,PK,Public school - Preschool,Prekindergarten,Alexandria,22310,Membership,0292252,Northern Virginia,4,Fairfax County
029,510126002146,2050,Virginia Run Elementary,PK,06,Public school - Regular,Elementary,Centreville,20120,Membership,0292050,Northern Virginia,4,Fairfax County
029,510126000580,0850,Wakefield Forest Elementary,PK,06,Public school - Regular,Elementary,Fairfax,22032,Membership,0290850,Northern Virginia,4,Fairfax County
029,510126000088,2100,Waples Mill Elementary,PK,06,Public school - Regular,Elementary,Oakton,22124,Membership,0292100,Northern Virginia,4,Fairfax County
029,510126000582,1320,Washington Mill Elementary,PK,06,Public school - Regular,Elementary,Alexandria,22309,Membership,0291320,Northern Virginia,4,Fairfax County
029,510126000583,1080,Waynewood Elementary,PK,06,Public school - Regular,Elementary,Alexandria,22308,Membership,0291080,Northern Virginia,4,Fairfax County
029,510126000489,0900,West Potomac High,09,12,Public school - Regular,High,Alexandria,22307,Membership,0290900,Northern Virginia,4,Fairfax County
029,510126002945,2455,West Potomac High School Academy,NA,NA,Public center - Career and Technical Ed.,NA,Alexandria,22307,Non-Membership,0292455,Northern Virginia,4,Fairfax County
029,510126000584,1430,West Springfield Elementary,PK,06,Public school - Regular,Elementary,Springfield,22152,Membership,0291430,Northern Virginia,4,Fairfax County
029,510126000585,1610,West Springfield High,09,12,Public school - Regular,High,Springfield,22152,Membership,0291610,Northern Virginia,4,Fairfax County
029,510126000586,1580,Westbriar Elementary,PK,06,Public school - Regular,Elementary,Vienna,22182,Membership,0291580,Northern Virginia,4,Fairfax County
029,510126002529,2228,Westfield High,09,12,Public school - Regular,High,Chantilly,20151,Membership,0292228,Northern Virginia,4,Fairfax County
029,510126000587,1670,Westgate Elementary,PK,06,Public school - Regular,Elementary,Falls Church,22043,Membership,0291670,Northern Virginia,4,Fairfax County
029,510126000588,0580,Westlawn Elementary,PK,06,Public school - Regular,Elementary,Falls Church,22042,Membership,0290580,Northern Virginia,4,Fairfax County
029,510126000590,0520,Weyanoke Elementary,PK,05,Public school - Regular,Elementary,Alexandria,22312,Membership,0290520,Northern Virginia,4,Fairfax County
029,510126001843,0400,White Oaks Elementary,PK,06,Public school - Regular,Elementary,Burke,22015,Membership,0290400,Northern Virginia,4,Fairfax County
029,510126000475,1550,Whitman Middle,07,08,Public school - Regular,Middle,Alexandria,22306,Membership,0291550,Northern Virginia,4,Fairfax County
029,510126002147,2060,Willow Springs Elementary,PK,06,Public school - Regular,Elementary,Fairfax,22030,Membership,0292060,Northern Virginia,4,Fairfax County
029,510126000594,1810,Wolftrap Elementary,PK,06,Public school - Regular,Elementary,Vienna,22182,Membership,0291810,Northern Virginia,4,Fairfax County
029,510126000597,0650,Woodburn Elementary,PK,06,Public school - Regular,Elementary,Falls Church,22042,Membership,0290650,Northern Virginia,4,Fairfax County
029,510126000598,0380,Woodlawn Elementary,PK,06,Public school - Regular,Elementary,Alexandria,22309,Membership,0290380,Northern Virginia,4,Fairfax County
029,510126000599,0590,Woodley Hills Elementary,PK,06,Public school - Regular,Elementary,Alexandria,22309,Membership,0290590,Northern Virginia,4,Fairfax County
029,510126000600,1260,Woodson High,09,12,Public school - Regular,High,Fairfax,22031,Membership,0291260,Northern Virginia,4,Fairfax County
109,NA,9990,Community PK School,NA,NA,Public center - Alternative,NA,NA,NA,Non-Membership,1099990,Northern Virginia,4,Falls Church City
109,NA,9991,Home Educational Services,NA,NA,Public center - Alternative,NA,NA,NA,Non-Membership,1099991,Northern Virginia,4,Falls Church City
109,NA,9999,Homebased,NA,NA,Public center - Alternative,NA,NA,NA,Non-Membership,1099999,Northern Virginia,4,Falls Church City
109,NA,9998,Homebound,NA,NA,Public center - Alternative,NA,NA,NA,Non-Membership,1099998,Northern Virginia,4,Falls Church City
109,510129002971,0270,Jessie Thackrey Preschool,PK,PK,Public school - Preschool,Prekindergarten,Falls Church,22046,Membership,1090270,Northern Virginia,4,Falls Church City
109,510129000284,0252,Mary Ellen Henderson Middle School,06,08,Public school - Regular,Middle,Falls Church,22043,Membership,1090252,Northern Virginia,4,Falls Church City
109,510129000283,0251,Meridian High School,09,12,Public school - Regular,High,Falls Church,22043,Membership,1090251,Northern Virginia,4,Falls Church City
109,510129002204,0240,Mount Daniel Elementary School,KG,02,Public school - Regular,Elementary,Falls Church,22046,Membership,1090240,Northern Virginia,4,Falls Church City
109,510129001844,0260,Oak Street Elementary School,03,05,Public school - Regular,Elementary,Falls Church,22046,Membership,1090260,Northern Virginia,4,Falls Church City
109,NA,8888,Special Situation Schools,NA,NA,Unknown,NA,NA,NA,Non-Membership,1098888,Northern Virginia,4,Falls Church City
109,NA,9992,Suspension Services,NA,NA,Public center - Alternative,NA,NA,NA,Non-Membership,1099992,Northern Virginia,4,Falls Church City
030,510132002186,0703,Alternative Education Center,NA,NA,Public center - Alternative,NA,Midland,22728,Non-Membership,0300703,Northern Virginia,4,Fauquier County
030,510132002409,0854,Auburn Middle,06,08,Public school - Regular,Middle,Warrenton,20187,Membership,0300854,Northern Virginia,4,Fauquier County
030,510132002185,0460,C. Hunter Ritchie Elementary,PK,05,Public school - Regular,Elementary,New Baltimore,20187,Membership,0300460,Northern Virginia,4,Fauquier County
030,510132000604,0730,C.M. Bradley Elementary,PK,05,Public school - Regular,Elementary,Warrenton,20186,Membership,0300730,Northern Virginia,4,Fauquier County
030,510132000605,0520,Cedar Lee Middle,06,08,Public school - Regular,Middle,Bealeton,22712,Membership,0300520,Northern Virginia,4,Fauquier County
030,510132000610,0120,Claude Thompson Elementary,PK,05,Public school - Regular,Elementary,Marshall,20115,Membership,0300120,Northern Virginia,4,Fauquier County
030,NA,9990,Community PK School,NA,NA,Public center - Alternative,NA,NA,NA,Non-Membership,0309990,Northern Virginia,4,Fauquier County
030,510132000607,0701,Fauquier High,09,12,Public school - Regular,High,Warrenton,20186,Membership,0300701,Northern Virginia,4,Fauquier County
030,510132002184,0450,Grace Miller Elementary,PK,05,Public school - Regular,Elementary,Bealeton,22712,Membership,0300450,Northern Virginia,4,Fauquier County
030,510132002786,0511,Greenville Elementary,PK,05,Public school - Regular,Elementary,Nokesville,20181,Membership,0300511,Northern Virginia,4,Fauquier County
030,510132000608,0750,H.M. Pearson Elementary,PK,05,Public school - Regular,Elementary,Catlett,20119,Membership,0300750,Northern Virginia,4,Fauquier County
030,NA,9991,Home Educational Services,NA,NA,Public center - Alternative,NA,NA,NA,Non-Membership,0309991,Northern Virginia,4,Fauquier County
030,NA,9999,Homebased,NA,NA,Public center - Alternative,NA,NA,NA,Non-Membership,0309999,Northern Virginia,4,Fauquier County
030,NA,9998,Homebound,NA,NA,Public center - Alternative,NA,NA,NA,Non-Membership,0309998,Northern Virginia,4,Fauquier County
030,510132002533,0853,James G. Brumfield Elementary,PK,05,Public school - Regular,Elementary,Warrenton,20186,Membership,0300853,Northern Virginia,4,Fauquier County
030,510132002785,0510,Kettle Run High,09,12,Public school - Regular,High,Nokesville,20181,Membership,0300510,Northern Virginia,4,Fauquier County
030,510132000854,0851,Liberty High,09,12,Public school - Regular,High,Bealeton,22712,Membership,0300851,Northern Virginia,4,Fauquier County
030,NA,9997,Local or Regional Jail,KG,12,Local or Regional Jail,Other,Midland,22728,Membership,0309997,Northern Virginia,4,Fauquier County
030,510132000612,0530,Margaret M. Pierce Elementary,PK,05,Public school - Regular,Elementary,Remington,22734,Membership,0300530,Northern Virginia,4,Fauquier County
030,510132000609,0010,Marshall Middle,06,08,Public school - Regular,Middle,Marshall,20115,Membership,0300010,Northern Virginia,4,Fauquier County
030,510132001846,0020,Mary Walter Elementary,PK,05,Public school - Regular,Elementary,Bealeton,22712,Membership,0300020,Northern Virginia,4,Fauquier County
030,510132000611,0720,P.B. Smith Elementary,PK,05,Public school - Regular,Elementary,Warrenton,20187,Membership,0300720,Northern Virginia,4,Fauquier County
030,NA,8888,Special Situation Schools,NA,NA,Unknown,NA,NA,NA,Non-Membership,0308888,Northern Virginia,4,Fauquier County
030,NA,9992,Suspension Services,NA,NA,Public center - Alternative,NA,NA,NA,Non-Membership,0309992,Northern Virginia,4,Fauquier County
030,510132000614,0670,W.C. Taylor Middle,06,08,Public school - Regular,Middle,Warrenton,20186,Membership,0300670,Northern Virginia,4,Fauquier County
030,510132000615,0740,W.G. Coleman Elementary,PK,05,Public school - Regular,Elementary,Marshall,20116,Membership,0300740,Northern Virginia,4,Fauquier County
031,510135000617,0090,Check Elementary,PK,07,Public school - Regular,Elementary,Check,24072,Membership,0310090,Western Virginia,6,Floyd County
031,NA,9990,Community PK School,NA,NA,Public center - Alternative,NA,NA,NA,Non-Membership,0319990,Western Virginia,6,Floyd County
031,510135000618,0660,Floyd County High,08,12,Public school - Regular,High,Floyd,24091,Membership,0310660,Western Virginia,6,Floyd County
031,510135000619,0360,Floyd Elementary,PK,07,Public school - Regular,Elementary,Floyd,24091,Membership,0310360,Western Virginia,6,Floyd County
031,NA,9991,Home Educational Services,NA,NA,Public center - Alternative,NA,NA,NA,Non-Membership,0319991,Western Virginia,6,Floyd County
031,NA,9999,Homebased,NA,NA,Public center - Alternative,NA,NA,NA,Non-Membership,0319999,Western Virginia,6,Floyd County
031,NA,9998,Homebound,NA,NA,Public center - Alternative,NA,NA,NA,Non-Membership,0319998,Western Virginia,6,Floyd County
031,510135000620,0650,Indian Valley Elementary,KG,07,Public school - Regular,Elementary,Radford,24141,Membership,0310650,Western Virginia,6,Floyd County
031,NA,8888,Special Situation Schools,NA,NA,Unknown,NA,NA,NA,Non-Membership,0318888,Western Virginia,6,Floyd County
031,NA,9992,Suspension Services,NA,NA,Public center - Alternative,NA,NA,NA,Non-Membership,0319992,Western Virginia,6,Floyd County
031,510135000621,0500,Willis Elementary,PK,07,Public school - Regular,Elementary,Willis,24380,Membership,0310500,Western Virginia,6,Floyd County
032,510138000622,0300,Carysbrook Elementary,03,04,Public school - Regular,Elementary,Fork Union,23055,Membership,0320300,Valley,5,Fluvanna County
032,510138002868,0310,Central Elementary,PK,02,Public school - Regular,Elementary,Palmyra,22963,Membership,0320310,Valley,5,Fluvanna County
032,NA,9990,Community PK School,NA,NA,Public center - Alternative,NA,NA,NA,Non-Membership,0329990,Valley,5,Fluvanna County
032,510138000625,0260,Fluvanna County High,08,12,Public school - Regular,High,Palmyra,22963,Membership,0320260,Valley,5,Fluvanna County
032,510138000089,0320,Fluvanna Middle,05,07,Public school - Regular,Middle,Palmyra,22963,Membership,0320320,Valley,5,Fluvanna County
032,NA,9991,Home Educational Services,NA,NA,Public center - Alternative,NA,NA,NA,Non-Membership,0329991,Valley,5,Fluvanna County
032,NA,9999,Homebased,NA,NA,Public center - Alternative,NA,NA,NA,Non-Membership,0329999,Valley,5,Fluvanna County
032,NA,9998,Homebound,NA,NA,Public center - Alternative,NA,NA,NA,Non-Membership,0329998,Valley,5,Fluvanna County
032,NA,8888,Special Situation Schools,NA,NA,Unknown,NA,NA,NA,Non-Membership,0328888,Valley,5,Fluvanna County
032,NA,9992,Suspension Services,NA,NA,Public center - Alternative,NA,NA,NA,Non-Membership,0329992,Valley,5,Fluvanna County
135,NA,9990,Community PK School,NA,NA,Public center - Alternative,NA,NA,NA,Non-Membership,1359990,Tidewater,2,Franklin City
135,510141000628,0020,Franklin High,07,12,Public school - Regular,High,Franklin,23851,Membership,1350020,Tidewater,2,Franklin City
135,NA,9991,Home Educational Services,NA,NA,Public center - Alternative,NA,NA,NA,Non-Membership,1359991,Tidewater,2,Franklin City
135,NA,9999,Homebased,NA,NA,Public center - Alternative,NA,NA,NA,Non-Membership,1359999,Tidewater,2,Franklin City
135,NA,9998,Homebound,NA,NA,Public center - Alternative,NA,NA,NA,Non-Membership,1359998,Tidewater,2,Franklin City
135,NA,0012,J.P. King,Jr. Career and Technical Academy,NA,Local Education Agency,Public center - Career and Technical Ed.,NA,VA,"757-562-4631,Non-Membership",1350012,Tidewater,2,Franklin City
135,510141000631,0010,S.P. Morton Elementary,PK,06,Public school - Regular,Elementary,Franklin,23851,Membership,1350010,Tidewater,2,Franklin City
135,NA,8888,Special Situation Schools,NA,NA,Unknown,NA,NA,NA,Non-Membership,1358888,Tidewater,2,Franklin City
135,NA,9992,Suspension Services,NA,NA,Public center - Alternative,NA,NA,NA,Non-Membership,1359992,Tidewater,2,Franklin City
033,510144002187,0031,Benjamin Franklin Middle,06,08,Public school - Regular,Middle,Rocky Mount,24151,Membership,0330031,Western Virginia,6,Franklin County
033,510144000632,1370,Boones Mill Elementary,PK,05,Public school - Regular,Elementary,Boones Mill,24065,Membership,0331370,Western Virginia,6,Franklin County
033,510144000634,0350,Callaway Elementary,PK,05,Public school - Regular,Elementary,Callaway,24067,Membership,0330350,Western Virginia,6,Franklin County
033,NA,9990,Community PK School,NA,NA,Public center - Alternative,NA,NA,NA,Non-Membership,0339990,Western Virginia,6,Franklin County
033,510144000635,0020,Dudley Elementary,PK,05,Public school - Regular,Elementary,Wirtz,24184,Membership,0330020,Western Virginia,6,Franklin County
033,510144000636,1360,Ferrum Elementary,PK,05,Public school - Regular,Elementary,Ferrum,24088,Membership,0331360,Western Virginia,6,Franklin County
033,510144000637,1311,Franklin County High,09,12,Public school - Regular,High,Rocky Mount,24151,Membership,0331311,Western Virginia,6,Franklin County
033,NA,1484,Franklin County High-Ramsey,NA,NA,SNP feeding site,NA,Rocky Mount,24151,Non-Membership,0331484,Western Virginia,6,Franklin County
033,NA,1485,Franklin County Secondary Learning Center,NA,NA,Public center - Alternative,NA,Rocky Mount,24151,Non-Membership,0331485,Western Virginia,6,Franklin County
033,510144000639,0690,Glade Hill Elementary,PK,05,Public school - Regular,Elementary,Glade Hill,24092,Membership,0330690,Western Virginia,6,Franklin County
033,NA,9991,Home Educational Services,NA,NA,Public center - Alternative,NA,NA,NA,Non-Membership,0339991,Western Virginia,6,Franklin County
033,NA,9999,Homebased,NA,NA,Public center - Alternative,NA,NA,NA,Non-Membership,0339999,Western Virginia,6,Franklin County
033,NA,9998,Homebound,NA,NA,Public center - Alternative,NA,NA,NA,Non-Membership,0339998,Western Virginia,6,Franklin County
033,510144000641,0660,Lee M. Waid Elementary,PK,05,Public school - Regular,Elementary,Rocky Mount,24151,Membership,0330660,Western Virginia,6,Franklin County
033,NA,9997,Local or Regional Jail,KG,12,Local or Regional Jail,Other,Rocky Mount,24151,Membership,0339997,Western Virginia,6,Franklin County
033,510144000642,1380,Rocky Mount Elementary,PK,05,Public school - Regular,Elementary,Rocky Mount,24151,Membership,0331380,Western Virginia,6,Franklin County
033,510144000643,1170,Snow Creek Elementary,PK,05,Public school - Regular,Elementary,Penhook,24137,Membership,0331170,Western Virginia,6,Franklin County
033,510144000644,0960,Sontag Elementary,PK,05,Public school - Regular,Elementary,Rocky Mount,24151,Membership,0330960,Western Virginia,6,Franklin County
033,NA,8888,Special Situation Schools,NA,NA,Unknown,NA,NA,NA,Non-Membership,0338888,Western Virginia,6,Franklin County
033,NA,9992,Suspension Services,NA,NA,Public center - Alternative,NA,NA,NA,Non-Membership,0339992,Western Virginia,6,Franklin County
033,510144002763,0980,Windy Gap Elementary,PK,05,Public school - Regular,Elementary,Hardy,24101,Membership,0330980,Western Virginia,6,Franklin County
034,510147002437,0586,Admiral Richard E. Byrd Middle,06,08,Public school - Regular,Middle,Winchester,22602,Membership,0340586,Northern Virginia,4,Frederick County
034,510147000646,0010,Apple Pie Ridge Elementary,PK,05,Public school - Regular,Elementary,Winchester,22603,Membership,0340010,Northern Virginia,4,Frederick County
034,510147000091,0320,Armel Elementary,KG,05,Public school - Regular,Elementary,Winchester,22602,Membership,0340320,Northern Virginia,4,Frederick County
034,510147000647,0020,Bass-Hoover Elementary,KG,05,Public school - Regular,Elementary,Stephens City,22655,Membership,0340020,Northern Virginia,4,Frederick County
034,NA,9990,Community PK School,NA,NA,Public center - Alternative,NA,NA,NA,Non-Membership,0349990,Northern Virginia,4,Frederick County
034,NA,0585,Dowell J. Howard School,NA,NA,Public center - Alternative,NA,Winchester,22602,Non-Membership,0340585,Northern Virginia,4,Frederick County
034,510147002501,0587,Evendale Elementary,PK,05,Public school - Regular,Elementary,Winchester,22602,Membership,0340587,Northern Virginia,4,Frederick County
034,510147000649,0460,Frederick County Middle,06,08,Public school - Regular,Middle,Winchester,22603,Membership,0340460,Northern Virginia,4,Frederick County
034,510147000095,0380,Gainesboro Elementary,PK,05,Public school - Regular,Elementary,Winchester,22603,Membership,0340380,Northern Virginia,4,Frederick County
034,510147002808,0590,Greenwood Mill Elementary,KG,05,Public school - Regular,Elementary,Winchester,22602,Membership,0340590,Northern Virginia,4,Frederick County
034,NA,9991,Home Educational Services,NA,NA,Public center - Alternative,NA,NA,NA,Non-Membership,0349991,Northern Virginia,4,Frederick County
034,NA,9999,Homebased,NA,NA,Public center - Alternative,NA,NA,NA,Non-Membership,0349999,Northern Virginia,4,Frederick County
034,NA,9998,Homebound,NA,NA,Public center - Alternative,NA,NA,NA,Non-Membership,0349998,Northern Virginia,4,Frederick County
034,510147002121,0040,Indian Hollow Elementary,KG,05,Public school - Regular,Elementary,Winchester,22603,Membership,0340040,Northern Virginia,4,Frederick County
034,510147000652,0030,James Wood High,09,12,Public school - Regular,High,Winchester,22603,Membership,0340030,Northern Virginia,4,Frederick County
034,510147000523,0420,James Wood Middle,06,08,Public school - Regular,Middle,Winchester,22601,Membership,0340420,Northern Virginia,4,Frederick County
034,510147003071,0591,Jordan Springs Elementary,KG,05,Public school - Regular,Elementary,Stephenson,22656,Membership,0340591,Northern Virginia,4,Frederick County
034,NA,9997,Local or Regional Jail,KG,12,Local or Regional Jail,Other,Winchester,22601,Membership,0349997,Northern Virginia,4,Frederick County
034,510147002149,0340,Middletown Elementary,KG,05,Public school - Regular,Elementary,Middletown,22645,Membership,0340340,Northern Virginia,4,Frederick County
034,510147002337,0584,Millbrook High,09,12,Public school - Regular,High,Winchester,22603,Membership,0340584,Northern Virginia,4,Frederick County
034,510147002534,0583,Orchard View Elementary,KG,05,Public school - Regular,Elementary,Winchester,22602,Membership,0340583,Northern Virginia,4,Frederick County
034,510147001381,0582,Redbud Run Elementary,KG,05,Public school - Regular,Elementary,Winchester,22603,Membership,0340582,Northern Virginia,4,Frederick County
034,510147000656,0480,Robert E. Aylor Middle,06,08,Public school - Regular,Middle,White Post,22663,Membership,0340480,Northern Virginia,4,Frederick County
034,510147000524,0581,Sherando High,09,12,Public school - Regular,High,Stephens City,22655,Membership,0340581,Northern Virginia,4,Frederick County
034,NA,8888,Special Situation Schools,NA,NA,Unknown,NA,NA,NA,Non-Membership,0348888,Northern Virginia,4,Frederick County
034,510147000659,0410,Stonewall Elementary,KG,05,Public school - Regular,Elementary,Clear Brook,22624,Membership,0340410,Northern Virginia,4,Frederick County
034,NA,9992,Suspension Services,NA,NA,Public center - Alternative,NA,NA,NA,Non-Membership,0349992,Northern Virginia,4,Frederick County
110,NA,9990,Community PK School,NA,NA,Public center - Alternative,NA,NA,NA,Non-Membership,1109990,Northern Neck,3,Fredericksburg City
110,510151003155,0020,Gladys West Elementary,KG,05,Public school - Regular,Elementary,Fredericksburg,22401,Membership,1100020,Northern Neck,3,Fredericksburg City
110,NA,9991,Home Educational Services,NA,NA,Public center - Alternative,NA,NA,NA,Non-Membership,1109991,Northern Neck,3,Fredericksburg City
110,NA,9999,Homebased,NA,NA,Public center - Alternative,NA,NA,NA,Non-Membership,1109999,Northern Neck,3,Fredericksburg City
110,NA,9998,Homebound,NA,NA,Public center - Alternative,NA,NA,NA,Non-Membership,1109998,Northern Neck,3,Fredericksburg City
110,510151000660,0050,Hugh Mercer Elementary,KG,05,Public school - Regular,Elementary,Fredericksburg,22401,Membership,1100050,Northern Neck,3,Fredericksburg City
110,510151000661,0040,James Monroe High,09,12,Public school - Regular,High,Fredericksburg,22401,Membership,1100040,Northern Neck,3,Fredericksburg City
110,510151002468,0272,Lafayette Elementary,KG,05,Public school - Regular,Elementary,Fredericksburg,22401,Membership,1100272,Northern Neck,3,Fredericksburg City
110,NA,8888,Special Situation Schools,NA,NA,Unknown,NA,NA,NA,Non-Membership,1108888,Northern Neck,3,Fredericksburg City
110,NA,9992,Suspension Services,NA,NA,Public center - Alternative,NA,NA,NA,Non-Membership,1109992,Northern Neck,3,Fredericksburg City
110,510151002274,0030,Walker-Grant Early Childhood Center,PK,PK,Public school - Preschool,Prekindergarten,Fredericksburg,22401,Membership,1100030,Northern Neck,3,Fredericksburg City
110,510151002612,0273,Walker-Grant Middle,06,08,Public school - Regular,Middle,Fredericksburg,22401,Membership,1100273,Northern Neck,3,Fredericksburg City
111,NA,9990,Community PK School,NA,NA,Public center - Alternative,NA,NA,NA,Non-Membership,1119990,Southwest,7,Galax City
111,NA,0260,Galax Cooperative Program,NA,NA,Public center - Special Education,NA,Galax,24333,Non-Membership,1110260,Southwest,7,Galax City
111,510156000665,0010,Galax Elementary,PK,05,Public school - Regular,Elementary,Galax,24333,Membership,1110010,Southwest,7,Galax City
111,510156000301,0031,Galax High,09,12,Public school - Regular,High,Galax,24333,Membership,1110031,Southwest,7,Galax City
111,510156000356,0032,Galax Middle,06,08,Public school - Regular,Middle,Galax,24333,Membership,1110032,Southwest,7,Galax City
111,NA,9991,Home Educational Services,NA,NA,Public center - Alternative,NA,NA,NA,Non-Membership,1119991,Southwest,7,Galax City
111,NA,9999,Homebased,NA,NA,Public center - Alternative,NA,NA,NA,Non-Membership,1119999,Southwest,7,Galax City
111,NA,9998,Homebound,NA,NA,Public center - Alternative,NA,NA,NA,Non-Membership,1119998,Southwest,7,Galax City
111,NA,8888,Special Situation Schools,NA,NA,Unknown,NA,NA,NA,Non-Membership,1118888,Southwest,7,Galax City
111,NA,9992,Suspension Services,NA,NA,Public center - Alternative,NA,NA,NA,Non-Membership,1119992,Southwest,7,Galax City
035,NA,9990,Community PK School,NA,NA,Public center - Alternative,NA,NA,NA,Non-Membership,0359990,Southwest,7,Giles County
035,510159001920,0010,Eastern Elementary/Middle,PK,07,Public school - Regular,Elementary,Pembroke,24136,Membership,0350010,Southwest,7,Giles County
035,510159003123,0112,Giles County K-12 Virtual School,KG,12,Public school - Virtual,Other,Pearisburg,24134,Membership,0350112,Southwest,7,Giles County
035,510159000668,0462,Giles County Tech. Center,NA,NA,Public center - Career and Technical Ed.,NA,Pearisburg,24134,Non-Membership,0350462,Southwest,7,Giles County
035,510159000669,0461,Giles High,08,12,Public school - Regular,High,Pearisburg,24134,Membership,0350461,Southwest,7,Giles County
035,NA,9991,Home Educational Services,NA,NA,Public center - Alternative,NA,NA,NA,Non-Membership,0359991,Southwest,7,Giles County
035,NA,9999,Homebased,NA,NA,Public center - Alternative,NA,NA,NA,Non-Membership,0359999,Southwest,7,Giles County
035,NA,9998,Homebound,NA,NA,Public center - Alternative,NA,NA,NA,Non-Membership,0359998,Southwest,7,Giles County
035,510159000671,0390,Macy Mcclaugherty Elementary/Middle,PK,07,Public school - Regular,Elementary,Pearisburg,24134,Membership,0350390,Southwest,7,Giles County
035,510159000672,0400,Narrows Elementary/Middle,PK,07,Public school - Regular,Elementary,Narrows,24124,Membership,0350400,Southwest,7,Giles County
035,510159000673,0470,Narrows High,08,12,Public school - Regular,High,Narrows,24124,Membership,0350470,Southwest,7,Giles County
035,NA,8888,Special Situation Schools,NA,NA,Unknown,NA,NA,NA,Non-Membership,0358888,Southwest,7,Giles County
035,NA,9992,Suspension Services,NA,NA,Public center - Alternative,NA,NA,NA,Non-Membership,0359992,Southwest,7,Giles County
036,510162000677,0250,Abingdon Elementary,PK,05,Public school - Regular,Elementary,Hayes,23072,Membership,0360250,Northern Neck,3,Gloucester County
036,510162000678,0240,Achilles Elementary,PK,05,Public school - Regular,Elementary,Hayes,23072,Membership,0360240,Northern Neck,3,Gloucester County
036,510162001616,0381,Bethel Elementary,PK,05,Public school - Regular,Elementary,Gloucester,23061,Membership,0360381,Northern Neck,3,Gloucester County
036,510162000679,0100,Botetourt Elementary,PK,05,Public school - Regular,Elementary,Gloucester,23061,Membership,0360100,Northern Neck,3,Gloucester County
036,NA,9990,Community PK School,NA,NA,Public center - Alternative,NA,NA,NA,Non-Membership,0369990,Northern Neck,3,Gloucester County
036,510162002975,0290,Gloucester & Mathews Counties Gov's Health Sciences Academy,NA,NA,Public center - Governor's Health Academy,NA,Gloucester,23061,Non-Membership,0360290,Northern Neck,3,Gloucester County
036,510162000680,0260,Gloucester High,09,12,Public school - Regular,High,Gloucester,23061,Membership,0360260,Northern Neck,3,Gloucester County
036,NA,9991,Home Educational Services,NA,NA,Public center - Alternative,NA,NA,NA,Non-Membership,0369991,Northern Neck,3,Gloucester County
036,NA,9999,Homebased,NA,NA,Public center - Alternative,NA,NA,NA,Non-Membership,0369999,Northern Neck,3,Gloucester County
036,NA,9998,Homebound,NA,NA,Public center - Alternative,NA,NA,NA,Non-Membership,0369998,Northern Neck,3,Gloucester County
036,NA,9997,Local or Regional Jail,KG,12,Local or Regional Jail,Other,Gloucester,23061,Membership,0369997,Northern Neck,3,Gloucester County
036,510162003022,0802,Page Middle,06,08,Public school - Regular,Middle,Gloucester,23061,Membership,0360802,Northern Neck,3,Gloucester County
036,510162002188,0280,Peasley Middle,06,08,Public school - Regular,Middle,Gloucester,23061,Membership,0360280,Northern Neck,3,Gloucester County
036,510162002065,0270,Petsworth Elementary,PK,05,Public school - Regular,Elementary,Gloucester,23061,Membership,0360270,Northern Neck,3,Gloucester County
036,NA,8888,Special Situation Schools,NA,NA,Unknown,NA,NA,NA,Non-Membership,0368888,Northern Neck,3,Gloucester County
036,NA,9992,Suspension Services,NA,NA,Public center - Alternative,NA,NA,NA,Non-Membership,0369992,Northern Neck,3,Gloucester County
037,510165000683,0120,Byrd Elementary,PK,05,Public school - Regular,Elementary,Goochland,23063,Membership,0370120,Central Virginia,1,Goochland County
037,NA,9990,Community PK School,NA,NA,Public center - Alternative,NA,NA,NA,Non-Membership,0379990,Central Virginia,1,Goochland County
037,NA,0371,Early Childhood Dev. Ctr Feeding Site,NA,NA,SNP feeding site,NA,Goochland,23063,Non-Membership,0370371,Central Virginia,1,Goochland County
037,510165000685,0360,Goochland Elementary,PK,05,Public school - Regular,Elementary,Goochland,23063,Membership,0370360,Central Virginia,1,Goochland County
037,510165000686,0220,Goochland High,09,12,Public school - Regular,High,Goochland,23063,Membership,0370220,Central Virginia,1,Goochland County
037,510165000687,0340,Goochland Middle,06,08,Public school - Regular,Middle,Goochland,23063,Membership,0370340,Central Virginia,1,Goochland County
037,NA,9991,Home Educational Services,NA,NA,Public center - Alternative,NA,NA,NA,Non-Membership,0379991,Central Virginia,1,Goochland County
037,NA,9999,Homebased,NA,NA,Public center - Alternative,NA,NA,NA,Non-Membership,0379999,Central Virginia,1,Goochland County
037,NA,9998,Homebound,NA,NA,Public center - Alternative,NA,NA,NA,Non-Membership,0379998,Central Virginia,1,Goochland County
037,510165000689,0260,Randolph Elementary,PK,05,Public school - Regular,Elementary,Crozier,23039,Membership,0370260,Central Virginia,1,Goochland County
037,NA,8888,Special Situation Schools,NA,NA,Unknown,NA,NA,NA,Non-Membership,0378888,Central Virginia,1,Goochland County
037,NA,9992,Suspension Services,NA,NA,Public center - Alternative,NA,NA,NA,Non-Membership,0379992,Central Virginia,1,Goochland County
038,NA,9990,Community PK School,NA,NA,Public center - Alternative,NA,NA,NA,Non-Membership,0389990,Southwest,7,Grayson County
038,510169000693,0480,Fairview Elementary,KG,05,Public school - Regular,Elementary,Galax,24333,Membership,0380480,Southwest,7,Grayson County
038,510169002747,0911,Fries Elementary,PK,07,Public school - Regular,Elementary,Fries,24330,Membership,0380911,Southwest,7,Grayson County
038,510169000697,0421,Grayson County High,09,12,Public school - Regular,High,Independence,24348,Membership,0380421,Southwest,7,Grayson County
038,510169000695,0423,Grayson County High Career & Technical Education,NA,NA,Public center - Career and Technical Ed.,NA,Independence,24348,Non-Membership,0380423,Southwest,7,Grayson County
038,510169002806,0430,Grayson Highlands,PK,07,Public school - Regular,Elementary,Troutdale,24378,Membership,0380430,Southwest,7,Grayson County
038,NA,9991,Home Educational Services,NA,NA,Public center - Alternative,NA,NA,NA,Non-Membership,0389991,Southwest,7,Grayson County
038,NA,9999,Homebased,NA,NA,Public center - Alternative,NA,NA,NA,Non-Membership,0389999,Southwest,7,Grayson County
038,NA,9998,Homebound,NA,NA,Public center - Alternative,NA,NA,NA,Non-Membership,0389998,Southwest,7,Grayson County
038,510169000696,0422,Independence Elementary,KG,05,Public school - Regular,Elementary,Independence,24348,Membership,0380422,Southwest,7,Grayson County
038,510169002189,0011,Independence Middle,06,08,Public school - Regular,Middle,Independence,24348,Membership,0380011,Southwest,7,Grayson County
038,NA,8888,Special Situation Schools,NA,NA,Unknown,NA,NA,NA,Non-Membership,0388888,Southwest,7,Grayson County
038,NA,9992,Suspension Services,NA,NA,Public center - Alternative,NA,NA,NA,Non-Membership,0389992,Southwest,7,Grayson County
039,510171002439,0282,Alternative Education Center,NA,NA,Public center - Alternative,NA,Stanardsville,22973,Non-Membership,0390282,Valley,5,Greene County
039,NA,9990,Community PK School,NA,NA,Public center - Alternative,NA,NA,NA,Non-Membership,0399990,Valley,5,Greene County
039,510171001382,0080,Greene County Technical Education Center,NA,NA,Public center - Career and Technical Ed.,NA,Standardsville,22973,Non-Membership,0390080,Valley,5,Greene County
039,NA,9991,Home Educational Services,NA,NA,Public center - Alternative,NA,NA,NA,Non-Membership,0399991,Valley,5,Greene County
039,NA,9999,Homebased,NA,NA,Public center - Alternative,NA,NA,NA,Non-Membership,0399999,Valley,5,Greene County
039,NA,9998,Homebound,NA,NA,Public center - Alternative,NA,NA,NA,Non-Membership,0399998,Valley,5,Greene County
039,510171002190,0020,Nathanael Greene Elementary,03,05,Public school - Regular,Elementary,Stanardsville,22973,Membership,0390020,Valley,5,Greene County
039,510171000700,0010,Nathanael Greene Primary,PK,02,Public school - Regular,Elementary,Stanardsville,22973,Membership,0390010,Valley,5,Greene County
039,510171001802,0030,Ruckersville Elementary,KG,05,Public school - Regular,Elementary,Ruckersville,22968,Membership,0390030,Valley,5,Greene County
039,NA,8888,Special Situation Schools,NA,NA,Unknown,NA,NA,NA,Non-Membership,0398888,Valley,5,Greene County
039,NA,9992,Suspension Services,NA,NA,Public center - Alternative,NA,NA,NA,Non-Membership,0399992,Valley,5,Greene County
039,510171000702,0072,William Monroe High,09,12,Public school - Regular,High,Stanardsville,22973,Membership,0390072,Valley,5,Greene County
039,510171000106,0071,William Monroe Middle,06,08,Public school - Regular,Middle,Stanardsville,22973,Membership,0390071,Valley,5,Greene County
040,NA,9990,Community PK School,NA,NA,Public center - Alternative,NA,NA,NA,Non-Membership,0409990,Southside,8,Greensville County
040,510174000707,0190,Edward W. Wyatt Middle,06,08,Public school - Regular,Middle,Emporia,23847,Membership,0400190,Southside,8,Greensville County
040,510174000706,0200,Greensville County High,09,12,Public school - Regular,High,Emporia,23847,Membership,0400200,Southside,8,Greensville County
040,510174001827,0050,Greensville Elementary,PK,05,Public school - Regular,Elementary,Emporia,23847,Membership,0400050,Southside,8,Greensville County
040,NA,9991,Home Educational Services,NA,NA,Public center - Alternative,NA,NA,NA,Non-Membership,0409991,Southside,8,Greensville County
040,NA,9999,Homebased,NA,NA,Public center - Alternative,NA,NA,NA,Non-Membership,0409999,Southside,8,Greensville County
040,NA,9998,Homebound,NA,NA,Public center - Alternative,NA,NA,NA,Non-Membership,0409998,Southside,8,Greensville County
040,NA,9997,Local or Regional Jail,KG,12,Local or Regional Jail,Other,Emporia,23847,Membership,0409997,Southside,8,Greensville County
040,NA,8888,Special Situation Schools,NA,NA,Unknown,NA,NA,NA,Non-Membership,0408888,Southside,8,Greensville County
040,NA,9992,Suspension Services,NA,NA,Public center - Alternative,NA,NA,NA,Non-Membership,0409992,Southside,8,Greensville County
041,510177000710,1560,Clays Mill Elementary,KG,05,Public school - Regular,Elementary,Scottsburg,24589,Membership,0411560,Southside,8,Halifax County
041,510177002745,0020,Cluster Springs Elementary,KG,05,Public school - Regular,Elementary,Alton,24520,Membership,0410020,Southside,8,Halifax County
041,NA,9990,Community PK School,NA,NA,Public center - Alternative,NA,NA,NA,Non-Membership,0419990,Southside,8,Halifax County
041,510177001848,0010,Halifax County High,09,12,Public school - Regular,High,South Boston,24592,Membership,0410010,Southside,8,Halifax County
041,510177000714,1480,Halifax County Middle,06,08,Public school - Regular,Middle,South Boston,24592,Membership,0411480,Southside,8,Halifax County
041,NA,9991,Home Educational Services,NA,NA,Public center - Alternative,NA,NA,NA,Non-Membership,0419991,Southside,8,Halifax County
041,NA,9999,Homebased,NA,NA,Public center - Alternative,NA,NA,NA,Non-Membership,0419999,Southside,8,Halifax County
041,NA,9998,Homebound,NA,NA,Public center - Alternative,NA,NA,NA,Non-Membership,0419998,Southside,8,Halifax County
041,NA,9997,Local or Regional Jail,KG,12,Local or Regional Jail,Other,Halifax,24558,Membership,0419997,Southside,8,Halifax County
041,510177000716,1550,Meadville Elementary,KG,05,Public school - Regular,Elementary,Nathalie,24577,Membership,0411550,Southside,8,Halifax County
041,510177000717,1510,Scottsburg Elementary,KG,05,Public school - Regular,Elementary,Scottsburg,24589,Membership,0411510,Southside,8,Halifax County
041,510177002769,1521,Sinai Elementary,KG,05,Public school - Regular,Elementary,Halifax,24558,Membership,0411521,Southside,8,Halifax County
041,510177002759,0030,South Boston Elementary,KG,05,Public school - Regular,Elementary,South Boston,24592,Membership,0410030,Southside,8,Halifax County
041,510177002836,0950,South Boston/Halifax Early Learning Center,PK,PK,Public school - Preschool,Prekindergarten,South Boston,24592,Membership,0410950,Southside,8,Halifax County
041,NA,8888,Special Situation Schools,NA,NA,Unknown,NA,NA,NA,Non-Membership,0418888,Southside,8,Halifax County
041,NA,9992,Suspension Services,NA,NA,Public center - Alternative,NA,NA,NA,Non-Membership,0419992,Southside,8,Halifax County
041,510177000720,1490,Sydnor Jennings Elementary,KG,05,Public school - Regular,Elementary,Nathalie,24577,Membership,0411490,Southside,8,Halifax County
112,510180000725,0500,A.W.E. Bassette Elementary,PK,05,Public school - Regular,Elementary,Hampton,23661,Membership,1120500,Tidewater,2,Hampton City
112,510180000726,0160,Aberdeen Elementary,PK,05,Public school - Regular,Elementary,Hampton,23666,Membership,1120160,Tidewater,2,Hampton City
112,510180000732,0470,Albert W. Patrick III Elementary,KG,05,Public school - Regular,Elementary,Hampton,23669,Membership,1120470,Tidewater,2,Hampton City
112,510180000727,0260,Alfred S. Forrest Elementary,KG,05,Public school - Regular,Elementary,Hampton,23666,Membership,1120260,Tidewater,2,Hampton City
112,510180003048,0623,Alternative Learning Center,NA,NA,Public center - Alternative,NA,Hampton,23669,Non-Membership,1120623,Tidewater,2,Hampton City
112,NA,0624,Ann H. Kilgore Gifted Center,NA,NA,Public center - Division Defined,NA,Hampton,23669,Non-Membership,1120624,Tidewater,2,Hampton City
112,510180000728,0120,Armstrong Elementary,KG,05,Public school - Regular,Elementary,Hampton,23661,Membership,1120120,Tidewater,2,Hampton City
112,510180000729,0330,Barron Elementary,PK,05,Public school - Regular,Elementary,Hampton,23669,Membership,1120330,Tidewater,2,Hampton City
112,510180000730,0350,Benjamin Syms Middle,06,08,Public school - Regular,Middle,Hampton,23669,Membership,1120350,Tidewater,2,Hampton City
112,510180000731,0430,Bethel High,09,12,Public school - Regular,High,Hampton,23666,Membership,1120430,Tidewater,2,Hampton City
112,510180000734,0450,C. Alton Lindsay Middle,06,08,Public school - Regular,Middle,Hampton,23661,Membership,1120450,Tidewater,2,Hampton City
112,510180000735,0460,Captain John Smith Elementary,PK,05,Public school - Regular,Elementary,Hampton,23669,Membership,1120460,Tidewater,2,Hampton City
112,510180000744,0300,Cesar Tarrant Middle,06,08,Public school - Regular,Middle,Hampton,23666,Membership,1120300,Tidewater,2,Hampton City
112,NA,0614,Cesar Tarrent Elementary Annex,NA,NA,Annex to a public school,NA,Hampton,23666,Non-Membership,1120614,Tidewater,2,Hampton City
112,510180000737,0420,Christopher C. Kraft Elementary,KG,05,Public school - Regular,Elementary,Hampton,23666,Membership,1120420,Tidewater,2,Hampton City
112,NA,9990,Community PK School,NA,NA,Public center - Alternative,NA,NA,NA,Non-Membership,1129990,Tidewater,2,Hampton City
112,NA,0615,Downtown Hampton Cdc Site Iii,NA,NA,SNP feeding site,NA,Hampton,23661,Non-Membership,1120615,Tidewater,2,Hampton City
112,510180000739,0030,Francis Asbury Elementary,KG,05,Public school - Regular,Elementary,Hampton,23664,Membership,1120030,Tidewater,2,Hampton City
112,510180001890,0070,Francis W. Jones Magnet Middle,06,08,Public school - Regular,Middle,Hampton,23663,Membership,1120070,Tidewater,2,Hampton City
112,510180002816,0650,George P. Phenix Elementary,PK,08,Public school - Regular,Elementary,Hampton,23666,Membership,1120650,Tidewater,2,Hampton City
112,510180002973,1100,Hampton City Public Schools Gov Health Sciences Academy,NA,NA,Public center - Governor's Health Academy,NA,Hampton,23666,Non-Membership,1121100,Tidewater,2,Hampton City
112,510180000742,0280,Hampton High,09,12,Public school - Regular,High,Hampton,23669,Membership,1120280,Tidewater,2,Hampton City
112,510180003007,1200,Hampton Public Schools Architecture & Applied Arts Governor's STEM Academy,NA,NA,Public center - Governor's STEM Academy,NA,Hampton,23666,Non-Membership,1121200,Tidewater,2,Hampton City
112,NA,0619,Hart-Mcallister Pre-School Feeding Site,NA,NA,SNP feeding site,NA,Hampton,23661,Non-Membership,1120619,Tidewater,2,Hampton City
112,NA,9991,Home Educational Services,NA,NA,Public center - Alternative,NA,NA,NA,Non-Membership,1129991,Tidewater,2,Hampton City
112,NA,9999,Homebased,NA,NA,Public center - Alternative,NA,NA,NA,Non-Membership,1129999,Tidewater,2,Hampton City
112,NA,9998,Homebound,NA,NA,Public center - Alternative,NA,NA,NA,Non-Membership,1129998,Tidewater,2,Hampton City
112,510180002811,0640,Hunter B. Andrews,PK,08,Public school - Regular,Elementary,Hampton,23661,Membership,1120640,Tidewater,2,Hampton City
112,510180000743,0250,Jane H. Bryan Elementary,PK,05,Public school - Regular,Elementary,Hampton,23663,Membership,1120250,Tidewater,2,Hampton City
112,510180000747,0320,Kecoughtan High,09,12,Public school - Regular,High,Hampton,23669,Membership,1120320,Tidewater,2,Hampton City
112,NA,0618,Lincoln Park Pre-School,NA,NA,SNP feeding site,NA,Hampton,23666,Non-Membership,1120618,Tidewater,2,Hampton City
112,NA,9997,Local or Regional Jail,KG,12,Local or Regional Jail,Other,Hampton,23666,Membership,1129997,Tidewater,2,Hampton City
112,510180000748,0490,Luther W. Machen Elementary,PK,05,Public school - Regular,Elementary,Hampton,23666,Membership,1120490,Tidewater,2,Hampton City
112,510180000746,0440,Mary S. Peake Elementary,PK,05,Public school - Regular,Elementary,Hampton,23669,Membership,1120440,Tidewater,2,Hampton City
112,510180000745,0270,Mary T. Christian Elementary,PK,05,Public school - Regular,Elementary,Hampton,23663,Membership,1120270,Tidewater,2,Hampton City
112,510180000761,0360,Mary W. Jackson Elementary,PK,05,Public school - Regular,Elementary,Hampton,23666,Membership,1120360,Tidewater,2,Hampton City
112,510180000757,0210,Moton Early Childhood Center,PK,PK,Public school - Preschool,Prekindergarten,Hampton,23663,Membership,1120210,Tidewater,2,Hampton City
112,510180000750,0410,Paul Burbank Elementary,KG,05,Public school - Regular,Elementary,Hampton,23666,Membership,1120410,Tidewater,2,Hampton City
112,NA,0617,Peninsula Marine Institute,NA,NA,SNP feeding site,NA,Hampton,23666,Non-Membership,1120617,Tidewater,2,Hampton City
112,510180000754,0370,Phillips Elementary,KG,05,Public school - Regular,Elementary,Hampton,23669,Membership,1120370,Tidewater,2,Hampton City
112,510180000755,0050,Phoebus High,09,12,Public school - Regular,High,Hampton,23663,Membership,1120050,Tidewater,2,Hampton City
112,NA,0616,Rivermont School - Feeding Site,NA,NA,SNP feeding site,NA,Hampton,23666,Non-Membership,1120616,Tidewater,2,Hampton City
112,510180000758,0180,Samuel P. Langley Elementary,KG,05,Public school - Regular,Elementary,Hampton,23669,Membership,1120180,Tidewater,2,Hampton City
112,NA,8888,Special Situation Schools,NA,NA,Unknown,NA,NA,NA,Non-Membership,1128888,Tidewater,2,Hampton City
112,NA,9992,Suspension Services,NA,NA,Public center - Alternative,NA,NA,NA,Non-Membership,1129992,Tidewater,2,Hampton City
112,510180000760,0380,Thomas Eaton Middle,06,08,Public school - Regular,Middle,Hampton,23666,Membership,1120380,Tidewater,2,Hampton City
112,510180000763,0080,William Mason Cooper Elementary,PK,05,Public school - Regular,Elementary,Hampton,23666,Membership,1120080,Tidewater,2,Hampton City
042,510183003147,0160,Ashland Elementary,PK,05,Public school - Regular,Elementary,Ashland,23005,Membership,0420160,Central Virginia,1,Hanover County
042,510183000114,0062,Atlee High,09,12,Public school - Regular,High,Mechanicsville,23116,Membership,0420062,Central Virginia,1,Hanover County
042,510183000764,0360,Battlefield Park Elementary,PK,05,Public school - Regular,Elementary,Mechanicsville,23111,Membership,0420360,Central Virginia,1,Hanover County
042,510183000765,0020,Beaverdam Elementary,PK,05,Public school - Regular,Elementary,Beaverdam,23015,Membership,0420020,Central Virginia,1,Hanover County
042,510183000780,0440,Bell Creek Middle,06,08,Public school - Regular,Middle,Mechanicsville,23111,Membership,0420440,Central Virginia,1,Hanover County
042,510183002191,0061,Chickahominy Middle,06,08,Public school - Regular,Middle,Mechanicsville,23116,Membership,0420061,Central Virginia,1,Hanover County
042,510183001995,0070,Cold Harbor Elementary,PK,05,Public school - Regular,Elementary,Mechanicsville,23111,Membership,0420070,Central Virginia,1,Hanover County
042,NA,9990,Community PK School,NA,NA,Public center - Alternative,NA,NA,NA,Non-Membership,0429990,Central Virginia,1,Hanover County
042,510183001617,0551,Cool Spring Elementary,PK,05,Public school - Regular,Elementary,Mechanicsville,23116,Membership,0420551,Central Virginia,1,Hanover County
042,510183000769,0430,Elmont Elementary,PK,05,Public school - Regular,Elementary,Ashland,23005,Membership,0420430,Central Virginia,1,Hanover County
042,NA,0010,HCPS Online Elementary,NA,NA,Public center - Virtual,NA,Ashland,23005,Non-Membership,0420010,Central Virginia,1,Hanover County
042,NA,0012,HCPS Online High,NA,NA,Public center - Virtual,NA,Ashland,23005,Non-Membership,0420012,Central Virginia,1,Hanover County
042,NA,0011,HCPS Online Middle,NA,NA,Public center - Virtual,NA,Ashland,23005,Non-Membership,0420011,Central Virginia,1,Hanover County
042,510183002338,0554,Hanover High,09,12,Public school - Regular,High,Mechanicsville,23116,Membership,0420554,Central Virginia,1,Hanover County
042,NA,9991,Home Educational Services,NA,NA,Public center - Alternative,NA,NA,NA,Non-Membership,0429991,Central Virginia,1,Hanover County
042,NA,9999,Homebased,NA,NA,Public center - Alternative,NA,NA,NA,Non-Membership,0429999,Central Virginia,1,Hanover County
042,NA,9998,Homebound,NA,NA,Public center - Alternative,NA,NA,NA,Non-Membership,0429998,Central Virginia,1,Hanover County
042,510183002506,0200,Kersey Creek Elementary,PK,05,Public school - Regular,Elementary,Mechanicsville,23116,Membership,0420200,Central Virginia,1,Hanover County
042,510183002772,0210,Laurel Meadow Elementary,PK,05,Public school - Regular,Elementary,Mechanicsville,23111,Membership,0420210,Central Virginia,1,Hanover County
042,510183000773,0450,Liberty Middle,06,08,Public school - Regular,Middle,Ashland,23005,Membership,0420450,Central Virginia,1,Hanover County
042,NA,9997,Local or Regional Jail,09,12,Local or Regional Jail,High,Ashland,23005,Membership,0429997,Central Virginia,1,Hanover County
042,510183000774,0420,Mechanicsville Elementary,PK,05,Public school - Regular,Elementary,Mechanicsville,23111,Membership,0420420,Central Virginia,1,Hanover County
042,510183000772,0370,Mechanicsville High,09,12,Public school - Regular,High,Mechanicsville,23111,Membership,0420370,Central Virginia,1,Hanover County
042,510183002277,0553,Oak Knoll Middle,06,08,Public school - Regular,Middle,Mechanicsville,23116,Membership,0420553,Central Virginia,1,Hanover County
042,510183000776,0400,Patrick Henry High,09,12,Public school - Regular,High,Ashland,23005,Membership,0420400,Central Virginia,1,Hanover County
042,510183000777,0410,Pearson's Corner Elementary,PK,05,Public school - Regular,Elementary,Mechanicsville,23116,Membership,0420410,Central Virginia,1,Hanover County
042,510183002535,0552,Pole Green Elementary,PK,05,Public school - Regular,Elementary,Mechanicsville,23116,Membership,0420552,Central Virginia,1,Hanover County
042,510183000779,0030,Rural Point Elementary,PK,05,Public school - Regular,Elementary,Mechanicsville,23116,Membership,0420030,Central Virginia,1,Hanover County
042,510183001996,0040,South Anna Elementary,PK,05,Public school - Regular,Elementary,Montpelier,23192,Membership,0420040,Central Virginia,1,Hanover County
042,NA,8888,Special Situation Schools,NA,NA,Unknown,NA,NA,NA,Non-Membership,0428888,Central Virginia,1,Hanover County
042,NA,9992,Suspension Services,NA,NA,Public center - Alternative,NA,NA,NA,Non-Membership,0429992,Central Virginia,1,Hanover County
042,510183002691,0201,The Georgetown School,NA,NA,Public center - Alternative,NA,Mechanicsville,23116,Non-Membership,0420201,Central Virginia,1,Hanover County
042,510183002775,0202,The Hanover Center For Trades And Technology,NA,NA,Public center - Career and Technical Ed.,NA,Mechanicsville,23116,Non-Membership,0420202,Central Virginia,1,Hanover County
042,510183000781,0290,Washington-Henry Elementary,PK,05,Public school - Regular,Elementary,Mechanicsville,23116,Membership,0420290,Central Virginia,1,Hanover County
113,510186003043,0120,Bluestone Elementary,KG,05,Public school - Regular,Elementary,Harrisonburg,22801,Membership,1130120,Valley,5,Harrisonburg City
113,NA,9990,Community PK School,NA,NA,Public center - Alternative,NA,NA,NA,Non-Membership,1139990,Valley,5,Harrisonburg City
113,NA,0450,Elon Rhodes Early Learning Center,PK,PK,Public school - Preschool,Prekindergarten,Harrisonburg,22802,Membership,1130450,Valley,5,Harrisonburg City
113,510186003005,0211,Harrisonburg H.S. Governor's STEM Academy,NA,NA,Public center - Governor's STEM Academy,NA,Harrisonburg,22801,Non-Membership,1130211,Valley,5,Harrisonburg City
113,510186000782,0012,Harrisonburg High,09,12,Public school - Regular,High,Harrisonburg,22801,Membership,1130012,Valley,5,Harrisonburg City
113,NA,9991,Home Educational Services,NA,NA,Public center - Alternative,NA,NA,NA,Non-Membership,1139991,Valley,5,Harrisonburg City
113,NA,9999,Homebased,NA,NA,Public center - Alternative,NA,NA,NA,Non-Membership,1139999,Valley,5,Harrisonburg City
113,NA,9998,Homebound,NA,NA,Public center - Alternative,NA,NA,NA,Non-Membership,1139998,Valley,5,Harrisonburg City
113,510186000783,0050,Keister Elementary,KG,05,Public school - Regular,Elementary,Harrisonburg,22801,Membership,1130050,Valley,5,Harrisonburg City
113,NA,9997,Local or Regional Jail,KG,12,Local or Regional Jail,Other,Harrisonburg,22801,Membership,1139997,Valley,5,Harrisonburg City
113,510186003156,0020,Rocktown High,09,12,Public school - Regular,High,Harrisonburg,22801,Membership,1130020,Valley,5,Harrisonburg City
113,510186002766,0111,Skyline Middle,06,08,Public school - Regular,Middle,Harrisonburg,22802,Membership,1130111,Valley,5,Harrisonburg City
113,510186002761,0110,Smithland Elementary,KG,05,Public school - Regular,Elementary,Harrisonburg,22802,Membership,1130110,Valley,5,Harrisonburg City
113,NA,8888,Special Situation Schools,NA,NA,Unknown,NA,NA,NA,Non-Membership,1138888,Valley,5,Harrisonburg City
113,510186000785,0060,Spotswood Elementary,KG,05,Public school - Regular,Elementary,Harrisonburg,22801,Membership,1130060,Valley,5,Harrisonburg City
113,510186000602,0191,Stone Spring Elementary,KG,05,Public school - Regular,Elementary,Harrisonburg,22801,Membership,1130191,Valley,5,Harrisonburg City
113,NA,9992,Suspension Services,NA,NA,Public center - Alternative,NA,NA,NA,Non-Membership,1139992,Valley,5,Harrisonburg City
113,510186002150,0080,Thomas Harrison Middle,06,08,Public school - Regular,Middle,Harrisonburg,22801,Membership,1130080,Valley,5,Harrisonburg City
113,510186000787,0030,Waterman Elementary,KG,05,Public school - Regular,Elementary,Harrisonburg,22802,Membership,1130030,Valley,5,Harrisonburg City
043,510189000805,0040,Academy at Virginia Randolph,NA,NA,Public center - Alternative,NA,Glen Allen,23060,Non-Membership,0430040,Central Virginia,1,Henrico County
043,510189000537,0460,Adult Education Center,NA,NA,Public center - Alternative,NA,Highland Springs,23075,Non-Membership,0430460,Central Virginia,1,Henrico County
043,NA,0461,Adult Education Center,Regency Campus,NA,Local Education Agency,Public center - Alternative,NA,VA,"804-740-5800,Non-Membership",0430461,Central Virginia,1,Henrico County
043,510189000807,0671,Advanced Career Education Center at Hermitage,NA,NA,Public center - Career and Technical Ed.,NA,Richmond,23228,Non-Membership,0430671,Central Virginia,1,Henrico County
043,510189000810,0191,Advanced Career Education Center at Highland Springs,NA,NA,Public center - Career and Technical Ed.,NA,Highland Springs,23075,Non-Membership,0430191,Central Virginia,1,Henrico County
043,NA,0401,Advanced Career Education Center at the Academy at Virginia Randolph,NA,NA,Public center - Career and Technical Ed.,NA,Glen Allen,23060,Non-Membership,0430401,Central Virginia,1,Henrico County
043,510189002124,0450,Anthony P. Mehfoud Elementary,PK,02,Public school - Regular,Elementary,Richmond,23231,Membership,0430450,Central Virginia,1,Henrico County
043,510189000869,0320,Arthur Ashe Jr. Elementary,PK,05,Public school - Regular,Elementary,Richmond,23223,Membership,0430320,Central Virginia,1,Henrico County
043,510189000790,0500,Brookland Middle,06,08,Public school - Regular,Middle,Richmond,23228,Membership,0430500,Central Virginia,1,Henrico County
043,510189000794,0120,Cashell Donahoe Elementary,PK,05,Public school - Regular,Elementary,Sandston,23150,Membership,0430120,Central Virginia,1,Henrico County
043,510189002841,0560,Center for Diversified Studies,NA,NA,Public center - Alternative,NA,Glen Allen,23060,Non-Membership,0430560,Central Virginia,1,Henrico County
043,510189000792,0590,Chamberlayne Elementary,PK,05,Public school - Regular,Elementary,Richmond,23227,Membership,0430590,Central Virginia,1,Henrico County
043,510189000789,0530,Charles M. Johnson Elementary,PK,05,Public school - Regular,Elementary,Richmond,23230,Membership,0430530,Central Virginia,1,Henrico County
043,510189002756,0093,Colonial Trail Elementary,PK,05,Public school - Regular,Elementary,Glen Allen,23059,Membership,0430093,Central Virginia,1,Henrico County
043,NA,9990,Community PK School,NA,NA,Public center - Alternative,NA,NA,NA,Non-Membership,0439990,Central Virginia,1,Henrico County
043,510189000793,0400,Crestview Elementary,PK,05,Public school - Regular,Elementary,Richmond,23226,Membership,0430400,Central Virginia,1,Henrico County
043,510189002953,0082,David A. Kaechele Elementary,PK,05,Public school - Regular,Elementary,Glen Allen,23059,Membership,0430082,Central Virginia,1,Henrico County
043,510189002278,0160,Deep Run High,09,12,Public school - Regular,High,Glen Allen,23059,Membership,0430160,Central Virginia,1,Henrico County
043,510189000795,0410,Douglas S. Freeman High,09,12,Public school - Regular,High,Richmond,23229,Membership,0430410,Central Virginia,1,Henrico County
043,510189000796,0700,Dumbarton Elementary,PK,05,Public school - Regular,Elementary,Richmond,23228,Membership,0430700,Central Virginia,1,Henrico County
043,510189001912,0300,Echo Lake Elementary,PK,05,Public school - Regular,Elementary,Glen Allen,23060,Membership,0430300,Central Virginia,1,Henrico County
043,510189000797,0680,Elizabeth Holladay Elementary,PK,05,Public school - Regular,Elementary,Richmond,23228,Membership,0430680,Central Virginia,1,Henrico County
043,510189002757,0092,Elko Middle,06,08,Public school - Regular,Middle,Sandston,23150,Membership,0430092,Central Virginia,1,Henrico County
043,510189002840,0780,Evening School of Excellence,NA,NA,Public center - Alternative,NA,Glen Allen,23060,Non-Membership,0430780,Central Virginia,1,Henrico County
043,510189000798,0200,Fair Oaks Elementary,PK,05,Public school - Regular,Elementary,Highland Springs,23075,Membership,0430200,Central Virginia,1,Henrico County
043,510189000799,0510,Fairfield Middle,06,08,Public school - Regular,Middle,Richmond,23223,Membership,0430510,Central Virginia,1,Henrico County
043,510189002123,0150,Gayton Elementary,PK,05,Public school - Regular,Elementary,Richmond,23233,Membership,0430150,Central Virginia,1,Henrico County
043,510189002845,0340,General Academic Development,NA,NA,Public center - Alternative,NA,Highland Springs,23075,Non-Membership,0430340,Central Virginia,1,Henrico County
043,510189002940,0097,Generating Recovery of Academic Direction (GRAD),NA,NA,Public center - Alternative,NA,Henrico,23075,Non-Membership,0430097,Central Virginia,1,Henrico County
043,510189000788,0470,George F. Baker Elementary,PK,05,Public school - Regular,Elementary,Richmond,23231,Membership,0430470,Central Virginia,1,Henrico County
043,510189000800,0390,George H. Moody Middle,06,08,Public school - Regular,Middle,Richmond,23228,Membership,0430390,Central Virginia,1,Henrico County
043,510189000801,0020,Glen Allen Elementary,PK,05,Public school - Regular,Elementary,Glen Allen,23060,Membership,0430020,Central Virginia,1,Henrico County
043,510189002837,0096,Glen Allen High,09,12,Public school - Regular,High,Glen Allen,23060,Membership,0430096,Central Virginia,1,Henrico County
043,510189000802,0380,Glen Lea Elementary,PK,05,Public school - Regular,Elementary,Richmond,23222,Membership,0430380,Central Virginia,1,Henrico County
043,510189002441,0260,Greenwood Elementary,PK,05,Public school - Regular,Elementary,Glen Allen,23059,Membership,0430260,Central Virginia,1,Henrico County
043,510189000822,0420,Harold Macon Ratcliffe Elementary,PK,05,Public school - Regular,Elementary,Richmond,23223,Membership,0430420,Central Virginia,1,Henrico County
043,510189002788,0094,Harvie Elementary,PK,05,Public school - Regular,Elementary,Richmond,23223,Membership,0430094,Central Virginia,1,Henrico County
043,510189000804,0610,Henrico High,09,12,Public school - Regular,High,Richmond,23227,Membership,0430610,Central Virginia,1,Henrico County
043,510189003098,0083,Henrico Virtual Academy,KG,12,Public school - Virtual,Other,Henrico,23223,Membership,0430083,Central Virginia,1,Henrico County
043,510189001128,0330,Henry D. Ward Elementary,PK,05,Public school - Regular,Elementary,Richmond,23231,Membership,0430330,Central Virginia,1,Henrico County
043,510189000806,0670,Hermitage High,09,12,Public school - Regular,High,Richmond,23228,Membership,0430670,Central Virginia,1,Henrico County
043,510189000808,0640,Highland Springs Elementary,PK,05,Public school - Regular,Elementary,Highland Springs,23075,Membership,0430640,Central Virginia,1,Henrico County
043,510189000809,0190,Highland Springs High,09,12,Public school - Regular,High,Highland Springs,23075,Membership,0430190,Central Virginia,1,Henrico County
043,510189002833,0095,Holman Middle,06,08,Public school - Regular,Middle,Glen Allen,23059,Membership,0430095,Central Virginia,1,Henrico County
043,NA,9991,Home Educational Services,NA,NA,Public center - Alternative,NA,NA,NA,Non-Membership,0439991,Central Virginia,1,Henrico County
043,NA,9999,Homebased,NA,NA,Public center - Alternative,NA,NA,NA,Non-Membership,0439999,Central Virginia,1,Henrico County
043,NA,9998,Homebound,NA,NA,Public center - Alternative,NA,NA,NA,Non-Membership,0439998,Central Virginia,1,Henrico County
043,510189002440,0100,Hungary Creek Middle,06,08,Public school - Regular,Middle,Glen Allen,23060,Membership,0430100,Central Virginia,1,Henrico County
043,510189002844,0770,ISEAP Program,NA,NA,Public center - Alternative,NA,Highland Springs,23075,Non-Membership,0430770,Central Virginia,1,Henrico County
043,510189000812,0620,Jackson Davis Elementary,PK,05,Public school - Regular,Elementary,Richmond,23229,Membership,0430620,Central Virginia,1,Henrico County
043,510189000813,0660,Jacob L. Adams Elementary,PK,05,Public school - Regular,Elementary,Richmond,23223,Membership,0430660,Central Virginia,1,Henrico County
043,510189000811,0600,John Randolph Tucker High,09,12,Public school - Regular,High,Richmond,23294,Membership,0430600,Central Virginia,1,Henrico County
043,510189001850,0130,John Rolfe Middle,06,08,Public school - Regular,Middle,Richmond,23231,Membership,0430130,Central Virginia,1,Henrico County
043,510189001622,0250,L. Douglas Wilder Middle,06,08,Public school - Regular,Middle,Richmond,23227,Membership,0430250,Central Virginia,1,Henrico County
043,510189000814,0430,Laburnum Elementary,PK,05,Public school - Regular,Elementary,Richmond,23222,Membership,0430430,Central Virginia,1,Henrico County
043,510189000815,0370,Lakeside Elementary,PK,05,Public school - Regular,Elementary,Richmond,23228,Membership,0430370,Central Virginia,1,Henrico County
043,NA,9997,Local or Regional Jail,KG,12,Local or Regional Jail,Other,Barhamsville,23011,Membership,0439997,Central Virginia,1,Henrico County
043,510189000816,0050,Longdale Elementary,PK,05,Public school - Regular,Elementary,Glen Allen,23060,Membership,0430050,Central Virginia,1,Henrico County
043,510189000830,0490,Maude Trevvett Elementary,PK,05,Public school - Regular,Elementary,Richmond,23228,Membership,0430490,Central Virginia,1,Henrico County
043,510189000817,0540,Maybeury Elementary,PK,05,Public school - Regular,Elementary,Richmond,23229,Membership,0430540,Central Virginia,1,Henrico County
043,510189001851,0140,Mills E. Godwin High,09,12,Public school - Regular,High,Richmond,23238,Membership,0430140,Central Virginia,1,Henrico County
043,510189000818,0210,Montrose Elementary,PK,05,Public school - Regular,Elementary,Richmond,23231,Membership,0430210,Central Virginia,1,Henrico County
043,510189001624,0270,Nuckols Farm Elementary,PK,05,Public school - Regular,Elementary,Richmond,23233,Membership,0430270,Central Virginia,1,Henrico County
043,510189000819,0440,Pemberton Elementary,PK,05,Public school - Regular,Elementary,Richmond,23233,Membership,0430440,Central Virginia,1,Henrico County
043,510189000820,0570,Pinchbeck Elementary,PK,05,Public school - Regular,Elementary,Richmond,23233,Membership,0430570,Central Virginia,1,Henrico County
043,510189001911,0280,Pocahontas Middle,06,08,Public school - Regular,Middle,Richmond,23233,Membership,0430280,Central Virginia,1,Henrico County
043,510189002842,0180,Program for Academic and Career Enhancement (PACE),NA,NA,Public center - Alternative,NA,Glen Allen,23060,Non-Membership,0430180,Central Virginia,1,Henrico County
043,510189000803,0690,Quioccasin Middle,06,08,Public school - Regular,Middle,Richmond,23233,Membership,0430690,Central Virginia,1,Henrico County
043,510189000821,0630,R.C. Longan Elementary,PK,05,Public school - Regular,Elementary,Richmond,23294,Membership,0430630,Central Virginia,1,Henrico County
043,510189000823,0090,Ridge Elementary,PK,05,Public school - Regular,Elementary,Richmond,23229,Membership,0430090,Central Virginia,1,Henrico County
043,510189002410,0240,Rivers Edge Elementary,PK,05,Public school - Regular,Elementary,Glen Allen,23059,Membership,0430240,Central Virginia,1,Henrico County
043,510189000824,0650,Ruby F. Carver Elementary,PK,05,Public school - Regular,Elementary,Richmond,23233,Membership,0430650,Central Virginia,1,Henrico County
043,510189000825,0220,Sandston Elementary,PK,05,Public school - Regular,Elementary,Sandston,23150,Membership,0430220,Central Virginia,1,Henrico County
043,510189000826,0550,Seven Pines Elementary,PK,05,Public school - Regular,Elementary,Sandston,23150,Membership,0430550,Central Virginia,1,Henrico County
043,510189000133,0710,Shady Grove Elementary,PK,05,Public school - Regular,Elementary,Glen Allen,23059,Membership,0430710,Central Virginia,1,Henrico County
043,510189000827,0060,Short Pump Elementary,PK,05,Public school - Regular,Elementary,Richmond,23233,Membership,0430060,Central Virginia,1,Henrico County
043,510189000123,0080,Short Pump Middle,06,08,Public school - Regular,Middle,Glen Allen,23060,Membership,0430080,Central Virginia,1,Henrico County
043,510189000828,0480,Skipwith Elementary,PK,05,Public school - Regular,Elementary,Richmond,23294,Membership,0430480,Central Virginia,1,Henrico County
043,NA,8888,Special Situation Schools,NA,NA,Unknown,NA,NA,NA,Non-Membership,0438888,Central Virginia,1,Henrico County
043,510189001384,0230,Springfield Park Elementary,PK,05,Public school - Regular,Elementary,Glen Allen,23060,Membership,0430230,Central Virginia,1,Henrico County
043,NA,9992,Suspension Services,NA,NA,Public center - Alternative,NA,NA,NA,Non-Membership,0439992,Central Virginia,1,Henrico County
043,510189000829,0010,Three Chopt Elementary,PK,05,Public school - Regular,Elementary,Richmond,23229,Membership,0430010,Central Virginia,1,Henrico County
043,510189000831,0360,Tuckahoe Elementary,PK,05,Public school - Regular,Elementary,Richmond,23229,Membership,0430360,Central Virginia,1,Henrico County
043,510189000832,0520,Tuckahoe Middle,06,08,Public school - Regular,Middle,Richmond,23229,Membership,0430520,Central Virginia,1,Henrico County
043,510189002536,0310,Twin Hickory Elementary,PK,05,Public school - Regular,Elementary,Glen Allen,23059,Membership,0430310,Central Virginia,1,Henrico County
043,510189000834,0290,Varina Elementary,03,05,Public school - Regular,Elementary,Richmond,23231,Membership,0430290,Central Virginia,1,Henrico County
043,510189000835,0580,Varina High,09,12,Public school - Regular,High,Richmond,23231,Membership,0430580,Central Virginia,1,Henrico County
043,510189002442,0810,Virginia Randolph Education Center,NA,NA,Public center - Special Education,NA,Glen Allen,23060,Non-Membership,0430810,Central Virginia,1,Henrico County
044,510192002839,0361,Axton Elementary,PK,05,Public school - Regular,Elementary,Axton,24054,Membership,0440361,Western Virginia,6,Henry County
044,510192000837,0010,Bassett High,09,12,Public school - Regular,High,Bassett,24055,Membership,0440010,Western Virginia,6,Henry County
044,510192000838,0590,Campbell Court Elementary,PK,05,Public school - Regular,Elementary,Bassett,24055,Membership,0440590,Western Virginia,6,Henry County
044,NA,0820,Career Academy,NA,NA,Public center - Career and Technical Ed.,NA,Martinsville,24112,Non-Membership,0440820,Western Virginia,6,Henry County
044,NA,9990,Community PK School,NA,NA,Public center - Alternative,NA,NA,NA,Non-Membership,0449990,Western Virginia,6,Henry County
044,510192000855,0530,Drewry Mason Elementary,PK,05,Public school - Regular,Elementary,Ridgeway,24148,Membership,0440530,Western Virginia,6,Henry County
044,510192000847,0620,Fieldale-Collinsville Middle,06,08,Public school - Regular,Middle,Collinsville,24078,Membership,0440620,Western Virginia,6,Henry County
044,510192000859,0480,G.W. Carver Elementary,PK,05,Public school - Regular,Elementary,Martinsville,24112,Membership,0440480,Western Virginia,6,Henry County
044,NA,9991,Home Educational Services,NA,NA,Public center - Alternative,NA,NA,NA,Non-Membership,0449991,Western Virginia,6,Henry County
044,NA,9999,Homebased,NA,NA,Public center - Alternative,NA,NA,NA,Non-Membership,0449999,Western Virginia,6,Henry County
044,NA,9998,Homebound,NA,NA,Public center - Alternative,NA,NA,NA,Non-Membership,0449998,Western Virginia,6,Henry County
044,510192000840,0670,Laurel Park Middle,06,08,Public school - Regular,Middle,Martinsville,24112,Membership,0440670,Western Virginia,6,Henry County
044,NA,9997,Local or Regional Jail,KG,12,Local or Regional Jail,Other,Collinsville,24078,Membership,0449997,Western Virginia,6,Henry County
044,510192002125,0020,Magna Vista High,09,12,Public school - Regular,High,Ridgeway,24148,Membership,0440020,Western Virginia,6,Henry County
044,510192000848,0661,Meadow View Elementary,PK,05,Public school - Regular,Elementary,Martinsville,24112,Membership,0440661,Western Virginia,6,Henry County
044,510192002443,0872,Mount Olivet Elementary,PK,05,Public school - Regular,Elementary,Martinsville,24112,Membership,0440872,Western Virginia,6,Henry County
044,510192000853,0740,Rich Acres Elementary,PK,05,Public school - Regular,Elementary,Martinsville,24112,Membership,0440740,Western Virginia,6,Henry County
044,510192000857,0220,Sanville Elementary,PK,05,Public school - Regular,Elementary,Bassett,24055,Membership,0440220,Western Virginia,6,Henry County
044,NA,8888,Special Situation Schools,NA,NA,Unknown,NA,NA,NA,Non-Membership,0448888,Western Virginia,6,Henry County
044,510192000860,0760,Stanleytown Elementary,PK,05,Public school - Regular,Elementary,Stanleytown,24168,Membership,0440760,Western Virginia,6,Henry County
044,NA,9992,Suspension Services,NA,NA,Public center - Alternative,NA,NA,NA,Non-Membership,0449992,Western Virginia,6,Henry County
044,NA,0840,The Center for Community Learning,NA,NA,Public center - Alternative,NA,Collinsville,24078,Non-Membership,0440840,Western Virginia,6,Henry County
045,NA,9990,Community PK School,NA,NA,Public center - Alternative,NA,NA,NA,Non-Membership,0459990,Valley,5,Highland County
045,510195000861,0110,Highland Elementary,PK,05,Public school - Regular,Elementary,Monterey,24465,Membership,0450110,Valley,5,Highland County
045,510195000862,0220,Highland High,06,12,Public school - Regular,High,Monterey,24465,Membership,0450220,Valley,5,Highland County
045,NA,9991,Home Educational Services,NA,NA,Public center - Alternative,NA,NA,NA,Non-Membership,0459991,Valley,5,Highland County
045,NA,9999,Homebased,NA,NA,Public center - Alternative,NA,NA,NA,Non-Membership,0459999,Valley,5,Highland County
045,NA,9998,Homebound,NA,NA,Public center - Alternative,NA,NA,NA,Non-Membership,0459998,Valley,5,Highland County
045,NA,8888,Special Situation Schools,NA,NA,Unknown,NA,NA,NA,Non-Membership,0458888,Valley,5,Highland County
045,NA,9992,Suspension Services,NA,NA,Public center - Alternative,NA,NA,NA,Non-Membership,0459992,Valley,5,Highland County
114,510198000865,0110,Carter G. Woodson Middle,06,08,Public school - Regular,Middle,Hopewell,23860,Membership,1140110,Central Virginia,1,Hopewell City
114,NA,9990,Community PK School,NA,NA,Public center - Alternative,NA,NA,NA,Non-Membership,1149990,Central Virginia,1,Hopewell City
114,510198000866,0040,Dupont Elementary,KG,05,Public school - Regular,Elementary,Hopewell,23860,Membership,1140040,Central Virginia,1,Hopewell City
114,510198000357,0140,Harry E. James Elementary,KG,05,Public school - Regular,Elementary,Hopewell,23860,Membership,1140140,Central Virginia,1,Hopewell City
114,NA,9991,Home Educational Services,NA,NA,Public center - Alternative,NA,NA,NA,Non-Membership,1149991,Central Virginia,1,Hopewell City
114,NA,9999,Homebased,NA,NA,Public center - Alternative,NA,NA,NA,Non-Membership,1149999,Central Virginia,1,Hopewell City
114,NA,9998,Homebound,NA,NA,Public center - Alternative,NA,NA,NA,Non-Membership,1149998,Central Virginia,1,Hopewell City
114,510198000867,0120,Hopewell High,09,12,Public school - Regular,High,Hopewell,23860,Membership,1140120,Central Virginia,1,Hopewell City
114,510198002421,0153,New HOPE Academy,NA,NA,Public center - Alternative,NA,Hopewell,23860,Non-Membership,1140153,Central Virginia,1,Hopewell City
114,510198000870,0070,Patrick Copeland Elementary,KG,05,Public school - Regular,Elementary,Hopewell,23860,Membership,1140070,Central Virginia,1,Hopewell City
114,NA,8888,Special Situation Schools,NA,NA,Unknown,NA,NA,NA,Non-Membership,1148888,Central Virginia,1,Hopewell City
114,NA,9992,Suspension Services,NA,NA,Public center - Alternative,NA,NA,NA,Non-Membership,1149992,Central Virginia,1,Hopewell City
114,510198002279,0151,Woodlawn Pre-School Learning Center,PK,PK,Public school - Preschool,Prekindergarten,Hopewell,23860,Membership,1140151,Central Virginia,1,Hopewell City
046,510201000547,0421,Carrollton Elementary,PK,03,Public school - Regular,Elementary,Carrollton,23314,Membership,0460421,Tidewater,2,Isle of Wight County
046,510201000872,0280,Carrsville Elementary,PK,05,Public school - Regular,Elementary,Carrsville,23315,Membership,0460280,Tidewater,2,Isle of Wight County
046,NA,9990,Community PK School,NA,NA,Public center - Alternative,NA,NA,NA,Non-Membership,0469990,Tidewater,2,Isle of Wight County
046,510201000906,0422,Georgie D. Tyler Middle,06,08,Public school - Regular,Middle,Windsor,23487,Membership,0460422,Tidewater,2,Isle of Wight County
046,510201000873,0320,Hardy Elementary,PK,04,Public school - Regular,Elementary,Smithfield,23430,Membership,0460320,Tidewater,2,Isle of Wight County
046,NA,9991,Home Educational Services,NA,NA,Public center - Alternative,NA,NA,NA,Non-Membership,0469991,Tidewater,2,Isle of Wight County
046,NA,9999,Homebased,NA,NA,Public center - Alternative,NA,NA,NA,Non-Membership,0469999,Tidewater,2,Isle of Wight County
046,NA,9998,Homebound,NA,NA,Public center - Alternative,NA,NA,NA,Non-Membership,0469998,Tidewater,2,Isle of Wight County
046,510201000875,0040,Smithfield High,09,12,Public school - Regular,High,Smithfield,23430,Membership,0460040,Tidewater,2,Isle of Wight County
046,510201000874,0050,Smithfield Middle,07,08,Public school - Regular,Middle,Smithfield,23430,Membership,0460050,Tidewater,2,Isle of Wight County
046,NA,8888,Special Situation Schools,NA,NA,Unknown,NA,NA,NA,Non-Membership,0468888,Tidewater,2,Isle of Wight County
046,NA,9992,Suspension Services,NA,NA,Public center - Alternative,NA,NA,NA,Non-Membership,0469992,Tidewater,2,Isle of Wight County
046,510201002444,0424,Westside Elementary,04,06,Public school - Regular,Middle,Smithfield,23430,Membership,0460424,Tidewater,2,Isle of Wight County
046,510201000876,0240,Windsor Elementary,PK,05,Public school - Regular,Elementary,Windsor,23487,Membership,0460240,Tidewater,2,Isle of Wight County
046,510201000877,0250,Windsor High,09,12,Public school - Regular,High,Windsor,23487,Membership,0460250,Tidewater,2,Isle of Wight County
048,NA,9990,Community PK School,NA,NA,Public center - Alternative,NA,NA,NA,Non-Membership,0489990,Northern Neck,3,King George County
048,NA,9991,Home Educational Services,NA,NA,Public center - Alternative,NA,NA,NA,Non-Membership,0489991,Northern Neck,3,King George County
048,NA,9999,Homebased,NA,NA,Public center - Alternative,NA,NA,NA,Non-Membership,0489999,Northern Neck,3,King George County
048,NA,9998,Homebound,NA,NA,Public center - Alternative,NA,NA,NA,Non-Membership,0489998,Northern Neck,3,King George County
048,510210000881,0100,King George Elementary,PK,05,Public school - Regular,Elementary,King George,22485,Membership,0480100,Northern Neck,3,King George County
048,510210000882,0120,King George High,09,12,Public school - Regular,High,King George,22485,Membership,0480120,Northern Neck,3,King George County
048,510210000883,0010,King George Middle,06,08,Public school - Regular,Middle,King George,22485,Membership,0480010,Northern Neck,3,King George County
048,510210000884,0050,Potomac Elementary,KG,05,Public school - Regular,Elementary,Dahlgren,22448,Membership,0480050,Northern Neck,3,King George County
048,510210002445,0221,Sealston Elementary,KG,05,Public school - Regular,Elementary,King George,22485,Membership,0480221,Northern Neck,3,King George County
048,NA,8888,Special Situation Schools,NA,NA,Unknown,NA,NA,NA,Non-Membership,0488888,Northern Neck,3,King George County
048,NA,9992,Suspension Services,NA,NA,Public center - Alternative,NA,NA,NA,Non-Membership,0489992,Northern Neck,3,King George County
050,510212002151,0180,Acquinton Elementary,03,05,Public school - Regular,Elementary,King William,23086,Membership,0500180,Northern Neck,3,King William County
050,NA,9990,Community PK School,NA,NA,Public center - Alternative,NA,NA,NA,Non-Membership,0509990,Northern Neck,3,King William County
050,510212002339,0190,Cool Spring Primary,PK,02,Public school - Regular,Elementary,King William,23086,Membership,0500190,Northern Neck,3,King William County
050,510212000885,0160,Hamilton Holmes Middle,06,08,Public school - Regular,Middle,King William,23086,Membership,0500160,Northern Neck,3,King William County
050,NA,9991,Home Educational Services,NA,NA,Public center - Alternative,NA,NA,NA,Non-Membership,0509991,Northern Neck,3,King William County
050,NA,9999,Homebased,NA,NA,Public center - Alternative,NA,NA,NA,Non-Membership,0509999,Northern Neck,3,King William County
050,NA,9998,Homebound,NA,NA,Public center - Alternative,NA,King William,23086,Non-Membership,0509998,Northern Neck,3,King William County
050,510212000886,0130,King William High,09,12,Public school - Regular,High,King William,23086,Membership,0500130,Northern Neck,3,King William County
050,NA,8888,Special Situation Schools,NA,NA,Unknown,NA,NA,NA,Non-Membership,0508888,Northern Neck,3,King William County
050,NA,9992,Suspension Services,NA,NA,Public center - Alternative,NA,NA,NA,Non-Membership,0509992,Northern Neck,3,King William County
049,510207000878,0280,Central High,07,12,Public school - Regular,High,King And Queen C H,23085,Membership,0490280,Northern Neck,3,King and Queen County
049,NA,9990,Community PK School,NA,NA,Public center - Alternative,NA,NA,NA,Non-Membership,0499990,Northern Neck,3,King and Queen County
049,NA,9991,Home Educational Services,NA,NA,Public center - Alternative,NA,NA,NA,Non-Membership,0499991,Northern Neck,3,King and Queen County
049,NA,9999,Homebased,NA,NA,Public center - Alternative,NA,NA,NA,Non-Membership,0499999,Northern Neck,3,King and Queen County
049,NA,9998,Homebound,NA,NA,Public center - Alternative,NA,NA,NA,Non-Membership,0499998,Northern Neck,3,King and Queen County
049,510207000879,0200,King & Queen Elementary,PK,06,Public school - Regular,Elementary,King and Queen Courthouse,23085,Membership,0490200,Northern Neck,3,King and Queen County
049,510207000880,0290,Lawson-Marriott Elementary,PK,06,Public school - Regular,Elementary,St Stephens Church,23148,Membership,0490290,Northern Neck,3,King and Queen County
049,NA,8888,Special Situation Schools,NA,NA,Unknown,NA,NA,NA,Non-Membership,0498888,Northern Neck,3,King and Queen County
049,NA,9992,Suspension Services,NA,NA,Public center - Alternative,NA,NA,NA,Non-Membership,0499992,Northern Neck,3,King and Queen County
051,NA,9990,Community PK School,NA,NA,Public center - Alternative,NA,NA,NA,Non-Membership,0519990,Northern Neck,3,Lancaster County
051,NA,9991,Home Educational Services,NA,NA,Public center - Alternative,NA,NA,NA,Non-Membership,0519991,Northern Neck,3,Lancaster County
051,NA,9999,Homebased,NA,NA,Public center - Alternative,NA,NA,NA,Non-Membership,0519999,Northern Neck,3,Lancaster County
051,NA,9998,Homebound,NA,NA,Public center - Alternative,NA,NA,NA,Non-Membership,0519998,Northern Neck,3,Lancaster County
051,NA,0410,Lancaster County Alternative School,NA,NA,Public center - Alternative,NA,Kilmarnock,22482,Non-Membership,0510410,Northern Neck,3,Lancaster County
051,510216003099,0310,Lancaster Early Childhood Education Center,PK,PK,Public school - Preschool,Prekindergarten,Kilmarnock,22482,Membership,0510310,Northern Neck,3,Lancaster County
051,510216000888,0110,Lancaster Elementary,KG,07,Public school - Regular,Elementary,Kilmarnock,22482,Membership,0510110,Northern Neck,3,Lancaster County
051,510216000887,0010,Lancaster High,08,12,Public school - Regular,High,Lancaster,22503,Membership,0510010,Northern Neck,3,Lancaster County
051,NA,9997,Local or Regional Jail,KG,12,Local or Regional Jail,Other,Kilmarnock,22482,Membership,0519997,Northern Neck,3,Lancaster County
051,NA,8888,Special Situation Schools,NA,NA,Unknown,NA,NA,NA,Non-Membership,0518888,Northern Neck,3,Lancaster County
051,NA,9992,Suspension Services,NA,NA,Public center - Alternative,NA,NA,NA,Non-Membership,0519992,Northern Neck,3,Lancaster County
052,NA,9990,Community PK School,NA,NA,Public center - Alternative,NA,NA,NA,Non-Membership,0529990,Southwest,7,Lee County
052,510219000890,0160,Dryden Elementary,PK,05,Public school - Regular,Elementary,Dryden,24243,Membership,0520160,Southwest,7,Lee County
052,510219000891,0330,Elk Knob Elementary,PK,05,Public school - Regular,Elementary,Pennington Gap,24277,Membership,0520330,Southwest,7,Lee County
052,510219000892,0820,Elydale Middle,05,07,Public school - Regular,Middle,Ewing,24248,Membership,0520820,Southwest,7,Lee County
052,510219000894,0630,Flatwoods Elementary,PK,05,Public school - Regular,Elementary,Jonesville,24263,Membership,0520630,Southwest,7,Lee County
052,NA,9991,Home Educational Services,NA,NA,Public center - Alternative,NA,NA,NA,Non-Membership,0529991,Southwest,7,Lee County
052,NA,9999,Homebased,NA,NA,Public center - Alternative,NA,NA,NA,Non-Membership,0529999,Southwest,7,Lee County
052,NA,9998,Homebound,NA,NA,Public center - Alternative,NA,NA,NA,Non-Membership,0529998,Southwest,7,Lee County
052,510219000896,0470,Jonesville Middle,06,08,Public school - Regular,Middle,Jonesville,24263,Membership,0520470,Southwest,7,Lee County
052,NA,0332,Lee County Alternative Education Program,NA,NA,Public center - Alternative,NA,Jonesvville,24263,Non-Membership,0520332,Southwest,7,Lee County
052,NA,0331,Lee County Behavioral Program,NA,NA,Public center - Alternative,NA,Jonesville,24263,Non-Membership,0520331,Southwest,7,Lee County
052,510219000898,0370,Lee County Career & Tech. Center,NA,NA,Public center - Career and Technical Ed.,NA,Ben Hur,24218,Non-Membership,0520370,Southwest,7,Lee County
052,510219002152,0300,Lee High,09,12,Public school - Regular,High,Jonesville,24263,Membership,0520300,Southwest,7,Lee County
052,NA,9997,Local or Regional Jail,KG,12,Local or Regional Jail,Other,Jonesville,24263,Membership,0529997,Southwest,7,Lee County
052,510219000900,0290,Pennington Middle,06,08,Public school - Regular,Middle,Pennington Gap,24277,Membership,0520290,Southwest,7,Lee County
052,510219000901,0670,Rose Hill Elementary,PK,04,Public school - Regular,Elementary,Rose Hill,24281,Membership,0520670,Southwest,7,Lee County
052,NA,8888,Special Situation Schools,NA,NA,Unknown,NA,NA,NA,Non-Membership,0528888,Southwest,7,Lee County
052,510219000902,0200,St. Charles Elementary,PK,05,Public school - Regular,Elementary,St Charles,24282,Membership,0520200,Southwest,7,Lee County
052,NA,9992,Suspension Services,NA,NA,Public center - Alternative,NA,NA,NA,Non-Membership,0529992,Southwest,7,Lee County
052,510219000904,0880,Thomas Walker High,08,12,Public school - Regular,High,Ewing,24248,Membership,0520880,Southwest,7,Lee County
137,NA,9990,Community PK School,NA,NA,Public center - Alternative,NA,NA,NA,Non-Membership,1379990,Valley,5,Lexington City
137,510222000905,1390,Harrington Waddell Elementary,KG,05,Public school - Regular,Elementary,Lexington,24450,Membership,1371390,Valley,5,Lexington City
137,NA,9991,Home Educational Services,NA,NA,Public center - Alternative,NA,NA,NA,Non-Membership,1379991,Valley,5,Lexington City
137,NA,9999,Homebased,NA,NA,Public center - Alternative,NA,NA,NA,Non-Membership,1379999,Valley,5,Lexington City
137,NA,9998,Homebound,NA,NA,Public center - Alternative,NA,NA,NA,Non-Membership,1379998,Valley,5,Lexington City
137,510222000907,1440,Lylburn Downing Middle,06,08,Public school - Regular,Middle,Lexington,24450,Membership,1371440,Valley,5,Lexington City
137,NA,8888,Special Situation Schools,NA,NA,Unknown,NA,NA,NA,Non-Membership,1378888,Valley,5,Lexington City
137,NA,9992,Suspension Services,NA,NA,Public center - Alternative,NA,NA,NA,Non-Membership,1379992,Valley,5,Lexington City
053,NA,0103,ACCESS Academy,NA,NA,Public center - Lab,NA,Arlington,22201,Non-Membership,0530103,Northern Virginia,4,Loudoun County
053,510225003075,1090,Academies of Loudoun,NA,NA,Public center - Division Defined,NA,Leesburg,20175,Non-Membership,0531090,Northern Virginia,4,Loudoun County
053,510225000908,0510,Aldie Elementary,PK,05,Public school - Regular,Elementary,Aldie,20105,Membership,0530510,Northern Virginia,4,Loudoun County
053,510225002153,0150,Algonkian Elementary,PK,05,Public school - Regular,Elementary,Sterling,20165,Membership,0530150,Northern Virginia,4,Loudoun County
053,510225002762,0610,Arcola Elementary,PK,05,Public school - Regular,Elementary,Aldie,20105,Membership,0530610,Northern Virginia,4,Loudoun County
053,510225000134,0170,Ashburn Elementary,PK,05,Public school - Regular,Elementary,Ashburn,20147,Membership,0530170,Northern Virginia,4,Loudoun County
053,510225001143,0220,Ball's Bluff Elementary,PK,05,Public school - Regular,Elementary,Leesburg,20176,Membership,0530220,Northern Virginia,4,Loudoun County
053,510225000911,0650,Banneker Elementary,PK,05,Public school - Regular,Elementary,Middleburg,20117,Membership,0530650,Northern Virginia,4,Loudoun County
053,510225002414,0940,Belmont Ridge Middle,06,08,Public school - Regular,Middle,Leesburg,20176,Membership,0530940,Northern Virginia,4,Loudoun County
053,510225002449,0300,Belmont Station Elementary,PK,05,Public school - Regular,Elementary,Ashburn,20147,Membership,0530300,Northern Virginia,4,Loudoun County
053,510225000912,0790,Blue Ridge Middle,06,08,Public school - Regular,Middle,Purcellville,20132,Membership,0530790,Northern Virginia,4,Loudoun County
053,510225003036,1120,Brambleton Middle,08,08,Public school - Regular,Middle,Ashburn,20148,Membership,0531120,Northern Virginia,4,Loudoun County
053,510225002451,0420,Briar Woods High,09,12,Public school - Regular,High,Ashburn,20148,Membership,0530420,Northern Virginia,4,Loudoun County
053,510225000913,0740,Broad Run High,09,12,Public school - Regular,High,Ashburn,20147,Membership,0530740,Northern Virginia,4,Loudoun County
053,510225002832,0450,Buffalo Trail Elementary,PK,05,Public school - Regular,Elementary,Aldie,20105,Membership,0530450,Northern Virginia,4,Loudoun County
053,510225002980,0460,Cardinal Ridge Elementary,PK,05,Public school - Regular,Elementary,Centreville,20120,Membership,0530460,Northern Virginia,4,Loudoun County
053,510225000914,0710,Catoctin Elementary,PK,05,Public school - Regular,Elementary,Leesburg,20175,Membership,0530710,Northern Virginia,4,Loudoun County
053,510225001915,0840,Cedar Lane Elementary,PK,05,Public school - Regular,Elementary,Ashburn,20147,Membership,0530840,Northern Virginia,4,Loudoun County
053,NA,9990,Community PK School,NA,NA,Public center - Alternative,NA,NA,NA,Non-Membership,0539990,Northern Virginia,4,Loudoun County
053,510225002154,0160,Cool Spring Elementary,PK,05,Public school - Regular,Elementary,Leesburg,20175,Membership,0530160,Northern Virginia,4,Loudoun County
053,510225002413,0890,Countryside Elementary,PK,05,Public school - Regular,Elementary,Sterling,20165,Membership,0530890,Northern Virginia,4,Loudoun County
053,510225002773,0540,Creighton's Corner Elementary,PK,05,Public school - Regular,Elementary,Ashburn,20148,Membership,0530540,Northern Virginia,4,Loudoun County
053,510225002955,1000,Discovery Elementary,PK,05,Public school - Regular,Elementary,Ashburn,20147,Membership,0531000,Northern Virginia,4,Loudoun County
053,510225002411,0031,Dominion High,PK,12,Public school - Regular,High,Sterling,20164,Membership,0530031,Northern Virginia,4,Loudoun County
053,510225001632,0470,Dominion Trail Elementary,PK,05,Public school - Regular,Elementary,Ashburn,20147,Membership,0530470,Northern Virginia,4,Loudoun County
053,NA,1071,Douglass Community/Leesburg Elementary Annex,NA,NA,Annex to a public school,NA,Leesburg,20176,Non-Membership,0531071,Northern Virginia,4,Loudoun County
053,NA,9995,ELL Welcome Center,NA,NA,Public center - Division Defined,NA,Ashburn,20148,Non-Membership,0539995,Northern Virginia,4,Loudoun County
053,510225002282,0880,Eagle Ridge Middle,06,08,Public school - Regular,Middle,Ashburn,20148,Membership,0530880,Northern Virginia,4,Loudoun County
053,510225003091,1151,Elaine E. Thompson Elementary,PK,05,Public school - Regular,Elementary,Sterling,20166,Membership,0531151,Northern Virginia,4,Loudoun County
053,510225000917,0730,Emerick Elementary,PK,05,Public school - Regular,Elementary,Purcellville,20132,Membership,0530730,Northern Virginia,4,Loudoun County
053,510225001845,0190,Evergreen Mill Elementary,PK,05,Public school - Regular,Elementary,Leesburg,20175,Membership,0530190,Northern Virginia,4,Loudoun County
053,510225001131,0210,Farmwell Station Middle,06,08,Public school - Regular,Middle,Ashburn,20147,Membership,0530210,Northern Virginia,4,Loudoun County
053,510225002283,0970,Forest Grove Elementary,PK,05,Public school - Regular,Elementary,Sterling,20164,Membership,0530970,Northern Virginia,4,Loudoun County
053,510225002864,0530,Frederick Douglass Elementary,PK,05,Public school - Regular,Elementary,Leesburg,20175,Membership,0530530,Northern Virginia,4,Loudoun County
053,510225002447,0120,Freedom High,09,12,Public school - Regular,High,South Riding,20152,Membership,0530120,Northern Virginia,4,Loudoun County
053,510225003046,0371,Goshen Post Elementary,PK,05,Public school - Regular,Elementary,Aldie,20105,Membership,0530371,Northern Virginia,4,Loudoun County
053,510225000918,0720,Guilford Elementary,PK,05,Public school - Regular,Elementary,Sterling,20164,Membership,0530720,Northern Virginia,4,Loudoun County
053,510225002450,0320,Gum Spring Middle,06,08,Public school - Regular,Middle,Aldie,20105,Membership,0530320,Northern Virginia,4,Loudoun County
053,510225000919,0230,Hamilton Elementary,PK,05,Public school - Regular,Elementary,Hamilton,20158,Membership,0530230,Northern Virginia,4,Loudoun County
053,510225002831,0921,Harmony Middle,06,08,Public school - Regular,Middle,Hamilton,20158,Membership,0530921,Northern Virginia,4,Loudoun County
053,510225001913,0520,Harper Park Middle,06,08,Public school - Regular,Middle,Leesburg,20176,Membership,0530520,Northern Virginia,4,Loudoun County
053,510225003136,0116,Henrietta Lacks Elementary,PK,02,Public school - Regular,Elementary,Aldie,20105,Membership,0530116,Northern Virginia,4,Loudoun County
053,510225002285,0900,Heritage High,PK,12,Public school - Regular,High,Leesburg,20175,Membership,0530900,Northern Virginia,4,Loudoun County
053,510225003028,0111,Hillsboro Charter Academy,KG,05,Public school - Charter,Elementary,Purcellville,20132,Membership,0530111,Northern Virginia,4,Loudoun County
053,510225001855,0400,Hillside Elementary,PK,05,Public school - Regular,Elementary,Ashburn,20148,Membership,0530400,Northern Virginia,4,Loudoun County
053,NA,9991,Home Educational Services,NA,NA,Public center - Alternative,NA,NA,NA,Non-Membership,0539991,Northern Virginia,4,Loudoun County
053,NA,9999,Homebased,NA,NA,Public center - Alternative,NA,NA,NA,Non-Membership,0539999,Northern Virginia,4,Loudoun County
053,NA,9998,Homebound,NA,NA,Public center - Alternative,NA,NA,NA,Non-Membership,0539998,Northern Virginia,4,Loudoun County
053,510225001914,0820,Horizon Elementary,PK,05,Public school - Regular,Elementary,Sterling,20165,Membership,0530820,Northern Virginia,4,Loudoun County
053,510225003086,1131,Hovatter Elementary,03,05,Public school - Regular,Elementary,Aldie,20105,Membership,0531131,Northern Virginia,4,Loudoun County
053,510225002286,0960,Hutchison Farm Elementary,PK,05,Public school - Regular,Elementary,South Riding,20152,Membership,0530960,Northern Virginia,4,Loudoun County
053,510225003061,1110,Independence High,09,12,Public school - Regular,High,Ashburn,20148,Membership,0531110,Northern Virginia,4,Loudoun County
053,510225000921,0020,J. Lupton Simpson Middle,06,08,Public school - Regular,Middle,Leesburg,20175,Membership,0530020,Northern Virginia,4,Loudoun County
053,510225002853,0580,J. Michael Lunsford Middle,06,08,Public school - Regular,Middle,Chantilly,20152,Membership,0530580,Northern Virginia,4,Loudoun County
053,510225002865,0370,John Champe High,09,12,Public school - Regular,High,Aldie,20105,Membership,0530370,Northern Virginia,4,Loudoun County
053,510225002287,0950,John W. Tolbert Jr. Elementary,PK,05,Public school - Regular,Elementary,Leesburg,20176,Membership,0530950,Northern Virginia,4,Loudoun County
053,510225002809,0600,Kenneth W.Culbert Elementary,PK,05,Public school - Regular,Elementary,Hamilton,20158,Membership,0530600,Northern Virginia,4,Loudoun County
053,510225001852,0080,Leesburg Elementary,PK,05,Public school - Regular,Elementary,Leesburg,20176,Membership,0530080,Northern Virginia,4,Loudoun County
053,510225002452,0430,Legacy Elementary,PK,05,Public school - Regular,Elementary,Ashburn,20148,Membership,0530430,Northern Virginia,4,Loudoun County
053,510225002774,0560,Liberty Elementary,PK,05,Public school - Regular,Elementary,South Riding,20152,Membership,0530560,Northern Virginia,4,Loudoun County
053,510225003079,1130,Lightridge High,09,12,Public school - Regular,High,Aldie,20105,Membership,0531130,Northern Virginia,4,Loudoun County
053,510225000922,0290,Lincoln Elementary,PK,05,Public school - Regular,Elementary,Purcellville,20132,Membership,0530290,Northern Virginia,4,Loudoun County
053,510225002539,0860,Little River Elementary,PK,05,Public school - Regular,Elementary,South Riding,20152,Membership,0530860,Northern Virginia,4,Loudoun County
053,NA,9997,Local or Regional Jail,KG,12,Local or Regional Jail,Other,Leesburg,20175,Membership,0539997,Northern Virginia,4,Loudoun County
053,510225000923,0660,Loudoun County High,09,12,Public school - Regular,High,Leesburg,20175,Membership,0530660,Northern Virginia,4,Loudoun County
053,510225000924,0680,Loudoun Valley High,09,12,Public school - Regular,High,Purcellville,20132,Membership,0530680,Northern Virginia,4,Loudoun County
053,510225000925,0780,Lovettsville Elementary,PK,05,Public school - Regular,Elementary,Lovettsville,20180,Membership,0530780,Northern Virginia,4,Loudoun County
053,510225001633,0500,Lowes Island Elementary,PK,05,Public school - Regular,Elementary,Sterling,20165,Membership,0530500,Northern Virginia,4,Loudoun County
053,510225000926,0130,Lucketts Elementary,PK,05,Public school - Regular,Elementary,Leesburg,20176,Membership,0530130,Northern Virginia,4,Loudoun County
053,510225003026,1030,Madison's Trust Elementary,PK,05,Public school - Regular,Elementary,Ashburn,20148,Membership,0531030,Northern Virginia,4,Loudoun County
053,510225001853,0070,Meadowland Elementary,PK,05,Public school - Regular,Elementary,Sterling,20164,Membership,0530070,Northern Virginia,4,Loudoun County
053,510225002970,1200,Middleburg Community Charter,KG,05,Public school - Charter,Elementary,Middleburg,20117,Membership,0531200,Northern Virginia,4,Loudoun County
053,510225002540,0910,Mill Run Elementary,PK,05,Public school - Regular,Elementary,Ashburn,20148,Membership,0530910,Northern Virginia,4,Loudoun County
053,510225002954,0380,Moorefield Station Elementary,PK,05,Public school - Regular,Elementary,Ashburn,20148,Membership,0530380,Northern Virginia,4,Loudoun County
053,510225002415,0980,Mountain View Elementary,PK,05,Public school - Regular,Elementary,Purcellville,21032,Membership,0530980,Northern Virginia,4,Loudoun County
053,510225002448,0270,Newton-Lee Elementary,PK,05,Public school - Regular,Elementary,Ashburg,20147,Membership,0530270,Northern Virginia,4,Loudoun County
053,510225000928,0060,Park View High,09,12,Public school - Regular,High,Sterling,20164,Membership,0530060,Northern Virginia,4,Loudoun County
053,510225002514,0340,Pinebrook Elementary,PK,05,Public school - Regular,Elementary,Aldie,20105,Membership,0530340,Northern Virginia,4,Loudoun County
053,510225001627,0140,Potomac Falls High,09,12,Public school - Regular,High,Potomac Falls,20165,Membership,0530140,Northern Virginia,4,Loudoun County
053,510225001158,0250,Potowmack Elementary,PK,05,Public school - Regular,Elementary,Sterling,20165,Membership,0530250,Northern Virginia,4,Loudoun County
053,NA,0044,Preschool Child Find,NA,NA,Public center - Division Defined,NA,Leesburg,20176,Non-Membership,0530044,Northern Virginia,4,Loudoun County
053,NA,0102,Recovery,Inspiration,Strength,NA,NA,Fredericka  Mack,NA,"VA,20175,571-252-1018,Non-Membership",0530102,Northern Virginia,4,Loudoun County
053,510225002412,0091,Richard and Mildred Loving Elementary,PK,05,Public school - Regular,Elementary,Leesburg,20176,Membership,0530091,Northern Virginia,4,Loudoun County
053,510225002288,0930,River Bend Middle,06,08,Public school - Regular,Middle,Sterling,20165,Membership,0530930,Northern Virginia,4,Loudoun County
053,510225003001,1050,Riverside High,09,12,Public school - Regular,High,Leesburg,20176,Membership,0531050,Northern Virginia,4,Loudoun County
053,510225002969,1060,Rock Ridge High,PK,12,Public school - Regular,High,Ashburn,20148,Membership,0531060,Northern Virginia,4,Loudoun County
053,510225000929,0040,Rolling Ridge Elementary,PK,05,Public school - Regular,Elementary,Sterling,20164,Membership,0530040,Northern Virginia,4,Loudoun County
053,510225002751,0550,Rosa Lee Carter Elementary,PK,05,Public school - Regular,Elementary,Ashburn,20148,Membership,0530550,Northern Virginia,4,Loudoun County
053,510225000930,0180,Round Hill Elementary,PK,05,Public school - Regular,Elementary,Round Hill,20141,Membership,0530180,Northern Virginia,4,Loudoun County
053,510225001148,0240,Sanders Corner Elementary,PK,05,Public school - Regular,Elementary,Ashburn,20147,Membership,0530240,Northern Virginia,4,Loudoun County
053,510225002289,0870,Seldens Landing Elementary,PK,05,Public school - Regular,Elementary,Leesburg,20176,Membership,0530870,Northern Virginia,4,Loudoun County
053,510225000931,0030,Seneca Ridge Middle,06,08,Public school - Regular,Middle,Sterling,20164,Membership,0530030,Northern Virginia,4,Loudoun County
053,510225002446,0090,Smart's Mill Middle,06,08,Public school - Regular,Middle,Leesburg,20176,Membership,0530090,Northern Virginia,4,Loudoun County
053,NA,8888,Special Situation Schools,NA,NA,Unknown,NA,NA,NA,Non-Membership,0538888,Northern Virginia,4,Loudoun County
053,510225000932,0690,Sterling Elementary,PK,05,Public school - Regular,Elementary,Sterling,20164,Membership,0530690,Northern Virginia,4,Loudoun County
053,510225000933,0760,Sterling Middle,06,08,Public school - Regular,Middle,Sterling,20164,Membership,0530760,Northern Virginia,4,Loudoun County
053,510225002776,0350,Steuart W. Weller Elementary,PK,05,Public school - Regular,Elementary,Ashburn,20147,Membership,0530350,Northern Virginia,4,Loudoun County
053,510225002538,0850,Stone Bridge High,09,12,Public school - Regular,High,Ashburn,20147,Membership,0530850,Northern Virginia,4,Loudoun County
053,510225002764,0570,Stone Hill Middle,06,08,Public school - Regular,Middle,Ashburn,20148,Membership,0530570,Northern Virginia,4,Loudoun County
053,510225000934,0010,Sugarland Elementary,PK,05,Public school - Regular,Elementary,Sterling,20164,Membership,0530010,Northern Virginia,4,Loudoun County
053,510225000935,0750,Sully Elementary,PK,05,Public school - Regular,Elementary,Sterling,20164,Membership,0530750,Northern Virginia,4,Loudoun County
053,NA,9992,Suspension Services,NA,NA,Public center - Alternative,NA,NA,NA,Non-Membership,0539992,Northern Virginia,4,Loudoun County
053,510225002755,0280,Sycolin Creek Elementary,PK,05,Public school - Regular,Elementary,Leesburg,20175,Membership,0530280,Northern Virginia,4,Loudoun County
053,NA,0621,The Alternative Education Program,NA,NA,Public center - Alternative,NA,Leesburg,20175,Non-Membership,0530621,Northern Virginia,4,Loudoun County
053,510225002989,0990,The Loudoun Governor's Career & Technical Academy,NA,NA,Public center - Governor's STEM Academy,NA,Leesburg,20175,Non-Membership,0530990,Northern Virginia,4,Loudoun County
053,510225002281,0620,The North Star School,NA,NA,Public center - Alternative,NA,Leesburg,20175,Non-Membership,0530620,Northern Virginia,4,Loudoun County
053,510225002965,1040,Trailside Middle,06,08,Public school - Regular,Middle,Ashburn,20147,Membership,0531040,Northern Virginia,4,Loudoun County
053,510225002817,0200,Tuscarora High,PK,12,Public school - Regular,High,Leesburg,20176,Membership,0530200,Northern Virginia,4,Loudoun County
053,NA,0533,Virtual Distance Elementary,NA,NA,Public center - Virtual,NA,Leesburg,20176,Non-Membership,0530533,Northern Virginia,4,Loudoun County
053,NA,0531,Virtual Distance Learning,NA,NA,Public center - Virtual,NA,Leesburg,20176,Non-Membership,0530531,Northern Virginia,4,Loudoun County
053,NA,1210,Virtual Loudoun,NA,NA,Public center - Virtual,NA,Leesburg,20176,Non-Membership,0531210,Northern Virginia,4,Loudoun County
053,510225003084,0532,W.O. Robey High,09,12,Public school - Alternative,High,Sterling,20164,Membership,0530532,Northern Virginia,4,Loudoun County
053,510225000936,0700,Waterford Elementary,PK,05,Public school - Regular,Elementary,Waterford,20197,Membership,0530700,Northern Virginia,4,Loudoun County
053,510225003137,0117,Watson Mountain Middle,06,08,Public school - Regular,Middle,Leesburg,20175,Membership,0530117,Northern Virginia,4,Loudoun County
053,510225003060,1140,Waxpool Elementary,PK,05,Public school - Regular,Elementary,Ashburn,20148,Membership,0531140,Northern Virginia,4,Loudoun County
053,510225003059,0360,Willard Middle,06,08,Public school - Regular,Middle,Aldie,20105,Membership,0530360,Northern Virginia,4,Loudoun County
053,510225002812,0590,Woodgrove High,PK,12,Public school - Regular,High,Purcellville,20132,Membership,0530590,Northern Virginia,4,Loudoun County
054,NA,9990,Community PK School,NA,NA,Public center - Alternative,NA,NA,NA,Non-Membership,0549990,Valley,5,Louisa County
054,NA,9991,Home Educational Services,NA,NA,Public center - Alternative,NA,NA,NA,Non-Membership,0549991,Valley,5,Louisa County
054,NA,9999,Homebased,NA,NA,Public center - Alternative,NA,NA,NA,Non-Membership,0549999,Valley,5,Louisa County
054,NA,9998,Homebound,NA,NA,Public center - Alternative,NA,NA,NA,Non-Membership,0549998,Valley,5,Louisa County
054,510228002036,0660,Jouett Elementary,PK,05,Public school - Regular,Elementary,Mineral,23117,Membership,0540660,Valley,5,Louisa County
054,510228000939,0602,Louisa County High,09,12,Public school - Regular,High,Mineral,23117,Membership,0540602,Valley,5,Louisa County
054,510228001930,0601,Louisa County Middle,06,08,Public school - Regular,Middle,Mineral,23117,Membership,0540601,Valley,5,Louisa County
054,510228002838,0080,Moss-Nuckols Elementary,PK,05,Public school - Regular,Elementary,Louisa,23093,Membership,0540080,Valley,5,Louisa County
054,NA,8888,Special Situation Schools,NA,NA,Unknown,NA,NA,NA,Non-Membership,0548888,Valley,5,Louisa County
054,NA,9992,Suspension Services,NA,NA,Public center - Alternative,NA,NA,NA,Non-Membership,0549992,Valley,5,Louisa County
054,510228000942,0610,Thomas Jefferson Elementary,PK,05,Public school - Regular,Elementary,Louisa,23093,Membership,0540610,Valley,5,Louisa County
054,510228002066,0641,Trevilians Elementary,PK,05,Public school - Regular,Elementary,Louisa,23093,Membership,0540641,Valley,5,Louisa County
055,510231000944,0560,Central High,09,12,Public school - Regular,High,Victoria,23974,Membership,0550560,Southside,8,Lunenburg County
055,NA,9990,Community PK School,NA,NA,Public center - Alternative,NA,NA,NA,Non-Membership,0559990,Southside,8,Lunenburg County
055,NA,9991,Home Educational Services,NA,NA,Public center - Alternative,NA,NA,NA,Non-Membership,0559991,Southside,8,Lunenburg County
055,NA,9999,Homebased,NA,NA,Public center - Alternative,NA,NA,NA,Non-Membership,0559999,Southside,8,Lunenburg County
055,NA,9998,Homebound,NA,NA,Public center - Alternative,NA,NA,NA,Non-Membership,0559998,Southside,8,Lunenburg County
055,510231000946,0240,Kenbridge Elementary,PK,05,Public school - Regular,Elementary,Kenbridge,23944,Membership,0550240,Southside,8,Lunenburg County
055,510231000947,0171,Lunenburg Middle,06,08,Public school - Regular,Middle,Victoria,23974,Membership,0550171,Southside,8,Lunenburg County
055,NA,8888,Special Situation Schools,NA,NA,Unknown,NA,NA,NA,Non-Membership,0558888,Southside,8,Lunenburg County
055,NA,9992,Suspension Services,NA,NA,Public center - Alternative,NA,NA,NA,Non-Membership,0559992,Southside,8,Lunenburg County
055,510231000949,0140,Victoria Elementary,PK,05,Public school - Regular,Elementary,Victoria,23974,Membership,0550140,Southside,8,Lunenburg County
115,510234000952,0290,Bedford Hills Elementary,KG,05,Public school - Regular,Elementary,Lynchburg,24503,Membership,1150290,Valley,5,Lynchburg City
115,NA,9990,Community PK School,NA,NA,Public center - Alternative,NA,NA,NA,Non-Membership,1159990,Valley,5,Lynchburg City
115,510234002205,0070,Dearington Elementary/Innovation,KG,05,Public school - Regular,Elementary,Lynchburg,24501,Membership,1150070,Valley,5,Lynchburg City
115,510234000956,0260,E.C. Glass High,09,12,Public school - Regular,High,Lynchburg,24501,Membership,1150260,Valley,5,Lynchburg City
115,510234000613,1203,Fort Hill Community,NA,NA,Public center - Alternative,NA,Lynchburg,24502,Non-Membership,1151203,Valley,5,Lynchburg City
115,NA,9999,HOME BASED,NA,NA,Public center - Alternative,NA,Lynchburg,24504,Non-Membership,1159999,Valley,5,Lynchburg City
115,510234000959,1102,Heritage Elementary,KG,05,Public school - Regular,Elementary,Lynchburg,24502,Membership,1151102,Valley,5,Lynchburg City
115,510234000960,0130,Heritage High,09,12,Public school - Regular,High,Lynchburg,24502,Membership,1150130,Valley,5,Lynchburg City
115,NA,9991,Home Educational Services,NA,NA,Public center - Alternative,NA,Lynchburg,24504,Non-Membership,1159991,Valley,5,Lynchburg City
115,NA,9998,Home bound,NA,NA,Public center - Alternative,NA,Lynchburg,24504,Non-Membership,1159998,Valley,5,Lynchburg City
115,NA,0320,Hutcherson Academy,NA,NA,Public center - Alternative,NA,Lynchburg,24501,Non-Membership,1150320,Valley,5,Lynchburg City
115,510234000961,0360,Linkhorne Elementary,KG,05,Public school - Regular,Elementary,Lynchburg,24503,Membership,1150360,Valley,5,Lynchburg City
115,510234000962,0350,Linkhorne Middle,06,08,Public school - Regular,Middle,Lynchburg,24503,Membership,1150350,Valley,5,Lynchburg City
115,NA,9997,Local or Regional Jail,05,12,Local or Regional Jail,High,Lynchburg,24501,Membership,1159997,Valley,5,Lynchburg City
115,510234002976,0380,Lynchburg Regional Governor's STEM Academy,NA,NA,Public center - Governor's STEM Academy,NA,Lynchburg,24502,Non-Membership,1150380,Valley,5,Lynchburg City
115,510234000955,0170,Paul Laurence Dunbar Middle for Innovation,06,08,Public school - Regular,Middle,Lynchburg,24504,Membership,1150170,Valley,5,Lynchburg City
115,510234000963,0330,Paul Munro Elementary,KG,05,Public school - Regular,Elementary,Lynchburg,24503,Membership,1150330,Valley,5,Lynchburg City
115,510234000964,0270,Perrymont Elementary,KG,05,Public school - Regular,Elementary,Lynchburg,24502,Membership,1150270,Valley,5,Lynchburg City
115,510234003130,0191,Restorative Academy - Elem,NA,NA,Public center - Alternative,NA,Lynchburg,24501,Non-Membership,1150191,Valley,5,Lynchburg City
115,510234003131,0192,Restorative Academy - Secondary,NA,NA,Public center - Alternative,NA,Lynchburg,24504,Non-Membership,1150192,Valley,5,Lynchburg City
115,510234000965,0190,Robert S. Payne Elementary,KG,05,Public school - Regular,Elementary,Lynchburg,24501,Membership,1150190,Valley,5,Lynchburg City
115,510234000966,0370,Sandusky Elementary,KG,05,Public school - Regular,Elementary,Lynchburg,24502,Membership,1150370,Valley,5,Lynchburg City
115,510234000967,0340,Sandusky Middle,06,08,Public school - Regular,Middle,Lynchburg,24502,Membership,1150340,Valley,5,Lynchburg City
115,510234000968,0300,Sheffield Elementary,KG,05,Public school - Regular,Elementary,Lynchburg,24502,Membership,1150300,Valley,5,Lynchburg City
115,NA,8888,Special Situation Schools,NA,NA,Unknown,NA,NA,NA,Non-Membership,1158888,Valley,5,Lynchburg City
115,NA,9992,Suspension Services,NA,NA,Public center - Alternative,NA,NA,NA,Non-Membership,1159992,Valley,5,Lynchburg City
115,NA,0095,TC Miller Academy,NA,NA,Public center - Alternative,NA,Lynchburg,24501,Non-Membership,1150095,Valley,5,Lynchburg City
115,NA,0375,Transition Alternative Program,NA,NA,Public center - Alternative,NA,Lynchburg,24501,Non-Membership,1150375,Valley,5,Lynchburg City
115,510234000970,0250,William M. Bass Elementary,KG,05,Public school - Regular,Elementary,Lynchburg,24501,Membership,1150250,Valley,5,Lynchburg City
056,NA,9990,Community PK School,NA,NA,Public center - Alternative,NA,NA,NA,Non-Membership,0569990,Northern Virginia,4,Madison County
056,NA,9991,Home Educational Services,NA,NA,Public center - Alternative,NA,NA,NA,Non-Membership,0569991,Northern Virginia,4,Madison County
056,NA,9999,Homebased,NA,NA,Public center - Alternative,NA,NA,NA,Non-Membership,0569999,Northern Virginia,4,Madison County
056,NA,9998,Homebound,NA,NA,Public center - Alternative,NA,NA,NA,Non-Membership,0569998,Northern Virginia,4,Madison County
056,510237000972,0221,Madison County High,09,12,Public school - Regular,High,Madison,22727,Membership,0560221,Northern Virginia,4,Madison County
056,510237000973,0230,Madison Primary,PK,02,Public school - Regular,Elementary,Madison,22727,Membership,0560230,Northern Virginia,4,Madison County
056,NA,8888,Special Situation Schools,NA,NA,Unknown,NA,NA,NA,Non-Membership,0568888,Northern Virginia,4,Madison County
056,NA,9992,Suspension Services,NA,NA,Public center - Alternative,NA,NA,NA,Non-Membership,0569992,Northern Virginia,4,Madison County
056,510237000974,0200,Waverly Yowell Elementary,03,05,Public school - Regular,Elementary,Madison,22727,Membership,0560200,Northern Virginia,4,Madison County
056,510237000975,0222,William H. Wetsel Middle,06,08,Public school - Regular,Middle,Madison,22727,Membership,0560222,Northern Virginia,4,Madison County
143,510236000976,0470,Baldwin Elementary,PK,04,Public school - Regular,Elementary,Manassas,20110,Membership,1430470,Northern Virginia,4,Manassas City
143,510236003034,0471,Baldwin Intermediate,05,06,Public school - Regular,Middle,Manassas,20110,Membership,1430471,Northern Virginia,4,Manassas City
143,NA,9990,Community PK School,NA,NA,Public center - Alternative,NA,NA,NA,Non-Membership,1439990,Northern Virginia,4,Manassas City
143,510236002067,0060,George Carr Round Elementary,PK,04,Public school - Regular,Elementary,Manassas,20110,Membership,1430060,Northern Virginia,4,Manassas City
143,510236003047,0380,Governor's STEM Academy at Osbourn High School,NA,NA,Public center - Governor's STEM Academy,NA,Manassas,20110,Non-Membership,1430380,Northern Virginia,4,Manassas City
143,510236002226,0070,Grace E. Metz Middle,07,08,Public school - Regular,Middle,Manassas,20110,Membership,1430070,Northern Virginia,4,Manassas City
143,NA,9991,Home Educational Services,NA,NA,Public center - Alternative,NA,Manassas,20108,Non-Membership,1439991,Northern Virginia,4,Manassas City
143,NA,9999,Homebased (Serving School),NA,NA,Public center - Alternative,NA,Manassas,20108,Non-Membership,1439999,Northern Virginia,4,Manassas City
143,NA,9998,Homebound (Serving School),NA,NA,Public center - Alternative,NA,Manassas,20108,Non-Membership,1439998,Northern Virginia,4,Manassas City
143,510236000977,0310,Jennie Dean Elementary,PK,04,Public school - Regular,Elementary,Manassas,20110,Membership,1430310,Northern Virginia,4,Manassas City
143,510236000738,0480,Manassas Pathways,NA,NA,Public center - Alternative,NA,Manassas,20110,Non-Membership,1430480,Northern Virginia,4,Manassas City
143,510236002637,0080,Mayfield Intermediate,05,06,Public school - Regular,Middle,Manassas,20110,Membership,1430080,Northern Virginia,4,Manassas City
143,510236000978,0370,Osbourn High,09,12,Public school - Regular,High,Manassas,20110,Membership,1430370,Northern Virginia,4,Manassas City
143,510236001854,0020,Richard C. Haydon Elementary,PK,04,Public school - Regular,Elementary,Manassas,20110,Membership,1430020,Northern Virginia,4,Manassas City
143,NA,8888,Special Situation Schools,NA,NA,Unknown,NA,NA,NA,Non-Membership,1438888,Northern Virginia,4,Manassas City
143,NA,9992,Suspension Services,NA,NA,Public center - Alternative,NA,NA,NA,Non-Membership,1439992,Northern Virginia,4,Manassas City
143,NA,0090,Virginia Virtual Academy at Manassas,KG,12,Public school - Virtual,Other,Manassas,20108,Membership,1430090,Northern Virginia,4,Manassas City
143,510236000979,0010,Weems Elementary,PK,04,Public school - Regular,Elementary,Manassas,20110,Membership,1430010,Northern Virginia,4,Manassas City
144,NA,9990,Community PK School,NA,NA,Public center - Alternative,NA,NA,NA,Non-Membership,1449990,Northern Virginia,4,Manassas Park City
144,510239002292,0522,Cougar Elementary,PK,02,Public school - Regular,Elementary,Manassas Park,20111,Membership,1440522,Northern Virginia,4,Manassas Park City
144,NA,9991,Home Educational Services,NA,NA,Public center - Alternative,NA,NA,NA,Non-Membership,1449991,Northern Virginia,4,Manassas Park City
144,NA,9999,Homebased,NA,NA,Public center - Alternative,NA,NA,NA,Non-Membership,1449999,Northern Virginia,4,Manassas Park City
144,NA,9998,Homebound,NA,NA,Public center - Alternative,NA,NA,NA,Non-Membership,1449998,Northern Virginia,4,Manassas Park City
144,510239000982,0420,Manassas Park Elementary,03,05,Public school - Regular,Elementary,Manassas Park,20111,Membership,1440420,Northern Virginia,4,Manassas Park City
144,510239000983,0030,Manassas Park High,09,12,Public school - Regular,High,Manassas Park,20111,Membership,1440030,Northern Virginia,4,Manassas Park City
144,510239002227,0031,Manassas Park Middle,06,08,Public school - Regular,Middle,Manassas Park,20111,Membership,1440031,Northern Virginia,4,Manassas Park City
144,NA,8888,Special Situation Schools,NA,NA,Unknown,NA,NA,NA,Non-Membership,1448888,Northern Virginia,4,Manassas Park City
144,NA,9992,Suspension Services,NA,NA,Public center - Alternative,NA,NA,NA,Non-Membership,1449992,Northern Virginia,4,Manassas Park City
116,510240002616,0222,Albert Harris Elementary,KG,05,Public school - Regular,Elementary,Martinsville,24112,Membership,1160222,Western Virginia,6,Martinsville City
116,510240002618,0224,Clearview Early Learning Center,PK,PK,Public school - Preschool,Prekindergarten,Martinsville,24112,Membership,1160224,Western Virginia,6,Martinsville City
116,NA,9990,Community PK School,NA,NA,Public center - Alternative,NA,NA,NA,Non-Membership,1169990,Western Virginia,6,Martinsville City
116,NA,9991,Home Educational Services,NA,NA,Public center - Alternative,NA,NA,NA,Non-Membership,1169991,Western Virginia,6,Martinsville City
116,NA,9999,Homebased,NA,NA,Public center - Alternative,NA,NA,NA,Non-Membership,1169999,Western Virginia,6,Martinsville City
116,NA,9998,Homebound,NA,NA,Public center - Alternative,NA,NA,NA,Non-Membership,1169998,Western Virginia,6,Martinsville City
116,NA,9997,Local or Regional Jail,KG,12,Local or Regional Jail,Other,Martinsville,24115,Membership,1169997,Western Virginia,6,Martinsville City
116,510240000988,0110,Martinsville High,09,12,Public school - Regular,High,Martinsville,24112,Membership,1160110,Western Virginia,6,Martinsville City
116,510240000989,0010,Martinsville Middle,06,08,Public school - Regular,Middle,Martinsville,24112,Membership,1160010,Western Virginia,6,Martinsville City
116,510240002617,0223,Patrick Henry Elementary,KG,05,Public school - Regular,Elementary,Martinsville,24112,Membership,1160223,Western Virginia,6,Martinsville City
116,NA,8888,Special Situation Schools,NA,NA,Unknown,NA,NA,NA,Non-Membership,1168888,Western Virginia,6,Martinsville City
116,NA,9992,Suspension Services,NA,NA,Public center - Alternative,NA,NA,NA,Non-Membership,1169992,Western Virginia,6,Martinsville City
057,NA,9990,Community PK School,NA,NA,Public center - Alternative,NA,NA,NA,Non-Membership,0579990,Northern Neck,3,Mathews County
057,NA,9991,Home Educational Services,NA,NA,Public center - Alternative,NA,NA,NA,Non-Membership,0579991,Northern Neck,3,Mathews County
057,NA,9999,Homebased,NA,NA,Public center - Alternative,NA,NA,NA,Non-Membership,0579999,Northern Neck,3,Mathews County
057,NA,9998,Homebound,NA,NA,Public center - Alternative,NA,NA,NA,Non-Membership,0579998,Northern Neck,3,Mathews County
057,510243001388,0291,Mathews Elementary,PK,05,Public school - Regular,Elementary,Mathews,23109,Membership,0570291,Northern Neck,3,Mathews County
057,510243000993,0190,Mathews High,08,12,Public school - Regular,High,Mathews,23109,Membership,0570190,Northern Neck,3,Mathews County
057,NA,8888,Special Situation Schools,NA,NA,Unknown,NA,NA,NA,Non-Membership,0578888,Northern Neck,3,Mathews County
057,NA,9992,Suspension Services,NA,NA,Public center - Alternative,NA,NA,NA,Non-Membership,0579992,Northern Neck,3,Mathews County
057,510243000994,0100,Thomas Hunter Middle,06,07,Public school - Regular,Middle,Mathews,23109,Membership,0570100,Northern Neck,3,Mathews County
058,510246001002,0910,Chase City Elementary,PK,05,Public school - Regular,Elementary,Skipwith,23968,Membership,0580910,Southside,8,Mecklenburg County
058,510246001004,1000,Clarksville Elementary,PK,05,Public school - Regular,Elementary,Clarksville,23927,Membership,0581000,Southside,8,Mecklenburg County
058,NA,9990,Community PK School,NA,NA,Public center - Alternative,NA,NA,NA,Non-Membership,0589990,Southside,8,Mecklenburg County
058,NA,9991,Home Educational Services,NA,NA,Public center - Alternative,NA,NA,NA,Non-Membership,0589991,Southside,8,Mecklenburg County
058,NA,9999,Homebased,NA,NA,Public center - Alternative,NA,NA,NA,Non-Membership,0589999,Southside,8,Mecklenburg County
058,NA,9998,Homebound,NA,NA,Public center - Alternative,NA,NA,NA,Non-Membership,0589998,Southside,8,Mecklenburg County
058,510246001006,1020,LaCrosse Elementary,PK,05,Public school - Regular,Elementary,La Crosse,23950,Membership,0581020,Southside,8,Mecklenburg County
058,NA,9997,Local or Regional Jail,KG,12,Local or Regional Jail,Other,Boydton,23917,Membership,0589997,Southside,8,Mecklenburg County
058,510246003090,1041,Mecklenburg County High,09,12,Public school - Regular,High,Baskerville,23915,Membership,0581041,Southside,8,Mecklenburg County
058,510246003089,1040,Mecklenburg County Middle,06,08,Public school - Regular,Middle,Baskerville,23915,Membership,0581040,Southside,8,Mecklenburg County
058,510246002453,1121,Phoenix Academy,NA,NA,Public center - Alternative,NA,Baskerville,23915,Non-Membership,0581121,Southside,8,Mecklenburg County
058,510246001009,0190,South Hill Elementary,PK,05,Public school - Regular,Elementary,South Hill,23970,Membership,0580190,Southside,8,Mecklenburg County
058,NA,8888,Special Situation Schools,NA,NA,Unknown,NA,NA,NA,Non-Membership,0588888,Southside,8,Mecklenburg County
058,NA,9992,Suspension Services,NA,NA,Public center - Alternative,NA,NA,NA,Non-Membership,0589992,Southside,8,Mecklenburg County
059,NA,9990,Community PK School,NA,NA,Public center - Alternative,NA,NA,NA,Non-Membership,0599990,Northern Neck,3,Middlesex County
059,NA,9991,Home Educational Services,NA,NA,Public center - Alternative,NA,NA,NA,Non-Membership,0599991,Northern Neck,3,Middlesex County
059,NA,9999,Homebased,NA,NA,Public center - Alternative,NA,NA,NA,Non-Membership,0599999,Northern Neck,3,Middlesex County
059,NA,9998,Homebound,NA,NA,Public center - Alternative,NA,NA,NA,Non-Membership,0599998,Northern Neck,3,Middlesex County
059,NA,9997,Local or Regional Jail,KG,12,Local or Regional Jail,Other,Saluda,23149,Membership,0599997,Northern Neck,3,Middlesex County
059,510249002293,0291,Middlesex Elementary,PK,05,Public school - Regular,Elementary,Locust Hill,23092,Membership,0590291,Northern Neck,3,Middlesex County
059,510249001012,0090,Middlesex High,09,12,Public school - Regular,High,Saluda,23149,Membership,0590090,Northern Neck,3,Middlesex County
059,NA,8888,Special Situation Schools,NA,NA,Unknown,NA,NA,NA,Non-Membership,0598888,Northern Neck,3,Middlesex County
059,510249002195,0140,St. Clare Walker Middle,06,08,Public school - Regular,Middle,Locust Hill,23092,Membership,0590140,Northern Neck,3,Middlesex County
059,NA,9992,Suspension Services,NA,NA,Public center - Alternative,NA,NA,NA,Non-Membership,0599992,Northern Neck,3,Middlesex County
060,510252001859,0902,Auburn Elementary,PK,05,Public school - Regular,Elementary,Riner,24149,Membership,0600902,Western Virginia,6,Montgomery County
060,510252001013,0650,Auburn High,09,12,Public school - Regular,High,Riner,24149,Membership,0600650,Western Virginia,6,Montgomery County
060,510252001916,0903,Auburn Middle,06,08,Public school - Regular,Middle,Riner,24149,Membership,0600903,Western Virginia,6,Montgomery County
060,510252001014,0700,Belview Elementary,PK,05,Public school - Regular,Elementary,Radford,24141,Membership,0600700,Western Virginia,6,Montgomery County
060,510252001016,0760,Blacksburg High,09,12,Public school - Regular,High,Blacksburg,24060,Membership,0600760,Western Virginia,6,Montgomery County
060,510252001017,0710,Blacksburg Middle,06,08,Public school - Regular,Middle,Blacksburg,24060,Membership,0600710,Western Virginia,6,Montgomery County
060,510252002126,0740,Christiansburg Elementary,03,05,Public school - Regular,Elementary,Christiansburg,24073,Membership,0600740,Western Virginia,6,Montgomery County
060,510252001019,0770,Christiansburg High,09,12,Public school - Regular,High,Christiansburg,24073,Membership,0600770,Western Virginia,6,Montgomery County
060,510252001020,0671,Christiansburg Middle,06,08,Public school - Regular,Middle,Christiansburg,24073,Membership,0600671,Western Virginia,6,Montgomery County
060,510252001021,0780,Christiansburg Primary,PK,02,Public school - Regular,Elementary,Christiansburg,24073,Membership,0600780,Western Virginia,6,Montgomery County
060,NA,9990,Community PK School,NA,NA,Public center - Alternative,NA,NA,NA,Non-Membership,0609990,Western Virginia,6,Montgomery County
060,510252002818,0030,Eastern Montgomery Elementary,PK,05,Public school - Regular,Elementary,Elliston,24087,Membership,0600030,Western Virginia,6,Montgomery County
060,510252002541,0904,Eastern Montgomery High,09,12,Public school - Regular,High,Elliston,24087,Membership,0600904,Western Virginia,6,Montgomery County
060,510252000178,0600,Falling Branch Elementary,PK,05,Public school - Regular,Elementary,Christiansburg,24073,Membership,0600600,Western Virginia,6,Montgomery County
060,510252001023,0750,Gilbert Linkous Elementary,PK,05,Public school - Regular,Elementary,Blacksburg,24060,Membership,0600750,Western Virginia,6,Montgomery County
060,510252001024,0010,Harding Avenue Elementary,KG,05,Public school - Regular,Elementary,Blacksburg,24060,Membership,0600010,Western Virginia,6,Montgomery County
060,NA,9991,Home Educational Services,NA,NA,Public center - Alternative,NA,NA,NA,Non-Membership,0609991,Western Virginia,6,Montgomery County
060,NA,9999,Homebased,NA,NA,Public center - Alternative,NA,NA,NA,Non-Membership,0609999,Western Virginia,6,Montgomery County
060,NA,9998,Homebound,NA,NA,Public center - Alternative,NA,NA,NA,Non-Membership,0609998,Western Virginia,6,Montgomery County
060,510252000916,0901,Kipps Elementary,KG,05,Public school - Regular,Elementary,Blacksburg,24060,Membership,0600901,Western Virginia,6,Montgomery County
060,NA,9997,Local or Regional Jail,KG,12,Local or Regional Jail,Other,Christiansburg,24073,Membership,0609997,Western Virginia,6,Montgomery County
060,510252001025,0730,Margaret Beeks Elementary,PK,05,Public school - Regular,Elementary,Blacksburg,24060,Membership,0600730,Western Virginia,6,Montgomery County
060,510252002155,0690,Montgomery Central,NA,NA,Public center - Alternative,NA,Christiansburg,24073,Non-Membership,0600690,Western Virginia,6,Montgomery County
060,510252002994,0810,Montgomery County Governor's STEM Academy,NA,NA,Public center - Governor's STEM Academy,NA,Christiansburg,24073,Non-Membership,0600810,Western Virginia,6,Montgomery County
060,510252001026,0210,Prices Fork Elementary,PK,05,Public school - Regular,Elementary,Blacksburg,24060,Membership,0600210,Western Virginia,6,Montgomery County
060,510252001029,0290,Shawsville Middle,06,08,Public school - Regular,Middle,Shawsville,24162,Membership,0600290,Western Virginia,6,Montgomery County
060,NA,8888,Special Situation Schools,NA,NA,Unknown,NA,NA,NA,Non-Membership,0608888,Western Virginia,6,Montgomery County
060,NA,9992,Suspension Services,NA,NA,Public center - Alternative,NA,NA,NA,Non-Membership,0609992,Western Virginia,6,Montgomery County
062,NA,9990,Community PK School,NA,NA,Public center - Alternative,NA,NA,NA,Non-Membership,0629990,Valley,5,Nelson County
062,NA,9991,Home Educational Services,NA,NA,Public center - Alternative,NA,NA,NA,Non-Membership,0629991,Valley,5,Nelson County
062,NA,9999,Homebased,NA,NA,Public center - Alternative,NA,NA,NA,Non-Membership,0629999,Valley,5,Nelson County
062,NA,9998,Homebound,NA,NA,Public center - Alternative,NA,NA,NA,Non-Membership,0629998,Valley,5,Nelson County
062,510258001032,0710,Nelson County High,09,12,Public school - Regular,High,Lovingston,22949,Membership,0620710,Valley,5,Nelson County
062,510258001033,0730,Nelson Middle,06,08,Public school - Regular,Middle,Lovingston,22949,Membership,0620730,Valley,5,Nelson County
062,510258001917,0010,Rockfish River Elementary,PK,05,Public school - Regular,Elementary,Afton,22920,Membership,0620010,Valley,5,Nelson County
062,NA,8888,Special Situation Schools,NA,NA,Unknown,NA,NA,NA,Non-Membership,0628888,Valley,5,Nelson County
062,NA,9992,Suspension Services,NA,NA,Public center - Alternative,NA,NA,NA,Non-Membership,0629992,Valley,5,Nelson County
062,510258001160,0020,Tye River Elementary,PK,05,Public school - Regular,Elementary,Arrington,22922,Membership,0620020,Valley,5,Nelson County
063,NA,9990,Community PK School,NA,NA,Public center - Alternative,NA,NA,NA,Non-Membership,0639990,Central Virginia,1,New Kent County
063,510261001038,0180,George W. Watkins Elementary,PK,05,Public school - Regular,Elementary,Quinton,23141,Membership,0630180,Central Virginia,1,New Kent County
063,NA,9991,Home Educational Services,NA,NA,Public center - Alternative,NA,NA,NA,Non-Membership,0639991,Central Virginia,1,New Kent County
063,NA,9999,Homebased,NA,NA,Public center - Alternative,NA,NA,NA,Non-Membership,0639999,Central Virginia,1,New Kent County
063,NA,9998,Homebound,NA,NA,Public center - Alternative,NA,NA,NA,Non-Membership,0639998,Central Virginia,1,New Kent County
063,510261001039,0010,New Kent Elementary,PK,05,Public school - Regular,Elementary,New Kent,23124,Membership,0630010,Central Virginia,1,New Kent County
063,510261002156,0020,New Kent High,09,12,Public school - Regular,High,New Kent,23124,Membership,0630020,Central Virginia,1,New Kent County
063,510261001037,0100,New Kent Middle,06,08,Public school - Regular,Middle,New Kent,23124,Membership,0630100,Central Virginia,1,New Kent County
063,510261003094,0300,Quinton Elementary,PK,05,Public school - Regular,Elementary,Quinton,23141,Membership,0630300,Central Virginia,1,New Kent County
063,NA,9995,Richmond Technical Center (for New Kent Co use only),NA,NA,Public center - Career and Technical Ed.,NA,NA,NA,Non-Membership,0639995,Central Virginia,1,New Kent County
063,NA,8888,Special Situation Schools,NA,NA,Unknown,NA,NA,NA,Non-Membership,0638888,Central Virginia,1,New Kent County
063,NA,9992,Suspension Services,NA,NA,Public center - Alternative,NA,NA,NA,Non-Membership,0639992,Central Virginia,1,New Kent County
117,510264002343,1404,Achievable Dream Academy,PK,05,Public school - Regular,Elementary,Newport News,23607,Membership,1171404,Tidewater,2,Newport News City
117,510264002344,1405,Achievable Dream Middle/High,06,12,Public school - Regular,High,Newport News,23605,Membership,1171405,Tidewater,2,Newport News City
117,NA,1406,Aviation Academy,NA,NA,Public center - Career and Technical Ed.,NA,Newport News,23602,Non-Membership,1171406,Tidewater,2,Newport News City
117,510264001040,1250,B.C. Charles Elementary,PK,05,Public school - Regular,Elementary,Newport News,23602,Membership,1171250,Tidewater,2,Newport News City
117,510264001041,0110,B.T. Washington Middle,06,08,Public school - Regular,Middle,Newport News,23607,Membership,1170110,Tidewater,2,Newport News City
117,510264001043,1170,Carver Elementary,PK,05,Public school - Regular,Elementary,Newport News,23605,Membership,1171170,Tidewater,2,Newport News City
117,NA,9990,Community PK School,NA,NA,Public center - Alternative,NA,NA,NA,Non-Membership,1179990,Tidewater,2,Newport News City
117,510264001237,1393,Crittenden Middle,06,08,Public school - Regular,Middle,Newport News,23605,Membership,1171393,Tidewater,2,Newport News City
117,510264001044,0050,David A. Dutrow Elementary,PK,05,Public school - Regular,Elementary,Newport News,23608,Membership,1170050,Tidewater,2,Newport News City
117,510264001637,1398,Deer Park Elementary,PK,05,Public school - Regular,Elementary,Newport News,23601,Membership,1171398,Tidewater,2,Newport News City
117,510264002296,1402,Denbigh Early Childhood Center,PK,PK,Public school - Preschool,Prekindergarten,Newport News,23608,Membership,1171402,Tidewater,2,Newport News City
117,510264001047,0280,Denbigh High,09,12,Public school - Regular,High,Newport News,23608,Membership,1170280,Tidewater,2,Newport News City
117,510264001062,0130,Discovery STEM Academy,PK,05,Public school - Regular,Elementary,Newport News,23607,Membership,1170130,Tidewater,2,Newport News City
117,510264001056,0020,Ella J. Fitzgerald Middle,06,08,Public school - Regular,Middle,Newport News,23608,Membership,1170020,Tidewater,2,Newport News City
117,510264002208,1260,Ethel M. Gildersleeve Middle,06,08,Public school - Regular,Middle,Newport News,23606,Membership,1171260,Tidewater,2,Newport News City
117,510264002422,1407,General Stanford Elementary,PK,05,Public school - Regular,Elementary,Ft. Eustis,23604,Membership,1171407,Tidewater,2,Newport News City
117,510264001049,0070,George J. McIntosh Elementary,PK,05,Public school - Regular,Elementary,Newport News,23608,Membership,1170070,Tidewater,2,Newport News City
117,510264001451,1395,Heritage High,09,12,Public school - Regular,High,Newport News,23605,Membership,1171395,Tidewater,2,Newport News City
117,510264003015,1455,Heritage High School Governor's STEM Academy,NA,NA,Public center - Governor's STEM Academy,NA,Newport News,23605,Non-Membership,1171455,Tidewater,2,Newport News City
117,510264001051,1210,Hidenwood Elementary,PK,05,Public school - Regular,Elementary,Newport News,23606,Membership,1171210,Tidewater,2,Newport News City
117,510264001052,1080,Hilton Elementary,PK,05,Public school - Regular,Elementary,Newport News,23601,Membership,1171080,Tidewater,2,Newport News City
117,NA,9991,Home Educational Services,NA,NA,Public center - Alternative,NA,NA,NA,Non-Membership,1179991,Tidewater,2,Newport News City
117,NA,9999,Homebased,NA,NA,Public center - Alternative,NA,NA,NA,Non-Membership,1179999,Tidewater,2,Newport News City
117,NA,9998,Homebound,NA,NA,Public center - Alternative,NA,NA,NA,Non-Membership,1179998,Tidewater,2,Newport News City
117,510264001050,1270,Homer L. Hines Middle,06,08,Public school - Regular,Middle,Newport News,23601,Membership,1171270,Tidewater,2,Newport News City
117,510264001055,0091,Huntington Middle,06,07,Public school - Regular,Middle,Newport News,23605,Membership,1170091,Tidewater,2,Newport News City
117,510264002857,1411,John Marshall Early Childhood Center,PK,PK,Public school - Regular,Prekindergarten,Newport News,23607,Membership,1171411,Tidewater,2,Newport News City
117,510264001059,0300,Joseph H. Saunders Elementary,PK,05,Public school - Regular,Elementary,Newport News,23601,Membership,1170300,Tidewater,2,Newport News City
117,510264001061,1180,Katherine Johnson Elementary,PK,05,Public school - Regular,Elementary,Newport News,23603,Membership,1171180,Tidewater,2,Newport News City
117,510264000358,1290,Kiln Creek Elementary,PK,05,Public school - Regular,Elementary,Newport News,23602,Membership,1171290,Tidewater,2,Newport News City
117,510264001068,0310,Knollwood Meadows Elementary,PK,05,Public school - Regular,Elementary,Newport News,23608,Membership,1170310,Tidewater,2,Newport News City
117,510264001060,0200,L.F. Palmer Elementary,PK,05,Public school - Regular,Elementary,Newport News,23602,Membership,1170200,Tidewater,2,Newport News City
117,NA,9997,Local or Regional Jail,KG,12,Local or Regional Jail,Other,Newport News,23606,Membership,1179997,Tidewater,2,Newport News City
117,510264002298,1400,Mary Passage Middle,06,08,Public school - Regular,Middle,Newport News,23608,Membership,1171400,Tidewater,2,Newport News City
117,510264001063,1220,Menchville High,09,12,Public school - Regular,High,Newport News,23602,Membership,1171220,Tidewater,2,Newport News City
117,NA,0210,Newport Academy,NA,NA,SNP feeding site,NA,Newport News,23608,Non-Membership,1170210,Tidewater,2,Newport News City
117,510264002987,1445,Newport News & York County Governor's Health Science Academy,NA,NA,Public center - Governor's Health Academy,NA,Newport News,23606,Non-Membership,1171445,Tidewater,2,Newport News City
117,510264001065,1120,Newsome Park Elementary,PK,05,Public school - Regular,Elementary,Newport News,23607,Membership,1171120,Tidewater,2,Newport News City
117,510264002068,0150,Oliver C. Greenwood Elementary,PK,05,Public school - Regular,Elementary,Newport News,23608,Membership,1170150,Tidewater,2,Newport News City
117,510264001238,1394,Point Option Alternative School,NA,NA,Public center - Hybrid,NA,Newport News,23606,Non-Membership,1171394,Tidewater,2,Newport News City
117,510264001070,0270,Richard T. Yates Elementary,PK,05,Public school - Regular,Elementary,Newport News,23606,Membership,1170270,Tidewater,2,Newport News City
117,510264001071,1230,Richneck Elementary,PK,05,Public school - Regular,Elementary,Newport News,23608,Membership,1171230,Tidewater,2,Newport News City
117,510264001072,1150,Riverside Elementary,PK,05,Public school - Regular,Elementary,Newport News,23606,Membership,1171150,Tidewater,2,Newport News City
117,510264001074,0250,Sedgefield Elementary,PK,05,Public school - Regular,Elementary,Newport News,23605,Membership,1170250,Tidewater,2,Newport News City
117,NA,8888,Special Situation Schools,NA,NA,Unknown,NA,NA,NA,Non-Membership,1178888,Tidewater,2,Newport News City
117,510264001054,1240,Stoney Run Elementary,PK,05,Public school - Regular,Elementary,Newport News,23608,Membership,1171240,Tidewater,2,Newport News City
117,NA,9992,Suspension Services,NA,NA,Public center - Alternative,NA,NA,NA,Non-Membership,1179992,Tidewater,2,Newport News City
117,510264001075,0290,T. Ryland Sanford Elementary,PK,05,Public school - Regular,Elementary,Newport News,23602,Membership,1170290,Tidewater,2,Newport News City
117,510264001076,1070,Warwick High,09,12,Public school - Regular,High,Newport News,23601,Membership,1171070,Tidewater,2,Newport News City
117,510264002471,1410,Watkins Early Childhood Center,PK,PK,Public school - Preschool,Prekindergarten,Newport News,23601,Membership,1171410,Tidewater,2,Newport News City
117,510264001077,0320,Willis A. Jenkins Elementary,PK,05,Public school - Regular,Elementary,Newport News,23602,Membership,1170320,Tidewater,2,Newport News City
117,510264001453,1396,Woodside High,09,12,Public school - Regular,High,Newport News,23608,Membership,1171396,Tidewater,2,Newport News City
118,510267003018,0185,Academy for Discovery at Lakewood,03,08,Public school - Regular,Middle,Norfolk,23509,Membership,1180185,Tidewater,2,Norfolk City
118,510267001078,0760,Azalea Gardens Middle,06,08,Public school - Regular,Middle,Norfolk,23518,Membership,1180760,Tidewater,2,Norfolk City
118,510267001081,0250,Bay View Elementary,PK,05,Public school - Regular,Elementary,Norfolk,23503,Membership,1180250,Tidewater,2,Norfolk City
118,510267001092,0510,Berkley/Campostella Early Childhood Education Center,PK,PK,Public school - Preschool,Prekindergarten,Norfolk,23523,Membership,1180510,Tidewater,2,Norfolk City
118,510267001082,0020,Blair Middle,06,08,Public school - Regular,Middle,Norfolk,23517,Membership,1180020,Tidewater,2,Norfolk City
118,510267001079,0880,Booker T Washington High,09,12,Public school - Regular,High,Norfolk,23504,Membership,1180880,Tidewater,2,Norfolk City
118,NA,2124,Calvert Square,NA,NA,SNP feeding site,NA,Norfolk,23504,Non-Membership,1182124,Tidewater,2,Norfolk City
118,510267001084,0040,Camp Allen Elementary,PK,05,Public school - Regular,Elementary,Norfolk,23505,Membership,1180040,Tidewater,2,Norfolk City
118,NA,2122,Camp Young,NA,NA,SNP feeding site,NA,Chesapeake,23320,Non-Membership,1182122,Tidewater,2,Norfolk City
118,510267001088,0220,Chesterfield Elementary,PK,05,Public school - Regular,Elementary,Norfolk,23504,Membership,1180220,Tidewater,2,Norfolk City
118,510267001089,0550,Coleman Place Elementary,PK,05,Public school - Regular,Elementary,Norfolk,23513,Membership,1180550,Tidewater,2,Norfolk City
118,NA,9990,Community PK School,NA,NA,Public center - Alternative,NA,NA,NA,Non-Membership,1189990,Tidewater,2,Norfolk City
118,510267001090,0560,Crossroads PreK-8 School,PK,08,Public school - Regular,Elementary,Norfolk,23518,Membership,1180560,Tidewater,2,Norfolk City
118,510267001094,0740,Easton Preschool at Fairlawn,PK,PK,Public school - Preschool,Prekindergarten,Norfolk,23502,Membership,1180740,Tidewater,2,Norfolk City
118,NA,2126,Evening School,NA,NA,Annex to a public school,NA,Norfolk,23505,Non-Membership,1182126,Tidewater,2,Norfolk City
118,510267001096,0090,Ghent K-8,KG,08,Public school - Regular,Elementary,Norfolk,23517,Membership,1180090,Tidewater,2,Norfolk City
118,510267001097,0420,Granby Elementary,PK,05,Public school - Regular,Elementary,Norfolk,23505,Membership,1180420,Tidewater,2,Norfolk City
118,510267001098,0390,Granby High,09,12,Public school - Regular,High,Norfolk,23505,Membership,1180390,Tidewater,2,Norfolk City
118,NA,9991,Home Educational Services,NA,NA,Public center - Alternative,NA,NA,NA,Non-Membership,1189991,Tidewater,2,Norfolk City
118,NA,9999,Homebased,NA,NA,Public center - Alternative,NA,NA,NA,Non-Membership,1189999,Tidewater,2,Norfolk City
118,NA,9998,Homebound,NA,NA,Public center - Alternative,NA,NA,NA,Non-Membership,1189998,Tidewater,2,Norfolk City
118,510267001100,0610,Ingleside Elementary,PK,05,Public school - Regular,Elementary,Norfolk,23502,Membership,1180610,Tidewater,2,Norfolk City
118,510267001101,0430,Jacox Elementary,PK,05,Public school - Regular,Elementary,Norfolk,23504,Membership,1180430,Tidewater,2,Norfolk City
118,510267002211,0131,James Monroe Elementary,PK,05,Public school - Regular,Elementary,Norfolk,23508,Membership,1180131,Tidewater,2,Norfolk City
118,510267001105,0790,Lake Taylor,KG,08,Public school - Regular,Elementary,Norfolk,23502,Membership,1180790,Tidewater,2,Norfolk City
118,510267001104,0840,Lake Taylor High,09,12,Public school - Regular,High,Norfolk,23502,Membership,1180840,Tidewater,2,Norfolk City
118,510267001108,0210,Larchmont Elementary,PK,05,Public school - Regular,Elementary,Norfolk,23508,Membership,1180210,Tidewater,2,Norfolk City
118,510267001109,0670,Larrymore Elementary,PK,05,Public school - Regular,Elementary,Norfolk,23518,Membership,1180670,Tidewater,2,Norfolk City
118,510267001112,0520,Lindenwood Elementary,PK,05,Public school - Regular,Elementary,Norfolk,23504,Membership,1180520,Tidewater,2,Norfolk City
118,510267001113,0682,Little Creek Elementary,PK,05,Public school - Regular,Elementary,Norfolk,23518,Membership,1180682,Tidewater,2,Norfolk City
118,NA,9997,Local or Regional Jail,KG,12,Local or Regional Jail,Other,Norfolk,23510,Membership,1189997,Tidewater,2,Norfolk City
118,510267002128,0110,Madison Alternative Center,NA,NA,Public center - Alternative,NA,Norfolk,23502,Non-Membership,1180110,Tidewater,2,Norfolk City
118,NA,2123,Marine Institute,NA,NA,SNP feeding site,NA,Norfolk,23509,Non-Membership,1182123,Tidewater,2,Norfolk City
118,510267001116,0460,Mary Calcott Elementary,PK,05,Public school - Regular,Elementary,Norfolk,23503,Membership,1180460,Tidewater,2,Norfolk City
118,510267001117,0010,Matthew Fontaine Maury High,09,12,Public school - Regular,High,Norfolk,23517,Membership,1180010,Tidewater,2,Norfolk City
118,510267002943,2116,Norfolk Alternative High,NA,NA,Public center - Alternative,NA,Norfolk,23502,Non-Membership,1182116,Tidewater,2,Norfolk City
118,510267002948,2115,Norfolk Alternative Middle,NA,NA,Public center - Alternative,NA,Norfolk,23508,Non-Membership,1182115,Tidewater,2,Norfolk City
118,510267001005,2113,Norfolk Re-Ed School - SECEP - Oakwood,NA,NA,SNP feeding site,NA,Norfolk,23504,Non-Membership,1182113,Tidewater,2,Norfolk City
118,510267001119,0870,Norfolk Technical Center,NA,NA,Public center - Career and Technical Ed.,NA,Norfolk,23502,Non-Membership,1180870,Tidewater,2,Norfolk City
118,510267001120,0490,Northside Middle,06,08,Public school - Regular,Middle,Norfolk,23503,Membership,1180490,Tidewater,2,Norfolk City
118,510267001121,0620,Norview Elementary,PK,05,Public school - Regular,Elementary,Norfolk,23513,Membership,1180620,Tidewater,2,Norfolk City
118,510267001122,0580,Norview High,09,12,Public school - Regular,High,Norfolk,23513,Membership,1180580,Tidewater,2,Norfolk City
118,510267001123,0570,Norview Middle,06,08,Public school - Regular,Middle,Norfolk,23513,Membership,1180570,Tidewater,2,Norfolk City
118,510267001125,0190,Ocean View Elementary,KG,05,Public school - Regular,Elementary,Norfolk,23503,Membership,1180190,Tidewater,2,Norfolk City
118,510267001126,0630,Oceanair Elementary,PK,05,Public school - Regular,Elementary,Norfolk,23503,Membership,1180630,Tidewater,2,Norfolk City
118,510267001147,0530,P.B. Young Sr. Elementary,PK,02,Public school - Regular,Elementary,Norfolk,23510,Membership,1180530,Tidewater,2,Norfolk City
118,510267001083,0480,Richard Bowling Elementary,PK,05,Public school - Regular,Elementary,Norfolk,23504,Membership,1180480,Tidewater,2,Norfolk City
118,510267001134,0030,Ruffner School,03,08,Public school - Regular,Middle,Norfolk,23504,Membership,1180030,Tidewater,2,Norfolk City
118,NA,2120,SECEP - TRAEP - Oakwood,NA,NA,SNP feeding site,NA,Norfolk,23513,Non-Membership,1182120,Tidewater,2,Norfolk City
118,510267001135,0850,Sewells Point Elementary,PK,05,Public school - Regular,Elementary,Norfolk,23505,Membership,1180850,Tidewater,2,Norfolk City
118,510267001136,0650,Sherwood Forest Elementary,PK,05,Public school - Regular,Elementary,Norfolk,23513,Membership,1180650,Tidewater,2,Norfolk City
118,510267001085,0770,Southside STEM Academy at Campostella,PK,08,Public school - Regular,Elementary,Norfolk,23523,Membership,1180770,Tidewater,2,Norfolk City
118,NA,8888,Special Situation Schools,NA,NA,Unknown,NA,NA,NA,Non-Membership,1188888,Tidewater,2,Norfolk City
118,510267001137,0820,St. Helena Elementary,PK,05,Public school - Regular,Elementary,Norfolk,23523,Membership,1180820,Tidewater,2,Norfolk City
118,510267001140,0500,Suburban Park Elementary,PK,05,Public school - Regular,Elementary,Norfolk,23505,Membership,1180500,Tidewater,2,Norfolk City
118,NA,9992,Suspension Services,NA,NA,Public center - Alternative,NA,NA,NA,Non-Membership,1189992,Tidewater,2,Norfolk City
118,510267002210,0100,Tanners Creek Elementary,PK,05,Public school - Regular,Elementary,Norfolk,23513,Membership,1180100,Tidewater,2,Norfolk City
118,510267001141,0800,Tarrallton Elementary,PK,05,Public school - Regular,Elementary,Norfolk,23518,Membership,1180800,Tidewater,2,Norfolk City
118,510267002843,2127,The Academy of International Studies at Rosemont,NA,NA,Public center - Alternative,NA,Norfolk,23513,Non-Membership,1182127,Tidewater,2,Norfolk City
118,NA,0721,Virtual Scholars Academy Elementary,NA,NA,Public center - Virtual,NA,Norfolk,23510,Non-Membership,1180721,Tidewater,2,Norfolk City
118,NA,0722,Virtual Scholars Academy Secondary,NA,NA,Public center - Virtual,NA,Norfolk,23510,Non-Membership,1180722,Tidewater,2,Norfolk City
118,510267001144,0150,Walter Herron Taylor Elementary,PK,05,Public school - Regular,Elementary,Norfolk,23507,Membership,1180150,Tidewater,2,Norfolk City
118,510267001087,0471,Willard Elementary,PK,05,Public school - Regular,Elementary,Norfolk,23509,Membership,1180471,Tidewater,2,Norfolk City
118,510267001146,0860,Willoughby Early Childhood Center,PK,PK,Public school - Preschool,Prekindergarten,Norfolk,23503,Membership,1180860,Tidewater,2,Norfolk City
065,NA,9990,Community PK School,NA,NA,Public center - Alternative,NA,NA,NA,Non-Membership,0659990,Tidewater,2,Northampton County
065,NA,9991,Home Educational Services,NA,NA,Public center - Alternative,NA,NA,NA,Non-Membership,0659991,Tidewater,2,Northampton County
065,NA,9999,Homebased,NA,NA,Public center - Alternative,NA,NA,NA,Non-Membership,0659999,Tidewater,2,Northampton County
065,NA,9998,Homebound,NA,NA,Public center - Alternative,NA,NA,NA,Non-Membership,0659998,Tidewater,2,Northampton County
065,510271000555,0452,Kiptopeke Elementary,PK,06,Public school - Regular,Elementary,Cape Charles,23310,Membership,0650452,Tidewater,2,Northampton County
065,NA,9997,Local or Regional Jail,KG,12,Local or Regional Jail,Other,Manchiponga,23405,Membership,0659997,Tidewater,2,Northampton County
065,510271001155,0350,Northampton High,09,12,Public school - Regular,High,Eastville,23347,Membership,0650350,Tidewater,2,Northampton County
065,510271002963,0360,Northampton Middle,07,08,Public school - Regular,Middle,Eastville,23347,Membership,0650360,Tidewater,2,Northampton County
065,510271000554,0451,Occohannock Elementary,PK,06,Public school - Regular,Elementary,Exmore,23350,Membership,0650451,Tidewater,2,Northampton County
065,NA,8888,Special Situation Schools,NA,NA,Unknown,NA,NA,NA,Non-Membership,0658888,Tidewater,2,Northampton County
065,NA,9992,Suspension Services,NA,NA,Public center - Alternative,NA,NA,NA,Non-Membership,0659992,Tidewater,2,Northampton County
065,510271001161,0453,The T.E.C.H. Center,NA,NA,Public center - Alternative,NA,Machipongo,23405,Non-Membership,0650453,Tidewater,2,Northampton County
066,NA,9990,Community PK School,NA,NA,Public center - Alternative,NA,NA,NA,Non-Membership,0669990,Northern Neck,3,Northumberland County
066,NA,9991,Home Educational Services,NA,NA,Public center - Alternative,NA,NA,NA,Non-Membership,0669991,Northern Neck,3,Northumberland County
066,NA,9999,Homebased,NA,NA,Public center - Alternative,NA,NA,NA,Non-Membership,0669999,Northern Neck,3,Northumberland County
066,NA,9998,Homebound,NA,NA,Public center - Alternative,NA,NA,NA,Non-Membership,0669998,Northern Neck,3,Northumberland County
066,510273001392,0331,Northumberland Elementary,PK,05,Public school - Regular,Elementary,Heathsville,22473,Membership,0660331,Northern Neck,3,Northumberland County
066,510273001159,0040,Northumberland High,09,12,Public school - Regular,High,Heathsville,22473,Membership,0660040,Northern Neck,3,Northumberland County
066,510273001941,0210,Northumberland Middle,06,08,Public school - Regular,Middle,Heathsville,22473,Membership,0660210,Northern Neck,3,Northumberland County
066,NA,8888,Special Situation Schools,NA,NA,Unknown,NA,NA,NA,Non-Membership,0668888,Northern Neck,3,Northumberland County
066,NA,9992,Suspension Services,NA,NA,Public center - Alternative,NA,NA,NA,Non-Membership,0669992,Northern Neck,3,Northumberland County
119,NA,0030,Ballad Health Early Childhood Learning Center,NA,NA,Public center - Division Defined,NA,Norton,24273,Non-Membership,1190030,Southwest,7,Norton City
119,NA,9990,Community PK School,NA,NA,Public center - Alternative,NA,NA,NA,Non-Membership,1199990,Southwest,7,Norton City
119,NA,9991,Home Educational Services,NA,NA,Public center - Alternative,NA,NA,NA,Non-Membership,1199991,Southwest,7,Norton City
119,NA,9999,Homebased Instruction,NA,NA,Public center - Alternative,NA,Norton,24273,Non-Membership,1199999,Southwest,7,Norton City
119,NA,9998,Homebound Instruction,NA,NA,Public center - Alternative,NA,NA,NA,Non-Membership,1199998,Southwest,7,Norton City
119,510276001162,0020,J.I. Burton High,08,12,Public school - Regular,High,Norton,24273,Membership,1190020,Southwest,7,Norton City
119,510276001163,0040,Norton Elementary,PK,07,Public school - Regular,Elementary,Norton,24273,Membership,1190040,Southwest,7,Norton City
119,NA,8888,Special Situation Schools,NA,NA,Unknown,NA,NA,NA,Non-Membership,1198888,Southwest,7,Norton City
119,NA,9992,Suspension Services,NA,NA,Public center - Alternative,NA,NA,NA,Non-Membership,1199992,Southwest,7,Norton City
067,510279001166,0340,Blackstone Primary,PK,04,Public school - Regular,Elementary,Blackstone,23824,Membership,0670340,Southside,8,Nottoway County
067,NA,9990,Community PK School,NA,NA,Public center - Alternative,NA,NA,NA,Non-Membership,0679990,Southside,8,Nottoway County
067,510279001169,0330,Crewe Primary,PK,04,Public school - Regular,Elementary,Crewe,23930,Membership,0670330,Southside,8,Nottoway County
067,NA,9991,Home Educational Services,NA,NA,Public center - Alternative,NA,NA,NA,Non-Membership,0679991,Southside,8,Nottoway County
067,NA,9999,Homebased,NA,NA,Public center - Alternative,NA,NA,NA,Non-Membership,0679999,Southside,8,Nottoway County
067,NA,9998,Homebound,NA,NA,Public center - Alternative,NA,NA,NA,Non-Membership,0679998,Southside,8,Nottoway County
067,510279001942,0301,Nottoway High,09,12,Public school - Regular,High,Crewe,23930,Membership,0670301,Southside,8,Nottoway County
067,510279001165,0300,Nottoway Intermediate,05,06,Public school - Regular,Middle,Crewe,23930,Membership,0670300,Southside,8,Nottoway County
067,510279001943,0302,Nottoway Middle,07,08,Public school - Regular,Middle,Crewe,23930,Membership,0670302,Southside,8,Nottoway County
067,NA,8888,Special Situation Schools,NA,NA,Unknown,NA,NA,NA,Non-Membership,0678888,Southside,8,Nottoway County
067,NA,9992,Suspension Services,NA,NA,Public center - Alternative,NA,NA,NA,Non-Membership,0679992,Southside,8,Nottoway County
068,NA,9990,Community PK School,NA,NA,Public center - Alternative,NA,NA,NA,Non-Membership,0689990,Northern Virginia,4,Orange County
068,510282001172,0360,Gordon-Barbour Elementary,KG,05,Public school - Regular,Elementary,Gordonsville,22942,Membership,0680360,Northern Virginia,4,Orange County
068,NA,9991,Home Educational Services,NA,NA,Public center - Alternative,NA,NA,NA,Non-Membership,0689991,Northern Virginia,4,Orange County
068,NA,9999,Homebased,NA,NA,Public center - Alternative,NA,Orange,22960,Non-Membership,0689999,Northern Virginia,4,Orange County
068,NA,9998,Homebound,NA,NA,Public center - Alternative,NA,Orange,22960,Non-Membership,0689998,Northern Virginia,4,Orange County
068,510282001173,0070,Lightfoot Elementary,03,05,Public school - Regular,Elementary,Unionville,22567,Membership,0680070,Northern Virginia,4,Orange County
068,NA,9997,Local Or Regional Jail,KG,12,Local or Regional Jail,Other,Orange,22960,Membership,0689997,Northern Virginia,4,Orange County
068,510282002196,0050,Locust Grove Elementary,03,05,Public school - Regular,Elementary,Locust Grove,22508,Membership,0680050,Northern Virginia,4,Orange County
068,510282002340,0471,Locust Grove Middle,06,08,Public school - Regular,Middle,Locust Grove,22508,Membership,0680471,Northern Virginia,4,Orange County
068,510282002854,0051,Locust Grove Primary,KG,02,Public school - Regular,Elementary,Locust Grove,22508,Membership,0680051,Northern Virginia,4,Orange County
068,510282001174,0330,Orange County High,09,12,Public school - Regular,High,Orange,22960,Membership,0680330,Northern Virginia,4,Orange County
068,510282001175,0370,Orange Elementary,KG,05,Public school - Regular,Elementary,Orange,22960,Membership,0680370,Northern Virginia,4,Orange County
068,510282001176,0340,Prospect Heights Middle,06,08,Public school - Regular,Middle,Orange,22960,Membership,0680340,Northern Virginia,4,Orange County
068,NA,8888,Special Situation Schools,NA,NA,Unknown,NA,Orange,22960,Non-Membership,0688888,Northern Virginia,4,Orange County
068,NA,9992,Suspension Services,NA,NA,Public center - Alternative,NA,NA,NA,Non-Membership,0689992,Northern Virginia,4,Orange County
068,NA,0063,Taylor Alternative Education Complex Feeding Site,NA,NA,SNP feeding site,NA,Orange,22960,Non-Membership,0680063,Northern Virginia,4,Orange County
068,510282001177,0350,Unionville Elementary,KG,02,Public school - Regular,Elementary,Unionville,22567,Membership,0680350,Northern Virginia,4,Orange County
069,NA,9990,Community PK School,NA,NA,Public center - Alternative,NA,NA,NA,Non-Membership,0699990,Northern Virginia,4,Page County
069,NA,9991,Home Educational Services,NA,NA,Public center - Alternative,NA,NA,NA,Non-Membership,0699991,Northern Virginia,4,Page County
069,NA,9999,Homebased,NA,NA,Public center - Alternative,NA,NA,NA,Non-Membership,0699999,Northern Virginia,4,Page County
069,NA,9998,Homebound,NA,NA,Public center - Alternative,NA,NA,NA,Non-Membership,0699998,Northern Virginia,4,Page County
069,NA,9997,Local or Regional Jail,KG,12,Local or Regional Jail,Other,Luray,22835,Membership,0699997,Northern Virginia,4,Page County
069,510285001179,0350,Luray Elementary,PK,05,Public school - Regular,Elementary,Luray,22835,Membership,0690350,Northern Virginia,4,Page County
069,510285001180,0110,Luray High,09,12,Public school - Regular,High,Luray,22835,Membership,0690110,Northern Virginia,4,Page County
069,510285002799,0400,Luray Middle,06,08,Public school - Regular,Middle,Luray,22835,Membership,0690400,Northern Virginia,4,Page County
069,510285001181,0380,Page County High,09,12,Public school - Regular,High,Shenandoah,22849,Membership,0690380,Northern Virginia,4,Page County
069,510285002801,0390,Page County Middle,06,08,Public school - Regular,Middle,Shenandoah,22849,Membership,0690390,Northern Virginia,4,Page County
069,510285000578,0481,Page County Technical Center,NA,NA,Public center - Career and Technical Ed.,NA,Luray,22835,Non-Membership,0690481,Northern Virginia,4,Page County
069,510285001182,0310,Shenandoah Elementary,PK,05,Public school - Regular,Elementary,Shenandoah,22849,Membership,0690310,Northern Virginia,4,Page County
069,NA,8888,Special Situation Schools,NA,NA,Unknown,NA,NA,NA,Non-Membership,0698888,Northern Virginia,4,Page County
069,510285001183,0050,Springfield Elementary,PK,05,Public school - Regular,Elementary,Rileyville,22650,Membership,0690050,Northern Virginia,4,Page County
069,510285001184,0210,Stanley Elementary,PK,05,Public school - Regular,Elementary,Stanley,22851,Membership,0690210,Northern Virginia,4,Page County
069,NA,9992,Suspension Services,NA,NA,Public center - Alternative,NA,NA,NA,Non-Membership,0699992,Northern Virginia,4,Page County
070,510288001185,0440,Blue Ridge Elementary,PK,07,Public school - Regular,Elementary,Ararat,24053,Membership,0700440,Western Virginia,6,Patrick County
070,NA,9990,Community PK School,NA,NA,Public center - Alternative,NA,NA,NA,Non-Membership,0709990,Western Virginia,6,Patrick County
070,510288001186,0350,Hardin Reynolds Memorial School,04,07,Public school - Regular,Middle,Critz,24082,Membership,0700350,Western Virginia,6,Patrick County
070,NA,9991,Home Educational Services,NA,NA,Public center - Alternative,NA,NA,NA,Non-Membership,0709991,Western Virginia,6,Patrick County
070,NA,9999,Homebased,NA,NA,Public center - Alternative,NA,NA,NA,Non-Membership,0709999,Western Virginia,6,Patrick County
070,NA,9998,Homebound,NA,NA,Public center - Alternative,NA,NA,NA,Non-Membership,0709998,Western Virginia,6,Patrick County
070,NA,9997,Local or Regional Jail,KG,12,Local or Regional Jail,Other,Stuart,24171,Membership,0709997,Western Virginia,6,Patrick County
070,510288001187,0150,Meadows of Dan Elementary,PK,07,Public school - Regular,Elementary,Meadows of Dan,24120,Membership,0700150,Western Virginia,6,Patrick County
070,510288001188,0700,Patrick County High,08,12,Public school - Regular,High,Stuart,24171,Membership,0700700,Western Virginia,6,Patrick County
070,510288001189,0680,Patrick Springs Primary,PK,03,Public school - Regular,Elementary,Patrick Springs,24133,Membership,0700680,Western Virginia,6,Patrick County
070,NA,8888,Special Situation Schools,NA,NA,Unknown,NA,NA,NA,Non-Membership,0708888,Western Virginia,6,Patrick County
070,510288001191,0320,Stuart Elementary,PK,07,Public school - Regular,Elementary,Stuart,24171,Membership,0700320,Western Virginia,6,Patrick County
070,NA,9992,Suspension Services,NA,NA,Public center - Alternative,NA,NA,NA,Non-Membership,0709992,Western Virginia,6,Patrick County
070,510288001192,0080,Woolwine Elementary,PK,07,Public school - Regular,Elementary,Woolwine,24185,Membership,0700080,Western Virginia,6,Patrick County
120,NA,0311,Blandford Alternative Center,NA,NA,Annex to a public school,NA,Petersburg,23803,Non-Membership,1200311,Central Virginia,1,Petersburg City
120,NA,9990,Community PK School,NA,NA,Public center - Alternative,NA,NA,NA,Non-Membership,1209990,Central Virginia,1,Petersburg City
120,510291001202,0110,Cool Spring Elementary,KG,05,Public school - Regular,Elementary,Petersburg,23803,Membership,1200110,Central Virginia,1,Petersburg City
120,NA,9991,Home Educational Services,NA,NA,Public center - Alternative,NA,NA,NA,Non-Membership,1209991,Central Virginia,1,Petersburg City
120,NA,9999,Homebased,NA,NA,Public center - Alternative,NA,NA,NA,Non-Membership,1209999,Central Virginia,1,Petersburg City
120,NA,9998,Homebound,NA,NA,Public center - Alternative,NA,NA,NA,Non-Membership,1209998,Central Virginia,1,Petersburg City
120,510291001200,0170,Lakemont Elementary,KG,05,Public school - Regular,Elementary,Petersburg,23803,Membership,1200170,Central Virginia,1,Petersburg City
120,NA,9997,Local or Regional Jail,KG,12,Local or Regional Jail,Other,Petersburg,23803,Membership,1209997,Central Virginia,1,Petersburg City
120,510291001198,0200,Petersburg High,09,12,Public school - Regular,High,Petersburg,23805,Membership,1200200,Central Virginia,1,Petersburg City
120,510291001196,0180,Pleasants Lane Elementary,KG,05,Public school - Regular,Elementary,Petersburg,23803,Membership,1200180,Central Virginia,1,Petersburg City
120,NA,8888,Special Situation Schools,NA,NA,Unknown,NA,NA,NA,Non-Membership,1208888,Central Virginia,1,Petersburg City
120,NA,9992,Suspension Services,NA,NA,Public center - Alternative,NA,NA,NA,Non-Membership,1209992,Central Virginia,1,Petersburg City
120,510291002794,0121,Vernon Johns Middle,06,08,Public school - Regular,Middle,Petersburg,23805,Membership,1200121,Central Virginia,1,Petersburg City
120,510291001203,0130,Walnut Hill Elementary,KG,05,Public school - Regular,Elementary,Petersburg,23805,Membership,1200130,Central Virginia,1,Petersburg City
120,510291001204,0160,Westview Early Childhood Education Center,PK,PK,Public school - Preschool,Prekindergarten,Petersburg,23803,Membership,1200160,Central Virginia,1,Petersburg City
071,NA,5741,Academy for Engineering & Technology,NA,NA,Public center - Division Defined,NA,Chatham,24531,Non-Membership,0715741,Western Virginia,6,Pittsylvania County
071,510294002454,1853,Brosville Elementary,PK,05,Public school - Regular,Elementary,Danville,24541,Membership,0711853,Western Virginia,6,Pittsylvania County
071,510294001209,0640,Chatham Elementary,PK,05,Public school - Regular,Elementary,Chatham,24531,Membership,0710640,Western Virginia,6,Pittsylvania County
071,510294001210,1720,Chatham High,09,12,Public school - Regular,High,Chatham,24531,Membership,0711720,Western Virginia,6,Pittsylvania County
071,510294001208,1660,Chatham Middle,06,08,Public school - Regular,Middle,Chatham,24531,Membership,0711660,Western Virginia,6,Pittsylvania County
071,NA,9990,Community PK School,NA,NA,Public center - Alternative,NA,NA,NA,Non-Membership,0719990,Western Virginia,6,Pittsylvania County
071,510294001214,1680,Dan River High,09,12,Public school - Regular,High,Ringgold,24586,Membership,0711680,Western Virginia,6,Pittsylvania County
071,510294001213,1090,Dan River Middle,06,08,Public school - Regular,Middle,Ringgold,24586,Membership,0711090,Western Virginia,6,Pittsylvania County
071,510294001216,0280,Gretna Elementary,PK,05,Public school - Regular,Elementary,Gretna,24557,Membership,0710280,Western Virginia,6,Pittsylvania County
071,510294001218,1700,Gretna High,09,12,Public school - Regular,High,Gretna,24557,Membership,0711700,Western Virginia,6,Pittsylvania County
071,510294001217,0290,Gretna Middle,06,08,Public school - Regular,Middle,Gretna,24557,Membership,0710290,Western Virginia,6,Pittsylvania County
071,NA,9991,Home Educational Services,NA,NA,Public center - Alternative,NA,NA,NA,Non-Membership,0719991,Western Virginia,6,Pittsylvania County
071,NA,9999,Homebased,NA,NA,Public center - Alternative,NA,NA,NA,Non-Membership,0719999,Western Virginia,6,Pittsylvania County
071,NA,9998,Homebound,NA,NA,Public center - Alternative,NA,NA,NA,Non-Membership,0719998,Western Virginia,6,Pittsylvania County
071,510294001219,0030,John L. Hurt Elementary,PK,05,Public school - Regular,Elementary,Hurt,24563,Membership,0710030,Western Virginia,6,Pittsylvania County
071,510294001220,1690,Kentuck Elementary,PK,05,Public school - Regular,Elementary,Ringgold,24586,Membership,0711690,Western Virginia,6,Pittsylvania County
071,NA,9997,Local or Regional Jail,KG,12,Local or Regional Jail,Other,Chatham,24531,Membership,0719997,Western Virginia,6,Pittsylvania County
071,510294001221,1750,Mount Airy Elementary,PK,05,Public school - Regular,Elementary,Gretna,24557,Membership,0711750,Western Virginia,6,Pittsylvania County
071,NA,0420,Pittsylvania County Schools STEM Academy,NA,NA,Public center - Division Defined,NA,Chatham,24531,Non-Membership,0710420,Western Virginia,6,Pittsylvania County
071,510294001918,0409,Pittsylvania Regional Alternative School/STEM Academy,NA,NA,Public center - Alternative,NA,Chatham,24531,Non-Membership,0710409,Western Virginia,6,Pittsylvania County
071,510294001856,0010,Pittsylvania Vocational-Technical Center,NA,NA,Public center - Career and Technical Ed.,NA,Chatham,24531,Non-Membership,0710010,Western Virginia,6,Pittsylvania County
071,510294001224,1460,Southside Elementary,PK,05,Public school - Regular,Elementary,Blairs,24527,Membership,0711460,Western Virginia,6,Pittsylvania County
071,NA,8888,Special Situation Schools,NA,NA,Unknown,NA,NA,NA,Non-Membership,0718888,Western Virginia,6,Pittsylvania County
071,510294001226,1710,Stony Mill Elementary,PK,05,Public school - Regular,Elementary,Danville,24541,Membership,0711710,Western Virginia,6,Pittsylvania County
071,NA,9992,Suspension Services,NA,NA,Public center - Alternative,NA,NA,NA,Non-Membership,0719992,Western Virginia,6,Pittsylvania County
071,510294001227,1730,Tunstall High,09,12,Public school - Regular,High,Dry Fork,24549,Membership,0711730,Western Virginia,6,Pittsylvania County
071,510294001206,1130,Tunstall Middle,06,08,Public school - Regular,Middle,Dry Fork,24549,Membership,0711130,Western Virginia,6,Pittsylvania County
071,510294001395,1851,Twin Springs Elementary,PK,05,Public school - Regular,Elementary,Danville,24540,Membership,0711851,Western Virginia,6,Pittsylvania County
071,510294001228,1740,Union Hall Elementary,PK,05,Public school - Regular,Elementary,Chatham,24531,Membership,0711740,Western Virginia,6,Pittsylvania County
071,510294003056,1854,Victory Academy/Ready for Success,NA,NA,Public center - Alternative,NA,Chatham,24531,Non-Membership,0711854,Western Virginia,6,Pittsylvania County
142,NA,9990,Community PK School,NA,NA,Public center - Alternative,NA,NA,NA,Non-Membership,1429990,Tidewater,2,Poquoson City
142,NA,9991,Home Educational Services,NA,NA,Public center - Alternative,NA,Poquoson,23662,Non-Membership,1429991,Tidewater,2,Poquoson City
142,NA,9999,Homebased,NA,NA,Public center - Alternative,NA,NA,NA,Non-Membership,1429999,Tidewater,2,Poquoson City
142,NA,9998,Homebound,NA,NA,Public center - Alternative,NA,NA,NA,Non-Membership,1429998,Tidewater,2,Poquoson City
142,510298001230,0150,Poquoson Elementary,03,05,Public school - Regular,Elementary,Poquoson,23662,Membership,1420150,Tidewater,2,Poquoson City
142,510298001231,0010,Poquoson High,09,12,Public school - Regular,High,Poquoson,23662,Membership,1420010,Tidewater,2,Poquoson City
142,510298001232,0130,Poquoson Middle,06,08,Public school - Regular,Middle,Poquoson,23662,Membership,1420130,Tidewater,2,Poquoson City
142,510298002157,0160,Poquoson Primary,PK,02,Public school - Regular,Elementary,Poquoson,23662,Membership,1420160,Tidewater,2,Poquoson City
142,NA,8888,Special Situation Schools,NA,NA,Unknown,NA,NA,NA,Non-Membership,1428888,Tidewater,2,Poquoson City
142,NA,9992,Suspension Services,NA,NA,Public center - Alternative,NA,NA,NA,Non-Membership,1429992,Tidewater,2,Poquoson City
121,510300002472,1766,Brighton Elementary,KG,06,Public school - Regular,Elementary,Portsmouth,23704,Membership,1211766,Tidewater,2,Portsmouth City
121,510300002069,0321,Churchland Academy Elementary,KG,06,Public school - Regular,Elementary,Portsmouth,23703,Membership,1210321,Tidewater,2,Portsmouth City
121,510300001239,0650,Churchland Elementary,KG,06,Public school - Regular,Elementary,Portsmouth,23703,Membership,1210650,Tidewater,2,Portsmouth City
121,510300000375,0500,Churchland High,09,12,Public school - Regular,High,Portsmouth,23703,Membership,1210500,Tidewater,2,Portsmouth City
121,510300001241,0320,Churchland Middle,07,08,Public school - Regular,Middle,Portsmouth,23703,Membership,1210320,Tidewater,2,Portsmouth City
121,510300002829,0322,Churchland Preschool Center,PK,PK,Public school - Preschool,Prekindergarten,Portsmouth,23703,Membership,1210322,Tidewater,2,Portsmouth City
121,510300001242,0160,Churchland Primary & Intermediate,KG,06,Public school - Regular,Elementary,Portsmouth,23703,Membership,1210160,Tidewater,2,Portsmouth City
121,NA,9990,Community PK School,NA,NA,Public center - Alternative,NA,NA,NA,Non-Membership,1219990,Tidewater,2,Portsmouth City
121,510300001252,1400,Cradock Elementary,KG,06,Public school - Regular,Elementary,Portsmouth,23702,Membership,1211400,Tidewater,2,Portsmouth City
121,510300001234,1130,Cradock Middle,07,08,Public school - Regular,Middle,Portsmouth,23702,Membership,1211130,Tidewater,2,Portsmouth City
121,510300001245,0190,Douglass Park Elementary,KG,06,Public school - Regular,Elementary,Portsmouth,23701,Membership,1210190,Tidewater,2,Portsmouth City
121,510300001249,1630,Hodges Manor Elementary,KG,06,Public school - Regular,Elementary,Portsmouth,23701,Membership,1211630,Tidewater,2,Portsmouth City
121,NA,9991,Home Educational Services,NA,NA,Public center - Alternative,NA,NA,NA,Non-Membership,1219991,Tidewater,2,Portsmouth City
121,NA,9999,Homebased,NA,NA,Public center - Alternative,NA,NA,NA,Non-Membership,1219999,Tidewater,2,Portsmouth City
121,NA,9998,Homebound,NA,NA,Public center - Alternative,NA,NA,NA,Non-Membership,1219998,Tidewater,2,Portsmouth City
121,510300001250,0240,I.C. Norcom High,09,12,Public school - Regular,High,Portsmouth,23704,Membership,1210240,Tidewater,2,Portsmouth City
121,510300001254,1650,Lakeview Elementary,KG,06,Public school - Regular,Elementary,Portsmouth,23701,Membership,1211650,Tidewater,2,Portsmouth City
121,NA,9997,Local or Regional Jail,KG,12,Local or Regional Jail,Other,Portsmouth,23701,Membership,1219997,Tidewater,2,Portsmouth City
121,510300001255,1660,Manor High,09,12,Public school - Regular,High,Portsmouth,23701,Membership,1211660,Tidewater,2,Portsmouth City
121,510300002474,1768,Mount Hermon Preschool Center,PK,PK,Public school - Preschool,Prekindergarten,Portsmouth,23707,Membership,1211768,Tidewater,2,Portsmouth City
121,510300001018,1761,New Directions Center,NA,NA,Public center - Alternative,NA,Portsmouth,23707,Non-Membership,1211761,Tidewater,2,Portsmouth City
121,510300002859,1770,Olive Branch Preschool Center,PK,PK,Public school - Preschool,Prekindergarten,Portsmouth,23701,Membership,1211770,Tidewater,2,Portsmouth City
121,510300001258,0060,Park View Elementary,KG,06,Public school - Regular,Elementary,Portsmouth,23704,Membership,1210060,Tidewater,2,Portsmouth City
121,510300001257,0290,Simonsdale Elementary,KG,06,Public school - Regular,Elementary,Portsmouth,23701,Membership,1210290,Tidewater,2,Portsmouth City
121,NA,8888,Special Situation Schools,NA,NA,Unknown,NA,NA,NA,Non-Membership,1218888,Tidewater,2,Portsmouth City
121,NA,9992,Suspension Services,NA,NA,Public center - Alternative,NA,NA,NA,Non-Membership,1219992,Tidewater,2,Portsmouth City
121,510300002625,1769,Victory Elementary,KG,06,Public school - Regular,Elementary,Portsmouth,23701,Membership,1211769,Tidewater,2,Portsmouth City
121,510300001253,0230,Waterview Elementary,KG,06,Public school - Regular,Elementary,Portsmouth,23707,Membership,1210230,Tidewater,2,Portsmouth City
121,510300001264,0210,Westhaven Elementary,KG,06,Public school - Regular,Elementary,Portsmouth,23707,Membership,1210210,Tidewater,2,Portsmouth City
121,510300001265,0310,William E. Waters Middle,07,08,Public school - Regular,Middle,Portsmouth,23701,Membership,1210310,Tidewater,2,Portsmouth City
072,NA,9990,Community PK School,NA,NA,Public center - Alternative,NA,NA,NA,Non-Membership,0729990,Central Virginia,1,Powhatan County
072,510303002789,0021,Flat Rock Elementary,PK,05,Public school - Regular,Elementary,Powhatan,23139,Membership,0720021,Central Virginia,1,Powhatan County
072,NA,9991,Home Educational Services,NA,NA,Public center - Alternative,NA,NA,NA,Non-Membership,0729991,Central Virginia,1,Powhatan County
072,NA,9999,Homebased,NA,NA,Public center - Alternative,NA,NA,NA,Non-Membership,0729999,Central Virginia,1,Powhatan County
072,NA,9998,Homebound,NA,NA,Public center - Alternative,NA,NA,NA,Non-Membership,0729998,Central Virginia,1,Powhatan County
072,510303001398,0231,Pocahontas Elementary,PK,05,Public school - Regular,Elementary,Powhatan,23139,Membership,0720231,Central Virginia,1,Powhatan County
072,510303002105,0013,Powhatan Elementary,PK,05,Public school - Regular,Elementary,Powhatan,23139,Membership,0720013,Central Virginia,1,Powhatan County
072,510303001268,0011,Powhatan High,09,12,Public school - Regular,High,Powhatan,23139,Membership,0720011,Central Virginia,1,Powhatan County
072,510303001269,0130,Powhatan Middle,06,08,Public school - Regular,Middle,Powhatan,23139,Membership,0720130,Central Virginia,1,Powhatan County
072,NA,8888,Special Situation Schools,NA,NA,Unknown,NA,NA,NA,Non-Membership,0728888,Central Virginia,1,Powhatan County
072,NA,9992,Suspension Services,NA,NA,Public center - Alternative,NA,NA,NA,Non-Membership,0729992,Central Virginia,1,Powhatan County
073,NA,9990,Community PK School,NA,NA,Public center - Alternative,NA,NA,NA,Non-Membership,0739990,Southside,8,Prince Edward County
073,NA,0402,Farmville Elementary Feeding Site,NA,NA,SNP feeding site,NA,Farmville,23901,Non-Membership,0730402,Southside,8,Prince Edward County
073,NA,9991,Home Educational Services,NA,NA,Public center - Alternative,NA,NA,NA,Non-Membership,0739991,Southside,8,Prince Edward County
073,NA,9999,Homebased,NA,NA,Public center - Alternative,NA,NA,NA,Non-Membership,0739999,Southside,8,Prince Edward County
073,NA,9998,Homebound,NA,NA,Public center - Alternative,NA,NA,NA,Non-Membership,0739998,Southside,8,Prince Edward County
073,NA,9997,Local or Regional Jail,KG,12,Local or Regional Jail,Other,Farmville,23901,Membership,0739997,Southside,8,Prince Edward County
073,510306001271,0400,Prince Edward County High,09,12,Public school - Regular,High,Farmville,23901,Membership,0730400,Southside,8,Prince Edward County
073,510306002863,0401,Prince Edward County Vocational Technical,NA,NA,Public center - Career and Technical Ed.,NA,Farnvillle,23901,Non-Membership,0730401,Southside,8,Prince Edward County
073,510306001272,0010,Prince Edward Elementary,PK,04,Public school - Regular,Elementary,Farmville,23901,Membership,0730010,Southside,8,Prince Edward County
073,510306002130,0020,Prince Edward Middle,05,08,Public school - Regular,Middle,Farmville,23901,Membership,0730020,Southside,8,Prince Edward County
073,NA,8888,Special Situation Schools,NA,NA,Unknown,NA,NA,NA,Non-Membership,0738888,Southside,8,Prince Edward County
073,NA,9992,Suspension Services,NA,NA,Public center - Alternative,NA,NA,NA,Non-Membership,0739992,Southside,8,Prince Edward County
074,NA,9990,Community PK School,NA,NA,Public center - Alternative,NA,NA,NA,Non-Membership,0749990,Central Virginia,1,Prince George County
074,510309001275,0340,David A. Harrison Elementary,PK,05,Public school - Regular,Elementary,Disputanta,23842,Membership,0740340,Central Virginia,1,Prince George County
074,NA,9991,Home Educational Services,NA,NA,Public center - Alternative,NA,NA,NA,Non-Membership,0749991,Central Virginia,1,Prince George County
074,NA,9999,Homebased,NA,NA,Public center - Alternative,NA,NA,NA,Non-Membership,0749999,Central Virginia,1,Prince George County
074,NA,9998,Homebound,NA,NA,Public center - Alternative,NA,NA,NA,Non-Membership,0749998,Central Virginia,1,Prince George County
074,510309001276,0320,J.E.J. Moore Middle,06,08,Public school - Regular,Middle,Disputanta,23842,Membership,0740320,Central Virginia,1,Prince George County
074,510309001277,0310,L.L. Beazley Elementary,PK,05,Public school - Regular,Elementary,Prince George,23875,Membership,0740310,Central Virginia,1,Prince George County
074,NA,9997,Local or Regional Jail,06,12,Local or Regional Jail,High,Prince George,23875,Membership,0749997,Central Virginia,1,Prince George County
074,510309001283,0280,Middle Road Elementary,PK,05,Public school - Regular,Elementary,Prince George,23875,Membership,0740280,Central Virginia,1,Prince George County
074,NA,0360,N.B. Clements Annex,NA,NA,Annex to a public school,NA,Prince George,23875,Non-Membership,0740360,Central Virginia,1,Prince George County
074,510309001279,0290,North Elementary,PK,05,Public school - Regular,Elementary,Prince George,23875,Membership,0740290,Central Virginia,1,Prince George County
074,NA,0350,Prince George Education Center,NA,NA,SNP feeding site,NA,Disputanta,23842,Non-Membership,0740350,Central Virginia,1,Prince George County
074,510309001280,0020,Prince George High,09,12,Public school - Regular,High,Prince George,23875,Membership,0740020,Central Virginia,1,Prince George County
074,510309001282,0300,South Elementary,PK,05,Public school - Regular,Elementary,Disputanta,23842,Membership,0740300,Central Virginia,1,Prince George County
074,NA,8888,Special Situation Schools,NA,NA,Unknown,NA,NA,NA,Non-Membership,0748888,Central Virginia,1,Prince George County
074,NA,9992,Suspension Services,NA,NA,Public center - Alternative,NA,NA,NA,Non-Membership,0749992,Central Virginia,1,Prince George County
075,510313002039,0330,A. Henderson Elementary,PK,05,Public school - Regular,Elementary,Dumfries,22025,Membership,0750330,Northern Virginia,4,Prince William County
075,510313002199,0760,Antietam Elementary,PK,05,Public school - Regular,Elementary,Woodbridge,22192,Membership,0750760,Northern Virginia,4,Prince William County
075,510313002302,0200,Ashland Elementary,PK,05,Public school - Regular,Elementary,Manassas,20112,Membership,0750200,Northern Virginia,4,Prince William County
075,510313002457,0290,Battlefield High,09,12,Public school - Regular,High,Haymarket,20169,Membership,0750290,Northern Virginia,4,Prince William County
075,510313001285,0670,Bel Air Elementary,PK,05,Public school - Regular,Elementary,Woodbridge,22193,Membership,0750670,Northern Virginia,4,Prince William County
075,510313001286,0600,Belmont Elementary,PK,05,Public school - Regular,Elementary,Woodbridge,22191,Membership,0750600,Northern Virginia,4,Prince William County
075,510313001402,0840,Bennett Elementary,PK,05,Public school - Regular,Elementary,Manassas,20110,Membership,0750840,Northern Virginia,4,Prince William County
075,510313001288,0530,Brentsville District High,09,12,Public school - Regular,High,Nokesville,20181,Membership,0750530,Northern Virginia,4,Prince William County
075,510313001867,0860,Bristow Run Elementary,PK,05,Public school - Regular,Elementary,Bristow,20136,Membership,0750860,Northern Virginia,4,Prince William County
075,510313002588,0950,Buckland Mills Elementary,KG,05,Public school - Regular,Elementary,Gainesville,20155,Membership,0750950,Northern Virginia,4,Prince William County
075,510313002303,0920,Bull Run Middle,06,08,Public school - Regular,Middle,Gainesville,20155,Membership,0750920,Northern Virginia,4,Prince William County
075,510313001289,0620,C.A. Sinclair Elementary,PK,05,Public school - Regular,Elementary,Manassas,20109,Membership,0750620,Northern Virginia,4,Prince William County
075,510313000186,0710,C.D. Hylton High,09,12,Public school - Regular,High,Woodbridge,22193,Membership,0750710,Northern Virginia,4,Prince William County
075,510313002304,0900,Cedar Point Elementary,PK,05,Public school - Regular,Elementary,Bristow,20136,Membership,0750900,Northern Virginia,4,Prince William County
075,510313003025,5010,Charles J. Colgan Sr. High,09,12,Public school - Regular,High,Manassas,20112,Membership,0755010,Northern Virginia,4,Prince William County
075,510313003021,0970,Chris Yung Elementary,PK,05,Public school - Regular,Elementary,Bristow,20136,Membership,0750970,Northern Virginia,4,Prince William County
075,510313001290,0660,Coles Elementary,PK,05,Public school - Regular,Elementary,Manassas,20112,Membership,0750660,Northern Virginia,4,Prince William County
075,NA,9990,Community PK School,NA,NA,Public center - Alternative,NA,NA,NA,Non-Membership,0759990,Northern Virginia,4,Prince William County
075,NA,0287,Computer-Based Instruction (CBI),NA,NA,Public center - Alternative,NA,Manassas,20112,Non-Membership,0750287,Northern Virginia,4,Prince William County
075,510313003044,0309,Covington-Harper Elementary,PK,05,Public school - Regular,Elementary,Dumfries,22026,Membership,0750309,Northern Virginia,4,Prince William County
075,510313001291,0610,Dale City Elementary,PK,05,Public school - Regular,Elementary,Woodbridge,22193,Membership,0750610,Northern Virginia,4,Prince William County
075,510313001292,0280,Dumfries Elementary,PK,05,Public school - Regular,Elementary,Dumfries,22026,Membership,0750280,Northern Virginia,4,Prince William County
075,510313001293,0490,E.H. Marsteller Middle,06,08,Public school - Regular,Middle,Bristow,20136,Membership,0750490,Northern Virginia,4,Prince William County
075,510313001294,0580,Elizabeth Vaughan Elementary,PK,05,Public school - Regular,Elementary,Woodbridge,22191,Membership,0750580,Northern Virginia,4,Prince William County
075,510313001295,0120,Enterprise Elementary,PK,05,Public school - Regular,Elementary,Woodbridge,22193,Membership,0750120,Northern Virginia,4,Prince William County
075,510313002783,0370,Fannie W. Fitzgerald Elementary,PK,05,Public school - Regular,Elementary,Woodbridge,22193,Membership,0750370,Northern Virginia,4,Prince William County
075,510313001296,0450,Featherstone Elementary,PK,05,Public school - Regular,Elementary,Woodbridge,22191,Membership,0750450,Northern Virginia,4,Prince William County
075,510313002542,0870,Forest Park High,09,12,Public school - Regular,High,Woodbridge,22193,Membership,0750870,Northern Virginia,4,Prince William County
075,510313001297,0520,Fred M. Lynn Middle,06,08,Public school - Regular,Middle,Woodbridge,22191,Membership,0750520,Northern Virginia,4,Prince William County
075,510313002458,0300,Freedom High,09,12,Public school - Regular,High,Woodbridge,22191,Membership,0750300,Northern Virginia,4,Prince William County
075,510313003083,5130,Gainesville High,09,12,Public school - Regular,High,Gainesville,20155,Membership,0755130,Northern Virginia,4,Prince William County
075,510313002753,0960,Gainesville Middle,06,08,Public school - Regular,Middle,Gainesville,20155,Membership,0750960,Northern Virginia,4,Prince William County
075,510313001299,0690,Gar-Field High,09,12,Public school - Regular,High,Woodbridge,22192,Membership,0750690,Northern Virginia,4,Prince William County
075,510313001300,0630,George G. Tyler Elementary,PK,05,Public school - Regular,Elementary,Gainesville,20155,Membership,0750630,Northern Virginia,4,Prince William County
075,510313001307,0640,George M. Hampton Middle,06,08,Public school - Regular,Middle,Woodbridge,22193,Membership,0750640,Northern Virginia,4,Prince William County
075,510313002200,0770,George P. Mullen Elementary,PK,05,Public school - Regular,Elementary,Manassas,20109,Membership,0750770,Northern Virginia,4,Prince William County
075,510313002585,0340,Glenkirk Elementary,PK,05,Public school - Regular,Elementary,Gainesville,20155,Membership,0750340,Northern Virginia,4,Prince William County
075,510313001301,0510,Graham Park Middle,06,08,Public school - Regular,Middle,Triangle,22172,Membership,0750510,Northern Virginia,4,Prince William County
075,510313002968,0250,Haymarket Elementary,PK,05,Public school - Regular,Elementary,Haymarket,20169,Membership,0750250,Northern Virginia,4,Prince William County
075,510313001951,0380,Herbert J. Saunders Middle,06,08,Public school - Regular,Middle,Manassas,20112,Membership,0750380,Northern Virginia,4,Prince William County
075,NA,9991,Home Educational Services,NA,NA,Public center - Alternative,NA,NA,NA,Non-Membership,0759991,Northern Virginia,4,Prince William County
075,NA,9999,Homebased,NA,NA,Public center - Alternative,NA,NA,NA,Non-Membership,0759999,Northern Virginia,4,Prince William County
075,NA,9998,Homebound,NA,NA,Public center - Alternative,NA,NA,NA,Non-Membership,0759998,Northern Virginia,4,Prince William County
075,510313002459,0946,Independence Nontraditional - High School,NA,NA,Public center - Alternative,NA,Manassas,20112,Non-Membership,0750946,Northern Virginia,4,Prince William County
075,510313001302,0010,Independence Nontraditional Center,NA,NA,Public center - Special Education,NA,Manassas,20112,Non-Membership,0750010,Northern Virginia,4,Prince William County
075,510313003125,0317,Innovation Elementary,PK,05,Public school - Regular,Elementary,Manassas,20112,Membership,0750317,Northern Virginia,4,Prince William County
075,510313002417,0220,J.W. Alvey Elementary,PK,05,Public school - Regular,Elementary,Haymarket,20169,Membership,0750220,Northern Virginia,4,Prince William County
075,510313003065,0319,John D. Jenkins Elementary,PK,05,Public school - Regular,Elementary,Woodbridge,22192,Membership,0750319,Northern Virginia,4,Prince William County
075,510313001303,0130,John F. Pattie Sr. Elementary,PK,05,Public school - Regular,Elementary,Dumfries,22025,Membership,0750130,Northern Virginia,4,Prince William County
075,NA,0944,John F. Pattie Sr. Elementary Annex,NA,NA,Annex to a public school,NA,Dumfries,22025,Non-Membership,0750944,Northern Virginia,4,Prince William County
075,510313001304,0070,Kerrydale Elementary,PK,05,Public school - Regular,Elementary,Woodbridge,22193,Membership,0750070,Northern Virginia,4,Prince William County
075,510313003037,0306,Kyle R. Wilson Elementary,PK,05,Public school - Regular,Elementary,Woodbridge,22193,Membership,0750306,Northern Virginia,4,Prince William County
075,510313001997,0180,Lake Ridge Elementary,PK,05,Public school - Regular,Elementary,Woodbridge,22192,Membership,0750180,Northern Virginia,4,Prince William County
075,510313002158,0720,Lake Ridge Middle,06,08,Public school - Regular,Middle,Woodbridge,22192,Membership,0750720,Northern Virginia,4,Prince William County
075,510313001399,0830,Leesylvania Elementary,PK,05,Public school - Regular,Elementary,Woodbridge,22191,Membership,0750830,Northern Virginia,4,Prince William County
075,NA,9997,Local or Regional Jail,KG,12,Local or Regional Jail,Other,Manassas,20108,Membership,0759997,Northern Virginia,4,Prince William County
075,510313001305,0460,Loch Lomond Elementary,PK,05,Public school - Regular,Elementary,Manassas,20111,Membership,0750460,Northern Virginia,4,Prince William County
075,510313002543,0880,Louise A. Benton Middle,06,08,Public school - Regular,Middle,Manassas,20112,Membership,0750880,Northern Virginia,4,Prince William County
075,510313001952,0160,Martin Luther King Jr. Elementary,PK,05,Public school - Regular,Elementary,Woodbridge,22191,Membership,0750160,Northern Virginia,4,Prince William County
075,510313001306,0570,Marumsco Hills Elementary,PK,05,Public school - Regular,Elementary,Woodbridge,22191,Membership,0750570,Northern Virginia,4,Prince William County
075,510313002798,0231,Mary G. Porter Traditional,01,08,Public school - Regular,Elementary,Woodbridge,22191,Membership,0750231,Northern Virginia,4,Prince William County
075,510313002455,0240,Mary Williams Elementary,PK,05,Public school - Regular,Elementary,Dumfries,22026,Membership,0750240,Northern Virginia,4,Prince William County
075,510313001308,0030,Minnieville Elementary,PK,05,Public school - Regular,Elementary,Woodbridge,22193,Membership,0750030,Northern Virginia,4,Prince William County
075,NA,9996,Molinari Juvenile Shelter,NA,NA,LEA facility serving only 905 or 902 students,NA,Manassas,22110,Non-Membership,0759996,Northern Virginia,4,Prince William County
075,510313000192,0800,Montclair Elementary,PK,05,Public school - Regular,Elementary,Dumfries,22025,Membership,0750800,Northern Virginia,4,Prince William County
075,510313001168,0810,Mountain View Elementary,PK,05,Public school - Regular,Elementary,Haymarket,20169,Membership,0750810,Northern Virginia,4,Prince William County
075,510313001309,0700,Neabsco Elementary,PK,05,Public school - Regular,Elementary,Woodbridge,22193,Membership,0750700,Northern Virginia,4,Prince William County
075,510313001312,0260,Occoquan Elementary,KG,05,Public school - Regular,Elementary,Woodbridge,22192,Membership,0750260,Northern Virginia,4,Prince William County
075,510313001170,0820,Old Bridge Elementary,PK,05,Public school - Regular,Elementary,Woodbridge,22192,Membership,0750820,Northern Virginia,4,Prince William County
075,510313001313,0080,Osbourn Park High,09,12,Public school - Regular,High,Manassas,20111,Membership,0750080,Northern Virginia,4,Prince William County
075,510313000940,0910,Pace West,NA,NA,Public center - Special Education,NA,Gainesville,20155,Non-Membership,0750910,Northern Virginia,4,Prince William County
075,510313001315,0501,Parkside Middle,06,08,Public school - Regular,Middle,Manassas,20110,Membership,0750501,Northern Virginia,4,Prince William County
075,510313002850,1060,Patriot High,09,12,Public school - Regular,High,Nokesville,20181,Membership,0751060,Northern Virginia,4,Prince William County
075,510313002418,0945,Pennington Traditional,01,08,Public school - Regular,Elementary,Manassas,20110,Membership,0750945,Northern Virginia,4,Prince William County
075,510313002851,0110,Piney Branch Elementary,PK,05,Public school - Regular,Elementary,Bristow,20136,Membership,0750110,Northern Virginia,4,Prince William County
075,510313001857,0140,Potomac High,09,12,Public school - Regular,High,Dumfries,22026,Membership,0750140,Northern Virginia,4,Prince William County
075,510313002584,0170,Potomac Middle,06,08,Public school - Regular,Middle,Dumfries,22026,Membership,0750170,Northern Virginia,4,Prince William County
075,510313003077,0414,Potomac Shores Middle,06,08,Public school - Regular,Middle,Dumfries,22026,Membership,0750414,Northern Virginia,4,Prince William County
075,510313001316,0550,Potomac View Elementary,PK,05,Public school - Regular,Elementary,Woodbridge,22191,Membership,0750550,Northern Virginia,4,Prince William County
075,510313001317,0440,R. Dean Kilby Elementary,PK,05,Public school - Regular,Elementary,Woodbridge,22191,Membership,0750440,Northern Virginia,4,Prince William County
075,510313001319,0591,Rippon Middle,06,08,Public school - Regular,Middle,Woodbridge,22191,Membership,0750591,Northern Virginia,4,Prince William County
075,510313002198,0750,River Oaks Elementary,PK,05,Public school - Regular,Elementary,Woodbridge,22193,Membership,0750750,Northern Virginia,4,Prince William County
075,510313001320,0040,Rockledge Elementary,PK,05,Public school - Regular,Elementary,Woodbridge,22192,Membership,0750040,Northern Virginia,4,Prince William County
075,510313002858,0310,Ronald Wilson Reagan Middle,06,08,Public school - Regular,Middle,Haymarket,20169,Membership,0750310,Northern Virginia,4,Prince William County
075,510313002587,0941,Rosa Parks Elementary,PK,05,Public school - Regular,Elementary,Woodbridge,22193,Membership,0750941,Northern Virginia,4,Prince William County
075,510313002787,0360,Samuel L. Gravely Jr. Elementary,KG,05,Public school - Regular,Elementary,Haymarket,20169,Membership,0750360,Northern Virginia,4,Prince William County
075,510313002159,0730,Sharon C. McAuliffe Elementary,KG,05,Public school - Regular,Elementary,Woodbridge,22193,Membership,0750730,Northern Virginia,4,Prince William County
075,510313001314,0500,Signal Hill Elementary,PK,05,Public school - Regular,Elementary,Manassas,20111,Membership,0750500,Northern Virginia,4,Prince William County
075,510313001864,0850,Sonnie Penn Elementary,PK,05,Public school - Regular,Elementary,Woodbridge,22193,Membership,0750850,Northern Virginia,4,Prince William County
075,NA,8888,Special Situation Schools,NA,NA,Unknown,NA,NA,NA,Non-Membership,0758888,Northern Virginia,4,Prince William County
075,510313002038,0320,Springwoods Elementary,PK,05,Public school - Regular,Elementary,Woodbridge,22192,Membership,0750320,Northern Virginia,4,Prince William County
075,510313000190,0780,Stuart M. Beville Middle,06,08,Public school - Regular,Middle,Woodbridge,22193,Membership,0750780,Northern Virginia,4,Prince William County
075,510313001323,0020,Sudley Elementary,KG,05,Public school - Regular,Elementary,Manassas,20109,Membership,0750020,Northern Virginia,4,Prince William County
075,510313002456,0270,Suella G. Ellis Elementary,PK,05,Public school - Regular,Elementary,Manassas,20109,Membership,0750270,Northern Virginia,4,Prince William County
075,NA,9992,Suspension Services,NA,NA,Public center - Alternative,NA,NA,NA,Non-Membership,0759992,Northern Virginia,4,Prince William County
075,510313002305,0890,Swans Creek Elementary,PK,05,Public school - Regular,Elementary,Dumfries,22026,Membership,0750890,Northern Virginia,4,Prince William County
075,510313002852,0470,T. Clay Wood Elementary,PK,05,Public school - Regular,Elementary,Nokesville,20109,Membership,0750470,Northern Virginia,4,Prince William County
075,510313001311,0150,The Nokesville School,KG,08,Public school - Regular,Elementary,Nokesville,20181,Membership,0750150,Northern Virginia,4,Prince William County
075,510313000938,0790,Thurgood Marshall Elementary,PK,05,Public school - Regular,Elementary,Manassas,20112,Membership,0750790,Northern Virginia,4,Prince William County
075,510313001324,0430,Triangle Elementary,PK,05,Public school - Regular,Elementary,Triangle,22172,Membership,0750430,Northern Virginia,4,Prince William County
075,510313001322,0480,Unity Braxton Middle,06,08,Public school - Regular,Middle,Manassas,20109,Membership,0750480,Northern Virginia,4,Prince William County
075,510313001321,0680,Unity Reed High,09,12,Public school - Regular,High,Manassas,20109,Membership,0750680,Northern Virginia,4,Prince William County
075,510313002586,0390,Victory Elementary,PK,05,Public school - Regular,Elementary,Bristow,20136,Membership,0750390,Northern Virginia,4,Prince William County
075,NA,0602,Virtual Learning Academy,NA,NA,Public center - Virtual,NA,Bristow,20136,Non-Membership,0750602,Northern Virginia,4,Prince William County
075,510313001325,0540,West Gate Elementary,PK,05,Public school - Regular,Elementary,Manassas,20109,Membership,0750540,Northern Virginia,4,Prince William County
075,510313002160,0740,Westridge Elementary,PK,05,Public school - Regular,Elementary,Woodbridge,22192,Membership,0750740,Northern Virginia,4,Prince William County
075,510313001327,0060,Woodbridge High,09,12,Public school - Regular,High,Woodbridge,22192,Membership,0750060,Northern Virginia,4,Prince William County
075,510313001326,0560,Woodbridge Middle,06,08,Public school - Regular,Middle,Woodbridge,22191,Membership,0750560,Northern Virginia,4,Prince William County
075,510313001328,0350,Yorkshire Elementary,PK,05,Public school - Regular,Elementary,Manassas,20111,Membership,0750350,Northern Virginia,4,Prince William County
077,NA,9990,Community PK School,NA,NA,Public center - Alternative,NA,NA,NA,Non-Membership,0779990,Southwest,7,Pulaski County
077,510315001330,0020,Critzer Elementary,PK,05,Public school - Regular,Elementary,Pulaski,24301,Membership,0770020,Southwest,7,Pulaski County
077,510315001332,0540,Dublin Elementary,PK,05,Public school - Regular,Elementary,Dublin,24084,Membership,0770540,Southwest,7,Pulaski County
077,NA,0550,Fairlawn Coop. Transition Center Program,NA,NA,SNP feeding site,NA,Fairlawn,24141,Non-Membership,0770550,Southwest,7,Pulaski County
077,NA,9991,Home Educational Services,NA,NA,Public center - Alternative,NA,NA,NA,Non-Membership,0779991,Southwest,7,Pulaski County
077,NA,9999,Homebased,NA,NA,Public center - Alternative,NA,NA,NA,Non-Membership,0779999,Southwest,7,Pulaski County
077,NA,9998,Homebound,NA,NA,Public center - Alternative,NA,NA,NA,Non-Membership,0779998,Southwest,7,Pulaski County
077,NA,9997,Local Or Regional Jail,KG,12,Local or Regional Jail,Other,Pulaski,24301,Membership,0779997,Southwest,7,Pulaski County
077,510315003076,0560,Pulaski County Middle,06,08,Public school - Regular,Middle,Pulaski,24301,Membership,0770560,Southwest,7,Pulaski County
077,510315003017,0610,Pulaski County Public Schools Governor's STEM Academy,NA,NA,Public center - Governor's STEM Academy,NA,Dublin,24084,Non-Membership,0770610,Southwest,7,Pulaski County
077,510315003126,0101,Pulaski County Public Schools Virtual School K-12,KG,02,Public school - Virtual,Elementary,Pulaski,24301,Membership,0770101,Southwest,7,Pulaski County
077,510315001338,0010,Pulaski County Senior High,09,12,Public school - Regular,High,Dublin,24084,Membership,0770010,Southwest,7,Pulaski County
077,510315002460,0230,Pulaski Elementary,PK,05,Public school - Regular,Elementary,Pulaski,24301,Membership,0770230,Southwest,7,Pulaski County
077,510315001340,0500,Riverlawn Elementary,PK,05,Public school - Regular,Elementary,Fairlawn,24141,Membership,0770500,Southwest,7,Pulaski County
077,510315001341,0430,Snowville Elementary,PK,05,Public school - Regular,Elementary,Hiwassee,24347,Membership,0770430,Southwest,7,Pulaski County
077,NA,8888,Special Situation Schools,NA,NA,Unknown,NA,NA,NA,Non-Membership,0778888,Southwest,7,Pulaski County
077,NA,9992,Suspension Services,NA,NA,Public center - Alternative,NA,NA,NA,Non-Membership,0779992,Southwest,7,Pulaski County
122,510318001342,0010,Belle Heth Elementary,03,06,Public school - Regular,Elementary,Radford,24141,Membership,1220010,Southwest,7,Radford City
122,NA,9990,Community PK School,NA,NA,Public center - Alternative,NA,NA,NA,Non-Membership,1229990,Southwest,7,Radford City
122,NA,9991,Home Educational Services,NA,NA,Public center - Alternative,NA,NA,NA,Non-Membership,1229991,Southwest,7,Radford City
122,NA,9999,Homebased,NA,NA,Public center - Alternative,NA,NA,NA,Non-Membership,1229999,Southwest,7,Radford City
122,NA,9998,Homebound,NA,NA,Public center - Alternative,NA,NA,NA,Non-Membership,1229998,Southwest,7,Radford City
122,510318001858,0042,John N. Dalton Intermediate,07,08,Public school - Regular,Middle,Radford,24141,Membership,1220042,Southwest,7,Radford City
122,510318001344,0020,McHarg Elementary,PK,02,Public school - Regular,Elementary,Radford,24141,Membership,1220020,Southwest,7,Radford City
122,510318003095,0102,Radford City Virtual,KG,12,Public school - Virtual,Other,Radford,24141,Membership,1220102,Southwest,7,Radford City
122,510318001345,0041,Radford High,09,12,Public school - Regular,High,Radford,24141,Membership,1220041,Southwest,7,Radford City
122,NA,8888,Special Situation Schools,NA,NA,Unknown,NA,NA,NA,Non-Membership,1228888,Southwest,7,Radford City
122,NA,9992,Suspension Services,NA,NA,Public center - Alternative,NA,NA,NA,Non-Membership,1229992,Southwest,7,Radford City
078,NA,9990,Community PK School,NA,NA,Public center - Alternative,NA,NA,NA,Non-Membership,0789990,Northern Virginia,4,Rappahannock County
078,NA,9991,Home Educational Services,NA,NA,Public center - Alternative,NA,NA,NA,Non-Membership,0789991,Northern Virginia,4,Rappahannock County
078,NA,9999,Homebased,NA,NA,Public center - Alternative,NA,NA,NA,Non-Membership,0789999,Northern Virginia,4,Rappahannock County
078,NA,9998,Homebound,NA,NA,Public center - Alternative,NA,NA,NA,Non-Membership,0789998,Northern Virginia,4,Rappahannock County
078,NA,9997,Local or Regional Jail,KG,12,Local or Regional Jail,Other,Washington,22747,Membership,0789997,Northern Virginia,4,Rappahannock County
078,510321001347,0240,Rappahannock County Elementary,PK,07,Public school - Regular,Elementary,Washington,22747,Membership,0780240,Northern Virginia,4,Rappahannock County
078,510321001346,0230,Rappahannock County High,08,12,Public school - Regular,High,Washington,22747,Membership,0780230,Northern Virginia,4,Rappahannock County
078,NA,8888,Special Situation Schools,NA,NA,Unknown,NA,NA,NA,Non-Membership,0788888,Northern Virginia,4,Rappahannock County
078,NA,9992,Suspension Services,NA,NA,Public center - Alternative,NA,NA,NA,Non-Membership,0789992,Northern Virginia,4,Rappahannock County
123,510324001351,0030,Albert Hill Middle,06,08,Public school - Regular,Middle,Richmond,23221,Membership,1230030,Central Virginia,1,Richmond City
123,510324001352,0750,Amelia Street Special Education,NA,NA,Public center - Special Education,NA,Richmond,23220,Non-Membership,1230750,Central Virginia,1,Richmond City
123,510324002082,0850,Armstrong High,09,12,Public school - Regular,High,Richmond,23223,Membership,1230850,Central Virginia,1,Richmond City
123,510324000381,0390,Barack Obama Elementary,PK,05,Public school - Regular,Elementary,Richmond,23222,Membership,1230390,Central Virginia,1,Richmond City
123,510324001860,0100,Bellevue Elementary,PK,05,Public school - Regular,Elementary,Richmond,23223,Membership,1230100,Central Virginia,1,Richmond City
123,510324001357,0170,Blackwell Elementary,PK,05,Public school - Regular,Elementary,Richmond,23224,Membership,1230170,Central Virginia,1,Richmond City
123,510324001861,1100,Broad Rock Elementary,PK,05,Public school - Regular,Elementary,Richmond,23234,Membership,1231100,Central Virginia,1,Richmond City
123,NA,3118,Capital City Program,NA,NA,SNP feeding site,NA,Richmond,23220,Non-Membership,1233118,Central Virginia,1,Richmond City
123,510324001361,1440,Cardinal Elementary,PK,05,Public school - Regular,Elementary,Richmond,23224,Membership,1231440,Central Virginia,1,Richmond City
123,510324001359,0830,Chimborazo Elementary,PK,05,Public school - Regular,Elementary,Richmond,23223,Membership,1230830,Central Virginia,1,Richmond City
123,NA,9990,Community PK School,NA,NA,Public center - Alternative,NA,NA,NA,Non-Membership,1239990,Central Virginia,1,Richmond City
123,NA,0425,Con Ganas,NA,NA,Public center - Alternative,NA,Richmond,23219,Non-Membership,1230425,Central Virginia,1,Richmond City
123,510324001356,0050,Dogwood Middle,06,08,Public school - Regular,Middle,Richmond,23220,Membership,1230050,Central Virginia,1,Richmond City
123,510324001363,1400,Elizabeth D. Redd Elementary,PK,05,Public school - Regular,Elementary,Richmond,23225,Membership,1231400,Central Virginia,1,Richmond City
123,510324001365,0710,Fairfield Court Elementary,PK,05,Public school - Regular,Elementary,Richmond,23223,Membership,1230710,Central Virginia,1,Richmond City
123,510324001372,0230,Frances W. McClenney Elementary,PK,05,Public school - Regular,Elementary,Richmond,23227,Membership,1230230,Central Virginia,1,Richmond City
123,510324002214,0621,Franklin Military Academy,06,12,Public school - Regular,High,Richmond,23223,Membership,1230621,Central Virginia,1,Richmond City
123,510324001369,1470,G.H. Reid Elementary,PK,05,Public school - Regular,Elementary,Richmond,23225,Membership,1231470,Central Virginia,1,Richmond City
123,510324001862,0311,George W. Carver Elementary,PK,05,Public school - Regular,Elementary,Richmond,23220,Membership,1230311,Central Virginia,1,Richmond City
123,510324001370,0290,Henry Marsh III Elementary,PK,05,Public school - Regular,Elementary,Richmond,23223,Membership,1230290,Central Virginia,1,Richmond City
123,NA,9991,Home Educational Services,NA,NA,Public center - Alternative,NA,NA,NA,Non-Membership,1239991,Central Virginia,1,Richmond City
123,NA,9999,Homebased,NA,NA,Public center - Alternative,NA,NA,NA,Non-Membership,1239999,Central Virginia,1,Richmond City
123,NA,9998,Homebound,NA,NA,Public center - Alternative,NA,NA,NA,Non-Membership,1239998,Central Virginia,1,Richmond City
123,510324002083,1510,Huguenot High,09,12,Public school - Regular,High,Richmond,23225,Membership,1231510,Central Virginia,1,Richmond City
123,510324001863,1640,J.B. Fisher Elementary,PK,05,Public school - Regular,Elementary,Richmond,23235,Membership,1231640,Central Virginia,1,Richmond City
123,510324003145,3115,J.H. Blackwell Preschool,PK,PK,Public school - Preschool,Prekindergarten,Richmond,23224,Membership,1233115,Central Virginia,1,Richmond City
123,510324001378,1710,J.L. Francis Elementary,PK,05,Public school - Regular,Elementary,Richmond,23224,Membership,1231710,Central Virginia,1,Richmond City
123,510324002080,0730,John Marshall High,09,12,Public school - Regular,High,Richmond,23227,Membership,1230730,Central Virginia,1,Richmond City
123,510324001927,3106,Linwood Holton Elementary,PK,05,Public school - Regular,Elementary,Richmond,23227,Membership,1233106,Central Virginia,1,Richmond City
123,NA,9997,Local or Regional Jail,KG,12,Local or Regional Jail,Other,Richmond,23223,Membership,1239997,Central Virginia,1,Richmond City
123,510324001379,0600,Lois Harrison-Jones Elementary,PK,05,Public school - Regular,Elementary,Richmond,23221,Membership,1230600,Central Virginia,1,Richmond City
123,510324001894,3105,Lucille M. Brown Middle,06,08,Public school - Regular,Middle,Richmond,23225,Membership,1233105,Central Virginia,1,Richmond City
123,510324001385,0770,Martin Luther King Jr. Middle,06,08,Public school - Regular,Middle,Richmond,23223,Membership,1230770,Central Virginia,1,Richmond City
123,510324003023,0771,Martin Luther King Jr. Preschool,PK,PK,Public school - Preschool,Prekindergarten,Richmond,23223,Membership,1230771,Central Virginia,1,Richmond City
123,510324001383,0580,Mary Munford Elementary,PK,05,Public school - Regular,Elementary,Richmond,23226,Membership,1230580,Central Virginia,1,Richmond City
123,510324003143,3114,Mary Scott Preschool,PK,PK,Public school - Preschool,Prekindergarten,Richmond,23222,Membership,1233114,Central Virginia,1,Richmond City
123,510324001865,0690,Maymont Preschool,PK,PK,Public school - Preschool,Prekindergarten,Richmond,23220,Membership,1230690,Central Virginia,1,Richmond City
123,510324001928,3107,Miles Jones Elementary,PK,05,Public school - Regular,Elementary,Richmond,23225,Membership,1233107,Central Virginia,1,Richmond City
123,NA,3112,Oak Grove/Bellemeade Annex,NA,NA,Annex to a public school,NA,Richmond,23224,Non-Membership,1233112,Central Virginia,1,Richmond City
123,510324001387,0330,Oak Grove/Bellemeade Elementary,PK,05,Public school - Regular,Elementary,Richmond,23224,Membership,1230330,Central Virginia,1,Richmond City
123,510324001373,0090,Open High,09,12,Public school - Regular,High,Richmond,23220,Membership,1230090,Central Virginia,1,Richmond City
123,510324001389,0130,Overby-Sheppard Elementary,PK,05,Public school - Regular,Elementary,Richmond,23222,Membership,1230130,Central Virginia,1,Richmond City
123,510324002807,3119,Patrick Henry School Of Science And Arts,KG,05,Public school - Charter,Elementary,Richmond,23225,Membership,1233119,Central Virginia,1,Richmond City
123,510324002306,3109,Pre-School Dev. Center,NA,NA,Public center - Special Education,NA,Richmond,23223,Non-Membership,1233109,Central Virginia,1,Richmond City
123,510324002424,3116,Real Special Ed Ctr,NA,NA,Public center - Special Education,NA,Richmond,23227,Non-Membership,1233116,Central Virginia,1,Richmond City
123,510324002966,3200,Richmond Career Education and Employment Charter School,09,12,Public school - Charter,High,Richmond,23227,Membership,1233200,Central Virginia,1,Richmond City
123,510324002075,0452,Richmond Community High,09,12,Public school - Regular,High,Richmond,23222,Membership,1230452,Central Virginia,1,Richmond City
123,510324003144,3113,Richmond Community Preschool,PK,PK,Public school - Preschool,Prekindergarten,Richmond,23234,Membership,1233113,Central Virginia,1,Richmond City
123,510324002081,0741,Richmond High School for the Arts,09,12,Public school - Regular,High,Richmond,23225,Membership,1230741,Central Virginia,1,Richmond City
123,NA,0411,Richmond K12 Virginia Virtual Academy,NA,NA,Public center - Virtual,NA,Herndon,20171,Non-Membership,1230411,Central Virginia,1,Richmond City
123,510324002307,3110,Richmond Success Academy,06,12,Public school - Alternative,High,Richmond,23220,Membership,1233110,Central Virginia,1,Richmond City
123,510324001396,0821,Richmond Technical Center,NA,NA,Public center - Career and Technical Ed.,NA,Richmond,23230,Non-Membership,1230821,Central Virginia,1,Richmond City
123,510324003101,1322,Richmond Virtual Academy,KG,12,Public school - Virtual,Other,Richmond,23219,Membership,1231322,Central Virginia,1,Richmond City
123,510324003019,1631,River City Middle,06,08,Public school - Regular,Middle,Richmond,23224,Membership,1231631,Central Virginia,1,Richmond City
123,NA,0420,Secondary Success Center,NA,NA,Public center - Alternative,NA,NA,NA,Non-Membership,1230420,Central Virginia,1,Richmond City
123,510324001400,1480,Southampton Elementary,PK,05,Public school - Regular,Elementary,Richmond,23225,Membership,1231480,Central Virginia,1,Richmond City
123,NA,8888,Special Situation Schools,NA,NA,Unknown,NA,NA,NA,Non-Membership,1238888,Central Virginia,1,Richmond City
123,510324003035,0511,Summer Hill Preschool Center,PK,PK,Public school - Preschool,Prekindergarten,Richmond,23234,Membership,1230511,Central Virginia,1,Richmond City
123,NA,9992,Suspension Services,NA,NA,Public center - Alternative,NA,NA,NA,Non-Membership,1239992,Central Virginia,1,Richmond City
123,510324001367,0210,Swansboro Elementary,PK,05,Public school - Regular,Elementary,Richmond,23224,Membership,1230210,Central Virginia,1,Richmond City
123,510324003020,0823,THRIVE ACADEMY,NA,NA,Public center - Alternative,NA,Richmond,23230,Non-Membership,1230823,Central Virginia,1,Richmond City
123,510324002988,3120,The Governor's Career and Technical Education Academy for STEM in Richmond,NA,NA,Public center - Governor's STEM Academy,NA,Richmond,23230,Non-Membership,1233120,Central Virginia,1,Richmond City
123,510324002077,0742,The Humanities Center,NA,NA,SNP feeding site,NA,Richmond,23229,Non-Membership,1230742,Central Virginia,1,Richmond City
123,510324002425,3117,Thirteen Acres Special Education Center,NA,NA,Public center - Special Education,NA,Richmond,23227,Non-Membership,1233117,Central Virginia,1,Richmond City
123,510324002078,0480,Thomas C. Boushall Middle,06,08,Public school - Regular,Middle,Richmond,23234,Membership,1230480,Central Virginia,1,Richmond City
123,510324001374,0470,Thomas H. Henderson Middle,06,08,Public school - Regular,Middle,Richmond,23227,Membership,1230470,Central Virginia,1,Richmond City
123,510324002070,0020,Thomas Jefferson High,09,12,Public school - Regular,High,Richmond,23230,Membership,1230020,Central Virginia,1,Richmond City
123,510324001404,0660,Westover Hills Elementary,PK,05,Public school - Regular,Elementary,Richmond,23225,Membership,1230660,Central Virginia,1,Richmond City
123,510324001406,0200,William Fox Elementary,PK,05,Public school - Regular,Elementary,Richmond,23220,Membership,1230200,Central Virginia,1,Richmond City
123,510324001407,0650,Woodville Elementary,PK,05,Public school - Regular,Elementary,Richmond,23223,Membership,1230650,Central Virginia,1,Richmond City
079,NA,9990,Community PK School,NA,NA,Public center - Alternative,NA,NA,NA,Non-Membership,0799990,Northern Neck,3,Richmond County
079,NA,9991,Home Educational Services,NA,NA,Public center - Alternative,NA,NA,NA,Non-Membership,0799991,Northern Neck,3,Richmond County
079,NA,9999,Homebased,NA,NA,Public center - Alternative,NA,NA,NA,Non-Membership,0799999,Northern Neck,3,Richmond County
079,NA,9998,Homebound,NA,NA,Public center - Alternative,NA,NA,NA,Non-Membership,0799998,Northern Neck,3,Richmond County
079,NA,9997,Local Or Regional Jail,KG,12,Local or Regional Jail,Other,Warsaw,22572,Membership,0799997,Northern Neck,3,Richmond County
079,510327003030,0050,Mackey-Thompson Learning Center,NA,NA,Public center - Alternative,NA,Warsaw,22572,Non-Membership,0790050,Northern Neck,3,Richmond County
079,510327001409,0210,Rappahannock High,08,12,Public school - Regular,High,Warsaw,22572,Membership,0790210,Northern Neck,3,Richmond County
079,510327001974,0020,Richmond County Elementary,KG,07,Public school - Regular,Elementary,Warsaw,22572,Membership,0790020,Northern Neck,3,Richmond County
079,NA,8888,Special Situation Schools,NA,NA,Unknown,NA,NA,NA,Non-Membership,0798888,Northern Neck,3,Richmond County
079,NA,9992,Suspension Services,NA,NA,Public center - Alternative,NA,NA,NA,Non-Membership,0799992,Northern Neck,3,Richmond County
124,510330001412,0280,Addison Aerospace Magnet Middle,06,08,Public school - Regular,Middle,Roanoke,24016,Membership,1240280,Western Virginia,6,Roanoke City
124,510330001413,0210,Breckinridge Middle,06,08,Public school - Regular,Middle,Roanoke,24012,Membership,1240210,Western Virginia,6,Roanoke City
124,NA,9990,Community PK School,NA,NA,Public center - Alternative,NA,NA,NA,Non-Membership,1249990,Western Virginia,6,Roanoke City
124,510330000385,0020,Crystal Spring Elementary,PK,05,Public school - Regular,Elementary,Roanoke,24014,Membership,1240020,Western Virginia,6,Roanoke City
124,510330001415,0410,Fairview Elementary,PK,05,Public school - Regular,Elementary,Roanoke,24017,Membership,1240410,Western Virginia,6,Roanoke City
124,510330001416,0050,Fallon Park Elementary,PK,05,Public school - Regular,Elementary,Roanoke,24013,Membership,1240050,Western Virginia,6,Roanoke City
124,510330001417,0380,Fishburn Park Elementary,PK,05,Public school - Regular,Elementary,Roanoke,24015,Membership,1240380,Western Virginia,6,Roanoke City
124,510330002797,0560,Forest Park Academy,NA,NA,Public center - Alternative,NA,Roanoke,24017,Non-Membership,1240560,Western Virginia,6,Roanoke City
124,510330001419,0300,Garden City Elementary,PK,05,Public school - Regular,Elementary,Roanoke,24014,Membership,1240300,Western Virginia,6,Roanoke City
124,510330001420,0310,Grandin Court Elementary,PK,05,Public school - Regular,Elementary,Roanoke,24015,Membership,1240310,Western Virginia,6,Roanoke City
124,510330002161,0110,Highland Park Elementary,PK,05,Public school - Regular,Elementary,Roanoke,24016,Membership,1240110,Western Virginia,6,Roanoke City
124,NA,9991,Home Educational Services,NA,NA,Public center - Alternative,NA,NA,NA,Non-Membership,1249991,Western Virginia,6,Roanoke City
124,NA,9999,Homebased,NA,NA,Public center - Alternative,NA,Roanoke,24012,Non-Membership,1249999,Western Virginia,6,Roanoke City
124,NA,9998,Homebound,NA,NA,Public center - Alternative,NA,Roanoke,24012,Non-Membership,1249998,Western Virginia,6,Roanoke City
124,510330001423,0420,Hurt Park Elementary,PK,05,Public school - Regular,Elementary,Roanoke,24016,Membership,1240420,Western Virginia,6,Roanoke City
124,510330001424,0450,James Madison Middle,06,08,Public school - Regular,Middle,Roanoke,24015,Membership,1240450,Western Virginia,6,Roanoke City
124,510330001434,0230,John P. Fishwick Middle,06,08,Public school - Regular,Middle,Roanoke,24013,Membership,1240230,Western Virginia,6,Roanoke City
124,510330001425,0340,Lincoln Terrace Elementary,PK,05,Public school - Regular,Elementary,Roanoke,24012,Membership,1240340,Western Virginia,6,Roanoke City
124,NA,9997,Local Or Regional Jail,KG,12,Local or Regional Jail,Other,Roanoke,24031,Membership,1249997,Western Virginia,6,Roanoke City
124,510330001426,0370,Monterey Elementary,KG,05,Public school - Regular,Elementary,Roanoke,24012,Membership,1240370,Western Virginia,6,Roanoke City
124,510330001045,0060,Morningside Elementary,PK,05,Public school - Regular,Elementary,Roanoke,24013,Membership,1240060,Western Virginia,6,Roanoke City
124,510330002628,0553,Noel C. Taylor Academy At Oakland,NA,NA,Public center - Alternative,NA,Roanoke,24012,Non-Membership,1240553,Western Virginia,6,Roanoke City
124,510330001430,0390,Patrick Henry High,09,12,Public school - Regular,High,Roanoke,24015,Membership,1240390,Western Virginia,6,Roanoke City
124,510330002217,0240,Preston Park Elementary,PK,05,Public school - Regular,Elementary,Roanoke,24012,Membership,1240240,Western Virginia,6,Roanoke City
124,510330001428,0220,Roanoke Academy For Mathematics & Science Elementary,PK,05,Public school - Regular,Elementary,Roanoke,24017,Membership,1240220,Western Virginia,6,Roanoke City
124,510330001422,0320,Round Hill Elementary,PK,05,Public school - Regular,Elementary,Roanoke,24012,Membership,1240320,Western Virginia,6,Roanoke City
124,NA,8888,Special Situation Schools,NA,NA,Unknown,NA,Roanoke,24012,Non-Membership,1248888,Western Virginia,6,Roanoke City
124,NA,9992,Suspension Services,NA,NA,Public center - Alternative,NA,NA,NA,Non-Membership,1249992,Western Virginia,6,Roanoke City
124,510330000667,0070,Virginia Heights Elementary,PK,05,Public school - Regular,Elementary,Roanoke,24015,Membership,1240070,Western Virginia,6,Roanoke City
124,510330001349,0090,Wasena Elementary,PK,05,Public school - Regular,Elementary,Roanoke,24015,Membership,1240090,Western Virginia,6,Roanoke City
124,510330001437,0350,Westside Elementary,PK,05,Public school - Regular,Elementary,Roanoke,24017,Membership,1240350,Western Virginia,6,Roanoke City
124,510330001438,0400,William Fleming High,09,12,Public school - Regular,High,Roanoke,24017,Membership,1240400,Western Virginia,6,Roanoke City
124,510330001440,0150,Woodrow Wilson Middle,06,08,Public school - Regular,Middle,Roanoke,24015,Membership,1240150,Western Virginia,6,Roanoke City
080,510333003080,0780,Alternative Secondary Transition Educational Program,NA,NA,Public center - Alternative,NA,Roanoke,24019,Non-Membership,0800780,Western Virginia,6,Roanoke County
080,510333001442,0420,Back Creek Elementary,PK,05,Public school - Regular,Elementary,Roanoke,24018,Membership,0800420,Western Virginia,6,Roanoke County
080,510333001919,0752,Bonsack Elementary,PK,05,Public school - Regular,Elementary,Roanoke,24019,Membership,0800752,Western Virginia,6,Roanoke County
080,510333001444,0180,Burlington Elementary,PK,05,Public school - Regular,Elementary,Roanoke,24019,Membership,0800180,Western Virginia,6,Roanoke County
080,510333001469,0590,Burton Center for Arts and Technology,NA,NA,Public center - Career and Technical Ed.,NA,Salem,24153,Non-Membership,0800590,Western Virginia,6,Roanoke County
080,510333001446,0560,Cave Spring Elementary,PK,05,Public school - Regular,Elementary,Roanoke,24018,Membership,0800560,Western Virginia,6,Roanoke County
080,510333001447,0470,Cave Spring High,09,12,Public school - Regular,High,Roanoke,24018,Membership,0800470,Western Virginia,6,Roanoke County
080,510333001448,0620,Cave Spring Middle,06,08,Public school - Regular,Middle,Roanoke,24018,Membership,0800620,Western Virginia,6,Roanoke County
080,510333001449,0330,Clearbrook Elementary,PK,05,Public school - Regular,Elementary,Roanoke,24014,Membership,0800330,Western Virginia,6,Roanoke County
080,NA,9990,Community PK School,NA,NA,Public center - Alternative,NA,NA,NA,Non-Membership,0809990,Western Virginia,6,Roanoke County
080,510333001998,0040,Fort Lewis Elementary,PK,05,Public school - Regular,Elementary,Salem,24153,Membership,0800040,Western Virginia,6,Roanoke County
080,510333001455,0650,Glen Cove Elementary,PK,05,Public school - Regular,Elementary,Roanoke,24019,Membership,0800650,Western Virginia,6,Roanoke County
080,510333001456,0490,Glenvar Elementary,PK,05,Public school - Regular,Elementary,Salem,24153,Membership,0800490,Western Virginia,6,Roanoke County
080,510333001457,0610,Glenvar High,09,12,Public school - Regular,High,Salem,24153,Membership,0800610,Western Virginia,6,Roanoke County
080,510333001408,0751,Glenvar Middle,06,08,Public school - Regular,Middle,Salem,24153,Membership,0800751,Western Virginia,6,Roanoke County
080,510333002996,0591,Governor's STEM Academy at the Burton Center for Arts and Technology,NA,NA,Public center - Governor's STEM Academy,NA,Salem,24153,Non-Membership,0800591,Western Virginia,6,Roanoke County
080,510333001458,0600,Green Valley Elementary,PK,05,Public school - Regular,Elementary,Roanoke,24018,Membership,0800600,Western Virginia,6,Roanoke County
080,510333001452,0540,Herman L. Horn Elementary,PK,05,Public school - Regular,Elementary,Vinton,24179,Membership,0800540,Western Virginia,6,Roanoke County
080,510333002308,0754,Hidden Valley High,09,12,Public school - Regular,High,Roanoke,24018,Membership,0800754,Western Virginia,6,Roanoke County
080,510333001460,0010,Hidden Valley Middle,06,08,Public school - Regular,Middle,Roanoke,24018,Membership,0800010,Western Virginia,6,Roanoke County
080,NA,9991,Home Educational Services,NA,NA,Public center - Alternative,NA,NA,NA,Non-Membership,0809991,Western Virginia,6,Roanoke County
080,NA,9999,Homebased,NA,NA,Public center - Alternative,NA,NA,NA,Non-Membership,0809999,Western Virginia,6,Roanoke County
080,NA,9998,Homebound,NA,NA,Public center - Alternative,NA,NA,NA,Non-Membership,0809998,Western Virginia,6,Roanoke County
080,NA,9997,Local or Regional Jail,KG,12,Local or Regional Jail,Other,Salem,24153,Membership,0809997,Western Virginia,6,Roanoke County
080,510333001461,0530,Mason's Cove Elementary,PK,05,Public school - Regular,Elementary,Salem,24153,Membership,0800530,Western Virginia,6,Roanoke County
080,510333001464,0290,Mount Pleasant Elementary,PK,05,Public school - Regular,Elementary,Roanoke,24014,Membership,0800290,Western Virginia,6,Roanoke County
080,510333001463,0500,Mountain View Elementary,PK,05,Public school - Regular,Elementary,Roanoke,24019,Membership,0800500,Western Virginia,6,Roanoke County
080,510333001465,0520,Northside High,09,12,Public school - Regular,High,Roanoke,24019,Membership,0800520,Western Virginia,6,Roanoke County
080,510333001466,0640,Northside Middle,06,08,Public school - Regular,Middle,Roanoke,24019,Membership,0800640,Western Virginia,6,Roanoke County
080,510333001467,0480,Oak Grove Elementary,PK,05,Public school - Regular,Elementary,Roanoke,24018,Membership,0800480,Western Virginia,6,Roanoke County
080,510333001468,0050,Penn Forest Elementary,PK,05,Public school - Regular,Elementary,Roanoke,24018,Membership,0800050,Western Virginia,6,Roanoke County
080,NA,0756,RCPS Online Academy,NA,NA,Public center - Virtual,NA,NA,NA,Non-Membership,0800756,Western Virginia,6,Roanoke County
080,NA,0757,RCPS Summer School,NA,NA,Public center - Division Defined,NA,Roanoke,24019,Non-Membership,0800757,Western Virginia,6,Roanoke County
080,NA,8888,Special Situation Schools,NA,NA,Unknown,NA,NA,NA,Non-Membership,0808888,Western Virginia,6,Roanoke County
080,NA,9992,Suspension Services,NA,NA,Public center - Alternative,NA,NA,NA,Non-Membership,0809992,Western Virginia,6,Roanoke County
080,510333001459,0060,W.E. Cundiff Elementary,PK,05,Public school - Regular,Elementary,Vinton,24179,Membership,0800060,Western Virginia,6,Roanoke County
080,510333001476,0630,William Byrd High,09,12,Public school - Regular,High,Vinton,24179,Membership,0800630,Western Virginia,6,Roanoke County
080,510333001477,0232,William Byrd Middle,06,08,Public school - Regular,Middle,Vinton,24179,Membership,0800232,Western Virginia,6,Roanoke County
081,510337001479,0650,Central Elementary,PK,05,Public school - Regular,Elementary,Lexington,24450,Membership,0810650,Valley,5,Rockbridge County
081,NA,9990,Community PK School,NA,NA,Public center - Alternative,NA,NA,NA,Non-Membership,0819990,Valley,5,Rockbridge County
081,510337001481,0150,Fairfield Elementary,PK,05,Public school - Regular,Elementary,Fairfield,24435,Membership,0810150,Valley,5,Rockbridge County
081,NA,9991,Home Educational Services,NA,NA,Public center - Alternative,NA,NA,NA,Non-Membership,0819991,Valley,5,Rockbridge County
081,NA,9999,Homebased,NA,NA,Public center - Alternative,NA,NA,NA,Non-Membership,0819999,Valley,5,Rockbridge County
081,NA,9998,Homebound,NA,NA,Public center - Alternative,NA,NA,NA,Non-Membership,0819998,Valley,5,Rockbridge County
081,NA,9997,Local or Regional Jail,KG,12,Local or Regional Jail,Other,Lexington,24450,Membership,0819997,Valley,5,Rockbridge County
081,510337001871,0678,Maury River Middle,06,08,Public school - Regular,Middle,Lexington,24450,Membership,0810678,Valley,5,Rockbridge County
081,510337001485,0340,Mountain View Elementary,PK,05,Public school - Regular,Elementary,Buena Vista,24416,Membership,0810340,Valley,5,Rockbridge County
081,510337001486,0641,Natural Bridge Elementary,PK,05,Public school - Regular,Elementary,Natural Bridge Station,24579,Membership,0810641,Valley,5,Rockbridge County
081,510337000204,0022,Rockbridge County High,09,12,Public school - Regular,High,Lexington,24450,Membership,0810022,Valley,5,Rockbridge County
081,NA,8888,Special Situation Schools,NA,NA,Unknown,NA,NA,NA,Non-Membership,0818888,Valley,5,Rockbridge County
081,NA,9992,Suspension Services,NA,NA,Public center - Alternative,NA,NA,NA,Non-Membership,0819992,Valley,5,Rockbridge County
082,510339001492,0870,Broadway High,09,12,Public school - Regular,High,Broadway,22815,Membership,0820870,Valley,5,Rockingham County
082,NA,9990,Community PK School,NA,NA,Public center - Alternative,NA,NA,NA,Non-Membership,0829990,Valley,5,Rockingham County
082,510339002782,0861,Cub Run Elementary,PK,05,Public school - Regular,Elementary,Penn Laird,22846,Membership,0820861,Valley,5,Rockingham County
082,510339002803,0391,East Rockingham High,09,12,Public school - Regular,High,Elkton,22827,Membership,0820391,Valley,5,Rockingham County
082,510339001494,0400,Elkton Elementary,PK,05,Public school - Regular,Elementary,Elkton,22827,Membership,0820400,Valley,5,Rockingham County
082,510339001495,0900,Elkton Middle,06,08,Public school - Regular,Middle,Elkton,22827,Membership,0820900,Valley,5,Rockingham County
082,510339001496,0940,Fulks Run Elementary,PK,05,Public school - Regular,Elementary,Fulks Run,22830,Membership,0820940,Valley,5,Rockingham County
082,NA,9991,Home Educational Services,NA,NA,Public center - Alternative,NA,NA,NA,Non-Membership,0829991,Valley,5,Rockingham County
082,NA,9999,Homebased,NA,NA,Public center - Alternative,NA,NA,NA,Non-Membership,0829999,Valley,5,Rockingham County
082,NA,9998,Homebound,NA,NA,Public center - Alternative,NA,NA,NA,Non-Membership,0829998,Valley,5,Rockingham County
082,510339001498,0960,J. Frank Hillyard Middle,06,08,Public school - Regular,Middle,Broadway,22815,Membership,0820960,Valley,5,Rockingham County
082,NA,1100,JMU Lab School for Innovation and Career Exploration,NA,NA,Public center - Lab,NA,Harrisonburg,22801,Non-Membership,0821100,Valley,5,Rockingham County
082,510339001869,1071,John C. Myers Elementary,PK,05,Public school - Regular,Elementary,Broadway,22815,Membership,0821071,Valley,5,Rockingham County
082,510339001499,0970,John W. Wayland Elementary,PK,05,Public school - Regular,Elementary,Bridgewater,22812,Membership,0820970,Valley,5,Rockingham County
082,510339002163,0500,Lacey Spring Elementary,PK,05,Public school - Regular,Elementary,Harrisonburg,22802,Membership,0820500,Valley,5,Rockingham County
082,510339001501,0360,Linville-Edom Elementary,PK,05,Public school - Regular,Elementary,Linville,22834,Membership,0820360,Valley,5,Rockingham County
082,510339001503,0600,McGaheysville Elementary,PK,05,Public school - Regular,Elementary,McGaheysville,22840,Membership,0820600,Valley,5,Rockingham County
082,510339001975,0860,Montevideo Middle,06,08,Public school - Regular,Middle,Penn Laird,22846,Membership,0820860,Valley,5,Rockingham County
082,510339002545,0520,Mountain View Elementary,PK,05,Public school - Regular,Elementary,Harrisonburg,22801,Membership,0820520,Valley,5,Rockingham County
082,510339001507,0920,Ottobine Elementary,PK,05,Public school - Regular,Elementary,Dayton,22821,Membership,0820920,Valley,5,Rockingham County
082,510339002310,1073,Peak View Elementary,PK,05,Public school - Regular,Elementary,Penn Laird,22846,Membership,0821073,Valley,5,Rockingham County
082,510339001508,0010,Plains Elementary,PK,05,Public school - Regular,Elementary,Timberville,22853,Membership,0820010,Valley,5,Rockingham County
082,510339001509,0950,Pleasant Valley Elementary,PK,05,Public school - Regular,Elementary,Harrisonburg,22801,Membership,0820950,Valley,5,Rockingham County
082,510339002804,0390,River Bend Elementary,PK,05,Public school - Regular,Elementary,Elkton,22827,Membership,0820390,Valley,5,Rockingham County
082,NA,1050,Rockingham Academy,NA,NA,Public center - Alternative,NA,Harrisonburg,22801,Non-Membership,0821050,Valley,5,Rockingham County
082,510339000954,0830,South River Elementary,PK,05,Public school - Regular,Elementary,Grottoes,24441,Membership,0820830,Valley,5,Rockingham County
082,NA,8888,Special Situation Schools,NA,NA,Unknown,NA,NA,NA,Non-Membership,0828888,Valley,5,Rockingham County
082,510339001872,0020,Spotswood High,09,12,Public school - Regular,High,Penn Laird,22846,Membership,0820020,Valley,5,Rockingham County
082,NA,9992,Suspension Services,NA,NA,Public center - Alternative,NA,NA,NA,Non-Membership,0829992,Valley,5,Rockingham County
082,510339002164,0850,Turner Ashby High,09,12,Public school - Regular,High,Bridgewater,22812,Membership,0820850,Valley,5,Rockingham County
082,510339001511,0890,Wilbur S. Pence Middle,06,08,Public school - Regular,Middle,Dayton,22821,Membership,0820890,Valley,5,Rockingham County
083,510342001512,0580,Belfast Elementary,KG,05,Public school - Regular,Elementary,Rosedale,24280,Membership,0830580,Southwest,7,Russell County
083,510342001513,0792,Castlewood Elementary,PK,07,Public school - Regular,Elementary,Castlewood,24224,Membership,0830792,Southwest,7,Russell County
083,510342001514,0791,Castlewood High,08,12,Public school - Regular,High,Castlewood,24224,Membership,0830791,Southwest,7,Russell County
083,NA,9990,Community PK School,NA,NA,Public center - Alternative,NA,NA,NA,Non-Membership,0839990,Southwest,7,Russell County
083,NA,9991,Home Educational Services,NA,NA,Public center - Alternative,NA,NA,NA,Non-Membership,0839991,Southwest,7,Russell County
083,NA,9999,Homebased,NA,NA,Public center - Alternative,NA,NA,NA,Non-Membership,0839999,Southwest,7,Russell County
083,NA,9998,Homebound,NA,NA,Public center - Alternative,NA,NA,NA,Non-Membership,0839998,Southwest,7,Russell County
083,510342001521,0890,Honaker Elementary,PK,07,Public school - Regular,Elementary,Honaker,24260,Membership,0830890,Southwest,7,Russell County
083,510342001522,0540,Honaker High,08,12,Public school - Regular,High,Honaker,24260,Membership,0830540,Southwest,7,Russell County
083,510342001524,0410,Lebanon Elementary,02,04,Public school - Regular,Elementary,Lebanon,24266,Membership,0830410,Southwest,7,Russell County
083,510342002042,0140,Lebanon High,08,12,Public school - Regular,High,Lebanon,24266,Membership,0830140,Southwest,7,Russell County
083,510342002461,0902,Lebanon Middle,05,07,Public school - Regular,Middle,Lebanon,24266,Membership,0830902,Southwest,7,Russell County
083,510342001523,0390,Lebanon Primary,PK,01,Public school - Regular,Elementary,Lebanon,24266,Membership,0830390,Southwest,7,Russell County
083,NA,9997,Local or Regional Jail,KG,12,Local or Regional Jail,Other,Lebanon,24266,Membership,0839997,Southwest,7,Russell County
083,510342001526,0900,Russell County Voc.,NA,NA,Public center - Career and Technical Ed.,NA,Lebanon,24266,Non-Membership,0830900,Southwest,7,Russell County
083,NA,8888,Special Situation Schools,NA,NA,Unknown,NA,NA,NA,Non-Membership,0838888,Southwest,7,Russell County
083,NA,9992,Suspension Services,NA,NA,Public center - Alternative,NA,NA,NA,Non-Membership,0839992,Southwest,7,Russell County
139,NA,0610,Alternative Individualized Instructional Methods For Success (AIIMS),NA,NA,Public center - Alternative,NA,Salem,24153,Non-Membership,1390610,Western Virginia,6,Salem City
139,510346002045,0100,Andrew Lewis Middle,06,08,Public school - Regular,Middle,Salem,24153,Membership,1390100,Western Virginia,6,Salem City
139,NA,9990,Community PK School,NA,NA,Public center - Alternative,NA,NA,NA,Non-Membership,1399990,Western Virginia,6,Salem City
139,510346002047,0550,East Salem Elementary,PK,05,Public school - Regular,Elementary,Salem,24153,Membership,1390550,Western Virginia,6,Salem City
139,510346002044,0090,G.W. Carver Elementary,PK,05,Public school - Regular,Elementary,Salem,24153,Membership,1390090,Western Virginia,6,Salem City
139,NA,9991,Home Educational Services,NA,NA,Public center - Alternative,NA,NA,NA,Non-Membership,1399991,Western Virginia,6,Salem City
139,NA,9999,Homebased,NA,NA,Public center - Alternative,NA,NA,NA,Non-Membership,1399999,Western Virginia,6,Salem City
139,NA,9998,Homebound,NA,NA,Public center - Alternative,NA,NA,NA,Non-Membership,1399998,Western Virginia,6,Salem City
139,NA,9997,Local Or Regional Jail,KG,12,Local or Regional Jail,Other,Salem,24153,Membership,1399997,Western Virginia,6,Salem City
139,510346003117,0092,Salem Alternative,NA,NA,Public center - Alternative,NA,Salem,24153,Non-Membership,1390092,Western Virginia,6,Salem City
139,510346002043,0070,Salem High,09,12,Public school - Regular,High,Salem,24153,Membership,1390070,Western Virginia,6,Salem City
139,510346002048,0580,South Salem Elementary,PK,05,Public school - Regular,Elementary,Salem,24153,Membership,1390580,Western Virginia,6,Salem City
139,NA,8888,Special Situation Schools,NA,NA,Unknown,NA,Salem,24153,Non-Membership,1398888,Western Virginia,6,Salem City
139,NA,9992,Suspension Services,NA,NA,Public center - Alternative,NA,NA,NA,Non-Membership,1399992,Western Virginia,6,Salem City
139,510346003134,0350,Virginia Virtual Academy at Salem,KG,12,Public school - Virtual,Other,Salem,24153,Membership,1390350,Western Virginia,6,Salem City
139,510346002046,0460,West Salem Elementary,PK,05,Public school - Regular,Elementary,Salem,24153,Membership,1390460,Western Virginia,6,Salem City
084,NA,9990,Community PK School,NA,NA,Public center - Alternative,NA,NA,NA,Non-Membership,0849990,Southwest,7,Scott County
084,510348001528,0750,Duffield-Pattonsville Primary,PK,04,Public school - Regular,Elementary,Duffield,24244,Membership,0840750,Southwest,7,Scott County
084,510348001529,0042,Dungannon Elementary,PK,07,Public school - Regular,Elementary,Dungannon,24245,Membership,0840042,Southwest,7,Scott County
084,510348003127,0310,Fort Blackmore Center for Excellence,NA,NA,Public center - Special Education,NA,Fort Blackmore,24250,Non-Membership,0840310,Southwest,7,Scott County
084,510348001532,0770,Gate City High,09,12,Public school - Regular,High,Gate City,24251,Membership,0840770,Southwest,7,Scott County
084,510348002132,0771,Gate City Middle,07,08,Public school - Regular,Middle,Gate City,24251,Membership,0840771,Southwest,7,Scott County
084,510348001533,0670,Hilton Elementary,PK,06,Public school - Regular,Elementary,Hiltons,24258,Membership,0840670,Southwest,7,Scott County
084,NA,9991,Home Educational Services,NA,NA,Public center - Alternative,NA,NA,NA,Non-Membership,0849991,Southwest,7,Scott County
084,NA,9999,Homebased,NA,NA,Public center - Alternative,NA,NA,NA,Non-Membership,0849999,Southwest,7,Scott County
084,NA,9998,Homebound,NA,NA,Public center - Alternative,NA,NA,NA,Non-Membership,0849998,Southwest,7,Scott County
084,NA,9997,Local Or Regional Jail,KG,12,Local or Regional Jail,Other,Gate City,24251,Membership,0849997,Southwest,7,Scott County
084,510348001534,0220,Nickelsville Elementary,PK,07,Public school - Regular,Elementary,Nickelsville,24271,Membership,0840220,Southwest,7,Scott County
084,510348001536,0260,Rye Cove High,08,12,Public school - Regular,High,Duffield,24244,Membership,0840260,Southwest,7,Scott County
084,510348001535,0020,Rye Cove Intermediate,05,07,Public school - Regular,Middle,Clinchport,24244,Membership,0840020,Southwest,7,Scott County
084,510348001537,0800,Scott County Career and Technical Center,NA,NA,Public center - Career and Technical Ed.,NA,Gate City,24251,Non-Membership,0840800,Southwest,7,Scott County
084,510348001538,0641,Shoemaker Elementary,PK,06,Public school - Regular,Elementary,Gate City,24251,Membership,0840641,Southwest,7,Scott County
084,NA,8888,Special Situation Schools,NA,NA,Unknown,NA,NA,NA,Non-Membership,0848888,Southwest,7,Scott County
084,NA,9992,Suspension Services,NA,NA,Public center - Alternative,NA,NA,NA,Non-Membership,0849992,Southwest,7,Scott County
084,510348001539,0780,Twin Springs High,08,12,Public school - Regular,High,Nickelsville,24271,Membership,0840780,Southwest,7,Scott County
084,510348003096,0772,Virginia Connections Academy,06,11,Public school - Virtual,Secondary,Gate City,24251,Membership,0840772,Southwest,7,Scott County
084,510348001540,0740,Weber City Elementary,PK,06,Public school - Regular,Elementary,Weber City,24290,Membership,0840740,Southwest,7,Scott County
084,510348001541,0790,Yuma Elementary,PK,06,Public school - Regular,Elementary,Gate City,24251,Membership,0840790,Southwest,7,Scott County
085,510351001542,0820,Ashby-Lee Elementary,PK,05,Public school - Regular,Elementary,Quicksburg,22847,Membership,0850820,Northern Virginia,4,Shenandoah County
085,510351001543,0780,Central High,09,12,Public school - Regular,High,Woodstock,22664,Membership,0850780,Northern Virginia,4,Shenandoah County
085,NA,9990,Community PK School,NA,NA,Public center - Alternative,NA,NA,NA,Non-Membership,0859990,Northern Virginia,4,Shenandoah County
085,NA,9991,Home Educational Services,NA,NA,Public center - Alternative,NA,NA,NA,Non-Membership,0859991,Northern Virginia,4,Shenandoah County
085,NA,9999,Homebased,NA,NA,Public center - Alternative,NA,NA,NA,Non-Membership,0859999,Northern Virginia,4,Shenandoah County
085,NA,9998,Homebound,NA,NA,Public center - Alternative,NA,NA,NA,Non-Membership,0859998,Northern Virginia,4,Shenandoah County
085,NA,9997,Local or Regional Jail,KG,12,Local or Regional Jail,Other,Woodstock,22664,Membership,0859997,Northern Virginia,4,Shenandoah County
085,510351000581,0040,North Fork Middle,06,08,Public school - Regular,Middle,Quicksburg,22847,Membership,0850040,Northern Virginia,4,Shenandoah County
085,510351000958,0030,Peter Muhlenberg Middle,06,08,Public school - Regular,Middle,Woodstock,22664,Membership,0850030,Northern Virginia,4,Shenandoah County
085,510351001547,0810,Sandy Hook Elementary,PK,05,Public school - Regular,Elementary,Strasburg,22657,Membership,0850810,Northern Virginia,4,Shenandoah County
085,510351000221,0050,Signal Knob Middle,06,08,Public school - Regular,Middle,Strasburg,22657,Membership,0850050,Northern Virginia,4,Shenandoah County
085,NA,8888,Special Situation Schools,NA,NA,Unknown,NA,NA,NA,Non-Membership,0858888,Northern Virginia,4,Shenandoah County
085,510351001548,0790,Stonewall Jackson High,09,12,Public school - Regular,High,Quicksburg,22847,Membership,0850790,Northern Virginia,4,Shenandoah County
085,510351001549,0770,Strasburg High,09,12,Public school - Regular,High,Strasburg,22657,Membership,0850770,Northern Virginia,4,Shenandoah County
085,NA,9992,Suspension Services,NA,NA,Public center - Alternative,NA,NA,NA,Non-Membership,0859992,Northern Virginia,4,Shenandoah County
085,510351001552,0800,Triplett Business & Tech.,NA,NA,Public center - Career and Technical Ed.,NA,Mount Jackson,22842,Non-Membership,0850800,Northern Virginia,4,Shenandoah County
085,510351001554,0020,W.W. Robinson Elementary,PK,05,Public school - Regular,Elementary,Woodstock,22664,Membership,0850020,Northern Virginia,4,Shenandoah County
086,510352001556,0290,Atkins Elementary,PK,05,Public school - Regular,Elementary,Atkins,24311,Membership,0860290,Southwest,7,Smyth County
086,510352001557,0730,Chilhowie Elementary,PK,05,Public school - Regular,Elementary,Chilhowie,24319,Membership,0860730,Southwest,7,Smyth County
086,510352001558,0460,Chilhowie High,09,12,Public school - Regular,High,Chilhowie,24319,Membership,0860460,Southwest,7,Smyth County
086,510352001441,0851,Chilhowie Middle,06,08,Public school - Regular,Middle,Chilhowie,24319,Membership,0860851,Southwest,7,Smyth County
086,NA,9990,Community PK School,NA,NA,Public center - Alternative,NA,NA,NA,Non-Membership,0869990,Southwest,7,Smyth County
086,NA,9991,Home Educational Services,NA,NA,Public center - Alternative,NA,NA,NA,Non-Membership,0869991,Southwest,7,Smyth County
086,NA,9999,Homebased,NA,NA,Public center - Alternative,NA,NA,NA,Non-Membership,0869999,Southwest,7,Smyth County
086,NA,9998,Homebound,NA,NA,Public center - Alternative,NA,NA,NA,Non-Membership,0869998,Southwest,7,Smyth County
086,NA,9997,Local Or Regional Jail,KG,12,Local or Regional Jail,Other,Marion,24354,Membership,0869997,Southwest,7,Smyth County
086,510352001561,0710,Marion Elementary,PK,05,Public school - Regular,Elementary,Marion,24354,Membership,0860710,Southwest,7,Smyth County
086,510352001560,0680,Marion Middle,06,08,Public school - Regular,Middle,Marion,24354,Membership,0860680,Southwest,7,Smyth County
086,510352001562,0700,Marion Senior High,09,12,Public school - Regular,High,Marion,24354,Membership,0860700,Southwest,7,Smyth County
086,510352001563,0250,Northwood High,09,12,Public school - Regular,High,Saltville,24370,Membership,0860250,Southwest,7,Smyth County
086,510352001411,0120,Northwood Middle,06,08,Public school - Regular,Middle,Saltville,24370,Membership,0860120,Southwest,7,Smyth County
086,510352001559,0690,Oak Point Elementary,PK,05,Public school - Regular,Elementary,Marion,24354,Membership,0860690,Southwest,7,Smyth County
086,510352001564,0720,Rich Valley Elementary,PK,05,Public school - Regular,Elementary,Saltville,24370,Membership,0860720,Southwest,7,Smyth County
086,510352001566,0740,Saltville Elementary,PK,05,Public school - Regular,Elementary,Saltville,24370,Membership,0860740,Southwest,7,Smyth County
086,510352001567,0750,Smyth County Career & Technical Center,NA,NA,Public center - Career and Technical Ed.,NA,Marion,24354,Non-Membership,0860750,Southwest,7,Smyth County
086,510352003148,0770,Smyth County Virtual,KG,02,Public school - Virtual,Elementary,Marion,24354,Membership,0860770,Southwest,7,Smyth County
086,NA,8888,Special Situation Schools,NA,NA,Unknown,NA,NA,NA,Non-Membership,0868888,Southwest,7,Smyth County
086,510352003011,0555,Sugar Grove Elementary,PK,05,Public school - Regular,Elementary,Sugar Grove,24375,Membership,0860555,Southwest,7,Smyth County
086,NA,9992,Suspension Services,NA,NA,Public center - Alternative,NA,NA,NA,Non-Membership,0869992,Southwest,7,Smyth County
087,510360001573,0710,Capron Elementary,PK,05,Public school - Regular,Elementary,Capron,23829,Membership,0870710,Tidewater,2,Southampton County
087,NA,9990,Community PK School,NA,NA,Public center - Alternative,NA,NA,NA,Non-Membership,0879990,Tidewater,2,Southampton County
087,510360002846,0900,Fresh Start Center,NA,NA,Public center - Alternative,NA,Franklin,23851,Non-Membership,0870900,Tidewater,2,Southampton County
087,NA,9991,Home Educational Services,NA,NA,Public center - Alternative,NA,NA,NA,Non-Membership,0879991,Tidewater,2,Southampton County
087,NA,9999,Homebased,NA,NA,Public center - Alternative,NA,NA,NA,Non-Membership,0879999,Tidewater,2,Southampton County
087,NA,9998,Homebound,NA,NA,Public center - Alternative,NA,NA,NA,Non-Membership,0879998,Tidewater,2,Southampton County
087,NA,9997,Local or Regional Jail,KG,12,Local or Regional Jail,Other,Courtland,23837,Membership,0879997,Tidewater,2,Southampton County
087,510360002312,0020,Meherrin Elementary,PK,05,Public school - Regular,Elementary,Newsoms,23874,Membership,0870020,Tidewater,2,Southampton County
087,510360002313,0010,Nottoway Elementary,PK,05,Public school - Regular,Elementary,Sedley,23878,Membership,0870010,Tidewater,2,Southampton County
087,510360001577,0780,Riverdale Elementary,PK,05,Public school - Regular,Elementary,Courtland,23837,Membership,0870780,Tidewater,2,Southampton County
087,510360001582,0690,Southampton High,09,12,Public school - Regular,High,Courtland,23837,Membership,0870690,Tidewater,2,Southampton County
087,510360001583,0700,Southampton Middle,06,08,Public school - Regular,Middle,Courtland,23837,Membership,0870700,Tidewater,2,Southampton County
087,NA,8888,Special Situation Schools,NA,NA,Unknown,NA,NA,NA,Non-Membership,0878888,Tidewater,2,Southampton County
087,NA,9992,Suspension Services,NA,NA,Public center - Alternative,NA,NA,NA,Non-Membership,0879992,Tidewater,2,Southampton County
088,510364001584,0010,Battlefield Elementary,PK,05,Public school - Regular,Elementary,Fredericksburg,22407,Membership,0880010,Northern Neck,3,Spotsylvania County
088,510364001585,0050,Battlefield Middle,06,08,Public school - Regular,Middle,Fredericksburg,22407,Membership,0880050,Northern Neck,3,Spotsylvania County
088,510364001586,0340,Berkeley Elementary,PK,05,Public school - Regular,Elementary,Spotsylvania,22553,Membership,0880340,Northern Neck,3,Spotsylvania County
088,510364000263,0400,Brock Road Elementary,PK,05,Public school - Regular,Elementary,Spotsylvania,22553,Membership,0880400,Northern Neck,3,Spotsylvania County
088,510364002768,0511,Cedar Forest Elementary,PK,05,Public school - Regular,Elementary,Fredericksburg,22408,Membership,0880511,Northern Neck,3,Spotsylvania County
088,510364001587,0040,Chancellor Elementary,PK,05,Public school - Regular,Elementary,Fredericksburg,22407,Membership,0880040,Northern Neck,3,Spotsylvania County
088,510364002134,0381,Chancellor High,09,12,Public school - Regular,High,Fredericksburg,22407,Membership,0880381,Northern Neck,3,Spotsylvania County
088,510364002165,0382,Chancellor Middle,06,08,Public school - Regular,Middle,Fredericksburg,22407,Membership,0880382,Northern Neck,3,Spotsylvania County
088,NA,9990,Community PK School,NA,NA,Public center - Alternative,NA,NA,NA,Non-Membership,0889990,Northern Neck,3,Spotsylvania County
088,510364002749,0816,Courthouse Academy Program,NA,NA,Public center - Special Education,NA,Fredericksburg,22407,Non-Membership,0880816,Northern Neck,3,Spotsylvania County
088,510364000969,0501,Courthouse Road Elementary,PK,05,Public school - Regular,Elementary,Spotsylvania,22553,Membership,0880501,Northern Neck,3,Spotsylvania County
088,510364002133,0022,Courtland Elementary,PK,05,Public school - Regular,Elementary,Spotsylvania,22553,Membership,0880022,Northern Neck,3,Spotsylvania County
088,510364001873,0020,Courtland High,09,12,Public school - Regular,High,Fredericksburg,22408,Membership,0880020,Northern Neck,3,Spotsylvania County
088,510364002420,0509,Freedom Middle,06,08,Public school - Regular,Middle,Fredericksburg,22407,Membership,0880509,Northern Neck,3,Spotsylvania County
088,510364002821,0820,Gateway Academy,NA,NA,Public center - Special Education,NA,Fredericksburg,22407,Non-Membership,0880820,Northern Neck,3,Spotsylvania County
088,510364002317,0507,Harrison Road Elementary,PK,05,Public school - Regular,Elementary,Fredericksburg,22407,Membership,0880507,Northern Neck,3,Spotsylvania County
088,NA,9991,Home Educational Services,NA,NA,Public center - Alternative,NA,NA,NA,Non-Membership,0889991,Northern Neck,3,Spotsylvania County
088,NA,9999,Homebased,NA,NA,Public center - Alternative,NA,NA,NA,Non-Membership,0889999,Northern Neck,3,Spotsylvania County
088,NA,9998,Homebound,NA,NA,Public center - Alternative,NA,NA,NA,Non-Membership,0889998,Northern Neck,3,Spotsylvania County
088,510364002793,0221,John J. Wright Educational And Cultural Center,NA,NA,Public center - Alternative,NA,Fredericksburg,22407,Non-Membership,0880221,Northern Neck,3,Spotsylvania County
088,510364001589,0030,Lee Hill Elementary,PK,05,Public school - Regular,Elementary,Fredericksburg,22408,Membership,0880030,Northern Neck,3,Spotsylvania County
088,510364001590,0350,Livingston Elementary,PK,05,Public school - Regular,Elementary,Spotsylvania,22551,Membership,0880350,Northern Neck,3,Spotsylvania County
088,510364001881,0506,Massaponax High,09,12,Public school - Regular,High,Fredericksburg,22407,Membership,0880506,Northern Neck,3,Spotsylvania County
088,510364001922,0505,Ni River Middle,06,08,Public school - Regular,Middle,Spotsylvania,22553,Membership,0880505,Northern Neck,3,Spotsylvania County
088,510364002318,0508,Parkside Elementary,PK,05,Public school - Regular,Elementary,Fredericksburg,22407,Membership,0880508,Northern Neck,3,Spotsylvania County
088,510364001588,0220,Post Oak Middle,06,08,Public school - Regular,Middle,Spotsylvania,22553,Membership,0880220,Northern Neck,3,Spotsylvania County
088,510364001190,0800,QUEST Alternative Education Program,NA,NA,Public center - Alternative,NA,Fredericksburg,22407,Non-Membership,0880800,Northern Neck,3,Spotsylvania County
088,510364002462,0510,Riverbend High,09,12,Public school - Regular,High,Fredericksburg,22407,Membership,0880510,Northern Neck,3,Spotsylvania County
088,510364000987,0503,Riverview Elementary,PK,05,Public school - Regular,Elementary,Spotsylvania,22553,Membership,0880503,Northern Neck,3,Spotsylvania County
088,510364001874,0060,Salem Elementary,PK,05,Public school - Regular,Elementary,Fredericksburg,22407,Membership,0880060,Northern Neck,3,Spotsylvania County
088,510364000227,0390,Smith Station Elementary,PK,05,Public school - Regular,Elementary,Fredericksburg,22407,Membership,0880390,Northern Neck,3,Spotsylvania County
088,NA,8888,Special Situation Schools,NA,NA,Unknown,NA,NA,NA,Non-Membership,0888888,Northern Neck,3,Spotsylvania County
088,510364001592,0360,Spotswood Elementary,PK,05,Public school - Regular,Elementary,Fredericksburg,22408,Membership,0880360,Northern Neck,3,Spotsylvania County
088,510364002640,0900,Spotsylvania Career Switcher Program,NA,NA,Unknown,NA,Fredericksburg,22407,Non-Membership,0880900,Northern Neck,3,Spotsylvania County
088,510364001875,0021,Spotsylvania Career and Technical Center,NA,NA,Public center - Career and Technical Ed.,NA,Spotsylvania,22553,Non-Membership,0880021,Northern Neck,3,Spotsylvania County
088,510364001591,0130,Spotsylvania Elementary,PK,05,Public school - Regular,Elementary,Spotsylvania,22553,Membership,0880130,Northern Neck,3,Spotsylvania County
088,510364001593,0370,Spotsylvania High,09,12,Public school - Regular,High,Spotsylvania,22551,Membership,0880370,Northern Neck,3,Spotsylvania County
088,510364001999,0330,Spotsylvania Middle,06,08,Public school - Regular,Middle,Spotsylvania,22553,Membership,0880330,Northern Neck,3,Spotsylvania County
088,NA,9992,Suspension Services,NA,NA,Public center - Alternative,NA,NA,NA,Non-Membership,0889992,Northern Neck,3,Spotsylvania County
088,510364000981,0502,Thornburg Middle,06,08,Public school - Regular,Middle,Spotsylvania,22551,Membership,0880502,Northern Neck,3,Spotsylvania County
088,510364001870,0504,Wilderness Elementary,PK,05,Public school - Regular,Elementary,Spotsylvania,22553,Membership,0880504,Northern Neck,3,Spotsylvania County
089,510366001978,0040,Andrew G. Wright Middle,06,08,Public school - Regular,Middle,Stafford,22556,Membership,0890040,Northern Neck,3,Stafford County
089,510366001594,0260,Anne E. Moncure Elementary,KG,05,Public school - Regular,Elementary,Stafford,22556,Membership,0890260,Northern Neck,3,Stafford County
089,510366002601,0433,Anthony Burns Elementary,KG,05,Public school - Regular,Elementary,Stafford,22554,Membership,0890433,Northern Neck,3,Stafford County
089,510366000591,0421,Brooke Point High,09,12,Public school - Regular,High,Stafford,22554,Membership,0890421,Northern Neck,3,Stafford County
089,510366001923,0424,Colonial Forge High,09,12,Public school - Regular,High,Stafford,22554,Membership,0890424,Northern Neck,3,Stafford County
089,NA,9990,Community PK School,NA,NA,Public center - Alternative,NA,NA,NA,Non-Membership,0899990,Northern Neck,3,Stafford County
089,510366002465,0431,Conway Elementary,KG,05,Public school - Regular,Elementary,Fredericksburg,22405,Membership,0890431,Northern Neck,3,Stafford County
089,510366002600,0432,Donald B. Dixon-Lyle R. Smith Middle,06,08,Public school - Regular,Middle,Fredericksburg,22405,Membership,0890432,Northern Neck,3,Stafford County
089,510366001595,0010,Edward E. Drew Jr. Middle,06,08,Public school - Regular,Middle,Falmouth,22405,Membership,0890010,Northern Neck,3,Stafford County
089,510366001596,0280,Falmouth Elementary,KG,05,Public school - Regular,Elementary,Falmouth,22405,Membership,0890280,Northern Neck,3,Stafford County
089,510366001597,0230,Ferry Farm Elementary,PK,05,Public school - Regular,Elementary,Fredericksburg,22405,Membership,0890230,Northern Neck,3,Stafford County
089,NA,0428,Gari Melchers Complex,NA,NA,SNP feeding site,NA,Fredericksburg,22406,Non-Membership,0890428,Northern Neck,3,Stafford County
089,510366002084,0041,Garrisonville Elementary,KG,05,Public school - Regular,Elementary,Stafford,22556,Membership,0890041,Northern Neck,3,Stafford County
089,510366001598,0270,Grafton Village Elementary,KG,05,Public school - Regular,Elementary,Falmouth,22405,Membership,0890270,Northern Neck,3,Stafford County
089,510366001199,0422,H.H. Poole Middle,06,08,Public school - Regular,Middle,Stafford,22554,Membership,0890422,Northern Neck,3,Stafford County
089,510366000265,0320,Hampton Oaks Elementary,KG,05,Public school - Regular,Elementary,Stafford,22554,Membership,0890320,Northern Neck,3,Stafford County
089,510366001599,0250,Hartwood Elementary,KG,05,Public school - Regular,Elementary,Hartwood,22406,Membership,0890250,Northern Neck,3,Stafford County
089,NA,9991,Home Educational Services,NA,NA,Public center - Alternative,NA,NA,NA,Non-Membership,0899991,Northern Neck,3,Stafford County
089,NA,9999,Homebased,NA,NA,Public center - Alternative,NA,NA,NA,Non-Membership,0899999,Northern Neck,3,Stafford County
089,NA,9998,Homebound,NA,NA,Public center - Alternative,NA,NA,NA,Non-Membership,0899998,Northern Neck,3,Stafford County
089,510366002320,0427,Kate Waller Barrett Elementary,KG,05,Public school - Regular,Elementary,Stafford,22554,Membership,0890427,Northern Neck,3,Stafford County
089,NA,9997,Local or Regional Jail,KG,12,Local or Regional Jail,Other,Stafford,22554,Membership,0899997,Northern Neck,3,Stafford County
089,510366002463,0429,Margaret Brent Elementary,KG,05,Public school - Regular,Elementary,Stafford,22556,Membership,0890429,Northern Neck,3,Stafford County
089,510366002464,0430,Mountain View High,09,12,Public school - Regular,High,Stafford,22556,Membership,0890430,Northern Neck,3,Stafford County
089,510366001979,0030,North Stafford High,09,12,Public school - Regular,High,Stafford,22556,Membership,0890030,Northern Neck,3,Stafford County
089,510366003064,0992,North Star Early Childhood Education Center,PK,PK,Public school - Preschool,Prekindergarten,Stafford,22556,Membership,0890992,Northern Neck,3,Stafford County
089,510366002201,0300,Park Ridge Elementary,KG,05,Public school - Regular,Elementary,Stafford,22554,Membership,0890300,Northern Neck,3,Stafford County
089,510366003049,0910,Phoenix Center for Innovative Learning,NA,NA,Public center - Alternative,NA,Fredericksburg,22406,Non-Membership,0890910,Northern Neck,3,Stafford County
089,510366003069,0920,Rising Star Early Childhood Education Center at Melchers,PK,PK,Public school - Preschool,Prekindergarten,Fredericksburg,22405,Membership,0890920,Northern Neck,3,Stafford County
089,510366002135,0060,Rockhill Elementary,KG,05,Public school - Regular,Elementary,Stafford,22556,Membership,0890060,Northern Neck,3,Stafford County
089,510366002547,0425,Rocky Run Elementary,KG,05,Public school - Regular,Elementary,Fredericksburg,22406,Membership,0890425,Northern Neck,3,Stafford County
089,510366002548,0426,Rodney E. Thompson Middle,06,08,Public school - Regular,Middle,Stafford,22554,Membership,0890426,Northern Neck,3,Stafford County
089,510366002781,0440,Shirley C. Heim Middle,06,08,Public school - Regular,Middle,Stafford,22554,Membership,0890440,Northern Neck,3,Stafford County
089,NA,8888,Special Situation Schools,NA,NA,Unknown,NA,NA,NA,Non-Membership,0898888,Northern Neck,3,Stafford County
089,510366002984,0900,Stafford Academy for Technolgy (STAT),NA,NA,Public center - Governor's STEM Academy,NA,Stafford,22554,Non-Membership,0890900,Northern Neck,3,Stafford County
089,510366001600,0111,Stafford Elementary,KG,05,Public school - Regular,Elementary,Stafford,22554,Membership,0890111,Northern Neck,3,Stafford County
089,510366001601,0112,Stafford Middle,06,08,Public school - Regular,Middle,Stafford,22554,Membership,0890112,Northern Neck,3,Stafford County
089,510366001602,0020,Stafford Senior High,09,12,Public school - Regular,High,Fredericksburg,22405,Membership,0890020,Northern Neck,3,Stafford County
089,NA,9992,Suspension Services,NA,NA,Public center - Alternative,NA,NA,NA,Non-Membership,0899992,Northern Neck,3,Stafford County
089,510366001603,0162,T. Benton Gayle Middle,06,08,Public school - Regular,Middle,Fredericksburg,22406,Membership,0890162,Northern Neck,3,Stafford County
089,510366002106,0050,Widewater Elementary,KG,05,Public school - Regular,Elementary,Stafford,22554,Membership,0890050,Northern Neck,3,Stafford County
089,510366001634,0423,Winding Creek Elementary,KG,05,Public school - Regular,Elementary,Stafford,22554,Membership,0890423,Northern Neck,3,Stafford County
126,510369001610,0040,Arthur R. Ware Elementary,KG,05,Public school - Regular,Elementary,Staunton,24401,Membership,1260040,Valley,5,Staunton City
126,510369001604,0070,Bessie Weller Elementary,KG,05,Public school - Regular,Elementary,Staunton,24401,Membership,1260070,Valley,5,Staunton City
126,NA,9990,Community PK School,NA,NA,Public center - Alternative,NA,NA,NA,Non-Membership,1269990,Valley,5,Staunton City
126,NA,9991,Home Educational Services,NA,NA,Public center - Alternative,NA,NA,NA,Non-Membership,1269991,Valley,5,Staunton City
126,NA,9999,Homebased,NA,NA,Public center - Alternative,NA,NA,NA,Non-Membership,1269999,Valley,5,Staunton City
126,NA,9998,Homebound,NA,NA,Public center - Alternative,NA,NA,NA,Non-Membership,1269998,Valley,5,Staunton City
126,NA,9997,Local or Regional Jail,KG,12,Local or Regional Jail,Other,Staunton,24401,Membership,1269997,Valley,5,Staunton City
126,510369001607,0110,Shelburne Middle,06,08,Public school - Regular,Middle,Staunton,24401,Membership,1260110,Valley,5,Staunton City
126,NA,8888,Special Situation Schools,NA,NA,Unknown,NA,NA,NA,Non-Membership,1268888,Valley,5,Staunton City
126,510369002828,0041,Staunton City School PreSchool Programs,PK,PK,Public school - Preschool,Prekindergarten,Staunton,24401,Membership,1260041,Valley,5,Staunton City
126,510369001606,0030,Staunton High,09,12,Public school - Regular,High,Staunton,24401,Membership,1260030,Valley,5,Staunton City
126,NA,9992,Suspension Services,NA,NA,Public center - Alternative,NA,NA,NA,Non-Membership,1269992,Valley,5,Staunton City
126,510369001608,0090,Thomas C. McSwain Elementary,KG,05,Public school - Regular,Elementary,Staunton,24401,Membership,1260090,Valley,5,Staunton City
127,510371001613,0050,Booker T. Washington Elementary,PK,05,Public school - Regular,Elementary,Suffolk,23434,Membership,1270050,Tidewater,2,Suffolk City
127,510371003058,0397,Colonel Fred Cherry Middle,06,08,Public school - Regular,Middle,SUFFOLK,23435,Membership,1270397,Tidewater,2,Suffolk City
127,NA,9990,Community PK School,NA,NA,Public center - Alternative,NA,NA,NA,Non-Membership,1279990,Tidewater,2,Suffolk City
127,510371002630,0440,Creekside Elementary,PK,05,Public school - Regular,Elementary,Suffolk,23435,Membership,1270440,Tidewater,2,Suffolk City
127,NA,0398,Elementary School Virtual Center,NA,NA,Public center - Virtual,NA,Suffolk,23434,Non-Membership,1270398,Tidewater,2,Suffolk City
127,510371001876,0210,Elephant's Fork Elementary,PK,05,Public school - Regular,Elementary,Suffolk,23434,Membership,1270210,Tidewater,2,Suffolk City
127,510371003070,0130,FIRST Academy,NA,NA,Public center - Governor's STEM Academy,NA,Suffolk,23434,Non-Membership,1270130,Tidewater,2,Suffolk City
127,510371001615,0090,Florence Bowser Elementary,PK,05,Public school - Regular,Elementary,Suffolk,23435,Membership,1270090,Tidewater,2,Suffolk City
127,510371001619,0390,Forest Glen Middle,06,08,Public school - Regular,Middle,Suffolk,23434,Membership,1270390,Tidewater,2,Suffolk City
127,NA,0399,High School Virtual Center,NA,NA,Public center - Virtual,NA,Suffolk,23434,Non-Membership,1270399,Tidewater,2,Suffolk City
127,510371002777,0450,Hillpoint Elementary,PK,05,Public school - Regular,Elementary,Suffolk,23434,Membership,1270450,Tidewater,2,Suffolk City
127,NA,9991,Home Educational Services,NA,NA,Public center - Alternative,NA,NA,NA,Non-Membership,1279991,Tidewater,2,Suffolk City
127,NA,9999,Homebased,NA,NA,Public center - Alternative,NA,NA,NA,Non-Membership,1279999,Tidewater,2,Suffolk City
127,NA,9998,Homebound,NA,NA,Public center - Alternative,NA,NA,NA,Non-Membership,1279998,Tidewater,2,Suffolk City
127,510371001621,0370,John F. Kennedy Middle,06,08,Public school - Regular,Middle,Suffolk,23434,Membership,1270370,Tidewater,2,Suffolk City
127,510371001623,0380,John Yeates Middle,06,08,Public school - Regular,Middle,Suffolk,23435,Membership,1270380,Tidewater,2,Suffolk City
127,510371001877,0230,Kilby Shores Elementary,PK,05,Public school - Regular,Elementary,Suffolk,23434,Membership,1270230,Tidewater,2,Suffolk City
127,510371002426,0395,King's Fork High,09,12,Public school - Regular,High,Suffolk,23434,Membership,1270395,Tidewater,2,Suffolk City
127,510371002321,0393,King's Fork Middle,06,08,Public school - Regular,Middle,Suffolk,23434,Membership,1270393,Tidewater,2,Suffolk City
127,510371002219,0300,Lakeland High,09,12,Public school - Regular,High,Suffolk,23434,Membership,1270300,Tidewater,2,Suffolk City
127,NA,9997,Local Or Regional Jail,KG,12,Local or Regional Jail,Other,Suffolk,23439,Membership,1279997,Tidewater,2,Suffolk City
127,510371001895,0330,Mack Benn Jr. Elementary,PK,05,Public school - Regular,Elementary,Suffolk,23434,Membership,1270330,Tidewater,2,Suffolk City
127,NA,0400,Middle School Virtual Center,NA,NA,Public center - Virtual,NA,Suffolk,23434,Non-Membership,1270400,Tidewater,2,Suffolk City
127,510371001878,0220,Nansemond Parkway Elementary,PK,05,Public school - Regular,Elementary,Suffolk,23434,Membership,1270220,Tidewater,2,Suffolk City
127,510371002218,0240,Nansemond River High,09,12,Public school - Regular,High,Suffolk,23435,Membership,1270240,Tidewater,2,Suffolk City
127,510371001475,0391,Northern Shores Elementary,PK,05,Public school - Regular,Elementary,Suffolk,23435,Membership,1270391,Tidewater,2,Suffolk City
127,510371001626,0070,Oakland Elementary,PK,05,Public school - Regular,Elementary,Suffolk,23434,Membership,1270070,Tidewater,2,Suffolk City
127,NA,1150,STEM Academy at Booker T. Washington,NA,NA,Public center - Lab,NA,Suffolk,23434,Non-Membership,1271150,Tidewater,2,Suffolk City
127,510371001629,0047,Southwestern Elementary,PK,05,Public school - Regular,Elementary,Suffolk,23437,Membership,1270047,Tidewater,2,Suffolk City
127,NA,8888,Special Situation Schools,NA,NA,Unknown,NA,NA,NA,Non-Membership,1278888,Tidewater,2,Suffolk City
127,NA,0394,Suffolk Re-Ed,NA,NA,SNP feeding site,NA,Suffolk,23434,Non-Membership,1270394,Tidewater,2,Suffolk City
127,NA,9992,Suspension Services,NA,NA,Public center - Alternative,NA,NA,NA,Non-Membership,1279992,Tidewater,2,Suffolk City
127,510371003045,0396,The College and Career Academy at Pruden,NA,NA,Public center - Governor's STEM Academy,NA,Suffolk,23434,Non-Membership,1270396,Tidewater,2,Suffolk City
127,510371002555,0392,Turlington Woods Alternative,NA,NA,Public center - Alternative,NA,Suffolk,23434,Non-Membership,1270392,Tidewater,2,Suffolk City
090,NA,9990,Community PK School,NA,NA,Public center - Alternative,NA,NA,NA,Non-Membership,0909990,Central Virginia,1,Surry County
090,NA,9991,Home Educational Services,NA,NA,Public center - Alternative,NA,NA,NA,Non-Membership,0909991,Central Virginia,1,Surry County
090,NA,9999,Homebased,NA,NA,Public center - Alternative,NA,NA,NA,Non-Membership,0909999,Central Virginia,1,Surry County
090,NA,9998,Homebound,NA,NA,Public center - Alternative,NA,NA,NA,Non-Membership,0909998,Central Virginia,1,Surry County
090,510375001201,0030,Luther P. Jackson Middle,05,08,Public school - Regular,Middle,Dendron,23839,Membership,0900030,Central Virginia,1,Surry County
090,NA,8888,Special Situation Schools,NA,NA,Unknown,NA,NA,NA,Non-Membership,0908888,Central Virginia,1,Surry County
090,510375001635,0010,Surry County High,09,12,Public school - Regular,High,Dendron,23839,Membership,0900010,Central Virginia,1,Surry County
090,510375002002,0020,Surry Elementary,PK,04,Public school - Regular,Elementary,Dendron,23839,Membership,0900020,Central Virginia,1,Surry County
090,NA,9992,Suspension Services,NA,NA,Public center - Alternative,NA,NA,NA,Non-Membership,0909992,Central Virginia,1,Surry County
091,NA,9990,Community PK School,NA,NA,Public center - Alternative,NA,NA,NA,Non-Membership,0919990,Central Virginia,1,Sussex County
091,NA,9991,Home Educational Services,NA,NA,Public center - Alternative,NA,NA,NA,Non-Membership,0919991,Central Virginia,1,Sussex County
091,NA,9999,Homebased,NA,NA,Public center - Alternative,NA,NA,NA,Non-Membership,0919999,Central Virginia,1,Sussex County
091,NA,9998,Homebound,NA,NA,Public center - Alternative,NA,NA,NA,Non-Membership,0919998,Central Virginia,1,Sussex County
091,NA,9997,Local or Regional Jail,KG,12,Local or Regional Jail,Other,Sussex,23884,Membership,0919997,Central Virginia,1,Sussex County
091,NA,8888,Special Situation Schools,NA,NA,Unknown,NA,NA,NA,Non-Membership,0918888,Central Virginia,1,Sussex County
091,NA,9992,Suspension Services,NA,NA,Public center - Alternative,NA,NA,NA,Non-Membership,0919992,Central Virginia,1,Sussex County
091,510378002959,0483,Sussex Central Elementary,PK,05,Public school - Regular,Elementary,Stony Creek,23882,Membership,0910483,Central Virginia,1,Sussex County
091,510378001643,0340,Sussex Central High,09,12,Public school - Regular,High,Stony Creek,23882,Membership,0910340,Central Virginia,1,Sussex County
091,510378002962,0482,Sussex Central Middle,06,08,Public school - Regular,Middle,Stony Creek,23882,Membership,0910482,Central Virginia,1,Sussex County
092,510381001645,1020,Abb's Valley-Boissevain Elementary,KG,05,Public school - Regular,Elementary,Boissevain,24606,Membership,0921020,Southwest,7,Tazewell County
092,510381001648,0830,Cedar Bluff Elementary,PK,05,Public school - Regular,Elementary,Cedar Bluff,24609,Membership,0920830,Southwest,7,Tazewell County
092,NA,9990,Community PK School,NA,NA,Public center - Alternative,NA,NA,NA,Non-Membership,0929990,Southwest,7,Tazewell County
092,510381001650,0750,Dudley Primary,PK,01,Public school - Regular,Elementary,Bluefield,24605,Membership,0920750,Southwest,7,Tazewell County
092,510381001653,0940,Graham High,09,12,Public school - Regular,High,Bluefield,24605,Membership,0920940,Southwest,7,Tazewell County
092,510381001652,0960,Graham Intermediate,02,05,Public school - Regular,Elementary,Bluefield,24605,Membership,0920960,Southwest,7,Tazewell County
092,510381001654,0010,Graham Middle,06,08,Public school - Regular,Middle,Bluefield,24605,Membership,0920010,Southwest,7,Tazewell County
092,NA,9991,Home Educational Services,NA,NA,Public center - Alternative,NA,NA,NA,Non-Membership,0929991,Southwest,7,Tazewell County
092,NA,9999,Homebased,NA,NA,Public center - Alternative,NA,NA,NA,Non-Membership,0929999,Southwest,7,Tazewell County
092,NA,9998,Homebound,NA,NA,Public center - Alternative,NA,NA,NA,Non-Membership,0929998,Southwest,7,Tazewell County
092,NA,9997,Local or Regional Jail,09,12,Local or Regional Jail,High,Tazewell,24651,Membership,0929997,Southwest,7,Tazewell County
092,510381001660,0822,Richlands Elementary,PK,05,Public school - Regular,Elementary,Richlands,24641,Membership,0920822,Southwest,7,Tazewell County
092,510381001661,0821,Richlands High,09,12,Public school - Regular,High,Richlands,24641,Membership,0920821,Southwest,7,Tazewell County
092,510381001662,0823,Richlands Middle,06,08,Public school - Regular,Middle,Richlands,24614,Membership,0920823,Southwest,7,Tazewell County
092,NA,8888,Special Situation Schools,NA,NA,Unknown,NA,NA,NA,Non-Membership,0928888,Southwest,7,Tazewell County
092,NA,9992,Suspension Services,NA,NA,Public center - Alternative,NA,NA,NA,Non-Membership,0929992,Southwest,7,Tazewell County
092,510381001666,1050,Tazewell County Career & Technical Center,NA,NA,Public center - Career and Technical Ed.,NA,Tazewell,24651,Non-Membership,0921050,Southwest,7,Tazewell County
092,510381001668,0890,Tazewell High,09,12,Public school - Regular,High,Tazewell,24651,Membership,0920890,Southwest,7,Tazewell County
092,510381001657,0450,Tazewell Intermediate,03,05,Public school - Regular,Elementary,North Tazewell,24630,Membership,0920450,Southwest,7,Tazewell County
092,510381001669,0100,Tazewell Middle,06,08,Public school - Regular,Middle,Tazewell,24651,Membership,0920100,Southwest,7,Tazewell County
092,510381001667,1030,Tazewell Primary,PK,02,Public school - Regular,Elementary,Tazewell,24651,Membership,0921030,Southwest,7,Tazewell County
128,510384000684,1042,Adult Learning Ctr.,NA,NA,Public center - Alternative,NA,Virginia Beach,23462,Non-Membership,1281042,Tidewater,2,Virginia Beach City
128,510384002430,1048,Advanced Technology Center,NA,NA,Public center - Career and Technical Ed.,NA,Virginia Beach,23453,Non-Membership,1281048,Tidewater,2,Virginia Beach City
128,510384001671,0590,Alanton Elementary,PK,05,Public school - Regular,Elementary,Virginia Beach,23454,Membership,1280590,Tidewater,2,Virginia Beach City
128,510384003132,0215,An Achievable Dream Academy,NA,NA,Public center - Alternative,NA,Virginia Beach,23454,Non-Membership,1280215,Tidewater,2,Virginia Beach City
128,510384001673,0550,Arrowhead Elementary,PK,05,Public school - Regular,Elementary,Virginia Beach,23462,Membership,1280550,Tidewater,2,Virginia Beach City
128,510384001674,0280,Bayside Elementary,PK,05,Public school - Regular,Elementary,Virginia Beach,23455,Membership,1280280,Tidewater,2,Virginia Beach City
128,510384001675,0530,Bayside High,09,12,Public school - Regular,High,Virginia Beach,23455,Membership,1280530,Tidewater,2,Virginia Beach City
128,510384001676,0700,Bayside Middle,06,08,Public school - Regular,Middle,Virginia Beach,23462,Membership,1280700,Tidewater,2,Virginia Beach City
128,510384002085,0060,Birdneck Elementary,PK,05,Public school - Regular,Elementary,Virginia Beach,23451,Membership,1280060,Tidewater,2,Virginia Beach City
128,510384001677,0790,Brandon Middle,06,08,Public school - Regular,Middle,Virginia Beach,23464,Membership,1280790,Tidewater,2,Virginia Beach City
128,510384001678,0630,Brookwood Elementary,PK,05,Public school - Regular,Elementary,Virginia Beach,23452,Membership,1280630,Tidewater,2,Virginia Beach City
128,510384002010,0040,Centerville Elementary,PK,05,Public school - Regular,Elementary,Virginia Beach,23464,Membership,1280040,Tidewater,2,Virginia Beach City
128,510384001656,0990,Christopher Farms Elementary,PK,05,Public school - Regular,Elementary,Virginia Beach,23453,Membership,1280990,Tidewater,2,Virginia Beach City
128,510384001680,0720,College Park Elementary,PK,05,Public school - Regular,Elementary,Virginia Beach,23464,Membership,1280720,Tidewater,2,Virginia Beach City
128,NA,9990,Community PK School,NA,NA,Public center - Alternative,NA,NA,NA,Non-Membership,1289990,Tidewater,2,Virginia Beach City
128,510384000675,1041,Corporate Landing Elementary,PK,05,Public school - Regular,Elementary,Virginia Beach,23454,Membership,1281041,Tidewater,2,Virginia Beach City
128,510384001639,0980,Corporate Landing Middle,06,08,Public school - Regular,Middle,Virginia Beach,23454,Membership,1280980,Tidewater,2,Virginia Beach City
128,510384001682,0230,Creeds Elementary,PK,05,Public school - Regular,Elementary,Virginia Beach,23457,Membership,1280230,Tidewater,2,Virginia Beach City
128,510384002770,0106,Diamond Springs Elementary,PK,01,Public school - Regular,Elementary,Virginia Beach,23462,Membership,1280106,Tidewater,2,Virginia Beach City
128,510384001683,0780,Fairfield Elementary,PK,05,Public school - Regular,Elementary,Virginia Beach,23464,Membership,1280780,Tidewater,2,Virginia Beach City
128,510384001684,0610,First Colonial High,09,12,Public school - Regular,High,Virginia Beach,23454,Membership,1280610,Tidewater,2,Virginia Beach City
128,510384001685,0440,Floyd Kellam High,09,12,Public school - Regular,High,Virginia Beach,23456,Membership,1280440,Tidewater,2,Virginia Beach City
128,510384002049,0030,Frank W. Cox High,09,12,Public school - Regular,High,Virginia Beach,23454,Membership,1280030,Tidewater,2,Virginia Beach City
128,510384002220,0870,Glenwood Elementary,PK,05,Public school - Regular,Elementary,Virginia Beach,23464,Membership,1280870,Tidewater,2,Virginia Beach City
128,510384002986,1031,Gov STEM Academy for Engineering,Marketing and Information Technology Studies,NA,Local Education Agency,Public center - Governor's STEM Academy,NA,VA,"757-648-5505,Non-Membership",1281031,Tidewater,2,Virginia Beach City
128,510384001686,0430,Great Neck Middle,06,08,Public school - Regular,Middle,Virginia Beach,23454,Membership,1280430,Tidewater,2,Virginia Beach City
128,510384002957,1050,Green Run Collegiate,09,12,Public school - Charter,High,Virginia Beach,23453,Membership,1281050,Tidewater,2,Virginia Beach City
128,510384001687,0770,Green Run Elementary,PK,05,Public school - Regular,Elementary,Virginia Beach,23453,Membership,1280770,Tidewater,2,Virginia Beach City
128,510384001879,0010,Green Run High,09,12,Public school - Regular,High,Virginia Beach,23456,Membership,1280010,Tidewater,2,Virginia Beach City
128,510384001688,0540,Hermitage Elementary,PK,05,Public school - Regular,Elementary,Virginia Beach,23455,Membership,1280540,Tidewater,2,Virginia Beach City
128,510384001689,0600,Holland Elementary,PK,05,Public school - Regular,Elementary,Virginia Beach,23452,Membership,1280600,Tidewater,2,Virginia Beach City
128,NA,9991,Home Educational Services,NA,NA,Public center - Alternative,NA,NA,NA,Non-Membership,1289991,Tidewater,2,Virginia Beach City
128,NA,9999,Homebased,NA,NA,Public center - Alternative,NA,NA,NA,Non-Membership,1289999,Tidewater,2,Virginia Beach City
128,NA,9998,Homebound,NA,NA,Public center - Alternative,NA,NA,NA,Non-Membership,1289998,Tidewater,2,Virginia Beach City
128,510384001690,0740,Independence Middle,06,08,Public school - Regular,Middle,Virginia Beach,23455,Membership,1280740,Tidewater,2,Virginia Beach City
128,510384001880,0800,Indian Lakes Elementary,PK,05,Public school - Regular,Elementary,Virginia Beach,23464,Membership,1280800,Tidewater,2,Virginia Beach City
128,510384001691,0360,John B. Dey Elementary,PK,05,Public school - Regular,Elementary,Virginia Beach,23454,Membership,1280360,Tidewater,2,Virginia Beach City
128,510384001693,0450,Kempsville Elementary,PK,05,Public school - Regular,Elementary,Virginia Beach,23464,Membership,1280450,Tidewater,2,Virginia Beach City
128,510384001694,0620,Kempsville High,09,12,Public school - Regular,High,Virginia Beach,23464,Membership,1280620,Tidewater,2,Virginia Beach City
128,510384001696,0410,Kempsville Meadows Elementary,PK,05,Public school - Regular,Elementary,Virginia Beach,23462,Membership,1280410,Tidewater,2,Virginia Beach City
128,510384001695,0690,Kempsville Middle,06,08,Public school - Regular,Middle,Virginia Beach,23464,Membership,1280690,Tidewater,2,Virginia Beach City
128,510384001697,0420,King's Grant Elementary,PK,05,Public school - Regular,Elementary,Virginia Beach,23452,Membership,1280420,Tidewater,2,Virginia Beach City
128,510384001698,0580,Kingston Elementary,PK,05,Public school - Regular,Elementary,Virginia Beach,23452,Membership,1280580,Tidewater,2,Virginia Beach City
128,510384000674,0932,Landstown Elementary,PK,05,Public school - Regular,Elementary,Virginia Beach,23456,Membership,1280932,Tidewater,2,Virginia Beach City
128,510384002323,1030,Landstown High,09,12,Public school - Regular,High,Virginia Beach,23456,Membership,1281030,Tidewater,2,Virginia Beach City
128,510384000436,0931,Landstown Middle,06,08,Public school - Regular,Middle,Virginia Beach,23456,Membership,1280931,Tidewater,2,Virginia Beach City
128,510384001057,0970,Larkspur Middle,06,08,Public school - Regular,Middle,Virginia Beach,23462,Membership,1280970,Tidewater,2,Virginia Beach City
128,510384001699,0330,Linkhorn Park Elementary,PK,05,Public school - Regular,Elementary,Virginia Beach,23454,Membership,1280330,Tidewater,2,Virginia Beach City
128,NA,9997,Local or Regional Jail,KG,12,Local or Regional Jail,Other,VA Beach,23456,Membership,1289997,Tidewater,2,Virginia Beach City
128,510384001700,0460,Luxford Elementary,PK,05,Public school - Regular,Elementary,Virginia Beach,23455,Membership,1280460,Tidewater,2,Virginia Beach City
128,510384001701,0520,Lynnhaven Elementary,PK,05,Public school - Regular,Elementary,Virginia Beach,23452,Membership,1280520,Tidewater,2,Virginia Beach City
128,510384001702,0730,Lynnhaven Middle,06,08,Public school - Regular,Middle,Virginia Beach,23454,Membership,1280730,Tidewater,2,Virginia Beach City
128,510384001703,0500,Malibu Elementary,PK,05,Public school - Regular,Elementary,Virginia Beach,23452,Membership,1280500,Tidewater,2,Virginia Beach City
128,510384001931,1020,New Castle Elementary,PK,05,Public school - Regular,Elementary,Virginia Beach,23456,Membership,1281020,Tidewater,2,Virginia Beach City
128,510384001704,0710,Newtown Elementary,02,03,Public school - Regular,Elementary,Virginia Beach,23462,Membership,1280710,Tidewater,2,Virginia Beach City
128,510384001705,0760,North Landing Elementary,PK,05,Public school - Regular,Elementary,Virginia Beach,23456,Membership,1280760,Tidewater,2,Virginia Beach City
128,510384002167,0880,Ocean Lakes Elementary,PK,05,Public school - Regular,Elementary,Virginia Beach,23454,Membership,1280880,Tidewater,2,Virginia Beach City
128,510384001046,0960,Ocean Lakes High,09,12,Public school - Regular,High,Virginia Beach,23454,Membership,1280960,Tidewater,2,Virginia Beach City
128,510384001353,0080,Old Donation School,03,08,Public school - Regular,Middle,Virginia Beach,23455,Membership,1280080,Tidewater,2,Virginia Beach City
128,510384002107,0820,Parkway Elementary,PK,05,Public school - Regular,Elementary,Virginia Beach,23453,Membership,1280820,Tidewater,2,Virginia Beach City
128,510384001707,0490,Pembroke Elementary,PK,05,Public school - Regular,Elementary,Virginia Beach,23462,Membership,1280490,Tidewater,2,Virginia Beach City
128,510384001708,0660,Pembroke Meadows Elementary,PK,05,Public school - Regular,Elementary,Virginia Beach,23455,Membership,1280660,Tidewater,2,Virginia Beach City
128,510384001710,0640,Plaza Middle,06,08,Public school - Regular,Middle,Virginia Beach,23452,Membership,1280640,Tidewater,2,Virginia Beach City
128,510384001711,0680,Point O' View Elementary,PK,05,Public school - Regular,Elementary,Virginia Beach,23462,Membership,1280680,Tidewater,2,Virginia Beach City
128,510384001712,0340,Princess Anne Elementary,PK,05,Public school - Regular,Elementary,Virginia Beach,23456,Membership,1280340,Tidewater,2,Virginia Beach City
128,510384000412,0321,Princess Anne High,09,12,Public school - Regular,High,Virginia Beach,23462,Membership,1280321,Tidewater,2,Virginia Beach City
128,510384001714,0750,Princess Anne Middle,06,08,Public school - Regular,Middle,Virginia Beach,23453,Membership,1280750,Tidewater,2,Virginia Beach City
128,510384001982,0692,Providence Elementary,PK,05,Public school - Regular,Elementary,Virginia Beach,23464,Membership,1280692,Tidewater,2,Virginia Beach City
128,510384002168,0900,Red Mill Elementary,PK,05,Public school - Regular,Elementary,Virginia Beach,23456,Membership,1280900,Tidewater,2,Virginia Beach City
128,510384001983,0810,Rosemont Elementary,PK,05,Public school - Regular,Elementary,Virginia Beach,23453,Membership,1280810,Tidewater,2,Virginia Beach City
128,510384002108,0840,Rosemont Forest Elementary,PK,05,Public school - Regular,Elementary,Virginia Beach,23456,Membership,1280840,Tidewater,2,Virginia Beach City
128,510384002139,0830,Salem Elementary,PK,05,Public school - Regular,Elementary,Virginia Beach,23456,Membership,1280830,Tidewater,2,Virginia Beach City
128,510384002166,0850,Salem High,09,12,Public school - Regular,High,Virginia Beach,22464,Membership,1280850,Tidewater,2,Virginia Beach City
128,510384002138,0050,Salem Middle,06,08,Public school - Regular,Middle,Virginia Beach,23464,Membership,1280050,Tidewater,2,Virginia Beach City
128,510384001715,0290,Seatack Elementary an Achievable Dream Academy,PK,05,Public school - Regular,Elementary,Virginia Beach,23451,Membership,1280290,Tidewater,2,Virginia Beach City
128,510384001716,0300,Shelton Park Elementary,PK,05,Public school - Regular,Elementary,Virginia Beach,23455,Membership,1280300,Tidewater,2,Virginia Beach City
128,NA,8888,Special Situation Schools,NA,NA,Unknown,NA,NA,NA,Non-Membership,1288888,Tidewater,2,Virginia Beach City
128,510384000443,0940,Strawbridge Elementary,PK,05,Public school - Regular,Elementary,Virginia Beach,23456,Membership,1280940,Tidewater,2,Virginia Beach City
128,NA,9992,Suspension Services,NA,NA,Public center - Alternative,NA,NA,NA,Non-Membership,1289992,Tidewater,2,Virginia Beach City
128,510384002169,0910,Tallwood Elementary,PK,05,Public school - Regular,Elementary,Virginia Beach,23464,Membership,1280910,Tidewater,2,Virginia Beach City
128,510384000434,0920,Tallwood High,09,12,Public school - Regular,High,Virginia Beach,23464,Membership,1280920,Tidewater,2,Virginia Beach City
128,510384001722,0650,Technical & Career Ed. Ctr.,NA,NA,Public center - Career and Technical Ed.,NA,Virginia Beach,23456,Non-Membership,1280650,Tidewater,2,Virginia Beach City
128,510384001717,0350,Thalia Elementary,PK,05,Public school - Regular,Elementary,Virginia Beach,23452,Membership,1280350,Tidewater,2,Virginia Beach City
128,510384002822,1049,The Renaissance Academy,NA,NA,Public center - Alternative,NA,Virginia Beach,23462,Non-Membership,1281049,Tidewater,2,Virginia Beach City
128,510384001718,0400,Thoroughgood Elementary,PK,05,Public school - Regular,Elementary,Virginia Beach,23455,Membership,1280400,Tidewater,2,Virginia Beach City
128,510384002475,0100,Three Oaks Elementary,PK,05,Public school - Regular,Elementary,Virginia Beach,23456,Membership,1280100,Tidewater,2,Virginia Beach City
128,510384001719,0510,Trantwood Elementary,PK,05,Public school - Regular,Elementary,Virginia Beach,23454,Membership,1280510,Tidewater,2,Virginia Beach City
128,510384002641,1111,Virginia Beach Career Switcher Program,NA,NA,Unknown,NA,Virginia Beach,23456,Non-Membership,1281111,Tidewater,2,Virginia Beach City
128,510384001721,0140,Virginia Beach Middle,06,08,Public school - Regular,Middle,Virginia Beach,23451,Membership,1280140,Tidewater,2,Virginia Beach City
128,510384001723,0130,W.T. Cooke Elementary,PK,05,Public school - Regular,Elementary,Virginia Beach,23451,Membership,1280130,Tidewater,2,Virginia Beach City
128,510384001724,0020,White Oaks Elementary,PK,05,Public school - Regular,Elementary,Virginia Beach,23462,Membership,1280020,Tidewater,2,Virginia Beach City
128,510384001725,0470,Williams Elementary,04,05,Public school - Regular,Elementary,Virginia Beach,23462,Membership,1280470,Tidewater,2,Virginia Beach City
128,510384001726,0670,Windsor Oaks Elementary,PK,05,Public school - Regular,Elementary,Virginia Beach,23452,Membership,1280670,Tidewater,2,Virginia Beach City
128,510384001727,0560,Windsor Woods Elementary,PK,05,Public school - Regular,Elementary,Virginia Beach,23452,Membership,1280560,Tidewater,2,Virginia Beach City
128,510384001728,0390,Woodstock Elementary,PK,05,Public school - Regular,Elementary,Virginia Beach,23464,Membership,1280390,Tidewater,2,Virginia Beach City
093,510387001729,0090,A.S. Rhodes Elementary,KG,05,Public school - Regular,Elementary,Front Royal,22630,Membership,0930090,Northern Virginia,4,Warren County
093,NA,0271,Blue Ridge Technical Center,NA,NA,Public center - Career and Technical Ed.,NA,Front Royal,22630,Non-Membership,0930271,Northern Virginia,4,Warren County
093,NA,9990,Community PK School,NA,NA,Public center - Alternative,NA,NA,NA,Non-Membership,0939990,Northern Virginia,4,Warren County
093,510387001730,0140,E. Wilson Morrison Elementary,KG,05,Public school - Regular,Elementary,Front Royal,22630,Membership,0930140,Northern Virginia,4,Warren County
093,510387001636,0371,Hilda J. Barbour Elementary,KG,05,Public school - Regular,Elementary,Front Royal,22630,Membership,0930371,Northern Virginia,4,Warren County
093,NA,9991,Home Educational Services,NA,NA,Public center - Alternative,NA,NA,NA,Non-Membership,0939991,Northern Virginia,4,Warren County
093,NA,9999,Homebased,NA,NA,Public center - Alternative,NA,NA,NA,Non-Membership,0939999,Northern Virginia,4,Warren County
093,NA,9998,Homebound,NA,NA,Public center - Alternative,NA,NA,NA,Non-Membership,0939998,Northern Virginia,4,Warren County
093,510387001731,0020,Leslie Fox Keyser Elementary,KG,05,Public school - Regular,Elementary,Front Royal,22630,Membership,0930020,Northern Virginia,4,Warren County
093,NA,9997,Local Or Regional Jail,KG,12,Local or Regional Jail,Other,Front Royal,22630,Membership,0939997,Northern Virginia,4,Warren County
093,510387001732,0240,Ressie Jeffries Elementary,KG,05,Public school - Regular,Elementary,Front Royal,22630,Membership,0930240,Northern Virginia,4,Warren County
093,510387002657,0250,Skyline High,09,12,Public school - Regular,High,Front Royal,22630,Membership,0930250,Northern Virginia,4,Warren County
093,510387003039,0260,Skyline Middle,06,08,Public school - Regular,Middle,Front Royal,22630,Membership,0930260,Northern Virginia,4,Warren County
093,NA,8888,Special Situation Schools,NA,NA,Unknown,NA,NA,NA,Non-Membership,0938888,Northern Virginia,4,Warren County
093,NA,9992,Suspension Services,NA,NA,Public center - Alternative,NA,NA,NA,Non-Membership,0939992,Northern Virginia,4,Warren County
093,510387001733,0230,Warren County High,09,12,Public school - Regular,High,Front Royal,22630,Membership,0930230,Northern Virginia,4,Warren County
093,510387003038,0280,Warren County Middle,06,08,Public school - Regular,Middle,Front Royal,22630,Membership,0930280,Northern Virginia,4,Warren County
094,510390001735,1080,Abingdon Elementary,PK,05,Public school - Regular,Elementary,Abingdon,24210,Membership,0941080,Southwest,7,Washington County
094,510390001736,1030,Abingdon High,09,12,Public school - Regular,High,Abingdon,24210,Membership,0941030,Southwest,7,Washington County
094,NA,9990,Community PK School,NA,NA,Public center - Alternative,NA,NA,NA,Non-Membership,0949990,Southwest,7,Washington County
094,510390001984,0040,Damascus Middle,06,08,Public school - Regular,Middle,Damascus,24236,Membership,0940040,Southwest,7,Washington County
094,510390001739,1110,E.B. Stanley Middle,06,08,Public school - Regular,Middle,Abingdon,24210,Membership,0941110,Southwest,7,Washington County
094,510390001740,1090,Glade Spring Middle,06,08,Public school - Regular,Middle,Glade Spring,24340,Membership,0941090,Southwest,7,Washington County
094,510390001741,0260,Greendale Elementary,PK,05,Public school - Regular,Elementary,Abingdon,24210,Membership,0940260,Southwest,7,Washington County
094,510390001744,1070,High Point Elementary,PK,05,Public school - Regular,Elementary,Bristol,24202,Membership,0941070,Southwest,7,Washington County
094,510390001745,1060,Holston High,09,12,Public school - Regular,High,Damascus,24236,Membership,0941060,Southwest,7,Washington County
094,NA,9991,Home Educational Services,NA,NA,Public center - Alternative,NA,NA,NA,Non-Membership,0949991,Southwest,7,Washington County
094,NA,9999,Homebased,NA,NA,Public center - Alternative,NA,Abingdon,24210,Non-Membership,0949999,Southwest,7,Washington County
094,NA,9998,Homebound,NA,NA,Public center - Alternative,NA,Bristol,24202,Non-Membership,0949998,Southwest,7,Washington County
094,510390001746,1040,John S. Battle High,09,12,Public school - Regular,High,Bristol,24202,Membership,0941040,Southwest,7,Washington County
094,NA,9997,Local Or Regional Jail,KG,12,Local or Regional Jail,Other,Abingdon,24210,Membership,0949997,Southwest,7,Washington County
094,510390001748,0020,Meadowview Elementary,PK,05,Public school - Regular,Elementary,Meadowview,24361,Membership,0940020,Southwest,7,Washington County
094,510390001749,1050,Patrick Henry High,09,12,Public school - Regular,High,Glade Spring,24340,Membership,0941050,Southwest,7,Washington County
094,510390001985,0050,Rhea Valley Elementary,PK,05,Public school - Regular,Elementary,Meadowview,24361,Membership,0940050,Southwest,7,Washington County
094,NA,8888,Special Situation Schools,NA,NA,Unknown,NA,Abingdon,24210,Non-Membership,0948888,Southwest,7,Washington County
094,NA,9992,Suspension Services,NA,NA,Public center - Alternative,NA,NA,NA,Non-Membership,0949992,Southwest,7,Washington County
094,510390001750,1020,Valley Institute Elementary,PK,05,Public school - Regular,Elementary,Bristol,24202,Membership,0941020,Southwest,7,Washington County
094,510390001752,0620,Wallace Middle,06,08,Public school - Regular,Middle,Bristol,24202,Membership,0940620,Southwest,7,Washington County
094,510390001751,0010,Washington County Career & Technical Education Center,NA,NA,Public center - Career and Technical Ed.,NA,Abingdon,24210,Non-Membership,0940010,Southwest,7,Washington County
094,510390003152,1120,Washington County Virtual School,KG,12,Public school - Virtual,Other,Abingdon,24210,Membership,0941120,Southwest,7,Washington County
094,510390001986,0070,Watauga Elementary,PK,05,Public school - Regular,Elementary,Abingdon,24211,Membership,0940070,Southwest,7,Washington County
130,510393001754,0650,Berkeley Glenn Elementary,KG,05,Public school - Regular,Elementary,Waynesboro,22980,Membership,1300650,Valley,5,Waynesboro City
130,NA,9990,Community PK School,NA,NA,Public center - Alternative,NA,NA,NA,Non-Membership,1309990,Valley,5,Waynesboro City
130,NA,9991,Home Educational Services,NA,NA,Public center - Alternative,NA,NA,NA,Non-Membership,1309991,Valley,5,Waynesboro City
130,NA,9999,Homebased,NA,NA,Public center - Alternative,NA,NA,NA,Non-Membership,1309999,Valley,5,Waynesboro City
130,NA,9998,Homebound,NA,NA,Public center - Alternative,NA,NA,NA,Non-Membership,1309998,Valley,5,Waynesboro City
130,510393001755,0640,Kate Collins Middle,06,08,Public school - Regular,Middle,Waynesboro,22980,Membership,1300640,Valley,5,Waynesboro City
130,NA,0752,Rosenwald Elementary  Feeding Site,NA,NA,SNP feeding site,NA,Waynesboro,22980,Non-Membership,1300752,Valley,5,Waynesboro City
130,NA,8888,Special Situation Schools,NA,NA,Unknown,NA,NA,NA,Non-Membership,1308888,Valley,5,Waynesboro City
130,NA,9992,Suspension Services,NA,NA,Public center - Alternative,NA,NA,NA,Non-Membership,1309992,Valley,5,Waynesboro City
130,510393002855,0620,Wayne Hills Center,PK,PK,Public school - Preschool,Prekindergarten,Waynesboro,22980,Membership,1300620,Valley,5,Waynesboro City
130,510393001759,0600,Waynesboro High,09,12,Public school - Regular,High,Waynesboro,22980,Membership,1300600,Valley,5,Waynesboro City
130,NA,0755,Waynesboro Transition Education Program,NA,NA,Public center - Alternative,NA,Waynesboro,22980,Non-Membership,1300755,Valley,5,Waynesboro City
130,510393001760,0580,Wenonah Elementary,KG,05,Public school - Regular,Elementary,Waynesboro,22980,Membership,1300580,Valley,5,Waynesboro City
130,510393001761,0630,Westwood Hills Elementary,KG,05,Public school - Regular,Elementary,Waynesboro,22980,Membership,1300630,Valley,5,Waynesboro City
130,510393001064,0751,William Perry Elementary,KG,05,Public school - Regular,Elementary,Waynesboro,22980,Membership,1300751,Valley,5,Waynesboro City
207,NA,9990,Community PK School,NA,NA,Public center - Alternative,NA,NA,NA,Non-Membership,2079990,Northern Neck,3,West Point
207,NA,9991,Home Educational Services,NA,NA,Public center - Alternative,NA,NA,NA,Non-Membership,2079991,Northern Neck,3,West Point
207,NA,9999,Homebased,NA,NA,Public center - Alternative,NA,NA,NA,Non-Membership,2079999,Northern Neck,3,West Point
207,NA,9998,Homebound,NA,NA,Public center - Alternative,NA,NA,NA,Non-Membership,2079998,Northern Neck,3,West Point
207,NA,8888,Special Situation Schools,NA,NA,Unknown,NA,NA,NA,Non-Membership,2078888,Northern Neck,3,West Point
207,NA,9992,Suspension Services,NA,NA,Public center - Alternative,NA,NA,NA,Non-Membership,2079992,Northern Neck,3,West Point
207,510395001762,0280,West Point Elementary,PK,05,Public school - Regular,Elementary,West Point,23181,Membership,2070280,Northern Neck,3,West Point
207,510395001763,0290,West Point Middle/High,06,12,Public school - Regular,High,West Point,23181,Membership,2070290,Northern Neck,3,West Point
095,NA,9990,Community PK School,NA,NA,Public center - Alternative,NA,NA,NA,Non-Membership,0959990,Northern Neck,3,Westmoreland County
095,510398001765,0210,Cople Elementary,PK,05,Public school - Regular,Elementary,Hague,22469,Membership,0950210,Northern Neck,3,Westmoreland County
095,NA,9991,Home Educational Services,NA,NA,Public center - Alternative,NA,NA,NA,Non-Membership,0959991,Northern Neck,3,Westmoreland County
095,NA,9999,Homebased,NA,NA,Public center - Alternative,NA,NA,NA,Non-Membership,0959999,Northern Neck,3,Westmoreland County
095,NA,9998,Homebound,NA,NA,Public center - Alternative,NA,NA,NA,Non-Membership,0959998,Northern Neck,3,Westmoreland County
095,510398001764,0300,Montross Middle,06,08,Public school - Regular,Middle,Montross,22520,Membership,0950300,Northern Neck,3,Westmoreland County
095,NA,8888,Special Situation Schools,NA,NA,Unknown,NA,NA,NA,Non-Membership,0958888,Northern Neck,3,Westmoreland County
095,NA,9992,Suspension Services,NA,NA,Public center - Alternative,NA,NA,NA,Non-Membership,0959992,Northern Neck,3,Westmoreland County
095,510398001769,0310,Washington District Elementary,PK,05,Public school - Regular,Elementary,Colonial Beach,22443,Membership,0950310,Northern Neck,3,Westmoreland County
095,510398001768,0120,Westmoreland High,09,12,Public school - Regular,High,Montross,22520,Membership,0950120,Northern Neck,3,Westmoreland County
131,510402001770,0060,Berkeley Middle,06,08,Public school - Regular,Middle,Williamsburg,23185,Membership,1310060,Tidewater,2,James City County
131,510402001770,0060,Berkeley Middle,06,08,Public school - Regular,Middle,Williamsburg,23185,Membership,1310060,Tidewater,2,Williamsburg-James City County
131,510402002170,0040,Clara Byrd Baker Elementary,PK,05,Public school - Regular,Elementary,Williamsburg,23185,Membership,1310040,Tidewater,2,James City County
131,510402002170,0040,Clara Byrd Baker Elementary,PK,05,Public school - Regular,Elementary,Williamsburg,23185,Membership,1310040,Tidewater,2,Williamsburg-James City County
131,NA,9990,Community PK School,NA,NA,Public center - Alternative,NA,NA,NA,Non-Membership,1319990,Tidewater,2,James City County
131,NA,9990,Community PK School,NA,NA,Public center - Alternative,NA,NA,NA,Non-Membership,1319990,Tidewater,2,Williamsburg-James City County
131,510402002171,0080,D.J. Montague Elementary,PK,05,Public school - Regular,Elementary,Williamsburg,23188,Membership,1310080,Tidewater,2,James City County
131,510402002171,0080,D.J. Montague Elementary,PK,05,Public school - Regular,Elementary,Williamsburg,23188,Membership,1310080,Tidewater,2,Williamsburg-James City County
131,NA,9991,Home Educational Services,NA,NA,Public center - Alternative,NA,NA,NA,Non-Membership,1319991,Tidewater,2,James City County
131,NA,9991,Home Educational Services,NA,NA,Public center - Alternative,NA,NA,NA,Non-Membership,1319991,Tidewater,2,Williamsburg-James City County
131,NA,9999,Homebased,NA,NA,Public center - Alternative,NA,NA,NA,Non-Membership,1319999,Tidewater,2,James City County
131,NA,9999,Homebased,NA,NA,Public center - Alternative,NA,NA,NA,Non-Membership,1319999,Tidewater,2,Williamsburg-James City County
131,NA,9998,Homebound,NA,NA,Public center - Alternative,NA,NA,NA,Non-Membership,1319998,Tidewater,2,James City County
131,NA,9998,Homebound,NA,NA,Public center - Alternative,NA,NA,NA,Non-Membership,1319998,Tidewater,2,Williamsburg-James City County
131,510402002815,0190,J. Blaine Blayton Elementary,PK,05,Public school - Regular,Elementary,Williamsburg,23188,Membership,1310190,Tidewater,2,James City County
131,510402002815,0190,J. Blaine Blayton Elementary,PK,05,Public school - Regular,Elementary,Williamsburg,23188,Membership,1310190,Tidewater,2,Williamsburg-James City County
131,510402003054,0025,James Blair Middle,06,08,Public school - Regular,Middle,Williamsburg,23185,Membership,1310025,Tidewater,2,James City County
131,510402003054,0025,James Blair Middle,06,08,Public school - Regular,Middle,Williamsburg,23185,Membership,1310025,Tidewater,2,Williamsburg-James City County
131,510402000705,0201,James River Elementary,KG,05,Public school - Regular,Elementary,Williamsburg,23185,Membership,1310201,Tidewater,2,James City County
131,510402000705,0201,James River Elementary,KG,05,Public school - Regular,Elementary,Williamsburg,23185,Membership,1310201,Tidewater,2,Williamsburg-James City County
131,510402001665,0202,Jamestown High,09,12,Public school - Regular,High,Williamsburg,23135,Membership,1310202,Tidewater,2,James City County
131,510402001665,0202,Jamestown High,09,12,Public school - Regular,High,Williamsburg,23135,Membership,1310202,Tidewater,2,Williamsburg-James City County
131,510402001773,0090,Lafayette High,09,12,Public school - Regular,High,Williamsburg,23188,Membership,1310090,Tidewater,2,James City County
131,510402001773,0090,Lafayette High,09,12,Public school - Regular,High,Williamsburg,23188,Membership,1310090,Tidewater,2,Williamsburg-James City County
131,510402001776,0050,Laurel Lane Elementary,PK,05,Public school - Regular,Elementary,Williamsburg,23188,Membership,1310050,Tidewater,2,James City County
131,510402001776,0050,Laurel Lane Elementary,PK,05,Public school - Regular,Elementary,Williamsburg,23188,Membership,1310050,Tidewater,2,Williamsburg-James City County
131,NA,9997,Local or Regional Jail,KG,12,Local or Regional Jail,Other,Williamsburg,23188,Membership,1319997,Tidewater,2,James City County
131,NA,9997,Local or Regional Jail,KG,12,Local or Regional Jail,Other,Williamsburg,23188,Membership,1319997,Tidewater,2,Williamsburg-James City County
131,510402002830,0191,Lois Hornsby Middle,06,08,Public school - Regular,Middle,Williamsburg,23188,Membership,1310191,Tidewater,2,James City County
131,510402002830,0191,Lois Hornsby Middle,06,08,Public school - Regular,Middle,Williamsburg,23188,Membership,1310191,Tidewater,2,Williamsburg-James City County
131,510402002656,0205,Matoaka Elementary,KG,05,Public school - Regular,Elementary,Williamsburg,23188,Membership,1310205,Tidewater,2,James City County
131,510402002656,0205,Matoaka Elementary,KG,05,Public school - Regular,Elementary,Williamsburg,23188,Membership,1310205,Tidewater,2,Williamsburg-James City County
131,510402001774,0010,Matthew Whaley Elementary,KG,05,Public school - Regular,Elementary,Williamsburg,23185,Membership,1310010,Tidewater,2,James City County
131,510402001774,0010,Matthew Whaley Elementary,KG,05,Public school - Regular,Elementary,Williamsburg,23185,Membership,1310010,Tidewater,2,Williamsburg-James City County
131,510402001775,0070,Norge Elementary,PK,05,Public school - Regular,Elementary,Williamsburg,23188,Membership,1310070,Tidewater,2,James City County
131,510402001775,0070,Norge Elementary,PK,05,Public school - Regular,Elementary,Williamsburg,23188,Membership,1310070,Tidewater,2,Williamsburg-James City County
131,NA,8888,Special Situation Schools,NA,NA,Unknown,NA,NA,NA,Non-Membership,1318888,Tidewater,2,James City County
131,NA,8888,Special Situation Schools,NA,NA,Unknown,NA,NA,NA,Non-Membership,1318888,Tidewater,2,Williamsburg-James City County
131,510402002556,0203,Stonehouse Elementary,KG,05,Public school - Regular,Elementary,Williamsburg,23188,Membership,1310203,Tidewater,2,James City County
131,510402002556,0203,Stonehouse Elementary,KG,05,Public school - Regular,Elementary,Williamsburg,23188,Membership,1310203,Tidewater,2,Williamsburg-James City County
131,NA,9992,Suspension Services,NA,NA,Public center - Alternative,NA,NA,NA,Non-Membership,1319992,Tidewater,2,James City County
131,NA,9992,Suspension Services,NA,NA,Public center - Alternative,NA,NA,NA,Non-Membership,1319992,Tidewater,2,Williamsburg-James City County
131,510402000446,0100,Toano Middle,06,08,Public school - Regular,Middle,Toano,23168,Membership,1310100,Tidewater,2,James City County
131,510402000446,0100,Toano Middle,06,08,Public school - Regular,Middle,Toano,23168,Membership,1310100,Tidewater,2,Williamsburg-James City County
131,510402002658,0204,Warhill High,09,12,Public school - Regular,High,Williamsburg,23188,Membership,1310204,Tidewater,2,James City County
131,510402002658,0204,Warhill High,09,12,Public school - Regular,High,Williamsburg,23188,Membership,1310204,Tidewater,2,Williamsburg-James City County
132,NA,9990,Community PK School,NA,NA,Public center - Alternative,NA,NA,NA,Non-Membership,1329990,Northern Virginia,4,Winchester City
132,510405003042,0075,Daniel Morgan Intermediate,05,06,Public school - Regular,Middle,Winchester,22601,Membership,1320075,Northern Virginia,4,Winchester City
132,510405001777,0070,Daniel Morgan Middle,07,08,Public school - Regular,Middle,Winchester,22601,Membership,1320070,Northern Virginia,4,Winchester City
132,510405001778,0080,Frederick Douglass Elementary,PK,04,Public school - Regular,Elementary,Winchester,22601,Membership,1320080,Northern Virginia,4,Winchester City
132,510405001779,0050,Garland R. Quarles Elementary,PK,04,Public school - Regular,Elementary,Winchester,22601,Membership,1320050,Northern Virginia,4,Winchester City
132,NA,9991,Home Educational Services,NA,NA,Public center - Alternative,NA,NA,NA,Non-Membership,1329991,Northern Virginia,4,Winchester City
132,NA,9999,Homebased,NA,NA,Public center - Alternative,NA,NA,NA,Non-Membership,1329999,Northern Virginia,4,Winchester City
132,NA,9998,Homebound,NA,NA,Public center - Alternative,NA,NA,NA,Non-Membership,1329998,Northern Virginia,4,Winchester City
132,510405001780,0040,John Handley High,09,12,Public school - Regular,High,Winchester,22604,Membership,1320040,Northern Virginia,4,Winchester City
132,510405003024,0090,John Kerr Elementary,PK,04,Public school - Regular,Elementary,Winchester,22601,Membership,1320090,Northern Virginia,4,Winchester City
132,NA,8888,Special Situation Schools,NA,NA,Unknown,NA,NA,NA,Non-Membership,1328888,Northern Virginia,4,Winchester City
132,NA,9992,Suspension Services,NA,NA,Public center - Alternative,NA,NA,NA,Non-Membership,1329992,Northern Virginia,4,Winchester City
132,510405001782,0020,Virginia Avenue Charlotte Dehart Elementary,PK,04,Public school - Regular,Elementary,Winchester,22601,Membership,1320020,Northern Virginia,4,Winchester City
096,510408001789,1000,Central High,09,12,Public school - Regular,High,Norton,24273,Membership,0961000,Southwest,7,Wise County
096,510408001787,0651,Coeburn Middle,05,08,Public school - Regular,Middle,Coeburn,24230,Membership,0960651,Southwest,7,Wise County
096,510408001788,0653,Coeburn Primary,PK,04,Public school - Regular,Elementary,Coeburn,24230,Membership,0960653,Southwest,7,Wise County
096,NA,9990,Community PK School,NA,NA,Public center - Alternative,NA,NA,NA,Non-Membership,0969990,Southwest,7,Wise County
096,510408001786,0652,Eastside High,09,12,Public school - Regular,High,Coeburn,24230,Membership,0960652,Southwest,7,Wise County
096,NA,9991,Home Educational Services,NA,NA,Public center - Alternative,NA,NA,NA,Non-Membership,0969991,Southwest,7,Wise County
096,NA,9999,Homebased,NA,NA,Public center - Alternative,NA,NA,NA,Non-Membership,0969999,Southwest,7,Wise County
096,NA,9998,Homebound,NA,NA,Public center - Alternative,NA,NA,NA,Non-Membership,0969998,Southwest,7,Wise County
096,510408001790,0073,J.W. Adams Combined,PK,08,Public school - Regular,Elementary,Pound,24279,Membership,0960073,Southwest,7,Wise County
096,510408001797,0320,L.F. Addington Middle,05,08,Public school - Regular,Middle,Wise,24293,Membership,0960320,Southwest,7,Wise County
096,NA,9997,Local or Regional Jail,KG,12,Local or Regional Jail,Other,Wise,24293,Membership,0969997,Southwest,7,Wise County
096,NA,8888,Special Situation Schools,NA,NA,Unknown,NA,NA,NA,Non-Membership,0968888,Southwest,7,Wise County
096,510408001794,0871,St. Paul Elementary,PK,08,Public school - Regular,Elementary,St Paul,24283,Membership,0960871,Southwest,7,Wise County
096,NA,9992,Suspension Services,NA,NA,Public center - Alternative,NA,NA,NA,Non-Membership,0969992,Southwest,7,Wise County
096,510408001792,1010,Union High,09,12,Public school - Regular,High,Big Stone Gap,24219,Membership,0961010,Southwest,7,Wise County
096,510408002050,1013,Union Middle,05,08,Public school - Regular,Middle,Big Stone Gap,24219,Membership,0961013,Southwest,7,Wise County
096,510408001793,1012,Union Primary,PK,04,Public school - Regular,Elementary,Big Stone Gap,24219,Membership,0961012,Southwest,7,Wise County
096,510408002342,1021,Wise Co. Alternative Ed. Ctr.,NA,NA,Public center - Alternative,NA,Wise,24293,Non-Membership,0961021,Southwest,7,Wise County
096,510408001796,0990,Wise County Career-Technical Center,NA,NA,Public center - Career and Technical Ed.,NA,Wise,24293,Non-Membership,0960990,Southwest,7,Wise County
096,510408001798,1020,Wise Primary,PK,04,Public school - Regular,Elementary,Wise,24293,Membership,0961020,Southwest,7,Wise County
097,NA,9990,Community PK School,NA,NA,Public center - Alternative,NA,NA,NA,Non-Membership,0979990,Southwest,7,Wythe County
097,510411001800,0760,Fort Chiswell High,09,12,Public school - Regular,High,Max Meadows,24360,Membership,0970760,Southwest,7,Wythe County
097,510411002327,1073,Fort Chiswell Middle,06,08,Public school - Regular,Middle,Max Meadows,24360,Membership,0971073,Southwest,7,Wythe County
097,510411001801,0721,George Wythe High,09,12,Public school - Regular,High,Wytheville,24382,Membership,0970721,Southwest,7,Wythe County
097,NA,9991,Home Educational Services,NA,NA,Public center - Alternative,NA,NA,NA,Non-Membership,0979991,Southwest,7,Wythe County
097,NA,9999,Homebased,NA,NA,Public center - Alternative,NA,NA,NA,Non-Membership,0979999,Southwest,7,Wythe County
097,NA,9998,Homebound,NA,NA,Public center - Alternative,NA,NA,NA,Non-Membership,0979998,Southwest,7,Wythe County
097,510411001799,0730,Jackson Memorial Elementary,PK,05,Public school - Regular,Elementary,Austinville,24312,Membership,0970730,Southwest,7,Wythe County
097,510411001803,0100,Max Meadows Elementary,PK,05,Public school - Regular,Elementary,Max Meadows,24360,Membership,0970100,Southwest,7,Wythe County
097,510411001804,0201,Rural Retreat Elementary,PK,05,Public school - Regular,Elementary,Rural Retreat,24368,Membership,0970201,Southwest,7,Wythe County
097,510411001805,0202,Rural Retreat High,09,12,Public school - Regular,High,Rural Retreat,24368,Membership,0970202,Southwest,7,Wythe County
097,510411002328,1074,Rural Retreat Middle,06,08,Public school - Regular,Middle,Rural Retreat,24368,Membership,0971074,Southwest,7,Wythe County
097,510411002329,1075,Scott Memorial Middle,06,08,Public school - Regular,Middle,Wytheville,24382,Membership,0971075,Southwest,7,Wythe County
097,510411001807,0740,Sheffey Elementary,PK,05,Public school - Regular,Elementary,Wytheville,24382,Membership,0970740,Southwest,7,Wythe County
097,NA,8888,Special Situation Schools,NA,NA,Unknown,NA,NA,NA,Non-Membership,0978888,Southwest,7,Wythe County
097,510411001808,0440,Speedwell Elementary,PK,05,Public school - Regular,Elementary,Speedwell,24374,Membership,0970440,Southwest,7,Wythe County
097,510411001809,0190,Spiller Elementary,PK,05,Public school - Regular,Elementary,Wytheville,24382,Membership,0970190,Southwest,7,Wythe County
097,NA,9992,Suspension Services,NA,NA,Public center - Alternative,NA,Wytheville,24382,Non-Membership,0979992,Southwest,7,Wythe County
097,510411001810,0972,Wythe County Tech Center,NA,NA,Public center - Career and Technical Ed.,NA,Speedwell,24374,Non-Membership,0970972,Southwest,7,Wythe County
098,510415001811,0180,Bethel Manor Elementary,KG,05,Public school - Regular,Elementary,Langley A F B,23665,Membership,0980180,Tidewater,2,York County
098,510415001812,0020,Bruton High,09,12,Public school - Regular,High,Williamsburg,23188,Membership,0980020,Tidewater,2,York County
098,NA,9990,Community PK School,NA,NA,Public center - Alternative,NA,NA,NA,Non-Membership,0989990,Tidewater,2,York County
098,510415002172,0090,Coventry Elementary,KG,05,Public school - Regular,Elementary,Yorktown,23693,Membership,0980090,Tidewater,2,York County
098,510415001813,0160,Dare Elementary,KG,05,Public school - Regular,Elementary,Yorktown,23692,Membership,0980160,Tidewater,2,York County
098,510415001814,0140,Grafton Bethel Elementary,KG,05,Public school - Regular,Elementary,Grafton,23692,Membership,0980140,Tidewater,2,York County
098,510415001443,0332,Grafton High,09,12,Public school - Regular,High,Yorktown,23692,Membership,0980332,Tidewater,2,York County
098,510415001445,0333,Grafton Middle,06,08,Public school - Regular,Middle,Yorktown,23692,Membership,0980333,Tidewater,2,York County
098,NA,9991,Home Educational Services,NA,NA,Public center - Alternative,NA,NA,NA,Non-Membership,0989991,Tidewater,2,York County
098,NA,9999,Homebased,NA,NA,Public center - Alternative,NA,NA,NA,Non-Membership,0989999,Tidewater,2,York County
098,NA,9998,Homebound,NA,NA,Public center - Alternative,NA,NA,NA,Non-Membership,0989998,Tidewater,2,York County
098,510415001815,0010,Magruder Elementary,KG,05,Public school - Regular,Elementary,Williamsburg,23185,Membership,0980010,Tidewater,2,York County
098,510415001816,0080,Mount Vernon Elementary,PK,05,Public school - Regular,Elementary,Yorktown,23693,Membership,0980080,Tidewater,2,York County
098,510415001817,0200,Queens Lake Middle,06,08,Public school - Regular,Middle,Williamsburg,23185,Membership,0980200,Tidewater,2,York County
098,510415001818,0170,Seaford Elementary,KG,05,Public school - Regular,Elementary,Seaford,23696,Membership,0980170,Tidewater,2,York County
098,NA,8888,Special Situation Schools,NA,NA,Unknown,NA,NA,NA,Non-Membership,0988888,Tidewater,2,York County
098,NA,9992,Suspension Services,NA,NA,Public center - Alternative,NA,NA,NA,Non-Membership,0989992,Tidewater,2,York County
098,510415001819,0050,Tabb Elementary,KG,05,Public school - Regular,Elementary,Yorktown,23693,Membership,0980050,Tidewater,2,York County
098,510415001820,0230,Tabb High,09,12,Public school - Regular,High,Yorktown,23693,Membership,0980230,Tidewater,2,York County
098,510415001821,0190,Tabb Middle,06,08,Public school - Regular,Middle,Yorktown,23693,Membership,0980190,Tidewater,2,York County
098,510415001822,0220,Waller Mill Elementary,KG,05,Public school - Regular,Elementary,Williamsburg,23185,Membership,0980220,Tidewater,2,York County
098,510415001823,0030,York High,09,12,Public school - Regular,High,Yorktown,23692,Membership,0980030,Tidewater,2,York County
098,510415002330,0335,York River Academy,09,12,Public school - Charter,High,Yorktown,23692,Membership,0980335,Tidewater,2,York County
098,510415001824,0210,Yorktown Elementary,KG,05,Public school - Regular,Elementary,Yorktown,23692,Membership,0980210,Tidewater,2,York County
098,510415001825,0060,Yorktown Middle,06,08,Public school - Regular,Middle,Yorktown,23692,Membership,0980060,Tidewater,2,York County
