school_year,division_name,total_enrolled,region_name,locality_grouping,n_disadv_students,school_number,school_name,pct_disadv,n_bullying_incidents,bully_rate_per_1k,n_students_surveyed,avg_bully_prob,avg_adult_relationships,avg_peer_relationships,pct_mental_health_training,filled_positions,staff_per_1k_students
2021-2022,NA,1251970,NA,state,513037,NA,NA,40.978378076151984,2875,2.2963809036957756,219435,3.2,4.5,4.2,22.9,9086.18,7.257506170275645
2022-2023,NA,1263367,NA,state,556646,NA,NA,44.06051448233173,3523,2.7885800404791325,183837,3.4,4.6,4.3,14.5,8908.85,7.051672237758308
2023-2024,NA,1262011,NA,state,548381,NA,NA,43.45294930075887,3295,2.61091226621638,NA,NA,NA,NA,NA,9305.42,7.373485651075941
2024-2025,NA,1261387,NA,state,538240,NA,NA,42.670488914187324,NA,NA,NA,NA,NA,NA,NA,9699.140000000001,7.6892658636881475
2021-2022,NA,184241,Central Virginia,region,78190,NA,NA,42.438979380268236,432,2.3447549676782042,28147,3.2,4.5,4.2,23.9,1519.2,8.245721636335018
2021-2022,NA,84501,Northern Neck,region,32633,NA,NA,38.618477887835645,236,2.7928663566111642,18637,3.3,4.4,4.1,21.8,410.5,4.857930675376623
2021-2022,NA,467157,Northern Virginia,region,163724,NA,NA,35.04689001770282,750,1.6054559816078964,79484,3,4.6,4.4,27.5,3747.69,8.022335103616129
2021-2022,NA,26653,Southside,region,13609,NA,NA,51.05991820808165,106,3.977038232093948,5466,3.7,4.3,3.9,15.5,181.28,6.801485761452745
2021-2022,NA,60551,Southwest,region,32748,NA,NA,54.08333470958365,251,4.145265974137503,11596,3.5,4.6,4.2,18,330.62,5.460190583144787
2021-2022,NA,248912,Tidewater,region,111948,NA,NA,44.97493089927364,595,2.3904030340039855,36373,3.3,4.5,4,18.2,1620.71,6.511176640740503
2021-2022,NA,98010,Valley,region,44728,NA,NA,45.63615957555351,253,2.581369248035915,19531,3.4,4.5,4.2,17.7,719.1699999999998,7.337720640750943
2021-2022,NA,81945,Western Virginia,region,35457,NA,NA,43.26926597107816,236,2.879980474708646,16756,3.5,4.5,4.1,19.9,557.01,6.7973640856672155
2022-2023,NA,187160,Central Virginia,region,85002,NA,NA,45.41675571703355,510,2.724941226757854,46510,3.542028985507246,4.527536231884058,4.127536231884058,15.904347826086957,1311.76,7.008762556101732
2022-2023,NA,85941,Northern Neck,region,38081,NA,NA,44.31063171245389,313,3.6420334880906666,29391,3.637037037037037,4.5018518518518515,4.157407407407407,13.892592592592592,502.31,5.844823774449913
2022-2023,NA,471322,Northern Virginia,region,175442,NA,NA,37.22338443781534,968,2.0537976160671474,142267,2.8690677966101696,4.817372881355932,4.503813559322034,12.07542372881356,3756.7299999999996,7.970623055999932
2022-2023,NA,26279,Southside,region,15284,NA,NA,58.160508390730236,132,5.023022185014651,7084,3.8173913043478263,4.5,4.052173913043478,13.321739130434782,148.85000000000002,5.664218577571446
2022-2023,NA,62111,Southwest,region,34741,NA,NA,55.933731545136936,230,3.7030477693162243,20185,3.2174418604651165,4.847674418604651,4.415116279069768,12.604651162790695,324.58000000000004,5.225805412889827
2022-2023,NA,249900,Tidewater,region,121266,NA,NA,48.52581032412965,691,2.7651060424169667,57310,3.5518181818181818,4.538181818181818,4.088181818181818,15.081818181818182,1517.4,6.07202881152461
2022-2023,NA,98890,Valley,region,45428,NA,NA,45.9379108099909,352,3.559510567296997,32712,3.3953846153846152,4.655384615384615,4.3076923076923075,12.90153846153846,816.04,8.251997168571139
2022-2023,NA,81764,Western Virginia,region,41402,NA,NA,50.63597671346803,309,3.77916931656964,27423,3.482142857142857,4.696428571428571,4.273214285714285,14.378571428571428,531.18,6.496502128075925
2023-2024,NA,187054,Central Virginia,region,81137,NA,NA,43.37624429309184,405,2.1651501705389884,NA,NA,NA,NA,NA,1420.3600000000001,7.5933152993253294
2023-2024,NA,86238,Northern Neck,region,40494,NA,NA,46.95609823975509,271,3.142466198195691,NA,NA,NA,NA,NA,514.02,5.960481458289849
2023-2024,NA,472242,Northern Virginia,region,175718,NA,NA,37.2093121746901,988,2.092147670050525,NA,NA,NA,NA,NA,3729.2700000000004,7.896946904341419
2023-2024,NA,26036,Southside,region,15415,NA,NA,59.20648333077278,100,3.8408357658626517,NA,NA,NA,NA,NA,141.75,5.4443846981103095
2023-2024,NA,61819,Southwest,region,33421,NA,NA,54.06266681764505,279,4.513175560911694,NA,NA,NA,NA,NA,320.65000000000003,5.186916643750304
2023-2024,NA,248230,Tidewater,region,115228,NA,NA,46.41985255609717,680,2.7393949160053177,NA,NA,NA,NA,NA,1838.2,7.405229021472023
2023-2024,NA,98739,Valley,region,45943,NA,NA,46.5297400216733,326,3.3016335996921176,NA,NA,NA,NA,NA,776.9200000000001,7.868420786112884
2023-2024,NA,81653,Western Virginia,region,41025,NA,NA,50.243101906849716,232,2.841291808016852,NA,NA,NA,NA,NA,564.25,6.91034009773064
2024-2025,NA,187799,Central Virginia,region,83709,NA,NA,44.57371977486568,NA,NA,NA,NA,NA,NA,NA,1481.7,7.889818369639881
2024-2025,NA,86293,Northern Neck,region,39618,NA,NA,45.91102406915972,NA,NA,NA,NA,NA,NA,NA,547.3899999999999,6.343388223842025
2024-2025,NA,472151,Northern Virginia,region,170618,NA,NA,36.136320795677655,NA,NA,NA,NA,NA,NA,NA,3974.1000000000004,8.417010659725385
2024-2025,NA,25880,Southside,region,14587,NA,NA,56.36398763523957,NA,NA,NA,NA,NA,NA,NA,123.5,4.772024729520865
2024-2025,NA,62248,Southwest,region,32048,NA,NA,51.484385040483225,NA,NA,NA,NA,NA,NA,NA,341.73,5.489814933813134
2024-2025,NA,247151,Tidewater,region,114714,NA,NA,46.41454009896784,NA,NA,NA,NA,NA,NA,NA,1858.9099999999999,7.521353342693333
2024-2025,NA,98884,Valley,region,43091,NA,NA,43.57732292382994,NA,NA,NA,NA,NA,NA,NA,811.9000000000001,8.210630637919179
2024-2025,NA,80981,Western Virginia,region,39855,NA,NA,49.21524802114076,NA,NA,NA,NA,NA,NA,NA,559.91,6.914090959607808
2021-2022,Accomack County,4752,Tidewater,division,2033,NA,NA,42.78198653198653,NA,NA,NA,NA,NA,NA,NA,NA,NA
2021-2022,Albemarle County,13749,Valley,division,3783,NA,NA,27.514728343879558,NA,NA,NA,NA,NA,NA,NA,NA,NA
2021-2022,Alexandria City,15712,Northern Virginia,division,9185,NA,NA,58.45850305498982,NA,NA,NA,NA,NA,NA,NA,NA,NA
2021-2022,Alleghany County,1911,Western Virginia,division,821,NA,NA,42.96180010465725,NA,NA,NA,NA,NA,NA,NA,NA,NA
2021-2022,Amelia County,1635,Southside,division,791,NA,NA,48.37920489296636,NA,NA,NA,NA,NA,NA,NA,NA,NA
2021-2022,Amherst County,3970,Valley,division,2197,NA,NA,55.34005037783375,NA,NA,NA,NA,NA,NA,NA,NA,NA
2021-2022,Appomattox County,2338,Southside,division,1086,NA,NA,46.44995722840034,NA,NA,NA,NA,NA,NA,NA,NA,NA
2021-2022,Arlington County,27045,Northern Virginia,division,8739,NA,NA,32.31281198003328,NA,NA,NA,NA,NA,NA,NA,NA,NA
2021-2022,Augusta County,9931,Valley,division,4276,NA,NA,43.05709394824287,NA,NA,NA,NA,NA,NA,NA,NA,NA
2021-2022,Bath County,502,Valley,division,299,NA,NA,59.561752988047814,NA,NA,NA,NA,NA,NA,NA,NA,NA
2021-2022,Bedford County,9009,Valley,division,3639,NA,NA,40.39294039294039,NA,NA,NA,NA,NA,NA,NA,NA,NA
2021-2022,Bland County,719,Southwest,division,313,NA,NA,43.5326842837274,NA,NA,NA,NA,NA,NA,NA,NA,NA
2021-2022,Botetourt County,4472,Western Virginia,division,1170,NA,NA,26.16279069767442,NA,NA,NA,NA,NA,NA,NA,NA,NA
2021-2022,Bristol City,2200,Southwest,division,1475,NA,NA,67.04545454545455,NA,NA,NA,NA,NA,NA,NA,NA,NA
2021-2022,Brunswick County,1419,Southside,division,964,NA,NA,67.93516560958422,NA,NA,NA,NA,NA,NA,NA,NA,NA
2021-2022,Buchanan County,2427,Southwest,division,1430,NA,NA,58.92047795632468,NA,NA,NA,NA,NA,NA,NA,NA,NA
2021-2022,Buckingham County,1933,Southside,division,1061,NA,NA,54.88877392653906,NA,NA,NA,NA,NA,NA,NA,NA,NA
2021-2022,Buena Vista City,887,Valley,division,401,NA,NA,45.20856820744081,NA,NA,NA,NA,NA,NA,NA,NA,NA
2021-2022,Campbell County,7854,Valley,division,3757,NA,NA,47.83549783549784,NA,NA,NA,NA,NA,NA,NA,NA,NA
2021-2022,Caroline County,4238,Northern Neck,division,1904,NA,NA,44.926852288815475,NA,NA,NA,NA,NA,NA,NA,NA,NA
2021-2022,Carroll County,3519,Southwest,division,2244,NA,NA,63.76811594202898,NA,NA,NA,NA,NA,NA,NA,NA,NA
2021-2022,Charles City County,528,Central Virginia,division,307,NA,NA,58.14393939393939,NA,NA,NA,NA,NA,NA,NA,NA,NA
2021-2022,Charlotte County,1702,Southside,division,899,NA,NA,52.82021151586369,NA,NA,NA,NA,NA,NA,NA,NA,NA
2021-2022,Charlottesville City,4290,Valley,division,2005,NA,NA,46.73659673659674,NA,NA,NA,NA,NA,NA,NA,NA,NA
2021-2022,Chesapeake City,40478,Tidewater,division,16008,NA,NA,39.54740846879787,NA,NA,NA,NA,NA,NA,NA,NA,NA
2021-2022,Chesterfield County,62500,Central Virginia,division,21260,NA,NA,34.016000000000005,NA,NA,NA,NA,NA,NA,NA,NA,NA
2021-2022,Clarke County,1835,Northern Virginia,division,545,NA,NA,29.70027247956403,NA,NA,NA,NA,NA,NA,NA,NA,NA
2021-2022,Colonial Beach,625,Northern Neck,division,373,NA,NA,59.68,NA,NA,NA,NA,NA,NA,NA,NA,NA
2021-2022,Colonial Heights City,2786,Central Virginia,division,1528,NA,NA,54.845656855707105,NA,NA,NA,NA,NA,NA,NA,NA,NA
2021-2022,Covington City,966,Western Virginia,division,263,NA,NA,27.22567287784679,NA,NA,NA,NA,NA,NA,NA,NA,NA
2021-2022,Craig County,513,Western Virginia,division,264,NA,NA,51.461988304093566,NA,NA,NA,NA,NA,NA,NA,NA,NA
2021-2022,Culpeper County,8366,Northern Virginia,division,4096,NA,NA,48.960076500119534,NA,NA,NA,NA,NA,NA,NA,NA,NA
2021-2022,Cumberland County,1208,Southside,division,697,NA,NA,57.69867549668874,NA,NA,NA,NA,NA,NA,NA,NA,NA
2021-2022,Danville City,5736,Western Virginia,division,629,NA,NA,10.965829846582984,NA,NA,NA,NA,NA,NA,NA,NA,NA
2021-2022,Dickenson County,1965,Southwest,division,890,NA,NA,45.29262086513995,NA,NA,NA,NA,NA,NA,NA,NA,NA
2021-2022,Dinwiddie County,4189,Central Virginia,division,3233,NA,NA,77.17832418238243,NA,NA,NA,NA,NA,NA,NA,NA,NA
2021-2022,Essex County,1393,Northern Neck,division,714,NA,NA,51.256281407035175,NA,NA,NA,NA,NA,NA,NA,NA,NA
2021-2022,Fairfax County,178635,Northern Virginia,division,56708,NA,NA,31.74517871637697,NA,NA,NA,NA,NA,NA,NA,NA,NA
2021-2022,Falls Church City,2493,Northern Virginia,division,199,NA,NA,7.98235058162856,NA,NA,NA,NA,NA,NA,NA,NA,NA
2021-2022,Fauquier County,10874,Northern Virginia,division,2784,NA,NA,25.602354239470298,NA,NA,NA,NA,NA,NA,NA,NA,NA
2021-2022,Floyd County,1776,Western Virginia,division,771,NA,NA,43.41216216216216,NA,NA,NA,NA,NA,NA,NA,NA,NA
2021-2022,Fluvanna County,3316,Valley,division,1366,NA,NA,41.19420989143546,NA,NA,NA,NA,NA,NA,NA,NA,NA
2021-2022,Franklin City,992,Tidewater,division,761,NA,NA,76.71370967741935,NA,NA,NA,NA,NA,NA,NA,NA,NA
2021-2022,Franklin County,6320,Western Virginia,division,2918,NA,NA,46.17088607594937,NA,NA,NA,NA,NA,NA,NA,NA,NA
2021-2022,Frederick County,13876,Northern Virginia,division,5732,NA,NA,41.30873450562122,NA,NA,NA,NA,NA,NA,NA,NA,NA
2021-2022,Fredericksburg City,3624,Northern Neck,division,1638,NA,NA,45.198675496688736,NA,NA,NA,NA,NA,NA,NA,NA,NA
2021-2022,Galax City,1355,Southwest,division,800,NA,NA,59.040590405904055,NA,NA,NA,NA,NA,NA,NA,NA,NA
2021-2022,Giles County,3531,Southwest,division,1130,NA,NA,32.00226564712546,NA,NA,NA,NA,NA,NA,NA,NA,NA
2021-2022,Gloucester County,5053,Northern Neck,division,2213,NA,NA,43.79576489214328,NA,NA,NA,NA,NA,NA,NA,NA,NA
2021-2022,Goochland County,2596,Central Virginia,division,705,NA,NA,27.157164869029277,NA,NA,NA,NA,NA,NA,NA,NA,NA
2021-2022,Grayson County,1530,Southwest,division,895,NA,NA,58.496732026143796,NA,NA,NA,NA,NA,NA,NA,NA,NA
2021-2022,Greene County,2897,Valley,division,1385,NA,NA,47.80807732136693,NA,NA,NA,NA,NA,NA,NA,NA,NA
2021-2022,Greensville County,2037,Southside,division,1293,NA,NA,63.47569955817378,NA,NA,NA,NA,NA,NA,NA,NA,NA
2021-2022,Halifax County,4593,Southside,division,2579,NA,NA,56.150664053995214,NA,NA,NA,NA,NA,NA,NA,NA,NA
2021-2022,Hampton City,19619,Tidewater,division,9444,NA,NA,48.13701004128651,NA,NA,NA,NA,NA,NA,NA,NA,NA
2021-2022,Hanover County,16865,Central Virginia,division,4127,NA,NA,24.47079750963534,NA,NA,NA,NA,NA,NA,NA,NA,NA
2021-2022,Harrisonburg City,6660,Valley,division,3999,NA,NA,60.04504504504504,NA,NA,NA,NA,NA,NA,NA,NA,NA
2021-2022,Henrico County,49991,Central Virginia,division,23126,NA,NA,46.26032685883459,NA,NA,NA,NA,NA,NA,NA,NA,NA
2021-2022,Henry County,7025,Western Virginia,division,4451,NA,NA,63.3594306049822,NA,NA,NA,NA,NA,NA,NA,NA,NA
2021-2022,Highland County,178,Valley,division,81,NA,NA,45.50561797752809,NA,NA,NA,NA,NA,NA,NA,NA,NA
2021-2022,Hopewell City,4077,Central Virginia,division,2887,NA,NA,70.81187147412314,NA,NA,NA,NA,NA,NA,NA,NA,NA
2021-2022,Isle of Wight County,5619,Tidewater,division,1863,NA,NA,33.15536572343834,NA,NA,NA,NA,NA,NA,NA,NA,NA
2021-2022,King George County,4468,Northern Neck,division,1130,NA,NA,25.290957923008055,NA,NA,NA,NA,NA,NA,NA,NA,NA
2021-2022,King William County,1984,Northern Neck,division,777,NA,NA,39.163306451612904,NA,NA,NA,NA,NA,NA,NA,NA,NA
2021-2022,King and Queen County,867,Northern Neck,division,362,NA,NA,41.753171856978085,NA,NA,NA,NA,NA,NA,NA,NA,NA
2021-2022,Lancaster County,1002,Northern Neck,division,631,NA,NA,62.974051896207584,NA,NA,NA,NA,NA,NA,NA,NA,NA
2021-2022,Lee County,2937,Southwest,division,1906,NA,NA,64.89615253660197,NA,NA,NA,NA,NA,NA,NA,NA,NA
2021-2022,Lexington City,476,Valley,division,145,NA,NA,30.462184873949578,NA,NA,NA,NA,NA,NA,NA,NA,NA
2021-2022,Loudoun County,81511,Northern Virginia,division,18261,NA,NA,22.403111236520225,NA,NA,NA,NA,NA,NA,NA,NA,NA
2021-2022,Louisa County,5168,Valley,division,2608,NA,NA,50.464396284829725,NA,NA,NA,NA,NA,NA,NA,NA,NA
2021-2022,Lunenburg County,1607,Southside,division,896,NA,NA,55.75606720597387,NA,NA,NA,NA,NA,NA,NA,NA,NA
2021-2022,Lynchburg City,7879,Valley,division,4878,NA,NA,61.91141007742099,NA,NA,NA,NA,NA,NA,NA,NA,NA
2021-2022,Madison County,1664,Northern Virginia,division,773,NA,NA,46.45432692307692,NA,NA,NA,NA,NA,NA,NA,NA,NA
2021-2022,Manassas City,7592,Northern Virginia,division,3119,NA,NA,41.082718651211806,NA,NA,NA,NA,NA,NA,NA,NA,NA
2021-2022,Manassas Park City,3508,Northern Virginia,division,1905,NA,NA,54.30444697833523,NA,NA,NA,NA,NA,NA,NA,NA,NA
2021-2022,Martinsville City,1817,Western Virginia,division,1365,NA,NA,75.12383048981837,NA,NA,NA,NA,NA,NA,NA,NA,NA
2021-2022,Mathews County,903,Northern Neck,division,441,NA,NA,48.837209302325576,NA,NA,NA,NA,NA,NA,NA,NA,NA
2021-2022,Mecklenburg County,4440,Southside,division,1127,NA,NA,25.382882882882885,NA,NA,NA,NA,NA,NA,NA,NA,NA
2021-2022,Middlesex County,1202,Northern Neck,division,706,NA,NA,58.73544093178037,NA,NA,NA,NA,NA,NA,NA,NA,NA
2021-2022,Montgomery County,9704,Western Virginia,division,3508,NA,NA,36.15004122011541,NA,NA,NA,NA,NA,NA,NA,NA,NA
2021-2022,Nelson County,1538,Valley,division,926,NA,NA,60.20806241872562,NA,NA,NA,NA,NA,NA,NA,NA,NA
2021-2022,New Kent County,3273,Central Virginia,division,822,NA,NA,25.114573785517873,NA,NA,NA,NA,NA,NA,NA,NA,NA
2021-2022,Newport News City,26677,Tidewater,division,15352,NA,NA,57.547700266146876,NA,NA,NA,NA,NA,NA,NA,NA,NA
2021-2022,Norfolk City,27478,Tidewater,division,16673,NA,NA,60.677633015503304,NA,NA,NA,NA,NA,NA,NA,NA,NA
2021-2022,Northampton County,1350,Tidewater,division,1120,NA,NA,82.96296296296296,NA,NA,NA,NA,NA,NA,NA,NA,NA
2021-2022,Northumberland County,1181,Northern Neck,division,642,NA,NA,54.36071126164268,NA,NA,NA,NA,NA,NA,NA,NA,NA
2021-2022,Norton City,828,Southwest,division,389,NA,NA,46.98067632850241,NA,NA,NA,NA,NA,NA,NA,NA,NA
2021-2022,Nottoway County,1824,Southside,division,1146,NA,NA,62.82894736842105,NA,NA,NA,NA,NA,NA,NA,NA,NA
2021-2022,Orange County,5028,Northern Virginia,division,2220,NA,NA,44.1527446300716,NA,NA,NA,NA,NA,NA,NA,NA,NA
2021-2022,Page County,3136,Northern Virginia,division,1531,NA,NA,48.82015306122449,NA,NA,NA,NA,NA,NA,NA,NA,NA
2021-2022,Patrick County,2538,Western Virginia,division,1183,NA,NA,46.61150512214342,NA,NA,NA,NA,NA,NA,NA,NA,NA
2021-2022,Petersburg City,4179,Central Virginia,division,3161,NA,NA,75.64010528834649,NA,NA,NA,NA,NA,NA,NA,NA,NA
2021-2022,Pittsylvania County,7915,Western Virginia,division,4098,NA,NA,51.775110549589385,NA,NA,NA,NA,NA,NA,NA,NA,NA
2021-2022,Poquoson City,2088,Tidewater,division,435,NA,NA,20.833333333333336,NA,NA,NA,NA,NA,NA,NA,NA,NA
2021-2022,Portsmouth City,13517,Tidewater,division,6842,NA,NA,50.617740622919285,NA,NA,NA,NA,NA,NA,NA,NA,NA
2021-2022,Powhatan County,4305,Central Virginia,division,884,NA,NA,20.534262485481996,NA,NA,NA,NA,NA,NA,NA,NA,NA
2021-2022,Prince Edward County,1917,Southside,division,1070,NA,NA,55.816379760041734,NA,NA,NA,NA,NA,NA,NA,NA,NA
2021-2022,Prince George County,6141,Central Virginia,division,3013,NA,NA,49.063670411985015,NA,NA,NA,NA,NA,NA,NA,NA,NA
2021-2022,Prince William County,90135,Northern Virginia,division,40021,NA,NA,44.401176013757144,NA,NA,NA,NA,NA,NA,NA,NA,NA
2021-2022,Pulaski County,4041,Southwest,division,1926,NA,NA,47.66146993318486,NA,NA,NA,NA,NA,NA,NA,NA,NA
2021-2022,Radford City,2701,Southwest,division,813,NA,NA,30.099962976675304,NA,NA,NA,NA,NA,NA,NA,NA,NA
2021-2022,Rappahannock County,753,Northern Virginia,division,327,NA,NA,43.42629482071713,NA,NA,NA,NA,NA,NA,NA,NA,NA
2021-2022,Richmond City,21179,Central Virginia,division,12269,NA,NA,57.9300250247887,NA,NA,NA,NA,NA,NA,NA,NA,NA
2021-2022,Richmond County,1350,Northern Neck,division,659,NA,NA,48.81481481481482,NA,NA,NA,NA,NA,NA,NA,NA,NA
2021-2022,Roanoke City,13722,Western Virginia,division,8138,NA,NA,59.30622358256814,NA,NA,NA,NA,NA,NA,NA,NA,NA
2021-2022,Roanoke County,13731,Western Virginia,division,4320,NA,NA,31.461656106620055,NA,NA,NA,NA,NA,NA,NA,NA,NA
2021-2022,Rockbridge County,2634,Valley,division,1306,NA,NA,49.582384206529994,NA,NA,NA,NA,NA,NA,NA,NA,NA
2021-2022,Rockingham County,11310,Valley,division,5055,NA,NA,44.69496021220159,NA,NA,NA,NA,NA,NA,NA,NA,NA
2021-2022,Russell County,3456,Southwest,division,2182,NA,NA,63.13657407407407,NA,NA,NA,NA,NA,NA,NA,NA,NA
2021-2022,Salem City,3799,Western Virginia,division,1558,NA,NA,41.01079231376678,NA,NA,NA,NA,NA,NA,NA,NA,NA
2021-2022,Scott County,3537,Southwest,division,3537,NA,NA,100,NA,NA,NA,NA,NA,NA,NA,NA,NA
2021-2022,Shenandoah County,5679,Northern Virginia,division,2729,NA,NA,48.05423490051065,NA,NA,NA,NA,NA,NA,NA,NA,NA
2021-2022,Smyth County,4052,Southwest,division,2227,NA,NA,54.96051332675223,NA,NA,NA,NA,NA,NA,NA,NA,NA
2021-2022,Southampton County,2600,Tidewater,division,1050,NA,NA,40.38461538461539,NA,NA,NA,NA,NA,NA,NA,NA,NA
2021-2022,Spotsylvania County,23794,Northern Neck,division,10169,NA,NA,42.737664957552326,NA,NA,NA,NA,NA,NA,NA,NA,NA
2021-2022,Stafford County,30473,Northern Neck,division,9171,NA,NA,30.095494372067076,NA,NA,NA,NA,NA,NA,NA,NA,NA
2021-2022,Staunton City,2740,Valley,division,972,NA,NA,35.47445255474452,NA,NA,NA,NA,NA,NA,NA,NA,NA
2021-2022,Suffolk City,14048,Tidewater,division,5127,NA,NA,36.49629840546697,NA,NA,NA,NA,NA,NA,NA,NA,NA
2021-2022,Surry County,657,Central Virginia,division,364,NA,NA,55.403348554033485,NA,NA,NA,NA,NA,NA,NA,NA,NA
2021-2022,Sussex County,975,Central Virginia,division,504,NA,NA,51.69230769230769,NA,NA,NA,NA,NA,NA,NA,NA,NA
2021-2022,Tazewell County,5420,Southwest,division,3273,NA,NA,60.38745387453874,NA,NA,NA,NA,NA,NA,NA,NA,NA
2021-2022,Virginia Beach City,65498,Tidewater,division,28557,NA,NA,43.59980457418547,NA,NA,NA,NA,NA,NA,NA,NA,NA
2021-2022,Warren County,5172,Northern Virginia,division,2330,NA,NA,45.05027068832173,NA,NA,NA,NA,NA,NA,NA,NA,NA
2021-2022,Washington County,6735,Southwest,division,2873,NA,NA,42.657757980697845,NA,NA,NA,NA,NA,NA,NA,NA,NA
2021-2022,Waynesboro City,3022,Valley,division,1650,NA,NA,54.59960291197882,NA,NA,NA,NA,NA,NA,NA,NA,NA
2021-2022,West Point,813,Northern Neck,division,311,NA,NA,38.25338253382534,NA,NA,NA,NA,NA,NA,NA,NA,NA
2021-2022,Westmoreland County,1531,Northern Neck,division,792,NA,NA,51.73089483997387,NA,NA,NA,NA,NA,NA,NA,NA,NA
2021-2022,Williamsburg-James City County,11322,Tidewater,division,4000,NA,NA,35.329447094152975,NA,NA,NA,NA,NA,NA,NA,NA,NA
2021-2022,Winchester City,4143,Northern Virginia,division,2520,NA,NA,60.825488776249095,NA,NA,NA,NA,NA,NA,NA,NA,NA
2021-2022,Wise County,5765,Southwest,division,2578,NA,NA,44.718126626192536,NA,NA,NA,NA,NA,NA,NA,NA,NA
2021-2022,Wythe County,3833,Southwest,division,1867,NA,NA,48.70858335507435,NA,NA,NA,NA,NA,NA,NA,NA,NA
2021-2022,York County,12874,Tidewater,division,2683,NA,NA,20.84045362746621,NA,NA,NA,NA,NA,NA,NA,NA,NA
2022-2023,Accomack County,4727,Tidewater,division,2861,NA,NA,60.5246456526338,NA,NA,NA,NA,NA,NA,NA,NA,NA
2022-2023,Albemarle County,13970,Valley,division,4333,NA,NA,31.01646385110952,NA,NA,NA,NA,NA,NA,NA,NA,NA
2022-2023,Alexandria City,16089,Northern Virginia,division,11296,NA,NA,70.20945987942072,NA,NA,NA,NA,NA,NA,NA,NA,NA
2022-2023,Alleghany Highlands,2880,Western Virginia,division,1483,NA,NA,51.49305555555556,NA,NA,NA,NA,NA,NA,NA,NA,NA
2022-2023,Amelia County,1663,Southside,division,827,NA,NA,49.7294046903187,NA,NA,NA,NA,NA,NA,NA,NA,NA
2022-2023,Amherst County,3987,Valley,division,1980,NA,NA,49.66139954853273,NA,NA,NA,NA,NA,NA,NA,NA,NA
2022-2023,Appomattox County,2361,Southside,division,1182,NA,NA,50.06353240152478,NA,NA,NA,NA,NA,NA,NA,NA,NA
2022-2023,Arlington County,27582,Northern Virginia,division,7855,NA,NA,28.478718004495683,NA,NA,NA,NA,NA,NA,NA,NA,NA
2022-2023,Augusta County,10077,Valley,division,4479,NA,NA,44.447752307234296,NA,NA,NA,NA,NA,NA,NA,NA,NA
2022-2023,Bath County,504,Valley,division,278,NA,NA,55.158730158730165,NA,NA,NA,NA,NA,NA,NA,NA,NA
2022-2023,Bedford County,9090,Valley,division,3609,NA,NA,39.70297029702971,NA,NA,NA,NA,NA,NA,NA,NA,NA
2022-2023,Bland County,796,Southwest,division,391,NA,NA,49.120603015075375,NA,NA,NA,NA,NA,NA,NA,NA,NA
2022-2023,Botetourt County,4494,Western Virginia,division,1562,NA,NA,34.75745438362261,NA,NA,NA,NA,NA,NA,NA,NA,NA
2022-2023,Bristol City,2195,Southwest,division,1283,NA,NA,58.4510250569476,NA,NA,NA,NA,NA,NA,NA,NA,NA
2022-2023,Brunswick County,1405,Southside,division,1023,NA,NA,72.81138790035587,NA,NA,NA,NA,NA,NA,NA,NA,NA
2022-2023,Buchanan County,2462,Southwest,division,1550,NA,NA,62.956945572705116,NA,NA,NA,NA,NA,NA,NA,NA,NA
2022-2023,Buckingham County,1992,Southside,division,1261,NA,NA,63.30321285140562,NA,NA,NA,NA,NA,NA,NA,NA,NA
2022-2023,Buena Vista City,890,Valley,division,475,NA,NA,53.37078651685393,NA,NA,NA,NA,NA,NA,NA,NA,NA
2022-2023,Campbell County,7873,Valley,division,3833,NA,NA,48.685380414073414,NA,NA,NA,NA,NA,NA,NA,NA,NA
2022-2023,Caroline County,4337,Northern Neck,division,2167,NA,NA,49.9654138805626,NA,NA,NA,NA,NA,NA,NA,NA,NA
2022-2023,Carroll County,3507,Southwest,division,1975,NA,NA,56.31593954947248,NA,NA,NA,NA,NA,NA,NA,NA,NA
2022-2023,Charles City County,562,Central Virginia,division,354,NA,NA,62.989323843416365,NA,NA,NA,NA,NA,NA,NA,NA,NA
2022-2023,Charlotte County,1668,Southside,division,907,NA,NA,54.376498800959226,NA,NA,NA,NA,NA,NA,NA,NA,NA
2022-2023,Charlottesville City,4491,Valley,division,2404,NA,NA,53.5292807837898,NA,NA,NA,NA,NA,NA,NA,NA,NA
2022-2023,Chesapeake City,40821,Tidewater,division,16378,NA,NA,40.12150608755298,NA,NA,NA,NA,NA,NA,NA,NA,NA
2022-2023,Chesterfield County,63962,Central Virginia,division,23947,NA,NA,37.43941715393515,NA,NA,NA,NA,NA,NA,NA,NA,NA
2022-2023,Clarke County,1894,Northern Virginia,division,567,NA,NA,29.936642027455125,NA,NA,NA,NA,NA,NA,NA,NA,NA
2022-2023,Colonial Beach,574,Northern Neck,division,297,NA,NA,51.742160278745644,NA,NA,NA,NA,NA,NA,NA,NA,NA
2022-2023,Colonial Heights City,2843,Central Virginia,division,1637,NA,NA,57.580021104467114,NA,NA,NA,NA,NA,NA,NA,NA,NA
2022-2023,Craig County,476,Western Virginia,division,247,NA,NA,51.89075630252101,NA,NA,NA,NA,NA,NA,NA,NA,NA
2022-2023,Culpeper County,8353,Northern Virginia,division,4063,NA,NA,48.64120675206512,NA,NA,NA,NA,NA,NA,NA,NA,NA
2022-2023,Cumberland County,1283,Southside,division,638,NA,NA,49.727201870615744,NA,NA,NA,NA,NA,NA,NA,NA,NA
2022-2023,Danville City,5685,Western Virginia,division,4593,NA,NA,80.7915567282322,NA,NA,NA,NA,NA,NA,NA,NA,NA
2022-2023,Dickenson County,1946,Southwest,division,1216,NA,NA,62.48715313463515,NA,NA,NA,NA,NA,NA,NA,NA,NA
2022-2023,Dinwiddie County,4257,Central Virginia,division,2440,NA,NA,57.317359642941035,NA,NA,NA,NA,NA,NA,NA,NA,NA
2022-2023,Essex County,1181,Northern Neck,division,614,NA,NA,51.989839119390346,NA,NA,NA,NA,NA,NA,NA,NA,NA
2022-2023,Fairfax County,180127,Northern Virginia,division,67126,NA,NA,37.265929038955846,NA,NA,NA,NA,NA,NA,NA,NA,NA
2022-2023,Falls Church City,2507,Northern Virginia,division,166,NA,NA,6.6214599122457125,NA,NA,NA,NA,NA,NA,NA,NA,NA
2022-2023,Fauquier County,10839,Northern Virginia,division,3448,NA,NA,31.81105268013654,NA,NA,NA,NA,NA,NA,NA,NA,NA
2022-2023,Floyd County,1750,Western Virginia,division,789,NA,NA,45.08571428571428,NA,NA,NA,NA,NA,NA,NA,NA,NA
2022-2023,Fluvanna County,3439,Valley,division,1410,NA,NA,41.00029078220413,NA,NA,NA,NA,NA,NA,NA,NA,NA
2022-2023,Franklin City,1023,Tidewater,division,667,NA,NA,65.20039100684262,NA,NA,NA,NA,NA,NA,NA,NA,NA
2022-2023,Franklin County,6252,Western Virginia,division,3009,NA,NA,48.12859884836852,NA,NA,NA,NA,NA,NA,NA,NA,NA
2022-2023,Frederick County,13962,Northern Virginia,division,5712,NA,NA,40.91104426299957,NA,NA,NA,NA,NA,NA,NA,NA,NA
2022-2023,Fredericksburg City,3762,Northern Neck,division,2015,NA,NA,53.56193514088251,NA,NA,NA,NA,NA,NA,NA,NA,NA
2022-2023,Galax City,1394,Southwest,division,855,NA,NA,61.33428981348638,NA,NA,NA,NA,NA,NA,NA,NA,NA
2022-2023,Giles County,3462,Southwest,division,1447,NA,NA,41.79664933564414,NA,NA,NA,NA,NA,NA,NA,NA,NA
2022-2023,Gloucester County,5093,Northern Neck,division,2112,NA,NA,41.46868250539957,NA,NA,NA,NA,NA,NA,NA,NA,NA
2022-2023,Goochland County,2643,Central Virginia,division,820,NA,NA,31.0253499810821,NA,NA,NA,NA,NA,NA,NA,NA,NA
2022-2023,Grayson County,1561,Southwest,division,965,NA,NA,61.8193465727098,NA,NA,NA,NA,NA,NA,NA,NA,NA
2022-2023,Greene County,2838,Valley,division,1306,NA,NA,46.01832276250881,NA,NA,NA,NA,NA,NA,NA,NA,NA
2022-2023,Greensville County,2034,Southside,division,1176,NA,NA,57.817109144542776,NA,NA,NA,NA,NA,NA,NA,NA,NA
2022-2023,Halifax County,4625,Southside,division,2666,NA,NA,57.64324324324325,NA,NA,NA,NA,NA,NA,NA,NA,NA
2022-2023,Hampton City,19796,Tidewater,division,10459,NA,NA,52.83390583956354,NA,NA,NA,NA,NA,NA,NA,NA,NA
2022-2023,Hanover County,17066,Central Virginia,division,5108,NA,NA,29.93085667408883,NA,NA,NA,NA,NA,NA,NA,NA,NA
2022-2023,Harrisonburg City,6684,Valley,division,3404,NA,NA,50.927588270496706,NA,NA,NA,NA,NA,NA,NA,NA,NA
2022-2023,Henrico County,50389,Central Virginia,division,22185,NA,NA,44.027466312091924,NA,NA,NA,NA,NA,NA,NA,NA,NA
2022-2023,Henry County,7010,Western Virginia,division,4790,NA,NA,68.33095577746077,NA,NA,NA,NA,NA,NA,NA,NA,NA
2022-2023,Highland County,200,Valley,division,88,NA,NA,44,NA,NA,NA,NA,NA,NA,NA,NA,NA
2022-2023,Hopewell City,3985,Central Virginia,division,3636,NA,NA,91.24215809284819,NA,NA,NA,NA,NA,NA,NA,NA,NA
2022-2023,Isle of Wight County,5629,Tidewater,division,2019,NA,NA,35.86782732279268,NA,NA,NA,NA,NA,NA,NA,NA,NA
2022-2023,King George County,4521,Northern Neck,division,1514,NA,NA,33.48816633488166,NA,NA,NA,NA,NA,NA,NA,NA,NA
2022-2023,King William County,2084,Northern Neck,division,728,NA,NA,34.93282149712092,NA,NA,NA,NA,NA,NA,NA,NA,NA
2022-2023,King and Queen County,858,Northern Neck,division,515,NA,NA,60.02331002331003,NA,NA,NA,NA,NA,NA,NA,NA,NA
2022-2023,Lancaster County,1039,Northern Neck,division,658,NA,NA,63.33012512030799,NA,NA,NA,NA,NA,NA,NA,NA,NA
2022-2023,Lee County,2949,Southwest,division,1959,NA,NA,66.4292980671414,NA,NA,NA,NA,NA,NA,NA,NA,NA
2022-2023,Lexington City,487,Valley,division,139,NA,NA,28.54209445585216,NA,NA,NA,NA,NA,NA,NA,NA,NA
2022-2023,Loudoun County,82082,Northern Virginia,division,19832,NA,NA,24.161204649009527,NA,NA,NA,NA,NA,NA,NA,NA,NA
2022-2023,Louisa County,5173,Valley,division,2138,NA,NA,41.32998260197178,NA,NA,NA,NA,NA,NA,NA,NA,NA
2022-2023,Lunenburg County,1575,Southside,division,977,NA,NA,62.031746031746025,NA,NA,NA,NA,NA,NA,NA,NA,NA
2022-2023,Lynchburg City,7903,Valley,division,4983,NA,NA,63.05200556750601,NA,NA,NA,NA,NA,NA,NA,NA,NA
2022-2023,Madison County,1683,Northern Virginia,division,784,NA,NA,46.583481877599525,NA,NA,NA,NA,NA,NA,NA,NA,NA
2022-2023,Manassas City,7711,Northern Virginia,division,3435,NA,NA,44.546751394112306,NA,NA,NA,NA,NA,NA,NA,NA,NA
2022-2023,Manassas Park City,3434,Northern Virginia,division,1665,NA,NA,48.48573092603378,NA,NA,NA,NA,NA,NA,NA,NA,NA
2022-2023,Martinsville City,1810,Western Virginia,division,1372,NA,NA,75.80110497237568,NA,NA,NA,NA,NA,NA,NA,NA,NA
2022-2023,Mathews County,911,Northern Neck,division,424,NA,NA,46.54226125137212,NA,NA,NA,NA,NA,NA,NA,NA,NA
2022-2023,Mecklenburg County,3973,Southside,division,2478,NA,NA,62.37100427888246,NA,NA,NA,NA,NA,NA,NA,NA,NA
2022-2023,Middlesex County,1244,Northern Neck,division,790,NA,NA,63.5048231511254,NA,NA,NA,NA,NA,NA,NA,NA,NA
2022-2023,Montgomery County,9730,Western Virginia,division,3845,NA,NA,39.51695786228161,NA,NA,NA,NA,NA,NA,NA,NA,NA
2022-2023,Nelson County,1480,Valley,division,927,NA,NA,62.63513513513514,NA,NA,NA,NA,NA,NA,NA,NA,NA
2022-2023,New Kent County,3436,Central Virginia,division,831,NA,NA,24.18509895227008,NA,NA,NA,NA,NA,NA,NA,NA,NA
2022-2023,Newport News City,26562,Tidewater,division,16923,NA,NA,63.71131691890671,NA,NA,NA,NA,NA,NA,NA,NA,NA
2022-2023,Norfolk City,27309,Tidewater,division,16640,NA,NA,60.93229338313376,NA,NA,NA,NA,NA,NA,NA,NA,NA
2022-2023,Northampton County,1359,Tidewater,division,963,NA,NA,70.86092715231787,NA,NA,NA,NA,NA,NA,NA,NA,NA
2022-2023,Northumberland County,1200,Northern Neck,division,726,NA,NA,60.5,NA,NA,NA,NA,NA,NA,NA,NA,NA
2022-2023,Norton City,815,Southwest,division,441,NA,NA,54.11042944785276,NA,NA,NA,NA,NA,NA,NA,NA,NA
2022-2023,Nottoway County,1811,Southside,division,1217,NA,NA,67.20044174489233,NA,NA,NA,NA,NA,NA,NA,NA,NA
2022-2023,Orange County,5042,Northern Virginia,division,2223,NA,NA,44.089646965489884,NA,NA,NA,NA,NA,NA,NA,NA,NA
2022-2023,Page County,3033,Northern Virginia,division,1507,NA,NA,49.68677876689746,NA,NA,NA,NA,NA,NA,NA,NA,NA
2022-2023,Patrick County,2482,Western Virginia,division,1201,NA,NA,48.3883964544722,NA,NA,NA,NA,NA,NA,NA,NA,NA
2022-2023,Petersburg City,4272,Central Virginia,division,3670,NA,NA,85.90823970037454,NA,NA,NA,NA,NA,NA,NA,NA,NA
2022-2023,Pittsylvania County,7919,Western Virginia,division,3646,NA,NA,46.041166813991666,NA,NA,NA,NA,NA,NA,NA,NA,NA
2022-2023,Poquoson City,2085,Tidewater,division,476,NA,NA,22.829736211031175,NA,NA,NA,NA,NA,NA,NA,NA,NA
2022-2023,Portsmouth City,13371,Tidewater,division,8975,NA,NA,67.1228778700172,NA,NA,NA,NA,NA,NA,NA,NA,NA
2022-2023,Powhatan County,4251,Central Virginia,division,1162,NA,NA,27.334744765937423,NA,NA,NA,NA,NA,NA,NA,NA,NA
2022-2023,Prince Edward County,1889,Southside,division,932,NA,NA,49.33827421916358,NA,NA,NA,NA,NA,NA,NA,NA,NA
2022-2023,Prince George County,6106,Central Virginia,division,3280,NA,NA,53.71765476580413,NA,NA,NA,NA,NA,NA,NA,NA,NA
2022-2023,Prince William County,91180,Northern Virginia,division,37794,NA,NA,41.449879359508664,NA,NA,NA,NA,NA,NA,NA,NA,NA
2022-2023,Pulaski County,3988,Southwest,division,2065,NA,NA,51.78034102306921,NA,NA,NA,NA,NA,NA,NA,NA,NA
2022-2023,Radford City,3690,Southwest,division,1596,NA,NA,43.2520325203252,NA,NA,NA,NA,NA,NA,NA,NA,NA
2022-2023,Rappahannock County,736,Northern Virginia,division,298,NA,NA,40.48913043478261,NA,NA,NA,NA,NA,NA,NA,NA,NA
2022-2023,Richmond City,21705,Central Virginia,division,14830,NA,NA,68.32527067495968,NA,NA,NA,NA,NA,NA,NA,NA,NA
2022-2023,Richmond County,1346,Northern Neck,division,690,NA,NA,51.2630014858841,NA,NA,NA,NA,NA,NA,NA,NA,NA
2022-2023,Roanoke City,13707,Western Virginia,division,8295,NA,NA,60.516524403589415,NA,NA,NA,NA,NA,NA,NA,NA,NA
2022-2023,Roanoke County,13819,Western Virginia,division,4863,NA,NA,35.190679499240176,NA,NA,NA,NA,NA,NA,NA,NA,NA
2022-2023,Rockbridge County,2550,Valley,division,1355,NA,NA,53.13725490196079,NA,NA,NA,NA,NA,NA,NA,NA,NA
2022-2023,Rockingham County,11516,Valley,division,5502,NA,NA,47.777005904828066,NA,NA,NA,NA,NA,NA,NA,NA,NA
2022-2023,Russell County,3375,Southwest,division,2155,NA,NA,63.85185185185185,NA,NA,NA,NA,NA,NA,NA,NA,NA
2022-2023,Salem City,3750,Western Virginia,division,1707,NA,NA,45.519999999999996,NA,NA,NA,NA,NA,NA,NA,NA,NA
2022-2023,Scott County,4028,Southwest,division,2323,NA,NA,57.67130089374379,NA,NA,NA,NA,NA,NA,NA,NA,NA
2022-2023,Shenandoah County,5630,Northern Virginia,division,2786,NA,NA,49.48490230905861,NA,NA,NA,NA,NA,NA,NA,NA,NA
2022-2023,Smyth County,3983,Southwest,division,2266,NA,NA,56.891790107958826,NA,NA,NA,NA,NA,NA,NA,NA,NA
2022-2023,Southampton County,2579,Tidewater,division,1154,NA,NA,44.746025591314464,NA,NA,NA,NA,NA,NA,NA,NA,NA
2022-2023,Spotsylvania County,24260,Northern Neck,division,11816,NA,NA,48.70568837592745,NA,NA,NA,NA,NA,NA,NA,NA,NA
2022-2023,Stafford County,31160,Northern Neck,division,11654,NA,NA,37.400513478819,NA,NA,NA,NA,NA,NA,NA,NA,NA
2022-2023,Staunton City,2695,Valley,division,794,NA,NA,29.461966604823747,NA,NA,NA,NA,NA,NA,NA,NA,NA
2022-2023,Suffolk City,14490,Tidewater,division,5837,NA,NA,40.28295376121463,NA,NA,NA,NA,NA,NA,NA,NA,NA
2022-2023,Surry County,685,Central Virginia,division,392,NA,NA,57.22627737226277,NA,NA,NA,NA,NA,NA,NA,NA,NA
2022-2023,Sussex County,998,Central Virginia,division,710,NA,NA,71.14228456913828,NA,NA,NA,NA,NA,NA,NA,NA,NA
2022-2023,Tazewell County,5422,Southwest,division,3213,NA,NA,59.25857617115455,NA,NA,NA,NA,NA,NA,NA,NA,NA
2022-2023,Virginia Beach City,65550,Tidewater,division,30111,NA,NA,45.93592677345538,NA,NA,NA,NA,NA,NA,NA,NA,NA
2022-2023,Warren County,5170,Northern Virginia,division,2269,NA,NA,43.887814313346226,NA,NA,NA,NA,NA,NA,NA,NA,NA
2022-2023,Washington County,6745,Southwest,division,3595,NA,NA,53.29873980726464,NA,NA,NA,NA,NA,NA,NA,NA,NA
2022-2023,Waynesboro City,3043,Valley,division,1991,NA,NA,65.428853105488,NA,NA,NA,NA,NA,NA,NA,NA,NA
2022-2023,West Point,810,Northern Neck,division,332,NA,NA,40.98765432098765,NA,NA,NA,NA,NA,NA,NA,NA,NA
2022-2023,Westmoreland County,1561,Northern Neck,division,1029,NA,NA,65.91928251121077,NA,NA,NA,NA,NA,NA,NA,NA,NA
2022-2023,Williamsburg-James City County,11642,Tidewater,division,4081,NA,NA,35.05411441333104,NA,NA,NA,NA,NA,NA,NA,NA,NA
2022-2023,Winchester City,4268,Northern Virginia,division,2616,NA,NA,61.293345829428304,NA,NA,NA,NA,NA,NA,NA,NA,NA
2022-2023,Wise County,5913,Southwest,division,3548,NA,NA,60.0033823778116,NA,NA,NA,NA,NA,NA,NA,NA,NA
2022-2023,Wythe County,3880,Southwest,division,1898,NA,NA,48.91752577319588,NA,NA,NA,NA,NA,NA,NA,NA,NA
2022-2023,York County,12957,Tidewater,division,3722,NA,NA,28.72578528980474,NA,NA,NA,NA,NA,NA,NA,NA,NA
2023-2024,Accomack County,4726,Tidewater,division,2600,NA,NA,55.01481168006771,NA,NA,NA,NA,NA,NA,NA,NA,NA
2023-2024,Albemarle County,13835,Valley,division,4197,NA,NA,30.33610408384532,NA,NA,NA,NA,NA,NA,NA,NA,NA
2023-2024,Alexandria City,16439,Northern Virginia,division,10981,NA,NA,66.79846706004014,NA,NA,NA,NA,NA,NA,NA,NA,NA
2023-2024,Alleghany Highlands,2836,Western Virginia,division,1273,NA,NA,44.88716502115656,NA,NA,NA,NA,NA,NA,NA,NA,NA
2023-2024,Amelia County,1606,Southside,division,849,NA,NA,52.86425902864259,NA,NA,NA,NA,NA,NA,NA,NA,NA
2023-2024,Amherst County,3965,Valley,division,2062,NA,NA,52.00504413619168,NA,NA,NA,NA,NA,NA,NA,NA,NA
2023-2024,Appomattox County,2372,Southside,division,1194,NA,NA,50.337268128161895,NA,NA,NA,NA,NA,NA,NA,NA,NA
2023-2024,Arlington County,27536,Northern Virginia,division,7664,NA,NA,27.832655432887854,NA,NA,NA,NA,NA,NA,NA,NA,NA
2023-2024,Augusta County,10144,Valley,division,4276,NA,NA,42.15299684542587,NA,NA,NA,NA,NA,NA,NA,NA,NA
2023-2024,Bath County,509,Valley,division,271,NA,NA,53.24165029469549,NA,NA,NA,NA,NA,NA,NA,NA,NA
2023-2024,Bedford County,9061,Valley,division,3672,NA,NA,40.52532833020638,NA,NA,NA,NA,NA,NA,NA,NA,NA
2023-2024,Bland County,793,Southwest,division,427,NA,NA,53.84615384615385,NA,NA,NA,NA,NA,NA,NA,NA,NA
2023-2024,Botetourt County,4488,Western Virginia,division,1523,NA,NA,33.9349376114082,NA,NA,NA,NA,NA,NA,NA,NA,NA
2023-2024,Bristol City,2154,Southwest,division,1394,NA,NA,64.71680594243269,NA,NA,NA,NA,NA,NA,NA,NA,NA
2023-2024,Brunswick County,1395,Southside,division,1074,NA,NA,76.98924731182795,NA,NA,NA,NA,NA,NA,NA,NA,NA
2023-2024,Buchanan County,2378,Southwest,division,1359,NA,NA,57.14886459209419,NA,NA,NA,NA,NA,NA,NA,NA,NA
2023-2024,Buckingham County,1966,Southside,division,1183,NA,NA,60.17293997965412,NA,NA,NA,NA,NA,NA,NA,NA,NA
2023-2024,Buena Vista City,856,Valley,division,463,NA,NA,54.08878504672897,NA,NA,NA,NA,NA,NA,NA,NA,NA
2023-2024,Campbell County,7896,Valley,division,3833,NA,NA,48.5435663627153,NA,NA,NA,NA,NA,NA,NA,NA,NA
2023-2024,Caroline County,4564,Northern Neck,division,2248,NA,NA,49.25503943908852,NA,NA,NA,NA,NA,NA,NA,NA,NA
2023-2024,Carroll County,3444,Southwest,division,1982,NA,NA,57.549361207897796,NA,NA,NA,NA,NA,NA,NA,NA,NA
2023-2024,Charles City County,530,Central Virginia,division,282,NA,NA,53.20754716981132,NA,NA,NA,NA,NA,NA,NA,NA,NA
2023-2024,Charlotte County,1705,Southside,division,982,NA,NA,57.59530791788856,NA,NA,NA,NA,NA,NA,NA,NA,NA
2023-2024,Charlottesville City,4444,Valley,division,2805,NA,NA,63.11881188118812,NA,NA,NA,NA,NA,NA,NA,NA,NA
2023-2024,Chesapeake City,40640,Tidewater,division,11905,NA,NA,29.293799212598426,NA,NA,NA,NA,NA,NA,NA,NA,NA
2023-2024,Chesterfield County,64183,Central Virginia,division,20975,NA,NA,32.67999314460216,NA,NA,NA,NA,NA,NA,NA,NA,NA
2023-2024,Clarke County,1924,Northern Virginia,division,615,NA,NA,31.964656964656964,NA,NA,NA,NA,NA,NA,NA,NA,NA
2023-2024,Colonial Beach,605,Northern Neck,division,356,NA,NA,58.84297520661157,NA,NA,NA,NA,NA,NA,NA,NA,NA
2023-2024,Colonial Heights City,2931,Central Virginia,division,1671,NA,NA,57.01125895598772,NA,NA,NA,NA,NA,NA,NA,NA,NA
2023-2024,Craig County,470,Western Virginia,division,246,NA,NA,52.34042553191489,NA,NA,NA,NA,NA,NA,NA,NA,NA
2023-2024,Culpeper County,8368,Northern Virginia,division,3763,NA,NA,44.968929254302104,NA,NA,NA,NA,NA,NA,NA,NA,NA
2023-2024,Cumberland County,1233,Southside,division,536,NA,NA,43.47120843471208,NA,NA,NA,NA,NA,NA,NA,NA,NA
2023-2024,Danville City,5580,Western Virginia,division,4426,NA,NA,79.3189964157706,NA,NA,NA,NA,NA,NA,NA,NA,NA
2023-2024,Dickenson County,1883,Southwest,division,1224,NA,NA,65.00265533722784,NA,NA,NA,NA,NA,NA,NA,NA,NA
2023-2024,Dinwiddie County,4258,Central Virginia,division,2431,NA,NA,57.09253170502583,NA,NA,NA,NA,NA,NA,NA,NA,NA
2023-2024,Essex County,1163,Northern Neck,division,812,NA,NA,69.81943250214961,NA,NA,NA,NA,NA,NA,NA,NA,NA
2023-2024,Fairfax County,180970,Northern Virginia,division,69724,NA,NA,38.52793280654252,NA,NA,NA,NA,NA,NA,NA,NA,NA
2023-2024,Falls Church City,2616,Northern Virginia,division,305,NA,NA,11.65902140672783,NA,NA,NA,NA,NA,NA,NA,NA,NA
2023-2024,Fauquier County,10845,Northern Virginia,division,3494,NA,NA,32.21761180267404,NA,NA,NA,NA,NA,NA,NA,NA,NA
2023-2024,Floyd County,1713,Western Virginia,division,744,NA,NA,43.43257443082312,NA,NA,NA,NA,NA,NA,NA,NA,NA
2023-2024,Fluvanna County,3372,Valley,division,1230,NA,NA,36.47686832740214,NA,NA,NA,NA,NA,NA,NA,NA,NA
2023-2024,Franklin City,1015,Tidewater,division,717,NA,NA,70.64039408866995,NA,NA,NA,NA,NA,NA,NA,NA,NA
2023-2024,Franklin County,6160,Western Virginia,division,3288,NA,NA,53.37662337662338,NA,NA,NA,NA,NA,NA,NA,NA,NA
2023-2024,Frederick County,14173,Northern Virginia,division,5824,NA,NA,41.092217596839056,NA,NA,NA,NA,NA,NA,NA,NA,NA
2023-2024,Fredericksburg City,3578,Northern Neck,division,2145,NA,NA,59.94969256567914,NA,NA,NA,NA,NA,NA,NA,NA,NA
2023-2024,Galax City,1418,Southwest,division,868,NA,NA,61.212976022567,NA,NA,NA,NA,NA,NA,NA,NA,NA
2023-2024,Giles County,3499,Southwest,division,1296,NA,NA,37.03915404401258,NA,NA,NA,NA,NA,NA,NA,NA,NA
2023-2024,Gloucester County,5016,Northern Neck,division,2150,NA,NA,42.8628389154705,NA,NA,NA,NA,NA,NA,NA,NA,NA
2023-2024,Goochland County,2572,Central Virginia,division,824,NA,NA,32.03732503888025,NA,NA,NA,NA,NA,NA,NA,NA,NA
2023-2024,Grayson County,1576,Southwest,division,881,NA,NA,55.901015228426395,NA,NA,NA,NA,NA,NA,NA,NA,NA
2023-2024,Greene County,2818,Valley,division,1225,NA,NA,43.47054648687012,NA,NA,NA,NA,NA,NA,NA,NA,NA
2023-2024,Greensville County,2027,Southside,division,1389,NA,NA,68.52491366551554,NA,NA,NA,NA,NA,NA,NA,NA,NA
2023-2024,Halifax County,4578,Southside,division,2660,NA,NA,58.103975535168196,NA,NA,NA,NA,NA,NA,NA,NA,NA
2023-2024,Hampton City,19661,Tidewater,division,9916,NA,NA,50.43487106454402,NA,NA,NA,NA,NA,NA,NA,NA,NA
2023-2024,Hanover County,16820,Central Virginia,division,5601,NA,NA,33.29964328180737,NA,NA,NA,NA,NA,NA,NA,NA,NA
2023-2024,Harrisonburg City,6791,Valley,division,3575,NA,NA,52.64320424090708,NA,NA,NA,NA,NA,NA,NA,NA,NA
2023-2024,Henrico County,50464,Central Virginia,division,21387,NA,NA,42.380707038681045,NA,NA,NA,NA,NA,NA,NA,NA,NA
2023-2024,Henry County,6938,Western Virginia,division,4869,NA,NA,70.17872585759585,NA,NA,NA,NA,NA,NA,NA,NA,NA
2023-2024,Highland County,212,Valley,division,92,NA,NA,43.39622641509434,NA,NA,NA,NA,NA,NA,NA,NA,NA
2023-2024,Hopewell City,3946,Central Virginia,division,3383,NA,NA,85.73238722757223,NA,NA,NA,NA,NA,NA,NA,NA,NA
2023-2024,Isle of Wight County,5594,Tidewater,division,1900,NA,NA,33.964962459778334,NA,NA,NA,NA,NA,NA,NA,NA,NA
2023-2024,King George County,4544,Northern Neck,division,1732,NA,NA,38.11619718309859,NA,NA,NA,NA,NA,NA,NA,NA,NA
2023-2024,King William County,2106,Northern Neck,division,898,NA,NA,42.64007597340931,NA,NA,NA,NA,NA,NA,NA,NA,NA
2023-2024,King and Queen County,855,Northern Neck,division,452,NA,NA,52.865497076023395,NA,NA,NA,NA,NA,NA,NA,NA,NA
2023-2024,Lancaster County,1020,Northern Neck,division,625,NA,NA,61.274509803921575,NA,NA,NA,NA,NA,NA,NA,NA,NA
2023-2024,Lee County,2971,Southwest,division,1745,NA,NA,58.73443285089196,NA,NA,NA,NA,NA,NA,NA,NA,NA
2023-2024,Lexington City,511,Valley,division,164,NA,NA,32.093933463796475,NA,NA,NA,NA,NA,NA,NA,NA,NA
2023-2024,Loudoun County,82028,Northern Virginia,division,20012,NA,NA,24.3965475203589,NA,NA,NA,NA,NA,NA,NA,NA,NA
2023-2024,Louisa County,5211,Valley,division,2276,NA,NA,43.67683745922088,NA,NA,NA,NA,NA,NA,NA,NA,NA
2023-2024,Lunenburg County,1582,Southside,division,979,NA,NA,61.883691529709225,NA,NA,NA,NA,NA,NA,NA,NA,NA
2023-2024,Lynchburg City,7795,Valley,division,5083,NA,NA,65.20846696600385,NA,NA,NA,NA,NA,NA,NA,NA,NA
2023-2024,Madison County,1671,Northern Virginia,division,735,NA,NA,43.98563734290844,NA,NA,NA,NA,NA,NA,NA,NA,NA
2023-2024,Manassas City,7676,Northern Virginia,division,3522,NA,NA,45.883272537780094,NA,NA,NA,NA,NA,NA,NA,NA,NA
2023-2024,Manassas Park City,3410,Northern Virginia,division,1771,NA,NA,51.935483870967744,NA,NA,NA,NA,NA,NA,NA,NA,NA
2023-2024,Martinsville City,1807,Western Virginia,division,1337,NA,NA,73.99003873824019,NA,NA,NA,NA,NA,NA,NA,NA,NA
2023-2024,Mathews County,841,Northern Neck,division,329,NA,NA,39.12009512485137,NA,NA,NA,NA,NA,NA,NA,NA,NA
2023-2024,Mecklenburg County,3938,Southside,division,2472,NA,NA,62.7729812087354,NA,NA,NA,NA,NA,NA,NA,NA,NA
2023-2024,Middlesex County,1226,Northern Neck,division,805,NA,NA,65.66068515497552,NA,NA,NA,NA,NA,NA,NA,NA,NA
2023-2024,Montgomery County,9591,Western Virginia,division,3519,NA,NA,36.69064748201439,NA,NA,NA,NA,NA,NA,NA,NA,NA
2023-2024,Nelson County,1495,Valley,division,924,NA,NA,61.80602006688963,NA,NA,NA,NA,NA,NA,NA,NA,NA
2023-2024,New Kent County,3536,Central Virginia,division,1115,NA,NA,31.532805429864254,NA,NA,NA,NA,NA,NA,NA,NA,NA
2023-2024,Newport News City,26219,Tidewater,division,15626,NA,NA,59.59800144933064,NA,NA,NA,NA,NA,NA,NA,NA,NA
2023-2024,Norfolk City,26884,Tidewater,division,16741,NA,NA,62.27123939889897,NA,NA,NA,NA,NA,NA,NA,NA,NA
2023-2024,Northampton County,1334,Tidewater,division,898,NA,NA,67.31634182908546,NA,NA,NA,NA,NA,NA,NA,NA,NA
2023-2024,Northumberland County,1163,Northern Neck,division,685,NA,NA,58.89939810834049,NA,NA,NA,NA,NA,NA,NA,NA,NA
2023-2024,Norton City,807,Southwest,division,533,NA,NA,66.04708798017349,NA,NA,NA,NA,NA,NA,NA,NA,NA
2023-2024,Nottoway County,1818,Southside,division,1305,NA,NA,71.78217821782178,NA,NA,NA,NA,NA,NA,NA,NA,NA
2023-2024,Orange County,5082,Northern Virginia,division,2448,NA,NA,48.17001180637544,NA,NA,NA,NA,NA,NA,NA,NA,NA
2023-2024,Page County,3011,Northern Virginia,division,1662,NA,NA,55.197608767851214,NA,NA,NA,NA,NA,NA,NA,NA,NA
2023-2024,Patrick County,2379,Western Virginia,division,1194,NA,NA,50.1891551071879,NA,NA,NA,NA,NA,NA,NA,NA,NA
2023-2024,Petersburg City,4464,Central Virginia,division,3714,NA,NA,83.1989247311828,NA,NA,NA,NA,NA,NA,NA,NA,NA
2023-2024,Pittsylvania County,7861,Western Virginia,division,3222,NA,NA,40.98715176186236,NA,NA,NA,NA,NA,NA,NA,NA,NA
2023-2024,Poquoson City,2070,Tidewater,division,455,NA,NA,21.980676328502415,NA,NA,NA,NA,NA,NA,NA,NA,NA
2023-2024,Portsmouth City,13162,Tidewater,division,9006,NA,NA,68.42425163349036,NA,NA,NA,NA,NA,NA,NA,NA,NA
2023-2024,Powhatan County,4222,Central Virginia,division,1198,NA,NA,28.375177640928467,NA,NA,NA,NA,NA,NA,NA,NA,NA
2023-2024,Prince Edward County,1816,Southside,division,792,NA,NA,43.61233480176212,NA,NA,NA,NA,NA,NA,NA,NA,NA
2023-2024,Prince George County,6181,Central Virginia,division,3292,NA,NA,53.25999029283287,NA,NA,NA,NA,NA,NA,NA,NA,NA
2023-2024,Prince William County,90654,Northern Virginia,division,35119,NA,NA,38.73960332693538,NA,NA,NA,NA,NA,NA,NA,NA,NA
2023-2024,Pulaski County,4361,Southwest,division,2194,NA,NA,50.30956202705802,NA,NA,NA,NA,NA,NA,NA,NA,NA
2023-2024,Radford City,3207,Southwest,division,1258,NA,NA,39.226691612098534,NA,NA,NA,NA,NA,NA,NA,NA,NA
2023-2024,Rappahannock County,774,Northern Virginia,division,289,NA,NA,37.338501291989665,NA,NA,NA,NA,NA,NA,NA,NA,NA
2023-2024,Richmond City,21259,Central Virginia,division,14143,NA,NA,66.52711792652524,NA,NA,NA,NA,NA,NA,NA,NA,NA
2023-2024,Richmond County,1374,Northern Neck,division,695,NA,NA,50.58224163027657,NA,NA,NA,NA,NA,NA,NA,NA,NA
2023-2024,Roanoke City,13709,Western Virginia,division,8253,NA,NA,60.20132759501058,NA,NA,NA,NA,NA,NA,NA,NA,NA
2023-2024,Roanoke County,13803,Western Virginia,division,5216,NA,NA,37.78888647395494,NA,NA,NA,NA,NA,NA,NA,NA,NA
2023-2024,Rockbridge County,2496,Valley,division,1202,NA,NA,48.157051282051285,NA,NA,NA,NA,NA,NA,NA,NA,NA
2023-2024,Rockingham County,11570,Valley,division,5532,NA,NA,47.813310285220396,NA,NA,NA,NA,NA,NA,NA,NA,NA
2023-2024,Russell County,3454,Southwest,division,1663,NA,NA,48.147075854082225,NA,NA,NA,NA,NA,NA,NA,NA,NA
2023-2024,Salem City,4318,Western Virginia,division,1915,NA,NA,44.34923575729504,NA,NA,NA,NA,NA,NA,NA,NA,NA
2023-2024,Scott County,4274,Southwest,division,2194,NA,NA,51.33364529714554,NA,NA,NA,NA,NA,NA,NA,NA,NA
2023-2024,Shenandoah County,5693,Northern Virginia,division,2925,NA,NA,51.378886351659936,NA,NA,NA,NA,NA,NA,NA,NA,NA
2023-2024,Smyth County,3894,Southwest,division,2274,NA,NA,58.39753466872111,NA,NA,NA,NA,NA,NA,NA,NA,NA
2023-2024,Southampton County,2523,Tidewater,division,1223,NA,NA,48.474038842647644,NA,NA,NA,NA,NA,NA,NA,NA,NA
2023-2024,Spotsylvania County,24064,Northern Neck,division,12488,NA,NA,51.89494680851063,NA,NA,NA,NA,NA,NA,NA,NA,NA
2023-2024,Stafford County,31700,Northern Neck,division,12717,NA,NA,40.11671924290221,NA,NA,NA,NA,NA,NA,NA,NA,NA
2023-2024,Staunton City,2698,Valley,division,1312,NA,NA,48.62861378799111,NA,NA,NA,NA,NA,NA,NA,NA,NA
2023-2024,Suffolk City,14520,Tidewater,division,6495,NA,NA,44.731404958677686,NA,NA,NA,NA,NA,NA,NA,NA,NA
2023-2024,Surry County,694,Central Virginia,division,384,NA,NA,55.3314121037464,NA,NA,NA,NA,NA,NA,NA,NA,NA
2023-2024,Sussex County,994,Central Virginia,division,737,NA,NA,74.14486921529175,NA,NA,NA,NA,NA,NA,NA,NA,NA
2023-2024,Tazewell County,5307,Southwest,division,3041,NA,NA,57.301677030337295,NA,NA,NA,NA,NA,NA,NA,NA,NA
2023-2024,Virginia Beach City,65078,Tidewater,division,29798,NA,NA,45.78813116567811,NA,NA,NA,NA,NA,NA,NA,NA,NA
2023-2024,Warren County,5136,Northern Virginia,division,2304,NA,NA,44.85981308411215,NA,NA,NA,NA,NA,NA,NA,NA,NA
2023-2024,Washington County,6713,Southwest,division,3442,NA,NA,51.27364814538954,NA,NA,NA,NA,NA,NA,NA,NA,NA
2023-2024,Waynesboro City,3060,Valley,division,1749,NA,NA,57.15686274509804,NA,NA,NA,NA,NA,NA,NA,NA,NA
2023-2024,West Point,840,Northern Neck,division,317,NA,NA,37.73809523809524,NA,NA,NA,NA,NA,NA,NA,NA,NA
2023-2024,Westmoreland County,1579,Northern Neck,division,1040,NA,NA,65.86447118429386,NA,NA,NA,NA,NA,NA,NA,NA,NA
2023-2024,Williamsburg-James City County,11694,Tidewater,division,4085,NA,NA,34.9324439883701,NA,NA,NA,NA,NA,NA,NA,NA,NA
2023-2024,Winchester City,4236,Northern Virginia,division,2561,NA,NA,60.45797922568461,NA,NA,NA,NA,NA,NA,NA,NA,NA
2023-2024,Wise County,5883,Southwest,division,3751,NA,NA,63.75998640149584,NA,NA,NA,NA,NA,NA,NA,NA,NA
2023-2024,Wythe County,3803,Southwest,division,1895,NA,NA,49.82908230344465,NA,NA,NA,NA,NA,NA,NA,NA,NA
2023-2024,York County,13110,Tidewater,division,3863,NA,NA,29.46605644546148,NA,NA,NA,NA,NA,NA,NA,NA,NA
2024-2025,Accomack County,4623,Tidewater,division,3110,NA,NA,67.2723339822626,NA,NA,NA,NA,NA,NA,NA,NA,NA
2024-2025,Albemarle County,14173,Valley,division,3907,NA,NA,27.566499682494882,NA,NA,NA,NA,NA,NA,NA,NA,NA
2024-2025,Alexandria City,16613,Northern Virginia,division,7723,NA,NA,46.487690362968756,NA,NA,NA,NA,NA,NA,NA,NA,NA
2024-2025,Alleghany Highlands,2805,Western Virginia,division,1317,NA,NA,46.95187165775401,NA,NA,NA,NA,NA,NA,NA,NA,NA
2024-2025,Amelia County,1600,Southside,division,792,NA,NA,49.5,NA,NA,NA,NA,NA,NA,NA,NA,NA
2024-2025,Amherst County,3900,Valley,division,2253,NA,NA,57.769230769230774,NA,NA,NA,NA,NA,NA,NA,NA,NA
2024-2025,Appomattox County,2421,Southside,division,1064,NA,NA,43.9487814952499,NA,NA,NA,NA,NA,NA,NA,NA,NA
2024-2025,Arlington County,27986,Northern Virginia,division,7158,NA,NA,25.577074251411418,NA,NA,NA,NA,NA,NA,NA,NA,NA
2024-2025,Augusta County,10132,Valley,division,3779,NA,NA,37.29767074615081,NA,NA,NA,NA,NA,NA,NA,NA,NA
2024-2025,Bath County,509,Valley,division,248,NA,NA,48.722986247544206,NA,NA,NA,NA,NA,NA,NA,NA,NA
2024-2025,Bedford County,8932,Valley,division,3232,NA,NA,36.18450515002239,NA,NA,NA,NA,NA,NA,NA,NA,NA
2024-2025,Bland County,818,Southwest,division,428,NA,NA,52.32273838630807,NA,NA,NA,NA,NA,NA,NA,NA,NA
2024-2025,Botetourt County,4424,Western Virginia,division,1460,NA,NA,33.00180831826401,NA,NA,NA,NA,NA,NA,NA,NA,NA
2024-2025,Bristol City,2167,Southwest,division,1224,NA,NA,56.4836179049377,NA,NA,NA,NA,NA,NA,NA,NA,NA
2024-2025,Brunswick County,1369,Southside,division,953,NA,NA,69.6128560993426,NA,NA,NA,NA,NA,NA,NA,NA,NA
2024-2025,Buchanan County,2316,Southwest,division,1197,NA,NA,51.68393782383419,NA,NA,NA,NA,NA,NA,NA,NA,NA
2024-2025,Buckingham County,1868,Southside,division,932,NA,NA,49.892933618843685,NA,NA,NA,NA,NA,NA,NA,NA,NA
2024-2025,Buena Vista City,886,Valley,division,393,NA,NA,44.35665914221219,NA,NA,NA,NA,NA,NA,NA,NA,NA
2024-2025,Campbell County,7777,Valley,division,3580,NA,NA,46.033174746046036,NA,NA,NA,NA,NA,NA,NA,NA,NA
2024-2025,Caroline County,4576,Northern Neck,division,2116,NA,NA,46.24125874125874,NA,NA,NA,NA,NA,NA,NA,NA,NA
2024-2025,Carroll County,3438,Southwest,division,1994,NA,NA,57.99883653286795,NA,NA,NA,NA,NA,NA,NA,NA,NA
2024-2025,Charles City County,523,Central Virginia,division,339,NA,NA,64.81835564053537,NA,NA,NA,NA,NA,NA,NA,NA,NA
2024-2025,Charlotte County,1707,Southside,division,911,NA,NA,53.3684827182191,NA,NA,NA,NA,NA,NA,NA,NA,NA
2024-2025,Charlottesville City,4443,Valley,division,2328,NA,NA,52.397029034436194,NA,NA,NA,NA,NA,NA,NA,NA,NA
2024-2025,Chesapeake City,40685,Tidewater,division,13066,NA,NA,32.11503010937692,NA,NA,NA,NA,NA,NA,NA,NA,NA
2024-2025,Chesterfield County,64254,Central Virginia,division,26213,NA,NA,40.79590375696455,NA,NA,NA,NA,NA,NA,NA,NA,NA
2024-2025,Clarke County,1888,Northern Virginia,division,634,NA,NA,33.58050847457627,NA,NA,NA,NA,NA,NA,NA,NA,NA
2024-2025,Colonial Beach,593,Northern Neck,division,354,NA,NA,59.696458684654296,NA,NA,NA,NA,NA,NA,NA,NA,NA
2024-2025,Colonial Heights City,2971,Central Virginia,division,1819,NA,NA,61.22517670817906,NA,NA,NA,NA,NA,NA,NA,NA,NA
2024-2025,Craig County,507,Western Virginia,division,234,NA,NA,46.15384615384615,NA,NA,NA,NA,NA,NA,NA,NA,NA
2024-2025,Culpeper County,8381,Northern Virginia,division,3461,NA,NA,41.29578809211311,NA,NA,NA,NA,NA,NA,NA,NA,NA
2024-2025,Cumberland County,1278,Southside,division,741,NA,NA,57.981220657277,NA,NA,NA,NA,NA,NA,NA,NA,NA
2024-2025,Danville City,5565,Western Virginia,division,4434,NA,NA,79.6765498652291,NA,NA,NA,NA,NA,NA,NA,NA,NA
2024-2025,Dickenson County,1801,Southwest,division,938,NA,NA,52.08217656857301,NA,NA,NA,NA,NA,NA,NA,NA,NA
2024-2025,Dinwiddie County,4149,Central Virginia,division,2010,NA,NA,48.44540853217643,NA,NA,NA,NA,NA,NA,NA,NA,NA
2024-2025,Essex County,1092,Northern Neck,division,624,NA,NA,57.14285714285714,NA,NA,NA,NA,NA,NA,NA,NA,NA
2024-2025,Fairfax County,180558,Northern Virginia,division,73812,NA,NA,40.879938856212405,NA,NA,NA,NA,NA,NA,NA,NA,NA
2024-2025,Falls Church City,2677,Northern Virginia,division,281,NA,NA,10.496824803884945,NA,NA,NA,NA,NA,NA,NA,NA,NA
2024-2025,Fauquier County,10861,Northern Virginia,division,2646,NA,NA,24.362397569284596,NA,NA,NA,NA,NA,NA,NA,NA,NA
2024-2025,Floyd County,1666,Western Virginia,division,699,NA,NA,41.95678271308523,NA,NA,NA,NA,NA,NA,NA,NA,NA
2024-2025,Fluvanna County,3317,Valley,division,1177,NA,NA,35.483870967741936,NA,NA,NA,NA,NA,NA,NA,NA,NA
2024-2025,Franklin City,1125,Tidewater,division,627,NA,NA,55.733333333333334,NA,NA,NA,NA,NA,NA,NA,NA,NA
2024-2025,Franklin County,6109,Western Virginia,division,3107,NA,NA,50.859387788508755,NA,NA,NA,NA,NA,NA,NA,NA,NA
2024-2025,Frederick County,14449,Northern Virginia,division,6496,NA,NA,44.95812859021386,NA,NA,NA,NA,NA,NA,NA,NA,NA
2024-2025,Fredericksburg City,3632,Northern Neck,division,1920,NA,NA,52.863436123348016,NA,NA,NA,NA,NA,NA,NA,NA,NA
2024-2025,Galax City,1434,Southwest,division,862,NA,NA,60.111576011157595,NA,NA,NA,NA,NA,NA,NA,NA,NA
2024-2025,Giles County,3575,Southwest,division,1455,NA,NA,40.6993006993007,NA,NA,NA,NA,NA,NA,NA,NA,NA
2024-2025,Gloucester County,4956,Northern Neck,division,2232,NA,NA,45.036319612590795,NA,NA,NA,NA,NA,NA,NA,NA,NA
2024-2025,Goochland County,2643,Central Virginia,division,768,NA,NA,29.05788876276958,NA,NA,NA,NA,NA,NA,NA,NA,NA
2024-2025,Grayson County,1561,Southwest,division,950,NA,NA,60.858424087123645,NA,NA,NA,NA,NA,NA,NA,NA,NA
2024-2025,Greene County,2782,Valley,division,1238,NA,NA,44.50035945363048,NA,NA,NA,NA,NA,NA,NA,NA,NA
2024-2025,Greensville County,2017,Southside,division,1590,NA,NA,78.82994546355975,NA,NA,NA,NA,NA,NA,NA,NA,NA
2024-2025,Halifax County,4498,Southside,division,2582,NA,NA,57.40329035126723,NA,NA,NA,NA,NA,NA,NA,NA,NA
2024-2025,Hampton City,19475,Tidewater,division,10570,NA,NA,54.274711168164316,NA,NA,NA,NA,NA,NA,NA,NA,NA
2024-2025,Hanover County,16768,Central Virginia,division,4491,NA,NA,26.783158396946565,NA,NA,NA,NA,NA,NA,NA,NA,NA
2024-2025,Harrisonburg City,6823,Valley,division,3498,NA,NA,51.26777077531878,NA,NA,NA,NA,NA,NA,NA,NA,NA
2024-2025,Henrico County,50916,Central Virginia,division,21016,NA,NA,41.275826852070075,NA,NA,NA,NA,NA,NA,NA,NA,NA
2024-2025,Henry County,6916,Western Virginia,division,4484,NA,NA,64.83516483516483,NA,NA,NA,NA,NA,NA,NA,NA,NA
2024-2025,Highland County,208,Valley,division,96,NA,NA,46.15384615384615,NA,NA,NA,NA,NA,NA,NA,NA,NA
2024-2025,Hopewell City,3951,Central Virginia,division,3069,NA,NA,77.67653758542141,NA,NA,NA,NA,NA,NA,NA,NA,NA
2024-2025,Isle of Wight County,5519,Tidewater,division,1772,NA,NA,32.107265809023374,NA,NA,NA,NA,NA,NA,NA,NA,NA
2024-2025,King George County,4595,Northern Neck,division,1437,NA,NA,31.273122959738846,NA,NA,NA,NA,NA,NA,NA,NA,NA
2024-2025,King William County,2114,Northern Neck,division,906,NA,NA,42.857142857142854,NA,NA,NA,NA,NA,NA,NA,NA,NA
2024-2025,King and Queen County,611,Northern Neck,division,277,NA,NA,45.335515548281506,NA,NA,NA,NA,NA,NA,NA,NA,NA
2024-2025,Lancaster County,1018,Northern Neck,division,576,NA,NA,56.581532416502945,NA,NA,NA,NA,NA,NA,NA,NA,NA
2024-2025,Lee County,2966,Southwest,division,1929,NA,NA,65.03708698583951,NA,NA,NA,NA,NA,NA,NA,NA,NA
2024-2025,Lexington City,538,Valley,division,165,NA,NA,30.66914498141264,NA,NA,NA,NA,NA,NA,NA,NA,NA
2024-2025,Loudoun County,81578,Northern Virginia,division,20104,NA,NA,24.643899090441053,NA,NA,NA,NA,NA,NA,NA,NA,NA
2024-2025,Louisa County,5334,Valley,division,2406,NA,NA,45.10686164229472,NA,NA,NA,NA,NA,NA,NA,NA,NA
2024-2025,Lunenburg County,1577,Southside,division,921,NA,NA,58.40202916930881,NA,NA,NA,NA,NA,NA,NA,NA,NA
2024-2025,Lynchburg City,7703,Valley,division,5106,NA,NA,66.28586265091523,NA,NA,NA,NA,NA,NA,NA,NA,NA
2024-2025,Madison County,1586,Northern Virginia,division,589,NA,NA,37.137452711223204,NA,NA,NA,NA,NA,NA,NA,NA,NA
2024-2025,Manassas City,7663,Northern Virginia,division,3349,NA,NA,43.70351037452695,NA,NA,NA,NA,NA,NA,NA,NA,NA
2024-2025,Manassas Park City,3393,Northern Virginia,division,1863,NA,NA,54.907161803713535,NA,NA,NA,NA,NA,NA,NA,NA,NA
2024-2025,Martinsville City,1793,Western Virginia,division,1252,NA,NA,69.8271054099275,NA,NA,NA,NA,NA,NA,NA,NA,NA
2024-2025,Mathews County,791,Northern Neck,division,326,NA,NA,41.21365360303413,NA,NA,NA,NA,NA,NA,NA,NA,NA
2024-2025,Mecklenburg County,3907,Southside,division,2087,NA,NA,53.41694394676222,NA,NA,NA,NA,NA,NA,NA,NA,NA
2024-2025,Middlesex County,1249,Northern Neck,division,794,NA,NA,63.570856685348275,NA,NA,NA,NA,NA,NA,NA,NA,NA
2024-2025,Montgomery County,9484,Western Virginia,division,3560,NA,NA,37.536904259805986,NA,NA,NA,NA,NA,NA,NA,NA,NA
2024-2025,Nelson County,1493,Valley,division,777,NA,NA,52.04286671131949,NA,NA,NA,NA,NA,NA,NA,NA,NA
2024-2025,New Kent County,3572,Central Virginia,division,1020,NA,NA,28.555431131019038,NA,NA,NA,NA,NA,NA,NA,NA,NA
2024-2025,Newport News City,25933,Tidewater,division,14976,NA,NA,57.74881425211122,NA,NA,NA,NA,NA,NA,NA,NA,NA
2024-2025,Norfolk City,26807,Tidewater,division,15873,NA,NA,59.21214608124743,NA,NA,NA,NA,NA,NA,NA,NA,NA
2024-2025,Northampton County,1300,Tidewater,division,867,NA,NA,66.6923076923077,NA,NA,NA,NA,NA,NA,NA,NA,NA
2024-2025,Northumberland County,1162,Northern Neck,division,638,NA,NA,54.90533562822719,NA,NA,NA,NA,NA,NA,NA,NA,NA
2024-2025,Norton City,855,Southwest,division,472,NA,NA,55.2046783625731,NA,NA,NA,NA,NA,NA,NA,NA,NA
2024-2025,Nottoway County,1793,Southside,division,1326,NA,NA,73.9542665923034,NA,NA,NA,NA,NA,NA,NA,NA,NA
2024-2025,Orange County,5080,Northern Virginia,division,2220,NA,NA,43.7007874015748,NA,NA,NA,NA,NA,NA,NA,NA,NA
2024-2025,Page County,2929,Northern Virginia,division,1375,NA,NA,46.944349607374534,NA,NA,NA,NA,NA,NA,NA,NA,NA
2024-2025,Patrick County,2278,Western Virginia,division,1172,NA,NA,51.4486391571554,NA,NA,NA,NA,NA,NA,NA,NA,NA
2024-2025,Petersburg City,4582,Central Virginia,division,3179,NA,NA,69.38018332605849,NA,NA,NA,NA,NA,NA,NA,NA,NA
2024-2025,Pittsylvania County,7831,Western Virginia,division,2820,NA,NA,36.01072659941259,NA,NA,NA,NA,NA,NA,NA,NA,NA
2024-2025,Poquoson City,2065,Tidewater,division,524,NA,NA,25.375302663438255,NA,NA,NA,NA,NA,NA,NA,NA,NA
2024-2025,Portsmouth City,12911,Tidewater,division,8780,NA,NA,68.00402757338703,NA,NA,NA,NA,NA,NA,NA,NA,NA
2024-2025,Powhatan County,4081,Central Virginia,division,1028,NA,NA,25.189904435187454,NA,NA,NA,NA,NA,NA,NA,NA,NA
2024-2025,Prince Edward County,1845,Southside,division,688,NA,NA,37.289972899728994,NA,NA,NA,NA,NA,NA,NA,NA,NA
2024-2025,Prince George County,6221,Central Virginia,division,3467,NA,NA,55.73058993730912,NA,NA,NA,NA,NA,NA,NA,NA,NA
2024-2025,Prince William County,90629,Northern Virginia,division,30830,NA,NA,34.01780886912577,NA,NA,NA,NA,NA,NA,NA,NA,NA
2024-2025,Pulaski County,4385,Southwest,division,1913,NA,NA,43.62599771949829,NA,NA,NA,NA,NA,NA,NA,NA,NA
2024-2025,Radford City,3333,Southwest,division,1487,NA,NA,44.61446144614462,NA,NA,NA,NA,NA,NA,NA,NA,NA
2024-2025,Rappahannock County,774,Northern Virginia,division,268,NA,NA,34.62532299741602,NA,NA,NA,NA,NA,NA,NA,NA,NA
2024-2025,Richmond City,21427,Central Virginia,division,14158,NA,NA,66.07551220422832,NA,NA,NA,NA,NA,NA,NA,NA,NA
2024-2025,Richmond County,1400,Northern Neck,division,703,NA,NA,50.21428571428571,NA,NA,NA,NA,NA,NA,NA,NA,NA
2024-2025,Roanoke City,13883,Western Virginia,division,8562,NA,NA,61.672549160844206,NA,NA,NA,NA,NA,NA,NA,NA,NA
2024-2025,Roanoke County,13736,Western Virginia,division,4958,NA,NA,36.09493302271404,NA,NA,NA,NA,NA,NA,NA,NA,NA
2024-2025,Rockbridge County,2489,Valley,division,1083,NA,NA,43.51145038167939,NA,NA,NA,NA,NA,NA,NA,NA,NA
2024-2025,Rockingham County,11707,Valley,division,4903,NA,NA,41.88092594174426,NA,NA,NA,NA,NA,NA,NA,NA,NA
2024-2025,Russell County,3345,Southwest,division,1745,NA,NA,52.167414050822124,NA,NA,NA,NA,NA,NA,NA,NA,NA
2024-2025,Salem City,3984,Western Virginia,division,1796,NA,NA,45.08032128514056,NA,NA,NA,NA,NA,NA,NA,NA,NA
2024-2025,Scott County,4181,Southwest,division,1902,NA,NA,45.491509208323365,NA,NA,NA,NA,NA,NA,NA,NA,NA
2024-2025,Shenandoah County,5713,Northern Virginia,division,3081,NA,NA,53.92963416768774,NA,NA,NA,NA,NA,NA,NA,NA,NA
2024-2025,Smyth County,4133,Southwest,division,2308,NA,NA,55.8432131623518,NA,NA,NA,NA,NA,NA,NA,NA,NA
2024-2025,Southampton County,2363,Tidewater,division,1070,NA,NA,45.2814219212865,NA,NA,NA,NA,NA,NA,NA,NA,NA
2024-2025,Spotsylvania County,24095,Northern Neck,division,11081,NA,NA,45.98879435567545,NA,NA,NA,NA,NA,NA,NA,NA,NA
2024-2025,Stafford County,31992,Northern Neck,division,14459,NA,NA,45.19567391847962,NA,NA,NA,NA,NA,NA,NA,NA,NA
2024-2025,Staunton City,2694,Valley,division,1283,NA,NA,47.624350408314776,NA,NA,NA,NA,NA,NA,NA,NA,NA
2024-2025,Suffolk City,14568,Tidewater,division,6055,NA,NA,41.56370126304228,NA,NA,NA,NA,NA,NA,NA,NA,NA
2024-2025,Surry County,694,Central Virginia,division,380,NA,NA,54.7550432276657,NA,NA,NA,NA,NA,NA,NA,NA,NA
2024-2025,Sussex County,1047,Central Virginia,division,752,NA,NA,71.82425978987584,NA,NA,NA,NA,NA,NA,NA,NA,NA
2024-2025,Tazewell County,5139,Southwest,division,2977,NA,NA,57.92955827982098,NA,NA,NA,NA,NA,NA,NA,NA,NA
2024-2025,Virginia Beach City,64823,Tidewater,division,29498,NA,NA,45.505453311324686,NA,NA,NA,NA,NA,NA,NA,NA,NA
2024-2025,Warren County,5031,Northern Virginia,division,2164,NA,NA,43.01331743192208,NA,NA,NA,NA,NA,NA,NA,NA,NA
2024-2025,Washington County,7284,Southwest,division,2750,NA,NA,37.75398132894014,NA,NA,NA,NA,NA,NA,NA,NA,NA
2024-2025,Waynesboro City,3044,Valley,division,1639,NA,NA,53.843626806833115,NA,NA,NA,NA,NA,NA,NA,NA,NA
2024-2025,West Point,843,Northern Neck,division,313,NA,NA,37.129300118623966,NA,NA,NA,NA,NA,NA,NA,NA,NA
2024-2025,Westmoreland County,1574,Northern Neck,division,862,NA,NA,54.76493011435832,NA,NA,NA,NA,NA,NA,NA,NA,NA
2024-2025,Williamsburg-James City County,11729,Tidewater,division,3988,NA,NA,34.00119362264473,NA,NA,NA,NA,NA,NA,NA,NA,NA
2024-2025,Winchester City,4362,Northern Virginia,division,2564,NA,NA,58.780375974323704,NA,NA,NA,NA,NA,NA,NA,NA,NA
2024-2025,Wise County,5779,Southwest,division,3740,NA,NA,64.71707907942552,NA,NA,NA,NA,NA,NA,NA,NA,NA
2024-2025,Wythe County,3738,Southwest,division,1777,NA,NA,47.538790797217764,NA,NA,NA,NA,NA,NA,NA,NA,NA
2024-2025,York County,13225,Tidewater,division,3938,NA,NA,29.776937618147446,NA,NA,NA,NA,NA,NA,NA,NA,NA
2021-2022,Accomack County,408,Tidewater,school,198,701,Accawmacke Elementary,48.529411764705884,NA,NA,NA,NA,NA,NA,NA,NA,NA
2021-2022,Accomack County,687,Tidewater,school,263,540,Arcadia High,38.28238719068413,NA,NA,NA,NA,NA,NA,NA,NA,NA
2021-2022,Accomack County,547,Tidewater,school,264,704,Arcadia Middle,48.263254113345525,NA,NA,NA,NA,NA,NA,NA,NA,NA
2021-2022,Accomack County,226,Tidewater,school,58,80,Chincoteague Elementary,25.663716814159294,NA,NA,NA,NA,NA,NA,NA,NA,NA
2021-2022,Accomack County,266,Tidewater,school,79,580,Chincoteague High,29.69924812030075,NA,NA,NA,NA,NA,NA,NA,NA,NA
2021-2022,Accomack County,475,Tidewater,school,229,600,Kegotank Elementary,48.21052631578947,NA,NA,NA,NA,NA,NA,NA,NA,NA
2021-2022,Accomack County,558,Tidewater,school,185,702,Metompkin Elementary,33.15412186379928,NA,NA,NA,NA,NA,NA,NA,NA,NA
2021-2022,Accomack County,652,Tidewater,school,261,70,Nandua High,40.03067484662577,NA,NA,NA,NA,NA,NA,NA,NA,NA
2021-2022,Accomack County,455,Tidewater,school,275,703,Nandua Middle,60.43956043956044,NA,NA,NA,NA,NA,NA,NA,NA,NA
2021-2022,Accomack County,436,Tidewater,school,209,590,Pungoteague Elementary,47.935779816513765,NA,NA,NA,NA,NA,NA,NA,NA,NA
2021-2022,Accomack County,42,Tidewater,school,12,530,Tangier Combined,28.57142857142857,NA,NA,NA,NA,NA,NA,NA,NA,NA
2021-2022,Albemarle County,456,Valley,school,227,160,Agnor-Hurt Elementary,49.780701754385966,NA,NA,NA,NA,NA,NA,NA,NA,NA
2021-2022,Albemarle County,1917,Valley,school,524,880,Albemarle High,27.33437663015128,NA,NA,NA,NA,NA,NA,NA,NA,NA
2021-2022,Albemarle County,682,Valley,school,162,1053,Baker-Butler Elem,23.75366568914956,NA,NA,NA,NA,NA,NA,NA,NA,NA
2021-2022,Albemarle County,259,Valley,school,43,100,Broadus Wood Elementary,16.602316602316602,NA,NA,NA,NA,NA,NA,NA,NA,NA
2021-2022,Albemarle County,756,Valley,school,99,941,Brownsville Elementary,13.095238095238097,NA,NA,NA,NA,NA,NA,NA,NA,NA
2021-2022,Albemarle County,194,Valley,school,NA,890,Community Lab School,NA,NA,NA,NA,NA,NA,NA,NA,NA,NA
2021-2022,Albemarle County,325,Valley,school,59,340,Crozet Elementary,18.153846153846153,NA,NA,NA,NA,NA,NA,NA,NA,NA
2021-2022,Albemarle County,342,Valley,school,42,10,Hollymead Elementary,12.280701754385964,NA,NA,NA,NA,NA,NA,NA,NA,NA
2021-2022,Albemarle County,694,Valley,school,310,950,Jack Jouett Middle,44.668587896253605,NA,NA,NA,NA,NA,NA,NA,NA,NA
2021-2022,Albemarle County,600,Valley,school,232,69,Jackson P. Burley Middle,38.666666666666664,NA,NA,NA,NA,NA,NA,NA,NA,NA
2021-2022,Albemarle County,842,Valley,school,117,942,Joseph T. Henley Middle,13.895486935866982,NA,NA,NA,NA,NA,NA,NA,NA,NA
2021-2022,Albemarle County,548,Valley,school,105,1051,Lakeside Middle,19.16058394160584,NA,NA,NA,NA,NA,NA,NA,NA,NA
2021-2022,Albemarle County,331,Valley,school,106,20,Leslie H. Walton Middle,32.02416918429003,NA,NA,NA,NA,NA,NA,NA,NA,NA
2021-2022,Albemarle County,481,Valley,school,258,40,Mary Carr Greer Elementary,53.638253638253644,NA,NA,NA,NA,NA,NA,NA,NA,NA
2021-2022,Albemarle County,321,Valley,school,23,250,Meriwether Lewis Elementary,7.165109034267912,NA,NA,NA,NA,NA,NA,NA,NA,NA
2021-2022,Albemarle County,1220,Valley,school,379,1052,Monticello High,31.065573770491806,NA,NA,NA,NA,NA,NA,NA,NA,NA
2021-2022,Albemarle County,731,Valley,school,278,150,Mountain View Elementary,38.03009575923393,NA,NA,NA,NA,NA,NA,NA,NA,NA
2021-2022,Albemarle County,189,Valley,school,82,540,Red Hill Elementary,43.386243386243386,NA,NA,NA,NA,NA,NA,NA,NA,NA
2021-2022,Albemarle County,216,Valley,school,99,30,Scottsville Elementary,45.83333333333333,NA,NA,NA,NA,NA,NA,NA,NA,NA
2021-2022,Albemarle County,470,Valley,school,116,920,Stone Robinson Elementary,24.680851063829788,NA,NA,NA,NA,NA,NA,NA,NA,NA
2021-2022,Albemarle County,188,Valley,school,55,240,Stony Point Elementary,29.25531914893617,NA,NA,NA,NA,NA,NA,NA,NA,NA
2021-2022,Albemarle County,268,Valley,school,24,910,Virginia L. Murray Elementary,8.955223880597014,NA,NA,NA,NA,NA,NA,NA,NA,NA
2021-2022,Albemarle County,1157,Valley,school,133,140,Western Albemarle High,11.495246326707,NA,NA,NA,NA,NA,NA,NA,NA,NA
2021-2022,Albemarle County,562,Valley,school,301,930,Woodbrook Elementary,53.55871886120996,NA,NA,NA,NA,NA,NA,NA,NA,NA
2021-2022,Alexandria City,4402,Northern Virginia,school,NA,210,Alexandria City High,NA,NA,NA,NA,NA,NA,NA,NA,NA,NA
2021-2022,Alexandria City,550,Northern Virginia,school,202,120,Charles Barrett Elementary,36.72727272727273,NA,NA,NA,NA,NA,NA,NA,NA,NA
2021-2022,Alexandria City,278,Northern Virginia,school,177,160,Cora Kelly School for Math Science and Technology,63.66906474820144,NA,NA,NA,NA,NA,NA,NA,NA,NA
2021-2022,Alexandria City,567,Northern Virginia,school,216,110,Douglas Macarthur Elementary,38.095238095238095,NA,NA,NA,NA,NA,NA,NA,NA,NA
2021-2022,Alexandria City,179,Northern Virginia,school,103,360,Early Childhood Center,57.54189944134078,NA,NA,NA,NA,NA,NA,NA,NA,NA
2021-2022,Alexandria City,573,Northern Virginia,school,422,350,Ferdinand T. Day Elementary,73.64746945898779,NA,NA,NA,NA,NA,NA,NA,NA,NA
2021-2022,Alexandria City,1424,Northern Virginia,school,NA,140,Francis C. Hammond Middle,NA,NA,NA,NA,NA,NA,NA,NA,NA,NA
2021-2022,Alexandria City,347,Northern Virginia,school,117,100,George Mason Elementary,33.71757925072046,NA,NA,NA,NA,NA,NA,NA,NA,NA
2021-2022,Alexandria City,1447,Northern Virginia,school,710,130,George Washington Middle,49.06703524533518,NA,NA,NA,NA,NA,NA,NA,NA,NA
2021-2022,Alexandria City,757,Northern Virginia,school,468,220,James K. Polk Elementary,61.822985468956404,NA,NA,NA,NA,NA,NA,NA,NA,NA
2021-2022,Alexandria City,644,Northern Virginia,school,398,90,Jefferson-Houston PK-8 School,61.80124223602485,NA,NA,NA,NA,NA,NA,NA,NA,NA
2021-2022,Alexandria City,691,Northern Virginia,school,493,230,John Adams Elementary,71.34587554269174,NA,NA,NA,NA,NA,NA,NA,NA,NA
2021-2022,Alexandria City,400,Northern Virginia,school,82,80,Lyles-Crouch Elementary,20.5,NA,NA,NA,NA,NA,NA,NA,NA,NA
2021-2022,Alexandria City,888,Northern Virginia,school,429,30,Mount Vernon Elementary,48.310810810810814,NA,NA,NA,NA,NA,NA,NA,NA,NA
2021-2022,Alexandria City,340,Northern Virginia,school,97,60,Naomi L. Brooks Elementary,28.52941176470588,NA,NA,NA,NA,NA,NA,NA,NA,NA
2021-2022,Alexandria City,896,Northern Virginia,school,641,50,Patrick Henry K-8 School,71.54017857142857,NA,NA,NA,NA,NA,NA,NA,NA,NA
2021-2022,Alexandria City,731,Northern Virginia,school,328,333,Samuel W. Tucker Elementary,44.87004103967168,NA,NA,NA,NA,NA,NA,NA,NA,NA
2021-2022,Alexandria City,598,Northern Virginia,school,440,190,William Ramsay Elementary,73.57859531772574,NA,NA,NA,NA,NA,NA,NA,NA,NA
2021-2022,Alleghany County,582,Western Virginia,school,219,310,Alleghany High,37.628865979381445,NA,NA,NA,NA,NA,NA,NA,NA,NA
2021-2022,Alleghany County,257,Western Virginia,school,116,110,Callaghan Elementary,45.13618677042802,NA,NA,NA,NA,NA,NA,NA,NA,NA
2021-2022,Alleghany County,411,Western Virginia,school,173,1040,Clifton Middle,42.092457420924575,NA,NA,NA,NA,NA,NA,NA,NA,NA
2021-2022,Alleghany County,470,Western Virginia,school,236,1041,Mountain View Elementary,50.212765957446805,NA,NA,NA,NA,NA,NA,NA,NA,NA
2021-2022,Alleghany County,191,Western Virginia,school,77,90,Sharon Elementary,40.31413612565445,NA,NA,NA,NA,NA,NA,NA,NA,NA
2021-2022,Amelia County,741,Southside,school,383,220,Amelia County Elementary,51.686909581646425,NA,NA,NA,NA,NA,NA,NA,NA,NA
2021-2022,Amelia County,493,Southside,school,201,10,Amelia County High,40.77079107505071,NA,NA,NA,NA,NA,NA,NA,NA,NA
2021-2022,Amelia County,401,Southside,school,207,210,Amelia County Middle,51.6209476309227,NA,NA,NA,NA,NA,NA,NA,NA,NA
2021-2022,Amherst County,434,Valley,school,225,780,Amelon Elementary,51.843317972350235,NA,NA,NA,NA,NA,NA,NA,NA,NA
2021-2022,Amherst County,1217,Valley,school,654,750,Amherst County High,53.73870172555464,NA,NA,NA,NA,NA,NA,NA,NA,NA
2021-2022,Amherst County,233,Valley,school,105,790,Amherst Elementary,45.06437768240343,NA,NA,NA,NA,NA,NA,NA,NA,NA
2021-2022,Amherst County,378,Valley,school,211,670,Amherst Middle,55.82010582010582,NA,NA,NA,NA,NA,NA,NA,NA,NA
2021-2022,Amherst County,332,Valley,school,238,770,Central Elementary,71.6867469879518,NA,NA,NA,NA,NA,NA,NA,NA,NA
2021-2022,Amherst County,340,Valley,school,123,760,Elon Elementary,36.17647058823529,NA,NA,NA,NA,NA,NA,NA,NA,NA
2021-2022,Amherst County,381,Valley,school,275,500,Madison Heights Elementary,72.17847769028872,NA,NA,NA,NA,NA,NA,NA,NA,NA
2021-2022,Amherst County,560,Valley,school,325,20,Monelison Middle,58.03571428571429,NA,NA,NA,NA,NA,NA,NA,NA,NA
2021-2022,Amherst County,95,Valley,school,41,740,Temperance Elementary,43.15789473684211,NA,NA,NA,NA,NA,NA,NA,NA,NA
2021-2022,Appomattox County,696,Southside,school,270,260,Appomattox County High,38.793103448275865,NA,NA,NA,NA,NA,NA,NA,NA,NA
2021-2022,Appomattox County,501,Southside,school,233,110,Appomattox Elementary,46.506986027944116,NA,NA,NA,NA,NA,NA,NA,NA,NA
2021-2022,Appomattox County,543,Southside,school,275,160,Appomattox Middle,50.64456721915286,NA,NA,NA,NA,NA,NA,NA,NA,NA
2021-2022,Appomattox County,598,Southside,school,308,250,Appomattox Primary,51.50501672240802,NA,NA,NA,NA,NA,NA,NA,NA,NA
2021-2022,Arlington County,706,Northern Virginia,school,319,350,Abingdon Elementary,45.18413597733711,NA,NA,NA,NA,NA,NA,NA,NA,NA
2021-2022,Arlington County,584,Northern Virginia,school,227,160,Alice West Fleet Elementary,38.86986301369863,NA,NA,NA,NA,NA,NA,NA,NA,NA
2021-2022,Arlington County,177,Northern Virginia,school,36,618,Arlington Community High,20.33898305084746,NA,NA,NA,NA,NA,NA,NA,NA,NA
2021-2022,Arlington County,456,Northern Virginia,school,53,629,Arlington Science Focus School,11.62280701754386,NA,NA,NA,NA,NA,NA,NA,NA,NA
2021-2022,Arlington County,668,Northern Virginia,school,238,470,Arlington Traditional,35.62874251497006,NA,NA,NA,NA,NA,NA,NA,NA,NA
2021-2022,Arlington County,540,Northern Virginia,school,98,490,Ashlawn Elementary,18.14814814814815,NA,NA,NA,NA,NA,NA,NA,NA,NA
2021-2022,Arlington County,440,Northern Virginia,school,233,150,Barcroft Elementary,52.95454545454545,NA,NA,NA,NA,NA,NA,NA,NA,NA
2021-2022,Arlington County,528,Northern Virginia,school,313,250,Barrett Elementary,59.28030303030303,NA,NA,NA,NA,NA,NA,NA,NA,NA
2021-2022,Arlington County,426,Northern Virginia,school,198,615,Campbell Elementary,46.478873239436616,NA,NA,NA,NA,NA,NA,NA,NA,NA
2021-2022,Arlington County,658,Northern Virginia,school,63,380,Cardinal Elementary,9.574468085106384,NA,NA,NA,NA,NA,NA,NA,NA,NA
2021-2022,Arlington County,544,Northern Virginia,school,433,90,Carlin Springs Elementary,79.59558823529412,NA,NA,NA,NA,NA,NA,NA,NA,NA
2021-2022,Arlington County,678,Northern Virginia,school,241,622,Claremont Immersion,35.54572271386431,NA,NA,NA,NA,NA,NA,NA,NA,NA
2021-2022,Arlington County,513,Northern Virginia,school,11,626,Discovery Elementary,2.144249512670565,NA,NA,NA,NA,NA,NA,NA,NA,NA
2021-2022,Arlington County,925,Northern Virginia,school,173,628,Dorothy Hamm Middle,18.7027027027027,NA,NA,NA,NA,NA,NA,NA,NA,NA
2021-2022,Arlington County,453,Northern Virginia,school,245,200,Dr. Charles R. Drew Elementary,54.083885209713024,NA,NA,NA,NA,NA,NA,NA,NA,NA
2021-2022,Arlington County,625,Northern Virginia,school,252,111,Escuela Key Elementary,40.32,NA,NA,NA,NA,NA,NA,NA,NA,NA
2021-2022,Arlington County,539,Northern Virginia,school,74,100,Glebe Elementary,13.729128014842301,NA,NA,NA,NA,NA,NA,NA,NA,NA
2021-2022,Arlington County,1185,Northern Virginia,school,503,611,Gunston Middle,42.447257383966246,NA,NA,NA,NA,NA,NA,NA,NA,NA
2021-2022,Arlington County,566,Northern Virginia,school,230,614,Hoffman-Boston Elementary,40.63604240282685,NA,NA,NA,NA,NA,NA,NA,NA,NA
2021-2022,Arlington County,404,Northern Virginia,school,130,613,Innovation Elementary,32.17821782178218,NA,NA,NA,NA,NA,NA,NA,NA,NA
2021-2022,Arlington County,31,Northern Virginia,school,NA,37,Integration Station,NA,NA,NA,NA,NA,NA,NA,NA,NA,NA
2021-2022,Arlington County,498,Northern Virginia,school,14,440,Jamestown Elementary,2.8112449799196786,NA,NA,NA,NA,NA,NA,NA,NA,NA
2021-2022,Arlington County,925,Northern Virginia,school,433,180,Jefferson Middle,46.81081081081081,NA,NA,NA,NA,NA,NA,NA,NA,NA
2021-2022,Arlington County,1028,Northern Virginia,school,586,500,Kenmore Middle,57.003891050583654,NA,NA,NA,NA,NA,NA,NA,NA,NA
2021-2022,Arlington County,404,Northern Virginia,school,145,460,Long Branch Elementary,35.89108910891089,NA,NA,NA,NA,NA,NA,NA,NA,NA
2021-2022,Arlington County,497,Northern Virginia,school,139,627,Montessori Public School of Arlington,27.96780684104628,NA,NA,NA,NA,NA,NA,NA,NA,NA
2021-2022,Arlington County,406,Northern Virginia,school,16,410,Nottingham Elementary,3.9408866995073892,NA,NA,NA,NA,NA,NA,NA,NA,NA
2021-2022,Arlington County,620,Northern Virginia,school,161,360,Oakridge Elementary,25.967741935483872,NA,NA,NA,NA,NA,NA,NA,NA,NA
2021-2022,Arlington County,424,Northern Virginia,school,282,510,Randolph Elementary,66.50943396226415,NA,NA,NA,NA,NA,NA,NA,NA,NA
2021-2022,Arlington County,962,Northern Virginia,school,232,240,Swanson Middle,24.116424116424117,NA,NA,NA,NA,NA,NA,NA,NA,NA
2021-2022,Arlington County,513,Northern Virginia,school,41,420,Taylor Elementary,7.992202729044834,NA,NA,NA,NA,NA,NA,NA,NA,NA
2021-2022,Arlington County,431,Northern Virginia,school,NA,211,Tuckahoe Elementary,NA,NA,NA,NA,NA,NA,NA,NA,NA,NA
2021-2022,Arlington County,2767,Northern Virginia,school,NA,450,Wakefield High,NA,NA,NA,NA,NA,NA,NA,NA,NA,NA
2021-2022,Arlington County,2551,Northern Virginia,school,865,80,Washington-Liberty High,33.90827126617013,NA,NA,NA,NA,NA,NA,NA,NA,NA
2021-2022,Arlington County,840,Northern Virginia,school,28,480,Williamsburg Middle,3.3333333333333335,NA,NA,NA,NA,NA,NA,NA,NA,NA
2021-2022,Arlington County,2533,Northern Virginia,school,391,330,Yorktown High,15.436241610738255,NA,NA,NA,NA,NA,NA,NA,NA,NA
2021-2022,Augusta County,616,Valley,school,272,212,Beverley Manor Middle,44.15584415584416,NA,NA,NA,NA,NA,NA,NA,NA,NA
2021-2022,Augusta County,452,Valley,school,187,660,Buffalo Gap High,41.3716814159292,NA,NA,NA,NA,NA,NA,NA,NA,NA
2021-2022,Augusta County,671,Valley,school,331,30,Cassell Elementary,49.32935916542474,NA,NA,NA,NA,NA,NA,NA,NA,NA
2021-2022,Augusta County,399,Valley,school,150,140,Churchville Elementary,37.59398496240601,NA,NA,NA,NA,NA,NA,NA,NA,NA
2021-2022,Augusta County,134,Valley,school,96,370,Craigsville Elementary,71.64179104477611,NA,NA,NA,NA,NA,NA,NA,NA,NA
2021-2022,Augusta County,729,Valley,school,313,842,Edward G. Clymore Elementary,42.93552812071331,NA,NA,NA,NA,NA,NA,NA,NA,NA
2021-2022,Augusta County,726,Valley,school,269,670,Fort Defiance High,37.05234159779614,NA,NA,NA,NA,NA,NA,NA,NA,NA
2021-2022,Augusta County,429,Valley,school,165,843,Guy K. Stump Elementary,38.46153846153847,NA,NA,NA,NA,NA,NA,NA,NA,NA
2021-2022,Augusta County,238,Valley,school,119,40,North River Elementary,50,NA,NA,NA,NA,NA,NA,NA,NA,NA
2021-2022,Augusta County,699,Valley,school,343,740,Riverheads Elementary,49.07010014306152,NA,NA,NA,NA,NA,NA,NA,NA,NA
2021-2022,Augusta County,477,Valley,school,168,680,Riverheads High,35.22012578616352,NA,NA,NA,NA,NA,NA,NA,NA,NA
2021-2022,Augusta County,510,Valley,school,221,90,S. Gordon Stewart Middle,43.333333333333336,NA,NA,NA,NA,NA,NA,NA,NA,NA
2021-2022,Augusta County,558,Valley,school,261,440,Stuarts Draft Elementary,46.774193548387096,NA,NA,NA,NA,NA,NA,NA,NA,NA
2021-2022,Augusta County,711,Valley,school,264,730,Stuarts Draft High,37.130801687763714,NA,NA,NA,NA,NA,NA,NA,NA,NA
2021-2022,Augusta County,464,Valley,school,202,60,Stuarts Draft Middle,43.53448275862069,NA,NA,NA,NA,NA,NA,NA,NA,NA
2021-2022,Augusta County,661,Valley,school,329,640,Wilson Elementary,49.77307110438729,NA,NA,NA,NA,NA,NA,NA,NA,NA
2021-2022,Augusta County,823,Valley,school,312,720,Wilson Memorial High,37.91008505467801,NA,NA,NA,NA,NA,NA,NA,NA,NA
2021-2022,Augusta County,634,Valley,school,274,844,Wilson Middle,43.217665615141954,NA,NA,NA,NA,NA,NA,NA,NA,NA
2021-2022,Bath County,188,Valley,school,104,140,Bath County High,55.319148936170215,NA,NA,NA,NA,NA,NA,NA,NA,NA
2021-2022,Bath County,141,Valley,school,84,120,Millboro Elementary,59.57446808510638,NA,NA,NA,NA,NA,NA,NA,NA,NA
2021-2022,Bath County,173,Valley,school,111,150,Valley Elementary,64.16184971098265,NA,NA,NA,NA,NA,NA,NA,NA,NA
2021-2022,Bedford County,423,Valley,school,273,480,Bedford Elementary,64.53900709219859,NA,NA,NA,NA,NA,NA,NA,NA,NA
2021-2022,Bedford County,275,Valley,school,176,1200,Bedford Primary,64,NA,NA,NA,NA,NA,NA,NA,NA,NA
2021-2022,Bedford County,146,Valley,school,69,30,Big Island Elementary,47.26027397260274,NA,NA,NA,NA,NA,NA,NA,NA,NA
2021-2022,Bedford County,340,Valley,school,71,160,Boonsboro Elementary,20.88235294117647,NA,NA,NA,NA,NA,NA,NA,NA,NA
2021-2022,Bedford County,351,Valley,school,50,500,Forest Elementary,14.245014245014245,NA,NA,NA,NA,NA,NA,NA,NA,NA
2021-2022,Bedford County,881,Valley,school,207,1211,Forest Middle,23.496027241770715,NA,NA,NA,NA,NA,NA,NA,NA,NA
2021-2022,Bedford County,483,Valley,school,245,1214,Goodview Elementary,50.72463768115942,NA,NA,NA,NA,NA,NA,NA,NA,NA
2021-2022,Bedford County,217,Valley,school,134,980,Huddleston Elementary,61.75115207373272,NA,NA,NA,NA,NA,NA,NA,NA,NA
2021-2022,Bedford County,1283,Valley,school,253,1212,Jefferson Forest High,19.719407638347622,NA,NA,NA,NA,NA,NA,NA,NA,NA
2021-2022,Bedford County,713,Valley,school,344,1180,Liberty High,48.2468443197756,NA,NA,NA,NA,NA,NA,NA,NA,NA
2021-2022,Bedford County,542,Valley,school,295,490,Liberty Middle,54.4280442804428,NA,NA,NA,NA,NA,NA,NA,NA,NA
2021-2022,Bedford County,216,Valley,school,117,970,Moneta Elementary,54.166666666666664,NA,NA,NA,NA,NA,NA,NA,NA,NA
2021-2022,Bedford County,245,Valley,school,144,180,Montvale Elementary,58.77551020408164,NA,NA,NA,NA,NA,NA,NA,NA,NA
2021-2022,Bedford County,318,Valley,school,76,610,New London Academy Elementary,23.89937106918239,NA,NA,NA,NA,NA,NA,NA,NA,NA
2021-2022,Bedford County,190,Valley,school,66,1170,Otter River Elementary,34.73684210526316,NA,NA,NA,NA,NA,NA,NA,NA,NA
2021-2022,Bedford County,919,Valley,school,444,1190,Staunton River High,48.313384113166485,NA,NA,NA,NA,NA,NA,NA,NA,NA
2021-2022,Bedford County,597,Valley,school,321,1191,Staunton River Middle,53.768844221105525,NA,NA,NA,NA,NA,NA,NA,NA,NA
2021-2022,Bedford County,340,Valley,school,226,640,Stewartsville Elementary,66.47058823529412,NA,NA,NA,NA,NA,NA,NA,NA,NA
2021-2022,Bedford County,530,Valley,school,128,1213,Thomas Jefferson Elementary,24.150943396226417,NA,NA,NA,NA,NA,NA,NA,NA,NA
2021-2022,Bland County,347,Southwest,school,151,250,Bland County Elementary,43.51585014409222,NA,NA,NA,NA,NA,NA,NA,NA,NA
2021-2022,Bland County,372,Southwest,school,162,260,Bland County High,43.54838709677419,NA,NA,NA,NA,NA,NA,NA,NA,NA
2021-2022,Botetourt County,174,Western Virginia,school,61,220,Breckinridge Elementary,35.05747126436782,NA,NA,NA,NA,NA,NA,NA,NA,NA
2021-2022,Botetourt County,300,Western Virginia,school,109,20,Buchanan Elementary,36.333333333333336,NA,NA,NA,NA,NA,NA,NA,NA,NA
2021-2022,Botetourt County,357,Western Virginia,school,119,420,Central Academy Middle,33.33333333333333,NA,NA,NA,NA,NA,NA,NA,NA,NA
2021-2022,Botetourt County,259,Western Virginia,school,65,390,Cloverdale Elementary,25.096525096525095,NA,NA,NA,NA,NA,NA,NA,NA,NA
2021-2022,Botetourt County,440,Western Virginia,school,104,400,Colonial Elementary,23.636363636363637,NA,NA,NA,NA,NA,NA,NA,NA,NA
2021-2022,Botetourt County,128,Western Virginia,school,63,30,Eagle Rock Elementary,49.21875,NA,NA,NA,NA,NA,NA,NA,NA,NA
2021-2022,Botetourt County,432,Western Virginia,school,115,460,Greenfield Elementary,26.620370370370374,NA,NA,NA,NA,NA,NA,NA,NA,NA
2021-2022,Botetourt County,476,Western Virginia,school,106,430,James River High,22.268907563025213,NA,NA,NA,NA,NA,NA,NA,NA,NA
2021-2022,Botetourt County,1009,Western Virginia,school,208,440,Lord Botetourt High,20.614469772051535,NA,NA,NA,NA,NA,NA,NA,NA,NA
2021-2022,Botetourt County,638,Western Virginia,school,165,450,Read Mountain Middle,25.862068965517242,NA,NA,NA,NA,NA,NA,NA,NA,NA
2021-2022,Botetourt County,259,Western Virginia,school,55,40,Troutville Elementary,21.235521235521233,NA,NA,NA,NA,NA,NA,NA,NA,NA
2021-2022,Bristol City,181,Southwest,school,142,60,Highland View Elementary,78.45303867403315,NA,NA,NA,NA,NA,NA,NA,NA,NA
2021-2022,Bristol City,421,Southwest,school,271,100,Joseph Van Pelt Elementary,64.37054631828978,NA,NA,NA,NA,NA,NA,NA,NA,NA
2021-2022,Bristol City,240,Southwest,school,142,70,Stonewall Jackson Elementary,59.166666666666664,NA,NA,NA,NA,NA,NA,NA,NA,NA
2021-2022,Bristol City,639,Southwest,school,402,80,Virginia High,62.91079812206573,NA,NA,NA,NA,NA,NA,NA,NA,NA
2021-2022,Bristol City,486,Southwest,school,360,10,Virginia Middle,74.07407407407408,NA,NA,NA,NA,NA,NA,NA,NA,NA
2021-2022,Bristol City,233,Southwest,school,158,90,Washington-Lee Elementary,67.81115879828327,NA,NA,NA,NA,NA,NA,NA,NA,NA
2021-2022,Brunswick County,439,Southside,school,324,650,Brunswick High,73.80410022779044,NA,NA,NA,NA,NA,NA,NA,NA,NA
2021-2022,Brunswick County,326,Southside,school,252,660,James S. Russell Middle,77.30061349693251,NA,NA,NA,NA,NA,NA,NA,NA,NA
2021-2022,Brunswick County,178,Southside,school,109,690,Meherrin Powellton Elementary,61.23595505617978,NA,NA,NA,NA,NA,NA,NA,NA,NA
2021-2022,Brunswick County,181,Southside,school,107,700,Red Oak-Sturgeon Elementary,59.11602209944752,NA,NA,NA,NA,NA,NA,NA,NA,NA
2021-2022,Brunswick County,295,Southside,school,172,720,Totaro Elementary,58.30508474576271,NA,NA,NA,NA,NA,NA,NA,NA,NA
2021-2022,Buchanan County,177,Southwest,school,113,90,Council Elementary/Middle,63.84180790960452,NA,NA,NA,NA,NA,NA,NA,NA,NA
2021-2022,Buchanan County,125,Southwest,school,83,1000,Council High,66.4,NA,NA,NA,NA,NA,NA,NA,NA,NA
2021-2022,Buchanan County,355,Southwest,school,178,990,Grundy High,50.140845070422536,NA,NA,NA,NA,NA,NA,NA,NA,NA
2021-2022,Buchanan County,365,Southwest,school,234,120,Hurley Elementary/Middle,64.10958904109589,NA,NA,NA,NA,NA,NA,NA,NA,NA
2021-2022,Buchanan County,203,Southwest,school,122,1020,Hurley High,60.09852216748769,NA,NA,NA,NA,NA,NA,NA,NA,NA
2021-2022,Buchanan County,726,Southwest,school,398,1040,Riverview Elementary/Middle,54.82093663911846,NA,NA,NA,NA,NA,NA,NA,NA,NA
2021-2022,Buchanan County,278,Southwest,school,177,1041,Twin Valley Elementary/Middle,63.66906474820144,NA,NA,NA,NA,NA,NA,NA,NA,NA
2021-2022,Buchanan County,198,Southwest,school,125,1042,Twin Valley High,63.13131313131313,NA,NA,NA,NA,NA,NA,NA,NA,NA
2021-2022,Buckingham County,412,Southside,school,234,724,Buckingham Co Elementary,56.79611650485437,NA,NA,NA,NA,NA,NA,NA,NA,NA
2021-2022,Buckingham County,88,Southside,school,43,20,Buckingham Co Prekindergarten Center,48.86363636363637,NA,NA,NA,NA,NA,NA,NA,NA,NA
2021-2022,Buckingham County,333,Southside,school,211,723,Buckingham Co Primary,63.36336336336337,NA,NA,NA,NA,NA,NA,NA,NA,NA
2021-2022,Buckingham County,596,Southside,school,288,700,Buckingham County High,48.322147651006716,NA,NA,NA,NA,NA,NA,NA,NA,NA
2021-2022,Buckingham County,504,Southside,school,285,721,Buckingham County Middle,56.547619047619044,NA,NA,NA,NA,NA,NA,NA,NA,NA
2021-2022,Buena Vista City,185,Valley,school,99,40,Enderly Heights Elementary,53.51351351351351,NA,NA,NA,NA,NA,NA,NA,NA,NA
2021-2022,Buena Vista City,233,Valley,school,87,70,F.W. Kling Jr. Elementary,37.33905579399141,NA,NA,NA,NA,NA,NA,NA,NA,NA
2021-2022,Buena Vista City,345,Valley,school,153,62,Parry McCluer High,44.34782608695652,NA,NA,NA,NA,NA,NA,NA,NA,NA
2021-2022,Buena Vista City,124,Valley,school,62,61,Parry McCluer Middle,50,NA,NA,NA,NA,NA,NA,NA,NA,NA
2021-2022,Campbell County,490,Valley,school,293,560,Altavista Elementary,59.795918367346935,NA,NA,NA,NA,NA,NA,NA,NA,NA
2021-2022,Campbell County,702,Valley,school,338,200,Altavista High,48.148148148148145,NA,NA,NA,NA,NA,NA,NA,NA,NA
2021-2022,Campbell County,411,Valley,school,274,650,Brookneal Elementary,66.66666666666666,NA,NA,NA,NA,NA,NA,NA,NA,NA
2021-2022,Campbell County,1000,Valley,school,361,720,Brookville High,36.1,NA,NA,NA,NA,NA,NA,NA,NA,NA
2021-2022,Campbell County,734,Valley,school,296,20,Brookville Middle,40.32697547683924,NA,NA,NA,NA,NA,NA,NA,NA,NA
2021-2022,Campbell County,411,Valley,school,179,130,Concord Elementary,43.552311435523116,NA,NA,NA,NA,NA,NA,NA,NA,NA
2021-2022,Campbell County,598,Valley,school,272,690,Leesville Road Elementary,45.48494983277592,NA,NA,NA,NA,NA,NA,NA,NA,NA
2021-2022,Campbell County,438,Valley,school,269,821,Rustburg Elementary,61.41552511415526,NA,NA,NA,NA,NA,NA,NA,NA,NA
2021-2022,Campbell County,805,Valley,school,336,222,Rustburg High,41.73913043478261,NA,NA,NA,NA,NA,NA,NA,NA,NA
2021-2022,Campbell County,605,Valley,school,310,211,Rustburg Middle,51.2396694214876,NA,NA,NA,NA,NA,NA,NA,NA,NA
2021-2022,Campbell County,692,Valley,school,298,60,Tomahawk Elementary,43.0635838150289,NA,NA,NA,NA,NA,NA,NA,NA,NA
2021-2022,Campbell County,407,Valley,school,250,542,William Campbell High,61.42506142506142,NA,NA,NA,NA,NA,NA,NA,NA,NA
2021-2022,Campbell County,561,Valley,school,281,710,Yellow Branch Elementary,50.08912655971479,NA,NA,NA,NA,NA,NA,NA,NA,NA
2021-2022,Caroline County,736,Northern Neck,school,401,620,Bowling Green Elementary,54.483695652173914,NA,NA,NA,NA,NA,NA,NA,NA,NA
2021-2022,Caroline County,1218,Northern Neck,school,533,460,Caroline High,43.76026272577997,NA,NA,NA,NA,NA,NA,NA,NA,NA
2021-2022,Caroline County,972,Northern Neck,school,435,450,Caroline Middle,44.75308641975309,NA,NA,NA,NA,NA,NA,NA,NA,NA
2021-2022,Caroline County,871,Northern Neck,school,315,9020,Lewis and Clark Elementary,36.165327210103335,NA,NA,NA,NA,NA,NA,NA,NA,NA
2021-2022,Caroline County,441,Northern Neck,school,220,630,Madison Elementary,49.88662131519274,NA,NA,NA,NA,NA,NA,NA,NA,NA
2021-2022,Carroll County,1052,Southwest,school,641,1230,Carroll County High,60.93155893536122,NA,NA,NA,NA,NA,NA,NA,NA,NA
2021-2022,Carroll County,766,Southwest,school,572,450,Carroll County Middle,74.67362924281984,NA,NA,NA,NA,NA,NA,NA,NA,NA
2021-2022,Carroll County,143,Southwest,school,73,1180,Fancy Gap Elementary,51.048951048951054,NA,NA,NA,NA,NA,NA,NA,NA,NA
2021-2022,Carroll County,102,Southwest,school,62,1150,Gladesboro Elementary,60.78431372549019,NA,NA,NA,NA,NA,NA,NA,NA,NA
2021-2022,Carroll County,249,Southwest,school,151,1210,Gladeville Elementary,60.6425702811245,NA,NA,NA,NA,NA,NA,NA,NA,NA
2021-2022,Carroll County,474,Southwest,school,280,1170,Hillsville Elementary,59.07172995780591,NA,NA,NA,NA,NA,NA,NA,NA,NA
2021-2022,Carroll County,218,Southwest,school,119,1160,Laurel Elementary,54.58715596330275,NA,NA,NA,NA,NA,NA,NA,NA,NA
2021-2022,Carroll County,197,Southwest,school,130,1130,Oakland Elementary,65.98984771573603,NA,NA,NA,NA,NA,NA,NA,NA,NA
2021-2022,Carroll County,318,Southwest,school,216,1110,St. Paul,67.9245283018868,NA,NA,NA,NA,NA,NA,NA,NA,NA
2021-2022,Charles City County,292,Central Virginia,school,176,80,Charles City County Elementary,60.273972602739725,NA,NA,NA,NA,NA,NA,NA,NA,NA
2021-2022,Charles City County,236,Central Virginia,school,131,100,Charles City County High,55.50847457627118,NA,NA,NA,NA,NA,NA,NA,NA,NA
2021-2022,Charlotte County,160,Southside,school,100,470,Bacon District Elementary,62.5,NA,NA,NA,NA,NA,NA,NA,NA,NA
2021-2022,Charlotte County,379,Southside,school,188,210,Central Middle,49.6042216358839,NA,NA,NA,NA,NA,NA,NA,NA,NA
2021-2022,Charlotte County,441,Southside,school,246,100,Eureka Elementary,55.78231292517006,NA,NA,NA,NA,NA,NA,NA,NA,NA
2021-2022,Charlotte County,214,Southside,school,113,450,Phenix Elementary,52.80373831775701,NA,NA,NA,NA,NA,NA,NA,NA,NA
2021-2022,Charlotte County,508,Southside,school,252,460,Randolph-Henry High,49.60629921259843,NA,NA,NA,NA,NA,NA,NA,NA,NA
2021-2022,Charlottesville City,599,Valley,school,358,100,Buford Middle,59.766277128547586,NA,NA,NA,NA,NA,NA,NA,NA,NA
2021-2022,Charlottesville City,322,Valley,school,102,70,Burnley-Moran Elementary,31.67701863354037,NA,NA,NA,NA,NA,NA,NA,NA,NA
2021-2022,Charlottesville City,1233,Valley,school,569,140,Charlottesville High,46.14760746147608,NA,NA,NA,NA,NA,NA,NA,NA,NA
2021-2022,Charlottesville City,324,Valley,school,174,50,Clark Elementary,53.70370370370371,NA,NA,NA,NA,NA,NA,NA,NA,NA
2021-2022,Charlottesville City,282,Valley,school,103,90,Greenbrier Elementary,36.52482269503546,NA,NA,NA,NA,NA,NA,NA,NA,NA
2021-2022,Charlottesville City,325,Valley,school,156,120,Jackson-Via Elementary,48,NA,NA,NA,NA,NA,NA,NA,NA,NA
2021-2022,Charlottesville City,299,Valley,school,94,10,Johnson Elementary,31.438127090301005,NA,NA,NA,NA,NA,NA,NA,NA,NA
2021-2022,Charlottesville City,283,Valley,school,75,40,Venable Elementary,26.501766784452297,NA,NA,NA,NA,NA,NA,NA,NA,NA
2021-2022,Charlottesville City,623,Valley,school,374,110,Walker Upper Elementary,60.03210272873194,NA,NA,NA,NA,NA,NA,NA,NA,NA
2021-2022,Chesapeake City,868,Tidewater,school,403,630,B.M. Williams Primary,46.42857142857143,NA,NA,NA,NA,NA,NA,NA,NA,NA
2021-2022,Chesapeake City,617,Tidewater,school,80,860,Butts Road Intermediate,12.965964343598054,NA,NA,NA,NA,NA,NA,NA,NA,NA
2021-2022,Chesapeake City,554,Tidewater,school,72,770,Butts Road Primary,12.996389891696749,NA,NA,NA,NA,NA,NA,NA,NA,NA
2021-2022,Chesapeake City,483,Tidewater,school,313,90,Camelot Elementary,64.80331262939958,NA,NA,NA,NA,NA,NA,NA,NA,NA
2021-2022,Chesapeake City,823,Tidewater,school,143,900,Cedar Road Elementary,17.375455650060754,NA,NA,NA,NA,NA,NA,NA,NA,NA
2021-2022,Chesapeake City,701,Tidewater,school,407,700,Crestwood Intermediate,58.059914407988586,NA,NA,NA,NA,NA,NA,NA,NA,NA
2021-2022,Chesapeake City,551,Tidewater,school,329,560,Crestwood Middle,59.70961887477314,NA,NA,NA,NA,NA,NA,NA,NA,NA
2021-2022,Chesapeake City,843,Tidewater,school,223,660,Deep Creek Central Elementary,26.453143534994066,NA,NA,NA,NA,NA,NA,NA,NA,NA
2021-2022,Chesapeake City,770,Tidewater,school,338,210,Deep Creek Elementary,43.896103896103895,NA,NA,NA,NA,NA,NA,NA,NA,NA
2021-2022,Chesapeake City,1638,Tidewater,school,791,100,Deep Creek High,48.29059829059829,NA,NA,NA,NA,NA,NA,NA,NA,NA
2021-2022,Chesapeake City,802,Tidewater,school,380,610,Deep Creek Middle,47.381546134663346,NA,NA,NA,NA,NA,NA,NA,NA,NA
2021-2022,Chesapeake City,759,Tidewater,school,162,640,Edwin W. Chittum Elementary,21.34387351778656,NA,NA,NA,NA,NA,NA,NA,NA,NA
2021-2022,Chesapeake City,443,Tidewater,school,322,720,G.A. Treakle Elementary,72.686230248307,NA,NA,NA,NA,NA,NA,NA,NA,NA
2021-2022,Chesapeake City,511,Tidewater,school,367,50,George W. Carver Intermediate,71.81996086105676,NA,NA,NA,NA,NA,NA,NA,NA,NA
2021-2022,Chesapeake City,711,Tidewater,school,424,820,Georgetown Primary,59.634317862165965,NA,NA,NA,NA,NA,NA,NA,NA,NA
2021-2022,Chesapeake City,1283,Tidewater,school,203,950,Grassfield Elementary,15.822291504286829,NA,NA,NA,NA,NA,NA,NA,NA,NA
2021-2022,Chesapeake City,2294,Tidewater,school,368,960,Grassfield High,16.041848299912818,NA,NA,NA,NA,NA,NA,NA,NA,NA
2021-2022,Chesapeake City,1640,Tidewater,school,404,120,Great Bridge High,24.634146341463413,NA,NA,NA,NA,NA,NA,NA,NA,NA
2021-2022,Chesapeake City,681,Tidewater,school,147,850,Great Bridge Intermediate,21.58590308370044,NA,NA,NA,NA,NA,NA,NA,NA,NA
2021-2022,Chesapeake City,1206,Tidewater,school,230,590,Great Bridge Middle,19.071310116086234,NA,NA,NA,NA,NA,NA,NA,NA,NA
2021-2022,Chesapeake City,664,Tidewater,school,126,680,Great Bridge Primary,18.97590361445783,NA,NA,NA,NA,NA,NA,NA,NA,NA
2021-2022,Chesapeake City,622,Tidewater,school,302,870,Greenbrier Intermediate,48.55305466237942,NA,NA,NA,NA,NA,NA,NA,NA,NA
2021-2022,Chesapeake City,846,Tidewater,school,402,972,Greenbrier Middle,47.5177304964539,NA,NA,NA,NA,NA,NA,NA,NA,NA
2021-2022,Chesapeake City,676,Tidewater,school,245,140,Greenbrier Primary,36.24260355029586,NA,NA,NA,NA,NA,NA,NA,NA,NA
2021-2022,Chesapeake City,563,Tidewater,school,112,340,Hickory Elementary,19.893428063943162,NA,NA,NA,NA,NA,NA,NA,NA,NA
2021-2022,Chesapeake City,1614,Tidewater,school,202,890,Hickory High,12.51548946716233,NA,NA,NA,NA,NA,NA,NA,NA,NA
2021-2022,Chesapeake City,1333,Tidewater,school,213,280,Hickory Middle,15.978994748687173,NA,NA,NA,NA,NA,NA,NA,NA,NA
2021-2022,Chesapeake City,1319,Tidewater,school,405,920,Hugo A. Owens Middle,30.70507960576194,NA,NA,NA,NA,NA,NA,NA,NA,NA
2021-2022,Chesapeake City,1695,Tidewater,school,909,830,Indian River High,53.6283185840708,NA,NA,NA,NA,NA,NA,NA,NA,NA
2021-2022,Chesapeake City,743,Tidewater,school,466,710,Indian River Middle,62.71870794078062,NA,NA,NA,NA,NA,NA,NA,NA,NA
2021-2022,Chesapeake City,698,Tidewater,school,276,973,Jolliff Middle,39.541547277936964,NA,NA,NA,NA,NA,NA,NA,NA,NA
2021-2022,Chesapeake City,273,Tidewater,school,143,160,Norfolk Highlands Primary,52.38095238095239,NA,NA,NA,NA,NA,NA,NA,NA,NA
2021-2022,Chesapeake City,2268,Tidewater,school,NA,80,Oscar F. Smith High,NA,NA,NA,NA,NA,NA,NA,NA,NA,NA
2021-2022,Chesapeake City,1028,Tidewater,school,776,10,Oscar Smith Middle,75.4863813229572,NA,NA,NA,NA,NA,NA,NA,NA,NA
2021-2022,Chesapeake City,583,Tidewater,school,391,730,Portlock Primary,67.06689536878217,NA,NA,NA,NA,NA,NA,NA,NA,NA
2021-2022,Chesapeake City,293,Tidewater,school,199,200,Rena B. Wright Primary,67.91808873720136,NA,NA,NA,NA,NA,NA,NA,NA,NA
2021-2022,Chesapeake City,828,Tidewater,school,128,620,Southeastern Elementary,15.458937198067632,NA,NA,NA,NA,NA,NA,NA,NA,NA
2021-2022,Chesapeake City,548,Tidewater,school,332,600,Southwestern Elementary,60.58394160583942,NA,NA,NA,NA,NA,NA,NA,NA,NA
2021-2022,Chesapeake City,479,Tidewater,school,320,750,Sparrow Road Intermediate,66.80584551148226,NA,NA,NA,NA,NA,NA,NA,NA,NA
2021-2022,Chesapeake City,430,Tidewater,school,341,40,Thurgood Marshall Elementary,79.30232558139535,NA,NA,NA,NA,NA,NA,NA,NA,NA
2021-2022,Chesapeake City,263,Tidewater,school,209,971,Truitt Intermediate,79.46768060836501,NA,NA,NA,NA,NA,NA,NA,NA,NA
2021-2022,Chesapeake City,2134,Tidewater,school,851,840,Western Branch High,39.878163074039364,NA,NA,NA,NA,NA,NA,NA,NA,NA
2021-2022,Chesapeake City,741,Tidewater,school,384,810,Western Branch Intermediate,51.821862348178136,NA,NA,NA,NA,NA,NA,NA,NA,NA
2021-2022,Chesapeake City,910,Tidewater,school,400,740,Western Branch Middle,43.956043956043956,NA,NA,NA,NA,NA,NA,NA,NA,NA
2021-2022,Chesapeake City,749,Tidewater,school,317,110,Western Branch Primary,42.323097463284384,NA,NA,NA,NA,NA,NA,NA,NA,NA
2021-2022,Chesterfield County,712,Central Virginia,school,386,620,A.M. Davis Elementary,54.21348314606742,NA,NA,NA,NA,NA,NA,NA,NA,NA
2021-2022,Chesterfield County,627,Central Virginia,school,159,861,Alberta Smith Elementary,25.358851674641148,NA,NA,NA,NA,NA,NA,NA,NA,NA
2021-2022,Chesterfield County,1569,Central Virginia,school,439,631,Bailey Bridge Middle,27.979604843849586,NA,NA,NA,NA,NA,NA,NA,NA,NA
2021-2022,Chesterfield County,489,Central Virginia,school,322,660,Bellwood Elementary,65.84867075664621,NA,NA,NA,NA,NA,NA,NA,NA,NA
2021-2022,Chesterfield County,613,Central Virginia,school,373,430,Bensley Elementary,60.848287112561174,NA,NA,NA,NA,NA,NA,NA,NA,NA
2021-2022,Chesterfield County,582,Central Virginia,school,23,510,Bettie Weaver Elementary,3.951890034364261,NA,NA,NA,NA,NA,NA,NA,NA,NA
2021-2022,Chesterfield County,967,Central Virginia,school,514,130,Beulah Elementary,53.1540847983454,NA,NA,NA,NA,NA,NA,NA,NA,NA
2021-2022,Chesterfield County,591,Central Virginia,school,222,20,Bon Air Elementary,37.56345177664975,NA,NA,NA,NA,NA,NA,NA,NA,NA
2021-2022,Chesterfield County,642,Central Virginia,school,251,50,C.C. Wells Elementary,39.09657320872274,NA,NA,NA,NA,NA,NA,NA,NA,NA
2021-2022,Chesterfield County,674,Central Virginia,school,340,492,C.E. Curtis Elementary,50.445103857566764,NA,NA,NA,NA,NA,NA,NA,NA,NA
2021-2022,Chesterfield County,210,Central Virginia,school,130,30,Carver College and Career Academy,61.904761904761905,NA,NA,NA,NA,NA,NA,NA,NA,NA
2021-2022,Chesterfield County,1077,Central Virginia,school,545,420,Carver Middle,50.603528319405754,NA,NA,NA,NA,NA,NA,NA,NA,NA
2021-2022,Chesterfield County,345,Central Virginia,school,44,33,Chester Early Childhood Learning Academy,12.753623188405797,NA,NA,NA,NA,NA,NA,NA,NA,NA
2021-2022,Chesterfield County,784,Central Virginia,school,198,150,Clover Hill Elementary,25.255102040816325,NA,NA,NA,NA,NA,NA,NA,NA,NA
2021-2022,Chesterfield County,1796,Central Virginia,school,462,740,Clover Hill High,25.72383073496659,NA,NA,NA,NA,NA,NA,NA,NA,NA
2021-2022,Chesterfield County,2331,Central Virginia,school,251,840,Cosby High,10.767910767910768,NA,NA,NA,NA,NA,NA,NA,NA,NA
2021-2022,Chesterfield County,588,Central Virginia,school,230,560,Crestwood Elementary,39.1156462585034,NA,NA,NA,NA,NA,NA,NA,NA,NA
2021-2022,Chesterfield County,740,Central Virginia,school,359,480,Ecoff Elementary,48.51351351351351,NA,NA,NA,NA,NA,NA,NA,NA,NA
2021-2022,Chesterfield County,1278,Central Virginia,school,483,870,Elizabeth Davis Middle,37.79342723004695,NA,NA,NA,NA,NA,NA,NA,NA,NA
2021-2022,Chesterfield County,786,Central Virginia,school,379,850,Elizabeth Scott Elementary,48.218829516539444,NA,NA,NA,NA,NA,NA,NA,NA,NA
2021-2022,Chesterfield County,751,Central Virginia,school,271,390,Enon Elementary,36.085219707057256,NA,NA,NA,NA,NA,NA,NA,NA,NA
2021-2022,Chesterfield County,490,Central Virginia,school,334,350,Ettrick Elementary,68.16326530612244,NA,NA,NA,NA,NA,NA,NA,NA,NA
2021-2022,Chesterfield County,864,Central Virginia,school,199,300,Evergreen Elementary,23.03240740740741,NA,NA,NA,NA,NA,NA,NA,NA,NA
2021-2022,Chesterfield County,793,Central Virginia,school,555,590,Falling Creek Elementary,69.9873896595208,NA,NA,NA,NA,NA,NA,NA,NA,NA
2021-2022,Chesterfield County,1469,Central Virginia,school,831,670,Falling Creek Middle,56.56909462219196,NA,NA,NA,NA,NA,NA,NA,NA,NA
2021-2022,Chesterfield County,886,Central Virginia,school,100,180,Grange Hall Elementary,11.286681715575622,NA,NA,NA,NA,NA,NA,NA,NA,NA
2021-2022,Chesterfield County,492,Central Virginia,school,118,70,Greenfield Elementary,23.983739837398375,NA,NA,NA,NA,NA,NA,NA,NA,NA
2021-2022,Chesterfield County,457,Central Virginia,school,239,460,Harrowgate Elementary,52.29759299781181,NA,NA,NA,NA,NA,NA,NA,NA,NA
2021-2022,Chesterfield County,743,Central Virginia,school,426,60,Hopkins Road Elementary,57.335127860026915,NA,NA,NA,NA,NA,NA,NA,NA,NA
2021-2022,Chesterfield County,814,Central Virginia,school,553,550,J.A. Chalkley Elementary,67.93611793611794,NA,NA,NA,NA,NA,NA,NA,NA,NA
2021-2022,Chesterfield County,791,Central Virginia,school,103,650,J.B. Watkins Elementary,13.02149178255373,NA,NA,NA,NA,NA,NA,NA,NA,NA
2021-2022,Chesterfield County,817,Central Virginia,school,441,500,J.G. Hening Elementary,53.977968176254585,NA,NA,NA,NA,NA,NA,NA,NA,NA
2021-2022,Chesterfield County,695,Central Virginia,school,292,400,Jacobs Road Elementary,42.014388489208635,NA,NA,NA,NA,NA,NA,NA,NA,NA
2021-2022,Chesterfield County,1920,Central Virginia,school,477,770,James River High,24.84375,NA,NA,NA,NA,NA,NA,NA,NA,NA
2021-2022,Chesterfield County,1820,Central Virginia,school,820,10,Lloyd C. Bird High,45.05494505494506,NA,NA,NA,NA,NA,NA,NA,NA,NA
2021-2022,Chesterfield County,2214,Central Virginia,school,654,632,Manchester High,29.539295392953928,NA,NA,NA,NA,NA,NA,NA,NA,NA
2021-2022,Chesterfield County,1126,Central Virginia,school,522,600,Manchester Middle,46.35879218472469,NA,NA,NA,NA,NA,NA,NA,NA,NA
2021-2022,Chesterfield County,652,Central Virginia,school,387,780,Marguerite F. Christian Elementary,59.355828220858896,NA,NA,NA,NA,NA,NA,NA,NA,NA
2021-2022,Chesterfield County,575,Central Virginia,school,254,370,Matoaca Elementary,44.173913043478265,NA,NA,NA,NA,NA,NA,NA,NA,NA
2021-2022,Chesterfield County,1652,Central Virginia,school,541,530,Matoaca High,32.748184019370456,NA,NA,NA,NA,NA,NA,NA,NA,NA
2021-2022,Chesterfield County,919,Central Virginia,school,380,110,Matoaca Middle,41.34929270946681,NA,NA,NA,NA,NA,NA,NA,NA,NA
2021-2022,Chesterfield County,2092,Central Virginia,school,NA,580,Meadowbrook High,NA,NA,NA,NA,NA,NA,NA,NA,NA,NA
2021-2022,Chesterfield County,1994,Central Virginia,school,209,320,Midlothian High,10.481444332998997,NA,NA,NA,NA,NA,NA,NA,NA,NA
2021-2022,Chesterfield County,1353,Central Virginia,school,160,40,Midlothian Middle,11.825572801182558,NA,NA,NA,NA,NA,NA,NA,NA,NA
2021-2022,Chesterfield County,1612,Central Virginia,school,490,280,Monacan High,30.3970223325062,NA,NA,NA,NA,NA,NA,NA,NA,NA
2021-2022,Chesterfield County,555,Central Virginia,school,194,360,O.B. Gates Elementary,34.95495495495496,NA,NA,NA,NA,NA,NA,NA,NA,NA
2021-2022,Chesterfield County,906,Central Virginia,school,94,90,Old Hundred Elementary,10.375275938189846,NA,NA,NA,NA,NA,NA,NA,NA,NA
2021-2022,Chesterfield County,626,Central Virginia,school,319,380,Providence Elementary,50.95846645367412,NA,NA,NA,NA,NA,NA,NA,NA,NA
2021-2022,Chesterfield County,1048,Central Virginia,school,568,690,Providence Middle,54.19847328244275,NA,NA,NA,NA,NA,NA,NA,NA,NA
2021-2022,Chesterfield County,560,Central Virginia,school,272,700,Reams Road Elementary,48.57142857142857,NA,NA,NA,NA,NA,NA,NA,NA,NA
2021-2022,Chesterfield County,663,Central Virginia,school,92,730,Robious Elementary,13.8763197586727,NA,NA,NA,NA,NA,NA,NA,NA,NA
2021-2022,Chesterfield County,1153,Central Virginia,school,270,760,Robious Middle,23.41717259323504,NA,NA,NA,NA,NA,NA,NA,NA,NA
2021-2022,Chesterfield County,518,Central Virginia,school,300,720,Salem Church Elementary,57.91505791505791,NA,NA,NA,NA,NA,NA,NA,NA,NA
2021-2022,Chesterfield County,891,Central Virginia,school,484,722,Salem Church Middle,54.32098765432099,NA,NA,NA,NA,NA,NA,NA,NA,NA
2021-2022,Chesterfield County,876,Central Virginia,school,166,800,Spring Run Elementary,18.949771689497716,NA,NA,NA,NA,NA,NA,NA,NA,NA
2021-2022,Chesterfield County,621,Central Virginia,school,127,340,Swift Creek Elementary,20.45088566827697,NA,NA,NA,NA,NA,NA,NA,NA,NA
2021-2022,Chesterfield County,1108,Central Virginia,school,227,270,Swift Creek Middle,20.487364620938628,NA,NA,NA,NA,NA,NA,NA,NA,NA
2021-2022,Chesterfield County,673,Central Virginia,school,304,410,Thelma Crenshaw Elementary,45.17087667161962,NA,NA,NA,NA,NA,NA,NA,NA,NA
2021-2022,Chesterfield County,2573,Central Virginia,school,849,610,Thomas Dale High,32.99650213758259,NA,NA,NA,NA,NA,NA,NA,NA,NA
2021-2022,Chesterfield County,1628,Central Virginia,school,190,880,Tomahawk Creek Middle,11.67076167076167,NA,NA,NA,NA,NA,NA,NA,NA,NA
2021-2022,Chesterfield County,581,Central Virginia,school,81,290,W.W. Gordon Elementary,13.941480206540447,NA,NA,NA,NA,NA,NA,NA,NA,NA
2021-2022,Chesterfield County,1309,Central Virginia,school,118,860,Winterpock Elementary,9.014514896867839,NA,NA,NA,NA,NA,NA,NA,NA,NA
2021-2022,Chesterfield County,819,Central Virginia,school,64,440,Woolridge Elementary,7.814407814407814,NA,NA,NA,NA,NA,NA,NA,NA,NA
2021-2022,Clarke County,307,Northern Virginia,school,99,250,Boyce Elementary,32.24755700325733,NA,NA,NA,NA,NA,NA,NA,NA,NA
2021-2022,Clarke County,680,Northern Virginia,school,165,10,Clarke County High,24.264705882352942,NA,NA,NA,NA,NA,NA,NA,NA,NA
2021-2022,Clarke County,431,Northern Virginia,school,139,290,D.G. Cooley Elementary,32.25058004640371,NA,NA,NA,NA,NA,NA,NA,NA,NA
2021-2022,Clarke County,417,Northern Virginia,school,142,280,Johnson-Williams Middle,34.05275779376499,NA,NA,NA,NA,NA,NA,NA,NA,NA
2021-2022,Colonial Beach,390,Northern Neck,school,240,22,Colonial Beach Elementary,61.53846153846154,NA,NA,NA,NA,NA,NA,NA,NA,NA
2021-2022,Colonial Beach,235,Northern Neck,school,133,21,Colonial Beach High,56.59574468085107,NA,NA,NA,NA,NA,NA,NA,NA,NA
2021-2022,Colonial Heights City,834,Central Virginia,school,444,40,Colonial Heights High,53.23741007194245,NA,NA,NA,NA,NA,NA,NA,NA,NA
2021-2022,Colonial Heights City,654,Central Virginia,school,377,20,Colonial Heights Middle,57.645259938837924,NA,NA,NA,NA,NA,NA,NA,NA,NA
2021-2022,Colonial Heights City,391,Central Virginia,school,227,50,Lakeview Elementary,58.05626598465473,NA,NA,NA,NA,NA,NA,NA,NA,NA
2021-2022,Colonial Heights City,319,Central Virginia,school,187,30,North Elementary,58.620689655172406,NA,NA,NA,NA,NA,NA,NA,NA,NA
2021-2022,Colonial Heights City,588,Central Virginia,school,293,60,Tussing Elementary,49.82993197278912,NA,NA,NA,NA,NA,NA,NA,NA,NA
2021-2022,Covington City,349,NA,school,159,350,Covington High,45.55873925501432,NA,NA,NA,NA,NA,NA,NA,NA,NA
2021-2022,Covington City,315,NA,school,22,260,Edgemont Primary,6.984126984126984,NA,NA,NA,NA,NA,NA,NA,NA,NA
2021-2022,Covington City,302,NA,school,82,360,Jeter-Watson Intermediate,27.1523178807947,NA,NA,NA,NA,NA,NA,NA,NA,NA
2021-2022,Craig County,300,Western Virginia,school,145,11,Craig County High,48.333333333333336,NA,NA,NA,NA,NA,NA,NA,NA,NA
2021-2022,Craig County,213,Western Virginia,school,119,10,McCleary Elementary,55.86854460093896,NA,NA,NA,NA,NA,NA,NA,NA,NA
2021-2022,Culpeper County,542,Northern Virginia,school,207,240,A.G. Richardson Elementary,38.191881918819185,NA,NA,NA,NA,NA,NA,NA,NA,NA
2021-2022,Culpeper County,1202,Northern Virginia,school,497,480,Culpeper County High,41.3477537437604,NA,NA,NA,NA,NA,NA,NA,NA,NA
2021-2022,Culpeper County,1100,Northern Virginia,school,529,20,Culpeper Middle,48.090909090909086,NA,NA,NA,NA,NA,NA,NA,NA,NA
2021-2022,Culpeper County,1559,Northern Virginia,school,709,50,Eastern View High,45.47787042976267,NA,NA,NA,NA,NA,NA,NA,NA,NA
2021-2022,Culpeper County,687,Northern Virginia,school,242,450,Emerald Hill Elementary,35.22561863173217,NA,NA,NA,NA,NA,NA,NA,NA,NA
2021-2022,Culpeper County,491,Northern Virginia,school,326,470,Farmington Elementary,66.39511201629328,NA,NA,NA,NA,NA,NA,NA,NA,NA
2021-2022,Culpeper County,836,Northern Virginia,school,464,581,Floyd T. Binns Middle,55.50239234449761,NA,NA,NA,NA,NA,NA,NA,NA,NA
2021-2022,Culpeper County,3,Northern Virginia,school,NA,582,Galbreath-Marshall Building,NA,NA,NA,NA,NA,NA,NA,NA,NA,NA
2021-2022,Culpeper County,599,Northern Virginia,school,331,10,Pearl Sample Elementary,55.25876460767947,NA,NA,NA,NA,NA,NA,NA,NA,NA
2021-2022,Culpeper County,696,Northern Virginia,school,470,460,Sycamore Park Elementary,67.52873563218391,NA,NA,NA,NA,NA,NA,NA,NA,NA
2021-2022,Culpeper County,651,Northern Virginia,school,320,40,Yowell Elementary,49.155145929339476,NA,NA,NA,NA,NA,NA,NA,NA,NA
2021-2022,Cumberland County,492,Southside,school,288,140,Cumberland Elementary,58.536585365853654,NA,NA,NA,NA,NA,NA,NA,NA,NA
2021-2022,Cumberland County,371,Southside,school,202,151,Cumberland High,54.44743935309974,NA,NA,NA,NA,NA,NA,NA,NA,NA
2021-2022,Cumberland County,345,Southside,school,207,152,Cumberland Middle,60,NA,NA,NA,NA,NA,NA,NA,NA,NA
2021-2022,Danville City,534,Western Virginia,school,49,490,Edwin A. Gibson Elementary,9.176029962546817,NA,NA,NA,NA,NA,NA,NA,NA,NA
2021-2022,Danville City,225,Western Virginia,school,60,20,Forest Hills Elementary,26.666666666666668,NA,NA,NA,NA,NA,NA,NA,NA,NA
2021-2022,Danville City,516,Western Virginia,school,45,190,G.L.H. Johnson Elementary,8.720930232558139,NA,NA,NA,NA,NA,NA,NA,NA,NA
2021-2022,Danville City,251,Western Virginia,school,10,1374,Galileo Magnet High,3.9840637450199203,NA,NA,NA,NA,NA,NA,NA,NA,NA
2021-2022,Danville City,1375,Western Virginia,school,190,210,George Washington High,13.818181818181818,NA,NA,NA,NA,NA,NA,NA,NA,NA
2021-2022,Danville City,119,Western Virginia,school,NA,200,Grove Park Preschool,NA,NA,NA,NA,NA,NA,NA,NA,NA,NA
2021-2022,Danville City,726,Western Virginia,school,90,260,O. Trent Bonner Middle,12.396694214876034,NA,NA,NA,NA,NA,NA,NA,NA,NA
2021-2022,Danville City,394,Western Virginia,school,25,250,Park Avenue Elementary,6.345177664974619,NA,NA,NA,NA,NA,NA,NA,NA,NA
2021-2022,Danville City,504,Western Virginia,school,50,40,Schoolfield Elementary,9.920634920634921,NA,NA,NA,NA,NA,NA,NA,NA,NA
2021-2022,Danville City,134,Western Virginia,school,NA,30,The Northside Preschool,NA,NA,NA,NA,NA,NA,NA,NA,NA,NA
2021-2022,Danville City,561,Western Virginia,school,66,1372,Westwood Middle,11.76470588235294,NA,NA,NA,NA,NA,NA,NA,NA,NA
2021-2022,Danville City,397,Western Virginia,school,42,220,Woodberry Hills Elementary,10.579345088161208,NA,NA,NA,NA,NA,NA,NA,NA,NA
2021-2022,Dickenson County,423,Southwest,school,168,20,Clintwood Elementary,39.71631205673759,NA,NA,NA,NA,NA,NA,NA,NA,NA
2021-2022,Dickenson County,143,Southwest,school,64,530,Ervinton Elementary,44.75524475524475,NA,NA,NA,NA,NA,NA,NA,NA,NA
2021-2022,Dickenson County,602,Southwest,school,304,275,Ridgeview High,50.498338870431894,NA,NA,NA,NA,NA,NA,NA,NA,NA
2021-2022,Dickenson County,423,Southwest,school,199,280,Ridgeview Middle,47.04491725768322,NA,NA,NA,NA,NA,NA,NA,NA,NA
2021-2022,Dickenson County,374,Southwest,school,155,860,Sandlick Elementary,41.44385026737968,NA,NA,NA,NA,NA,NA,NA,NA,NA
2021-2022,Dinwiddie County,1297,Central Virginia,school,785,500,Dinwiddie County High,60.5242868157286,NA,NA,NA,NA,NA,NA,NA,NA,NA
2021-2022,Dinwiddie County,935,Central Virginia,school,872,471,Dinwiddie County Middle,93.2620320855615,NA,NA,NA,NA,NA,NA,NA,NA,NA
2021-2022,Dinwiddie County,342,Central Virginia,school,272,310,Dinwiddie Elementary,79.53216374269006,NA,NA,NA,NA,NA,NA,NA,NA,NA
2021-2022,Dinwiddie County,358,Central Virginia,school,314,250,Midway Elementary,87.70949720670392,NA,NA,NA,NA,NA,NA,NA,NA,NA
2021-2022,Dinwiddie County,455,Central Virginia,school,353,10,Southside Elementary,77.58241758241759,NA,NA,NA,NA,NA,NA,NA,NA,NA
2021-2022,Dinwiddie County,263,Central Virginia,school,208,180,Sunnyside Elementary,79.08745247148289,NA,NA,NA,NA,NA,NA,NA,NA,NA
2021-2022,Dinwiddie County,539,Central Virginia,school,429,520,Sutherland Elementary,79.59183673469387,NA,NA,NA,NA,NA,NA,NA,NA,NA
2021-2022,Essex County,508,Northern Neck,school,322,10,Essex High,63.38582677165354,NA,NA,NA,NA,NA,NA,NA,NA,NA
2021-2022,Essex County,365,Northern Neck,school,259,150,James H. Cary Intermediate,70.95890410958904,NA,NA,NA,NA,NA,NA,NA,NA,NA
2021-2022,Essex County,520,Northern Neck,school,133,160,Tappahannock Elementary,25.576923076923073,NA,NA,NA,NA,NA,NA,NA,NA,NA
2021-2022,Fairfax County,503,Northern Virginia,school,83,2203,Aldrin Elementary,16.50099403578529,NA,NA,NA,NA,NA,NA,NA,NA,NA
2021-2022,Fairfax County,2254,Northern Virginia,school,NA,660,Annandale High,NA,NA,NA,NA,NA,NA,NA,NA,NA,NA
2021-2022,Fairfax County,647,Northern Virginia,school,482,1360,Annandale Terrace Elementary,74.49768160741885,NA,NA,NA,NA,NA,NA,NA,NA,NA
2021-2022,Fairfax County,510,Northern Virginia,school,50,110,Archer Elementary,9.803921568627452,NA,NA,NA,NA,NA,NA,NA,NA,NA
2021-2022,Fairfax County,356,Northern Virginia,school,54,1530,Armstrong Elementary,15.168539325842698,NA,NA,NA,NA,NA,NA,NA,NA,NA
2021-2022,Fairfax County,796,Northern Virginia,school,461,550,Bailey's Elementary School for the Arts and Sciences,57.91457286432161,NA,NA,NA,NA,NA,NA,NA,NA,NA
2021-2022,Fairfax County,519,Northern Virginia,school,352,2459,Bailey's Upper Elementary School for the Arts and Sciences,67.82273603082851,NA,NA,NA,NA,NA,NA,NA,NA,NA
2021-2022,Fairfax County,365,Northern Virginia,school,210,1730,Beech Tree Elementary,57.534246575342465,NA,NA,NA,NA,NA,NA,NA,NA,NA
2021-2022,Fairfax County,414,Northern Virginia,school,149,560,Belle View Elementary,35.990338164251206,NA,NA,NA,NA,NA,NA,NA,NA,NA
2021-2022,Fairfax County,554,Northern Virginia,school,285,720,Belvedere Elementary,51.44404332129964,NA,NA,NA,NA,NA,NA,NA,NA,NA
2021-2022,Fairfax County,794,Northern Virginia,school,157,2000,Bonnie Brae Elementary,19.77329974811083,NA,NA,NA,NA,NA,NA,NA,NA,NA
2021-2022,Fairfax County,857,Northern Virginia,school,621,1090,Braddock Elementary,72.46207701283546,NA,NA,NA,NA,NA,NA,NA,NA,NA
2021-2022,Fairfax County,449,Northern Virginia,school,244,940,Bren Mar Park Elementary,54.342984409799556,NA,NA,NA,NA,NA,NA,NA,NA,NA
2021-2022,Fairfax County,740,Northern Virginia,school,478,1790,Brookfield Elementary,64.5945945945946,NA,NA,NA,NA,NA,NA,NA,NA,NA
2021-2022,Fairfax County,140,Northern Virginia,school,100,2201,Bryant High,71.42857142857143,NA,NA,NA,NA,NA,NA,NA,NA,NA
2021-2022,Fairfax County,261,Northern Virginia,school,161,700,Bucknell Elementary,61.68582375478927,NA,NA,NA,NA,NA,NA,NA,NA,NA
2021-2022,Fairfax County,171,Northern Virginia,school,NA,2251,Bull Run Early Childhood Resource Center,NA,NA,NA,NA,NA,NA,NA,NA,NA,NA
2021-2022,Fairfax County,718,Northern Virginia,school,271,2225,Bull Run Elementary,37.74373259052925,NA,NA,NA,NA,NA,NA,NA,NA,NA
2021-2022,Fairfax County,638,Northern Virginia,school,155,680,Bush Hill Elementary,24.294670846394983,NA,NA,NA,NA,NA,NA,NA,NA,NA
2021-2022,Fairfax County,588,Northern Virginia,school,218,1940,Camelot Elementary,37.07482993197279,NA,NA,NA,NA,NA,NA,NA,NA,NA
2021-2022,Fairfax County,492,Northern Virginia,school,287,620,Cameron Elementary,58.333333333333336,NA,NA,NA,NA,NA,NA,NA,NA,NA
2021-2022,Fairfax County,783,Northern Virginia,school,112,1590,Canterbury Woods Elementary,14.303959131545337,NA,NA,NA,NA,NA,NA,NA,NA,NA
2021-2022,Fairfax County,587,Northern Virginia,school,170,1690,Cardinal Forest Elementary,28.960817717206133,NA,NA,NA,NA,NA,NA,NA,NA,NA
2021-2022,Fairfax County,1449,Northern Virginia,school,207,2222,Carson Middle,14.285714285714285,NA,NA,NA,NA,NA,NA,NA,NA,NA
2021-2022,Fairfax County,702,Northern Virginia,school,401,2090,Centre Ridge Elementary,57.12250712250713,NA,NA,NA,NA,NA,NA,NA,NA,NA
2021-2022,Fairfax County,792,Northern Virginia,school,269,2205,Centreville Elementary,33.964646464646464,NA,NA,NA,NA,NA,NA,NA,NA,NA
2021-2022,Fairfax County,2590,Northern Virginia,school,828,200,Centreville High,31.969111969111967,NA,NA,NA,NA,NA,NA,NA,NA,NA
2021-2022,Fairfax County,2965,Northern Virginia,school,620,131,Chantilly High,20.9106239460371,NA,NA,NA,NA,NA,NA,NA,NA,NA
2021-2022,Fairfax County,427,Northern Virginia,school,21,480,Cherry Run Elementary,4.918032786885246,NA,NA,NA,NA,NA,NA,NA,NA,NA
2021-2022,Fairfax County,578,Northern Virginia,school,11,100,Chesterbrook Elementary,1.9031141868512111,NA,NA,NA,NA,NA,NA,NA,NA,NA
2021-2022,Fairfax County,619,Northern Virginia,school,11,1050,Churchill Road Elementary,1.7770597738287561,NA,NA,NA,NA,NA,NA,NA,NA,NA
2021-2022,Fairfax County,599,Northern Virginia,school,309,260,Clearview Elementary,51.58597662771286,NA,NA,NA,NA,NA,NA,NA,NA,NA
2021-2022,Fairfax County,540,Northern Virginia,school,82,1870,Clermont Elementary,15.185185185185185,NA,NA,NA,NA,NA,NA,NA,NA,NA
2021-2022,Fairfax County,763,Northern Virginia,school,387,2347,Coates Elementary,50.720838794233295,NA,NA,NA,NA,NA,NA,NA,NA,NA
2021-2022,Fairfax County,410,Northern Virginia,school,150,1510,Columbia Elementary,36.58536585365854,NA,NA,NA,NA,NA,NA,NA,NA,NA
2021-2022,Fairfax County,771,Northern Virginia,school,24,2234,Colvin Run Elementary,3.11284046692607,NA,NA,NA,NA,NA,NA,NA,NA,NA
2021-2022,Fairfax County,1001,Northern Virginia,school,31,1190,Cooper Middle,3.096903096903097,NA,NA,NA,NA,NA,NA,NA,NA,NA
2021-2022,Fairfax County,566,Northern Virginia,school,334,870,Crestwood Elementary,59.01060070671378,NA,NA,NA,NA,NA,NA,NA,NA,NA
2021-2022,Fairfax County,566,Northern Virginia,school,32,2020,Crossfield Elementary,5.6537102473498235,NA,NA,NA,NA,NA,NA,NA,NA,NA
2021-2022,Fairfax County,569,Northern Virginia,school,109,1600,Cub Run Elementary,19.15641476274165,NA,NA,NA,NA,NA,NA,NA,NA,NA
2021-2022,Fairfax County,427,Northern Virginia,school,151,1700,Cunningham Park Elementary,35.36299765807963,NA,NA,NA,NA,NA,NA,NA,NA,NA
2021-2022,Fairfax County,777,Northern Virginia,school,249,2229,Daniels Run Elementary,32.04633204633205,NA,NA,NA,NA,NA,NA,NA,NA,NA
2021-2022,Fairfax County,566,Northern Virginia,school,169,2204,Deer Park Elementary,29.858657243816257,NA,NA,NA,NA,NA,NA,NA,NA,NA
2021-2022,Fairfax County,654,Northern Virginia,school,487,220,Dogwood Elementary,74.46483180428135,NA,NA,NA,NA,NA,NA,NA,NA,NA
2021-2022,Fairfax County,617,Northern Virginia,school,294,2010,Dranesville Elementary,47.64991896272285,NA,NA,NA,NA,NA,NA,NA,NA,NA
2021-2022,Fairfax County,182,Northern Virginia,school,25,2238,Dunn Loring Early Childhood Resource Center,13.736263736263737,NA,NA,NA,NA,NA,NA,NA,NA,NA
2021-2022,Fairfax County,596,Northern Virginia,school,196,2243,Eagle View Elementary,32.88590604026846,NA,NA,NA,NA,NA,NA,NA,NA,NA
2021-2022,Fairfax County,2192,Northern Virginia,school,899,1270,Edison High,41.012773722627735,NA,NA,NA,NA,NA,NA,NA,NA,NA
2021-2022,Fairfax County,142,Northern Virginia,school,64,190,Fairfax County Adult High,45.07042253521127,NA,NA,NA,NA,NA,NA,NA,NA,NA
2021-2022,Fairfax County,2308,Northern Virginia,school,716,20,Fairfax High,31.022530329289427,NA,NA,NA,NA,NA,NA,NA,NA,NA
2021-2022,Fairfax County,514,Northern Virginia,school,131,1480,Fairfax Villa Elementary,25.486381322957197,NA,NA,NA,NA,NA,NA,NA,NA,NA
2021-2022,Fairfax County,526,Northern Virginia,school,150,1630,Fairhill Elementary,28.517110266159694,NA,NA,NA,NA,NA,NA,NA,NA,NA
2021-2022,Fairfax County,720,Northern Virginia,school,55,290,Fairview Elementary,7.638888888888889,NA,NA,NA,NA,NA,NA,NA,NA,NA
2021-2022,Fairfax County,1988,Northern Virginia,school,NA,1100,Falls Church High,NA,NA,NA,NA,NA,NA,NA,NA,NA,NA
2021-2022,Fairfax County,646,Northern Virginia,school,51,730,Flint Hill Elementary,7.894736842105263,NA,NA,NA,NA,NA,NA,NA,NA,NA
2021-2022,Fairfax County,710,Northern Virginia,school,56,740,Floris Elementary,7.887323943661972,NA,NA,NA,NA,NA,NA,NA,NA,NA
2021-2022,Fairfax County,476,Northern Virginia,school,250,70,Forest Edge Elementary,52.52100840336135,NA,NA,NA,NA,NA,NA,NA,NA,NA
2021-2022,Fairfax County,521,Northern Virginia,school,315,1450,Forestdale Elementary,60.46065259117083,NA,NA,NA,NA,NA,NA,NA,NA,NA
2021-2022,Fairfax County,561,Northern Virginia,school,27,370,Forestville Elementary,4.81283422459893,NA,NA,NA,NA,NA,NA,NA,NA,NA
2021-2022,Fairfax County,717,Northern Virginia,school,135,2224,Fort Belvoir Elementary,18.828451882845187,NA,NA,NA,NA,NA,NA,NA,NA,NA
2021-2022,Fairfax County,670,Northern Virginia,school,152,2458,Fort Belvoir Upper Elementary,22.686567164179106,NA,NA,NA,NA,NA,NA,NA,NA,NA
2021-2022,Fairfax County,507,Northern Virginia,school,153,1920,Fort Hunt Elementary,30.17751479289941,NA,NA,NA,NA,NA,NA,NA,NA,NA
2021-2022,Fairfax County,583,Northern Virginia,school,58,390,Fox Mill Elementary,9.948542024013722,NA,NA,NA,NA,NA,NA,NA,NA,NA
2021-2022,Fairfax County,533,Northern Virginia,school,137,320,Franconia Elementary,25.70356472795497,NA,NA,NA,NA,NA,NA,NA,NA,NA
2021-2022,Fairfax County,880,Northern Virginia,school,176,440,Franklin Middle,20,NA,NA,NA,NA,NA,NA,NA,NA,NA
2021-2022,Fairfax County,494,Northern Virginia,school,165,490,Freedom Hill Elementary,33.40080971659919,NA,NA,NA,NA,NA,NA,NA,NA,NA
2021-2022,Fairfax County,1213,Northern Virginia,school,180,1410,Frost Middle,14.83924154987634,NA,NA,NA,NA,NA,NA,NA,NA,NA
2021-2022,Fairfax County,321,Northern Virginia,school,215,630,Garfield Elementary,66.97819314641744,NA,NA,NA,NA,NA,NA,NA,NA,NA
2021-2022,Fairfax County,1839,Northern Virginia,school,NA,1170,Glasgow Middle,NA,NA,NA,NA,NA,NA,NA,NA,NA,NA
2021-2022,Fairfax County,879,Northern Virginia,school,630,970,Glen Forest Elementary,71.67235494880546,NA,NA,NA,NA,NA,NA,NA,NA,NA
2021-2022,Fairfax County,387,Northern Virginia,school,306,530,Graham Road Elementary,79.06976744186046,NA,NA,NA,NA,NA,NA,NA,NA,NA
2021-2022,Fairfax County,525,Northern Virginia,school,26,570,Great Falls Elementary,4.9523809523809526,NA,NA,NA,NA,NA,NA,NA,NA,NA
2021-2022,Fairfax County,919,Northern Virginia,school,282,1840,Greenbriar East Elementary,30.68552774755169,NA,NA,NA,NA,NA,NA,NA,NA,NA
2021-2022,Fairfax County,635,Northern Virginia,school,103,1500,Greenbriar West Elementary,16.22047244094488,NA,NA,NA,NA,NA,NA,NA,NA,NA
2021-2022,Fairfax County,753,Northern Virginia,school,468,330,Groveton Elementary,62.15139442231076,NA,NA,NA,NA,NA,NA,NA,NA,NA
2021-2022,Fairfax County,536,Northern Virginia,school,191,690,Gunston Elementary,35.634328358208954,NA,NA,NA,NA,NA,NA,NA,NA,NA
2021-2022,Fairfax County,593,Northern Virginia,school,242,2210,Halley Elementary,40.80944350758853,NA,NA,NA,NA,NA,NA,NA,NA,NA
2021-2022,Fairfax County,890,Northern Virginia,school,30,750,Haycock Elementary,3.3707865168539324,NA,NA,NA,NA,NA,NA,NA,NA,NA
2021-2022,Fairfax County,660,Northern Virginia,school,103,1740,Hayfield Elementary,15.606060606060607,NA,NA,NA,NA,NA,NA,NA,NA,NA
2021-2022,Fairfax County,3098,Northern Virginia,school,NA,1800,Hayfield Secondary,NA,NA,NA,NA,NA,NA,NA,NA,NA,NA
2021-2022,Fairfax County,763,Northern Virginia,school,492,1250,Herndon Elementary,64.48230668414155,NA,NA,NA,NA,NA,NA,NA,NA,NA
2021-2022,Fairfax County,2320,Northern Virginia,school,NA,32,Herndon High,NA,NA,NA,NA,NA,NA,NA,NA,NA,NA
2021-2022,Fairfax County,1075,Northern Virginia,school,624,33,Herndon Middle,58.04651162790697,NA,NA,NA,NA,NA,NA,NA,NA,NA
2021-2022,Fairfax County,617,Northern Virginia,school,362,1330,Hollin Meadows Elementary,58.6709886547812,NA,NA,NA,NA,NA,NA,NA,NA,NA
2021-2022,Fairfax County,917,Northern Virginia,school,541,1521,Holmes Middle,58.99672846237731,NA,NA,NA,NA,NA,NA,NA,NA,NA
2021-2022,Fairfax County,976,Northern Virginia,school,394,350,Hughes Middle,40.36885245901639,NA,NA,NA,NA,NA,NA,NA,NA,NA
2021-2022,Fairfax County,667,Northern Virginia,school,69,1880,Hunt Valley Elementary,10.344827586206897,NA,NA,NA,NA,NA,NA,NA,NA,NA
2021-2022,Fairfax County,735,Northern Virginia,school,197,1950,Hunters Woods Elementary School for the Arts and Sciences,26.802721088435373,NA,NA,NA,NA,NA,NA,NA,NA,NA
2021-2022,Fairfax County,1067,Northern Virginia,school,822,1980,Hutchison Elementary,77.03842549203374,NA,NA,NA,NA,NA,NA,NA,NA,NA
2021-2022,Fairfax County,888,Northern Virginia,school,735,1420,Hybla Valley Elementary,82.77027027027027,NA,NA,NA,NA,NA,NA,NA,NA,NA
2021-2022,Fairfax County,1229,Northern Virginia,school,183,1120,Irving Middle,14.890154597233524,NA,NA,NA,NA,NA,NA,NA,NA,NA
2021-2022,Fairfax County,710,Northern Virginia,school,81,2235,Island Creek Elementary,11.408450704225352,NA,NA,NA,NA,NA,NA,NA,NA,NA
2021-2022,Fairfax County,1098,Northern Virginia,school,557,673,Jackson Middle,50.72859744990893,NA,NA,NA,NA,NA,NA,NA,NA,NA
2021-2022,Fairfax County,1075,Northern Virginia,school,341,1110,Johnson Middle,31.720930232558143,NA,NA,NA,NA,NA,NA,NA,NA,NA
2021-2022,Fairfax County,2227,Northern Virginia,school,NA,1070,Justice High,NA,NA,NA,NA,NA,NA,NA,NA,NA,NA
2021-2022,Fairfax County,753,Northern Virginia,school,127,1240,Keene Mill Elementary,16.865869853917662,NA,NA,NA,NA,NA,NA,NA,NA,NA
2021-2022,Fairfax County,1024,Northern Virginia,school,29,980,Kent Gardens Elementary,2.83203125,NA,NA,NA,NA,NA,NA,NA,NA,NA
2021-2022,Fairfax County,63,Northern Virginia,school,17,1901,Key Center,26.984126984126984,NA,NA,NA,NA,NA,NA,NA,NA,NA
2021-2022,Fairfax County,745,Northern Virginia,school,474,1900,Key Middle,63.624161073825505,NA,NA,NA,NA,NA,NA,NA,NA,NA
2021-2022,Fairfax County,53,Northern Virginia,school,20,1761,Kilmer Center,37.735849056603776,NA,NA,NA,NA,NA,NA,NA,NA,NA
2021-2022,Fairfax County,1134,Northern Virginia,school,217,1760,Kilmer Middle,19.1358024691358,NA,NA,NA,NA,NA,NA,NA,NA,NA
2021-2022,Fairfax County,389,Northern Virginia,school,100,1890,Kings Glen Elementary,25.70694087403599,NA,NA,NA,NA,NA,NA,NA,NA,NA
2021-2022,Fairfax County,617,Northern Virginia,school,123,1440,Kings Park Elementary,19.93517017828201,NA,NA,NA,NA,NA,NA,NA,NA,NA
2021-2022,Fairfax County,563,Northern Virginia,school,241,1570,Lake Anne Elementary,42.80639431616341,NA,NA,NA,NA,NA,NA,NA,NA,NA
2021-2022,Fairfax County,4381,Northern Virginia,school,833,90,Lake Braddock Secondary,19.013923761698244,NA,NA,NA,NA,NA,NA,NA,NA,NA
2021-2022,Fairfax County,717,Northern Virginia,school,145,2209,Lane Elementary,20.2231520223152,NA,NA,NA,NA,NA,NA,NA,NA,NA
2021-2022,Fairfax County,2049,Northern Virginia,school,68,1460,Langley High,3.3186920448999513,NA,NA,NA,NA,NA,NA,NA,NA,NA
2021-2022,Fairfax County,716,Northern Virginia,school,142,2348,Laurel Hill Elementary,19.832402234636874,NA,NA,NA,NA,NA,NA,NA,NA,NA
2021-2022,Fairfax County,782,Northern Virginia,school,51,1970,Laurel Ridge Elementary,6.521739130434782,NA,NA,NA,NA,NA,NA,NA,NA,NA
2021-2022,Fairfax County,618,Northern Virginia,school,95,1850,Lees Corner Elementary,15.372168284789645,NA,NA,NA,NA,NA,NA,NA,NA,NA
2021-2022,Fairfax County,508,Northern Virginia,school,81,770,Lemon Road Elementary,15.94488188976378,NA,NA,NA,NA,NA,NA,NA,NA,NA
2021-2022,Fairfax County,1706,Northern Virginia,school,NA,1020,Lewis High,NA,NA,NA,NA,NA,NA,NA,NA,NA,NA
2021-2022,Fairfax County,991,Northern Virginia,school,371,2233,Liberty Middle,37.43693239152371,NA,NA,NA,NA,NA,NA,NA,NA,NA
2021-2022,Fairfax County,295,Northern Virginia,school,71,1400,Little Run Elementary,24.06779661016949,NA,NA,NA,NA,NA,NA,NA,NA,NA
2021-2022,Fairfax County,766,Northern Virginia,school,418,1830,London Towne Elementary,54.56919060052219,NA,NA,NA,NA,NA,NA,NA,NA,NA
2021-2022,Fairfax County,1269,Northern Virginia,school,142,1150,Longfellow Middle,11.189913317572891,NA,NA,NA,NA,NA,NA,NA,NA,NA
2021-2022,Fairfax County,754,Northern Virginia,school,395,2236,Lorton Station Elementary,52.38726790450928,NA,NA,NA,NA,NA,NA,NA,NA,NA
2021-2022,Fairfax County,590,Northern Virginia,school,425,890,Lynbrook Elementary,72.03389830508475,NA,NA,NA,NA,NA,NA,NA,NA,NA
2021-2022,Fairfax County,2213,Northern Virginia,school,244,1060,Madison High,11.025756891098057,NA,NA,NA,NA,NA,NA,NA,NA,NA
2021-2022,Fairfax County,943,Northern Virginia,school,128,1210,Mantua Elementary,13.57370095440085,NA,NA,NA,NA,NA,NA,NA,NA,NA
2021-2022,Fairfax County,2073,Northern Virginia,school,454,1290,Marshall High,21.900627110467923,NA,NA,NA,NA,NA,NA,NA,NA,NA
2021-2022,Fairfax County,665,Northern Virginia,school,180,1200,Marshall Road Elementary,27.06766917293233,NA,NA,NA,NA,NA,NA,NA,NA,NA
2021-2022,Fairfax County,614,Northern Virginia,school,308,2410,Mason Crest Elementary,50.1628664495114,NA,NA,NA,NA,NA,NA,NA,NA,NA
2021-2022,Fairfax County,2368,Northern Virginia,school,265,790,McLean High,11.190878378378379,NA,NA,NA,NA,NA,NA,NA,NA,NA
2021-2022,Fairfax County,551,Northern Virginia,school,152,2231,McNair Elementary,27.586206896551722,NA,NA,NA,NA,NA,NA,NA,NA,NA
2021-2022,Fairfax County,626,Northern Virginia,school,151,2200,McNair Upper Elementary,24.121405750798722,NA,NA,NA,NA,NA,NA,NA,NA,NA
2021-2022,Fairfax County,897,Northern Virginia,school,208,1390,Mosaic Elementary,23.18840579710145,NA,NA,NA,NA,NA,NA,NA,NA,NA
2021-2022,Fairfax County,331,Northern Virginia,school,229,510,Mount Eagle Elementary,69.18429003021149,NA,NA,NA,NA,NA,NA,NA,NA,NA
2021-2022,Fairfax County,1968,Northern Virginia,school,NA,420,Mount Vernon High,NA,NA,NA,NA,NA,NA,NA,NA,NA,NA
2021-2022,Fairfax County,609,Northern Virginia,school,470,1640,Mount Vernon Woods Elementary,77.17569786535303,NA,NA,NA,NA,NA,NA,NA,NA,NA
2021-2022,Fairfax County,154,Northern Virginia,school,105,2211,Mountain View High,68.18181818181817,NA,NA,NA,NA,NA,NA,NA,NA,NA
2021-2022,Fairfax County,911,Northern Virginia,school,48,800,Navy Elementary,5.26893523600439,NA,NA,NA,NA,NA,NA,NA,NA,NA
2021-2022,Fairfax County,540,Northern Virginia,school,140,470,Newington Forest Elementary,25.925925925925924,NA,NA,NA,NA,NA,NA,NA,NA,NA
2021-2022,Fairfax County,456,Northern Virginia,school,187,930,North Springfield Elementary,41.00877192982456,NA,NA,NA,NA,NA,NA,NA,NA,NA
2021-2022,Fairfax County,683,Northern Virginia,school,44,430,Oak Hill Elementary,6.44216691068814,NA,NA,NA,NA,NA,NA,NA,NA,NA
2021-2022,Fairfax County,780,Northern Virginia,school,61,1860,Oak View Elementary,7.82051282051282,NA,NA,NA,NA,NA,NA,NA,NA,NA
2021-2022,Fairfax County,749,Northern Virginia,school,72,140,Oakton Elementary,9.612817089452603,NA,NA,NA,NA,NA,NA,NA,NA,NA
2021-2022,Fairfax County,2638,Northern Virginia,school,352,1710,Oakton High,13.343442001516301,NA,NA,NA,NA,NA,NA,NA,NA,NA
2021-2022,Fairfax County,339,Northern Virginia,school,62,1650,Olde Creek Elementary,18.289085545722713,NA,NA,NA,NA,NA,NA,NA,NA,NA
2021-2022,Fairfax County,932,Northern Virginia,school,60,150,Orange Hunt Elementary,6.437768240343347,NA,NA,NA,NA,NA,NA,NA,NA,NA
2021-2022,Fairfax County,814,Northern Virginia,school,549,1030,Parklawn Elementary,67.44471744471745,NA,NA,NA,NA,NA,NA,NA,NA,NA
2021-2022,Fairfax County,39,Northern Virginia,school,NA,2440,Pimmit Early Childhood Resource Center,NA,NA,NA,NA,NA,NA,NA,NA,NA,NA
2021-2022,Fairfax County,620,Northern Virginia,school,383,820,Pine Spring Elementary,61.7741935483871,NA,NA,NA,NA,NA,NA,NA,NA,NA
2021-2022,Fairfax County,871,Northern Virginia,school,645,1130,Poe Middle,74.05281285878301,NA,NA,NA,NA,NA,NA,NA,NA,NA
2021-2022,Fairfax County,648,Northern Virginia,school,54,2080,Poplar Tree Elementary,8.333333333333332,NA,NA,NA,NA,NA,NA,NA,NA,NA
2021-2022,Fairfax County,883,Northern Virginia,school,141,2237,Powell Elementary,15.968289920724802,NA,NA,NA,NA,NA,NA,NA,NA,NA
2021-2022,Fairfax County,900,Northern Virginia,school,392,2230,Providence Elementary,43.55555555555555,NA,NA,NA,NA,NA,NA,NA,NA,NA
2021-2022,Fairfax County,600,Northern Virginia,school,107,1310,Ravensworth Elementary,17.833333333333336,NA,NA,NA,NA,NA,NA,NA,NA,NA
2021-2022,Fairfax County,703,Northern Virginia,school,463,1820,Riverside Elementary,65.8605974395448,NA,NA,NA,NA,NA,NA,NA,NA,NA
2021-2022,Fairfax County,3699,Northern Virginia,school,498,1960,Robinson Secondary,13.463098134630982,NA,NA,NA,NA,NA,NA,NA,NA,NA
2021-2022,Fairfax County,1017,Northern Virginia,school,167,300,Rocky Run Middle,16.420845624385446,NA,NA,NA,NA,NA,NA,NA,NA,NA
2021-2022,Fairfax County,582,Northern Virginia,school,147,1770,Rolling Valley Elementary,25.257731958762886,NA,NA,NA,NA,NA,NA,NA,NA,NA
2021-2022,Fairfax County,649,Northern Virginia,school,256,950,Rose Hill Elementary,39.44530046224962,NA,NA,NA,NA,NA,NA,NA,NA,NA
2021-2022,Fairfax County,1521,Northern Virginia,school,744,1300,Sandburg Middle,48.91518737672584,NA,NA,NA,NA,NA,NA,NA,NA,NA
2021-2022,Fairfax County,884,Northern Virginia,school,35,2030,Sangster Elementary,3.959276018099547,NA,NA,NA,NA,NA,NA,NA,NA,NA
2021-2022,Fairfax County,600,Northern Virginia,school,257,2040,Saratoga Elementary,42.833333333333336,NA,NA,NA,NA,NA,NA,NA,NA,NA
2021-2022,Fairfax County,350,Northern Virginia,school,21,80,Sherman Elementary,6,NA,NA,NA,NA,NA,NA,NA,NA,NA
2021-2022,Fairfax County,679,Northern Virginia,school,188,1660,Shrevewood Elementary,27.68777614138439,NA,NA,NA,NA,NA,NA,NA,NA,NA
2021-2022,Fairfax County,788,Northern Virginia,school,67,1680,Silverbrook Elementary,8.50253807106599,NA,NA,NA,NA,NA,NA,NA,NA,NA
2021-2022,Fairfax County,441,Northern Virginia,school,276,710,Sleepy Hollow Elementary,62.585034013605444,NA,NA,NA,NA,NA,NA,NA,NA,NA
2021-2022,Fairfax County,2299,Northern Virginia,school,573,2241,South County High,24.923879947803393,NA,NA,NA,NA,NA,NA,NA,NA,NA
2021-2022,Fairfax County,974,Northern Virginia,school,217,2420,South County Middle,22.279260780287473,NA,NA,NA,NA,NA,NA,NA,NA,NA
2021-2022,Fairfax County,2584,Northern Virginia,school,825,1990,South Lakes High,31.927244582043347,NA,NA,NA,NA,NA,NA,NA,NA,NA
2021-2022,Fairfax County,835,Northern Virginia,school,67,1620,Spring Hill Elementary,8.023952095808383,NA,NA,NA,NA,NA,NA,NA,NA,NA
2021-2022,Fairfax County,582,Northern Virginia,school,215,960,Springfield Estates Elementary,36.94158075601375,NA,NA,NA,NA,NA,NA,NA,NA,NA
2021-2022,Fairfax County,527,Northern Virginia,school,58,1380,Stenwood Elementary,11.005692599620494,NA,NA,NA,NA,NA,NA,NA,NA,NA
2021-2022,Fairfax County,700,Northern Virginia,school,258,2070,Stone Middle,36.857142857142854,NA,NA,NA,NA,NA,NA,NA,NA,NA
2021-2022,Fairfax County,734,Northern Virginia,school,170,1350,Stratford Landing Elementary,23.160762942779293,NA,NA,NA,NA,NA,NA,NA,NA,NA
2021-2022,Fairfax County,539,Northern Virginia,school,64,280,Sunrise Valley Elementary,11.873840445269018,NA,NA,NA,NA,NA,NA,NA,NA,NA
2021-2022,Fairfax County,612,Northern Virginia,school,71,170,Terra Centre Elementary,11.601307189542483,NA,NA,NA,NA,NA,NA,NA,NA,NA
2021-2022,Fairfax County,593,Northern Virginia,school,185,250,Terraset Elementary,31.197301854974707,NA,NA,NA,NA,NA,NA,NA,NA,NA
2021-2022,Fairfax County,1904,Northern Virginia,school,145,1371,Thomas Jefferson High for Science and Technology,7.6155462184873945,NA,NA,NA,NA,NA,NA,NA,NA,NA
2021-2022,Fairfax County,1170,Northern Virginia,school,202,1140,Thoreau Middle,17.264957264957264,NA,NA,NA,NA,NA,NA,NA,NA,NA
2021-2022,Fairfax County,604,Northern Virginia,school,335,830,Timber Lane Elementary,55.4635761589404,NA,NA,NA,NA,NA,NA,NA,NA,NA
2021-2022,Fairfax County,1012,Northern Virginia,school,374,1160,Twain Middle,36.95652173913043,NA,NA,NA,NA,NA,NA,NA,NA,NA
2021-2022,Fairfax County,867,Northern Virginia,school,113,1540,Union Mill Elementary,13.033448673587081,NA,NA,NA,NA,NA,NA,NA,NA,NA
2021-2022,Fairfax County,353,Northern Virginia,school,26,120,Vienna Elementary,7.365439093484419,NA,NA,NA,NA,NA,NA,NA,NA,NA
2021-2022,Fairfax County,211,Northern Virginia,school,21,2252,Virginia Hills Early Childhood Resource Center,9.95260663507109,NA,NA,NA,NA,NA,NA,NA,NA,NA
2021-2022,Fairfax County,680,Northern Virginia,school,279,2050,Virginia Run Elementary,41.029411764705884,NA,NA,NA,NA,NA,NA,NA,NA,NA
2021-2022,Fairfax County,659,Northern Virginia,school,49,850,Wakefield Forest Elementary,7.435508345978755,NA,NA,NA,NA,NA,NA,NA,NA,NA
2021-2022,Fairfax County,836,Northern Virginia,school,99,2100,Waples Mill Elementary,11.842105263157894,NA,NA,NA,NA,NA,NA,NA,NA,NA
2021-2022,Fairfax County,556,Northern Virginia,school,332,1320,Washington Mill Elementary,59.71223021582733,NA,NA,NA,NA,NA,NA,NA,NA,NA
2021-2022,Fairfax County,662,Northern Virginia,school,18,1080,Waynewood Elementary,2.719033232628399,NA,NA,NA,NA,NA,NA,NA,NA,NA
2021-2022,Fairfax County,2689,Northern Virginia,school,NA,900,West Potomac High,NA,NA,NA,NA,NA,NA,NA,NA,NA,NA
2021-2022,Fairfax County,576,Northern Virginia,school,47,1430,West Springfield Elementary,8.159722222222223,NA,NA,NA,NA,NA,NA,NA,NA,NA
2021-2022,Fairfax County,2578,Northern Virginia,school,422,1610,West Springfield High,16.369278510473233,NA,NA,NA,NA,NA,NA,NA,NA,NA
2021-2022,Fairfax County,786,Northern Virginia,school,49,1580,Westbriar Elementary,6.23409669211196,NA,NA,NA,NA,NA,NA,NA,NA,NA
2021-2022,Fairfax County,2649,Northern Virginia,school,842,2228,Westfield High,31.78557946394866,NA,NA,NA,NA,NA,NA,NA,NA,NA
2021-2022,Fairfax County,564,Northern Virginia,school,176,1670,Westgate Elementary,31.20567375886525,NA,NA,NA,NA,NA,NA,NA,NA,NA
2021-2022,Fairfax County,756,Northern Virginia,school,525,580,Westlawn Elementary,69.44444444444444,NA,NA,NA,NA,NA,NA,NA,NA,NA
2021-2022,Fairfax County,549,Northern Virginia,school,366,520,Weyanoke Elementary,66.66666666666666,NA,NA,NA,NA,NA,NA,NA,NA,NA
2021-2022,Fairfax County,719,Northern Virginia,school,177,400,White Oaks Elementary,24.617524339360223,NA,NA,NA,NA,NA,NA,NA,NA,NA
2021-2022,Fairfax County,880,Northern Virginia,school,532,1550,Whitman Middle,60.45454545454545,NA,NA,NA,NA,NA,NA,NA,NA,NA
2021-2022,Fairfax County,912,Northern Virginia,school,118,2060,Willow Springs Elementary,12.938596491228072,NA,NA,NA,NA,NA,NA,NA,NA,NA
2021-2022,Fairfax County,545,Northern Virginia,school,13,1810,Wolftrap Elementary,2.385321100917431,NA,NA,NA,NA,NA,NA,NA,NA,NA
2021-2022,Fairfax County,479,Northern Virginia,school,286,650,Woodburn Elementary,59.707724425887264,NA,NA,NA,NA,NA,NA,NA,NA,NA
2021-2022,Fairfax County,495,Northern Virginia,school,339,380,Woodlawn Elementary,68.48484848484848,NA,NA,NA,NA,NA,NA,NA,NA,NA
2021-2022,Fairfax County,502,Northern Virginia,school,323,590,Woodley Hills Elementary,64.34262948207171,NA,NA,NA,NA,NA,NA,NA,NA,NA
2021-2022,Fairfax County,2490,Northern Virginia,school,370,1260,Woodson High,14.859437751004014,NA,NA,NA,NA,NA,NA,NA,NA,NA
2021-2022,Falls Church City,54,Northern Virginia,school,NA,270,Jessie Thackrey  Preschool,NA,NA,NA,NA,NA,NA,NA,NA,NA,NA
2021-2022,Falls Church City,586,Northern Virginia,school,53,252,Mary Ellen Henderson Middle,9.044368600682594,NA,NA,NA,NA,NA,NA,NA,NA,NA
2021-2022,Falls Church City,849,Northern Virginia,school,83,251,Meridian High,9.77620730270907,NA,NA,NA,NA,NA,NA,NA,NA,NA
2021-2022,Falls Church City,486,Northern Virginia,school,23,240,Mount Daniel Elementary,4.732510288065844,NA,NA,NA,NA,NA,NA,NA,NA,NA
2021-2022,Falls Church City,518,Northern Virginia,school,39,260,Oak Street Elementary,7.5289575289575295,NA,NA,NA,NA,NA,NA,NA,NA,NA
2021-2022,Fauquier County,586,Northern Virginia,school,60,854,Auburn Middle,10.238907849829351,NA,NA,NA,NA,NA,NA,NA,NA,NA
2021-2022,Fauquier County,490,Northern Virginia,school,69,460,C. Hunter Ritchie Elementary,14.081632653061224,NA,NA,NA,NA,NA,NA,NA,NA,NA
2021-2022,Fauquier County,346,Northern Virginia,school,90,730,C.M. Bradley Elementary,26.011560693641616,NA,NA,NA,NA,NA,NA,NA,NA,NA
2021-2022,Fauquier County,634,Northern Virginia,school,267,520,Cedar Lee Middle,42.11356466876971,NA,NA,NA,NA,NA,NA,NA,NA,NA
2021-2022,Fauquier County,259,Northern Virginia,school,116,120,Claude Thompson Elementary,44.78764478764479,NA,NA,NA,NA,NA,NA,NA,NA,NA
2021-2022,Fauquier County,1226,Northern Virginia,school,274,701,Fauquier High,22.34910277324633,NA,NA,NA,NA,NA,NA,NA,NA,NA
2021-2022,Fauquier County,506,Northern Virginia,school,194,450,Grace Miller Elementary,38.3399209486166,NA,NA,NA,NA,NA,NA,NA,NA,NA
2021-2022,Fauquier County,494,Northern Virginia,school,42,511,Greenville Elementary,8.502024291497975,NA,NA,NA,NA,NA,NA,NA,NA,NA
2021-2022,Fauquier County,373,Northern Virginia,school,126,750,H.M. Pearson Elementary,33.78016085790885,NA,NA,NA,NA,NA,NA,NA,NA,NA
2021-2022,Fauquier County,497,Northern Virginia,school,146,853,James G. Brumfield Elementary,29.376257545271628,NA,NA,NA,NA,NA,NA,NA,NA,NA
2021-2022,Fauquier County,1161,Northern Virginia,school,106,510,Kettle Run High,9.13006029285099,NA,NA,NA,NA,NA,NA,NA,NA,NA
2021-2022,Fauquier County,1353,Northern Virginia,school,430,851,Liberty High,31.781226903178123,NA,NA,NA,NA,NA,NA,NA,NA,NA
2021-2022,Fauquier County,523,Northern Virginia,school,187,530,Margaret M. Pierce Elementary,35.75525812619503,NA,NA,NA,NA,NA,NA,NA,NA,NA
2021-2022,Fauquier County,431,Northern Virginia,school,144,10,Marshall Middle,33.4106728538283,NA,NA,NA,NA,NA,NA,NA,NA,NA
2021-2022,Fauquier County,417,Northern Virginia,school,188,20,Mary Walter Elementary,45.08393285371702,NA,NA,NA,NA,NA,NA,NA,NA,NA
2021-2022,Fauquier County,424,Northern Virginia,school,45,720,P.B. Smith Elementary,10.61320754716981,NA,NA,NA,NA,NA,NA,NA,NA,NA
2021-2022,Fauquier County,455,Northern Virginia,school,132,670,W.C. Taylor Middle,29.010989010989015,NA,NA,NA,NA,NA,NA,NA,NA,NA
2021-2022,Fauquier County,318,Northern Virginia,school,112,740,W.G. Coleman Elementary,35.22012578616352,NA,NA,NA,NA,NA,NA,NA,NA,NA
2021-2022,Fauquier County,381,Northern Virginia,school,56,660,Warrenton Middle,14.698162729658792,NA,NA,NA,NA,NA,NA,NA,NA,NA
2021-2022,Floyd County,265,Western Virginia,school,122,90,Check Elementary,46.0377358490566,NA,NA,NA,NA,NA,NA,NA,NA,NA
2021-2022,Floyd County,758,Western Virginia,school,292,660,Floyd County High,38.522427440633244,NA,NA,NA,NA,NA,NA,NA,NA,NA
2021-2022,Floyd County,456,Western Virginia,school,216,360,Floyd Elementary,47.368421052631575,NA,NA,NA,NA,NA,NA,NA,NA,NA
2021-2022,Floyd County,119,Western Virginia,school,47,650,Indian Valley Elementary,39.49579831932773,NA,NA,NA,NA,NA,NA,NA,NA,NA
2021-2022,Floyd County,178,Western Virginia,school,94,500,Willis Elementary,52.80898876404494,NA,NA,NA,NA,NA,NA,NA,NA,NA
2021-2022,Fluvanna County,449,Valley,school,191,300,Carysbrook Elementary,42.53897550111358,NA,NA,NA,NA,NA,NA,NA,NA,NA
2021-2022,Fluvanna County,410,Valley,school,186,310,Central Elementary,45.36585365853659,NA,NA,NA,NA,NA,NA,NA,NA,NA
2021-2022,Fluvanna County,1453,Valley,school,554,260,Fluvanna County High,38.12801101169993,NA,NA,NA,NA,NA,NA,NA,NA,NA
2021-2022,Fluvanna County,749,Valley,school,323,320,Fluvanna Middle,43.1241655540721,NA,NA,NA,NA,NA,NA,NA,NA,NA
2021-2022,Fluvanna County,255,Valley,school,112,330,West Central Primary,43.92156862745098,NA,NA,NA,NA,NA,NA,NA,NA,NA
2021-2022,Franklin City,297,Tidewater,school,201,20,Franklin High,67.67676767676768,NA,NA,NA,NA,NA,NA,NA,NA,NA
2021-2022,Franklin City,230,Tidewater,school,185,561,Joseph P. King Jr. Middle,80.43478260869566,NA,NA,NA,NA,NA,NA,NA,NA,NA
2021-2022,Franklin City,465,Tidewater,school,375,10,S.P. Morton Elementary,80.64516129032258,NA,NA,NA,NA,NA,NA,NA,NA,NA
2021-2022,Franklin County,1495,Western Virginia,school,858,31,Benjamin Franklin Middle,57.391304347826086,NA,NA,NA,NA,NA,NA,NA,NA,NA
2021-2022,Franklin County,277,Western Virginia,school,102,1370,Boones Mill Elementary,36.8231046931408,NA,NA,NA,NA,NA,NA,NA,NA,NA
2021-2022,Franklin County,251,Western Virginia,school,104,1320,Burnt Chimney Elementary,41.43426294820717,NA,NA,NA,NA,NA,NA,NA,NA,NA
2021-2022,Franklin County,166,Western Virginia,school,72,350,Callaway Elementary,43.373493975903614,NA,NA,NA,NA,NA,NA,NA,NA,NA
2021-2022,Franklin County,229,Western Virginia,school,85,20,Dudley Elementary,37.117903930131,NA,NA,NA,NA,NA,NA,NA,NA,NA
2021-2022,Franklin County,215,Western Virginia,school,106,1360,Ferrum Elementary,49.30232558139535,NA,NA,NA,NA,NA,NA,NA,NA,NA
2021-2022,Franklin County,1925,Western Virginia,school,727,1311,Franklin County High,37.76623376623377,NA,NA,NA,NA,NA,NA,NA,NA,NA
2021-2022,Franklin County,218,Western Virginia,school,105,690,Glade Hill Elementary,48.1651376146789,NA,NA,NA,NA,NA,NA,NA,NA,NA
2021-2022,Franklin County,161,Western Virginia,school,77,10,Henry Elementary,47.82608695652174,NA,NA,NA,NA,NA,NA,NA,NA,NA
2021-2022,Franklin County,386,Western Virginia,school,222,660,Lee M. Waid Elementary,57.51295336787565,NA,NA,NA,NA,NA,NA,NA,NA,NA
2021-2022,Franklin County,290,Western Virginia,school,151,1380,Rocky Mount Elementary,52.06896551724138,NA,NA,NA,NA,NA,NA,NA,NA,NA
2021-2022,Franklin County,206,Western Virginia,school,109,1170,Snow Creek Elementary,52.9126213592233,NA,NA,NA,NA,NA,NA,NA,NA,NA
2021-2022,Franklin County,219,Western Virginia,school,115,960,Sontag Elementary,52.51141552511416,NA,NA,NA,NA,NA,NA,NA,NA,NA
2021-2022,Franklin County,282,Western Virginia,school,85,980,Windy Gap Elementary,30.141843971631204,NA,NA,NA,NA,NA,NA,NA,NA,NA
2021-2022,Frederick County,806,Northern Virginia,school,307,586,Admiral Richard E. Byrd Middle,38.0893300248139,NA,NA,NA,NA,NA,NA,NA,NA,NA
2021-2022,Frederick County,422,Northern Virginia,school,211,10,Apple Pie Ridge Elementary,50,NA,NA,NA,NA,NA,NA,NA,NA,NA
2021-2022,Frederick County,633,Northern Virginia,school,159,320,Armel Elementary,25.118483412322274,NA,NA,NA,NA,NA,NA,NA,NA,NA
2021-2022,Frederick County,581,Northern Virginia,school,231,20,Bass-Hoover Elementary,39.75903614457831,NA,NA,NA,NA,NA,NA,NA,NA,NA
2021-2022,Frederick County,509,Northern Virginia,school,265,587,Evendale Elementary,52.06286836935167,NA,NA,NA,NA,NA,NA,NA,NA,NA
2021-2022,Frederick County,781,Northern Virginia,school,330,460,Frederick County Middle,42.25352112676056,NA,NA,NA,NA,NA,NA,NA,NA,NA
2021-2022,Frederick County,442,Northern Virginia,school,172,380,Gainesboro Elementary,38.91402714932127,NA,NA,NA,NA,NA,NA,NA,NA,NA
2021-2022,Frederick County,594,Northern Virginia,school,186,590,Greenwood Mill Elementary,31.313131313131315,NA,NA,NA,NA,NA,NA,NA,NA,NA
2021-2022,Frederick County,391,Northern Virginia,school,180,40,Indian Hollow Elementary,46.03580562659847,NA,NA,NA,NA,NA,NA,NA,NA,NA
2021-2022,Frederick County,1438,Northern Virginia,school,474,30,James Wood High,32.962447844228095,NA,NA,NA,NA,NA,NA,NA,NA,NA
2021-2022,Frederick County,818,Northern Virginia,school,441,420,James Wood Middle,53.91198044009779,NA,NA,NA,NA,NA,NA,NA,NA,NA
2021-2022,Frederick County,513,Northern Virginia,school,208,591,Jordan Springs Elementary,40.5458089668616,NA,NA,NA,NA,NA,NA,NA,NA,NA
2021-2022,Frederick County,570,Northern Virginia,school,286,340,Middletown Elementary,50.175438596491226,NA,NA,NA,NA,NA,NA,NA,NA,NA
2021-2022,Frederick County,1522,Northern Virginia,school,659,584,Millbrook High,43.29829172141918,NA,NA,NA,NA,NA,NA,NA,NA,NA
2021-2022,Frederick County,469,Northern Virginia,school,169,583,Orchard View Elementary,36.034115138592746,NA,NA,NA,NA,NA,NA,NA,NA,NA
2021-2022,Frederick County,575,Northern Virginia,school,294,582,Redbud Run Elementary,51.13043478260869,NA,NA,NA,NA,NA,NA,NA,NA,NA
2021-2022,Frederick County,842,Northern Virginia,school,380,480,Robert E. Aylor Middle,45.13064133016627,NA,NA,NA,NA,NA,NA,NA,NA,NA
2021-2022,Frederick County,1602,Northern Virginia,school,562,581,Sherando High,35.08114856429464,NA,NA,NA,NA,NA,NA,NA,NA,NA
2021-2022,Frederick County,368,Northern Virginia,school,218,410,Stonewall Elementary,59.2391304347826,NA,NA,NA,NA,NA,NA,NA,NA,NA
2021-2022,Fredericksburg City,873,Northern Neck,school,482,50,Hugh Mercer Elementary,55.21191294387171,NA,NA,NA,NA,NA,NA,NA,NA,NA
2021-2022,Fredericksburg City,1027,Northern Neck,school,380,40,James Monroe High,37.00097370983447,NA,NA,NA,NA,NA,NA,NA,NA,NA
2021-2022,Fredericksburg City,802,Northern Neck,school,364,272,Lafayette Elementary,45.38653366583541,NA,NA,NA,NA,NA,NA,NA,NA,NA
2021-2022,Fredericksburg City,140,Northern Neck,school,65,30,Walker-Grant Early Childhood Center,46.42857142857143,NA,NA,NA,NA,NA,NA,NA,NA,NA
2021-2022,Fredericksburg City,782,Northern Neck,school,347,273,Walker-Grant Middle,44.37340153452685,NA,NA,NA,NA,NA,NA,NA,NA,NA
2021-2022,Galax City,663,Southwest,school,400,10,Galax Elementary,60.33182503770739,NA,NA,NA,NA,NA,NA,NA,NA,NA
2021-2022,Galax City,374,Southwest,school,204,31,Galax High,54.54545454545454,NA,NA,NA,NA,NA,NA,NA,NA,NA
2021-2022,Galax City,318,Southwest,school,196,32,Galax Middle,61.63522012578616,NA,NA,NA,NA,NA,NA,NA,NA,NA
2021-2022,Giles County,744,Southwest,school,194,10,Eastern Elementary/Middle,26.0752688172043,NA,NA,NA,NA,NA,NA,NA,NA,NA
2021-2022,Giles County,702,Southwest,school,258,461,Giles High,36.75213675213676,NA,NA,NA,NA,NA,NA,NA,NA,NA
2021-2022,Giles County,819,Southwest,school,262,390,Macy Mcclaugherty Elementary/Middle,31.990231990231987,NA,NA,NA,NA,NA,NA,NA,NA,NA
2021-2022,Giles County,840,Southwest,school,274,400,Narrows Elementary/Middle,32.61904761904762,NA,NA,NA,NA,NA,NA,NA,NA,NA
2021-2022,Giles County,426,Southwest,school,142,470,Narrows High,33.33333333333333,NA,NA,NA,NA,NA,NA,NA,NA,NA
2021-2022,Gloucester County,455,Northern Neck,school,202,250,Abingdon Elementary,44.395604395604394,NA,NA,NA,NA,NA,NA,NA,NA,NA
2021-2022,Gloucester County,430,Northern Neck,school,165,240,Achilles Elementary,38.372093023255815,NA,NA,NA,NA,NA,NA,NA,NA,NA
2021-2022,Gloucester County,495,Northern Neck,school,191,381,Bethel Elementary,38.58585858585858,NA,NA,NA,NA,NA,NA,NA,NA,NA
2021-2022,Gloucester County,562,Northern Neck,school,217,100,Botetourt Elementary,38.612099644128115,NA,NA,NA,NA,NA,NA,NA,NA,NA
2021-2022,Gloucester County,1542,Northern Neck,school,705,260,Gloucester High,45.719844357976655,NA,NA,NA,NA,NA,NA,NA,NA,NA
2021-2022,Gloucester County,603,Northern Neck,school,316,802,Page Middle,52.40464344941957,NA,NA,NA,NA,NA,NA,NA,NA,NA
2021-2022,Gloucester County,627,Northern Neck,school,272,280,Peasley Middle,43.38118022328549,NA,NA,NA,NA,NA,NA,NA,NA,NA
2021-2022,Gloucester County,339,Northern Neck,school,145,270,Petsworth Elementary,42.772861356932154,NA,NA,NA,NA,NA,NA,NA,NA,NA
2021-2022,Goochland County,300,Central Virginia,school,108,120,Byrd Elementary,36,NA,NA,NA,NA,NA,NA,NA,NA,NA
2021-2022,Goochland County,362,Central Virginia,school,87,360,Goochland Elementary,24.03314917127072,NA,NA,NA,NA,NA,NA,NA,NA,NA
2021-2022,Goochland County,864,Central Virginia,school,240,220,Goochland High,27.77777777777778,NA,NA,NA,NA,NA,NA,NA,NA,NA
2021-2022,Goochland County,609,Central Virginia,school,177,340,Goochland Middle,29.064039408866993,NA,NA,NA,NA,NA,NA,NA,NA,NA
2021-2022,Goochland County,461,Central Virginia,school,93,260,Randolph Elementary,20.17353579175705,NA,NA,NA,NA,NA,NA,NA,NA,NA
2021-2022,Grayson County,149,Southwest,school,103,480,Fairview Elementary,69.12751677852349,NA,NA,NA,NA,NA,NA,NA,NA,NA
2021-2022,Grayson County,267,Southwest,school,180,911,Fries Elementary,67.41573033707866,NA,NA,NA,NA,NA,NA,NA,NA,NA
2021-2022,Grayson County,453,Southwest,school,256,421,Grayson County High,56.5121412803532,NA,NA,NA,NA,NA,NA,NA,NA,NA
2021-2022,Grayson County,138,Southwest,school,71,430,Grayson Highlands,51.449275362318836,NA,NA,NA,NA,NA,NA,NA,NA,NA
2021-2022,Grayson County,272,Southwest,school,153,422,Independence Elementary,56.25,NA,NA,NA,NA,NA,NA,NA,NA,NA
2021-2022,Grayson County,251,Southwest,school,132,11,Independence Middle,52.589641434262944,NA,NA,NA,NA,NA,NA,NA,NA,NA
2021-2022,Greene County,329,Valley,school,187,20,Nathanael Greene Elementary,56.838905775075986,NA,NA,NA,NA,NA,NA,NA,NA,NA
2021-2022,Greene County,373,Valley,school,224,10,Nathanael Greene Primary,60.05361930294906,NA,NA,NA,NA,NA,NA,NA,NA,NA
2021-2022,Greene County,528,Valley,school,218,30,Ruckersville Elementary,41.28787878787879,NA,NA,NA,NA,NA,NA,NA,NA,NA
2021-2022,Greene County,955,Valley,school,429,72,William Monroe High,44.92146596858639,NA,NA,NA,NA,NA,NA,NA,NA,NA
2021-2022,Greene County,712,Valley,school,327,71,William Monroe Middle,45.92696629213483,NA,NA,NA,NA,NA,NA,NA,NA,NA
2021-2022,Greensville County,163,Southside,school,107,260,Belfield Elementary,65.6441717791411,NA,NA,NA,NA,NA,NA,NA,NA,NA
2021-2022,Greensville County,489,Southside,school,350,190,Edward W. Wyatt Middle,71.57464212678937,NA,NA,NA,NA,NA,NA,NA,NA,NA
2021-2022,Greensville County,581,Southside,school,378,200,Greensville County High,65.06024096385542,NA,NA,NA,NA,NA,NA,NA,NA,NA
2021-2022,Greensville County,804,Southside,school,458,50,Greensville Elementary,56.96517412935324,NA,NA,NA,NA,NA,NA,NA,NA,NA
2021-2022,Halifax County,157,Southside,school,76,1560,Clays Mill Elementary,48.40764331210191,NA,NA,NA,NA,NA,NA,NA,NA,NA
2021-2022,Halifax County,522,Southside,school,258,20,Cluster Springs Elementary,49.42528735632184,NA,NA,NA,NA,NA,NA,NA,NA,NA
2021-2022,Halifax County,1430,Southside,school,732,10,Halifax County High,51.18881118881119,NA,NA,NA,NA,NA,NA,NA,NA,NA
2021-2022,Halifax County,1022,Southside,school,596,1480,Halifax County Middle,58.31702544031311,NA,NA,NA,NA,NA,NA,NA,NA,NA
2021-2022,Halifax County,175,Southside,school,97,1550,Meadville Elementary,55.42857142857143,NA,NA,NA,NA,NA,NA,NA,NA,NA
2021-2022,Halifax County,214,Southside,school,123,1510,Scottsburg Elementary,57.476635514018696,NA,NA,NA,NA,NA,NA,NA,NA,NA
2021-2022,Halifax County,177,Southside,school,133,1521,Sinai Elementary,75.14124293785311,NA,NA,NA,NA,NA,NA,NA,NA,NA
2021-2022,Halifax County,610,Southside,school,388,30,South Boston Elementary,63.60655737704918,NA,NA,NA,NA,NA,NA,NA,NA,NA
2021-2022,Halifax County,101,Southside,school,57,950,South Boston/Halifax Early Learning Center,56.43564356435643,NA,NA,NA,NA,NA,NA,NA,NA,NA
2021-2022,Halifax County,185,Southside,school,119,1490,Sydnor Jennings Elementary,64.32432432432432,NA,NA,NA,NA,NA,NA,NA,NA,NA
2021-2022,Hampton City,465,Tidewater,school,279,500,A.W.E. Bassette Elementary,60,NA,NA,NA,NA,NA,NA,NA,NA,NA
2021-2022,Hampton City,499,Tidewater,school,271,160,Aberdeen Elementary,54.30861723446894,NA,NA,NA,NA,NA,NA,NA,NA,NA
2021-2022,Hampton City,392,Tidewater,school,235,470,Albert W. Patrick III Elementary,59.94897959183674,NA,NA,NA,NA,NA,NA,NA,NA,NA
2021-2022,Hampton City,507,Tidewater,school,269,260,Alfred S. Forrest Elementary,53.05719921104537,NA,NA,NA,NA,NA,NA,NA,NA,NA
2021-2022,Hampton City,266,Tidewater,school,65,120,Armstrong Elementary,24.43609022556391,NA,NA,NA,NA,NA,NA,NA,NA,NA
2021-2022,Hampton City,359,Tidewater,school,131,330,Barron Elementary,36.49025069637883,NA,NA,NA,NA,NA,NA,NA,NA,NA
2021-2022,Hampton City,973,Tidewater,school,522,350,Benjamin Syms Middle,53.64850976361768,NA,NA,NA,NA,NA,NA,NA,NA,NA
2021-2022,Hampton City,1815,Tidewater,school,805,430,Bethel High,44.352617079889804,NA,NA,NA,NA,NA,NA,NA,NA,NA
2021-2022,Hampton City,727,Tidewater,school,451,450,C. Alton Lindsay Middle,62.035763411279234,NA,NA,NA,NA,NA,NA,NA,NA,NA
2021-2022,Hampton City,368,Tidewater,school,211,460,Captain John Smith Elementary,57.33695652173913,NA,NA,NA,NA,NA,NA,NA,NA,NA
2021-2022,Hampton City,713,Tidewater,school,381,300,Cesar Tarrant Middle,53.43618513323983,NA,NA,NA,NA,NA,NA,NA,NA,NA
2021-2022,Hampton City,412,Tidewater,school,185,420,Christopher C. Kraft Elementary,44.90291262135923,NA,NA,NA,NA,NA,NA,NA,NA,NA
2021-2022,Hampton City,431,Tidewater,school,172,30,Francis Asbury Elementary,39.90719257540603,NA,NA,NA,NA,NA,NA,NA,NA,NA
2021-2022,Hampton City,635,Tidewater,school,259,70,Francis W. Jones Magnet Middle,40.78740157480315,NA,NA,NA,NA,NA,NA,NA,NA,NA
2021-2022,Hampton City,1440,Tidewater,school,557,650,George P. Phenix Elementary,38.68055555555556,NA,NA,NA,NA,NA,NA,NA,NA,NA
2021-2022,Hampton City,1336,Tidewater,school,702,280,Hampton High,52.544910179640716,NA,NA,NA,NA,NA,NA,NA,NA,NA
2021-2022,Hampton City,1126,Tidewater,school,635,640,Hunter B. Andrews,56.39431616341031,NA,NA,NA,NA,NA,NA,NA,NA,NA
2021-2022,Hampton City,414,Tidewater,school,241,250,Jane H. Bryan Elementary,58.212560386473434,NA,NA,NA,NA,NA,NA,NA,NA,NA
2021-2022,Hampton City,1612,Tidewater,school,647,320,Kecoughtan High,40.13647642679901,NA,NA,NA,NA,NA,NA,NA,NA,NA
2021-2022,Hampton City,449,Tidewater,school,263,490,Luther W. Machen Elementary,58.57461024498887,NA,NA,NA,NA,NA,NA,NA,NA,NA
2021-2022,Hampton City,420,Tidewater,school,263,440,Mary S. Peake Elementary,62.61904761904762,NA,NA,NA,NA,NA,NA,NA,NA,NA
2021-2022,Hampton City,266,Tidewater,school,154,270,Mary T. Christian Elementary,57.89473684210527,NA,NA,NA,NA,NA,NA,NA,NA,NA
2021-2022,Hampton City,322,Tidewater,school,90,360,Mary W. Jackson Elementary,27.95031055900621,NA,NA,NA,NA,NA,NA,NA,NA,NA
2021-2022,Hampton City,231,Tidewater,school,98,210,Moton Early Childhood Center,42.42424242424242,NA,NA,NA,NA,NA,NA,NA,NA,NA
2021-2022,Hampton City,398,Tidewater,school,189,410,Paul Burbank Elementary,47.48743718592965,NA,NA,NA,NA,NA,NA,NA,NA,NA
2021-2022,Hampton City,397,Tidewater,school,162,370,Phillips Elementary,40.80604534005038,NA,NA,NA,NA,NA,NA,NA,NA,NA
2021-2022,Hampton City,1263,Tidewater,school,703,50,Phoebus High,55.66112430720507,NA,NA,NA,NA,NA,NA,NA,NA,NA
2021-2022,Hampton City,475,Tidewater,school,161,180,Samuel P. Langley Elementary,33.89473684210526,NA,NA,NA,NA,NA,NA,NA,NA,NA
2021-2022,Hampton City,551,Tidewater,school,234,380,Thomas Eaton Middle,42.46823956442831,NA,NA,NA,NA,NA,NA,NA,NA,NA
2021-2022,Hampton City,357,Tidewater,school,109,80,William Mason Cooper Elementary,30.532212885154063,NA,NA,NA,NA,NA,NA,NA,NA,NA
2021-2022,Hanover County,1541,Central Virginia,school,262,62,Atlee High,17.00194678780013,NA,NA,NA,NA,NA,NA,NA,NA,NA
2021-2022,Hanover County,394,Central Virginia,school,62,360,Battlefield Park Elementary,15.736040609137056,NA,NA,NA,NA,NA,NA,NA,NA,NA
2021-2022,Hanover County,280,Central Virginia,school,75,20,Beaverdam Elementary,26.785714285714285,NA,NA,NA,NA,NA,NA,NA,NA,NA
2021-2022,Hanover County,977,Central Virginia,school,365,440,Bell Creek Middle,37.35926305015353,NA,NA,NA,NA,NA,NA,NA,NA,NA
2021-2022,Hanover County,1101,Central Virginia,school,183,61,Chickahominy Middle,16.62125340599455,NA,NA,NA,NA,NA,NA,NA,NA,NA
2021-2022,Hanover County,507,Central Virginia,school,150,70,Cold Harbor Elementary,29.585798816568047,NA,NA,NA,NA,NA,NA,NA,NA,NA
2021-2022,Hanover County,734,Central Virginia,school,66,551,Cool Spring Elementary,8.991825613079019,NA,NA,NA,NA,NA,NA,NA,NA,NA
2021-2022,Hanover County,369,Central Virginia,school,153,430,Elmont Elementary,41.46341463414634,NA,NA,NA,NA,NA,NA,NA,NA,NA
2021-2022,Hanover County,1464,Central Virginia,school,257,554,Hanover High,17.55464480874317,NA,NA,NA,NA,NA,NA,NA,NA,NA
2021-2022,Hanover County,366,Central Virginia,school,136,150,Henry Clay Elementary,37.15846994535519,NA,NA,NA,NA,NA,NA,NA,NA,NA
2021-2022,Hanover County,298,Central Virginia,school,143,162,John M. Gandy Elementary,47.98657718120805,NA,NA,NA,NA,NA,NA,NA,NA,NA
2021-2022,Hanover County,701,Central Virginia,school,90,200,Kersey Creek Elementary,12.838801711840228,NA,NA,NA,NA,NA,NA,NA,NA,NA
2021-2022,Hanover County,546,Central Virginia,school,157,210,Laurel Meadow Elementary,28.754578754578752,NA,NA,NA,NA,NA,NA,NA,NA,NA
2021-2022,Hanover County,963,Central Virginia,school,363,450,Liberty Middle,37.69470404984423,NA,NA,NA,NA,NA,NA,NA,NA,NA
2021-2022,Hanover County,549,Central Virginia,school,245,420,Mechanicsville Elementary,44.626593806921676,NA,NA,NA,NA,NA,NA,NA,NA,NA
2021-2022,Hanover County,1339,Central Virginia,school,401,370,Mechanicsville High,29.94772218073189,NA,NA,NA,NA,NA,NA,NA,NA,NA
2021-2022,Hanover County,888,Central Virginia,school,170,553,Oak Knoll Middle,19.144144144144143,NA,NA,NA,NA,NA,NA,NA,NA,NA
2021-2022,Hanover County,1350,Central Virginia,school,471,400,Patrick Henry High,34.88888888888889,NA,NA,NA,NA,NA,NA,NA,NA,NA
2021-2022,Hanover County,582,Central Virginia,school,48,410,Pearson's Corner Elementary,8.24742268041237,NA,NA,NA,NA,NA,NA,NA,NA,NA
2021-2022,Hanover County,517,Central Virginia,school,89,552,Pole Green Elementary,17.2147001934236,NA,NA,NA,NA,NA,NA,NA,NA,NA
2021-2022,Hanover County,557,Central Virginia,school,66,30,Rural Point Elementary,11.8491921005386,NA,NA,NA,NA,NA,NA,NA,NA,NA
2021-2022,Hanover County,475,Central Virginia,school,102,40,South Anna Elementary,21.47368421052632,NA,NA,NA,NA,NA,NA,NA,NA,NA
2021-2022,Hanover County,367,Central Virginia,school,73,290,Washington-Henry Elementary,19.891008174386922,NA,NA,NA,NA,NA,NA,NA,NA,NA
2021-2022,Harrisonburg City,555,Valley,school,331,120,Bluestone Elementary,59.63963963963964,NA,NA,NA,NA,NA,NA,NA,NA,NA
2021-2022,Harrisonburg City,1924,Valley,school,NA,12,Harrisonburg High,NA,NA,NA,NA,NA,NA,NA,NA,NA,NA
2021-2022,Harrisonburg City,443,Valley,school,224,50,Keister Elementary,50.56433408577878,NA,NA,NA,NA,NA,NA,NA,NA,NA
2021-2022,Harrisonburg City,731,Valley,school,444,111,Skyline Middle,60.73871409028728,NA,NA,NA,NA,NA,NA,NA,NA,NA
2021-2022,Harrisonburg City,791,Valley,school,452,110,Smithland Elementary,57.14285714285714,NA,NA,NA,NA,NA,NA,NA,NA,NA
2021-2022,Harrisonburg City,482,Valley,school,302,60,Spotswood Elementary,62.655601659751035,NA,NA,NA,NA,NA,NA,NA,NA,NA
2021-2022,Harrisonburg City,514,Valley,school,297,191,Stone Spring Elementary,57.78210116731517,NA,NA,NA,NA,NA,NA,NA,NA,NA
2021-2022,Harrisonburg City,696,Valley,school,436,80,Thomas Harrison Middle,62.643678160919535,NA,NA,NA,NA,NA,NA,NA,NA,NA
2021-2022,Harrisonburg City,524,Valley,school,345,30,Waterman Elementary,65.83969465648855,NA,NA,NA,NA,NA,NA,NA,NA,NA
2021-2022,Henrico County,323,Central Virginia,school,172,450,Anthony P. Mehfoud Elementary,53.25077399380805,NA,NA,NA,NA,NA,NA,NA,NA,NA
2021-2022,Henrico County,506,Central Virginia,school,376,320,Arthur Ashe Jr. Elementary,74.30830039525692,NA,NA,NA,NA,NA,NA,NA,NA,NA
2021-2022,Henrico County,1129,Central Virginia,school,815,500,Brookland Middle,72.18777679362267,NA,NA,NA,NA,NA,NA,NA,NA,NA
2021-2022,Henrico County,549,Central Virginia,school,373,120,Cashell Donahoe Elementary,67.94171220400729,NA,NA,NA,NA,NA,NA,NA,NA,NA
2021-2022,Henrico County,317,Central Virginia,school,194,590,Chamberlayne Elementary,61.198738170347,NA,NA,NA,NA,NA,NA,NA,NA,NA
2021-2022,Henrico County,417,Central Virginia,school,286,530,Charles M. Johnson Elementary,68.5851318944844,NA,NA,NA,NA,NA,NA,NA,NA,NA
2021-2022,Henrico County,685,Central Virginia,school,84,93,Colonial Trail Elementary,12.262773722627736,NA,NA,NA,NA,NA,NA,NA,NA,NA
2021-2022,Henrico County,330,Central Virginia,school,157,400,Crestview Elementary,47.57575757575758,NA,NA,NA,NA,NA,NA,NA,NA,NA
2021-2022,Henrico County,495,Central Virginia,school,49,82,David A. Kaechele Elementary,9.8989898989899,NA,NA,NA,NA,NA,NA,NA,NA,NA
2021-2022,Henrico County,2026,Central Virginia,school,215,160,Deep Run High,10.612043435340572,NA,NA,NA,NA,NA,NA,NA,NA,NA
2021-2022,Henrico County,1846,Central Virginia,school,655,410,Douglas S. Freeman High,35.482123510292524,NA,NA,NA,NA,NA,NA,NA,NA,NA
2021-2022,Henrico County,602,Central Virginia,school,456,700,Dumbarton Elementary,75.74750830564784,NA,NA,NA,NA,NA,NA,NA,NA,NA
2021-2022,Henrico County,537,Central Virginia,school,117,300,Echo Lake Elementary,21.787709497206702,NA,NA,NA,NA,NA,NA,NA,NA,NA
2021-2022,Henrico County,778,Central Virginia,school,514,680,Elizabeth Holladay Elementary,66.0668380462725,NA,NA,NA,NA,NA,NA,NA,NA,NA
2021-2022,Henrico County,729,Central Virginia,school,489,92,Elko Middle,67.07818930041152,NA,NA,NA,NA,NA,NA,NA,NA,NA
2021-2022,Henrico County,397,Central Virginia,school,312,200,Fair Oaks Elementary,78.58942065491183,NA,NA,NA,NA,NA,NA,NA,NA,NA
2021-2022,Henrico County,1071,Central Virginia,school,751,510,Fairfield Middle,70.12138188608776,NA,NA,NA,NA,NA,NA,NA,NA,NA
2021-2022,Henrico County,546,Central Virginia,school,78,150,Gayton Elementary,14.285714285714285,NA,NA,NA,NA,NA,NA,NA,NA,NA
2021-2022,Henrico County,407,Central Virginia,school,277,470,George F. Baker Elementary,68.05896805896806,NA,NA,NA,NA,NA,NA,NA,NA,NA
2021-2022,Henrico County,1097,Central Virginia,school,386,390,George H. Moody Middle,35.186873290793066,NA,NA,NA,NA,NA,NA,NA,NA,NA
2021-2022,Henrico County,586,Central Virginia,school,116,20,Glen Allen Elementary,19.795221843003414,NA,NA,NA,NA,NA,NA,NA,NA,NA
2021-2022,Henrico County,2044,Central Virginia,school,506,96,Glen Allen High,24.755381604696673,NA,NA,NA,NA,NA,NA,NA,NA,NA
2021-2022,Henrico County,479,Central Virginia,school,417,380,Glen Lea Elementary,87.05636743215031,NA,NA,NA,NA,NA,NA,NA,NA,NA
2021-2022,Henrico County,589,Central Virginia,school,250,260,Greenwood Elementary,42.444821731748725,NA,NA,NA,NA,NA,NA,NA,NA,NA
2021-2022,Henrico County,426,Central Virginia,school,320,420,Harold Macon Ratcliffe Elementary,75.11737089201877,NA,NA,NA,NA,NA,NA,NA,NA,NA
2021-2022,Henrico County,515,Central Virginia,school,342,94,Harvie Elementary,66.40776699029126,NA,NA,NA,NA,NA,NA,NA,NA,NA
2021-2022,Henrico County,1414,Central Virginia,school,900,610,Henrico High,63.64922206506365,NA,NA,NA,NA,NA,NA,NA,NA,NA
2021-2022,Henrico County,501,Central Virginia,school,315,330,Henry D. Ward Elementary,62.874251497005986,NA,NA,NA,NA,NA,NA,NA,NA,NA
2021-2022,Henrico County,1622,Central Virginia,school,NA,670,Hermitage High,NA,NA,NA,NA,NA,NA,NA,NA,NA,NA
2021-2022,Henrico County,538,Central Virginia,school,442,640,Highland Springs Elementary,82.15613382899627,NA,NA,NA,NA,NA,NA,NA,NA,NA
2021-2022,Henrico County,2023,Central Virginia,school,NA,190,Highland Springs High,NA,NA,NA,NA,NA,NA,NA,NA,NA,NA
2021-2022,Henrico County,857,Central Virginia,school,278,95,Holman Middle,32.43873978996499,NA,NA,NA,NA,NA,NA,NA,NA,NA
2021-2022,Henrico County,870,Central Virginia,school,316,100,Hungary Creek Middle,36.321839080459775,NA,NA,NA,NA,NA,NA,NA,NA,NA
2021-2022,Henrico County,526,Central Virginia,school,209,620,Jackson Davis Elementary,39.73384030418251,NA,NA,NA,NA,NA,NA,NA,NA,NA
2021-2022,Henrico County,468,Central Virginia,school,335,660,Jacob L. Adams Elementary,71.58119658119658,NA,NA,NA,NA,NA,NA,NA,NA,NA
2021-2022,Henrico County,1836,Central Virginia,school,987,600,John Randolph Tucker High,53.75816993464052,NA,NA,NA,NA,NA,NA,NA,NA,NA
2021-2022,Henrico County,885,Central Virginia,school,622,130,John Rolfe Middle,70.28248587570621,NA,NA,NA,NA,NA,NA,NA,NA,NA
2021-2022,Henrico County,742,Central Virginia,school,427,250,L. Douglas Wilder Middle,57.54716981132076,NA,NA,NA,NA,NA,NA,NA,NA,NA
2021-2022,Henrico County,462,Central Virginia,school,372,430,Laburnum Elementary,80.51948051948052,NA,NA,NA,NA,NA,NA,NA,NA,NA
2021-2022,Henrico County,405,Central Virginia,school,254,370,Lakeside Elementary,62.71604938271606,NA,NA,NA,NA,NA,NA,NA,NA,NA
2021-2022,Henrico County,486,Central Virginia,school,341,50,Longdale Elementary,70.16460905349794,NA,NA,NA,NA,NA,NA,NA,NA,NA
2021-2022,Henrico County,528,Central Virginia,school,310,490,Maude Trevvett Elementary,58.71212121212122,NA,NA,NA,NA,NA,NA,NA,NA,NA
2021-2022,Henrico County,599,Central Virginia,school,237,540,Maybeury Elementary,39.565943238731215,NA,NA,NA,NA,NA,NA,NA,NA,NA
2021-2022,Henrico County,1856,Central Virginia,school,407,140,Mills E. Godwin High,21.92887931034483,NA,NA,NA,NA,NA,NA,NA,NA,NA
2021-2022,Henrico County,358,Central Virginia,school,263,210,Montrose Elementary,73.46368715083798,NA,NA,NA,NA,NA,NA,NA,NA,NA
2021-2022,Henrico County,569,Central Virginia,school,61,270,Nuckols Farm Elementary,10.720562390158172,NA,NA,NA,NA,NA,NA,NA,NA,NA
2021-2022,Henrico County,347,Central Virginia,school,88,440,Pemberton Elementary,25.360230547550433,NA,NA,NA,NA,NA,NA,NA,NA,NA
2021-2022,Henrico County,488,Central Virginia,school,208,570,Pinchbeck Elementary,42.62295081967213,NA,NA,NA,NA,NA,NA,NA,NA,NA
2021-2022,Henrico County,822,Central Virginia,school,209,280,Pocahontas Middle,25.42579075425791,NA,NA,NA,NA,NA,NA,NA,NA,NA
2021-2022,Henrico County,1050,Central Virginia,school,598,690,Quioccasin Middle,56.952380952380956,NA,NA,NA,NA,NA,NA,NA,NA,NA
2021-2022,Henrico County,422,Central Virginia,school,261,630,R.C. Longan Elementary,61.84834123222749,NA,NA,NA,NA,NA,NA,NA,NA,NA
2021-2022,Henrico County,452,Central Virginia,school,280,90,Ridge Elementary,61.94690265486725,NA,NA,NA,NA,NA,NA,NA,NA,NA
2021-2022,Henrico County,770,Central Virginia,school,47,240,Rivers Edge Elementary,6.103896103896104,NA,NA,NA,NA,NA,NA,NA,NA,NA
2021-2022,Henrico County,470,Central Virginia,school,237,650,Ruby F. Carver Elementary,50.42553191489362,NA,NA,NA,NA,NA,NA,NA,NA,NA
2021-2022,Henrico County,186,Central Virginia,school,127,220,Sandston Elementary,68.27956989247312,NA,NA,NA,NA,NA,NA,NA,NA,NA
2021-2022,Henrico County,367,Central Virginia,school,244,550,Seven Pines Elementary,66.4850136239782,NA,NA,NA,NA,NA,NA,NA,NA,NA
2021-2022,Henrico County,589,Central Virginia,school,43,710,Shady Grove Elementary,7.30050933786078,NA,NA,NA,NA,NA,NA,NA,NA,NA
2021-2022,Henrico County,556,Central Virginia,school,92,60,Short Pump Elementary,16.546762589928058,NA,NA,NA,NA,NA,NA,NA,NA,NA
2021-2022,Henrico County,1125,Central Virginia,school,147,80,Short Pump Middle,13.066666666666665,NA,NA,NA,NA,NA,NA,NA,NA,NA
2021-2022,Henrico County,495,Central Virginia,school,296,480,Skipwith Elementary,59.79797979797979,NA,NA,NA,NA,NA,NA,NA,NA,NA
2021-2022,Henrico County,600,Central Virginia,school,196,230,Springfield Park Elementary,32.666666666666664,NA,NA,NA,NA,NA,NA,NA,NA,NA
2021-2022,Henrico County,285,Central Virginia,school,130,10,Three Chopt Elementary,45.614035087719294,NA,NA,NA,NA,NA,NA,NA,NA,NA
2021-2022,Henrico County,606,Central Virginia,school,50,360,Tuckahoe Elementary,8.25082508250825,NA,NA,NA,NA,NA,NA,NA,NA,NA
2021-2022,Henrico County,1071,Central Virginia,school,423,520,Tuckahoe Middle,39.49579831932773,NA,NA,NA,NA,NA,NA,NA,NA,NA
2021-2022,Henrico County,549,Central Virginia,school,53,310,Twin Hickory Elementary,9.65391621129326,NA,NA,NA,NA,NA,NA,NA,NA,NA
2021-2022,Henrico County,239,Central Virginia,school,129,290,Varina Elementary,53.97489539748954,NA,NA,NA,NA,NA,NA,NA,NA,NA
2021-2022,Henrico County,1531,Central Virginia,school,NA,580,Varina High,NA,NA,NA,NA,NA,NA,NA,NA,NA,NA
2021-2022,Henry County,378,Western Virginia,school,236,361,Axton Elementary,62.43386243386243,NA,NA,NA,NA,NA,NA,NA,NA,NA
2021-2022,Henry County,1095,Western Virginia,school,669,10,Bassett High,61.09589041095891,NA,NA,NA,NA,NA,NA,NA,NA,NA
2021-2022,Henry County,274,Western Virginia,school,209,590,Campbell Court Elementary,76.27737226277372,NA,NA,NA,NA,NA,NA,NA,NA,NA
2021-2022,Henry County,408,Western Virginia,school,254,530,Drewry Mason Elementary,62.254901960784316,NA,NA,NA,NA,NA,NA,NA,NA,NA
2021-2022,Henry County,839,Western Virginia,school,552,620,Fieldale-Collinsville Middle,65.79261025029798,NA,NA,NA,NA,NA,NA,NA,NA,NA
2021-2022,Henry County,453,Western Virginia,school,320,480,G.W. Carver Elementary,70.6401766004415,NA,NA,NA,NA,NA,NA,NA,NA,NA
2021-2022,Henry County,808,Western Virginia,school,502,670,Laurel Park Middle,62.12871287128713,NA,NA,NA,NA,NA,NA,NA,NA,NA
2021-2022,Henry County,1083,Western Virginia,school,574,20,Magna Vista High,53.00092336103417,NA,NA,NA,NA,NA,NA,NA,NA,NA
2021-2022,Henry County,658,Western Virginia,school,430,661,Meadow View Elementary,65.34954407294833,NA,NA,NA,NA,NA,NA,NA,NA,NA
2021-2022,Henry County,291,Western Virginia,school,198,872,Mount Olivet Elementary,68.04123711340206,NA,NA,NA,NA,NA,NA,NA,NA,NA
2021-2022,Henry County,252,Western Virginia,school,164,740,Rich Acres Elementary,65.07936507936508,NA,NA,NA,NA,NA,NA,NA,NA,NA
2021-2022,Henry County,228,Western Virginia,school,174,220,Sanville Elementary,76.31578947368422,NA,NA,NA,NA,NA,NA,NA,NA,NA
2021-2022,Henry County,258,Western Virginia,school,169,760,Stanleytown Elementary,65.50387596899225,NA,NA,NA,NA,NA,NA,NA,NA,NA
2021-2022,Highland County,92,Valley,school,45,110,Highland Elementary,48.91304347826087,NA,NA,NA,NA,NA,NA,NA,NA,NA
2021-2022,Highland County,86,Valley,school,36,220,Highland High,41.86046511627907,NA,NA,NA,NA,NA,NA,NA,NA,NA
2021-2022,Hopewell City,855,Central Virginia,school,727,110,Carter G. Woodson Middle,85.02923976608187,NA,NA,NA,NA,NA,NA,NA,NA,NA
2021-2022,Hopewell City,613,Central Virginia,school,401,40,Dupont Elementary,65.41598694942904,NA,NA,NA,NA,NA,NA,NA,NA,NA
2021-2022,Hopewell City,538,Central Virginia,school,366,140,Harry E. James Elementary,68.02973977695167,NA,NA,NA,NA,NA,NA,NA,NA,NA
2021-2022,Hopewell City,1167,Central Virginia,school,996,120,Hopewell High,85.34704370179949,NA,NA,NA,NA,NA,NA,NA,NA,NA
2021-2022,Hopewell City,602,Central Virginia,school,397,70,Patrick Copeland Elementary,65.9468438538206,NA,NA,NA,NA,NA,NA,NA,NA,NA
2021-2022,Hopewell City,302,Central Virginia,school,NA,151,Woodlawn Pre-School Learning Center,NA,NA,NA,NA,NA,NA,NA,NA,NA,NA
2021-2022,Isle of Wight County,636,Tidewater,school,132,421,Carrollton Elementary,20.754716981132077,NA,NA,NA,NA,NA,NA,NA,NA,NA
2021-2022,Isle of Wight County,242,Tidewater,school,90,280,Carrsville Elementary,37.1900826446281,NA,NA,NA,NA,NA,NA,NA,NA,NA
2021-2022,Isle of Wight County,377,Tidewater,school,161,422,Georgie D. Tyler Middle,42.70557029177719,NA,NA,NA,NA,NA,NA,NA,NA,NA
2021-2022,Isle of Wight County,529,Tidewater,school,202,320,Hardy Elementary,38.18525519848771,NA,NA,NA,NA,NA,NA,NA,NA,NA
2021-2022,Isle of Wight County,1338,Tidewater,school,363,40,Smithfield High,27.130044843049326,NA,NA,NA,NA,NA,NA,NA,NA,NA
2021-2022,Isle of Wight County,624,Tidewater,school,205,50,Smithfield Middle,32.8525641025641,NA,NA,NA,NA,NA,NA,NA,NA,NA
2021-2022,Isle of Wight County,724,Tidewater,school,204,424,Westside Elementary,28.176795580110497,NA,NA,NA,NA,NA,NA,NA,NA,NA
2021-2022,Isle of Wight County,599,Tidewater,school,224,240,Windsor Elementary,37.39565943238731,NA,NA,NA,NA,NA,NA,NA,NA,NA
2021-2022,Isle of Wight County,550,Tidewater,school,282,250,Windsor High,51.272727272727266,NA,NA,NA,NA,NA,NA,NA,NA,NA
2021-2022,King George County,720,Northern Neck,school,203,100,King George Elementary,28.194444444444443,NA,NA,NA,NA,NA,NA,NA,NA,NA
2021-2022,King George County,1455,Northern Neck,school,370,120,King George High,25.42955326460481,NA,NA,NA,NA,NA,NA,NA,NA,NA
2021-2022,King George County,1015,Northern Neck,school,279,10,King George Middle,27.48768472906404,NA,NA,NA,NA,NA,NA,NA,NA,NA
2021-2022,King George County,543,Northern Neck,school,113,50,Potomac Elementary,20.810313075506446,NA,NA,NA,NA,NA,NA,NA,NA,NA
2021-2022,King George County,735,Northern Neck,school,165,221,Sealston Elementary,22.448979591836736,NA,NA,NA,NA,NA,NA,NA,NA,NA
2021-2022,King William County,425,Northern Neck,school,152,180,Acquinton Elementary,35.76470588235294,NA,NA,NA,NA,NA,NA,NA,NA,NA
2021-2022,King William County,410,Northern Neck,school,171,190,Cool Spring Primary,41.70731707317073,NA,NA,NA,NA,NA,NA,NA,NA,NA
2021-2022,King William County,469,Northern Neck,school,194,160,Hamilton Holmes Middle,41.36460554371002,NA,NA,NA,NA,NA,NA,NA,NA,NA
2021-2022,King William County,680,Northern Neck,school,260,130,King William High,38.23529411764706,NA,NA,NA,NA,NA,NA,NA,NA,NA
2021-2022,King and Queen County,268,Northern Neck,school,167,280,Central High,62.31343283582089,NA,NA,NA,NA,NA,NA,NA,NA,NA
2021-2022,King and Queen County,298,Northern Neck,school,84,200,King & Queen Elementary,28.187919463087248,NA,NA,NA,NA,NA,NA,NA,NA,NA
2021-2022,King and Queen County,301,Northern Neck,school,111,290,Lawson-Marriott Elementary,36.87707641196013,NA,NA,NA,NA,NA,NA,NA,NA,NA
2021-2022,Lancaster County,354,Northern Neck,school,219,10,Lancaster High,61.86440677966102,NA,NA,NA,NA,NA,NA,NA,NA,NA
2021-2022,Lancaster County,282,Northern Neck,school,214,110,Lancaster Middle,75.88652482269504,NA,NA,NA,NA,NA,NA,NA,NA,NA
2021-2022,Lancaster County,366,Northern Neck,school,198,210,Lancaster Primary,54.09836065573771,NA,NA,NA,NA,NA,NA,NA,NA,NA
2021-2022,Lee County,251,Southwest,school,173,160,Dryden Elementary,68.92430278884463,NA,NA,NA,NA,NA,NA,NA,NA,NA
2021-2022,Lee County,290,Southwest,school,180,330,Elk Knob Elementary,62.06896551724138,NA,NA,NA,NA,NA,NA,NA,NA,NA
2021-2022,Lee County,140,Southwest,school,92,820,Elydale Middle,65.71428571428571,NA,NA,NA,NA,NA,NA,NA,NA,NA
2021-2022,Lee County,285,Southwest,school,165,630,Flatwoods Elementary,57.89473684210527,NA,NA,NA,NA,NA,NA,NA,NA,NA
2021-2022,Lee County,237,Southwest,school,135,470,Jonesville Middle,56.9620253164557,NA,NA,NA,NA,NA,NA,NA,NA,NA
2021-2022,Lee County,792,Southwest,school,512,300,Lee High,64.64646464646465,NA,NA,NA,NA,NA,NA,NA,NA,NA
2021-2022,Lee County,303,Southwest,school,234,290,Pennington Middle,77.22772277227723,NA,NA,NA,NA,NA,NA,NA,NA,NA
2021-2022,Lee County,226,Southwest,school,146,670,Rose Hill Elementary,64.60176991150442,NA,NA,NA,NA,NA,NA,NA,NA,NA
2021-2022,Lee County,124,Southwest,school,98,200,St. Charles Elementary,79.03225806451613,NA,NA,NA,NA,NA,NA,NA,NA,NA
2021-2022,Lee County,289,Southwest,school,171,880,Thomas Walker High,59.16955017301038,NA,NA,NA,NA,NA,NA,NA,NA,NA
2021-2022,Lexington City,326,Valley,school,97,1390,Harrington Waddell Elementary,29.754601226993866,NA,NA,NA,NA,NA,NA,NA,NA,NA
2021-2022,Lexington City,148,Valley,school,47,1440,Lylburn Downing Middle,31.756756756756754,NA,NA,NA,NA,NA,NA,NA,NA,NA
2021-2022,Lexington City,2,Valley,school,NA,22,Rockbridge County High,NA,NA,NA,NA,NA,NA,NA,NA,NA,NA
2021-2022,Loudoun County,111,Northern Virginia,school,19,510,Aldie Elementary,17.117117117117118,NA,NA,NA,NA,NA,NA,NA,NA,NA
2021-2022,Loudoun County,457,Northern Virginia,school,71,150,Algonkian Elementary,15.536105032822759,NA,NA,NA,NA,NA,NA,NA,NA,NA
2021-2022,Loudoun County,952,Northern Virginia,school,142,610,Arcola Elementary,14.915966386554622,NA,NA,NA,NA,NA,NA,NA,NA,NA
2021-2022,Loudoun County,516,Northern Virginia,school,110,170,Ashburn Elementary,21.31782945736434,NA,NA,NA,NA,NA,NA,NA,NA,NA
2021-2022,Loudoun County,481,Northern Virginia,school,139,220,Ball's Bluff Elementary,28.8981288981289,NA,NA,NA,NA,NA,NA,NA,NA,NA
2021-2022,Loudoun County,181,Northern Virginia,school,48,650,Banneker Elementary,26.519337016574585,NA,NA,NA,NA,NA,NA,NA,NA,NA
2021-2022,Loudoun County,1056,Northern Virginia,school,163,940,Belmont Ridge Middle,15.43560606060606,NA,NA,NA,NA,NA,NA,NA,NA,NA
2021-2022,Loudoun County,719,Northern Virginia,school,89,300,Belmont Station Elementary,12.378303198887343,NA,NA,NA,NA,NA,NA,NA,NA,NA
2021-2022,Loudoun County,830,Northern Virginia,school,123,790,Blue Ridge Middle,14.819277108433734,NA,NA,NA,NA,NA,NA,NA,NA,NA
2021-2022,Loudoun County,1629,Northern Virginia,school,118,1120,Brambleton Middle,7.243707796193983,NA,NA,NA,NA,NA,NA,NA,NA,NA
2021-2022,Loudoun County,1799,Northern Virginia,school,191,420,Briar Woods High,10.617009449694274,NA,NA,NA,NA,NA,NA,NA,NA,NA
2021-2022,Loudoun County,1576,Northern Virginia,school,375,740,Broad Run High,23.794416243654823,NA,NA,NA,NA,NA,NA,NA,NA,NA
2021-2022,Loudoun County,869,Northern Virginia,school,75,450,Buffalo Trail Elementary,8.63060989643268,NA,NA,NA,NA,NA,NA,NA,NA,NA
2021-2022,Loudoun County,828,Northern Virginia,school,118,460,Cardinal Ridge Elementary,14.251207729468598,NA,NA,NA,NA,NA,NA,NA,NA,NA
2021-2022,Loudoun County,580,Northern Virginia,school,170,710,Catoctin Elementary,29.310344827586203,NA,NA,NA,NA,NA,NA,NA,NA,NA
2021-2022,Loudoun County,734,Northern Virginia,school,158,840,Cedar Lane Elementary,21.525885558583106,NA,NA,NA,NA,NA,NA,NA,NA,NA
2021-2022,Loudoun County,575,Northern Virginia,school,236,160,Cool Spring Elementary,41.04347826086956,NA,NA,NA,NA,NA,NA,NA,NA,NA
2021-2022,Loudoun County,665,Northern Virginia,school,242,890,Countryside Elementary,36.390977443609025,NA,NA,NA,NA,NA,NA,NA,NA,NA
2021-2022,Loudoun County,1128,Northern Virginia,school,180,540,Creighton's Corner Elementary,15.957446808510639,NA,NA,NA,NA,NA,NA,NA,NA,NA
2021-2022,Loudoun County,679,Northern Virginia,school,178,1000,Discovery Elementary,26.215022091310754,NA,NA,NA,NA,NA,NA,NA,NA,NA
2021-2022,Loudoun County,1482,Northern Virginia,school,565,31,Dominion High,38.124156545209175,NA,NA,NA,NA,NA,NA,NA,NA,NA
2021-2022,Loudoun County,594,Northern Virginia,school,233,470,Dominion Trail Elementary,39.225589225589225,NA,NA,NA,NA,NA,NA,NA,NA,NA
2021-2022,Loudoun County,1181,Northern Virginia,school,95,880,Eagle Ridge Middle,8.044030482641828,NA,NA,NA,NA,NA,NA,NA,NA,NA
2021-2022,Loudoun County,400,Northern Virginia,school,36,730,Emerick Elementary,9,NA,NA,NA,NA,NA,NA,NA,NA,NA
2021-2022,Loudoun County,595,Northern Virginia,school,167,190,Evergreen Mill Elementary,28.067226890756302,NA,NA,NA,NA,NA,NA,NA,NA,NA
2021-2022,Loudoun County,1116,Northern Virginia,school,312,210,Farmwell Station Middle,27.956989247311824,NA,NA,NA,NA,NA,NA,NA,NA,NA
2021-2022,Loudoun County,501,Northern Virginia,school,326,970,Forest Grove Elementary,65.06986027944112,NA,NA,NA,NA,NA,NA,NA,NA,NA
2021-2022,Loudoun County,582,Northern Virginia,school,212,91,Frances Hazel Reid Elementary,36.42611683848797,NA,NA,NA,NA,NA,NA,NA,NA,NA
2021-2022,Loudoun County,602,Northern Virginia,school,297,530,Frederick Douglass Elementary,49.33554817275748,NA,NA,NA,NA,NA,NA,NA,NA,NA
2021-2022,Loudoun County,2055,Northern Virginia,school,272,120,Freedom High,13.236009732360095,NA,NA,NA,NA,NA,NA,NA,NA,NA
2021-2022,Loudoun County,889,Northern Virginia,school,70,371,Goshen Post Elementary,7.874015748031496,NA,NA,NA,NA,NA,NA,NA,NA,NA
2021-2022,Loudoun County,545,Northern Virginia,school,463,720,Guilford Elementary,84.95412844036697,NA,NA,NA,NA,NA,NA,NA,NA,NA
2021-2022,Loudoun County,159,Northern Virginia,school,23,230,Hamilton Elementary,14.465408805031446,NA,NA,NA,NA,NA,NA,NA,NA,NA
2021-2022,Loudoun County,1084,Northern Virginia,school,117,921,Harmony Middle,10.793357933579335,NA,NA,NA,NA,NA,NA,NA,NA,NA
2021-2022,Loudoun County,918,Northern Virginia,school,279,520,Harper Park Middle,30.392156862745097,NA,NA,NA,NA,NA,NA,NA,NA,NA
2021-2022,Loudoun County,1491,Northern Virginia,school,409,900,Heritage High,27.431254191817573,NA,NA,NA,NA,NA,NA,NA,NA,NA
2021-2022,Loudoun County,144,Northern Virginia,school,NA,111,Hillsboro Charter Academy,NA,NA,NA,NA,NA,NA,NA,NA,NA,NA
2021-2022,Loudoun County,563,Northern Virginia,school,69,400,Hillside Elementary,12.25577264653641,NA,NA,NA,NA,NA,NA,NA,NA,NA
2021-2022,Loudoun County,486,Northern Virginia,school,91,820,Horizon Elementary,18.72427983539095,NA,NA,NA,NA,NA,NA,NA,NA,NA
2021-2022,Loudoun County,1053,Northern Virginia,school,22,1131,Hovatter Elementary,2.089268755935423,NA,NA,NA,NA,NA,NA,NA,NA,NA
2021-2022,Loudoun County,725,Northern Virginia,school,178,960,Hutchison Farm Elementary,24.551724137931036,NA,NA,NA,NA,NA,NA,NA,NA,NA
2021-2022,Loudoun County,1829,Northern Virginia,school,169,1110,Independence High,9.240021869874248,NA,NA,NA,NA,NA,NA,NA,NA,NA
2021-2022,Loudoun County,998,Northern Virginia,school,262,20,J. Lupton Simpson Middle,26.252505010020037,NA,NA,NA,NA,NA,NA,NA,NA,NA
2021-2022,Loudoun County,1384,Northern Virginia,school,198,580,J. Michael Lunsford Middle,14.30635838150289,NA,NA,NA,NA,NA,NA,NA,NA,NA
2021-2022,Loudoun County,1690,Northern Virginia,school,319,370,John Champe High,18.875739644970412,NA,NA,NA,NA,NA,NA,NA,NA,NA
2021-2022,Loudoun County,636,Northern Virginia,school,117,950,John W. Tolbert Jr. Elementary,18.39622641509434,NA,NA,NA,NA,NA,NA,NA,NA,NA
2021-2022,Loudoun County,441,Northern Virginia,school,51,600,Kenneth W.Culbert Elementary,11.564625850340136,NA,NA,NA,NA,NA,NA,NA,NA,NA
2021-2022,Loudoun County,413,Northern Virginia,school,188,80,Leesburg Elementary,45.52058111380145,NA,NA,NA,NA,NA,NA,NA,NA,NA
2021-2022,Loudoun County,763,Northern Virginia,school,64,430,Legacy Elementary,8.387942332896461,NA,NA,NA,NA,NA,NA,NA,NA,NA
2021-2022,Loudoun County,903,Northern Virginia,school,107,560,Liberty Elementary,11.84939091915836,NA,NA,NA,NA,NA,NA,NA,NA,NA
2021-2022,Loudoun County,1436,Northern Virginia,school,130,1130,Lightridge High,9.052924791086351,NA,NA,NA,NA,NA,NA,NA,NA,NA
2021-2022,Loudoun County,79,Northern Virginia,school,NA,290,Lincoln Elementary,NA,NA,NA,NA,NA,NA,NA,NA,NA,NA
2021-2022,Loudoun County,679,Northern Virginia,school,49,860,Little River Elementary,7.216494845360824,NA,NA,NA,NA,NA,NA,NA,NA,NA
2021-2022,Loudoun County,1504,Northern Virginia,school,363,660,Loudoun County High,24.13563829787234,NA,NA,NA,NA,NA,NA,NA,NA,NA
2021-2022,Loudoun County,1242,Northern Virginia,school,176,680,Loudoun Valley High,14.170692431561996,NA,NA,NA,NA,NA,NA,NA,NA,NA
2021-2022,Loudoun County,509,Northern Virginia,school,65,780,Lovettsville Elementary,12.770137524557956,NA,NA,NA,NA,NA,NA,NA,NA,NA
2021-2022,Loudoun County,535,Northern Virginia,school,69,500,Lowes Island Elementary,12.897196261682243,NA,NA,NA,NA,NA,NA,NA,NA,NA
2021-2022,Loudoun County,243,Northern Virginia,school,58,130,Lucketts Elementary,23.868312757201647,NA,NA,NA,NA,NA,NA,NA,NA,NA
2021-2022,Loudoun County,1182,Northern Virginia,school,53,1030,Madison's Trust Elementary,4.483925549915398,NA,NA,NA,NA,NA,NA,NA,NA,NA
2021-2022,Loudoun County,404,Northern Virginia,school,206,70,Meadowland Elementary,50.99009900990099,NA,NA,NA,NA,NA,NA,NA,NA,NA
2021-2022,Loudoun County,1266,Northern Virginia,school,215,320,Mercer Middle,16.982622432859397,NA,NA,NA,NA,NA,NA,NA,NA,NA
2021-2022,Loudoun County,141,Northern Virginia,school,NA,1200,Middleburg Community Charter,NA,NA,NA,NA,NA,NA,NA,NA,NA,NA
2021-2022,Loudoun County,694,Northern Virginia,school,43,910,Mill Run Elementary,6.195965417867435,NA,NA,NA,NA,NA,NA,NA,NA,NA
2021-2022,Loudoun County,875,Northern Virginia,school,149,380,Moorefield Station Elementary,17.02857142857143,NA,NA,NA,NA,NA,NA,NA,NA,NA
2021-2022,Loudoun County,666,Northern Virginia,school,96,980,Mountain View Elementary,14.414414414414415,NA,NA,NA,NA,NA,NA,NA,NA,NA
2021-2022,Loudoun County,631,Northern Virginia,school,119,270,Newton-Lee Elementary,18.858954041204438,NA,NA,NA,NA,NA,NA,NA,NA,NA
2021-2022,Loudoun County,1409,Northern Virginia,school,NA,60,Park View High,NA,NA,NA,NA,NA,NA,NA,NA,NA,NA
2021-2022,Loudoun County,791,Northern Virginia,school,99,340,Pinebrook Elementary,12.515802781289507,NA,NA,NA,NA,NA,NA,NA,NA,NA
2021-2022,Loudoun County,1621,Northern Virginia,school,501,140,Potomac Falls High,30.90684762492289,NA,NA,NA,NA,NA,NA,NA,NA,NA
2021-2022,Loudoun County,528,Northern Virginia,school,264,250,Potowmack Elementary,50,NA,NA,NA,NA,NA,NA,NA,NA,NA
2021-2022,Loudoun County,1140,Northern Virginia,school,344,930,River Bend Middle,30.175438596491226,NA,NA,NA,NA,NA,NA,NA,NA,NA
2021-2022,Loudoun County,1822,Northern Virginia,school,259,1050,Riverside High,14.21514818880351,NA,NA,NA,NA,NA,NA,NA,NA,NA
2021-2022,Loudoun County,1396,Northern Virginia,school,234,1060,Rock Ridge High,16.7621776504298,NA,NA,NA,NA,NA,NA,NA,NA,NA
2021-2022,Loudoun County,587,Northern Virginia,school,409,40,Rolling Ridge Elementary,69.6763202725724,NA,NA,NA,NA,NA,NA,NA,NA,NA
2021-2022,Loudoun County,841,Northern Virginia,school,69,550,Rosa Lee Carter Elementary,8.204518430439952,NA,NA,NA,NA,NA,NA,NA,NA,NA
2021-2022,Loudoun County,548,Northern Virginia,school,60,180,Round Hill Elementary,10.948905109489052,NA,NA,NA,NA,NA,NA,NA,NA,NA
2021-2022,Loudoun County,460,Northern Virginia,school,85,240,Sanders Corner Elementary,18.478260869565215,NA,NA,NA,NA,NA,NA,NA,NA,NA
2021-2022,Loudoun County,580,Northern Virginia,school,84,870,Seldens Landing Elementary,14.482758620689657,NA,NA,NA,NA,NA,NA,NA,NA,NA
2021-2022,Loudoun County,1003,Northern Virginia,school,413,30,Seneca Ridge Middle,41.17647058823529,NA,NA,NA,NA,NA,NA,NA,NA,NA
2021-2022,Loudoun County,922,Northern Virginia,school,312,90,Smart's Mill Middle,33.839479392624725,NA,NA,NA,NA,NA,NA,NA,NA,NA
2021-2022,Loudoun County,435,Northern Virginia,school,273,690,Sterling Elementary,62.758620689655174,NA,NA,NA,NA,NA,NA,NA,NA,NA
2021-2022,Loudoun County,1083,Northern Virginia,school,859,760,Sterling Middle,79.31671283471837,NA,NA,NA,NA,NA,NA,NA,NA,NA
2021-2022,Loudoun County,646,Northern Virginia,school,184,350,Steuart W. Weller Elementary,28.482972136222912,NA,NA,NA,NA,NA,NA,NA,NA,NA
2021-2022,Loudoun County,1740,Northern Virginia,school,257,850,Stone Bridge High,14.770114942528737,NA,NA,NA,NA,NA,NA,NA,NA,NA
2021-2022,Loudoun County,1138,Northern Virginia,school,149,570,Stone Hill Middle,13.093145869947275,NA,NA,NA,NA,NA,NA,NA,NA,NA
2021-2022,Loudoun County,481,Northern Virginia,school,376,10,Sugarland Elementary,78.17047817047818,NA,NA,NA,NA,NA,NA,NA,NA,NA
2021-2022,Loudoun County,471,Northern Virginia,school,393,750,Sully Elementary,83.43949044585987,NA,NA,NA,NA,NA,NA,NA,NA,NA
2021-2022,Loudoun County,538,Northern Virginia,school,34,280,Sycolin Creek Elementary,6.319702602230483,NA,NA,NA,NA,NA,NA,NA,NA,NA
2021-2022,Loudoun County,1138,Northern Virginia,school,183,1040,Trailside Middle,16.080843585237258,NA,NA,NA,NA,NA,NA,NA,NA,NA
2021-2022,Loudoun County,1401,Northern Virginia,school,483,200,Tuscarora High,34.475374732334046,NA,NA,NA,NA,NA,NA,NA,NA,NA
2021-2022,Loudoun County,20,Northern Virginia,school,20,532,W.O. Robey High,100,NA,NA,NA,NA,NA,NA,NA,NA,NA
2021-2022,Loudoun County,232,Northern Virginia,school,11,700,Waterford Elementary,4.741379310344827,NA,NA,NA,NA,NA,NA,NA,NA,NA
2021-2022,Loudoun County,728,Northern Virginia,school,68,1140,Waxpool Elementary,9.340659340659341,NA,NA,NA,NA,NA,NA,NA,NA,NA
2021-2022,Loudoun County,1573,Northern Virginia,school,130,360,Willard Middle,8.264462809917356,NA,NA,NA,NA,NA,NA,NA,NA,NA
2021-2022,Loudoun County,1566,Northern Virginia,school,186,590,Woodgrove High,11.877394636015326,NA,NA,NA,NA,NA,NA,NA,NA,NA
2021-2022,Louisa County,575,Valley,school,291,660,Jouett Elementary,50.60869565217392,NA,NA,NA,NA,NA,NA,NA,NA,NA
2021-2022,Louisa County,1642,Valley,school,799,602,Louisa County High,48.660170523751525,NA,NA,NA,NA,NA,NA,NA,NA,NA
2021-2022,Louisa County,1212,Valley,school,617,601,Louisa County Middle,50.9075907590759,NA,NA,NA,NA,NA,NA,NA,NA,NA
2021-2022,Louisa County,591,Valley,school,241,80,Moss-Nuckols Elementary,40.77834179357022,NA,NA,NA,NA,NA,NA,NA,NA,NA
2021-2022,Louisa County,647,Valley,school,378,610,Thomas Jefferson Elementary,58.42349304482226,NA,NA,NA,NA,NA,NA,NA,NA,NA
2021-2022,Louisa County,501,Valley,school,282,641,Trevilians Elementary,56.287425149700596,NA,NA,NA,NA,NA,NA,NA,NA,NA
2021-2022,Lunenburg County,492,Southside,school,249,560,Central High,50.609756097560975,NA,NA,NA,NA,NA,NA,NA,NA,NA
2021-2022,Lunenburg County,360,Southside,school,235,240,Kenbridge Elementary,65.27777777777779,NA,NA,NA,NA,NA,NA,NA,NA,NA
2021-2022,Lunenburg County,364,Southside,school,214,171,Lunenburg Middle,58.791208791208796,NA,NA,NA,NA,NA,NA,NA,NA,NA
2021-2022,Lunenburg County,391,Southside,school,198,140,Victoria Elementary,50.63938618925832,NA,NA,NA,NA,NA,NA,NA,NA,NA
2021-2022,Lynchburg City,372,Valley,school,201,290,Bedford Hills Elementary,54.03225806451613,NA,NA,NA,NA,NA,NA,NA,NA,NA
2021-2022,Lynchburg City,147,Valley,school,127,70,Dearington Elementary/Innovation,86.39455782312925,NA,NA,NA,NA,NA,NA,NA,NA,NA
2021-2022,Lynchburg City,1359,Valley,school,689,260,E.C. Glass High,50.6990434142752,NA,NA,NA,NA,NA,NA,NA,NA,NA
2021-2022,Lynchburg City,448,Valley,school,327,1102,Heritage Elementary,72.99107142857143,NA,NA,NA,NA,NA,NA,NA,NA,NA
2021-2022,Lynchburg City,1066,Valley,school,616,130,Heritage High,57.78611632270169,NA,NA,NA,NA,NA,NA,NA,NA,NA
2021-2022,Lynchburg City,424,Valley,school,318,360,Linkhorne Elementary,75,NA,NA,NA,NA,NA,NA,NA,NA,NA
2021-2022,Lynchburg City,599,Valley,school,346,350,Linkhorne Middle,57.76293823038397,NA,NA,NA,NA,NA,NA,NA,NA,NA
2021-2022,Lynchburg City,554,Valley,school,356,170,Paul Laurence Dunbar Middle for Innovation,64.25992779783394,NA,NA,NA,NA,NA,NA,NA,NA,NA
2021-2022,Lynchburg City,355,Valley,school,156,330,Paul Munro Elementary,43.94366197183099,NA,NA,NA,NA,NA,NA,NA,NA,NA
2021-2022,Lynchburg City,371,Valley,school,274,270,Perrymont Elementary,73.8544474393531,NA,NA,NA,NA,NA,NA,NA,NA,NA
2021-2022,Lynchburg City,454,Valley,school,336,190,Robert S. Payne Elementary,74.00881057268722,NA,NA,NA,NA,NA,NA,NA,NA,NA
2021-2022,Lynchburg City,338,Valley,school,208,370,Sandusky Elementary,61.53846153846154,NA,NA,NA,NA,NA,NA,NA,NA,NA
2021-2022,Lynchburg City,548,Valley,school,371,340,Sandusky Middle,67.7007299270073,NA,NA,NA,NA,NA,NA,NA,NA,NA
2021-2022,Lynchburg City,451,Valley,school,291,300,Sheffield Elementary,64.52328159645234,NA,NA,NA,NA,NA,NA,NA,NA,NA
2021-2022,Lynchburg City,201,Valley,school,112,90,T.C. Miller Elementary for Innovation,55.72139303482587,NA,NA,NA,NA,NA,NA,NA,NA,NA
2021-2022,Lynchburg City,192,Valley,school,150,250,William M. Bass Elementary,78.125,NA,NA,NA,NA,NA,NA,NA,NA,NA
2021-2022,Madison County,559,Northern Virginia,school,256,221,Madison County High,45.796064400715565,NA,NA,NA,NA,NA,NA,NA,NA,NA
2021-2022,Madison County,366,Northern Virginia,school,167,230,Madison Primary,45.62841530054645,NA,NA,NA,NA,NA,NA,NA,NA,NA
2021-2022,Madison County,351,Northern Virginia,school,181,200,Waverly Yowell Elementary,51.566951566951566,NA,NA,NA,NA,NA,NA,NA,NA,NA
2021-2022,Madison County,388,Northern Virginia,school,169,222,William H. Wetsel Middle,43.55670103092783,NA,NA,NA,NA,NA,NA,NA,NA,NA
2021-2022,Manassas City,661,Northern Virginia,school,274,470,Baldwin Elementary,41.45234493192133,NA,NA,NA,NA,NA,NA,NA,NA,NA
2021-2022,Manassas City,274,Northern Virginia,school,126,471,Baldwin Intermediate,45.98540145985402,NA,NA,NA,NA,NA,NA,NA,NA,NA
2021-2022,Manassas City,545,Northern Virginia,school,213,60,George Carr Round Elementary,39.08256880733945,NA,NA,NA,NA,NA,NA,NA,NA,NA
2021-2022,Manassas City,1115,Northern Virginia,school,499,70,Grace E. Metz Middle,44.75336322869955,NA,NA,NA,NA,NA,NA,NA,NA,NA
2021-2022,Manassas City,647,Northern Virginia,school,306,310,Jennie Dean Elementary,47.2952086553323,NA,NA,NA,NA,NA,NA,NA,NA,NA
2021-2022,Manassas City,802,Northern Virginia,school,334,80,Mayfield Intermediate,41.64588528678304,NA,NA,NA,NA,NA,NA,NA,NA,NA
2021-2022,Manassas City,2268,Northern Virginia,school,819,370,Osbourn High,36.11111111111111,NA,NA,NA,NA,NA,NA,NA,NA,NA
2021-2022,Manassas City,649,Northern Virginia,school,288,20,Richard C. Haydon Elementary,44.37596302003082,NA,NA,NA,NA,NA,NA,NA,NA,NA
2021-2022,Manassas City,631,Northern Virginia,school,260,10,Weems Elementary,41.20443740095087,NA,NA,NA,NA,NA,NA,NA,NA,NA
2021-2022,Manassas Park City,840,Northern Virginia,school,506,522,Cougar Elementary,60.238095238095234,NA,NA,NA,NA,NA,NA,NA,NA,NA
2021-2022,Manassas Park City,737,Northern Virginia,school,418,420,Manassas Park Elementary,56.71641791044776,NA,NA,NA,NA,NA,NA,NA,NA,NA
2021-2022,Manassas Park City,1122,Northern Virginia,school,541,30,Manassas Park High,48.2174688057041,NA,NA,NA,NA,NA,NA,NA,NA,NA
2021-2022,Manassas Park City,809,Northern Virginia,school,440,31,Manassas Park Middle,54.38813349814586,NA,NA,NA,NA,NA,NA,NA,NA,NA
2021-2022,Martinsville City,403,Western Virginia,school,336,222,Albert Harris Elementary,83.37468982630273,NA,NA,NA,NA,NA,NA,NA,NA,NA
2021-2022,Martinsville City,97,Western Virginia,school,59,224,Clearview Early Learning Center,60.824742268041234,NA,NA,NA,NA,NA,NA,NA,NA,NA
2021-2022,Martinsville City,556,Western Virginia,school,400,110,Martinsville High,71.94244604316546,NA,NA,NA,NA,NA,NA,NA,NA,NA
2021-2022,Martinsville City,402,Western Virginia,school,309,10,Martinsville Middle,76.86567164179104,NA,NA,NA,NA,NA,NA,NA,NA,NA
2021-2022,Martinsville City,359,Western Virginia,school,261,223,Patrick Henry Elementary,72.70194986072424,NA,NA,NA,NA,NA,NA,NA,NA,NA
2021-2022,Mathews County,319,Northern Neck,school,156,291,Mathews Elementary,48.90282131661442,NA,NA,NA,NA,NA,NA,NA,NA,NA
2021-2022,Mathews County,293,Northern Neck,school,134,190,Mathews High,45.73378839590443,NA,NA,NA,NA,NA,NA,NA,NA,NA
2021-2022,Mathews County,291,Northern Neck,school,151,100,Thomas Hunter Middle,51.890034364261176,NA,NA,NA,NA,NA,NA,NA,NA,NA
2021-2022,Mecklenburg County,841,Southside,school,94,980,Bluestone  High,11.17717003567182,NA,NA,NA,NA,NA,NA,NA,NA,NA
2021-2022,Mecklenburg County,363,Southside,school,60,960,Bluestone Middle,16.528925619834713,NA,NA,NA,NA,NA,NA,NA,NA,NA
2021-2022,Mecklenburg County,371,Southside,school,141,910,Chase City Elementary,38.00539083557952,NA,NA,NA,NA,NA,NA,NA,NA,NA
2021-2022,Mecklenburg County,422,Southside,school,92,1000,Clarksville Elementary,21.80094786729858,NA,NA,NA,NA,NA,NA,NA,NA,NA
2021-2022,Mecklenburg County,348,Southside,school,115,1020,LaCrosse Elementary,33.04597701149425,NA,NA,NA,NA,NA,NA,NA,NA,NA
2021-2022,Mecklenburg County,842,Southside,school,175,990,Park View High,20.783847980997624,NA,NA,NA,NA,NA,NA,NA,NA,NA
2021-2022,Mecklenburg County,504,Southside,school,155,950,Park View Middle,30.753968253968257,NA,NA,NA,NA,NA,NA,NA,NA,NA
2021-2022,Mecklenburg County,749,Southside,school,295,190,South Hill Elementary,39.38584779706275,NA,NA,NA,NA,NA,NA,NA,NA,NA
2021-2022,Middlesex County,593,Northern Neck,school,363,291,Middlesex Elementary,61.2141652613828,NA,NA,NA,NA,NA,NA,NA,NA,NA
2021-2022,Middlesex County,335,Northern Neck,school,185,90,Middlesex High,55.223880597014926,NA,NA,NA,NA,NA,NA,NA,NA,NA
2021-2022,Middlesex County,274,Northern Neck,school,158,140,St. Clare Walker Middle,57.66423357664233,NA,NA,NA,NA,NA,NA,NA,NA,NA
2021-2022,Montgomery County,551,Western Virginia,school,255,902,Auburn Elementary,46.27949183303085,NA,NA,NA,NA,NA,NA,NA,NA,NA
2021-2022,Montgomery County,373,Western Virginia,school,131,650,Auburn High,35.120643431635386,NA,NA,NA,NA,NA,NA,NA,NA,NA
2021-2022,Montgomery County,288,Western Virginia,school,135,903,Auburn Middle,46.875,NA,NA,NA,NA,NA,NA,NA,NA,NA
2021-2022,Montgomery County,274,Western Virginia,school,136,700,Belview Elementary,49.63503649635037,NA,NA,NA,NA,NA,NA,NA,NA,NA
2021-2022,Montgomery County,1322,Western Virginia,school,258,760,Blacksburg High,19.51588502269289,NA,NA,NA,NA,NA,NA,NA,NA,NA
2021-2022,Montgomery County,927,Western Virginia,school,247,710,Blacksburg Middle,26.64509169363538,NA,NA,NA,NA,NA,NA,NA,NA,NA
2021-2022,Montgomery County,389,Western Virginia,school,135,740,Christiansburg Elementary,34.70437017994858,NA,NA,NA,NA,NA,NA,NA,NA,NA
2021-2022,Montgomery County,1097,Western Virginia,school,411,770,Christiansburg High,37.46581586144029,NA,NA,NA,NA,NA,NA,NA,NA,NA
2021-2022,Montgomery County,793,Western Virginia,school,322,671,Christiansburg Middle,40.605296343001264,NA,NA,NA,NA,NA,NA,NA,NA,NA
2021-2022,Montgomery County,437,Western Virginia,school,169,780,Christiansburg Primary,38.672768878718536,NA,NA,NA,NA,NA,NA,NA,NA,NA
2021-2022,Montgomery County,398,Western Virginia,school,267,30,Eastern Montgomery Elementary,67.08542713567839,NA,NA,NA,NA,NA,NA,NA,NA,NA
2021-2022,Montgomery County,293,Western Virginia,school,161,904,Eastern Montgomery High,54.94880546075085,NA,NA,NA,NA,NA,NA,NA,NA,NA
2021-2022,Montgomery County,561,Western Virginia,school,236,600,Falling Branch Elementary,42.06773618538324,NA,NA,NA,NA,NA,NA,NA,NA,NA
2021-2022,Montgomery County,318,Western Virginia,school,59,750,Gilbert Linkous Elementary,18.553459119496853,NA,NA,NA,NA,NA,NA,NA,NA,NA
2021-2022,Montgomery County,272,Western Virginia,school,36,10,Harding Avenue Elementary,13.23529411764706,NA,NA,NA,NA,NA,NA,NA,NA,NA
2021-2022,Montgomery County,374,Western Virginia,school,74,901,Kipps Elementary,19.786096256684495,NA,NA,NA,NA,NA,NA,NA,NA,NA
2021-2022,Montgomery County,369,Western Virginia,school,122,730,Margaret Beeks Elementary,33.06233062330624,NA,NA,NA,NA,NA,NA,NA,NA,NA
2021-2022,Montgomery County,456,Western Virginia,school,226,210,Prices Fork Elementary,49.56140350877193,NA,NA,NA,NA,NA,NA,NA,NA,NA
2021-2022,Montgomery County,212,Western Virginia,school,128,290,Shawsville Middle,60.37735849056604,NA,NA,NA,NA,NA,NA,NA,NA,NA
2021-2022,Nelson County,545,Valley,school,317,710,Nelson County High,58.1651376146789,NA,NA,NA,NA,NA,NA,NA,NA,NA
2021-2022,Nelson County,359,Valley,school,225,730,Nelson Middle,62.67409470752089,NA,NA,NA,NA,NA,NA,NA,NA,NA
2021-2022,Nelson County,286,Valley,school,170,10,Rockfish River Elementary,59.44055944055944,NA,NA,NA,NA,NA,NA,NA,NA,NA
2021-2022,Nelson County,348,Valley,school,214,20,Tye River Elementary,61.49425287356321,NA,NA,NA,NA,NA,NA,NA,NA,NA
2021-2022,New Kent County,723,Central Virginia,school,202,180,George W. Watkins Elementary,27.93914246196404,NA,NA,NA,NA,NA,NA,NA,NA,NA
2021-2022,New Kent County,701,Central Virginia,school,188,10,New Kent Elementary,26.8188302425107,NA,NA,NA,NA,NA,NA,NA,NA,NA
2021-2022,New Kent County,1083,Central Virginia,school,243,20,New Kent High,22.437673130193904,NA,NA,NA,NA,NA,NA,NA,NA,NA
2021-2022,New Kent County,766,Central Virginia,school,189,100,New Kent Middle,24.673629242819846,NA,NA,NA,NA,NA,NA,NA,NA,NA
2021-2022,Newport News City,602,Tidewater,school,459,1404,Achievable Dream Academy,76.24584717607974,NA,NA,NA,NA,NA,NA,NA,NA,NA
2021-2022,Newport News City,505,Tidewater,school,355,1405,Achievable Dream Middle/High,70.29702970297029,NA,NA,NA,NA,NA,NA,NA,NA,NA
2021-2022,Newport News City,370,Tidewater,school,171,1250,B.C. Charles Elementary,46.21621621621622,NA,NA,NA,NA,NA,NA,NA,NA,NA
2021-2022,Newport News City,416,Tidewater,school,171,110,B.T. Washington Middle,41.105769230769226,NA,NA,NA,NA,NA,NA,NA,NA,NA
2021-2022,Newport News City,593,Tidewater,school,448,1170,Carver Elementary,75.54806070826307,NA,NA,NA,NA,NA,NA,NA,NA,NA
2021-2022,Newport News City,904,Tidewater,school,656,1393,Crittenden Middle,72.56637168141593,NA,NA,NA,NA,NA,NA,NA,NA,NA
2021-2022,Newport News City,464,Tidewater,school,247,50,David A. Dutrow Elementary,53.23275862068966,NA,NA,NA,NA,NA,NA,NA,NA,NA
2021-2022,Newport News City,533,Tidewater,school,204,1398,Deer Park Elementary,38.27392120075047,NA,NA,NA,NA,NA,NA,NA,NA,NA
2021-2022,Newport News City,382,Tidewater,school,206,1402,Denbigh Early Childhood Center,53.92670157068062,NA,NA,NA,NA,NA,NA,NA,NA,NA
2021-2022,Newport News City,1211,Tidewater,school,784,280,Denbigh High,64.73988439306359,NA,NA,NA,NA,NA,NA,NA,NA,NA
2021-2022,Newport News City,558,Tidewater,school,431,130,Discovery STEM Academy,77.24014336917563,NA,NA,NA,NA,NA,NA,NA,NA,NA
2021-2022,Newport News City,1115,Tidewater,school,626,20,Ella J. Fitzgerald Middle,56.14349775784754,NA,NA,NA,NA,NA,NA,NA,NA,NA
2021-2022,Newport News City,1083,Tidewater,school,523,1260,Ethel M. Gildersleeve Middle,48.291782086795934,NA,NA,NA,NA,NA,NA,NA,NA,NA
2021-2022,Newport News City,490,Tidewater,school,25,1407,General Stanford Elementary,5.1020408163265305,NA,NA,NA,NA,NA,NA,NA,NA,NA
2021-2022,Newport News City,421,Tidewater,school,303,70,George J. McIntosh Elementary,71.97149643705463,NA,NA,NA,NA,NA,NA,NA,NA,NA
2021-2022,Newport News City,1169,Tidewater,school,834,1395,Heritage High,71.34302822925578,NA,NA,NA,NA,NA,NA,NA,NA,NA
2021-2022,Newport News City,544,Tidewater,school,336,1210,Hidenwood Elementary,61.76470588235294,NA,NA,NA,NA,NA,NA,NA,NA,NA
2021-2022,Newport News City,378,Tidewater,school,131,1080,Hilton Elementary,34.65608465608466,NA,NA,NA,NA,NA,NA,NA,NA,NA
2021-2022,Newport News City,952,Tidewater,school,606,1270,Homer L. Hines Middle,63.65546218487395,NA,NA,NA,NA,NA,NA,NA,NA,NA
2021-2022,Newport News City,282,Tidewater,school,240,91,Huntington Middle,85.1063829787234,NA,NA,NA,NA,NA,NA,NA,NA,NA
2021-2022,Newport News City,222,Tidewater,school,168,1411,John Marshall Early Childhood Center,75.67567567567568,NA,NA,NA,NA,NA,NA,NA,NA,NA
2021-2022,Newport News City,606,Tidewater,school,382,300,Joseph H. Saunders Elementary,63.03630363036304,NA,NA,NA,NA,NA,NA,NA,NA,NA
2021-2022,Newport News City,511,Tidewater,school,306,1180,Katherine Johnson Elementary,59.8825831702544,NA,NA,NA,NA,NA,NA,NA,NA,NA
2021-2022,Newport News City,621,Tidewater,school,342,1290,Kiln Creek Elementary,55.072463768115945,NA,NA,NA,NA,NA,NA,NA,NA,NA
2021-2022,Newport News City,451,Tidewater,school,181,310,Knollwood Meadows Elementary,40.133037694013304,NA,NA,NA,NA,NA,NA,NA,NA,NA
2021-2022,Newport News City,417,Tidewater,school,281,200,L.F. Palmer Elementary,67.38609112709833,NA,NA,NA,NA,NA,NA,NA,NA,NA
2021-2022,Newport News City,987,Tidewater,school,571,1400,Mary Passage Middle,57.85207700101317,NA,NA,NA,NA,NA,NA,NA,NA,NA
2021-2022,Newport News City,1733,Tidewater,school,733,1220,Menchville High,42.29659549913445,NA,NA,NA,NA,NA,NA,NA,NA,NA
2021-2022,Newport News City,487,Tidewater,school,422,1120,Newsome Park Elementary,86.652977412731,NA,NA,NA,NA,NA,NA,NA,NA,NA
2021-2022,Newport News City,559,Tidewater,school,349,150,Oliver C. Greenwood Elementary,62.432915921288014,NA,NA,NA,NA,NA,NA,NA,NA,NA
2021-2022,Newport News City,390,Tidewater,school,170,270,Richard T. Yates Elementary,43.58974358974359,NA,NA,NA,NA,NA,NA,NA,NA,NA
2021-2022,Newport News City,586,Tidewater,school,299,1230,Richneck Elementary,51.02389078498294,NA,NA,NA,NA,NA,NA,NA,NA,NA
2021-2022,Newport News City,485,Tidewater,school,223,1150,Riverside Elementary,45.97938144329897,NA,NA,NA,NA,NA,NA,NA,NA,NA
2021-2022,Newport News City,445,Tidewater,school,313,250,Sedgefield Elementary,70.33707865168539,NA,NA,NA,NA,NA,NA,NA,NA,NA
2021-2022,Newport News City,472,Tidewater,school,320,1240,Stoney Run Elementary,67.79661016949152,NA,NA,NA,NA,NA,NA,NA,NA,NA
2021-2022,Newport News City,506,Tidewater,school,290,290,T. Ryland Sanford Elementary,57.31225296442688,NA,NA,NA,NA,NA,NA,NA,NA,NA
2021-2022,Newport News City,1623,Tidewater,school,886,1070,Warwick High,54.590264941466415,NA,NA,NA,NA,NA,NA,NA,NA,NA
2021-2022,Newport News City,392,Tidewater,school,227,1410,Watkins Early Childhood Center,57.90816326530612,NA,NA,NA,NA,NA,NA,NA,NA,NA
2021-2022,Newport News City,469,Tidewater,school,328,320,Willis A. Jenkins Elementary,69.9360341151386,NA,NA,NA,NA,NA,NA,NA,NA,NA
2021-2022,Newport News City,1743,Tidewater,school,805,1396,Woodside High,46.1847389558233,NA,NA,NA,NA,NA,NA,NA,NA,NA
2021-2022,Norfolk City,719,Tidewater,school,184,185,Academy for Discovery at Lakewood,25.591098748261476,NA,NA,NA,NA,NA,NA,NA,NA,NA
2021-2022,Norfolk City,868,Tidewater,school,504,760,Azalea Gardens Middle,58.06451612903226,NA,NA,NA,NA,NA,NA,NA,NA,NA
2021-2022,Norfolk City,519,Tidewater,school,289,250,Bay View Elementary,55.68400770712909,NA,NA,NA,NA,NA,NA,NA,NA,NA
2021-2022,Norfolk City,166,Tidewater,school,104,510,Berkley/Campostella Early Childhood Education Center,62.65060240963856,NA,NA,NA,NA,NA,NA,NA,NA,NA
2021-2022,Norfolk City,1217,Tidewater,school,718,20,Blair Middle,58.9975349219392,NA,NA,NA,NA,NA,NA,NA,NA,NA
2021-2022,Norfolk City,978,Tidewater,school,725,880,Booker T Washington High,74.13087934560328,NA,NA,NA,NA,NA,NA,NA,NA,NA
2021-2022,Norfolk City,413,Tidewater,school,204,40,Camp Allen Elementary,49.39467312348668,NA,NA,NA,NA,NA,NA,NA,NA,NA
2021-2022,Norfolk City,320,Tidewater,school,275,220,Chesterfield Academy Elementary,85.9375,NA,NA,NA,NA,NA,NA,NA,NA,NA
2021-2022,Norfolk City,614,Tidewater,school,436,550,Coleman Place Elementary,71.00977198697068,NA,NA,NA,NA,NA,NA,NA,NA,NA
2021-2022,Norfolk City,776,Tidewater,school,500,560,Crossroads Elementary,64.43298969072166,NA,NA,NA,NA,NA,NA,NA,NA,NA
2021-2022,Norfolk City,87,Tidewater,school,45,740,Easton Preschool,51.724137931034484,NA,NA,NA,NA,NA,NA,NA,NA,NA
2021-2022,Norfolk City,486,Tidewater,school,149,90,Ghent K-8,30.65843621399177,NA,NA,NA,NA,NA,NA,NA,NA,NA
2021-2022,Norfolk City,496,Tidewater,school,322,420,Granby Elementary,64.91935483870968,NA,NA,NA,NA,NA,NA,NA,NA,NA
2021-2022,Norfolk City,1863,Tidewater,school,NA,390,Granby High,NA,NA,NA,NA,NA,NA,NA,NA,NA,NA
2021-2022,Norfolk City,496,Tidewater,school,336,610,Ingleside Elementary,67.74193548387096,NA,NA,NA,NA,NA,NA,NA,NA,NA
2021-2022,Norfolk City,541,Tidewater,school,466,430,Jacox Elementary,86.13678373382625,NA,NA,NA,NA,NA,NA,NA,NA,NA
2021-2022,Norfolk City,256,Tidewater,school,220,131,James Monroe Elementary,85.9375,NA,NA,NA,NA,NA,NA,NA,NA,NA
2021-2022,Norfolk City,647,Tidewater,school,417,790,Lake Taylor,64.45131375579598,NA,NA,NA,NA,NA,NA,NA,NA,NA
2021-2022,Norfolk City,1012,Tidewater,school,686,840,Lake Taylor High,67.78656126482213,NA,NA,NA,NA,NA,NA,NA,NA,NA
2021-2022,Norfolk City,448,Tidewater,school,126,210,Larchmont Elementary,28.125,NA,NA,NA,NA,NA,NA,NA,NA,NA
2021-2022,Norfolk City,559,Tidewater,school,329,670,Larrymore Elementary,58.85509838998211,NA,NA,NA,NA,NA,NA,NA,NA,NA
2021-2022,Norfolk City,280,Tidewater,school,215,520,Lindenwood Elementary,76.78571428571429,NA,NA,NA,NA,NA,NA,NA,NA,NA
2021-2022,Norfolk City,590,Tidewater,school,364,682,Little Creek Elementary,61.694915254237294,NA,NA,NA,NA,NA,NA,NA,NA,NA
2021-2022,Norfolk City,429,Tidewater,school,174,460,Mary Calcott Elementary,40.55944055944056,NA,NA,NA,NA,NA,NA,NA,NA,NA
2021-2022,Norfolk City,1623,Tidewater,school,739,10,Matthew Fontaine Maury High,45.53296364756624,NA,NA,NA,NA,NA,NA,NA,NA,NA
2021-2022,Norfolk City,787,Tidewater,school,486,490,Northside Middle,61.753494282083864,NA,NA,NA,NA,NA,NA,NA,NA,NA
2021-2022,Norfolk City,400,Tidewater,school,265,620,Norview Elementary,66.25,NA,NA,NA,NA,NA,NA,NA,NA,NA
2021-2022,Norfolk City,1889,Tidewater,school,NA,580,Norview High,NA,NA,NA,NA,NA,NA,NA,NA,NA,NA
2021-2022,Norfolk City,1280,Tidewater,school,893,570,Norview Middle,69.765625,NA,NA,NA,NA,NA,NA,NA,NA,NA
2021-2022,Norfolk City,492,Tidewater,school,257,190,Ocean View Elementary,52.235772357723576,NA,NA,NA,NA,NA,NA,NA,NA,NA
2021-2022,Norfolk City,442,Tidewater,school,310,630,Oceanair Elementary,70.13574660633483,NA,NA,NA,NA,NA,NA,NA,NA,NA
2021-2022,Norfolk City,292,Tidewater,school,267,530,P.B. Young Sr. Elementary,91.43835616438356,NA,NA,NA,NA,NA,NA,NA,NA,NA
2021-2022,Norfolk City,473,Tidewater,school,356,480,Richard Bowling Elementary,75.26427061310783,NA,NA,NA,NA,NA,NA,NA,NA,NA
2021-2022,Norfolk City,506,Tidewater,school,97,850,Sewells Point Elementary,19.1699604743083,NA,NA,NA,NA,NA,NA,NA,NA,NA
2021-2022,Norfolk City,450,Tidewater,school,306,650,Sherwood Forest Elementary,68,NA,NA,NA,NA,NA,NA,NA,NA,NA
2021-2022,Norfolk City,873,Tidewater,school,765,770,Southside STEM Academy at Campostella,87.62886597938144,NA,NA,NA,NA,NA,NA,NA,NA,NA
2021-2022,Norfolk City,229,Tidewater,school,192,820,St. Helena Elementary,83.84279475982532,NA,NA,NA,NA,NA,NA,NA,NA,NA
2021-2022,Norfolk City,445,Tidewater,school,296,500,Suburban Park Elementary,66.51685393258427,NA,NA,NA,NA,NA,NA,NA,NA,NA
2021-2022,Norfolk City,550,Tidewater,school,401,100,Tanners Creek Elementary,72.9090909090909,NA,NA,NA,NA,NA,NA,NA,NA,NA
2021-2022,Norfolk City,324,Tidewater,school,68,800,Tarrallton Elementary,20.98765432098765,NA,NA,NA,NA,NA,NA,NA,NA,NA
2021-2022,Norfolk City,190,Tidewater,school,180,780,Tidewater Park Elementary,94.73684210526315,NA,NA,NA,NA,NA,NA,NA,NA,NA
2021-2022,Norfolk City,318,Tidewater,school,120,150,Walter Herron Taylor Elementary,37.735849056603776,NA,NA,NA,NA,NA,NA,NA,NA,NA
2021-2022,Norfolk City,488,Tidewater,school,300,471,Willard Model Elementary,61.47540983606557,NA,NA,NA,NA,NA,NA,NA,NA,NA
2021-2022,Norfolk City,524,Tidewater,school,460,30,William H. Ruffner Middle,87.78625954198473,NA,NA,NA,NA,NA,NA,NA,NA,NA
2021-2022,Norfolk City,123,Tidewater,school,43,860,Willoughby Early Childhood Center,34.959349593495936,NA,NA,NA,NA,NA,NA,NA,NA,NA
2021-2022,Northampton County,356,Tidewater,school,304,452,Kiptopeke Elementary,85.39325842696628,NA,NA,NA,NA,NA,NA,NA,NA,NA
2021-2022,Northampton County,426,Tidewater,school,341,350,Northampton High,80.04694835680752,NA,NA,NA,NA,NA,NA,NA,NA,NA
2021-2022,Northampton County,194,Tidewater,school,165,360,Northampton Middle,85.05154639175258,NA,NA,NA,NA,NA,NA,NA,NA,NA
2021-2022,Northampton County,374,Tidewater,school,310,451,Occohannock Elementary,82.88770053475936,NA,NA,NA,NA,NA,NA,NA,NA,NA
2021-2022,Northumberland County,542,Northern Neck,school,318,331,Northumberland Elementary,58.671586715867164,NA,NA,NA,NA,NA,NA,NA,NA,NA
2021-2022,Northumberland County,361,Northern Neck,school,169,40,Northumberland High,46.81440443213297,NA,NA,NA,NA,NA,NA,NA,NA,NA
2021-2022,Northumberland County,278,Northern Neck,school,155,210,Northumberland Middle,55.75539568345324,NA,NA,NA,NA,NA,NA,NA,NA,NA
2021-2022,Norton City,323,Southwest,school,177,20,J.I. Burton High,54.79876160990712,NA,NA,NA,NA,NA,NA,NA,NA,NA
2021-2022,Norton City,505,Southwest,school,212,40,Norton Elementary,41.98019801980198,NA,NA,NA,NA,NA,NA,NA,NA,NA
2021-2022,Nottoway County,389,Southside,school,252,340,Blackstone Primary,64.78149100257069,NA,NA,NA,NA,NA,NA,NA,NA,NA
2021-2022,Nottoway County,358,Southside,school,237,330,Crewe Primary,66.20111731843575,NA,NA,NA,NA,NA,NA,NA,NA,NA
2021-2022,Nottoway County,564,Southside,school,322,301,Nottoway High,57.09219858156028,NA,NA,NA,NA,NA,NA,NA,NA,NA
2021-2022,Nottoway County,237,Southside,school,156,300,Nottoway Intermediate,65.82278481012658,NA,NA,NA,NA,NA,NA,NA,NA,NA
2021-2022,Nottoway County,276,Southside,school,179,302,Nottoway Middle,64.85507246376811,NA,NA,NA,NA,NA,NA,NA,NA,NA
2021-2022,Orange County,314,Northern Virginia,school,159,360,Gordon-Barbour Elementary,50.63694267515923,NA,NA,NA,NA,NA,NA,NA,NA,NA
2021-2022,Orange County,253,Northern Virginia,school,133,70,Lightfoot Elementary,52.569169960474305,NA,NA,NA,NA,NA,NA,NA,NA,NA
2021-2022,Orange County,496,Northern Virginia,school,179,50,Locust Grove Elementary,36.08870967741936,NA,NA,NA,NA,NA,NA,NA,NA,NA
2021-2022,Orange County,671,Northern Virginia,school,269,471,Locust Grove Middle,40.08941877794337,NA,NA,NA,NA,NA,NA,NA,NA,NA
2021-2022,Orange County,422,Northern Virginia,school,125,51,Locust Grove Primary,29.620853080568722,NA,NA,NA,NA,NA,NA,NA,NA,NA
2021-2022,Orange County,1522,Northern Virginia,school,667,330,Orange County High,43.823915900131404,NA,NA,NA,NA,NA,NA,NA,NA,NA
2021-2022,Orange County,645,Northern Virginia,school,327,370,Orange Elementary,50.697674418604656,NA,NA,NA,NA,NA,NA,NA,NA,NA
2021-2022,Orange County,476,Northern Virginia,school,272,340,Prospect Heights Middle,57.14285714285714,NA,NA,NA,NA,NA,NA,NA,NA,NA
2021-2022,Orange County,229,Northern Virginia,school,89,350,Unionville Elementary,38.864628820960704,NA,NA,NA,NA,NA,NA,NA,NA,NA
2021-2022,Page County,464,Northern Virginia,school,270,350,Luray Elementary,58.189655172413794,NA,NA,NA,NA,NA,NA,NA,NA,NA
2021-2022,Page County,503,Northern Virginia,school,217,110,Luray High,43.141153081510936,NA,NA,NA,NA,NA,NA,NA,NA,NA
2021-2022,Page County,345,Northern Virginia,school,164,400,Luray Middle,47.53623188405797,NA,NA,NA,NA,NA,NA,NA,NA,NA
2021-2022,Page County,552,Northern Virginia,school,239,380,Page County High,43.29710144927536,NA,NA,NA,NA,NA,NA,NA,NA,NA
2021-2022,Page County,376,Northern Virginia,school,174,390,Page County Middle,46.27659574468085,NA,NA,NA,NA,NA,NA,NA,NA,NA
2021-2022,Page County,307,Northern Virginia,school,162,310,Shenandoah Elementary,52.76872964169381,NA,NA,NA,NA,NA,NA,NA,NA,NA
2021-2022,Page County,219,Northern Virginia,school,103,50,Springfield Elementary,47.03196347031963,NA,NA,NA,NA,NA,NA,NA,NA,NA
2021-2022,Page County,370,Northern Virginia,school,202,210,Stanley Elementary,54.59459459459459,NA,NA,NA,NA,NA,NA,NA,NA,NA
2021-2022,Patrick County,255,Western Virginia,school,153,440,Blue Ridge Elementary,60,NA,NA,NA,NA,NA,NA,NA,NA,NA
2021-2022,Patrick County,217,Western Virginia,school,129,350,Hardin Reynolds Memorial School,59.44700460829493,NA,NA,NA,NA,NA,NA,NA,NA,NA
2021-2022,Patrick County,424,Western Virginia,school,72,150,Meadows of Dan Elementary,16.9811320754717,NA,NA,NA,NA,NA,NA,NA,NA,NA
2021-2022,Patrick County,867,Western Virginia,school,411,700,Patrick County High,47.40484429065744,NA,NA,NA,NA,NA,NA,NA,NA,NA
2021-2022,Patrick County,254,Western Virginia,school,140,680,Patrick Springs Primary,55.118110236220474,NA,NA,NA,NA,NA,NA,NA,NA,NA
2021-2022,Patrick County,377,Western Virginia,school,204,320,Stuart Elementary,54.11140583554377,NA,NA,NA,NA,NA,NA,NA,NA,NA
2021-2022,Patrick County,144,Western Virginia,school,74,80,Woolwine Elementary,51.388888888888886,NA,NA,NA,NA,NA,NA,NA,NA,NA
2021-2022,Petersburg City,521,Central Virginia,school,405,110,Cool Spring Elementary,77.73512476007679,NA,NA,NA,NA,NA,NA,NA,NA,NA
2021-2022,Petersburg City,342,Central Virginia,school,277,170,Lakemont Elementary,80.99415204678363,NA,NA,NA,NA,NA,NA,NA,NA,NA
2021-2022,Petersburg City,1027,Central Virginia,school,804,200,Petersburg High,78.28627069133398,NA,NA,NA,NA,NA,NA,NA,NA,NA
2021-2022,Petersburg City,523,Central Virginia,school,405,180,Pleasants Lane Elementary,77.43785850860421,NA,NA,NA,NA,NA,NA,NA,NA,NA
2021-2022,Petersburg City,917,Central Virginia,school,729,121,Vernon Johns Middle,79.49836423118866,NA,NA,NA,NA,NA,NA,NA,NA,NA
2021-2022,Petersburg City,525,Central Virginia,school,377,130,Walnut Hill Elementary,71.80952380952381,NA,NA,NA,NA,NA,NA,NA,NA,NA
2021-2022,Petersburg City,324,Central Virginia,school,164,160,Westview Early Childhood Education Center,50.617283950617285,NA,NA,NA,NA,NA,NA,NA,NA,NA
2021-2022,Pittsylvania County,210,Western Virginia,school,113,1853,Brosville Elementary,53.80952380952381,NA,NA,NA,NA,NA,NA,NA,NA,NA
2021-2022,Pittsylvania County,239,Western Virginia,school,123,640,Chatham Elementary,51.46443514644351,NA,NA,NA,NA,NA,NA,NA,NA,NA
2021-2022,Pittsylvania County,616,Western Virginia,school,264,1720,Chatham High,42.857142857142854,NA,NA,NA,NA,NA,NA,NA,NA,NA
2021-2022,Pittsylvania County,462,Western Virginia,school,243,1660,Chatham Middle,52.5974025974026,NA,NA,NA,NA,NA,NA,NA,NA,NA
2021-2022,Pittsylvania County,628,Western Virginia,school,310,1680,Dan River High,49.36305732484077,NA,NA,NA,NA,NA,NA,NA,NA,NA
2021-2022,Pittsylvania County,444,Western Virginia,school,230,1090,Dan River Middle,51.80180180180181,NA,NA,NA,NA,NA,NA,NA,NA,NA
2021-2022,Pittsylvania County,464,Western Virginia,school,276,280,Gretna Elementary,59.48275862068966,NA,NA,NA,NA,NA,NA,NA,NA,NA
2021-2022,Pittsylvania County,554,Western Virginia,school,306,1700,Gretna High,55.23465703971119,NA,NA,NA,NA,NA,NA,NA,NA,NA
2021-2022,Pittsylvania County,406,Western Virginia,school,240,290,Gretna Middle,59.11330049261084,NA,NA,NA,NA,NA,NA,NA,NA,NA
2021-2022,Pittsylvania County,233,Western Virginia,school,151,30,John L. Hurt Elementary,64.8068669527897,NA,NA,NA,NA,NA,NA,NA,NA,NA
2021-2022,Pittsylvania County,503,Western Virginia,school,292,1690,Kentuck Elementary,58.05168986083499,NA,NA,NA,NA,NA,NA,NA,NA,NA
2021-2022,Pittsylvania County,132,Western Virginia,school,79,1750,Mount Airy Elementary,59.84848484848485,NA,NA,NA,NA,NA,NA,NA,NA,NA
2021-2022,Pittsylvania County,393,Western Virginia,school,223,1460,Southside Elementary,56.74300254452926,NA,NA,NA,NA,NA,NA,NA,NA,NA
2021-2022,Pittsylvania County,413,Western Virginia,school,220,1710,Stony Mill Elementary,53.26876513317191,NA,NA,NA,NA,NA,NA,NA,NA,NA
2021-2022,Pittsylvania County,835,Western Virginia,school,346,1730,Tunstall High,41.43712574850299,NA,NA,NA,NA,NA,NA,NA,NA,NA
2021-2022,Pittsylvania County,573,Western Virginia,school,277,1130,Tunstall Middle,48.34205933682373,NA,NA,NA,NA,NA,NA,NA,NA,NA
2021-2022,Pittsylvania County,642,Western Virginia,school,304,1851,Twin Springs Elementary,47.35202492211838,NA,NA,NA,NA,NA,NA,NA,NA,NA
2021-2022,Pittsylvania County,168,Western Virginia,school,101,1740,Union Hall Elementary,60.11904761904761,NA,NA,NA,NA,NA,NA,NA,NA,NA
2021-2022,Poquoson City,452,Tidewater,school,95,150,Poquoson Elementary,21.01769911504425,NA,NA,NA,NA,NA,NA,NA,NA,NA
2021-2022,Poquoson City,699,Tidewater,school,131,10,Poquoson High,18.741058655221746,NA,NA,NA,NA,NA,NA,NA,NA,NA
2021-2022,Poquoson City,472,Tidewater,school,95,130,Poquoson Middle,20.127118644067796,NA,NA,NA,NA,NA,NA,NA,NA,NA
2021-2022,Poquoson City,465,Tidewater,school,114,160,Poquoson Primary,24.516129032258064,NA,NA,NA,NA,NA,NA,NA,NA,NA
2021-2022,Portsmouth City,432,Tidewater,school,279,1766,Brighton Elementary,64.58333333333334,NA,NA,NA,NA,NA,NA,NA,NA,NA
2021-2022,Portsmouth City,628,Tidewater,school,314,321,Churchland Academy Elementary,50,NA,NA,NA,NA,NA,NA,NA,NA,NA
2021-2022,Portsmouth City,652,Tidewater,school,169,650,Churchland Elementary,25.920245398773005,NA,NA,NA,NA,NA,NA,NA,NA,NA
2021-2022,Portsmouth City,1419,Tidewater,school,550,500,Churchland High,38.759689922480625,NA,NA,NA,NA,NA,NA,NA,NA,NA
2021-2022,Portsmouth City,878,Tidewater,school,432,320,Churchland Middle,49.202733485193626,NA,NA,NA,NA,NA,NA,NA,NA,NA
2021-2022,Portsmouth City,123,Tidewater,school,NA,322,Churchland Preschool Center,NA,NA,NA,NA,NA,NA,NA,NA,NA,NA
2021-2022,Portsmouth City,599,Tidewater,school,267,160,Churchland Primary & Intermediate,44.574290484140235,NA,NA,NA,NA,NA,NA,NA,NA,NA
2021-2022,Portsmouth City,665,Tidewater,school,399,1400,Cradock Elementary,60,NA,NA,NA,NA,NA,NA,NA,NA,NA
2021-2022,Portsmouth City,524,Tidewater,school,335,1130,Cradock Middle,63.93129770992366,NA,NA,NA,NA,NA,NA,NA,NA,NA
2021-2022,Portsmouth City,576,Tidewater,school,409,190,Douglass Park Elementary,71.00694444444444,NA,NA,NA,NA,NA,NA,NA,NA,NA
2021-2022,Portsmouth City,482,Tidewater,school,234,1630,Hodges Manor Elementary,48.54771784232365,NA,NA,NA,NA,NA,NA,NA,NA,NA
2021-2022,Portsmouth City,1091,Tidewater,school,702,240,I.C. Norcom High,64.34463794683776,NA,NA,NA,NA,NA,NA,NA,NA,NA
2021-2022,Portsmouth City,437,Tidewater,school,268,1650,Lakeview Elementary,61.327231121281464,NA,NA,NA,NA,NA,NA,NA,NA,NA
2021-2022,Portsmouth City,1260,Tidewater,school,685,1660,Manor High,54.36507936507936,NA,NA,NA,NA,NA,NA,NA,NA,NA
2021-2022,Portsmouth City,217,Tidewater,school,NA,1768,Mount Hermon Preschool Center,NA,NA,NA,NA,NA,NA,NA,NA,NA,NA
2021-2022,Portsmouth City,212,Tidewater,school,NA,1770,Olive Branch Preschool Center,NA,NA,NA,NA,NA,NA,NA,NA,NA,NA
2021-2022,Portsmouth City,518,Tidewater,school,313,60,Park View Elementary,60.424710424710426,NA,NA,NA,NA,NA,NA,NA,NA,NA
2021-2022,Portsmouth City,586,Tidewater,school,293,290,Simonsdale Elementary,50,NA,NA,NA,NA,NA,NA,NA,NA,NA
2021-2022,Portsmouth City,559,Tidewater,school,239,1769,Victory Elementary,42.75491949910555,NA,NA,NA,NA,NA,NA,NA,NA,NA
2021-2022,Portsmouth City,618,Tidewater,school,349,230,Waterview Elementary,56.47249190938511,NA,NA,NA,NA,NA,NA,NA,NA,NA
2021-2022,Portsmouth City,471,Tidewater,school,286,210,Westhaven Elementary,60.72186836518046,NA,NA,NA,NA,NA,NA,NA,NA,NA
2021-2022,Portsmouth City,570,Tidewater,school,317,310,William E. Waters Middle,55.614035087719294,NA,NA,NA,NA,NA,NA,NA,NA,NA
2021-2022,Powhatan County,663,Central Virginia,school,124,21,Flat Rock Elementary,18.702865761689292,NA,NA,NA,NA,NA,NA,NA,NA,NA
2021-2022,Powhatan County,762,Central Virginia,school,192,231,Pocahontas Elementary,25.196850393700785,NA,NA,NA,NA,NA,NA,NA,NA,NA
2021-2022,Powhatan County,439,Central Virginia,school,107,13,Powhatan Elementary,24.373576309794988,NA,NA,NA,NA,NA,NA,NA,NA,NA
2021-2022,Powhatan County,1453,Central Virginia,school,273,11,Powhatan High,18.788713007570543,NA,NA,NA,NA,NA,NA,NA,NA,NA
2021-2022,Powhatan County,988,Central Virginia,school,188,130,Powhatan Middle,19.02834008097166,NA,NA,NA,NA,NA,NA,NA,NA,NA
2021-2022,Prince Edward County,580,Southside,school,296,400,Prince Edward County High,51.03448275862069,NA,NA,NA,NA,NA,NA,NA,NA,NA
2021-2022,Prince Edward County,777,Southside,school,444,10,Prince Edward Elementary,57.14285714285714,NA,NA,NA,NA,NA,NA,NA,NA,NA
2021-2022,Prince Edward County,560,Southside,school,330,20,Prince Edward Middle,58.92857142857143,NA,NA,NA,NA,NA,NA,NA,NA,NA
2021-2022,Prince George County,527,Central Virginia,school,267,340,David A. Harrison Elementary,50.664136622390885,NA,NA,NA,NA,NA,NA,NA,NA,NA
2021-2022,Prince George County,1415,Central Virginia,school,717,320,J.E.J. Moore Middle,50.67137809187279,NA,NA,NA,NA,NA,NA,NA,NA,NA
2021-2022,Prince George County,616,Central Virginia,school,348,310,L.L. Beazley Elementary,56.493506493506494,NA,NA,NA,NA,NA,NA,NA,NA,NA
2021-2022,Prince George County,750,Central Virginia,school,424,290,North Elementary,56.53333333333334,NA,NA,NA,NA,NA,NA,NA,NA,NA
2021-2022,Prince George County,1786,Central Virginia,school,756,20,Prince George High,42.329227323628224,NA,NA,NA,NA,NA,NA,NA,NA,NA
2021-2022,Prince George County,490,Central Virginia,school,208,300,South Elementary,42.44897959183673,NA,NA,NA,NA,NA,NA,NA,NA,NA
2021-2022,Prince George County,557,Central Virginia,school,293,280,William A. Walton Elementary,52.6032315978456,NA,NA,NA,NA,NA,NA,NA,NA,NA
2021-2022,Prince William County,788,Northern Virginia,school,216,330,A. Henderson Elementary,27.411167512690355,NA,NA,NA,NA,NA,NA,NA,NA,NA
2021-2022,Prince William County,768,Northern Virginia,school,337,760,Antietam Elementary,43.88020833333333,NA,NA,NA,NA,NA,NA,NA,NA,NA
2021-2022,Prince William County,784,Northern Virginia,school,120,200,Ashland Elementary,15.306122448979592,NA,NA,NA,NA,NA,NA,NA,NA,NA
2021-2022,Prince William County,2561,Northern Virginia,school,298,290,Battlefield High,11.636079656384226,NA,NA,NA,NA,NA,NA,NA,NA,NA
2021-2022,Prince William County,395,Northern Virginia,school,306,670,Bel Air Elementary,77.46835443037975,NA,NA,NA,NA,NA,NA,NA,NA,NA
2021-2022,Prince William County,510,Northern Virginia,school,341,600,Belmont Elementary,66.86274509803921,NA,NA,NA,NA,NA,NA,NA,NA,NA
2021-2022,Prince William County,720,Northern Virginia,school,200,840,Bennett Elementary,27.77777777777778,NA,NA,NA,NA,NA,NA,NA,NA,NA
2021-2022,Prince William County,941,Northern Virginia,school,156,530,Brentsville District High,16.578108395324122,NA,NA,NA,NA,NA,NA,NA,NA,NA
2021-2022,Prince William County,655,Northern Virginia,school,134,860,Bristow Run Elementary,20.458015267175572,NA,NA,NA,NA,NA,NA,NA,NA,NA
2021-2022,Prince William County,739,Northern Virginia,school,181,950,Buckland Mills Elementary,24.49255751014885,NA,NA,NA,NA,NA,NA,NA,NA,NA
2021-2022,Prince William County,1108,Northern Virginia,school,410,920,Bull Run Middle,37.00361010830325,NA,NA,NA,NA,NA,NA,NA,NA,NA
2021-2022,Prince William County,802,Northern Virginia,school,596,620,C.A. Sinclair Elementary,74.3142144638404,NA,NA,NA,NA,NA,NA,NA,NA,NA
2021-2022,Prince William County,2078,Northern Virginia,school,985,710,C.D. Hylton High,47.40134744947064,NA,NA,NA,NA,NA,NA,NA,NA,NA
2021-2022,Prince William County,506,Northern Virginia,school,85,900,Cedar Point Elementary,16.798418972332016,NA,NA,NA,NA,NA,NA,NA,NA,NA
2021-2022,Prince William County,2870,Northern Virginia,school,599,5010,Charles J. Colgan Sr. High,20.871080139372822,NA,NA,NA,NA,NA,NA,NA,NA,NA
2021-2022,Prince William County,795,Northern Virginia,school,327,970,Chris Yung Elementary,41.132075471698116,NA,NA,NA,NA,NA,NA,NA,NA,NA
2021-2022,Prince William County,398,Northern Virginia,school,160,660,Coles Elementary,40.20100502512563,NA,NA,NA,NA,NA,NA,NA,NA,NA
2021-2022,Prince William County,815,Northern Virginia,school,277,309,Covington-Harper Elementary,33.987730061349694,NA,NA,NA,NA,NA,NA,NA,NA,NA
2021-2022,Prince William County,424,Northern Virginia,school,309,610,Dale City Elementary,72.87735849056604,NA,NA,NA,NA,NA,NA,NA,NA,NA
2021-2022,Prince William County,467,Northern Virginia,school,318,280,Dumfries Elementary,68.09421841541756,NA,NA,NA,NA,NA,NA,NA,NA,NA
2021-2022,Prince William County,1201,Northern Virginia,school,244,490,E.H. Marsteller Middle,20.31640299750208,NA,NA,NA,NA,NA,NA,NA,NA,NA
2021-2022,Prince William County,547,Northern Virginia,school,452,580,Elizabeth Vaughan Elementary,82.6325411334552,NA,NA,NA,NA,NA,NA,NA,NA,NA
2021-2022,Prince William County,393,Northern Virginia,school,275,120,Enterprise Elementary,69.97455470737913,NA,NA,NA,NA,NA,NA,NA,NA,NA
2021-2022,Prince William County,902,Northern Virginia,school,520,370,Fannie W. Fitzgerald Elementary,57.64966740576497,NA,NA,NA,NA,NA,NA,NA,NA,NA
2021-2022,Prince William County,512,Northern Virginia,school,401,450,Featherstone Elementary,78.3203125,NA,NA,NA,NA,NA,NA,NA,NA,NA
2021-2022,Prince William County,2308,Northern Virginia,school,813,870,Forest Park High,35.22530329289428,NA,NA,NA,NA,NA,NA,NA,NA,NA
2021-2022,Prince William County,1143,Northern Virginia,school,872,520,Fred M. Lynn Middle,76.29046369203849,NA,NA,NA,NA,NA,NA,NA,NA,NA
2021-2022,Prince William County,2193,Northern Virginia,school,NA,300,Freedom High,NA,NA,NA,NA,NA,NA,NA,NA,NA,NA
2021-2022,Prince William County,1389,Northern Virginia,school,324,5130,Gainesville High,23.326133909287257,NA,NA,NA,NA,NA,NA,NA,NA,NA
2021-2022,Prince William County,1396,Northern Virginia,school,292,960,Gainesville Middle,20.916905444126073,NA,NA,NA,NA,NA,NA,NA,NA,NA
2021-2022,Prince William County,2513,Northern Virginia,school,NA,690,Gar-Field High,NA,NA,NA,NA,NA,NA,NA,NA,NA,NA
2021-2022,Prince William County,449,Northern Virginia,school,120,630,George G. Tyler Elementary,26.7260579064588,NA,NA,NA,NA,NA,NA,NA,NA,NA
2021-2022,Prince William County,922,Northern Virginia,school,696,640,George M. Hampton Middle,75.48806941431671,NA,NA,NA,NA,NA,NA,NA,NA,NA
2021-2022,Prince William County,703,Northern Virginia,school,446,770,George P. Mullen Elementary,63.44238975817923,NA,NA,NA,NA,NA,NA,NA,NA,NA
2021-2022,Prince William County,636,Northern Virginia,school,70,340,Glenkirk Elementary,11.0062893081761,NA,NA,NA,NA,NA,NA,NA,NA,NA
2021-2022,Prince William County,724,Northern Virginia,school,468,510,Graham Park Middle,64.64088397790056,NA,NA,NA,NA,NA,NA,NA,NA,NA
2021-2022,Prince William County,865,Northern Virginia,school,128,250,Haymarket Elementary,14.797687861271678,NA,NA,NA,NA,NA,NA,NA,NA,NA
2021-2022,Prince William County,1192,Northern Virginia,school,444,380,Herbert J. Saunders Middle,37.24832214765101,NA,NA,NA,NA,NA,NA,NA,NA,NA
2021-2022,Prince William County,577,Northern Virginia,school,30,220,J.W. Alvey Elementary,5.1993067590987865,NA,NA,NA,NA,NA,NA,NA,NA,NA
2021-2022,Prince William County,627,Northern Virginia,school,399,319,John D. Jenkins Elementary,63.63636363636363,NA,NA,NA,NA,NA,NA,NA,NA,NA
2021-2022,Prince William County,872,Northern Virginia,school,348,130,John F. Pattie Sr. Elementary,39.908256880733944,NA,NA,NA,NA,NA,NA,NA,NA,NA
2021-2022,Prince William County,333,Northern Virginia,school,220,70,Kerrydale Elementary,66.06606606606607,NA,NA,NA,NA,NA,NA,NA,NA,NA
2021-2022,Prince William County,848,Northern Virginia,school,367,306,Kyle R. Wilson Elementary,43.278301886792455,NA,NA,NA,NA,NA,NA,NA,NA,NA
2021-2022,Prince William County,687,Northern Virginia,school,270,180,Lake Ridge Elementary,39.30131004366812,NA,NA,NA,NA,NA,NA,NA,NA,NA
2021-2022,Prince William County,1424,Northern Virginia,school,543,720,Lake Ridge Middle,38.13202247191011,NA,NA,NA,NA,NA,NA,NA,NA,NA
2021-2022,Prince William County,670,Northern Virginia,school,320,830,Leesylvania Elementary,47.76119402985074,NA,NA,NA,NA,NA,NA,NA,NA,NA
2021-2022,Prince William County,550,Northern Virginia,school,417,460,Loch Lomond Elementary,75.81818181818181,NA,NA,NA,NA,NA,NA,NA,NA,NA
2021-2022,Prince William County,1392,Northern Virginia,school,276,880,Louise A. Benton Middle,19.82758620689655,NA,NA,NA,NA,NA,NA,NA,NA,NA
2021-2022,Prince William County,436,Northern Virginia,school,239,160,Martin Luther King Jr. Elementary,54.81651376146789,NA,NA,NA,NA,NA,NA,NA,NA,NA
2021-2022,Prince William County,549,Northern Virginia,school,434,570,Marumsco Hills Elementary,79.05282331511839,NA,NA,NA,NA,NA,NA,NA,NA,NA
2021-2022,Prince William County,670,Northern Virginia,school,212,231,Mary G. Porter Traditional,31.64179104477612,NA,NA,NA,NA,NA,NA,NA,NA,NA
2021-2022,Prince William County,661,Northern Virginia,school,316,240,Mary Williams Elementary,47.806354009077154,NA,NA,NA,NA,NA,NA,NA,NA,NA
2021-2022,Prince William County,604,Northern Virginia,school,393,30,Minnieville Elementary,65.06622516556291,NA,NA,NA,NA,NA,NA,NA,NA,NA
2021-2022,Prince William County,607,Northern Virginia,school,271,800,Montclair Elementary,44.64579901153213,NA,NA,NA,NA,NA,NA,NA,NA,NA
2021-2022,Prince William County,490,Northern Virginia,school,51,810,Mountain View Elementary,10.408163265306122,NA,NA,NA,NA,NA,NA,NA,NA,NA
2021-2022,Prince William County,648,Northern Virginia,school,487,700,Neabsco Elementary,75.15432098765432,NA,NA,NA,NA,NA,NA,NA,NA,NA
2021-2022,Prince William County,621,Northern Virginia,school,385,260,Occoquan Elementary,61.99677938808373,NA,NA,NA,NA,NA,NA,NA,NA,NA
2021-2022,Prince William County,479,Northern Virginia,school,130,820,Old Bridge Elementary,27.139874739039666,NA,NA,NA,NA,NA,NA,NA,NA,NA
2021-2022,Prince William County,2757,Northern Virginia,school,NA,80,Osbourn Park High,NA,NA,NA,NA,NA,NA,NA,NA,NA,NA
2021-2022,Prince William County,1459,Northern Virginia,school,834,501,Parkside Middle,57.16244002741604,NA,NA,NA,NA,NA,NA,NA,NA,NA
2021-2022,Prince William County,2345,Northern Virginia,school,414,1060,Patriot High,17.6545842217484,NA,NA,NA,NA,NA,NA,NA,NA,NA
2021-2022,Prince William County,649,Northern Virginia,school,162,945,Pennington Traditional,24.961479198767332,NA,NA,NA,NA,NA,NA,NA,NA,NA
2021-2022,Prince William County,752,Northern Virginia,school,127,110,Piney Branch Elementary,16.888297872340424,NA,NA,NA,NA,NA,NA,NA,NA,NA
2021-2022,Prince William County,2004,Northern Virginia,school,NA,140,Potomac High,NA,NA,NA,NA,NA,NA,NA,NA,NA,NA
2021-2022,Prince William County,904,Northern Virginia,school,564,170,Potomac Middle,62.38938053097345,NA,NA,NA,NA,NA,NA,NA,NA,NA
2021-2022,Prince William County,1077,Northern Virginia,school,503,414,Potomac Shores Middle,46.70380687093779,NA,NA,NA,NA,NA,NA,NA,NA,NA
2021-2022,Prince William County,546,Northern Virginia,school,447,550,Potomac View Elementary,81.86813186813187,NA,NA,NA,NA,NA,NA,NA,NA,NA
2021-2022,Prince William County,646,Northern Virginia,school,507,440,R. Dean Kilby Elementary,78.48297213622291,NA,NA,NA,NA,NA,NA,NA,NA,NA
2021-2022,Prince William County,1196,Northern Virginia,school,771,591,Rippon Middle,64.4648829431438,NA,NA,NA,NA,NA,NA,NA,NA,NA
2021-2022,Prince William County,564,Northern Virginia,school,363,750,River Oaks Elementary,64.36170212765957,NA,NA,NA,NA,NA,NA,NA,NA,NA
2021-2022,Prince William County,492,Northern Virginia,school,261,40,Rockledge Elementary,53.04878048780488,NA,NA,NA,NA,NA,NA,NA,NA,NA
2021-2022,Prince William County,1386,Northern Virginia,school,211,310,Ronald Wilson Reagan Middle,15.223665223665222,NA,NA,NA,NA,NA,NA,NA,NA,NA
2021-2022,Prince William County,612,Northern Virginia,school,264,941,Rosa Parks Elementary,43.13725490196079,NA,NA,NA,NA,NA,NA,NA,NA,NA
2021-2022,Prince William County,808,Northern Virginia,school,112,360,Samuel L. Gravely Jr. Elementary,13.861386138613863,NA,NA,NA,NA,NA,NA,NA,NA,NA
2021-2022,Prince William County,417,Northern Virginia,school,243,730,Sharon C. McAuliffe Elementary,58.27338129496403,NA,NA,NA,NA,NA,NA,NA,NA,NA
2021-2022,Prince William County,751,Northern Virginia,school,256,500,Signal Hill Elementary,34.0878828229028,NA,NA,NA,NA,NA,NA,NA,NA,NA
2021-2022,Prince William County,690,Northern Virginia,school,227,850,Sonnie Penn Elementary,32.89855072463768,NA,NA,NA,NA,NA,NA,NA,NA,NA
2021-2022,Prince William County,864,Northern Virginia,school,349,320,Springwoods Elementary,40.39351851851852,NA,NA,NA,NA,NA,NA,NA,NA,NA
2021-2022,Prince William County,1099,Northern Virginia,school,736,780,Stuart M. Beville Middle,66.96997270245679,NA,NA,NA,NA,NA,NA,NA,NA,NA
2021-2022,Prince William County,644,Northern Virginia,school,427,20,Sudley Elementary,66.30434782608695,NA,NA,NA,NA,NA,NA,NA,NA,NA
2021-2022,Prince William County,457,Northern Virginia,school,321,270,Suella G. Ellis Elementary,70.24070021881839,NA,NA,NA,NA,NA,NA,NA,NA,NA
2021-2022,Prince William County,612,Northern Virginia,school,360,890,Swans Creek Elementary,58.82352941176471,NA,NA,NA,NA,NA,NA,NA,NA,NA
2021-2022,Prince William County,827,Northern Virginia,school,117,470,T. Clay Wood Elementary,14.147521160822249,NA,NA,NA,NA,NA,NA,NA,NA,NA
2021-2022,Prince William County,1132,Northern Virginia,school,234,150,The Nokesville School,20.671378091872793,NA,NA,NA,NA,NA,NA,NA,NA,NA
2021-2022,Prince William County,646,Northern Virginia,school,120,790,Thurgood Marshall Elementary,18.575851393188856,NA,NA,NA,NA,NA,NA,NA,NA,NA
2021-2022,Prince William County,732,Northern Virginia,school,483,430,Triangle Elementary,65.98360655737704,NA,NA,NA,NA,NA,NA,NA,NA,NA
2021-2022,Prince William County,1101,Northern Virginia,school,814,480,Unity Braxton Middle,73.93278837420527,NA,NA,NA,NA,NA,NA,NA,NA,NA
2021-2022,Prince William County,2453,Northern Virginia,school,NA,680,Unity Reed High,NA,NA,NA,NA,NA,NA,NA,NA,NA,NA
2021-2022,Prince William County,651,Northern Virginia,school,188,390,Victory Elementary,28.878648233486942,NA,NA,NA,NA,NA,NA,NA,NA,NA
2021-2022,Prince William County,590,Northern Virginia,school,460,540,West Gate Elementary,77.96610169491525,NA,NA,NA,NA,NA,NA,NA,NA,NA
2021-2022,Prince William County,688,Northern Virginia,school,180,740,Westridge Elementary,26.16279069767442,NA,NA,NA,NA,NA,NA,NA,NA,NA
2021-2022,Prince William County,61,Northern Virginia,school,NA,190,Woodbine Pre-School Center,NA,NA,NA,NA,NA,NA,NA,NA,NA,NA
2021-2022,Prince William County,2836,Northern Virginia,school,NA,60,Woodbridge High,NA,NA,NA,NA,NA,NA,NA,NA,NA,NA
2021-2022,Prince William County,1034,Northern Virginia,school,561,560,Woodbridge Middle,54.25531914893617,NA,NA,NA,NA,NA,NA,NA,NA,NA
2021-2022,Prince William County,796,Northern Virginia,school,632,350,Yorkshire Elementary,79.39698492462311,NA,NA,NA,NA,NA,NA,NA,NA,NA
2021-2022,Pulaski County,399,Southwest,school,234,20,Critzer Elementary,58.64661654135338,NA,NA,NA,NA,NA,NA,NA,NA,NA
2021-2022,Pulaski County,415,Southwest,school,173,540,Dublin Elementary,41.68674698795181,NA,NA,NA,NA,NA,NA,NA,NA,NA
2021-2022,Pulaski County,909,Southwest,school,459,560,Pulaski County Middle,50.495049504950494,NA,NA,NA,NA,NA,NA,NA,NA,NA
2021-2022,Pulaski County,1227,Southwest,school,526,10,Pulaski County Senior High,42.868785656071715,NA,NA,NA,NA,NA,NA,NA,NA,NA
2021-2022,Pulaski County,516,Southwest,school,292,230,Pulaski Elementary,56.58914728682171,NA,NA,NA,NA,NA,NA,NA,NA,NA
2021-2022,Pulaski County,372,Southwest,school,166,500,Riverlawn Elementary,44.623655913978496,NA,NA,NA,NA,NA,NA,NA,NA,NA
2021-2022,Pulaski County,203,Southwest,school,76,430,Snowville Elementary,37.4384236453202,NA,NA,NA,NA,NA,NA,NA,NA,NA
2021-2022,Radford City,970,Southwest,school,252,10,Belle Heth Elementary,25.979381443298973,NA,NA,NA,NA,NA,NA,NA,NA,NA
2021-2022,Radford City,521,Southwest,school,131,42,John N. Dalton Intermediate,25.143953934740882,NA,NA,NA,NA,NA,NA,NA,NA,NA
2021-2022,Radford City,381,Southwest,school,225,20,McHarg Elementary,59.055118110236215,NA,NA,NA,NA,NA,NA,NA,NA,NA
2021-2022,Radford City,829,Southwest,school,205,41,Radford High,24.728588661037396,NA,NA,NA,NA,NA,NA,NA,NA,NA
2021-2022,Rappahannock County,450,Northern Virginia,school,213,240,Rappahannock County Elementary,47.333333333333336,NA,NA,NA,NA,NA,NA,NA,NA,NA
2021-2022,Rappahannock County,303,Northern Virginia,school,114,230,Rappahannock County High,37.62376237623762,NA,NA,NA,NA,NA,NA,NA,NA,NA
2021-2022,Richmond City,449,Central Virginia,school,234,30,Albert Hill Middle,52.11581291759465,NA,NA,NA,NA,NA,NA,NA,NA,NA
2021-2022,Richmond City,18,Central Virginia,school,13,750,Amelia Street Special Education,72.22222222222221,NA,NA,NA,NA,NA,NA,NA,NA,NA
2021-2022,Richmond City,776,Central Virginia,school,610,850,Armstrong High,78.6082474226804,NA,NA,NA,NA,NA,NA,NA,NA,NA
2021-2022,Richmond City,276,Central Virginia,school,176,390,Barack Obama Elementary,63.76811594202898,NA,NA,NA,NA,NA,NA,NA,NA,NA
2021-2022,Richmond City,200,Central Virginia,school,126,100,Bellevue Elementary,63,NA,NA,NA,NA,NA,NA,NA,NA,NA
2021-2022,Richmond City,412,Central Virginia,school,198,50,Binford Middle,48.05825242718447,NA,NA,NA,NA,NA,NA,NA,NA,NA
2021-2022,Richmond City,377,Central Virginia,school,298,170,Blackwell Elementary,79.04509283819628,NA,NA,NA,NA,NA,NA,NA,NA,NA
2021-2022,Richmond City,655,Central Virginia,school,375,1100,Broad Rock Elementary,57.25190839694656,NA,NA,NA,NA,NA,NA,NA,NA,NA
2021-2022,Richmond City,854,Central Virginia,school,318,1440,Cardinal Elementary,37.23653395784544,NA,NA,NA,NA,NA,NA,NA,NA,NA
2021-2022,Richmond City,390,Central Virginia,school,287,830,Chimborazo Elementary,73.58974358974359,NA,NA,NA,NA,NA,NA,NA,NA,NA
2021-2022,Richmond City,381,Central Virginia,school,227,1400,Elizabeth D. Redd Elementary,59.580052493438316,NA,NA,NA,NA,NA,NA,NA,NA,NA
2021-2022,Richmond City,245,Central Virginia,school,203,710,Fairfield Court Elementary,82.85714285714286,NA,NA,NA,NA,NA,NA,NA,NA,NA
2021-2022,Richmond City,317,Central Virginia,school,178,621,Franklin Military Academy,56.15141955835961,NA,NA,NA,NA,NA,NA,NA,NA,NA
2021-2022,Richmond City,650,Central Virginia,school,363,1470,G.H. Reid Elementary,55.84615384615385,NA,NA,NA,NA,NA,NA,NA,NA,NA
2021-2022,Richmond City,378,Central Virginia,school,325,311,George W. Carver Elementary,85.97883597883597,NA,NA,NA,NA,NA,NA,NA,NA,NA
2021-2022,Richmond City,1298,Central Virginia,school,576,741,George Wythe High,44.37596302003082,NA,NA,NA,NA,NA,NA,NA,NA,NA
2021-2022,Richmond City,276,Central Virginia,school,236,230,Ginter Park Elementary,85.5072463768116,NA,NA,NA,NA,NA,NA,NA,NA,NA
2021-2022,Richmond City,431,Central Virginia,school,330,470,Henderson Middle,76.5661252900232,NA,NA,NA,NA,NA,NA,NA,NA,NA
2021-2022,Richmond City,474,Central Virginia,school,424,290,Henry Marsh III Elementary,89.45147679324894,NA,NA,NA,NA,NA,NA,NA,NA,NA
2021-2022,Richmond City,1339,Central Virginia,school,675,1510,Huguenot High,50.410754294249436,NA,NA,NA,NA,NA,NA,NA,NA,NA
2021-2022,Richmond City,251,Central Virginia,school,101,1640,J.B. Fisher Elementary,40.23904382470119,NA,NA,NA,NA,NA,NA,NA,NA,NA
2021-2022,Richmond City,534,Central Virginia,school,258,1710,J.L. Francis Elementary,48.31460674157304,NA,NA,NA,NA,NA,NA,NA,NA,NA
2021-2022,Richmond City,220,Central Virginia,school,102,600,John B. Cary Elementary,46.36363636363636,NA,NA,NA,NA,NA,NA,NA,NA,NA
2021-2022,Richmond City,542,Central Virginia,school,371,730,John Marshall High,68.45018450184503,NA,NA,NA,NA,NA,NA,NA,NA,NA
2021-2022,Richmond City,435,Central Virginia,school,120,3106,Linwood Holton Elementary,27.586206896551722,NA,NA,NA,NA,NA,NA,NA,NA,NA
2021-2022,Richmond City,584,Central Virginia,school,355,3105,Lucille M. Brown Middle,60.78767123287672,NA,NA,NA,NA,NA,NA,NA,NA,NA
2021-2022,Richmond City,145,Central Virginia,school,59,771,Martin Luther King Jr. Early Learning Center,40.689655172413794,NA,NA,NA,NA,NA,NA,NA,NA,NA
2021-2022,Richmond City,514,Central Virginia,school,440,770,Martin Luther King Jr. Middle,85.60311284046692,NA,NA,NA,NA,NA,NA,NA,NA,NA
2021-2022,Richmond City,410,Central Virginia,school,59,580,Mary Munford Elementary,14.390243902439023,NA,NA,NA,NA,NA,NA,NA,NA,NA
2021-2022,Richmond City,541,Central Virginia,school,242,690,Maymont Pre-K Center,44.73197781885398,NA,NA,NA,NA,NA,NA,NA,NA,NA
2021-2022,Richmond City,528,Central Virginia,school,331,3107,Miles Jones Elementary,62.689393939393945,NA,NA,NA,NA,NA,NA,NA,NA,NA
2021-2022,Richmond City,546,Central Virginia,school,400,330,Oak Grove/Bellemeade Elementary,73.26007326007326,NA,NA,NA,NA,NA,NA,NA,NA,NA
2021-2022,Richmond City,188,Central Virginia,school,54,90,Open High,28.723404255319153,NA,NA,NA,NA,NA,NA,NA,NA,NA
2021-2022,Richmond City,265,Central Virginia,school,191,130,Overby-Sheppard Elementary,72.0754716981132,NA,NA,NA,NA,NA,NA,NA,NA,NA
2021-2022,Richmond City,316,Central Virginia,school,115,3119,Patrick Henry School Of Science And Arts,36.392405063291136,NA,NA,NA,NA,NA,NA,NA,NA,NA
2021-2022,Richmond City,142,Central Virginia,school,117,3110,Richmond Alternative,82.3943661971831,NA,NA,NA,NA,NA,NA,NA,NA,NA
2021-2022,Richmond City,22,Central Virginia,school,11,3200,Richmond Career Education and Employment Charter School,50,NA,NA,NA,NA,NA,NA,NA,NA,NA
2021-2022,Richmond City,211,Central Virginia,school,56,452,Richmond Community High,26.540284360189574,NA,NA,NA,NA,NA,NA,NA,NA,NA
2021-2022,Richmond City,1515,Central Virginia,school,897,1631,River City Middle,59.20792079207921,NA,NA,NA,NA,NA,NA,NA,NA,NA
2021-2022,Richmond City,435,Central Virginia,school,247,1480,Southampton Elementary,56.7816091954023,NA,NA,NA,NA,NA,NA,NA,NA,NA
2021-2022,Richmond City,124,Central Virginia,school,47,511,Summer Hill Preschool Center,37.903225806451616,NA,NA,NA,NA,NA,NA,NA,NA,NA
2021-2022,Richmond City,161,Central Virginia,school,110,210,Swansboro Elementary,68.32298136645963,NA,NA,NA,NA,NA,NA,NA,NA,NA
2021-2022,Richmond City,455,Central Virginia,school,314,480,Thomas C. Boushall Middle,69.01098901098901,NA,NA,NA,NA,NA,NA,NA,NA,NA
2021-2022,Richmond City,908,Central Virginia,school,474,20,Thomas Jefferson High,52.20264317180616,NA,NA,NA,NA,NA,NA,NA,NA,NA
2021-2022,Richmond City,368,Central Virginia,school,247,660,Westover Hills Elementary,67.11956521739131,NA,NA,NA,NA,NA,NA,NA,NA,NA
2021-2022,Richmond City,358,Central Virginia,school,143,200,William Fox Elementary,39.94413407821229,NA,NA,NA,NA,NA,NA,NA,NA,NA
2021-2022,Richmond City,265,Central Virginia,school,236,650,Woodville Elementary,89.05660377358491,NA,NA,NA,NA,NA,NA,NA,NA,NA
2021-2022,Richmond County,541,Northern Neck,school,250,210,Rappahannock High,46.21072088724584,NA,NA,NA,NA,NA,NA,NA,NA,NA
2021-2022,Richmond County,809,Northern Neck,school,409,20,Richmond County Elementary,50.55624227441285,NA,NA,NA,NA,NA,NA,NA,NA,NA
2021-2022,Roanoke City,585,Western Virginia,school,428,280,Addison Aerospace Magnet Middle,73.16239316239316,NA,NA,NA,NA,NA,NA,NA,NA,NA
2021-2022,Roanoke City,668,Western Virginia,school,406,210,Breckinridge Middle,60.778443113772454,NA,NA,NA,NA,NA,NA,NA,NA,NA
2021-2022,Roanoke City,321,Western Virginia,school,54,20,Crystal Spring Elementary,16.822429906542055,NA,NA,NA,NA,NA,NA,NA,NA,NA
2021-2022,Roanoke City,512,Western Virginia,school,371,410,Fairview Elementary,72.4609375,NA,NA,NA,NA,NA,NA,NA,NA,NA
2021-2022,Roanoke City,566,Western Virginia,school,400,50,Fallon Park Elementary,70.6713780918728,NA,NA,NA,NA,NA,NA,NA,NA,NA
2021-2022,Roanoke City,273,Western Virginia,school,143,380,Fishburn Park Elementary,52.38095238095239,NA,NA,NA,NA,NA,NA,NA,NA,NA
2021-2022,Roanoke City,280,Western Virginia,school,169,300,Garden City Elementary,60.357142857142854,NA,NA,NA,NA,NA,NA,NA,NA,NA
2021-2022,Roanoke City,344,Western Virginia,school,118,310,Grandin Court Elementary,34.30232558139535,NA,NA,NA,NA,NA,NA,NA,NA,NA
2021-2022,Roanoke City,376,Western Virginia,school,212,110,Highland Park Elementary,56.38297872340425,NA,NA,NA,NA,NA,NA,NA,NA,NA
2021-2022,Roanoke City,340,Western Virginia,school,278,420,Hurt Park Elementary,81.76470588235294,NA,NA,NA,NA,NA,NA,NA,NA,NA
2021-2022,Roanoke City,586,Western Virginia,school,311,450,James Madison Middle,53.07167235494881,NA,NA,NA,NA,NA,NA,NA,NA,NA
2021-2022,Roanoke City,493,Western Virginia,school,308,230,John P. Fishwick Middle,62.47464503042597,NA,NA,NA,NA,NA,NA,NA,NA,NA
2021-2022,Roanoke City,291,Western Virginia,school,218,340,Lincoln Terrace Elementary,74.91408934707904,NA,NA,NA,NA,NA,NA,NA,NA,NA
2021-2022,Roanoke City,477,Western Virginia,school,279,370,Monterey Elementary,58.490566037735846,NA,NA,NA,NA,NA,NA,NA,NA,NA
2021-2022,Roanoke City,262,Western Virginia,school,190,60,Morningside Elementary,72.51908396946564,NA,NA,NA,NA,NA,NA,NA,NA,NA
2021-2022,Roanoke City,2039,Western Virginia,school,NA,390,Patrick Henry High,NA,NA,NA,NA,NA,NA,NA,NA,NA,NA
2021-2022,Roanoke City,512,Western Virginia,school,262,240,Preston Park Elementary,51.171875,NA,NA,NA,NA,NA,NA,NA,NA,NA
2021-2022,Roanoke City,385,Western Virginia,school,270,220,Roanoke Academy For Mathematics & Science Elementary,70.12987012987013,NA,NA,NA,NA,NA,NA,NA,NA,NA
2021-2022,Roanoke City,745,Western Virginia,school,506,320,Round Hill Elementary,67.91946308724832,NA,NA,NA,NA,NA,NA,NA,NA,NA
2021-2022,Roanoke City,290,Western Virginia,school,160,70,Virginia Heights Elementary,55.172413793103445,NA,NA,NA,NA,NA,NA,NA,NA,NA
2021-2022,Roanoke City,215,Western Virginia,school,104,90,Wasena Elementary,48.372093023255815,NA,NA,NA,NA,NA,NA,NA,NA,NA
2021-2022,Roanoke City,683,Western Virginia,school,477,350,Westside Elementary,69.8389458272328,NA,NA,NA,NA,NA,NA,NA,NA,NA
2021-2022,Roanoke City,1828,Western Virginia,school,NA,400,William Fleming High,NA,NA,NA,NA,NA,NA,NA,NA,NA,NA
2021-2022,Roanoke City,651,Western Virginia,school,354,150,Woodrow Wilson Middle,54.377880184331794,NA,NA,NA,NA,NA,NA,NA,NA,NA
2021-2022,Roanoke County,284,Western Virginia,school,64,420,Back Creek Elementary,22.535211267605636,NA,NA,NA,NA,NA,NA,NA,NA,NA
2021-2022,Roanoke County,323,Western Virginia,school,63,752,Bonsack Elementary,19.5046439628483,NA,NA,NA,NA,NA,NA,NA,NA,NA
2021-2022,Roanoke County,450,Western Virginia,school,224,180,Burlington Elementary,49.77777777777778,NA,NA,NA,NA,NA,NA,NA,NA,NA
2021-2022,Roanoke County,488,Western Virginia,school,94,560,Cave Spring Elementary,19.262295081967213,NA,NA,NA,NA,NA,NA,NA,NA,NA
2021-2022,Roanoke County,1024,Western Virginia,school,168,470,Cave Spring High,16.40625,NA,NA,NA,NA,NA,NA,NA,NA,NA
2021-2022,Roanoke County,775,Western Virginia,school,193,620,Cave Spring Middle,24.903225806451612,NA,NA,NA,NA,NA,NA,NA,NA,NA
2021-2022,Roanoke County,336,Western Virginia,school,101,330,Clearbrook Elementary,30.059523809523807,NA,NA,NA,NA,NA,NA,NA,NA,NA
2021-2022,Roanoke County,255,Western Virginia,school,57,40,Fort Lewis Elementary,22.35294117647059,NA,NA,NA,NA,NA,NA,NA,NA,NA
2021-2022,Roanoke County,407,Western Virginia,school,144,650,Glen Cove Elementary,35.38083538083538,NA,NA,NA,NA,NA,NA,NA,NA,NA
2021-2022,Roanoke County,341,Western Virginia,school,120,490,Glenvar Elementary,35.19061583577713,NA,NA,NA,NA,NA,NA,NA,NA,NA
2021-2022,Roanoke County,623,Western Virginia,school,174,610,Glenvar High,27.929373996789725,NA,NA,NA,NA,NA,NA,NA,NA,NA
2021-2022,Roanoke County,440,Western Virginia,school,129,751,Glenvar Middle,29.318181818181817,NA,NA,NA,NA,NA,NA,NA,NA,NA
2021-2022,Roanoke County,539,Western Virginia,school,172,600,Green Valley Elementary,31.910946196660483,NA,NA,NA,NA,NA,NA,NA,NA,NA
2021-2022,Roanoke County,403,Western Virginia,school,182,540,Herman L. Horn Elementary,45.16129032258064,NA,NA,NA,NA,NA,NA,NA,NA,NA
2021-2022,Roanoke County,821,Western Virginia,school,157,754,Hidden Valley High,19.12302070645554,NA,NA,NA,NA,NA,NA,NA,NA,NA
2021-2022,Roanoke County,557,Western Virginia,school,118,10,Hidden Valley Middle,21.18491921005386,NA,NA,NA,NA,NA,NA,NA,NA,NA
2021-2022,Roanoke County,203,Western Virginia,school,88,530,Mason's Cove Elementary,43.34975369458128,NA,NA,NA,NA,NA,NA,NA,NA,NA
2021-2022,Roanoke County,251,Western Virginia,school,137,290,Mount Pleasant Elementary,54.581673306772906,NA,NA,NA,NA,NA,NA,NA,NA,NA
2021-2022,Roanoke County,322,Western Virginia,school,154,500,Mountain View Elementary,47.82608695652174,NA,NA,NA,NA,NA,NA,NA,NA,NA
2021-2022,Roanoke County,913,Western Virginia,school,347,520,Northside High,38.0065717415115,NA,NA,NA,NA,NA,NA,NA,NA,NA
2021-2022,Roanoke County,657,Western Virginia,school,290,640,Northside Middle,44.1400304414003,NA,NA,NA,NA,NA,NA,NA,NA,NA
2021-2022,Roanoke County,406,Western Virginia,school,117,480,Oak Grove Elementary,28.817733990147783,NA,NA,NA,NA,NA,NA,NA,NA,NA
2021-2022,Roanoke County,436,Western Virginia,school,95,50,Penn Forest Elementary,21.788990825688074,NA,NA,NA,NA,NA,NA,NA,NA,NA
2021-2022,Roanoke County,503,Western Virginia,school,240,60,W.E. Cundiff Elementary,47.713717693836976,NA,NA,NA,NA,NA,NA,NA,NA,NA
2021-2022,Roanoke County,1107,Western Virginia,school,386,630,William Byrd High,34.869015356820235,NA,NA,NA,NA,NA,NA,NA,NA,NA
2021-2022,Roanoke County,867,Western Virginia,school,306,232,William Byrd Middle,35.294117647058826,NA,NA,NA,NA,NA,NA,NA,NA,NA
2021-2022,Rockbridge County,431,Valley,school,192,650,Central Elementary,44.5475638051044,NA,NA,NA,NA,NA,NA,NA,NA,NA
2021-2022,Rockbridge County,241,Valley,school,130,150,Fairfield Elementary,53.941908713692946,NA,NA,NA,NA,NA,NA,NA,NA,NA
2021-2022,Rockbridge County,571,Valley,school,317,678,Maury River Middle,55.51663747810858,NA,NA,NA,NA,NA,NA,NA,NA,NA
2021-2022,Rockbridge County,133,Valley,school,80,340,Mountain View Elementary,60.150375939849624,NA,NA,NA,NA,NA,NA,NA,NA,NA
2021-2022,Rockbridge County,219,Valley,school,142,641,Natural Bridge Elementary,64.84018264840182,NA,NA,NA,NA,NA,NA,NA,NA,NA
2021-2022,Rockbridge County,1039,Valley,school,445,22,Rockbridge County High,42.829643888354184,NA,NA,NA,NA,NA,NA,NA,NA,NA
2021-2022,Rockingham County,962,Valley,school,423,870,Broadway High,43.97089397089397,NA,NA,NA,NA,NA,NA,NA,NA,NA
2021-2022,Rockingham County,682,Valley,school,328,861,Cub Run Elementary,48.09384164222874,NA,NA,NA,NA,NA,NA,NA,NA,NA
2021-2022,Rockingham County,761,Valley,school,335,391,East Rockingham High,44.021024967148485,NA,NA,NA,NA,NA,NA,NA,NA,NA
2021-2022,Rockingham County,280,Valley,school,167,400,Elkton Elementary,59.64285714285714,NA,NA,NA,NA,NA,NA,NA,NA,NA
2021-2022,Rockingham County,593,Valley,school,284,900,Elkton Middle,47.89207419898819,NA,NA,NA,NA,NA,NA,NA,NA,NA
2021-2022,Rockingham County,130,Valley,school,81,940,Fulks Run Elementary,62.30769230769231,NA,NA,NA,NA,NA,NA,NA,NA,NA
2021-2022,Rockingham County,644,Valley,school,316,960,J. Frank Hillyard Middle,49.06832298136646,NA,NA,NA,NA,NA,NA,NA,NA,NA
2021-2022,Rockingham County,491,Valley,school,232,1071,John C. Myers Elementary,47.25050916496945,NA,NA,NA,NA,NA,NA,NA,NA,NA
2021-2022,Rockingham County,521,Valley,school,183,970,John W. Wayland Elementary,35.12476007677543,NA,NA,NA,NA,NA,NA,NA,NA,NA
2021-2022,Rockingham County,241,Valley,school,126,500,Lacey Spring Elementary,52.282157676348554,NA,NA,NA,NA,NA,NA,NA,NA,NA
2021-2022,Rockingham County,161,Valley,school,68,360,Linville-Edom Elementary,42.2360248447205,NA,NA,NA,NA,NA,NA,NA,NA,NA
2021-2022,Rockingham County,237,Valley,school,98,600,McGaheysville Elementary,41.35021097046413,NA,NA,NA,NA,NA,NA,NA,NA,NA
2021-2022,Rockingham County,614,Valley,school,264,860,Montevideo Middle,42.99674267100978,NA,NA,NA,NA,NA,NA,NA,NA,NA
2021-2022,Rockingham County,382,Valley,school,164,520,Mountain View Elementary,42.93193717277487,NA,NA,NA,NA,NA,NA,NA,NA,NA
2021-2022,Rockingham County,180,Valley,school,96,920,Ottobine Elementary,53.333333333333336,NA,NA,NA,NA,NA,NA,NA,NA,NA
2021-2022,Rockingham County,466,Valley,school,151,1073,Peak View Elementary,32.40343347639485,NA,NA,NA,NA,NA,NA,NA,NA,NA
2021-2022,Rockingham County,438,Valley,school,234,10,Plains Elementary,53.42465753424658,NA,NA,NA,NA,NA,NA,NA,NA,NA
2021-2022,Rockingham County,212,Valley,school,126,950,Pleasant Valley Elementary,59.43396226415094,NA,NA,NA,NA,NA,NA,NA,NA,NA
2021-2022,Rockingham County,344,Valley,school,200,390,River Bend Elementary,58.139534883720934,NA,NA,NA,NA,NA,NA,NA,NA,NA
2021-2022,Rockingham County,300,Valley,school,141,830,South River Elementary,47,NA,NA,NA,NA,NA,NA,NA,NA,NA
2021-2022,Rockingham County,952,Valley,school,368,20,Spotswood High,38.655462184873954,NA,NA,NA,NA,NA,NA,NA,NA,NA
2021-2022,Rockingham County,1016,Valley,school,379,850,Turner Ashby High,37.303149606299215,NA,NA,NA,NA,NA,NA,NA,NA,NA
2021-2022,Rockingham County,703,Valley,school,291,890,Wilbur S. Pence Middle,41.39402560455192,NA,NA,NA,NA,NA,NA,NA,NA,NA
2021-2022,Russell County,142,Southwest,school,74,580,Belfast Elementary,52.112676056338024,NA,NA,NA,NA,NA,NA,NA,NA,NA
2021-2022,Russell County,321,Southwest,school,234,792,Castlewood Elementary,72.89719626168224,NA,NA,NA,NA,NA,NA,NA,NA,NA
2021-2022,Russell County,320,Southwest,school,205,791,Castlewood High,64.0625,NA,NA,NA,NA,NA,NA,NA,NA,NA
2021-2022,Russell County,98,Southwest,school,68,820,Copper Creek Elementary,69.38775510204081,NA,NA,NA,NA,NA,NA,NA,NA,NA
2021-2022,Russell County,585,Southwest,school,436,890,Honaker Elementary,74.52991452991454,NA,NA,NA,NA,NA,NA,NA,NA,NA
2021-2022,Russell County,461,Southwest,school,269,540,Honaker High,58.35140997830802,NA,NA,NA,NA,NA,NA,NA,NA,NA
2021-2022,Russell County,289,Southwest,school,167,410,Lebanon Elementary,57.785467128027676,NA,NA,NA,NA,NA,NA,NA,NA,NA
2021-2022,Russell County,586,Southwest,school,346,140,Lebanon High,59.044368600682596,NA,NA,NA,NA,NA,NA,NA,NA,NA
2021-2022,Russell County,306,Southwest,school,163,902,Lebanon Middle,53.26797385620915,NA,NA,NA,NA,NA,NA,NA,NA,NA
2021-2022,Russell County,241,Southwest,school,142,390,Lebanon Primary,58.921161825726145,NA,NA,NA,NA,NA,NA,NA,NA,NA
2021-2022,Russell County,107,Southwest,school,78,710,Swords Creek Elementary,72.89719626168224,NA,NA,NA,NA,NA,NA,NA,NA,NA
2021-2022,Salem City,887,Western Virginia,school,379,100,Andrew Lewis Middle,42.728297632469,NA,NA,NA,NA,NA,NA,NA,NA,NA
2021-2022,Salem City,437,Western Virginia,school,241,550,East Salem Elementary,55.1487414187643,NA,NA,NA,NA,NA,NA,NA,NA,NA
2021-2022,Salem City,448,Western Virginia,school,212,90,G.W. Carver Elementary,47.32142857142857,NA,NA,NA,NA,NA,NA,NA,NA,NA
2021-2022,Salem City,1249,Western Virginia,school,439,70,Salem High,35.14811849479584,NA,NA,NA,NA,NA,NA,NA,NA,NA
2021-2022,Salem City,379,Western Virginia,school,155,580,South Salem Elementary,40.89709762532981,NA,NA,NA,NA,NA,NA,NA,NA,NA
2021-2022,Salem City,399,Western Virginia,school,132,460,West Salem Elementary,33.08270676691729,NA,NA,NA,NA,NA,NA,NA,NA,NA
2021-2022,Scott County,282,Southwest,school,282,750,Duffield-Pattonsville Primary,100,NA,NA,NA,NA,NA,NA,NA,NA,NA
2021-2022,Scott County,68,Southwest,school,68,42,Dungannon Intermediate,100,NA,NA,NA,NA,NA,NA,NA,NA,NA
2021-2022,Scott County,62,Southwest,school,62,102,Fort Blackmore Primary,100,NA,NA,NA,NA,NA,NA,NA,NA,NA
2021-2022,Scott County,646,Southwest,school,646,770,Gate City High,100,NA,NA,NA,NA,NA,NA,NA,NA,NA
2021-2022,Scott County,329,Southwest,school,329,771,Gate City Middle,100,NA,NA,NA,NA,NA,NA,NA,NA,NA
2021-2022,Scott County,151,Southwest,school,151,670,Hilton Elementary,100,NA,NA,NA,NA,NA,NA,NA,NA,NA
2021-2022,Scott County,259,Southwest,school,259,220,Nickelsville Elementary,100,NA,NA,NA,NA,NA,NA,NA,NA,NA
2021-2022,Scott County,254,Southwest,school,254,260,Rye Cove High,100,NA,NA,NA,NA,NA,NA,NA,NA,NA
2021-2022,Scott County,188,Southwest,school,188,20,Rye Cove Intermediate,100,NA,NA,NA,NA,NA,NA,NA,NA,NA
2021-2022,Scott County,509,Southwest,school,509,641,Shoemaker Elementary,100,NA,NA,NA,NA,NA,NA,NA,NA,NA
2021-2022,Scott County,245,Southwest,school,245,780,Twin Springs High,100,NA,NA,NA,NA,NA,NA,NA,NA,NA
2021-2022,Scott County,338,Southwest,school,338,740,Weber City Elementary,100,NA,NA,NA,NA,NA,NA,NA,NA,NA
2021-2022,Scott County,206,Southwest,school,206,790,Yuma Elementary,100,NA,NA,NA,NA,NA,NA,NA,NA,NA
2021-2022,Shenandoah County,760,Northern Virginia,school,335,780,Central High,44.07894736842105,NA,NA,NA,NA,NA,NA,NA,NA,NA
2021-2022,Shenandoah County,551,Northern Virginia,school,298,820,Honey Run Elementary,54.08348457350273,NA,NA,NA,NA,NA,NA,NA,NA,NA
2021-2022,Shenandoah County,600,Northern Virginia,school,259,790,Mountain View High,43.166666666666664,NA,NA,NA,NA,NA,NA,NA,NA,NA
2021-2022,Shenandoah County,350,Northern Virginia,school,187,40,North Fork Middle,53.42857142857142,NA,NA,NA,NA,NA,NA,NA,NA,NA
2021-2022,Shenandoah County,514,Northern Virginia,school,275,30,Peter Muhlenberg Middle,53.50194552529183,NA,NA,NA,NA,NA,NA,NA,NA,NA
2021-2022,Shenandoah County,857,Northern Virginia,school,409,810,Sandy Hook Elementary,47.724620770128354,NA,NA,NA,NA,NA,NA,NA,NA,NA
2021-2022,Shenandoah County,460,Northern Virginia,school,195,50,Signal Knob Middle,42.391304347826086,NA,NA,NA,NA,NA,NA,NA,NA,NA
2021-2022,Shenandoah County,572,Northern Virginia,school,208,770,Strasburg High,36.36363636363637,NA,NA,NA,NA,NA,NA,NA,NA,NA
2021-2022,Shenandoah County,1015,Northern Virginia,school,563,20,W.W. Robinson Elementary,55.4679802955665,NA,NA,NA,NA,NA,NA,NA,NA,NA
2021-2022,Smyth County,173,Southwest,school,123,290,Atkins Elementary,71.09826589595376,NA,NA,NA,NA,NA,NA,NA,NA,NA
2021-2022,Smyth County,558,Southwest,school,291,730,Chilhowie Elementary,52.1505376344086,NA,NA,NA,NA,NA,NA,NA,NA,NA
2021-2022,Smyth County,421,Southwest,school,174,460,Chilhowie High,41.33016627078385,NA,NA,NA,NA,NA,NA,NA,NA,NA
2021-2022,Smyth County,289,Southwest,school,131,851,Chilhowie Middle,45.32871972318339,NA,NA,NA,NA,NA,NA,NA,NA,NA
2021-2022,Smyth County,324,Southwest,school,187,710,Marion Elementary,57.71604938271605,NA,NA,NA,NA,NA,NA,NA,NA,NA
2021-2022,Smyth County,450,Southwest,school,281,680,Marion Middle,62.44444444444445,NA,NA,NA,NA,NA,NA,NA,NA,NA
2021-2022,Smyth County,644,Southwest,school,329,700,Marion Senior High,51.08695652173913,NA,NA,NA,NA,NA,NA,NA,NA,NA
2021-2022,Smyth County,242,Southwest,school,129,250,Northwood High,53.30578512396694,NA,NA,NA,NA,NA,NA,NA,NA,NA
2021-2022,Smyth County,164,Southwest,school,87,120,Northwood Middle,53.04878048780488,NA,NA,NA,NA,NA,NA,NA,NA,NA
2021-2022,Smyth County,361,Southwest,school,231,690,Oak Point Elementary,63.988919667590025,NA,NA,NA,NA,NA,NA,NA,NA,NA
2021-2022,Smyth County,124,Southwest,school,58,720,Rich Valley Elementary,46.774193548387096,NA,NA,NA,NA,NA,NA,NA,NA,NA
2021-2022,Smyth County,200,Southwest,school,145,740,Saltville Elementary,72.5,NA,NA,NA,NA,NA,NA,NA,NA,NA
2021-2022,Smyth County,102,Southwest,school,61,555,Sugar Grove Elementary,59.80392156862745,NA,NA,NA,NA,NA,NA,NA,NA,NA
2021-2022,Southampton County,193,Tidewater,school,74,710,Capron Elementary,38.34196891191709,NA,NA,NA,NA,NA,NA,NA,NA,NA
2021-2022,Southampton County,237,Tidewater,school,111,20,Meherrin Elementary,46.835443037974684,NA,NA,NA,NA,NA,NA,NA,NA,NA
2021-2022,Southampton County,240,Tidewater,school,71,10,Nottoway Elementary,29.583333333333332,NA,NA,NA,NA,NA,NA,NA,NA,NA
2021-2022,Southampton County,535,Tidewater,school,222,780,Riverdale Elementary,41.495327102803735,NA,NA,NA,NA,NA,NA,NA,NA,NA
2021-2022,Southampton County,749,Tidewater,school,278,690,Southampton High,37.11615487316422,NA,NA,NA,NA,NA,NA,NA,NA,NA
2021-2022,Southampton County,646,Tidewater,school,294,700,Southampton Middle,45.51083591331269,NA,NA,NA,NA,NA,NA,NA,NA,NA
2021-2022,Spotsylvania County,674,Northern Neck,school,331,10,Battlefield Elementary,49.10979228486647,NA,NA,NA,NA,NA,NA,NA,NA,NA
2021-2022,Spotsylvania County,828,Northern Neck,school,441,50,Battlefield Middle,53.2608695652174,NA,NA,NA,NA,NA,NA,NA,NA,NA
2021-2022,Spotsylvania County,277,Northern Neck,school,144,340,Berkeley Elementary,51.985559566786996,NA,NA,NA,NA,NA,NA,NA,NA,NA
2021-2022,Spotsylvania County,654,Northern Neck,school,246,400,Brock Road Elementary,37.61467889908257,NA,NA,NA,NA,NA,NA,NA,NA,NA
2021-2022,Spotsylvania County,760,Northern Neck,school,366,511,Cedar Forest Elementary,48.1578947368421,NA,NA,NA,NA,NA,NA,NA,NA,NA
2021-2022,Spotsylvania County,429,Northern Neck,school,83,40,Chancellor Elementary,19.34731934731935,NA,NA,NA,NA,NA,NA,NA,NA,NA
2021-2022,Spotsylvania County,1397,Northern Neck,school,670,381,Chancellor High,47.95991410164638,NA,NA,NA,NA,NA,NA,NA,NA,NA
2021-2022,Spotsylvania County,858,Northern Neck,school,428,382,Chancellor Middle,49.883449883449885,NA,NA,NA,NA,NA,NA,NA,NA,NA
2021-2022,Spotsylvania County,764,Northern Neck,school,304,501,Courthouse Road Elementary,39.79057591623037,NA,NA,NA,NA,NA,NA,NA,NA,NA
2021-2022,Spotsylvania County,503,Northern Neck,school,189,22,Courtland Elementary,37.57455268389662,NA,NA,NA,NA,NA,NA,NA,NA,NA
2021-2022,Spotsylvania County,1550,Northern Neck,school,539,20,Courtland High,34.774193548387096,NA,NA,NA,NA,NA,NA,NA,NA,NA
2021-2022,Spotsylvania County,773,Northern Neck,school,334,509,Freedom Middle,43.20827943078913,NA,NA,NA,NA,NA,NA,NA,NA,NA
2021-2022,Spotsylvania County,714,Northern Neck,school,408,507,Harrison Road Elementary,57.14285714285714,NA,NA,NA,NA,NA,NA,NA,NA,NA
2021-2022,Spotsylvania County,626,Northern Neck,school,287,30,Lee Hill Elementary,45.846645367412144,NA,NA,NA,NA,NA,NA,NA,NA,NA
2021-2022,Spotsylvania County,401,Northern Neck,school,193,350,Livingston Elementary,48.12967581047381,NA,NA,NA,NA,NA,NA,NA,NA,NA
2021-2022,Spotsylvania County,1709,Northern Neck,school,685,506,Massaponax High,40.08191925102399,NA,NA,NA,NA,NA,NA,NA,NA,NA
2021-2022,Spotsylvania County,718,Northern Neck,school,216,505,Ni River Middle,30.08356545961003,NA,NA,NA,NA,NA,NA,NA,NA,NA
2021-2022,Spotsylvania County,949,Northern Neck,school,387,508,Parkside Elementary,40.77976817702845,NA,NA,NA,NA,NA,NA,NA,NA,NA
2021-2022,Spotsylvania County,697,Northern Neck,school,335,220,Post Oak Middle,48.06312769010043,NA,NA,NA,NA,NA,NA,NA,NA,NA
2021-2022,Spotsylvania County,1922,Northern Neck,school,562,510,Riverbend High,29.240374609781476,NA,NA,NA,NA,NA,NA,NA,NA,NA
2021-2022,Spotsylvania County,657,Northern Neck,school,317,503,Riverview Elementary,48.24961948249619,NA,NA,NA,NA,NA,NA,NA,NA,NA
2021-2022,Spotsylvania County,591,Northern Neck,school,343,60,Salem Elementary,58.03722504230119,NA,NA,NA,NA,NA,NA,NA,NA,NA
2021-2022,Spotsylvania County,680,Northern Neck,school,317,390,Smith Station Elementary,46.61764705882353,NA,NA,NA,NA,NA,NA,NA,NA,NA
2021-2022,Spotsylvania County,513,Northern Neck,school,301,360,Spotswood Elementary,58.67446393762184,NA,NA,NA,NA,NA,NA,NA,NA,NA
2021-2022,Spotsylvania County,559,Northern Neck,school,251,130,Spotsylvania Elementary,44.90161001788909,NA,NA,NA,NA,NA,NA,NA,NA,NA
2021-2022,Spotsylvania County,1307,Northern Neck,school,580,370,Spotsylvania High,44.376434583014536,NA,NA,NA,NA,NA,NA,NA,NA,NA
2021-2022,Spotsylvania County,972,Northern Neck,school,361,330,Spotsylvania Middle,37.13991769547325,NA,NA,NA,NA,NA,NA,NA,NA,NA
2021-2022,Spotsylvania County,672,Northern Neck,school,291,502,Thornburg Middle,43.30357142857143,NA,NA,NA,NA,NA,NA,NA,NA,NA
2021-2022,Spotsylvania County,640,Northern Neck,school,260,504,Wilderness Elementary,40.625,NA,NA,NA,NA,NA,NA,NA,NA,NA
2021-2022,Stafford County,887,Northern Neck,school,227,40,Andrew G. Wright Middle,25.591882750845546,NA,NA,NA,NA,NA,NA,NA,NA,NA
2021-2022,Stafford County,858,Northern Neck,school,477,260,Anne E. Moncure Elementary,55.59440559440559,NA,NA,NA,NA,NA,NA,NA,NA,NA
2021-2022,Stafford County,704,Northern Neck,school,263,433,Anthony Burns Elementary,37.35795454545455,NA,NA,NA,NA,NA,NA,NA,NA,NA
2021-2022,Stafford County,2055,Northern Neck,school,572,421,Brooke Point High,27.8345498783455,NA,NA,NA,NA,NA,NA,NA,NA,NA
2021-2022,Stafford County,1999,Northern Neck,school,403,424,Colonial Forge High,20.16008004002001,NA,NA,NA,NA,NA,NA,NA,NA,NA
2021-2022,Stafford County,942,Northern Neck,school,371,431,Conway Elementary,39.384288747346076,NA,NA,NA,NA,NA,NA,NA,NA,NA
2021-2022,Stafford County,818,Northern Neck,school,221,432,Donald B. Dixon-Lyle R. Smith Middle,27.017114914425427,NA,NA,NA,NA,NA,NA,NA,NA,NA
2021-2022,Stafford County,636,Northern Neck,school,248,10,Edward E. Drew Jr. Middle,38.9937106918239,NA,NA,NA,NA,NA,NA,NA,NA,NA
2021-2022,Stafford County,614,Northern Neck,school,281,280,Falmouth Elementary,45.76547231270358,NA,NA,NA,NA,NA,NA,NA,NA,NA
2021-2022,Stafford County,618,Northern Neck,school,236,230,Ferry Farm Elementary,38.18770226537217,NA,NA,NA,NA,NA,NA,NA,NA,NA
2021-2022,Stafford County,555,Northern Neck,school,141,41,Garrisonville Elementary,25.405405405405407,NA,NA,NA,NA,NA,NA,NA,NA,NA
2021-2022,Stafford County,717,Northern Neck,school,166,270,Grafton Village Elementary,23.15202231520223,NA,NA,NA,NA,NA,NA,NA,NA,NA
2021-2022,Stafford County,997,Northern Neck,school,282,422,H.H. Poole Middle,28.284854563691077,NA,NA,NA,NA,NA,NA,NA,NA,NA
2021-2022,Stafford County,867,Northern Neck,school,217,320,Hampton Oaks Elementary,25.02883506343714,NA,NA,NA,NA,NA,NA,NA,NA,NA
2021-2022,Stafford County,590,Northern Neck,school,147,250,Hartwood Elementary,24.91525423728814,NA,NA,NA,NA,NA,NA,NA,NA,NA
2021-2022,Stafford County,777,Northern Neck,school,420,427,Kate Waller Barrett Elementary,54.054054054054056,NA,NA,NA,NA,NA,NA,NA,NA,NA
2021-2022,Stafford County,801,Northern Neck,school,119,429,Margaret Brent Elementary,14.856429463171036,NA,NA,NA,NA,NA,NA,NA,NA,NA
2021-2022,Stafford County,2146,Northern Neck,school,383,430,Mountain View High,17.847157502329917,NA,NA,NA,NA,NA,NA,NA,NA,NA
2021-2022,Stafford County,1865,Northern Neck,school,622,30,North Stafford High,33.35120643431635,NA,NA,NA,NA,NA,NA,NA,NA,NA
2021-2022,Stafford County,251,Northern Neck,school,141,992,North Star Early Childhood Education Center,56.17529880478087,NA,NA,NA,NA,NA,NA,NA,NA,NA
2021-2022,Stafford County,975,Northern Neck,school,204,300,Park Ridge Elementary,20.923076923076923,NA,NA,NA,NA,NA,NA,NA,NA,NA
2021-2022,Stafford County,273,Northern Neck,school,146,920,Rising Star Early Childhood Education Center at Melchers,53.47985347985348,NA,NA,NA,NA,NA,NA,NA,NA,NA
2021-2022,Stafford County,639,Northern Neck,school,174,60,Rockhill Elementary,27.230046948356808,NA,NA,NA,NA,NA,NA,NA,NA,NA
2021-2022,Stafford County,886,Northern Neck,school,361,425,Rocky Run Elementary,40.74492099322799,NA,NA,NA,NA,NA,NA,NA,NA,NA
2021-2022,Stafford County,996,Northern Neck,school,159,426,Rodney E. Thompson Middle,15.963855421686745,NA,NA,NA,NA,NA,NA,NA,NA,NA
2021-2022,Stafford County,998,Northern Neck,school,359,440,Shirley C. Heim Middle,35.97194388777555,NA,NA,NA,NA,NA,NA,NA,NA,NA
2021-2022,Stafford County,704,Northern Neck,school,197,111,Stafford Elementary,27.982954545454547,NA,NA,NA,NA,NA,NA,NA,NA,NA
2021-2022,Stafford County,907,Northern Neck,school,317,112,Stafford Middle,34.950385887541344,NA,NA,NA,NA,NA,NA,NA,NA,NA
2021-2022,Stafford County,2062,Northern Neck,school,580,20,Stafford Senior High,28.12803103782735,NA,NA,NA,NA,NA,NA,NA,NA,NA
2021-2022,Stafford County,948,Northern Neck,school,287,162,T. Benton Gayle Middle,30.27426160337553,NA,NA,NA,NA,NA,NA,NA,NA,NA
2021-2022,Stafford County,593,Northern Neck,school,274,50,Widewater Elementary,46.20573355817875,NA,NA,NA,NA,NA,NA,NA,NA,NA
2021-2022,Stafford County,795,Northern Neck,school,176,423,Winding Creek Elementary,22.138364779874216,NA,NA,NA,NA,NA,NA,NA,NA,NA
2021-2022,Staunton City,392,Valley,school,130,40,Arthur R. Ware Elementary,33.16326530612245,NA,NA,NA,NA,NA,NA,NA,NA,NA
2021-2022,Staunton City,370,Valley,school,151,70,Bessie Weller Elementary,40.81081081081081,NA,NA,NA,NA,NA,NA,NA,NA,NA
2021-2022,Staunton City,599,Valley,school,237,110,Shelburne Middle,39.565943238731215,NA,NA,NA,NA,NA,NA,NA,NA,NA
2021-2022,Staunton City,114,Valley,school,NA,41,Staunton City School PreSchool Programs,NA,NA,NA,NA,NA,NA,NA,NA,NA,NA
2021-2022,Staunton City,840,Valley,school,348,30,Staunton High,41.42857142857143,NA,NA,NA,NA,NA,NA,NA,NA,NA
2021-2022,Staunton City,425,Valley,school,105,90,Thomas C. McSwain Elementary,24.705882352941178,NA,NA,NA,NA,NA,NA,NA,NA,NA
2021-2022,Suffolk City,345,Tidewater,school,197,50,Booker T. Washington Elementary,57.10144927536231,NA,NA,NA,NA,NA,NA,NA,NA,NA
2021-2022,Suffolk City,759,Tidewater,school,233,397,Colonel Fred Cherry Middle,30.698287220026348,NA,NA,NA,NA,NA,NA,NA,NA,NA
2021-2022,Suffolk City,727,Tidewater,school,222,440,Creekside Elementary,30.536451169188446,NA,NA,NA,NA,NA,NA,NA,NA,NA
2021-2022,Suffolk City,531,Tidewater,school,231,210,Elephant's Fork Elementary,43.50282485875706,NA,NA,NA,NA,NA,NA,NA,NA,NA
2021-2022,Suffolk City,764,Tidewater,school,250,90,Florence Bowser Elementary,32.72251308900523,NA,NA,NA,NA,NA,NA,NA,NA,NA
2021-2022,Suffolk City,437,Tidewater,school,176,390,Forest Glen Middle,40.274599542334094,NA,NA,NA,NA,NA,NA,NA,NA,NA
2021-2022,Suffolk City,720,Tidewater,school,286,450,Hillpoint Elementary,39.72222222222222,NA,NA,NA,NA,NA,NA,NA,NA,NA
2021-2022,Suffolk City,511,Tidewater,school,276,370,John F. Kennedy Middle,54.01174168297456,NA,NA,NA,NA,NA,NA,NA,NA,NA
2021-2022,Suffolk City,480,Tidewater,school,92,380,John Yeates Middle,19.166666666666668,NA,NA,NA,NA,NA,NA,NA,NA,NA
2021-2022,Suffolk City,478,Tidewater,school,162,230,Kilby Shores Elementary,33.89121338912134,NA,NA,NA,NA,NA,NA,NA,NA,NA
2021-2022,Suffolk City,1675,Tidewater,school,689,395,King's Fork High,41.134328358208954,NA,NA,NA,NA,NA,NA,NA,NA,NA
2021-2022,Suffolk City,1058,Tidewater,school,493,393,King's Fork Middle,46.59735349716446,NA,NA,NA,NA,NA,NA,NA,NA,NA
2021-2022,Suffolk City,1085,Tidewater,school,490,300,Lakeland High,45.16129032258064,NA,NA,NA,NA,NA,NA,NA,NA,NA
2021-2022,Suffolk City,638,Tidewater,school,358,330,Mack Benn Jr. Elementary,56.112852664576806,NA,NA,NA,NA,NA,NA,NA,NA,NA
2021-2022,Suffolk City,396,Tidewater,school,127,220,Nansemond Parkway Elementary,32.07070707070707,NA,NA,NA,NA,NA,NA,NA,NA,NA
2021-2022,Suffolk City,1662,Tidewater,school,374,240,Nansemond River High,22.503008423586042,NA,NA,NA,NA,NA,NA,NA,NA,NA
2021-2022,Suffolk City,776,Tidewater,school,142,391,Northern Shores Elementary,18.298969072164947,NA,NA,NA,NA,NA,NA,NA,NA,NA
2021-2022,Suffolk City,458,Tidewater,school,143,70,Oakland Elementary,31.222707423580786,NA,NA,NA,NA,NA,NA,NA,NA,NA
2021-2022,Suffolk City,548,Tidewater,school,186,47,Southwestern Elementary,33.941605839416056,NA,NA,NA,NA,NA,NA,NA,NA,NA
2021-2022,Surry County,189,Central Virginia,school,107,30,Luther P. Jackson Middle,56.613756613756614,NA,NA,NA,NA,NA,NA,NA,NA,NA
2021-2022,Surry County,228,Central Virginia,school,100,10,Surry County High,43.859649122807014,NA,NA,NA,NA,NA,NA,NA,NA,NA
2021-2022,Surry County,240,Central Virginia,school,157,20,Surry Elementary,65.41666666666667,NA,NA,NA,NA,NA,NA,NA,NA,NA
2021-2022,Sussex County,439,Central Virginia,school,195,483,Sussex Central Elementary,44.419134396355354,NA,NA,NA,NA,NA,NA,NA,NA,NA
2021-2022,Sussex County,312,Central Virginia,school,169,340,Sussex Central High,54.166666666666664,NA,NA,NA,NA,NA,NA,NA,NA,NA
2021-2022,Sussex County,224,Central Virginia,school,140,482,Sussex Central Middle,62.5,NA,NA,NA,NA,NA,NA,NA,NA,NA
2021-2022,Tazewell County,156,Southwest,school,92,1020,Abb's Valley-Boissevain Elementary,58.97435897435898,NA,NA,NA,NA,NA,NA,NA,NA,NA
2021-2022,Tazewell County,395,Southwest,school,225,830,Cedar Bluff Elementary,56.9620253164557,NA,NA,NA,NA,NA,NA,NA,NA,NA
2021-2022,Tazewell County,340,Southwest,school,207,750,Dudley Primary,60.882352941176464,NA,NA,NA,NA,NA,NA,NA,NA,NA
2021-2022,Tazewell County,513,Southwest,school,239,940,Graham High,46.588693957115005,NA,NA,NA,NA,NA,NA,NA,NA,NA
2021-2022,Tazewell County,256,Southwest,school,147,960,Graham Intermediate,57.421875,NA,NA,NA,NA,NA,NA,NA,NA,NA
2021-2022,Tazewell County,389,Southwest,school,215,10,Graham Middle,55.26992287917738,NA,NA,NA,NA,NA,NA,NA,NA,NA
2021-2022,Tazewell County,580,Southwest,school,411,822,Richlands Elementary,70.86206896551724,NA,NA,NA,NA,NA,NA,NA,NA,NA
2021-2022,Tazewell County,680,Southwest,school,403,821,Richlands High,59.26470588235294,NA,NA,NA,NA,NA,NA,NA,NA,NA
2021-2022,Tazewell County,465,Southwest,school,293,823,Richlands Middle,63.01075268817205,NA,NA,NA,NA,NA,NA,NA,NA,NA
2021-2022,Tazewell County,514,Southwest,school,306,890,Tazewell High,59.53307392996109,NA,NA,NA,NA,NA,NA,NA,NA,NA
2021-2022,Tazewell County,355,Southwest,school,234,450,Tazewell Intermediate,65.91549295774648,NA,NA,NA,NA,NA,NA,NA,NA,NA
2021-2022,Tazewell County,366,Southwest,school,237,100,Tazewell Middle,64.75409836065575,NA,NA,NA,NA,NA,NA,NA,NA,NA
2021-2022,Tazewell County,411,Southwest,school,264,1030,Tazewell Primary,64.23357664233576,NA,NA,NA,NA,NA,NA,NA,NA,NA
2021-2022,Virginia Beach City,600,Tidewater,school,294,590,Alanton Elementary,49,NA,NA,NA,NA,NA,NA,NA,NA,NA
2021-2022,Virginia Beach City,519,Tidewater,school,269,550,Arrowhead Elementary,51.83044315992292,NA,NA,NA,NA,NA,NA,NA,NA,NA
2021-2022,Virginia Beach City,348,Tidewater,school,266,115,Bayside 6th Grade Campus,76.4367816091954,NA,NA,NA,NA,NA,NA,NA,NA,NA
2021-2022,Virginia Beach City,489,Tidewater,school,301,280,Bayside Elementary,61.554192229038854,NA,NA,NA,NA,NA,NA,NA,NA,NA
2021-2022,Virginia Beach City,1946,Tidewater,school,NA,530,Bayside High,NA,NA,NA,NA,NA,NA,NA,NA,NA,NA
2021-2022,Virginia Beach City,764,Tidewater,school,553,700,Bayside Middle,72.38219895287958,NA,NA,NA,NA,NA,NA,NA,NA,NA
2021-2022,Virginia Beach City,622,Tidewater,school,396,60,Birdneck Elementary,63.665594855305464,NA,NA,NA,NA,NA,NA,NA,NA,NA
2021-2022,Virginia Beach City,1085,Tidewater,school,577,790,Brandon Middle,53.17972350230414,NA,NA,NA,NA,NA,NA,NA,NA,NA
2021-2022,Virginia Beach City,568,Tidewater,school,342,630,Brookwood Elementary,60.2112676056338,NA,NA,NA,NA,NA,NA,NA,NA,NA
2021-2022,Virginia Beach City,622,Tidewater,school,192,40,Centerville Elementary,30.86816720257235,NA,NA,NA,NA,NA,NA,NA,NA,NA
2021-2022,Virginia Beach City,657,Tidewater,school,226,990,Christopher Farms Elementary,34.39878234398782,NA,NA,NA,NA,NA,NA,NA,NA,NA
2021-2022,Virginia Beach City,488,Tidewater,school,343,720,College Park Elementary,70.28688524590164,NA,NA,NA,NA,NA,NA,NA,NA,NA
2021-2022,Virginia Beach City,402,Tidewater,school,229,1041,Corporate Landing Elementary,56.96517412935324,NA,NA,NA,NA,NA,NA,NA,NA,NA
2021-2022,Virginia Beach City,1068,Tidewater,school,575,980,Corporate Landing Middle,53.838951310861425,NA,NA,NA,NA,NA,NA,NA,NA,NA
2021-2022,Virginia Beach City,307,Tidewater,school,71,230,Creeds Elementary,23.12703583061889,NA,NA,NA,NA,NA,NA,NA,NA,NA
2021-2022,Virginia Beach City,527,Tidewater,school,375,106,Diamond Springs Elementary,71.15749525616698,NA,NA,NA,NA,NA,NA,NA,NA,NA
2021-2022,Virginia Beach City,512,Tidewater,school,197,780,Fairfield Elementary,38.4765625,NA,NA,NA,NA,NA,NA,NA,NA,NA
2021-2022,Virginia Beach City,1807,Tidewater,school,693,610,First Colonial High,38.35085777531821,NA,NA,NA,NA,NA,NA,NA,NA,NA
2021-2022,Virginia Beach City,1907,Tidewater,school,286,440,Floyd Kellam High,14.997378080755114,NA,NA,NA,NA,NA,NA,NA,NA,NA
2021-2022,Virginia Beach City,1720,Tidewater,school,512,30,Frank W. Cox High,29.767441860465116,NA,NA,NA,NA,NA,NA,NA,NA,NA
2021-2022,Virginia Beach City,969,Tidewater,school,412,870,Glenwood Elementary,42.51805985552116,NA,NA,NA,NA,NA,NA,NA,NA,NA
2021-2022,Virginia Beach City,1078,Tidewater,school,307,430,Great Neck Middle,28.47866419294991,NA,NA,NA,NA,NA,NA,NA,NA,NA
2021-2022,Virginia Beach City,400,Tidewater,school,211,1050,Green Run Collegiate,52.75,NA,NA,NA,NA,NA,NA,NA,NA,NA
2021-2022,Virginia Beach City,316,Tidewater,school,200,770,Green Run Elementary,63.29113924050633,NA,NA,NA,NA,NA,NA,NA,NA,NA
2021-2022,Virginia Beach City,1471,Tidewater,school,967,10,Green Run High,65.73759347382733,NA,NA,NA,NA,NA,NA,NA,NA,NA
2021-2022,Virginia Beach City,497,Tidewater,school,184,540,Hermitage Elementary,37.02213279678068,NA,NA,NA,NA,NA,NA,NA,NA,NA
2021-2022,Virginia Beach City,459,Tidewater,school,298,600,Holland Elementary,64.92374727668845,NA,NA,NA,NA,NA,NA,NA,NA,NA
2021-2022,Virginia Beach City,1200,Tidewater,school,624,740,Independence Middle,52,NA,NA,NA,NA,NA,NA,NA,NA,NA
2021-2022,Virginia Beach City,557,Tidewater,school,243,800,Indian Lakes Elementary,43.62657091561939,NA,NA,NA,NA,NA,NA,NA,NA,NA
2021-2022,Virginia Beach City,750,Tidewater,school,128,360,John B. Dey Elementary,17.066666666666666,NA,NA,NA,NA,NA,NA,NA,NA,NA
2021-2022,Virginia Beach City,440,Tidewater,school,176,450,Kempsville Elementary,40,NA,NA,NA,NA,NA,NA,NA,NA,NA
2021-2022,Virginia Beach City,1936,Tidewater,school,909,620,Kempsville High,46.95247933884297,NA,NA,NA,NA,NA,NA,NA,NA,NA
2021-2022,Virginia Beach City,469,Tidewater,school,225,410,Kempsville Meadows Elementary,47.97441364605544,NA,NA,NA,NA,NA,NA,NA,NA,NA
2021-2022,Virginia Beach City,787,Tidewater,school,314,690,Kempsville Middle,39.898348157560356,NA,NA,NA,NA,NA,NA,NA,NA,NA
2021-2022,Virginia Beach City,499,Tidewater,school,263,420,King's Grant Elementary,52.705410821643284,NA,NA,NA,NA,NA,NA,NA,NA,NA
2021-2022,Virginia Beach City,492,Tidewater,school,79,580,Kingston Elementary,16.056910569105693,NA,NA,NA,NA,NA,NA,NA,NA,NA
2021-2022,Virginia Beach City,715,Tidewater,school,301,932,Landstown Elementary,42.09790209790209,NA,NA,NA,NA,NA,NA,NA,NA,NA
2021-2022,Virginia Beach City,2197,Tidewater,school,905,1030,Landstown High,41.19253527537551,NA,NA,NA,NA,NA,NA,NA,NA,NA
2021-2022,Virginia Beach City,1349,Tidewater,school,585,931,Landstown Middle,43.365455893254264,NA,NA,NA,NA,NA,NA,NA,NA,NA
2021-2022,Virginia Beach City,1553,Tidewater,school,NA,970,Larkspur Middle,NA,NA,NA,NA,NA,NA,NA,NA,NA,NA
2021-2022,Virginia Beach City,512,Tidewater,school,234,330,Linkhorn Park Elementary,45.703125,NA,NA,NA,NA,NA,NA,NA,NA,NA
2021-2022,Virginia Beach City,465,Tidewater,school,271,460,Luxford Elementary,58.27956989247311,NA,NA,NA,NA,NA,NA,NA,NA,NA
2021-2022,Virginia Beach City,365,Tidewater,school,228,520,Lynnhaven Elementary,62.465753424657535,NA,NA,NA,NA,NA,NA,NA,NA,NA
2021-2022,Virginia Beach City,946,Tidewater,school,540,730,Lynnhaven Middle,57.082452431289646,NA,NA,NA,NA,NA,NA,NA,NA,NA
2021-2022,Virginia Beach City,372,Tidewater,school,190,500,Malibu Elementary,51.075268817204304,NA,NA,NA,NA,NA,NA,NA,NA,NA
2021-2022,Virginia Beach City,700,Tidewater,school,189,1020,New Castle Elementary,27,NA,NA,NA,NA,NA,NA,NA,NA,NA
2021-2022,Virginia Beach City,427,Tidewater,school,323,710,Newtown Elementary,75.64402810304449,NA,NA,NA,NA,NA,NA,NA,NA,NA
2021-2022,Virginia Beach City,453,Tidewater,school,72,760,North Landing Elementary,15.894039735099339,NA,NA,NA,NA,NA,NA,NA,NA,NA
2021-2022,Virginia Beach City,581,Tidewater,school,199,880,Ocean Lakes Elementary,34.251290877796905,NA,NA,NA,NA,NA,NA,NA,NA,NA
2021-2022,Virginia Beach City,1979,Tidewater,school,637,960,Ocean Lakes High,32.18797372410308,NA,NA,NA,NA,NA,NA,NA,NA,NA
2021-2022,Virginia Beach City,1306,Tidewater,school,188,80,Old Donation School,14.39509954058193,NA,NA,NA,NA,NA,NA,NA,NA,NA
2021-2022,Virginia Beach City,465,Tidewater,school,333,820,Parkway Elementary,71.61290322580646,NA,NA,NA,NA,NA,NA,NA,NA,NA
2021-2022,Virginia Beach City,488,Tidewater,school,286,490,Pembroke Elementary,58.606557377049185,NA,NA,NA,NA,NA,NA,NA,NA,NA
2021-2022,Virginia Beach City,485,Tidewater,school,236,660,Pembroke Meadows Elementary,48.65979381443299,NA,NA,NA,NA,NA,NA,NA,NA,NA
2021-2022,Virginia Beach City,1029,Tidewater,school,576,640,Plaza Middle,55.97667638483965,NA,NA,NA,NA,NA,NA,NA,NA,NA
2021-2022,Virginia Beach City,747,Tidewater,school,463,680,Point O' View Elementary,61.98125836680054,NA,NA,NA,NA,NA,NA,NA,NA,NA
2021-2022,Virginia Beach City,641,Tidewater,school,79,340,Princess Anne Elementary,12.324492979719189,NA,NA,NA,NA,NA,NA,NA,NA,NA
2021-2022,Virginia Beach City,1709,Tidewater,school,596,321,Princess Anne High,34.87419543592744,NA,NA,NA,NA,NA,NA,NA,NA,NA
2021-2022,Virginia Beach City,1340,Tidewater,school,235,750,Princess Anne Middle,17.537313432835823,NA,NA,NA,NA,NA,NA,NA,NA,NA
2021-2022,Virginia Beach City,534,Tidewater,school,205,692,Providence Elementary,38.38951310861423,NA,NA,NA,NA,NA,NA,NA,NA,NA
2021-2022,Virginia Beach City,589,Tidewater,school,94,900,Red Mill Elementary,15.959252971137522,NA,NA,NA,NA,NA,NA,NA,NA,NA
2021-2022,Virginia Beach City,430,Tidewater,school,266,810,Rosemont Elementary,61.86046511627907,NA,NA,NA,NA,NA,NA,NA,NA,NA
2021-2022,Virginia Beach City,523,Tidewater,school,159,840,Rosemont Forest Elementary,30.401529636711285,NA,NA,NA,NA,NA,NA,NA,NA,NA
2021-2022,Virginia Beach City,535,Tidewater,school,190,830,Salem Elementary,35.51401869158878,NA,NA,NA,NA,NA,NA,NA,NA,NA
2021-2022,Virginia Beach City,1664,Tidewater,school,641,850,Salem High,38.52163461538461,NA,NA,NA,NA,NA,NA,NA,NA,NA
2021-2022,Virginia Beach City,1115,Tidewater,school,417,50,Salem Middle,37.39910313901345,NA,NA,NA,NA,NA,NA,NA,NA,NA
2021-2022,Virginia Beach City,369,Tidewater,school,278,290,Seatack Elementary an Achievable Dream Academy,75.33875338753387,NA,NA,NA,NA,NA,NA,NA,NA,NA
2021-2022,Virginia Beach City,421,Tidewater,school,184,300,Shelton Park Elementary,43.705463182897866,NA,NA,NA,NA,NA,NA,NA,NA,NA
2021-2022,Virginia Beach City,592,Tidewater,school,126,940,Strawbridge Elementary,21.283783783783782,NA,NA,NA,NA,NA,NA,NA,NA,NA
2021-2022,Virginia Beach City,564,Tidewater,school,269,910,Tallwood Elementary,47.695035460992905,NA,NA,NA,NA,NA,NA,NA,NA,NA
2021-2022,Virginia Beach City,1836,Tidewater,school,850,920,Tallwood High,46.2962962962963,NA,NA,NA,NA,NA,NA,NA,NA,NA
2021-2022,Virginia Beach City,544,Tidewater,school,294,350,Thalia Elementary,54.04411764705882,NA,NA,NA,NA,NA,NA,NA,NA,NA
2021-2022,Virginia Beach City,727,Tidewater,school,139,400,Thoroughgood Elementary,19.119669876203577,NA,NA,NA,NA,NA,NA,NA,NA,NA
2021-2022,Virginia Beach City,656,Tidewater,school,123,100,Three Oaks Elementary,18.75,NA,NA,NA,NA,NA,NA,NA,NA,NA
2021-2022,Virginia Beach City,511,Tidewater,school,133,510,Trantwood Elementary,26.027397260273972,NA,NA,NA,NA,NA,NA,NA,NA,NA
2021-2022,Virginia Beach City,619,Tidewater,school,296,140,Virginia Beach Middle,47.81906300484653,NA,NA,NA,NA,NA,NA,NA,NA,NA
2021-2022,Virginia Beach City,527,Tidewater,school,266,130,W.T. Cooke Elementary,50.47438330170778,NA,NA,NA,NA,NA,NA,NA,NA,NA
2021-2022,Virginia Beach City,631,Tidewater,school,324,20,White Oaks Elementary,51.347068145800314,NA,NA,NA,NA,NA,NA,NA,NA,NA
2021-2022,Virginia Beach City,434,Tidewater,school,333,470,Williams Elementary,76.72811059907833,NA,NA,NA,NA,NA,NA,NA,NA,NA
2021-2022,Virginia Beach City,502,Tidewater,school,308,670,Windsor Oaks Elementary,61.354581673306775,NA,NA,NA,NA,NA,NA,NA,NA,NA
2021-2022,Virginia Beach City,419,Tidewater,school,185,560,Windsor Woods Elementary,44.1527446300716,NA,NA,NA,NA,NA,NA,NA,NA,NA
2021-2022,Virginia Beach City,654,Tidewater,school,324,390,Woodstock Elementary,49.54128440366973,NA,NA,NA,NA,NA,NA,NA,NA,NA
2021-2022,Warren County,268,Northern Virginia,school,96,90,A.S. Rhodes Elementary,35.82089552238806,NA,NA,NA,NA,NA,NA,NA,NA,NA
2021-2022,Warren County,478,Northern Virginia,school,298,140,E. Wilson Morrison Elementary,62.34309623430963,NA,NA,NA,NA,NA,NA,NA,NA,NA
2021-2022,Warren County,437,Northern Virginia,school,171,371,Hilda J. Barbour Elementary,39.130434782608695,NA,NA,NA,NA,NA,NA,NA,NA,NA
2021-2022,Warren County,523,Northern Virginia,school,227,20,Leslie Fox Keyser Elementary,43.40344168260038,NA,NA,NA,NA,NA,NA,NA,NA,NA
2021-2022,Warren County,592,Northern Virginia,school,309,240,Ressie Jeffries Elementary,52.195945945945944,NA,NA,NA,NA,NA,NA,NA,NA,NA
2021-2022,Warren County,881,Northern Virginia,school,394,250,Skyline High,44.72190692395006,NA,NA,NA,NA,NA,NA,NA,NA,NA
2021-2022,Warren County,584,Northern Virginia,school,312,260,Skyline Middle,53.42465753424658,NA,NA,NA,NA,NA,NA,NA,NA,NA
2021-2022,Warren County,851,Northern Virginia,school,307,230,Warren County High,36.07520564042303,NA,NA,NA,NA,NA,NA,NA,NA,NA
2021-2022,Warren County,558,Northern Virginia,school,216,280,Warren County Middle,38.70967741935484,NA,NA,NA,NA,NA,NA,NA,NA,NA
2021-2022,Washington County,441,Southwest,school,145,1080,Abingdon Elementary,32.87981859410431,NA,NA,NA,NA,NA,NA,NA,NA,NA
2021-2022,Washington County,861,Southwest,school,327,1030,Abingdon High,37.97909407665505,NA,NA,NA,NA,NA,NA,NA,NA,NA
2021-2022,Washington County,165,Southwest,school,87,40,Damascus Middle,52.72727272727272,NA,NA,NA,NA,NA,NA,NA,NA,NA
2021-2022,Washington County,656,Southwest,school,279,1110,E.B. Stanley Middle,42.53048780487805,NA,NA,NA,NA,NA,NA,NA,NA,NA
2021-2022,Washington County,276,Southwest,school,147,1090,Glade Spring Middle,53.2608695652174,NA,NA,NA,NA,NA,NA,NA,NA,NA
2021-2022,Washington County,275,Southwest,school,100,260,Greendale Elementary,36.36363636363637,NA,NA,NA,NA,NA,NA,NA,NA,NA
2021-2022,Washington County,543,Southwest,school,205,1070,High Point Elementary,37.75322283609576,NA,NA,NA,NA,NA,NA,NA,NA,NA
2021-2022,Washington County,272,Southwest,school,130,1060,Holston High,47.794117647058826,NA,NA,NA,NA,NA,NA,NA,NA,NA
2021-2022,Washington County,652,Southwest,school,227,1040,John S. Battle High,34.8159509202454,NA,NA,NA,NA,NA,NA,NA,NA,NA
2021-2022,Washington County,506,Southwest,school,263,20,Meadowview Elementary,51.976284584980235,NA,NA,NA,NA,NA,NA,NA,NA,NA
2021-2022,Washington County,399,Southwest,school,192,1050,Patrick Henry High,48.1203007518797,NA,NA,NA,NA,NA,NA,NA,NA,NA
2021-2022,Washington County,397,Southwest,school,228,50,Rhea Valley Elementary,57.43073047858942,NA,NA,NA,NA,NA,NA,NA,NA,NA
2021-2022,Washington County,275,Southwest,school,159,1020,Valley Institute Elementary,57.81818181818181,NA,NA,NA,NA,NA,NA,NA,NA,NA
2021-2022,Washington County,455,Southwest,school,182,620,Wallace Middle,40,NA,NA,NA,NA,NA,NA,NA,NA,NA
2021-2022,Washington County,562,Southwest,school,202,70,Watauga Elementary,35.94306049822064,NA,NA,NA,NA,NA,NA,NA,NA,NA
2021-2022,Waynesboro City,244,Valley,school,129,650,Berkeley Glenn Elementary,52.86885245901639,NA,NA,NA,NA,NA,NA,NA,NA,NA
2021-2022,Waynesboro City,694,Valley,school,381,640,Kate Collins Middle,54.899135446685875,NA,NA,NA,NA,NA,NA,NA,NA,NA
2021-2022,Waynesboro City,145,Valley,school,89,620,Wayne Hills Center,61.37931034482759,NA,NA,NA,NA,NA,NA,NA,NA,NA
2021-2022,Waynesboro City,895,Valley,school,422,600,Waynesboro High,47.150837988826815,NA,NA,NA,NA,NA,NA,NA,NA,NA
2021-2022,Waynesboro City,234,Valley,school,167,580,Wenonah Elementary,71.36752136752136,NA,NA,NA,NA,NA,NA,NA,NA,NA
2021-2022,Waynesboro City,381,Valley,school,175,630,Westwood Hills Elementary,45.93175853018373,NA,NA,NA,NA,NA,NA,NA,NA,NA
2021-2022,Waynesboro City,429,Valley,school,287,751,William Perry Elementary,66.8997668997669,NA,NA,NA,NA,NA,NA,NA,NA,NA
2021-2022,West Point,361,Northern Neck,school,145,280,West Point Elementary,40.16620498614959,NA,NA,NA,NA,NA,NA,NA,NA,NA
2021-2022,West Point,452,Northern Neck,school,166,290,West Point Middle/High,36.72566371681416,NA,NA,NA,NA,NA,NA,NA,NA,NA
2021-2022,Westmoreland County,338,Northern Neck,school,198,210,Cople Elementary,58.57988165680473,NA,NA,NA,NA,NA,NA,NA,NA,NA
2021-2022,Westmoreland County,333,Northern Neck,school,172,300,Montross Middle,51.651651651651655,NA,NA,NA,NA,NA,NA,NA,NA,NA
2021-2022,Westmoreland County,485,Northern Neck,school,238,120,Washington & Lee High,49.072164948453604,NA,NA,NA,NA,NA,NA,NA,NA,NA
2021-2022,Westmoreland County,375,Northern Neck,school,184,310,Washington District Elementary,49.06666666666666,NA,NA,NA,NA,NA,NA,NA,NA,NA
2021-2022,Williamsburg-James City County,631,Tidewater,school,241,60,Berkeley Middle,38.193343898573694,NA,NA,NA,NA,NA,NA,NA,NA,NA
2021-2022,Williamsburg-James City County,529,Tidewater,school,209,40,Clara Byrd Baker Elementary,39.50850661625709,NA,NA,NA,NA,NA,NA,NA,NA,NA
2021-2022,Williamsburg-James City County,532,Tidewater,school,193,80,D.J. Montague Elementary,36.278195488721806,NA,NA,NA,NA,NA,NA,NA,NA,NA
2021-2022,Williamsburg-James City County,536,Tidewater,school,193,190,J. Blaine Blayton Elementary,36.007462686567166,NA,NA,NA,NA,NA,NA,NA,NA,NA
2021-2022,Williamsburg-James City County,545,Tidewater,school,220,25,James Blair Middle,40.36697247706422,NA,NA,NA,NA,NA,NA,NA,NA,NA
2021-2022,Williamsburg-James City County,420,Tidewater,school,299,201,James River Elementary,71.19047619047619,NA,NA,NA,NA,NA,NA,NA,NA,NA
2021-2022,Williamsburg-James City County,1237,Tidewater,school,294,202,Jamestown High,23.767178658043655,NA,NA,NA,NA,NA,NA,NA,NA,NA
2021-2022,Williamsburg-James City County,1137,Tidewater,school,426,90,Lafayette High,37.46701846965699,NA,NA,NA,NA,NA,NA,NA,NA,NA
2021-2022,Williamsburg-James City County,474,Tidewater,school,196,50,Laurel Lane Elementary,41.35021097046413,NA,NA,NA,NA,NA,NA,NA,NA,NA
2021-2022,Williamsburg-James City County,793,Tidewater,school,261,191,Lois Hornsby Middle,32.91298865069357,NA,NA,NA,NA,NA,NA,NA,NA,NA
2021-2022,Williamsburg-James City County,675,Tidewater,school,148,205,Matoaka Elementary,21.925925925925927,NA,NA,NA,NA,NA,NA,NA,NA,NA
2021-2022,Williamsburg-James City County,454,Tidewater,school,187,10,Matthew Whaley Elementary,41.18942731277533,NA,NA,NA,NA,NA,NA,NA,NA,NA
2021-2022,Williamsburg-James City County,651,Tidewater,school,297,70,Norge Elementary,45.622119815668206,NA,NA,NA,NA,NA,NA,NA,NA,NA
2021-2022,Williamsburg-James City County,758,Tidewater,school,190,203,Stonehouse Elementary,25.065963060686013,NA,NA,NA,NA,NA,NA,NA,NA,NA
2021-2022,Williamsburg-James City County,616,Tidewater,school,213,100,Toano Middle,34.57792207792208,NA,NA,NA,NA,NA,NA,NA,NA,NA
2021-2022,Williamsburg-James City County,1334,Tidewater,school,433,204,Warhill High,32.458770614692654,NA,NA,NA,NA,NA,NA,NA,NA,NA
2021-2022,Winchester City,589,Northern Virginia,school,381,75,Daniel Morgan Intermediate,64.68590831918506,NA,NA,NA,NA,NA,NA,NA,NA,NA
2021-2022,Winchester City,623,Northern Virginia,school,406,70,Daniel Morgan Middle,65.1685393258427,NA,NA,NA,NA,NA,NA,NA,NA,NA
2021-2022,Winchester City,322,Northern Virginia,school,152,80,Frederick Douglass Elementary,47.20496894409938,NA,NA,NA,NA,NA,NA,NA,NA,NA
2021-2022,Winchester City,366,Northern Virginia,school,212,50,Garland R. Quarles Elementary,57.92349726775956,NA,NA,NA,NA,NA,NA,NA,NA,NA
2021-2022,Winchester City,1343,Northern Virginia,school,786,40,John Handley High,58.52568875651526,NA,NA,NA,NA,NA,NA,NA,NA,NA
2021-2022,Winchester City,503,Northern Virginia,school,310,90,John Kerr Elementary,61.63021868787276,NA,NA,NA,NA,NA,NA,NA,NA,NA
2021-2022,Winchester City,397,Northern Virginia,school,273,20,Virginia Avenue Charlotte Dehart Elementary,68.76574307304786,NA,NA,NA,NA,NA,NA,NA,NA,NA
2021-2022,Wise County,680,Southwest,school,317,1000,Central High,46.61764705882353,NA,NA,NA,NA,NA,NA,NA,NA,NA
2021-2022,Wise County,311,Southwest,school,193,651,Coeburn Middle,62.057877813504824,NA,NA,NA,NA,NA,NA,NA,NA,NA
2021-2022,Wise County,441,Southwest,school,179,653,Coeburn Primary,40.58956916099773,NA,NA,NA,NA,NA,NA,NA,NA,NA
2021-2022,Wise County,384,Southwest,school,231,652,Eastside High,60.15625,NA,NA,NA,NA,NA,NA,NA,NA,NA
2021-2022,Wise County,494,Southwest,school,194,73,J.W. Adams Combined,39.27125506072874,NA,NA,NA,NA,NA,NA,NA,NA,NA
2021-2022,Wise County,451,Southwest,school,220,320,L.F. Addington Middle,48.78048780487805,NA,NA,NA,NA,NA,NA,NA,NA,NA
2021-2022,Wise County,429,Southwest,school,152,871,St. Paul Elementary,35.43123543123543,NA,NA,NA,NA,NA,NA,NA,NA,NA
2021-2022,Wise County,576,Southwest,school,312,1010,Union High,54.166666666666664,NA,NA,NA,NA,NA,NA,NA,NA,NA
2021-2022,Wise County,586,Southwest,school,320,1013,Union Middle,54.60750853242321,NA,NA,NA,NA,NA,NA,NA,NA,NA
2021-2022,Wise County,839,Southwest,school,305,1012,Union Primary,36.35280095351609,NA,NA,NA,NA,NA,NA,NA,NA,NA
2021-2022,Wise County,574,Southwest,school,155,1020,Wise Primary,27.00348432055749,NA,NA,NA,NA,NA,NA,NA,NA,NA
2021-2022,Wythe County,458,Southwest,school,182,760,Fort Chiswell High,39.737991266375545,NA,NA,NA,NA,NA,NA,NA,NA,NA
2021-2022,Wythe County,316,Southwest,school,151,1073,Fort Chiswell Middle,47.78481012658228,NA,NA,NA,NA,NA,NA,NA,NA,NA
2021-2022,Wythe County,449,Southwest,school,220,721,George Wythe High,48.9977728285078,NA,NA,NA,NA,NA,NA,NA,NA,NA
2021-2022,Wythe County,212,Southwest,school,110,730,Jackson Memorial Elementary,51.886792452830186,NA,NA,NA,NA,NA,NA,NA,NA,NA
2021-2022,Wythe County,208,Southwest,school,111,100,Max Meadows Elementary,53.36538461538461,NA,NA,NA,NA,NA,NA,NA,NA,NA
2021-2022,Wythe County,339,Southwest,school,174,201,Rural Retreat Elementary,51.32743362831859,NA,NA,NA,NA,NA,NA,NA,NA,NA
2021-2022,Wythe County,321,Southwest,school,132,202,Rural Retreat High,41.1214953271028,NA,NA,NA,NA,NA,NA,NA,NA,NA
2021-2022,Wythe County,227,Southwest,school,103,1074,Rural Retreat Middle,45.37444933920705,NA,NA,NA,NA,NA,NA,NA,NA,NA
2021-2022,Wythe County,320,Southwest,school,161,1075,Scott Memorial Middle,50.31250000000001,NA,NA,NA,NA,NA,NA,NA,NA,NA
2021-2022,Wythe County,251,Southwest,school,119,740,Sheffey Elementary,47.410358565737056,NA,NA,NA,NA,NA,NA,NA,NA,NA
2021-2022,Wythe County,144,Southwest,school,85,440,Speedwell Elementary,59.02777777777778,NA,NA,NA,NA,NA,NA,NA,NA,NA
2021-2022,Wythe County,588,Southwest,school,319,190,Spiller Elementary,54.25170068027211,NA,NA,NA,NA,NA,NA,NA,NA,NA
2021-2022,York County,656,Tidewater,school,206,180,Bethel Manor Elementary,31.402439024390244,NA,NA,NA,NA,NA,NA,NA,NA,NA
2021-2022,York County,659,Tidewater,school,174,20,Bruton High,26.403641881638844,NA,NA,NA,NA,NA,NA,NA,NA,NA
2021-2022,York County,700,Tidewater,school,133,90,Coventry Elementary,19,NA,NA,NA,NA,NA,NA,NA,NA,NA
2021-2022,York County,400,Tidewater,school,68,160,Dare Elementary,17,NA,NA,NA,NA,NA,NA,NA,NA,NA
2021-2022,York County,631,Tidewater,school,121,140,Grafton Bethel Elementary,19.17591125198098,NA,NA,NA,NA,NA,NA,NA,NA,NA
2021-2022,York County,1180,Tidewater,school,183,332,Grafton High,15.508474576271187,NA,NA,NA,NA,NA,NA,NA,NA,NA
2021-2022,York County,881,Tidewater,school,172,333,Grafton Middle,19.523269012485812,NA,NA,NA,NA,NA,NA,NA,NA,NA
2021-2022,York County,606,Tidewater,school,165,10,Magruder Elementary,27.22772277227723,NA,NA,NA,NA,NA,NA,NA,NA,NA
2021-2022,York County,589,Tidewater,school,67,80,Mount Vernon Elementary,11.37521222410866,NA,NA,NA,NA,NA,NA,NA,NA,NA
2021-2022,York County,540,Tidewater,school,138,200,Queens Lake Middle,25.555555555555554,NA,NA,NA,NA,NA,NA,NA,NA,NA
2021-2022,York County,554,Tidewater,school,92,170,Seaford Elementary,16.60649819494585,NA,NA,NA,NA,NA,NA,NA,NA,NA
2021-2022,York County,694,Tidewater,school,93,50,Tabb Elementary,13.400576368876079,NA,NA,NA,NA,NA,NA,NA,NA,NA
2021-2022,York County,1083,Tidewater,school,201,230,Tabb High,18.559556786703602,NA,NA,NA,NA,NA,NA,NA,NA,NA
2021-2022,York County,890,Tidewater,school,207,190,Tabb Middle,23.258426966292134,NA,NA,NA,NA,NA,NA,NA,NA,NA
2021-2022,York County,404,Tidewater,school,58,220,Waller Mill Elementary,14.356435643564355,NA,NA,NA,NA,NA,NA,NA,NA,NA
2021-2022,York County,1091,Tidewater,school,239,30,York High,21.906507791017415,NA,NA,NA,NA,NA,NA,NA,NA,NA
2021-2022,York County,61,Tidewater,school,15,335,York River Academy,24.59016393442623,NA,NA,NA,NA,NA,NA,NA,NA,NA
2021-2022,York County,614,Tidewater,school,184,210,Yorktown Elementary,29.967426710097723,NA,NA,NA,NA,NA,NA,NA,NA,NA
2021-2022,York County,641,Tidewater,school,167,60,Yorktown Middle,26.053042121684868,NA,NA,NA,NA,NA,NA,NA,NA,NA
2022-2023,Accomack County,396,Tidewater,school,230,701,Accawmacke Elementary,58.080808080808076,NA,NA,NA,NA,NA,NA,NA,NA,NA
2022-2023,Accomack County,713,Tidewater,school,429,540,Arcadia High,60.16830294530154,NA,NA,NA,NA,NA,NA,NA,NA,NA
2022-2023,Accomack County,482,Tidewater,school,361,704,Arcadia Middle,74.89626556016597,NA,NA,NA,NA,NA,NA,NA,NA,NA
2022-2023,Accomack County,224,Tidewater,school,86,80,Chincoteague Elementary,38.392857142857146,NA,NA,NA,NA,NA,NA,NA,NA,NA
2022-2023,Accomack County,295,Tidewater,school,120,580,Chincoteague High,40.67796610169492,NA,NA,NA,NA,NA,NA,NA,NA,NA
2022-2023,Accomack County,479,Tidewater,school,318,600,Kegotank Elementary,66.38830897703549,NA,NA,NA,NA,NA,NA,NA,NA,NA
2022-2023,Accomack County,535,Tidewater,school,312,702,Metompkin Elementary,58.3177570093458,NA,NA,NA,NA,NA,NA,NA,NA,NA
2022-2023,Accomack County,637,Tidewater,school,382,70,Nandua High,59.968602825745684,NA,NA,NA,NA,NA,NA,NA,NA,NA
2022-2023,Accomack County,474,Tidewater,school,338,703,Nandua Middle,71.30801687763713,NA,NA,NA,NA,NA,NA,NA,NA,NA
2022-2023,Accomack County,451,Tidewater,school,270,590,Pungoteague Elementary,59.86696230598669,NA,NA,NA,NA,NA,NA,NA,NA,NA
2022-2023,Accomack County,41,Tidewater,school,15,530,Tangier Combined,36.58536585365854,NA,NA,NA,NA,NA,NA,NA,NA,NA
2022-2023,Albemarle County,438,Valley,school,203,160,Agnor-Hurt Elementary,46.34703196347032,NA,NA,NA,NA,NA,NA,NA,NA,NA
2022-2023,Albemarle County,1998,Valley,school,662,880,Albemarle High,33.133133133133136,NA,NA,NA,NA,NA,NA,NA,NA,NA
2022-2023,Albemarle County,740,Valley,school,210,1053,Baker-Butler Elem,28.37837837837838,NA,NA,NA,NA,NA,NA,NA,NA,NA
2022-2023,Albemarle County,288,Valley,school,57,100,Broadus Wood Elementary,19.791666666666664,NA,NA,NA,NA,NA,NA,NA,NA,NA
2022-2023,Albemarle County,591,Valley,school,100,941,Brownsville Elementary,16.920473773265652,NA,NA,NA,NA,NA,NA,NA,NA,NA
2022-2023,Albemarle County,192,Valley,school,15,890,Community Lab School,7.8125,NA,NA,NA,NA,NA,NA,NA,NA,NA
2022-2023,Albemarle County,514,Valley,school,81,340,Crozet Elementary,15.758754863813229,NA,NA,NA,NA,NA,NA,NA,NA,NA
2022-2023,Albemarle County,352,Valley,school,62,10,Hollymead Elementary,17.613636363636363,NA,NA,NA,NA,NA,NA,NA,NA,NA
2022-2023,Albemarle County,588,Valley,school,267,69,Jackson P. Burley Middle,45.40816326530612,NA,NA,NA,NA,NA,NA,NA,NA,NA
2022-2023,Albemarle County,812,Valley,school,108,942,Joseph T. Henley Middle,13.30049261083744,NA,NA,NA,NA,NA,NA,NA,NA,NA
2022-2023,Albemarle County,634,Valley,school,328,950,Journey Middle,51.73501577287066,NA,NA,NA,NA,NA,NA,NA,NA,NA
2022-2023,Albemarle County,514,Valley,school,122,1051,Lakeside Middle,23.73540856031128,NA,NA,NA,NA,NA,NA,NA,NA,NA
2022-2023,Albemarle County,340,Valley,school,129,20,Leslie H. Walton Middle,37.94117647058823,NA,NA,NA,NA,NA,NA,NA,NA,NA
2022-2023,Albemarle County,495,Valley,school,258,40,Mary Carr Greer Elementary,52.121212121212125,NA,NA,NA,NA,NA,NA,NA,NA,NA
2022-2023,Albemarle County,343,Valley,school,26,250,Meriwether Lewis Elementary,7.580174927113703,NA,NA,NA,NA,NA,NA,NA,NA,NA
2022-2023,Albemarle County,1235,Valley,school,442,1052,Monticello High,35.78947368421053,NA,NA,NA,NA,NA,NA,NA,NA,NA
2022-2023,Albemarle County,752,Valley,school,349,150,Mountain View Elementary,46.409574468085104,NA,NA,NA,NA,NA,NA,NA,NA,NA
2022-2023,Albemarle County,201,Valley,school,89,540,Red Hill Elementary,44.27860696517413,NA,NA,NA,NA,NA,NA,NA,NA,NA
2022-2023,Albemarle County,227,Valley,school,98,30,Scottsville Elementary,43.17180616740088,NA,NA,NA,NA,NA,NA,NA,NA,NA
2022-2023,Albemarle County,473,Valley,school,151,920,Stone Robinson Elementary,31.92389006342495,NA,NA,NA,NA,NA,NA,NA,NA,NA
2022-2023,Albemarle County,189,Valley,school,52,240,Stony Point Elementary,27.513227513227513,NA,NA,NA,NA,NA,NA,NA,NA,NA
2022-2023,Albemarle County,282,Valley,school,24,910,Virginia L. Murray Elementary,8.51063829787234,NA,NA,NA,NA,NA,NA,NA,NA,NA
2022-2023,Albemarle County,1163,Valley,school,151,140,Western Albemarle High,12.983662940670678,NA,NA,NA,NA,NA,NA,NA,NA,NA
2022-2023,Albemarle County,609,Valley,school,349,930,Woodbrook Elementary,57.307060755336614,NA,NA,NA,NA,NA,NA,NA,NA,NA
2022-2023,Alexandria City,4540,Northern Virginia,school,NA,210,Alexandria City High School,NA,NA,NA,NA,NA,NA,NA,NA,NA,NA
2022-2023,Alexandria City,551,Northern Virginia,school,248,120,Charles Barrett Elementary,45.00907441016334,NA,NA,NA,NA,NA,NA,NA,NA,NA
2022-2023,Alexandria City,296,Northern Virginia,school,221,160,Cora Kelly School for Math Science and Technology,74.66216216216216,NA,NA,NA,NA,NA,NA,NA,NA,NA
2022-2023,Alexandria City,577,Northern Virginia,school,245,110,Douglas MacArthur Elementary,42.46100519930676,NA,NA,NA,NA,NA,NA,NA,NA,NA
2022-2023,Alexandria City,174,Northern Virginia,school,66,360,Early Childhood Center,37.93103448275862,NA,NA,NA,NA,NA,NA,NA,NA,NA
2022-2023,Alexandria City,608,Northern Virginia,school,502,350,Ferdinand T. Day Elementary,82.56578947368422,NA,NA,NA,NA,NA,NA,NA,NA,NA
2022-2023,Alexandria City,1474,Northern Virginia,school,NA,140,Francis C. Hammond Middle,NA,NA,NA,NA,NA,NA,NA,NA,NA,NA
2022-2023,Alexandria City,322,Northern Virginia,school,121,100,George Mason Elementary,37.577639751552795,NA,NA,NA,NA,NA,NA,NA,NA,NA
2022-2023,Alexandria City,1375,Northern Virginia,school,729,130,George Washington Middle,53.01818181818182,NA,NA,NA,NA,NA,NA,NA,NA,NA
2022-2023,Alexandria City,805,Northern Virginia,school,711,220,James K. Polk Elementary,88.32298136645963,NA,NA,NA,NA,NA,NA,NA,NA,NA
2022-2023,Alexandria City,643,Northern Virginia,school,537,90,Jefferson-Houston PK-8 School,83.51477449455676,NA,NA,NA,NA,NA,NA,NA,NA,NA
2022-2023,Alexandria City,732,Northern Virginia,school,631,230,John Adams Elementary,86.20218579234972,NA,NA,NA,NA,NA,NA,NA,NA,NA
2022-2023,Alexandria City,427,Northern Virginia,school,82,80,Lyles-Crouch Elementary,19.20374707259953,NA,NA,NA,NA,NA,NA,NA,NA,NA
2022-2023,Alexandria City,883,Northern Virginia,school,442,30,Mount Vernon Elementary,50.05662514156285,NA,NA,NA,NA,NA,NA,NA,NA,NA
2022-2023,Alexandria City,337,Northern Virginia,school,113,60,Naomi L. Brooks Elementary,33.531157270029674,NA,NA,NA,NA,NA,NA,NA,NA,NA
2022-2023,Alexandria City,978,Northern Virginia,school,863,50,Patrick Henry K-8 School,88.24130879345603,NA,NA,NA,NA,NA,NA,NA,NA,NA
2022-2023,Alexandria City,760,Northern Virginia,school,714,333,Samuel W. Tucker Elementary,93.94736842105263,NA,NA,NA,NA,NA,NA,NA,NA,NA
2022-2023,Alexandria City,607,Northern Virginia,school,541,190,William Ramsay Elementary,89.12685337726523,NA,NA,NA,NA,NA,NA,NA,NA,NA
2022-2023,Alleghany Highlands,579,NA,school,258,310,Alleghany High,44.559585492227974,NA,NA,NA,NA,NA,NA,NA,NA,NA
2022-2023,Alleghany Highlands,268,NA,school,132,110,Callaghan Elementary,49.25373134328358,NA,NA,NA,NA,NA,NA,NA,NA,NA
2022-2023,Alleghany Highlands,413,NA,school,198,1040,Clifton Middle,47.94188861985472,NA,NA,NA,NA,NA,NA,NA,NA,NA
2022-2023,Alleghany Highlands,340,NA,school,176,350,Covington High,51.76470588235295,NA,NA,NA,NA,NA,NA,NA,NA,NA
2022-2023,Alleghany Highlands,639,NA,school,348,360,Jeter-Watson Elementary,54.460093896713616,NA,NA,NA,NA,NA,NA,NA,NA,NA
2022-2023,Alleghany Highlands,446,NA,school,276,1041,Mountain View Elementary,61.88340807174888,NA,NA,NA,NA,NA,NA,NA,NA,NA
2022-2023,Alleghany Highlands,195,NA,school,95,90,Sharon Elementary,48.717948717948715,NA,NA,NA,NA,NA,NA,NA,NA,NA
2022-2023,Amelia County,760,Southside,school,395,220,Amelia County Elementary,51.973684210526315,NA,NA,NA,NA,NA,NA,NA,NA,NA
2022-2023,Amelia County,538,Southside,school,238,10,Amelia County High,44.237918215613384,NA,NA,NA,NA,NA,NA,NA,NA,NA
2022-2023,Amelia County,365,Southside,school,194,210,Amelia County Middle,53.15068493150685,NA,NA,NA,NA,NA,NA,NA,NA,NA
2022-2023,Amherst County,438,Valley,school,223,780,Amelon Elementary,50.91324200913242,NA,NA,NA,NA,NA,NA,NA,NA,NA
2022-2023,Amherst County,1260,Valley,school,544,750,Amherst County High,43.17460317460318,NA,NA,NA,NA,NA,NA,NA,NA,NA
2022-2023,Amherst County,260,Valley,school,122,790,Amherst Elementary,46.92307692307692,NA,NA,NA,NA,NA,NA,NA,NA,NA
2022-2023,Amherst County,347,Valley,school,153,670,Amherst Middle,44.09221902017291,NA,NA,NA,NA,NA,NA,NA,NA,NA
2022-2023,Amherst County,318,Valley,school,225,770,Central Elementary,70.75471698113208,NA,NA,NA,NA,NA,NA,NA,NA,NA
2022-2023,Amherst County,341,Valley,school,113,760,Elon Elementary,33.137829912023456,NA,NA,NA,NA,NA,NA,NA,NA,NA
2022-2023,Amherst County,418,Valley,school,299,500,Madison Heights Elementary,71.5311004784689,NA,NA,NA,NA,NA,NA,NA,NA,NA
2022-2023,Amherst County,513,Valley,school,265,20,Monelison Middle,51.656920077972714,NA,NA,NA,NA,NA,NA,NA,NA,NA
2022-2023,Amherst County,92,Valley,school,36,740,Temperance Elementary,39.130434782608695,NA,NA,NA,NA,NA,NA,NA,NA,NA
2022-2023,Appomattox County,699,Southside,school,321,260,Appomattox County High,45.92274678111588,NA,NA,NA,NA,NA,NA,NA,NA,NA
2022-2023,Appomattox County,531,Southside,school,264,110,Appomattox Elementary,49.717514124293785,NA,NA,NA,NA,NA,NA,NA,NA,NA
2022-2023,Appomattox County,539,Southside,school,275,160,Appomattox Middle,51.02040816326531,NA,NA,NA,NA,NA,NA,NA,NA,NA
2022-2023,Appomattox County,592,Southside,school,322,250,Appomattox Primary,54.391891891891895,NA,NA,NA,NA,NA,NA,NA,NA,NA
2022-2023,Arlington County,715,Northern Virginia,school,304,350,Abingdon Elementary,42.51748251748252,NA,NA,NA,NA,NA,NA,NA,NA,NA
2022-2023,Arlington County,615,Northern Virginia,school,228,160,Alice West Fleet Elementary,37.073170731707314,NA,NA,NA,NA,NA,NA,NA,NA,NA
2022-2023,Arlington County,207,Northern Virginia,school,31,618,Arlington Community High,14.975845410628018,NA,NA,NA,NA,NA,NA,NA,NA,NA
2022-2023,Arlington County,549,Northern Virginia,school,66,629,Arlington Science Focus School,12.021857923497267,NA,NA,NA,NA,NA,NA,NA,NA,NA
2022-2023,Arlington County,668,Northern Virginia,school,247,470,Arlington Traditional,36.97604790419162,NA,NA,NA,NA,NA,NA,NA,NA,NA
2022-2023,Arlington County,552,Northern Virginia,school,98,490,Ashlawn Elementary,17.753623188405797,NA,NA,NA,NA,NA,NA,NA,NA,NA
2022-2023,Arlington County,477,Northern Virginia,school,191,150,Barcroft Elementary,40.041928721174,NA,NA,NA,NA,NA,NA,NA,NA,NA
2022-2023,Arlington County,540,Northern Virginia,school,235,250,Barrett Elementary,43.51851851851852,NA,NA,NA,NA,NA,NA,NA,NA,NA
2022-2023,Arlington County,417,Northern Virginia,school,198,615,Campbell Elementary,47.482014388489205,NA,NA,NA,NA,NA,NA,NA,NA,NA
2022-2023,Arlington County,704,Northern Virginia,school,44,380,Cardinal Elementary,6.25,NA,NA,NA,NA,NA,NA,NA,NA,NA
2022-2023,Arlington County,555,Northern Virginia,school,304,90,Carlin Springs Elementary,54.77477477477477,NA,NA,NA,NA,NA,NA,NA,NA,NA
2022-2023,Arlington County,631,Northern Virginia,school,228,622,Claremont Immersion,36.13312202852615,NA,NA,NA,NA,NA,NA,NA,NA,NA
2022-2023,Arlington County,523,Northern Virginia,school,14,626,Discovery Elementary,2.676864244741874,NA,NA,NA,NA,NA,NA,NA,NA,NA
2022-2023,Arlington County,899,Northern Virginia,school,171,628,Dorothy Hamm Middle,19.021134593993324,NA,NA,NA,NA,NA,NA,NA,NA,NA
2022-2023,Arlington County,469,Northern Virginia,school,224,200,Dr. Charles R. Drew Elementary,47.76119402985074,NA,NA,NA,NA,NA,NA,NA,NA,NA
2022-2023,Arlington County,618,Northern Virginia,school,211,111,Escuela Key Elementary,34.14239482200647,NA,NA,NA,NA,NA,NA,NA,NA,NA
2022-2023,Arlington County,530,Northern Virginia,school,66,100,Glebe Elementary,12.452830188679245,NA,NA,NA,NA,NA,NA,NA,NA,NA
2022-2023,Arlington County,1112,Northern Virginia,school,424,611,Gunston Middle,38.1294964028777,NA,NA,NA,NA,NA,NA,NA,NA,NA
2022-2023,Arlington County,565,Northern Virginia,school,268,614,Hoffman-Boston Elementary,47.43362831858407,NA,NA,NA,NA,NA,NA,NA,NA,NA
2022-2023,Arlington County,470,Northern Virginia,school,173,613,Innovation Elementary,36.80851063829787,NA,NA,NA,NA,NA,NA,NA,NA,NA
2022-2023,Arlington County,34,Northern Virginia,school,NA,37,Integration Station,NA,NA,NA,NA,NA,NA,NA,NA,NA,NA
2022-2023,Arlington County,482,Northern Virginia,school,23,440,Jamestown Elementary,4.771784232365145,NA,NA,NA,NA,NA,NA,NA,NA,NA
2022-2023,Arlington County,1054,Northern Virginia,school,450,180,Jefferson Middle,42.69449715370019,NA,NA,NA,NA,NA,NA,NA,NA,NA
2022-2023,Arlington County,998,Northern Virginia,school,520,500,Kenmore Middle,52.104208416833664,NA,NA,NA,NA,NA,NA,NA,NA,NA
2022-2023,Arlington County,399,Northern Virginia,school,135,460,Long Branch Elementary,33.83458646616541,NA,NA,NA,NA,NA,NA,NA,NA,NA
2022-2023,Arlington County,499,Northern Virginia,school,138,627,Montessori Public School of Arlington,27.655310621242485,NA,NA,NA,NA,NA,NA,NA,NA,NA
2022-2023,Arlington County,409,Northern Virginia,school,20,410,Nottingham Elementary,4.88997555012225,NA,NA,NA,NA,NA,NA,NA,NA,NA
2022-2023,Arlington County,674,Northern Virginia,school,218,360,Oakridge Elementary,32.34421364985163,NA,NA,NA,NA,NA,NA,NA,NA,NA
2022-2023,Arlington County,407,Northern Virginia,school,187,510,Randolph Elementary,45.94594594594595,NA,NA,NA,NA,NA,NA,NA,NA,NA
2022-2023,Arlington County,936,Northern Virginia,school,188,240,Swanson Middle,20.085470085470085,NA,NA,NA,NA,NA,NA,NA,NA,NA
2022-2023,Arlington County,539,Northern Virginia,school,44,420,Taylor Elementary,8.16326530612245,NA,NA,NA,NA,NA,NA,NA,NA,NA
2022-2023,Arlington County,442,Northern Virginia,school,10,211,Tuckahoe Elementary,2.262443438914027,NA,NA,NA,NA,NA,NA,NA,NA,NA
2022-2023,Arlington County,2772,Northern Virginia,school,NA,450,Wakefield High,NA,NA,NA,NA,NA,NA,NA,NA,NA,NA
2022-2023,Arlington County,2717,Northern Virginia,school,764,80,Washington-Liberty High,28.11924917188075,NA,NA,NA,NA,NA,NA,NA,NA,NA
2022-2023,Arlington County,827,Northern Virginia,school,19,480,Williamsburg Middle,2.2974607013301087,NA,NA,NA,NA,NA,NA,NA,NA,NA
2022-2023,Arlington County,2577,Northern Virginia,school,354,330,Yorktown High,13.736903376018628,NA,NA,NA,NA,NA,NA,NA,NA,NA
2022-2023,Augusta County,597,Valley,school,260,212,Beverley Manor Middle,43.551088777219434,NA,NA,NA,NA,NA,NA,NA,NA,NA
2022-2023,Augusta County,435,Valley,school,168,660,Buffalo Gap High,38.62068965517241,NA,NA,NA,NA,NA,NA,NA,NA,NA
2022-2023,Augusta County,661,Valley,school,310,30,Cassell Elementary,46.89863842662632,NA,NA,NA,NA,NA,NA,NA,NA,NA
2022-2023,Augusta County,433,Valley,school,179,140,Churchville Elementary,41.339491916859124,NA,NA,NA,NA,NA,NA,NA,NA,NA
2022-2023,Augusta County,146,Valley,school,100,370,Craigsville Elementary,68.4931506849315,NA,NA,NA,NA,NA,NA,NA,NA,NA
2022-2023,Augusta County,775,Valley,school,377,842,Edward G. Clymore Elementary,48.645161290322584,NA,NA,NA,NA,NA,NA,NA,NA,NA
2022-2023,Augusta County,727,Valley,school,299,670,Fort Defiance High,41.12792297111417,NA,NA,NA,NA,NA,NA,NA,NA,NA
2022-2023,Augusta County,451,Valley,school,194,843,Guy K. Stump Elementary,43.01552106430155,NA,NA,NA,NA,NA,NA,NA,NA,NA
2022-2023,Augusta County,239,Valley,school,130,40,North River Elementary,54.39330543933054,NA,NA,NA,NA,NA,NA,NA,NA,NA
2022-2023,Augusta County,737,Valley,school,348,740,Riverheads Elementary,47.218453188602446,NA,NA,NA,NA,NA,NA,NA,NA,NA
2022-2023,Augusta County,464,Valley,school,179,680,Riverheads High,38.577586206896555,NA,NA,NA,NA,NA,NA,NA,NA,NA
2022-2023,Augusta County,502,Valley,school,236,90,S. Gordon Stewart Middle,47.01195219123506,NA,NA,NA,NA,NA,NA,NA,NA,NA
2022-2023,Augusta County,586,Valley,school,296,440,Stuarts Draft Elementary,50.51194539249146,NA,NA,NA,NA,NA,NA,NA,NA,NA
2022-2023,Augusta County,699,Valley,school,266,730,Stuarts Draft High,38.054363376251786,NA,NA,NA,NA,NA,NA,NA,NA,NA
2022-2023,Augusta County,488,Valley,school,225,60,Stuarts Draft Middle,46.10655737704918,NA,NA,NA,NA,NA,NA,NA,NA,NA
2022-2023,Augusta County,647,Valley,school,290,640,Wilson Elementary,44.822256568778975,NA,NA,NA,NA,NA,NA,NA,NA,NA
2022-2023,Augusta County,858,Valley,school,324,720,Wilson Memorial High,37.76223776223776,NA,NA,NA,NA,NA,NA,NA,NA,NA
2022-2023,Augusta County,632,Valley,school,298,844,Wilson Middle,47.151898734177216,NA,NA,NA,NA,NA,NA,NA,NA,NA
2022-2023,Bath County,184,Valley,school,89,140,Bath County High,48.369565217391305,NA,NA,NA,NA,NA,NA,NA,NA,NA
2022-2023,Bath County,145,Valley,school,76,120,Millboro Elementary,52.41379310344828,NA,NA,NA,NA,NA,NA,NA,NA,NA
2022-2023,Bath County,175,Valley,school,113,150,Valley Elementary,64.57142857142857,NA,NA,NA,NA,NA,NA,NA,NA,NA
2022-2023,Bedford County,431,Valley,school,281,480,Bedford Elementary,65.19721577726219,NA,NA,NA,NA,NA,NA,NA,NA,NA
2022-2023,Bedford County,293,Valley,school,195,1200,Bedford Primary,66.55290102389078,NA,NA,NA,NA,NA,NA,NA,NA,NA
2022-2023,Bedford County,149,Valley,school,75,30,Big Island Elementary,50.33557046979866,NA,NA,NA,NA,NA,NA,NA,NA,NA
2022-2023,Bedford County,332,Valley,school,90,160,Boonsboro Elementary,27.10843373493976,NA,NA,NA,NA,NA,NA,NA,NA,NA
2022-2023,Bedford County,351,Valley,school,57,500,Forest Elementary,16.23931623931624,NA,NA,NA,NA,NA,NA,NA,NA,NA
2022-2023,Bedford County,872,Valley,school,187,1211,Forest Middle,21.444954128440365,NA,NA,NA,NA,NA,NA,NA,NA,NA
2022-2023,Bedford County,495,Valley,school,241,1214,Goodview Elementary,48.68686868686869,NA,NA,NA,NA,NA,NA,NA,NA,NA
2022-2023,Bedford County,212,Valley,school,129,980,Huddleston Elementary,60.84905660377359,NA,NA,NA,NA,NA,NA,NA,NA,NA
2022-2023,Bedford County,1310,Valley,school,282,1212,Jefferson Forest High,21.52671755725191,NA,NA,NA,NA,NA,NA,NA,NA,NA
2022-2023,Bedford County,726,Valley,school,329,1180,Liberty High,45.3168044077135,NA,NA,NA,NA,NA,NA,NA,NA,NA
2022-2023,Bedford County,535,Valley,school,278,490,Liberty Middle,51.96261682242991,NA,NA,NA,NA,NA,NA,NA,NA,NA
2022-2023,Bedford County,242,Valley,school,109,970,Moneta Elementary,45.04132231404959,NA,NA,NA,NA,NA,NA,NA,NA,NA
2022-2023,Bedford County,253,Valley,school,150,180,Montvale Elementary,59.28853754940712,NA,NA,NA,NA,NA,NA,NA,NA,NA
2022-2023,Bedford County,333,Valley,school,90,610,New London Academy Elementary,27.027027027027028,NA,NA,NA,NA,NA,NA,NA,NA,NA
2022-2023,Bedford County,198,Valley,school,76,1170,Otter River Elementary,38.38383838383838,NA,NA,NA,NA,NA,NA,NA,NA,NA
2022-2023,Bedford County,890,Valley,school,399,1190,Staunton River High,44.831460674157306,NA,NA,NA,NA,NA,NA,NA,NA,NA
2022-2023,Bedford County,628,Valley,school,303,1191,Staunton River Middle,48.2484076433121,NA,NA,NA,NA,NA,NA,NA,NA,NA
2022-2023,Bedford County,330,Valley,school,204,640,Stewartsville Elementary,61.81818181818181,NA,NA,NA,NA,NA,NA,NA,NA,NA
2022-2023,Bedford County,510,Valley,school,134,1213,Thomas Jefferson Elementary,26.27450980392157,NA,NA,NA,NA,NA,NA,NA,NA,NA
2022-2023,Bland County,371,Southwest,school,198,250,Bland County Elementary,53.36927223719676,NA,NA,NA,NA,NA,NA,NA,NA,NA
2022-2023,Bland County,425,Southwest,school,193,260,Bland County High,45.41176470588235,NA,NA,NA,NA,NA,NA,NA,NA,NA
2022-2023,Botetourt County,195,Western Virginia,school,67,220,Breckinridge Elementary,34.35897435897436,NA,NA,NA,NA,NA,NA,NA,NA,NA
2022-2023,Botetourt County,312,Western Virginia,school,144,20,Buchanan Elementary,46.15384615384615,NA,NA,NA,NA,NA,NA,NA,NA,NA
2022-2023,Botetourt County,369,Western Virginia,school,154,420,Central Academy Middle,41.734417344173444,NA,NA,NA,NA,NA,NA,NA,NA,NA
2022-2023,Botetourt County,249,Western Virginia,school,82,390,Cloverdale Elementary,32.93172690763052,NA,NA,NA,NA,NA,NA,NA,NA,NA
2022-2023,Botetourt County,478,Western Virginia,school,189,400,Colonial Elementary,39.53974895397489,NA,NA,NA,NA,NA,NA,NA,NA,NA
2022-2023,Botetourt County,120,Western Virginia,school,60,30,Eagle Rock Elementary,50,NA,NA,NA,NA,NA,NA,NA,NA,NA
2022-2023,Botetourt County,426,Western Virginia,school,156,460,Greenfield Elementary,36.61971830985916,NA,NA,NA,NA,NA,NA,NA,NA,NA
2022-2023,Botetourt County,460,Western Virginia,school,145,430,James River High,31.521739130434785,NA,NA,NA,NA,NA,NA,NA,NA,NA
2022-2023,Botetourt County,981,Western Virginia,school,261,440,Lord Botetourt High,26.605504587155966,NA,NA,NA,NA,NA,NA,NA,NA,NA
2022-2023,Botetourt County,657,Western Virginia,school,224,450,Read Mountain Middle,34.09436834094368,NA,NA,NA,NA,NA,NA,NA,NA,NA
2022-2023,Botetourt County,247,Western Virginia,school,80,40,Troutville Elementary,32.388663967611336,NA,NA,NA,NA,NA,NA,NA,NA,NA
2022-2023,Bristol City,175,Southwest,school,114,60,Highland View Elementary,65.14285714285715,NA,NA,NA,NA,NA,NA,NA,NA,NA
2022-2023,Bristol City,417,Southwest,school,205,100,Joseph Van Pelt Elementary,49.16067146282973,NA,NA,NA,NA,NA,NA,NA,NA,NA
2022-2023,Bristol City,254,Southwest,school,111,70,Stonewall Jackson Elementary,43.7007874015748,NA,NA,NA,NA,NA,NA,NA,NA,NA
2022-2023,Bristol City,637,Southwest,school,382,80,Virginia High,59.968602825745684,NA,NA,NA,NA,NA,NA,NA,NA,NA
2022-2023,Bristol City,488,Southwest,school,339,10,Virginia Middle,69.4672131147541,NA,NA,NA,NA,NA,NA,NA,NA,NA
2022-2023,Bristol City,224,Southwest,school,132,90,Washington-Lee Elementary,58.92857142857143,NA,NA,NA,NA,NA,NA,NA,NA,NA
2022-2023,Brunswick County,426,Southside,school,296,650,Brunswick High,69.48356807511738,NA,NA,NA,NA,NA,NA,NA,NA,NA
2022-2023,Brunswick County,312,Southside,school,223,660,James S. Russell Middle,71.47435897435898,NA,NA,NA,NA,NA,NA,NA,NA,NA
2022-2023,Brunswick County,174,Southside,school,125,690,Meherrin Powellton Elementary,71.83908045977012,NA,NA,NA,NA,NA,NA,NA,NA,NA
2022-2023,Brunswick County,202,Southside,school,148,700,Red Oak-Sturgeon Elementary,73.26732673267327,NA,NA,NA,NA,NA,NA,NA,NA,NA
2022-2023,Brunswick County,291,Southside,school,231,720,Totaro Elementary,79.38144329896907,NA,NA,NA,NA,NA,NA,NA,NA,NA
2022-2023,Buchanan County,185,Southwest,school,142,90,Council Elementary/Middle,76.75675675675676,NA,NA,NA,NA,NA,NA,NA,NA,NA
2022-2023,Buchanan County,119,Southwest,school,79,1000,Council High,66.38655462184873,NA,NA,NA,NA,NA,NA,NA,NA,NA
2022-2023,Buchanan County,355,Southwest,school,193,990,Grundy High,54.3661971830986,NA,NA,NA,NA,NA,NA,NA,NA,NA
2022-2023,Buchanan County,357,Southwest,school,241,120,Hurley Elementary/Middle,67.50700280112045,NA,NA,NA,NA,NA,NA,NA,NA,NA
2022-2023,Buchanan County,216,Southwest,school,135,1020,Hurley High,62.5,NA,NA,NA,NA,NA,NA,NA,NA,NA
2022-2023,Buchanan County,750,Southwest,school,449,1040,Riverview Elementary/Middle,59.86666666666667,NA,NA,NA,NA,NA,NA,NA,NA,NA
2022-2023,Buchanan County,286,Southwest,school,192,1041,Twin Valley Elementary/Middle,67.13286713286713,NA,NA,NA,NA,NA,NA,NA,NA,NA
2022-2023,Buchanan County,194,Southwest,school,119,1042,Twin Valley High,61.34020618556701,NA,NA,NA,NA,NA,NA,NA,NA,NA
2022-2023,Buckingham County,417,Southside,school,280,724,Buckingham Co Elementary,67.14628297362111,NA,NA,NA,NA,NA,NA,NA,NA,NA
2022-2023,Buckingham County,100,Southside,school,56,20,Buckingham Co Prekindergarten Center,56.00000000000001,NA,NA,NA,NA,NA,NA,NA,NA,NA
2022-2023,Buckingham County,355,Southside,school,238,723,Buckingham Co Primary,67.04225352112675,NA,NA,NA,NA,NA,NA,NA,NA,NA
2022-2023,Buckingham County,654,Southside,school,385,700,Buckingham County High,58.86850152905198,NA,NA,NA,NA,NA,NA,NA,NA,NA
2022-2023,Buckingham County,466,Southside,school,302,721,Buckingham County Middle,64.8068669527897,NA,NA,NA,NA,NA,NA,NA,NA,NA
2022-2023,Buena Vista City,192,Valley,school,111,40,Enderly Heights Elementary,57.8125,NA,NA,NA,NA,NA,NA,NA,NA,NA
2022-2023,Buena Vista City,249,Valley,school,143,70,F.W. Kling Jr. Elementary,57.42971887550201,NA,NA,NA,NA,NA,NA,NA,NA,NA
2022-2023,Buena Vista City,330,Valley,school,153,62,Parry McCluer High,46.36363636363636,NA,NA,NA,NA,NA,NA,NA,NA,NA
2022-2023,Buena Vista City,119,Valley,school,68,61,Parry McCluer Middle,57.14285714285714,NA,NA,NA,NA,NA,NA,NA,NA,NA
2022-2023,Campbell County,500,Valley,school,302,560,Altavista Elementary,60.4,NA,NA,NA,NA,NA,NA,NA,NA,NA
2022-2023,Campbell County,669,Valley,school,349,200,Altavista High,52.167414050822124,NA,NA,NA,NA,NA,NA,NA,NA,NA
2022-2023,Campbell County,411,Valley,school,273,650,Brookneal Elementary,66.42335766423358,NA,NA,NA,NA,NA,NA,NA,NA,NA
2022-2023,Campbell County,971,Valley,school,368,720,Brookville High,37.899073120494336,NA,NA,NA,NA,NA,NA,NA,NA,NA
2022-2023,Campbell County,715,Valley,school,297,20,Brookville Middle,41.53846153846154,NA,NA,NA,NA,NA,NA,NA,NA,NA
2022-2023,Campbell County,432,Valley,school,193,130,Concord Elementary,44.675925925925924,NA,NA,NA,NA,NA,NA,NA,NA,NA
2022-2023,Campbell County,625,Valley,school,293,690,Leesville Road Elementary,46.88,NA,NA,NA,NA,NA,NA,NA,NA,NA
2022-2023,Campbell County,461,Valley,school,268,821,Rustburg Elementary,58.13449023861171,NA,NA,NA,NA,NA,NA,NA,NA,NA
2022-2023,Campbell County,828,Valley,school,340,222,Rustburg High,41.06280193236715,NA,NA,NA,NA,NA,NA,NA,NA,NA
2022-2023,Campbell County,606,Valley,school,301,211,Rustburg Middle,49.66996699669967,NA,NA,NA,NA,NA,NA,NA,NA,NA
2022-2023,Campbell County,685,Valley,school,317,60,Tomahawk Elementary,46.277372262773724,NA,NA,NA,NA,NA,NA,NA,NA,NA
2022-2023,Campbell County,397,Valley,school,233,542,William Campbell High,58.69017632241813,NA,NA,NA,NA,NA,NA,NA,NA,NA
2022-2023,Campbell County,573,Valley,school,299,710,Yellow Branch Elementary,52.18150087260035,NA,NA,NA,NA,NA,NA,NA,NA,NA
2022-2023,Caroline County,757,Northern Neck,school,446,620,Bowling Green Elementary,58.91677675033024,NA,NA,NA,NA,NA,NA,NA,NA,NA
2022-2023,Caroline County,1251,Northern Neck,school,594,460,Caroline High,47.482014388489205,NA,NA,NA,NA,NA,NA,NA,NA,NA
2022-2023,Caroline County,973,Northern Neck,school,491,450,Caroline Middle,50.46248715313464,NA,NA,NA,NA,NA,NA,NA,NA,NA
2022-2023,Caroline County,890,Northern Neck,school,385,9020,Lewis and Clark Elementary,43.258426966292134,NA,NA,NA,NA,NA,NA,NA,NA,NA
2022-2023,Caroline County,466,Northern Neck,school,251,630,Madison Elementary,53.862660944206006,NA,NA,NA,NA,NA,NA,NA,NA,NA
2022-2023,Carroll County,1071,Southwest,school,525,1230,Carroll County High,49.01960784313725,NA,NA,NA,NA,NA,NA,NA,NA,NA
2022-2023,Carroll County,756,Southwest,school,431,450,Carroll County Middle,57.01058201058201,NA,NA,NA,NA,NA,NA,NA,NA,NA
2022-2023,Carroll County,127,Southwest,school,68,1180,Fancy Gap Elementary,53.54330708661418,NA,NA,NA,NA,NA,NA,NA,NA,NA
2022-2023,Carroll County,106,Southwest,school,60,1150,Gladesboro Elementary,56.60377358490566,NA,NA,NA,NA,NA,NA,NA,NA,NA
2022-2023,Carroll County,267,Southwest,school,173,1210,Gladeville Elementary,64.7940074906367,NA,NA,NA,NA,NA,NA,NA,NA,NA
2022-2023,Carroll County,472,Southwest,school,255,1170,Hillsville Elementary,54.02542372881356,NA,NA,NA,NA,NA,NA,NA,NA,NA
2022-2023,Carroll County,225,Southwest,school,135,1160,Laurel Elementary,60,NA,NA,NA,NA,NA,NA,NA,NA,NA
2022-2023,Carroll County,180,Southwest,school,115,1130,Oakland Elementary,63.888888888888886,NA,NA,NA,NA,NA,NA,NA,NA,NA
2022-2023,Carroll County,303,Southwest,school,213,1110,St. Paul,70.29702970297029,NA,NA,NA,NA,NA,NA,NA,NA,NA
2022-2023,Charles City County,315,Central Virginia,school,203,80,Charles City County Elementary,64.44444444444444,NA,NA,NA,NA,NA,NA,NA,NA,NA
2022-2023,Charles City County,247,Central Virginia,school,151,100,Charles City County High,61.1336032388664,NA,NA,NA,NA,NA,NA,NA,NA,NA
2022-2023,Charlotte County,169,Southside,school,101,470,Bacon District Elementary,59.76331360946746,NA,NA,NA,NA,NA,NA,NA,NA,NA
2022-2023,Charlotte County,370,Southside,school,188,210,Central Middle,50.810810810810814,NA,NA,NA,NA,NA,NA,NA,NA,NA
2022-2023,Charlotte County,425,Southside,school,245,100,Eureka Elementary,57.647058823529406,NA,NA,NA,NA,NA,NA,NA,NA,NA
2022-2023,Charlotte County,226,Southside,school,126,450,Phenix Elementary,55.75221238938053,NA,NA,NA,NA,NA,NA,NA,NA,NA
2022-2023,Charlotte County,478,Southside,school,247,460,Randolph-Henry High,51.67364016736402,NA,NA,NA,NA,NA,NA,NA,NA,NA
2022-2023,Charlottesville City,583,Valley,school,350,100,Buford Middle,60.03430531732419,NA,NA,NA,NA,NA,NA,NA,NA,NA
2022-2023,Charlottesville City,289,Valley,school,121,70,Burnley-Moran Elementary,41.86851211072664,NA,NA,NA,NA,NA,NA,NA,NA,NA
2022-2023,Charlottesville City,1362,Valley,school,661,140,Charlottesville High,48.53157121879589,NA,NA,NA,NA,NA,NA,NA,NA,NA
2022-2023,Charlottesville City,353,Valley,school,270,50,Clark Elementary,76.48725212464589,NA,NA,NA,NA,NA,NA,NA,NA,NA
2022-2023,Charlottesville City,315,Valley,school,139,90,Greenbrier Elementary,44.12698412698413,NA,NA,NA,NA,NA,NA,NA,NA,NA
2022-2023,Charlottesville City,344,Valley,school,213,120,Jackson-Via Elementary,61.91860465116279,NA,NA,NA,NA,NA,NA,NA,NA,NA
2022-2023,Charlottesville City,322,Valley,school,177,10,Johnson Elementary,54.96894409937888,NA,NA,NA,NA,NA,NA,NA,NA,NA
2022-2023,Charlottesville City,306,Valley,school,135,40,Venable Elementary,44.11764705882353,NA,NA,NA,NA,NA,NA,NA,NA,NA
2022-2023,Charlottesville City,617,Valley,school,338,110,Walker Upper Elementary,54.78119935170178,NA,NA,NA,NA,NA,NA,NA,NA,NA
2022-2023,Chesapeake City,897,Tidewater,school,441,630,B.M. Williams Primary,49.163879598662206,NA,NA,NA,NA,NA,NA,NA,NA,NA
2022-2023,Chesapeake City,617,Tidewater,school,75,860,Butts Road Intermediate,12.155591572123177,NA,NA,NA,NA,NA,NA,NA,NA,NA
2022-2023,Chesapeake City,545,Tidewater,school,75,770,Butts Road Primary,13.761467889908257,NA,NA,NA,NA,NA,NA,NA,NA,NA
2022-2023,Chesapeake City,498,Tidewater,school,335,90,Camelot Elementary,67.26907630522089,NA,NA,NA,NA,NA,NA,NA,NA,NA
2022-2023,Chesapeake City,925,Tidewater,school,155,900,Cedar Road Elementary,16.756756756756758,NA,NA,NA,NA,NA,NA,NA,NA,NA
2022-2023,Chesapeake City,708,Tidewater,school,425,700,Crestwood Intermediate,60.02824858757062,NA,NA,NA,NA,NA,NA,NA,NA,NA
2022-2023,Chesapeake City,554,Tidewater,school,334,560,Crestwood Middle,60.28880866425993,NA,NA,NA,NA,NA,NA,NA,NA,NA
2022-2023,Chesapeake City,898,Tidewater,school,238,660,Deep Creek Central Elementary,26.50334075723831,NA,NA,NA,NA,NA,NA,NA,NA,NA
2022-2023,Chesapeake City,764,Tidewater,school,366,210,Deep Creek Elementary,47.90575916230366,NA,NA,NA,NA,NA,NA,NA,NA,NA
2022-2023,Chesapeake City,1601,Tidewater,school,791,100,Deep Creek High,49.40662086196127,NA,NA,NA,NA,NA,NA,NA,NA,NA
2022-2023,Chesapeake City,770,Tidewater,school,381,610,Deep Creek Middle,49.48051948051948,NA,NA,NA,NA,NA,NA,NA,NA,NA
2022-2023,Chesapeake City,805,Tidewater,school,156,640,Edwin W. Chittum Elementary,19.37888198757764,NA,NA,NA,NA,NA,NA,NA,NA,NA
2022-2023,Chesapeake City,425,Tidewater,school,316,720,G.A. Treakle Elementary,74.3529411764706,NA,NA,NA,NA,NA,NA,NA,NA,NA
2022-2023,Chesapeake City,552,Tidewater,school,377,50,George W. Carver Intermediate,68.29710144927536,NA,NA,NA,NA,NA,NA,NA,NA,NA
2022-2023,Chesapeake City,780,Tidewater,school,475,820,Georgetown Primary,60.89743589743589,NA,NA,NA,NA,NA,NA,NA,NA,NA
2022-2023,Chesapeake City,1352,Tidewater,school,257,950,Grassfield Elementary,19.00887573964497,NA,NA,NA,NA,NA,NA,NA,NA,NA
2022-2023,Chesapeake City,2320,Tidewater,school,411,960,Grassfield High,17.71551724137931,NA,NA,NA,NA,NA,NA,NA,NA,NA
2022-2023,Chesapeake City,1625,Tidewater,school,428,120,Great Bridge High,26.338461538461537,NA,NA,NA,NA,NA,NA,NA,NA,NA
2022-2023,Chesapeake City,698,Tidewater,school,144,850,Great Bridge Intermediate,20.630372492836678,NA,NA,NA,NA,NA,NA,NA,NA,NA
2022-2023,Chesapeake City,1225,Tidewater,school,213,590,Great Bridge Middle,17.387755102040817,NA,NA,NA,NA,NA,NA,NA,NA,NA
2022-2023,Chesapeake City,701,Tidewater,school,134,680,Great Bridge Primary,19.115549215406563,NA,NA,NA,NA,NA,NA,NA,NA,NA
2022-2023,Chesapeake City,608,Tidewater,school,257,870,Greenbrier Intermediate,42.26973684210527,NA,NA,NA,NA,NA,NA,NA,NA,NA
2022-2023,Chesapeake City,829,Tidewater,school,386,972,Greenbrier Middle,46.562123039807,NA,NA,NA,NA,NA,NA,NA,NA,NA
2022-2023,Chesapeake City,676,Tidewater,school,275,140,Greenbrier Primary,40.680473372781066,NA,NA,NA,NA,NA,NA,NA,NA,NA
2022-2023,Chesapeake City,585,Tidewater,school,122,340,Hickory Elementary,20.854700854700855,NA,NA,NA,NA,NA,NA,NA,NA,NA
2022-2023,Chesapeake City,1583,Tidewater,school,190,890,Hickory High,12.002526847757423,NA,NA,NA,NA,NA,NA,NA,NA,NA
2022-2023,Chesapeake City,1336,Tidewater,school,214,280,Hickory Middle,16.017964071856287,NA,NA,NA,NA,NA,NA,NA,NA,NA
2022-2023,Chesapeake City,1315,Tidewater,school,426,920,Hugo A. Owens Middle,32.39543726235741,NA,NA,NA,NA,NA,NA,NA,NA,NA
2022-2023,Chesapeake City,1708,Tidewater,school,929,830,Indian River High,54.39110070257611,NA,NA,NA,NA,NA,NA,NA,NA,NA
2022-2023,Chesapeake City,737,Tidewater,school,483,710,Indian River Middle,65.5359565807327,NA,NA,NA,NA,NA,NA,NA,NA,NA
2022-2023,Chesapeake City,702,Tidewater,school,313,973,Jolliff Middle,44.58689458689459,NA,NA,NA,NA,NA,NA,NA,NA,NA
2022-2023,Chesapeake City,284,Tidewater,school,151,160,Norfolk Highlands Primary,53.16901408450704,NA,NA,NA,NA,NA,NA,NA,NA,NA
2022-2023,Chesapeake City,2296,Tidewater,school,NA,80,Oscar F. Smith High,NA,NA,NA,NA,NA,NA,NA,NA,NA,NA
2022-2023,Chesapeake City,961,Tidewater,school,741,10,Oscar Smith Middle,77.10718002081165,NA,NA,NA,NA,NA,NA,NA,NA,NA
2022-2023,Chesapeake City,541,Tidewater,school,352,730,Portlock Primary,65.06469500924214,NA,NA,NA,NA,NA,NA,NA,NA,NA
2022-2023,Chesapeake City,273,Tidewater,school,199,200,Rena B. Wright Primary,72.89377289377289,NA,NA,NA,NA,NA,NA,NA,NA,NA
2022-2023,Chesapeake City,837,Tidewater,school,150,620,Southeastern Elementary,17.921146953405017,NA,NA,NA,NA,NA,NA,NA,NA,NA
2022-2023,Chesapeake City,544,Tidewater,school,363,600,Southwestern Elementary,66.72794117647058,NA,NA,NA,NA,NA,NA,NA,NA,NA
2022-2023,Chesapeake City,478,Tidewater,school,311,750,Sparrow Road Intermediate,65.06276150627615,NA,NA,NA,NA,NA,NA,NA,NA,NA
2022-2023,Chesapeake City,436,Tidewater,school,363,40,Thurgood Marshall Elementary,83.25688073394495,NA,NA,NA,NA,NA,NA,NA,NA,NA
2022-2023,Chesapeake City,259,Tidewater,school,206,971,Truitt Intermediate,79.53667953667953,NA,NA,NA,NA,NA,NA,NA,NA,NA
2022-2023,Chesapeake City,2122,Tidewater,school,872,840,Western Branch High,41.0933081998115,NA,NA,NA,NA,NA,NA,NA,NA,NA
2022-2023,Chesapeake City,749,Tidewater,school,380,810,Western Branch Intermediate,50.734312416555404,NA,NA,NA,NA,NA,NA,NA,NA,NA
2022-2023,Chesapeake City,889,Tidewater,school,397,740,Western Branch Middle,44.65691788526434,NA,NA,NA,NA,NA,NA,NA,NA,NA
2022-2023,Chesapeake City,813,Tidewater,school,358,110,Western Branch Primary,44.03444034440344,NA,NA,NA,NA,NA,NA,NA,NA,NA
2022-2023,Chesterfield County,739,Central Virginia,school,424,620,A.M. Davis Elementary,57.37483085250338,NA,NA,NA,NA,NA,NA,NA,NA,NA
2022-2023,Chesterfield County,626,Central Virginia,school,213,861,Alberta Smith Elementary,34.025559105431306,NA,NA,NA,NA,NA,NA,NA,NA,NA
2022-2023,Chesterfield County,1462,Central Virginia,school,481,631,Bailey Bridge Middle,32.90013679890561,NA,NA,NA,NA,NA,NA,NA,NA,NA
2022-2023,Chesterfield County,467,Central Virginia,school,321,660,Bellwood Elementary,68.73661670235546,NA,NA,NA,NA,NA,NA,NA,NA,NA
2022-2023,Chesterfield County,582,Central Virginia,school,374,430,Bensley Elementary,64.26116838487972,NA,NA,NA,NA,NA,NA,NA,NA,NA
2022-2023,Chesterfield County,609,Central Virginia,school,23,510,Bettie Weaver Elementary,3.776683087027915,NA,NA,NA,NA,NA,NA,NA,NA,NA
2022-2023,Chesterfield County,989,Central Virginia,school,531,130,Beulah Elementary,53.69059656218403,NA,NA,NA,NA,NA,NA,NA,NA,NA
2022-2023,Chesterfield County,578,Central Virginia,school,236,20,Bon Air Elementary,40.830449826989614,NA,NA,NA,NA,NA,NA,NA,NA,NA
2022-2023,Chesterfield County,589,Central Virginia,school,286,50,C.C. Wells Elementary,48.55687606112054,NA,NA,NA,NA,NA,NA,NA,NA,NA
2022-2023,Chesterfield County,727,Central Virginia,school,383,492,C.E. Curtis Elementary,52.68225584594223,NA,NA,NA,NA,NA,NA,NA,NA,NA
2022-2023,Chesterfield County,249,Central Virginia,school,155,30,Carver College and Career Academy,62.24899598393574,NA,NA,NA,NA,NA,NA,NA,NA,NA
2022-2023,Chesterfield County,1023,Central Virginia,school,553,420,Carver Middle,54.05669599217986,NA,NA,NA,NA,NA,NA,NA,NA,NA
2022-2023,Chesterfield County,367,Central Virginia,school,311,33,Chester Early Childhood Learning Academy,84.74114441416893,NA,NA,NA,NA,NA,NA,NA,NA,NA
2022-2023,Chesterfield County,857,Central Virginia,school,59,93,Chesterfield Virtual School,6.884480746791131,NA,NA,NA,NA,NA,NA,NA,NA,NA
2022-2023,Chesterfield County,842,Central Virginia,school,257,150,Clover Hill Elementary,30.522565320665084,NA,NA,NA,NA,NA,NA,NA,NA,NA
2022-2023,Chesterfield County,1775,Central Virginia,school,522,740,Clover Hill High,29.408450704225352,NA,NA,NA,NA,NA,NA,NA,NA,NA
2022-2023,Chesterfield County,2387,Central Virginia,school,333,840,Cosby High,13.950565563468789,NA,NA,NA,NA,NA,NA,NA,NA,NA
2022-2023,Chesterfield County,580,Central Virginia,school,258,560,Crestwood Elementary,44.48275862068966,NA,NA,NA,NA,NA,NA,NA,NA,NA
2022-2023,Chesterfield County,730,Central Virginia,school,363,480,Ecoff Elementary,49.726027397260275,NA,NA,NA,NA,NA,NA,NA,NA,NA
2022-2023,Chesterfield County,1340,Central Virginia,school,599,870,Elizabeth Davis Middle,44.70149253731343,NA,NA,NA,NA,NA,NA,NA,NA,NA
2022-2023,Chesterfield County,781,Central Virginia,school,410,850,Elizabeth Scott Elementary,52.496798975672206,NA,NA,NA,NA,NA,NA,NA,NA,NA
2022-2023,Chesterfield County,781,Central Virginia,school,338,390,Enon Elementary,43.27784891165173,NA,NA,NA,NA,NA,NA,NA,NA,NA
2022-2023,Chesterfield County,500,Central Virginia,school,366,350,Ettrick Elementary,73.2,NA,NA,NA,NA,NA,NA,NA,NA,NA
2022-2023,Chesterfield County,811,Central Virginia,school,242,300,Evergreen Elementary,29.839704069050555,NA,NA,NA,NA,NA,NA,NA,NA,NA
2022-2023,Chesterfield County,835,Central Virginia,school,548,590,Falling Creek Elementary,65.62874251497006,NA,NA,NA,NA,NA,NA,NA,NA,NA
2022-2023,Chesterfield County,1421,Central Virginia,school,903,670,Falling Creek Middle,63.54679802955665,NA,NA,NA,NA,NA,NA,NA,NA,NA
2022-2023,Chesterfield County,748,Central Virginia,school,103,180,Grange Hall Elementary,13.770053475935828,NA,NA,NA,NA,NA,NA,NA,NA,NA
2022-2023,Chesterfield County,462,Central Virginia,school,146,70,Greenfield Elementary,31.601731601731604,NA,NA,NA,NA,NA,NA,NA,NA,NA
2022-2023,Chesterfield County,445,Central Virginia,school,283,460,Harrowgate Elementary,63.59550561797753,NA,NA,NA,NA,NA,NA,NA,NA,NA
2022-2023,Chesterfield County,773,Central Virginia,school,461,60,Hopkins Road Elementary,59.637774902975416,NA,NA,NA,NA,NA,NA,NA,NA,NA
2022-2023,Chesterfield County,842,Central Virginia,school,602,550,J.A. Chalkley Elementary,71.49643705463184,NA,NA,NA,NA,NA,NA,NA,NA,NA
2022-2023,Chesterfield County,814,Central Virginia,school,125,650,J.B. Watkins Elementary,15.356265356265355,NA,NA,NA,NA,NA,NA,NA,NA,NA
2022-2023,Chesterfield County,819,Central Virginia,school,447,500,J.G. Hening Elementary,54.57875457875458,NA,NA,NA,NA,NA,NA,NA,NA,NA
2022-2023,Chesterfield County,717,Central Virginia,school,320,400,Jacobs Road Elementary,44.63040446304045,NA,NA,NA,NA,NA,NA,NA,NA,NA
2022-2023,Chesterfield County,1929,Central Virginia,school,600,770,James River High,31.104199066874028,NA,NA,NA,NA,NA,NA,NA,NA,NA
2022-2023,Chesterfield County,2033,Central Virginia,school,961,10,Lloyd C. Bird High,47.270044269552386,NA,NA,NA,NA,NA,NA,NA,NA,NA
2022-2023,Chesterfield County,2196,Central Virginia,school,799,632,Manchester High,36.38433515482696,NA,NA,NA,NA,NA,NA,NA,NA,NA
2022-2023,Chesterfield County,1103,Central Virginia,school,524,600,Manchester Middle,47.50679963735268,NA,NA,NA,NA,NA,NA,NA,NA,NA
2022-2023,Chesterfield County,592,Central Virginia,school,357,780,Marguerite F. Christian Elementary,60.304054054054056,NA,NA,NA,NA,NA,NA,NA,NA,NA
2022-2023,Chesterfield County,619,Central Virginia,school,299,370,Matoaca Elementary,48.30371567043619,NA,NA,NA,NA,NA,NA,NA,NA,NA
2022-2023,Chesterfield County,1637,Central Virginia,school,613,530,Matoaca High,37.446548564447156,NA,NA,NA,NA,NA,NA,NA,NA,NA
2022-2023,Chesterfield County,865,Central Virginia,school,397,110,Matoaca Middle,45.895953757225435,NA,NA,NA,NA,NA,NA,NA,NA,NA
2022-2023,Chesterfield County,2033,Central Virginia,school,NA,580,Meadowbrook High,NA,NA,NA,NA,NA,NA,NA,NA,NA,NA
2022-2023,Chesterfield County,2045,Central Virginia,school,278,320,Midlothian High,13.594132029339853,NA,NA,NA,NA,NA,NA,NA,NA,NA
2022-2023,Chesterfield County,1368,Central Virginia,school,195,40,Midlothian Middle,14.25438596491228,NA,NA,NA,NA,NA,NA,NA,NA,NA
2022-2023,Chesterfield County,1632,Central Virginia,school,548,280,Monacan High,33.57843137254902,NA,NA,NA,NA,NA,NA,NA,NA,NA
2022-2023,Chesterfield County,894,Central Virginia,school,58,92,Moseley Elementary,6.487695749440715,NA,NA,NA,NA,NA,NA,NA,NA,NA
2022-2023,Chesterfield County,563,Central Virginia,school,202,360,O.B. Gates Elementary,35.879218472468914,NA,NA,NA,NA,NA,NA,NA,NA,NA
2022-2023,Chesterfield County,997,Central Virginia,school,117,90,Old Hundred Elementary,11.735205616850552,NA,NA,NA,NA,NA,NA,NA,NA,NA
2022-2023,Chesterfield County,640,Central Virginia,school,329,380,Providence Elementary,51.40625,NA,NA,NA,NA,NA,NA,NA,NA,NA
2022-2023,Chesterfield County,1069,Central Virginia,school,604,690,Providence Middle,56.50140318054257,NA,NA,NA,NA,NA,NA,NA,NA,NA
2022-2023,Chesterfield County,564,Central Virginia,school,291,700,Reams Road Elementary,51.59574468085106,NA,NA,NA,NA,NA,NA,NA,NA,NA
2022-2023,Chesterfield County,662,Central Virginia,school,135,730,Robious Elementary,20.39274924471299,NA,NA,NA,NA,NA,NA,NA,NA,NA
2022-2023,Chesterfield County,1129,Central Virginia,school,294,760,Robious Middle,26.04074402125775,NA,NA,NA,NA,NA,NA,NA,NA,NA
2022-2023,Chesterfield County,483,Central Virginia,school,300,720,Salem Church Elementary,62.11180124223602,NA,NA,NA,NA,NA,NA,NA,NA,NA
2022-2023,Chesterfield County,911,Central Virginia,school,509,722,Salem Church Middle,55.87266739846323,NA,NA,NA,NA,NA,NA,NA,NA,NA
2022-2023,Chesterfield County,872,Central Virginia,school,194,800,Spring Run Elementary,22.24770642201835,NA,NA,NA,NA,NA,NA,NA,NA,NA
2022-2023,Chesterfield County,708,Central Virginia,school,185,340,Swift Creek Elementary,26.129943502824858,NA,NA,NA,NA,NA,NA,NA,NA,NA
2022-2023,Chesterfield County,1115,Central Virginia,school,304,270,Swift Creek Middle,27.264573991031387,NA,NA,NA,NA,NA,NA,NA,NA,NA
2022-2023,Chesterfield County,651,Central Virginia,school,297,410,Thelma Crenshaw Elementary,45.622119815668206,NA,NA,NA,NA,NA,NA,NA,NA,NA
2022-2023,Chesterfield County,2562,Central Virginia,school,NA,610,Thomas Dale High,NA,NA,NA,NA,NA,NA,NA,NA,NA,NA
2022-2023,Chesterfield County,1682,Central Virginia,school,251,880,Tomahawk Creek Middle,14.922711058263971,NA,NA,NA,NA,NA,NA,NA,NA,NA
2022-2023,Chesterfield County,577,Central Virginia,school,88,290,W.W. Gordon Elementary,15.251299826689774,NA,NA,NA,NA,NA,NA,NA,NA,NA
2022-2023,Chesterfield County,760,Central Virginia,school,109,860,Winterpock Elementary,14.342105263157896,NA,NA,NA,NA,NA,NA,NA,NA,NA
2022-2023,Chesterfield County,804,Central Virginia,school,68,440,Woolridge Elementary,8.45771144278607,NA,NA,NA,NA,NA,NA,NA,NA,NA
2022-2023,Clarke County,311,Northern Virginia,school,116,250,Boyce Elementary,37.29903536977492,NA,NA,NA,NA,NA,NA,NA,NA,NA
2022-2023,Clarke County,694,Northern Virginia,school,185,10,Clarke County High,26.65706051873199,NA,NA,NA,NA,NA,NA,NA,NA,NA
2022-2023,Clarke County,463,Northern Virginia,school,143,290,D.G. Cooley Elementary,30.885529157667385,NA,NA,NA,NA,NA,NA,NA,NA,NA
2022-2023,Clarke County,426,Northern Virginia,school,123,280,Johnson-Williams Middle,28.87323943661972,NA,NA,NA,NA,NA,NA,NA,NA,NA
2022-2023,Colonial Beach,360,Northern Neck,school,191,22,Colonial Beach Elementary,53.05555555555556,NA,NA,NA,NA,NA,NA,NA,NA,NA
2022-2023,Colonial Beach,214,Northern Neck,school,106,21,Colonial Beach High,49.532710280373834,NA,NA,NA,NA,NA,NA,NA,NA,NA
2022-2023,Colonial Heights City,876,Central Virginia,school,449,40,Colonial Heights High,51.25570776255708,NA,NA,NA,NA,NA,NA,NA,NA,NA
2022-2023,Colonial Heights City,598,Central Virginia,school,343,20,Colonial Heights Middle,57.35785953177257,NA,NA,NA,NA,NA,NA,NA,NA,NA
2022-2023,Colonial Heights City,415,Central Virginia,school,269,50,Lakeview Elementary,64.81927710843374,NA,NA,NA,NA,NA,NA,NA,NA,NA
2022-2023,Colonial Heights City,331,Central Virginia,school,236,30,North Elementary,71.29909365558912,NA,NA,NA,NA,NA,NA,NA,NA,NA
2022-2023,Colonial Heights City,623,Central Virginia,school,340,60,Tussing Elementary,54.574638844301774,NA,NA,NA,NA,NA,NA,NA,NA,NA
2022-2023,Craig County,265,Western Virginia,school,123,11,Craig County High,46.41509433962264,NA,NA,NA,NA,NA,NA,NA,NA,NA
2022-2023,Craig County,211,Western Virginia,school,124,10,McCleary Elementary,58.767772511848335,NA,NA,NA,NA,NA,NA,NA,NA,NA
2022-2023,Culpeper County,545,Northern Virginia,school,229,240,A.G. Richardson Elementary,42.018348623853214,NA,NA,NA,NA,NA,NA,NA,NA,NA
2022-2023,Culpeper County,1224,Northern Virginia,school,544,480,Culpeper County High,44.44444444444444,NA,NA,NA,NA,NA,NA,NA,NA,NA
2022-2023,Culpeper County,1066,Northern Virginia,school,529,20,Culpeper Middle,49.62476547842402,NA,NA,NA,NA,NA,NA,NA,NA,NA
2022-2023,Culpeper County,1558,Northern Virginia,school,708,50,Eastern View High,45.442875481386395,NA,NA,NA,NA,NA,NA,NA,NA,NA
2022-2023,Culpeper County,699,Northern Virginia,school,255,450,Emerald Hill Elementary,36.48068669527897,NA,NA,NA,NA,NA,NA,NA,NA,NA
2022-2023,Culpeper County,486,Northern Virginia,school,297,470,Farmington Elementary,61.111111111111114,NA,NA,NA,NA,NA,NA,NA,NA,NA
2022-2023,Culpeper County,779,Northern Virginia,school,412,581,Floyd T. Binns Middle,52.88831835686778,NA,NA,NA,NA,NA,NA,NA,NA,NA
2022-2023,Culpeper County,3,Northern Virginia,school,NA,582,Galbreath-Marshall Building,NA,NA,NA,NA,NA,NA,NA,NA,NA,NA
2022-2023,Culpeper County,632,Northern Virginia,school,351,10,Pearl Sample Elementary,55.5379746835443,NA,NA,NA,NA,NA,NA,NA,NA,NA
2022-2023,Culpeper County,695,Northern Virginia,school,418,460,Sycamore Park Elementary,60.143884892086334,NA,NA,NA,NA,NA,NA,NA,NA,NA
2022-2023,Culpeper County,666,Northern Virginia,school,319,40,Yowell Elementary,47.8978978978979,NA,NA,NA,NA,NA,NA,NA,NA,NA
2022-2023,Cumberland County,541,Southside,school,232,140,Cumberland Elementary,42.883548983364136,NA,NA,NA,NA,NA,NA,NA,NA,NA
2022-2023,Cumberland County,390,Southside,school,205,151,Cumberland High,52.56410256410257,NA,NA,NA,NA,NA,NA,NA,NA,NA
2022-2023,Cumberland County,352,Southside,school,201,152,Cumberland Middle,57.10227272727273,NA,NA,NA,NA,NA,NA,NA,NA,NA
2022-2023,Danville City,518,Western Virginia,school,443,490,Edwin A. Gibson Elementary,85.52123552123551,NA,NA,NA,NA,NA,NA,NA,NA,NA
2022-2023,Danville City,209,Western Virginia,school,128,20,Forest Hills Elementary,61.24401913875598,NA,NA,NA,NA,NA,NA,NA,NA,NA
2022-2023,Danville City,545,Western Virginia,school,473,190,G.L.H. Johnson Elementary,86.78899082568807,NA,NA,NA,NA,NA,NA,NA,NA,NA
2022-2023,Danville City,258,Western Virginia,school,127,1374,Galileo Magnet High,49.224806201550386,NA,NA,NA,NA,NA,NA,NA,NA,NA
2022-2023,Danville City,1309,Western Virginia,school,NA,210,George Washington High,NA,NA,NA,NA,NA,NA,NA,NA,NA,NA
2022-2023,Danville City,120,Western Virginia,school,96,200,Grove Park Preschool,80,NA,NA,NA,NA,NA,NA,NA,NA,NA
2022-2023,Danville City,679,Western Virginia,school,548,260,O. Trent Bonner Middle,80.70692194403534,NA,NA,NA,NA,NA,NA,NA,NA,NA
2022-2023,Danville City,366,Western Virginia,school,297,250,Park Avenue Elementary,81.14754098360656,NA,NA,NA,NA,NA,NA,NA,NA,NA
2022-2023,Danville City,37,Western Virginia,school,37,139,R.I.S.E Academy at the John M. Langston Campus,100,NA,NA,NA,NA,NA,NA,NA,NA,NA
2022-2023,Danville City,500,Western Virginia,school,438,40,Schoolfield Elementary,87.6,NA,NA,NA,NA,NA,NA,NA,NA,NA
2022-2023,Danville City,141,Western Virginia,school,120,30,The Northside Preschool,85.1063829787234,NA,NA,NA,NA,NA,NA,NA,NA,NA
2022-2023,Danville City,609,Western Virginia,school,507,1372,Westwood Middle,83.2512315270936,NA,NA,NA,NA,NA,NA,NA,NA,NA
2022-2023,Danville City,394,Western Virginia,school,355,220,Woodberry Hills Elementary,90.1015228426396,NA,NA,NA,NA,NA,NA,NA,NA,NA
2022-2023,Dickenson County,425,Southwest,school,276,20,Clintwood Elementary,64.94117647058823,NA,NA,NA,NA,NA,NA,NA,NA,NA
2022-2023,Dickenson County,113,Southwest,school,90,530,Ervinton Elementary,79.64601769911505,NA,NA,NA,NA,NA,NA,NA,NA,NA
2022-2023,Dickenson County,592,Southwest,school,337,275,Ridgeview High,56.92567567567568,NA,NA,NA,NA,NA,NA,NA,NA,NA
2022-2023,Dickenson County,440,Southwest,school,261,280,Ridgeview Middle,59.31818181818181,NA,NA,NA,NA,NA,NA,NA,NA,NA
2022-2023,Dickenson County,376,Southwest,school,252,860,Sandlick Elementary,67.02127659574468,NA,NA,NA,NA,NA,NA,NA,NA,NA
2022-2023,Dinwiddie County,1290,Central Virginia,school,662,500,Dinwiddie County High,51.31782945736434,NA,NA,NA,NA,NA,NA,NA,NA,NA
2022-2023,Dinwiddie County,959,Central Virginia,school,569,471,Dinwiddie County Middle,59.33263816475496,NA,NA,NA,NA,NA,NA,NA,NA,NA
2022-2023,Dinwiddie County,338,Central Virginia,school,199,310,Dinwiddie Elementary,58.875739644970416,NA,NA,NA,NA,NA,NA,NA,NA,NA
2022-2023,Dinwiddie County,346,Central Virginia,school,146,250,Midway Elementary,42.19653179190752,NA,NA,NA,NA,NA,NA,NA,NA,NA
2022-2023,Dinwiddie County,523,Central Virginia,school,342,10,Southside Elementary,65.39196940726578,NA,NA,NA,NA,NA,NA,NA,NA,NA
2022-2023,Dinwiddie County,247,Central Virginia,school,149,180,Sunnyside Elementary,60.32388663967612,NA,NA,NA,NA,NA,NA,NA,NA,NA
2022-2023,Dinwiddie County,554,Central Virginia,school,373,520,Sutherland Elementary,67.32851985559567,NA,NA,NA,NA,NA,NA,NA,NA,NA
2022-2023,Essex County,514,Northern Neck,school,326,10,Essex High,63.42412451361867,NA,NA,NA,NA,NA,NA,NA,NA,NA
2022-2023,Essex County,333,Northern Neck,school,209,150,James H. Cary Intermediate,62.76276276276276,NA,NA,NA,NA,NA,NA,NA,NA,NA
2022-2023,Essex County,334,Northern Neck,school,79,160,Tappahannock Elementary,23.652694610778443,NA,NA,NA,NA,NA,NA,NA,NA,NA
2022-2023,Fairfax County,465,Northern Virginia,school,101,2203,Aldrin Elementary,21.72043010752688,NA,NA,NA,NA,NA,NA,NA,NA,NA
2022-2023,Fairfax County,2185,Northern Virginia,school,NA,660,Annandale High,NA,NA,NA,NA,NA,NA,NA,NA,NA,NA
2022-2023,Fairfax County,625,Northern Virginia,school,552,1360,Annandale Terrace Elementary,88.32,NA,NA,NA,NA,NA,NA,NA,NA,NA
2022-2023,Fairfax County,519,Northern Virginia,school,69,110,Archer Elementary,13.294797687861271,NA,NA,NA,NA,NA,NA,NA,NA,NA
2022-2023,Fairfax County,361,Northern Virginia,school,79,1530,Armstrong Elementary,21.88365650969529,NA,NA,NA,NA,NA,NA,NA,NA,NA
2022-2023,Fairfax County,787,Northern Virginia,school,634,550,Bailey's Elementary School for the Arts and Sciences,80.55908513341804,NA,NA,NA,NA,NA,NA,NA,NA,NA
2022-2023,Fairfax County,522,Northern Virginia,school,509,2459,Bailey's Upper Elementary School for the Arts and Sciences,97.5095785440613,NA,NA,NA,NA,NA,NA,NA,NA,NA
2022-2023,Fairfax County,382,Northern Virginia,school,318,1730,Beech Tree Elementary,83.24607329842932,NA,NA,NA,NA,NA,NA,NA,NA,NA
2022-2023,Fairfax County,405,Northern Virginia,school,167,560,Belle View Elementary,41.23456790123457,NA,NA,NA,NA,NA,NA,NA,NA,NA
2022-2023,Fairfax County,617,Northern Virginia,school,367,720,Belvedere Elementary,59.48136142625607,NA,NA,NA,NA,NA,NA,NA,NA,NA
2022-2023,Fairfax County,834,Northern Virginia,school,198,2000,Bonnie Brae Elementary,23.741007194244602,NA,NA,NA,NA,NA,NA,NA,NA,NA
2022-2023,Fairfax County,855,Northern Virginia,school,766,1090,Braddock Elementary,89.5906432748538,NA,NA,NA,NA,NA,NA,NA,NA,NA
2022-2023,Fairfax County,500,Northern Virginia,school,304,940,Bren Mar Park Elementary,60.8,NA,NA,NA,NA,NA,NA,NA,NA,NA
2022-2023,Fairfax County,706,Northern Virginia,school,641,1790,Brookfield Elementary,90.79320113314448,NA,NA,NA,NA,NA,NA,NA,NA,NA
2022-2023,Fairfax County,174,Northern Virginia,school,138,2201,Bryant High,79.3103448275862,NA,NA,NA,NA,NA,NA,NA,NA,NA
2022-2023,Fairfax County,256,Northern Virginia,school,176,700,Bucknell Elementary,68.75,NA,NA,NA,NA,NA,NA,NA,NA,NA
2022-2023,Fairfax County,210,Northern Virginia,school,18,2251,Bull Run Early Childhood Resource Center,8.571428571428571,NA,NA,NA,NA,NA,NA,NA,NA,NA
2022-2023,Fairfax County,751,Northern Virginia,school,323,2225,Bull Run Elementary,43.00932090545938,NA,NA,NA,NA,NA,NA,NA,NA,NA
2022-2023,Fairfax County,670,Northern Virginia,school,205,680,Bush Hill Elementary,30.597014925373134,NA,NA,NA,NA,NA,NA,NA,NA,NA
2022-2023,Fairfax County,608,Northern Virginia,school,281,1940,Camelot Elementary,46.21710526315789,NA,NA,NA,NA,NA,NA,NA,NA,NA
2022-2023,Fairfax County,492,Northern Virginia,school,420,620,Cameron Elementary,85.36585365853658,NA,NA,NA,NA,NA,NA,NA,NA,NA
2022-2023,Fairfax County,787,Northern Virginia,school,122,1590,Canterbury Woods Elementary,15.501905972045742,NA,NA,NA,NA,NA,NA,NA,NA,NA
2022-2023,Fairfax County,632,Northern Virginia,school,208,1690,Cardinal Forest Elementary,32.91139240506329,NA,NA,NA,NA,NA,NA,NA,NA,NA
2022-2023,Fairfax County,1362,Northern Virginia,school,234,2222,Carson Middle,17.180616740088105,NA,NA,NA,NA,NA,NA,NA,NA,NA
2022-2023,Fairfax County,706,Northern Virginia,school,449,2090,Centre Ridge Elementary,63.59773371104816,NA,NA,NA,NA,NA,NA,NA,NA,NA
2022-2023,Fairfax County,779,Northern Virginia,school,314,2205,Centreville Elementary,40.30808729139923,NA,NA,NA,NA,NA,NA,NA,NA,NA
2022-2023,Fairfax County,2627,Northern Virginia,school,967,200,Centreville High,36.810049486105825,NA,NA,NA,NA,NA,NA,NA,NA,NA
2022-2023,Fairfax County,2946,Northern Virginia,school,670,131,Chantilly High,22.742701968771215,NA,NA,NA,NA,NA,NA,NA,NA,NA
2022-2023,Fairfax County,469,Northern Virginia,school,31,480,Cherry Run Elementary,6.609808102345416,NA,NA,NA,NA,NA,NA,NA,NA,NA
2022-2023,Fairfax County,527,Northern Virginia,school,10,100,Chesterbrook Elementary,1.8975332068311195,NA,NA,NA,NA,NA,NA,NA,NA,NA
2022-2023,Fairfax County,606,Northern Virginia,school,14,1050,Churchill Road Elementary,2.31023102310231,NA,NA,NA,NA,NA,NA,NA,NA,NA
2022-2023,Fairfax County,614,Northern Virginia,school,392,260,Clearview Elementary,63.84364820846905,NA,NA,NA,NA,NA,NA,NA,NA,NA
2022-2023,Fairfax County,553,Northern Virginia,school,92,1870,Clermont Elementary,16.636528028933093,NA,NA,NA,NA,NA,NA,NA,NA,NA
2022-2023,Fairfax County,832,Northern Virginia,school,484,2347,Coates Elementary,58.17307692307693,NA,NA,NA,NA,NA,NA,NA,NA,NA
2022-2023,Fairfax County,369,Northern Virginia,school,161,1510,Columbia Elementary,43.63143631436314,NA,NA,NA,NA,NA,NA,NA,NA,NA
2022-2023,Fairfax County,784,Northern Virginia,school,31,2234,Colvin Run Elementary,3.9540816326530615,NA,NA,NA,NA,NA,NA,NA,NA,NA
2022-2023,Fairfax County,1055,Northern Virginia,school,48,1190,Cooper Middle,4.549763033175355,NA,NA,NA,NA,NA,NA,NA,NA,NA
2022-2023,Fairfax County,563,Northern Virginia,school,484,870,Crestwood Elementary,85.96802841918296,NA,NA,NA,NA,NA,NA,NA,NA,NA
2022-2023,Fairfax County,567,Northern Virginia,school,41,2020,Crossfield Elementary,7.231040564373897,NA,NA,NA,NA,NA,NA,NA,NA,NA
2022-2023,Fairfax County,586,Northern Virginia,school,148,1600,Cub Run Elementary,25.25597269624573,NA,NA,NA,NA,NA,NA,NA,NA,NA
2022-2023,Fairfax County,436,Northern Virginia,school,152,1700,Cunningham Park Elementary,34.862385321100916,NA,NA,NA,NA,NA,NA,NA,NA,NA
2022-2023,Fairfax County,802,Northern Virginia,school,293,2229,Daniels Run Elementary,36.53366583541147,NA,NA,NA,NA,NA,NA,NA,NA,NA
2022-2023,Fairfax County,567,Northern Virginia,school,196,2204,Deer Park Elementary,34.5679012345679,NA,NA,NA,NA,NA,NA,NA,NA,NA
2022-2023,Fairfax County,690,Northern Virginia,school,605,220,Dogwood Elementary,87.68115942028986,NA,NA,NA,NA,NA,NA,NA,NA,NA
2022-2023,Fairfax County,611,Northern Virginia,school,298,2010,Dranesville Elementary,48.772504091653026,NA,NA,NA,NA,NA,NA,NA,NA,NA
2022-2023,Fairfax County,200,Northern Virginia,school,15,2238,Dunn Loring Early Childhood Resource Center,7.5,NA,NA,NA,NA,NA,NA,NA,NA,NA
2022-2023,Fairfax County,629,Northern Virginia,school,256,2243,Eagle View Elementary,40.69952305246423,NA,NA,NA,NA,NA,NA,NA,NA,NA
2022-2023,Fairfax County,2272,Northern Virginia,school,986,1270,Edison High,43.397887323943664,NA,NA,NA,NA,NA,NA,NA,NA,NA
2022-2023,Fairfax County,214,Northern Virginia,school,120,190,Fairfax County Adult High,56.074766355140184,NA,NA,NA,NA,NA,NA,NA,NA,NA
2022-2023,Fairfax County,2378,Northern Virginia,school,875,20,Fairfax High,36.79562657695543,NA,NA,NA,NA,NA,NA,NA,NA,NA
2022-2023,Fairfax County,519,Northern Virginia,school,148,1480,Fairfax Villa Elementary,28.516377649325626,NA,NA,NA,NA,NA,NA,NA,NA,NA
2022-2023,Fairfax County,550,Northern Virginia,school,173,1630,Fairhill Elementary,31.454545454545457,NA,NA,NA,NA,NA,NA,NA,NA,NA
2022-2023,Fairfax County,736,Northern Virginia,school,62,290,Fairview Elementary,8.423913043478262,NA,NA,NA,NA,NA,NA,NA,NA,NA
2022-2023,Fairfax County,2123,Northern Virginia,school,NA,1100,Falls Church High,NA,NA,NA,NA,NA,NA,NA,NA,NA,NA
2022-2023,Fairfax County,616,Northern Virginia,school,46,730,Flint Hill Elementary,7.467532467532467,NA,NA,NA,NA,NA,NA,NA,NA,NA
2022-2023,Fairfax County,690,Northern Virginia,school,59,740,Floris Elementary,8.550724637681158,NA,NA,NA,NA,NA,NA,NA,NA,NA
2022-2023,Fairfax County,447,Northern Virginia,school,371,70,Forest Edge Elementary,82.99776286353467,NA,NA,NA,NA,NA,NA,NA,NA,NA
2022-2023,Fairfax County,564,Northern Virginia,school,329,1450,Forestdale Elementary,58.333333333333336,NA,NA,NA,NA,NA,NA,NA,NA,NA
2022-2023,Fairfax County,552,Northern Virginia,school,29,370,Forestville Elementary,5.253623188405797,NA,NA,NA,NA,NA,NA,NA,NA,NA
2022-2023,Fairfax County,709,Northern Virginia,school,234,2224,Fort Belvoir Elementary,33.004231311706626,NA,NA,NA,NA,NA,NA,NA,NA,NA
2022-2023,Fairfax County,663,Northern Virginia,school,213,2458,Fort Belvoir Upper Elementary,32.126696832579185,NA,NA,NA,NA,NA,NA,NA,NA,NA
2022-2023,Fairfax County,576,Northern Virginia,school,212,1920,Fort Hunt Elementary,36.80555555555556,NA,NA,NA,NA,NA,NA,NA,NA,NA
2022-2023,Fairfax County,630,Northern Virginia,school,77,390,Fox Mill Elementary,12.222222222222221,NA,NA,NA,NA,NA,NA,NA,NA,NA
2022-2023,Fairfax County,524,Northern Virginia,school,155,320,Franconia Elementary,29.580152671755727,NA,NA,NA,NA,NA,NA,NA,NA,NA
2022-2023,Fairfax County,833,Northern Virginia,school,193,440,Franklin Middle,23.169267707082835,NA,NA,NA,NA,NA,NA,NA,NA,NA
2022-2023,Fairfax County,523,Northern Virginia,school,205,490,Freedom Hill Elementary,39.19694072657744,NA,NA,NA,NA,NA,NA,NA,NA,NA
2022-2023,Fairfax County,1211,Northern Virginia,school,194,1410,Frost Middle,16.01981833195706,NA,NA,NA,NA,NA,NA,NA,NA,NA
2022-2023,Fairfax County,316,Northern Virginia,school,275,630,Garfield Elementary,87.0253164556962,NA,NA,NA,NA,NA,NA,NA,NA,NA
2022-2023,Fairfax County,1789,Northern Virginia,school,NA,1170,Glasgow Middle,NA,NA,NA,NA,NA,NA,NA,NA,NA,NA
2022-2023,Fairfax County,828,Northern Virginia,school,734,970,Glen Forest Elementary,88.64734299516908,NA,NA,NA,NA,NA,NA,NA,NA,NA
2022-2023,Fairfax County,427,Northern Virginia,school,389,530,Graham Road Elementary,91.10070257611241,NA,NA,NA,NA,NA,NA,NA,NA,NA
2022-2023,Fairfax County,547,Northern Virginia,school,31,570,Great Falls Elementary,5.6672760511883,NA,NA,NA,NA,NA,NA,NA,NA,NA
2022-2023,Fairfax County,898,Northern Virginia,school,327,1840,Greenbriar East Elementary,36.41425389755011,NA,NA,NA,NA,NA,NA,NA,NA,NA
2022-2023,Fairfax County,639,Northern Virginia,school,128,1500,Greenbriar West Elementary,20.031298904538342,NA,NA,NA,NA,NA,NA,NA,NA,NA
2022-2023,Fairfax County,779,Northern Virginia,school,702,330,Groveton Elementary,90.11553273427471,NA,NA,NA,NA,NA,NA,NA,NA,NA
2022-2023,Fairfax County,559,Northern Virginia,school,227,690,Gunston Elementary,40.608228980322004,NA,NA,NA,NA,NA,NA,NA,NA,NA
2022-2023,Fairfax County,604,Northern Virginia,school,259,2210,Halley Elementary,42.88079470198676,NA,NA,NA,NA,NA,NA,NA,NA,NA
2022-2023,Fairfax County,872,Northern Virginia,school,35,750,Haycock Elementary,4.013761467889909,NA,NA,NA,NA,NA,NA,NA,NA,NA
2022-2023,Fairfax County,624,Northern Virginia,school,113,1740,Hayfield Elementary,18.108974358974358,NA,NA,NA,NA,NA,NA,NA,NA,NA
2022-2023,Fairfax County,3152,Northern Virginia,school,NA,1800,Hayfield Secondary,NA,NA,NA,NA,NA,NA,NA,NA,NA,NA
2022-2023,Fairfax County,808,Northern Virginia,school,733,1250,Herndon Elementary,90.71782178217822,NA,NA,NA,NA,NA,NA,NA,NA,NA
2022-2023,Fairfax County,2368,Northern Virginia,school,NA,32,Herndon High,NA,NA,NA,NA,NA,NA,NA,NA,NA,NA
2022-2023,Fairfax County,962,Northern Virginia,school,614,33,Herndon Middle,63.82536382536382,NA,NA,NA,NA,NA,NA,NA,NA,NA
2022-2023,Fairfax County,607,Northern Virginia,school,537,1330,Hollin Meadows Elementary,88.46787479406919,NA,NA,NA,NA,NA,NA,NA,NA,NA
2022-2023,Fairfax County,883,Northern Virginia,school,584,1521,Holmes Middle,66.13816534541337,NA,NA,NA,NA,NA,NA,NA,NA,NA
2022-2023,Fairfax County,998,Northern Virginia,school,467,350,Hughes Middle,46.7935871743487,NA,NA,NA,NA,NA,NA,NA,NA,NA
2022-2023,Fairfax County,734,Northern Virginia,school,91,1880,Hunt Valley Elementary,12.397820163487738,NA,NA,NA,NA,NA,NA,NA,NA,NA
2022-2023,Fairfax County,731,Northern Virginia,school,210,1950,Hunters Woods Elementary School for the Arts and Sciences,28.72777017783858,NA,NA,NA,NA,NA,NA,NA,NA,NA
2022-2023,Fairfax County,1070,Northern Virginia,school,979,1980,Hutchison Elementary,91.49532710280374,NA,NA,NA,NA,NA,NA,NA,NA,NA
2022-2023,Fairfax County,848,Northern Virginia,school,794,1420,Hybla Valley Elementary,93.63207547169812,NA,NA,NA,NA,NA,NA,NA,NA,NA
2022-2023,Fairfax County,1170,Northern Virginia,school,193,1120,Irving Middle,16.495726495726494,NA,NA,NA,NA,NA,NA,NA,NA,NA
2022-2023,Fairfax County,693,Northern Virginia,school,101,2235,Island Creek Elementary,14.574314574314574,NA,NA,NA,NA,NA,NA,NA,NA,NA
2022-2023,Fairfax County,1056,Northern Virginia,school,623,673,Jackson Middle,58.996212121212125,NA,NA,NA,NA,NA,NA,NA,NA,NA
2022-2023,Fairfax County,1074,Northern Virginia,school,379,1110,Johnson Middle,35.28864059590317,NA,NA,NA,NA,NA,NA,NA,NA,NA
2022-2023,Fairfax County,2370,Northern Virginia,school,NA,1070,Justice High,NA,NA,NA,NA,NA,NA,NA,NA,NA,NA
2022-2023,Fairfax County,770,Northern Virginia,school,143,1240,Keene Mill Elementary,18.571428571428573,NA,NA,NA,NA,NA,NA,NA,NA,NA
2022-2023,Fairfax County,1023,Northern Virginia,school,43,980,Kent Gardens Elementary,4.203323558162268,NA,NA,NA,NA,NA,NA,NA,NA,NA
2022-2023,Fairfax County,52,Northern Virginia,school,18,1901,Key Center,34.61538461538461,NA,NA,NA,NA,NA,NA,NA,NA,NA
2022-2023,Fairfax County,681,Northern Virginia,school,490,1900,Key Middle,71.95301027900148,NA,NA,NA,NA,NA,NA,NA,NA,NA
2022-2023,Fairfax County,53,Northern Virginia,school,26,1761,Kilmer Center,49.056603773584904,NA,NA,NA,NA,NA,NA,NA,NA,NA
2022-2023,Fairfax County,1154,Northern Virginia,school,246,1760,Kilmer Middle,21.317157712305026,NA,NA,NA,NA,NA,NA,NA,NA,NA
2022-2023,Fairfax County,423,Northern Virginia,school,128,1890,Kings Glen Elementary,30.260047281323878,NA,NA,NA,NA,NA,NA,NA,NA,NA
2022-2023,Fairfax County,645,Northern Virginia,school,142,1440,Kings Park Elementary,22.015503875968992,NA,NA,NA,NA,NA,NA,NA,NA,NA
2022-2023,Fairfax County,600,Northern Virginia,school,268,1570,Lake Anne Elementary,44.666666666666664,NA,NA,NA,NA,NA,NA,NA,NA,NA
2022-2023,Fairfax County,4396,Northern Virginia,school,968,90,Lake Braddock Secondary,22.02001819836215,NA,NA,NA,NA,NA,NA,NA,NA,NA
2022-2023,Fairfax County,732,Northern Virginia,school,184,2209,Lane Elementary,25.136612021857925,NA,NA,NA,NA,NA,NA,NA,NA,NA
2022-2023,Fairfax County,2128,Northern Virginia,school,93,1460,Langley High,4.370300751879699,NA,NA,NA,NA,NA,NA,NA,NA,NA
2022-2023,Fairfax County,734,Northern Virginia,school,190,2348,Laurel Hill Elementary,25.885558583106267,NA,NA,NA,NA,NA,NA,NA,NA,NA
2022-2023,Fairfax County,787,Northern Virginia,school,60,1970,Laurel Ridge Elementary,7.6238881829733165,NA,NA,NA,NA,NA,NA,NA,NA,NA
2022-2023,Fairfax County,594,Northern Virginia,school,104,1850,Lees Corner Elementary,17.50841750841751,NA,NA,NA,NA,NA,NA,NA,NA,NA
2022-2023,Fairfax County,538,Northern Virginia,school,89,770,Lemon Road Elementary,16.54275092936803,NA,NA,NA,NA,NA,NA,NA,NA,NA
2022-2023,Fairfax County,1700,Northern Virginia,school,NA,1020,Lewis High,NA,NA,NA,NA,NA,NA,NA,NA,NA,NA
2022-2023,Fairfax County,923,Northern Virginia,school,347,2233,Liberty Middle,37.594799566630556,NA,NA,NA,NA,NA,NA,NA,NA,NA
2022-2023,Fairfax County,308,Northern Virginia,school,77,1400,Little Run Elementary,25,NA,NA,NA,NA,NA,NA,NA,NA,NA
2022-2023,Fairfax County,706,Northern Virginia,school,425,1830,London Towne Elementary,60.19830028328612,NA,NA,NA,NA,NA,NA,NA,NA,NA
2022-2023,Fairfax County,1226,Northern Virginia,school,183,1150,Longfellow Middle,14.926590538336052,NA,NA,NA,NA,NA,NA,NA,NA,NA
2022-2023,Fairfax County,707,Northern Virginia,school,425,2236,Lorton Station Elementary,60.113154172560115,NA,NA,NA,NA,NA,NA,NA,NA,NA
2022-2023,Fairfax County,613,Northern Virginia,school,574,890,Lynbrook Elementary,93.6378466557912,NA,NA,NA,NA,NA,NA,NA,NA,NA
2022-2023,Fairfax County,2141,Northern Virginia,school,276,1060,Madison High,12.891172349369453,NA,NA,NA,NA,NA,NA,NA,NA,NA
2022-2023,Fairfax County,933,Northern Virginia,school,148,1210,Mantua Elementary,15.862808145766344,NA,NA,NA,NA,NA,NA,NA,NA,NA
2022-2023,Fairfax County,2122,Northern Virginia,school,532,1290,Marshall High,25.070688030160227,NA,NA,NA,NA,NA,NA,NA,NA,NA
2022-2023,Fairfax County,671,Northern Virginia,school,233,1200,Marshall Road Elementary,34.724292101341284,NA,NA,NA,NA,NA,NA,NA,NA,NA
2022-2023,Fairfax County,663,Northern Virginia,school,376,2410,Mason Crest Elementary,56.711915535444945,NA,NA,NA,NA,NA,NA,NA,NA,NA
2022-2023,Fairfax County,2454,Northern Virginia,school,338,790,McLean High,13.773431132844335,NA,NA,NA,NA,NA,NA,NA,NA,NA
2022-2023,Fairfax County,550,Northern Virginia,school,209,2231,McNair Elementary,38,NA,NA,NA,NA,NA,NA,NA,NA,NA
2022-2023,Fairfax County,625,Northern Virginia,school,169,2200,McNair Upper Elementary,27.04,NA,NA,NA,NA,NA,NA,NA,NA,NA
2022-2023,Fairfax County,958,Northern Virginia,school,251,1390,Mosaic Elementary,26.20041753653445,NA,NA,NA,NA,NA,NA,NA,NA,NA
2022-2023,Fairfax County,347,Northern Virginia,school,307,510,Mount Eagle Elementary,88.47262247838617,NA,NA,NA,NA,NA,NA,NA,NA,NA
2022-2023,Fairfax County,1966,Northern Virginia,school,NA,420,Mount Vernon High,NA,NA,NA,NA,NA,NA,NA,NA,NA,NA
2022-2023,Fairfax County,575,Northern Virginia,school,509,1640,Mount Vernon Woods Elementary,88.52173913043478,NA,NA,NA,NA,NA,NA,NA,NA,NA
2022-2023,Fairfax County,128,Northern Virginia,school,73,2211,Mountain View High,57.03125,NA,NA,NA,NA,NA,NA,NA,NA,NA
2022-2023,Fairfax County,913,Northern Virginia,school,68,800,Navy Elementary,7.447973713033954,NA,NA,NA,NA,NA,NA,NA,NA,NA
2022-2023,Fairfax County,572,Northern Virginia,school,158,470,Newington Forest Elementary,27.62237762237762,NA,NA,NA,NA,NA,NA,NA,NA,NA
2022-2023,Fairfax County,484,Northern Virginia,school,222,930,North Springfield Elementary,45.867768595041326,NA,NA,NA,NA,NA,NA,NA,NA,NA
2022-2023,Fairfax County,700,Northern Virginia,school,66,430,Oak Hill Elementary,9.428571428571429,NA,NA,NA,NA,NA,NA,NA,NA,NA
2022-2023,Fairfax County,764,Northern Virginia,school,72,1860,Oak View Elementary,9.424083769633508,NA,NA,NA,NA,NA,NA,NA,NA,NA
2022-2023,Fairfax County,778,Northern Virginia,school,96,140,Oakton Elementary,12.339331619537274,NA,NA,NA,NA,NA,NA,NA,NA,NA
2022-2023,Fairfax County,2708,Northern Virginia,school,432,1710,Oakton High,15.952732644017726,NA,NA,NA,NA,NA,NA,NA,NA,NA
2022-2023,Fairfax County,358,Northern Virginia,school,68,1650,Olde Creek Elementary,18.994413407821227,NA,NA,NA,NA,NA,NA,NA,NA,NA
2022-2023,Fairfax County,872,Northern Virginia,school,77,150,Orange Hunt Elementary,8.830275229357799,NA,NA,NA,NA,NA,NA,NA,NA,NA
2022-2023,Fairfax County,902,Northern Virginia,school,786,1030,Parklawn Elementary,87.13968957871397,NA,NA,NA,NA,NA,NA,NA,NA,NA
2022-2023,Fairfax County,54,Northern Virginia,school,13,2440,Pimmit Early Childhood Resource Center,24.074074074074073,NA,NA,NA,NA,NA,NA,NA,NA,NA
2022-2023,Fairfax County,626,Northern Virginia,school,535,820,Pine Spring Elementary,85.4632587859425,NA,NA,NA,NA,NA,NA,NA,NA,NA
2022-2023,Fairfax County,874,Northern Virginia,school,805,1130,Poe Middle,92.10526315789474,NA,NA,NA,NA,NA,NA,NA,NA,NA
2022-2023,Fairfax County,672,Northern Virginia,school,74,2080,Poplar Tree Elementary,11.011904761904761,NA,NA,NA,NA,NA,NA,NA,NA,NA
2022-2023,Fairfax County,929,Northern Virginia,school,201,2237,Powell Elementary,21.63616792249731,NA,NA,NA,NA,NA,NA,NA,NA,NA
2022-2023,Fairfax County,870,Northern Virginia,school,396,2230,Providence Elementary,45.51724137931035,NA,NA,NA,NA,NA,NA,NA,NA,NA
2022-2023,Fairfax County,601,Northern Virginia,school,124,1310,Ravensworth Elementary,20.632279534109816,NA,NA,NA,NA,NA,NA,NA,NA,NA
2022-2023,Fairfax County,732,Northern Virginia,school,634,1820,Riverside Elementary,86.6120218579235,NA,NA,NA,NA,NA,NA,NA,NA,NA
2022-2023,Fairfax County,3614,Northern Virginia,school,540,1960,Robinson Secondary,14.941892639734366,NA,NA,NA,NA,NA,NA,NA,NA,NA
2022-2023,Fairfax County,936,Northern Virginia,school,210,300,Rocky Run Middle,22.435897435897438,NA,NA,NA,NA,NA,NA,NA,NA,NA
2022-2023,Fairfax County,573,Northern Virginia,school,152,1770,Rolling Valley Elementary,26.527050610820247,NA,NA,NA,NA,NA,NA,NA,NA,NA
2022-2023,Fairfax County,675,Northern Virginia,school,296,950,Rose Hill Elementary,43.851851851851855,NA,NA,NA,NA,NA,NA,NA,NA,NA
2022-2023,Fairfax County,1440,Northern Virginia,school,818,1300,Sandburg Middle,56.80555555555556,NA,NA,NA,NA,NA,NA,NA,NA,NA
2022-2023,Fairfax County,926,Northern Virginia,school,30,2030,Sangster Elementary,3.2397408207343417,NA,NA,NA,NA,NA,NA,NA,NA,NA
2022-2023,Fairfax County,582,Northern Virginia,school,258,2040,Saratoga Elementary,44.329896907216494,NA,NA,NA,NA,NA,NA,NA,NA,NA
2022-2023,Fairfax County,337,Northern Virginia,school,25,80,Sherman Elementary,7.418397626112759,NA,NA,NA,NA,NA,NA,NA,NA,NA
2022-2023,Fairfax County,664,Northern Virginia,school,218,1660,Shrevewood Elementary,32.831325301204814,NA,NA,NA,NA,NA,NA,NA,NA,NA
2022-2023,Fairfax County,798,Northern Virginia,school,70,1680,Silverbrook Elementary,8.771929824561402,NA,NA,NA,NA,NA,NA,NA,NA,NA
2022-2023,Fairfax County,453,Northern Virginia,school,411,710,Sleepy Hollow Elementary,90.72847682119205,NA,NA,NA,NA,NA,NA,NA,NA,NA
2022-2023,Fairfax County,2277,Northern Virginia,school,592,2241,South County High,25.999121651295564,NA,NA,NA,NA,NA,NA,NA,NA,NA
2022-2023,Fairfax County,951,Northern Virginia,school,230,2420,South County Middle,24.185068349106203,NA,NA,NA,NA,NA,NA,NA,NA,NA
2022-2023,Fairfax County,2552,Northern Virginia,school,908,1990,South Lakes High,35.57993730407524,NA,NA,NA,NA,NA,NA,NA,NA,NA
2022-2023,Fairfax County,869,Northern Virginia,school,86,1620,Spring Hill Elementary,9.896432681242807,NA,NA,NA,NA,NA,NA,NA,NA,NA
2022-2023,Fairfax County,612,Northern Virginia,school,255,960,Springfield Estates Elementary,41.66666666666667,NA,NA,NA,NA,NA,NA,NA,NA,NA
2022-2023,Fairfax County,541,Northern Virginia,school,56,1380,Stenwood Elementary,10.35120147874307,NA,NA,NA,NA,NA,NA,NA,NA,NA
2022-2023,Fairfax County,679,Northern Virginia,school,289,2070,Stone Middle,42.56259204712813,NA,NA,NA,NA,NA,NA,NA,NA,NA
2022-2023,Fairfax County,730,Northern Virginia,school,212,1350,Stratford Landing Elementary,29.041095890410958,NA,NA,NA,NA,NA,NA,NA,NA,NA
2022-2023,Fairfax County,544,Northern Virginia,school,86,280,Sunrise Valley Elementary,15.808823529411764,NA,NA,NA,NA,NA,NA,NA,NA,NA
2022-2023,Fairfax County,629,Northern Virginia,school,82,170,Terra Centre Elementary,13.036565977742448,NA,NA,NA,NA,NA,NA,NA,NA,NA
2022-2023,Fairfax County,621,Northern Virginia,school,205,250,Terraset Elementary,33.011272141706925,NA,NA,NA,NA,NA,NA,NA,NA,NA
2022-2023,Fairfax County,1970,Northern Virginia,school,236,1371,Thomas Jefferson High for Science and Technology,11.97969543147208,NA,NA,NA,NA,NA,NA,NA,NA,NA
2022-2023,Fairfax County,1197,Northern Virginia,school,216,1140,Thoreau Middle,18.045112781954884,NA,NA,NA,NA,NA,NA,NA,NA,NA
2022-2023,Fairfax County,613,Northern Virginia,school,375,830,Timber Lane Elementary,61.174551386623165,NA,NA,NA,NA,NA,NA,NA,NA,NA
2022-2023,Fairfax County,991,Northern Virginia,school,424,1160,Twain Middle,42.78506559031282,NA,NA,NA,NA,NA,NA,NA,NA,NA
2022-2023,Fairfax County,895,Northern Virginia,school,113,1540,Union Mill Elementary,12.625698324022347,NA,NA,NA,NA,NA,NA,NA,NA,NA
2022-2023,Fairfax County,382,Northern Virginia,school,19,120,Vienna Elementary,4.973821989528796,NA,NA,NA,NA,NA,NA,NA,NA,NA
2022-2023,Fairfax County,203,Northern Virginia,school,19,2252,Virginia Hills Early Childhood Resource Center,9.35960591133005,NA,NA,NA,NA,NA,NA,NA,NA,NA
2022-2023,Fairfax County,706,Northern Virginia,school,299,2050,Virginia Run Elementary,42.35127478753541,NA,NA,NA,NA,NA,NA,NA,NA,NA
2022-2023,Fairfax County,670,Northern Virginia,school,50,850,Wakefield Forest Elementary,7.462686567164178,NA,NA,NA,NA,NA,NA,NA,NA,NA
2022-2023,Fairfax County,843,Northern Virginia,school,120,2100,Waples Mill Elementary,14.23487544483986,NA,NA,NA,NA,NA,NA,NA,NA,NA
2022-2023,Fairfax County,551,Northern Virginia,school,353,1320,Washington Mill Elementary,64.06533575317604,NA,NA,NA,NA,NA,NA,NA,NA,NA
2022-2023,Fairfax County,715,Northern Virginia,school,22,1080,Waynewood Elementary,3.076923076923077,NA,NA,NA,NA,NA,NA,NA,NA,NA
2022-2023,Fairfax County,2765,Northern Virginia,school,NA,900,West Potomac High,NA,NA,NA,NA,NA,NA,NA,NA,NA,NA
2022-2023,Fairfax County,568,Northern Virginia,school,72,1430,West Springfield Elementary,12.676056338028168,NA,NA,NA,NA,NA,NA,NA,NA,NA
2022-2023,Fairfax County,2674,Northern Virginia,school,492,1610,West Springfield High,18.399401645474946,NA,NA,NA,NA,NA,NA,NA,NA,NA
2022-2023,Fairfax County,812,Northern Virginia,school,86,1580,Westbriar Elementary,10.591133004926109,NA,NA,NA,NA,NA,NA,NA,NA,NA
2022-2023,Fairfax County,2696,Northern Virginia,school,978,2228,Westfield High,36.275964391691396,NA,NA,NA,NA,NA,NA,NA,NA,NA
2022-2023,Fairfax County,584,Northern Virginia,school,217,1670,Westgate Elementary,37.15753424657534,NA,NA,NA,NA,NA,NA,NA,NA,NA
2022-2023,Fairfax County,741,Northern Virginia,school,535,580,Westlawn Elementary,72.19973009446694,NA,NA,NA,NA,NA,NA,NA,NA,NA
2022-2023,Fairfax County,570,Northern Virginia,school,512,520,Weyanoke Elementary,89.82456140350877,NA,NA,NA,NA,NA,NA,NA,NA,NA
2022-2023,Fairfax County,718,Northern Virginia,school,188,400,White Oaks Elementary,26.18384401114206,NA,NA,NA,NA,NA,NA,NA,NA,NA
2022-2023,Fairfax County,869,Northern Virginia,school,606,1550,Whitman Middle,69.73532796317606,NA,NA,NA,NA,NA,NA,NA,NA,NA
2022-2023,Fairfax County,905,Northern Virginia,school,126,2060,Willow Springs Elementary,13.922651933701658,NA,NA,NA,NA,NA,NA,NA,NA,NA
2022-2023,Fairfax County,539,Northern Virginia,school,17,1810,Wolftrap Elementary,3.153988868274583,NA,NA,NA,NA,NA,NA,NA,NA,NA
2022-2023,Fairfax County,498,Northern Virginia,school,452,650,Woodburn Elementary,90.76305220883533,NA,NA,NA,NA,NA,NA,NA,NA,NA
2022-2023,Fairfax County,479,Northern Virginia,school,424,380,Woodlawn Elementary,88.51774530271399,NA,NA,NA,NA,NA,NA,NA,NA,NA
2022-2023,Fairfax County,486,Northern Virginia,school,422,590,Woodley Hills Elementary,86.83127572016461,NA,NA,NA,NA,NA,NA,NA,NA,NA
2022-2023,Fairfax County,2490,Northern Virginia,school,365,1260,Woodson High,14.65863453815261,NA,NA,NA,NA,NA,NA,NA,NA,NA
2022-2023,Falls Church City,63,Northern Virginia,school,NA,270,Jessie Thackrey  Preschool,NA,NA,NA,NA,NA,NA,NA,NA,NA,NA
2022-2023,Falls Church City,582,Northern Virginia,school,46,252,Mary Ellen Henderson Middle,7.903780068728522,NA,NA,NA,NA,NA,NA,NA,NA,NA
2022-2023,Falls Church City,875,Northern Virginia,school,80,251,Meridian High,9.142857142857142,NA,NA,NA,NA,NA,NA,NA,NA,NA
2022-2023,Falls Church City,461,Northern Virginia,school,15,240,Mount Daniel Elementary,3.2537960954446854,NA,NA,NA,NA,NA,NA,NA,NA,NA
2022-2023,Falls Church City,526,Northern Virginia,school,24,260,Oak Street Elementary,4.562737642585551,NA,NA,NA,NA,NA,NA,NA,NA,NA
2022-2023,Fauquier County,554,Northern Virginia,school,79,854,Auburn Middle,14.259927797833935,NA,NA,NA,NA,NA,NA,NA,NA,NA
2022-2023,Fauquier County,499,Northern Virginia,school,86,460,C. Hunter Ritchie Elementary,17.234468937875754,NA,NA,NA,NA,NA,NA,NA,NA,NA
2022-2023,Fauquier County,365,Northern Virginia,school,97,730,C.M. Bradley Elementary,26.575342465753426,NA,NA,NA,NA,NA,NA,NA,NA,NA
2022-2023,Fauquier County,610,Northern Virginia,school,314,520,Cedar Lee Middle,51.47540983606558,NA,NA,NA,NA,NA,NA,NA,NA,NA
2022-2023,Fauquier County,258,Northern Virginia,school,120,120,Claude Thompson Elementary,46.51162790697674,NA,NA,NA,NA,NA,NA,NA,NA,NA
2022-2023,Fauquier County,1163,Northern Virginia,school,336,701,Fauquier High,28.890799656061912,NA,NA,NA,NA,NA,NA,NA,NA,NA
2022-2023,Fauquier County,495,Northern Virginia,school,235,450,Grace Miller Elementary,47.474747474747474,NA,NA,NA,NA,NA,NA,NA,NA,NA
2022-2023,Fauquier County,500,Northern Virginia,school,57,511,Greenville Elementary,11.4,NA,NA,NA,NA,NA,NA,NA,NA,NA
2022-2023,Fauquier County,371,Northern Virginia,school,157,750,H.M. Pearson Elementary,42.318059299191376,NA,NA,NA,NA,NA,NA,NA,NA,NA
2022-2023,Fauquier County,496,Northern Virginia,school,176,853,James G. Brumfield Elementary,35.483870967741936,NA,NA,NA,NA,NA,NA,NA,NA,NA
2022-2023,Fauquier County,1207,Northern Virginia,school,168,510,Kettle Run High,13.91880695940348,NA,NA,NA,NA,NA,NA,NA,NA,NA
2022-2023,Fauquier County,1371,Northern Virginia,school,604,851,Liberty High,44.055433989788476,NA,NA,NA,NA,NA,NA,NA,NA,NA
2022-2023,Fauquier County,537,Northern Virginia,school,238,530,Margaret M. Pierce Elementary,44.320297951582866,NA,NA,NA,NA,NA,NA,NA,NA,NA
2022-2023,Fauquier County,417,Northern Virginia,school,153,10,Marshall Middle,36.69064748201439,NA,NA,NA,NA,NA,NA,NA,NA,NA
2022-2023,Fauquier County,406,Northern Virginia,school,216,20,Mary Walter Elementary,53.20197044334976,NA,NA,NA,NA,NA,NA,NA,NA,NA
2022-2023,Fauquier County,421,Northern Virginia,school,52,720,P.B. Smith Elementary,12.351543942992874,NA,NA,NA,NA,NA,NA,NA,NA,NA
2022-2023,Fauquier County,437,Northern Virginia,school,158,670,W.C. Taylor Middle,36.15560640732266,NA,NA,NA,NA,NA,NA,NA,NA,NA
2022-2023,Fauquier County,337,Northern Virginia,school,122,740,W.G. Coleman Elementary,36.20178041543027,NA,NA,NA,NA,NA,NA,NA,NA,NA
2022-2023,Fauquier County,395,Northern Virginia,school,80,660,Warrenton Middle,20.253164556962027,NA,NA,NA,NA,NA,NA,NA,NA,NA
2022-2023,Floyd County,294,Western Virginia,school,146,90,Check Elementary,49.65986394557823,NA,NA,NA,NA,NA,NA,NA,NA,NA
2022-2023,Floyd County,703,Western Virginia,school,297,660,Floyd County High,42.2475106685633,NA,NA,NA,NA,NA,NA,NA,NA,NA
2022-2023,Floyd County,455,Western Virginia,school,207,360,Floyd Elementary,45.494505494505496,NA,NA,NA,NA,NA,NA,NA,NA,NA
2022-2023,Floyd County,123,Western Virginia,school,47,650,Indian Valley Elementary,38.21138211382114,NA,NA,NA,NA,NA,NA,NA,NA,NA
2022-2023,Floyd County,175,Western Virginia,school,92,500,Willis Elementary,52.57142857142857,NA,NA,NA,NA,NA,NA,NA,NA,NA
2022-2023,Fluvanna County,472,Valley,school,200,300,Carysbrook Elementary,42.3728813559322,NA,NA,NA,NA,NA,NA,NA,NA,NA
2022-2023,Fluvanna County,715,Valley,school,362,310,Central Elementary,50.62937062937063,NA,NA,NA,NA,NA,NA,NA,NA,NA
2022-2023,Fluvanna County,1489,Valley,school,534,260,Fluvanna County High,35.862995298858294,NA,NA,NA,NA,NA,NA,NA,NA,NA
2022-2023,Fluvanna County,763,Valley,school,314,320,Fluvanna Middle,41.15334207077326,NA,NA,NA,NA,NA,NA,NA,NA,NA
2022-2023,Franklin City,378,Tidewater,school,246,20,Franklin High,65.07936507936508,NA,NA,NA,NA,NA,NA,NA,NA,NA
2022-2023,Franklin City,164,Tidewater,school,125,561,Joseph P. King Jr. Middle,76.21951219512195,NA,NA,NA,NA,NA,NA,NA,NA,NA
2022-2023,Franklin City,481,Tidewater,school,296,10,S.P. Morton Elementary,61.53846153846154,NA,NA,NA,NA,NA,NA,NA,NA,NA
2022-2023,Franklin County,1397,Western Virginia,school,660,31,Benjamin Franklin Middle,47.24409448818898,NA,NA,NA,NA,NA,NA,NA,NA,NA
2022-2023,Franklin County,271,Western Virginia,school,110,1370,Boones Mill Elementary,40.59040590405904,NA,NA,NA,NA,NA,NA,NA,NA,NA
2022-2023,Franklin County,277,Western Virginia,school,133,1320,Burnt Chimney Elementary,48.014440433213,NA,NA,NA,NA,NA,NA,NA,NA,NA
2022-2023,Franklin County,169,Western Virginia,school,84,350,Callaway Elementary,49.70414201183432,NA,NA,NA,NA,NA,NA,NA,NA,NA
2022-2023,Franklin County,216,Western Virginia,school,92,20,Dudley Elementary,42.592592592592595,NA,NA,NA,NA,NA,NA,NA,NA,NA
2022-2023,Franklin County,223,Western Virginia,school,123,1360,Ferrum Elementary,55.15695067264574,NA,NA,NA,NA,NA,NA,NA,NA,NA
2022-2023,Franklin County,1904,Western Virginia,school,827,1311,Franklin County High,43.43487394957983,NA,NA,NA,NA,NA,NA,NA,NA,NA
2022-2023,Franklin County,205,Western Virginia,school,114,690,Glade Hill Elementary,55.60975609756098,NA,NA,NA,NA,NA,NA,NA,NA,NA
2022-2023,Franklin County,172,Western Virginia,school,96,10,Henry Elementary,55.81395348837209,NA,NA,NA,NA,NA,NA,NA,NA,NA
2022-2023,Franklin County,412,Western Virginia,school,242,660,Lee M. Waid Elementary,58.7378640776699,NA,NA,NA,NA,NA,NA,NA,NA,NA
2022-2023,Franklin County,290,Western Virginia,school,170,1380,Rocky Mount Elementary,58.620689655172406,NA,NA,NA,NA,NA,NA,NA,NA,NA
2022-2023,Franklin County,194,Western Virginia,school,104,1170,Snow Creek Elementary,53.608247422680414,NA,NA,NA,NA,NA,NA,NA,NA,NA
2022-2023,Franklin County,241,Western Virginia,school,140,960,Sontag Elementary,58.09128630705395,NA,NA,NA,NA,NA,NA,NA,NA,NA
2022-2023,Franklin County,281,Western Virginia,school,114,980,Windy Gap Elementary,40.569395017793596,NA,NA,NA,NA,NA,NA,NA,NA,NA
2022-2023,Frederick County,804,Northern Virginia,school,277,586,Admiral Richard E. Byrd Middle,34.452736318407965,NA,NA,NA,NA,NA,NA,NA,NA,NA
2022-2023,Frederick County,423,Northern Virginia,school,204,10,Apple Pie Ridge Elementary,48.226950354609926,NA,NA,NA,NA,NA,NA,NA,NA,NA
2022-2023,Frederick County,615,Northern Virginia,school,159,320,Armel Elementary,25.853658536585368,NA,NA,NA,NA,NA,NA,NA,NA,NA
2022-2023,Frederick County,600,Northern Virginia,school,253,20,Bass-Hoover Elementary,42.16666666666667,NA,NA,NA,NA,NA,NA,NA,NA,NA
2022-2023,Frederick County,530,Northern Virginia,school,300,587,Evendale Elementary,56.60377358490566,NA,NA,NA,NA,NA,NA,NA,NA,NA
2022-2023,Frederick County,751,Northern Virginia,school,296,460,Frederick County Middle,39.41411451398136,NA,NA,NA,NA,NA,NA,NA,NA,NA
2022-2023,Frederick County,490,Northern Virginia,school,191,380,Gainesboro Elementary,38.9795918367347,NA,NA,NA,NA,NA,NA,NA,NA,NA
2022-2023,Frederick County,580,Northern Virginia,school,197,590,Greenwood Mill Elementary,33.96551724137931,NA,NA,NA,NA,NA,NA,NA,NA,NA
2022-2023,Frederick County,393,Northern Virginia,school,197,40,Indian Hollow Elementary,50.12722646310432,NA,NA,NA,NA,NA,NA,NA,NA,NA
2022-2023,Frederick County,1438,Northern Virginia,school,467,30,James Wood High,32.47566063977747,NA,NA,NA,NA,NA,NA,NA,NA,NA
2022-2023,Frederick County,803,Northern Virginia,school,412,420,James Wood Middle,51.30759651307597,NA,NA,NA,NA,NA,NA,NA,NA,NA
2022-2023,Frederick County,566,Northern Virginia,school,231,591,Jordan Springs Elementary,40.812720848056536,NA,NA,NA,NA,NA,NA,NA,NA,NA
2022-2023,Frederick County,568,Northern Virginia,school,273,340,Middletown Elementary,48.063380281690144,NA,NA,NA,NA,NA,NA,NA,NA,NA
2022-2023,Frederick County,1517,Northern Virginia,school,653,584,Millbrook High,43.04548450889914,NA,NA,NA,NA,NA,NA,NA,NA,NA
2022-2023,Frederick County,461,Northern Virginia,school,196,583,Orchard View Elementary,42.51626898047722,NA,NA,NA,NA,NA,NA,NA,NA,NA
2022-2023,Frederick County,589,Northern Virginia,school,316,582,Redbud Run Elementary,53.65025466893039,NA,NA,NA,NA,NA,NA,NA,NA,NA
2022-2023,Frederick County,799,Northern Virginia,school,333,480,Robert E. Aylor Middle,41.677096370463076,NA,NA,NA,NA,NA,NA,NA,NA,NA
2022-2023,Frederick County,1666,Northern Virginia,school,563,581,Sherando High,33.793517406962785,NA,NA,NA,NA,NA,NA,NA,NA,NA
2022-2023,Frederick County,369,Northern Virginia,school,194,410,Stonewall Elementary,52.574525745257446,NA,NA,NA,NA,NA,NA,NA,NA,NA
2022-2023,Fredericksburg City,959,Northern Neck,school,598,50,Hugh Mercer Elementary,62.35662148070907,NA,NA,NA,NA,NA,NA,NA,NA,NA
2022-2023,Fredericksburg City,1002,Northern Neck,school,465,40,James Monroe High,46.40718562874252,NA,NA,NA,NA,NA,NA,NA,NA,NA
2022-2023,Fredericksburg City,912,Northern Neck,school,467,272,Lafayette Elementary,51.20614035087719,NA,NA,NA,NA,NA,NA,NA,NA,NA
2022-2023,Fredericksburg City,139,Northern Neck,school,53,30,Walker-Grant Early Childhood Center,38.1294964028777,NA,NA,NA,NA,NA,NA,NA,NA,NA
2022-2023,Fredericksburg City,750,Northern Neck,school,432,273,Walker-Grant Middle,57.599999999999994,NA,NA,NA,NA,NA,NA,NA,NA,NA
2022-2023,Galax City,686,Southwest,school,439,10,Galax Elementary,63.99416909620991,NA,NA,NA,NA,NA,NA,NA,NA,NA
2022-2023,Galax City,379,Southwest,school,217,31,Galax High,57.25593667546174,NA,NA,NA,NA,NA,NA,NA,NA,NA
2022-2023,Galax City,329,Southwest,school,199,32,Galax Middle,60.48632218844985,NA,NA,NA,NA,NA,NA,NA,NA,NA
2022-2023,Giles County,744,Southwest,school,323,10,Eastern Elementary/Middle,43.413978494623656,NA,NA,NA,NA,NA,NA,NA,NA,NA
2022-2023,Giles County,659,Southwest,school,276,461,Giles High,41.88163884673748,NA,NA,NA,NA,NA,NA,NA,NA,NA
2022-2023,Giles County,789,Southwest,school,304,390,Macy Mcclaugherty Elementary/Middle,38.5297845373891,NA,NA,NA,NA,NA,NA,NA,NA,NA
2022-2023,Giles County,859,Southwest,school,370,400,Narrows Elementary/Middle,43.07334109429569,NA,NA,NA,NA,NA,NA,NA,NA,NA
2022-2023,Giles County,411,Southwest,school,174,470,Narrows High,42.33576642335766,NA,NA,NA,NA,NA,NA,NA,NA,NA
2022-2023,Gloucester County,456,Northern Neck,school,202,250,Abingdon Elementary,44.29824561403509,NA,NA,NA,NA,NA,NA,NA,NA,NA
2022-2023,Gloucester County,459,Northern Neck,school,197,240,Achilles Elementary,42.91938997821351,NA,NA,NA,NA,NA,NA,NA,NA,NA
2022-2023,Gloucester County,504,Northern Neck,school,216,381,Bethel Elementary,42.857142857142854,NA,NA,NA,NA,NA,NA,NA,NA,NA
2022-2023,Gloucester County,553,Northern Neck,school,203,100,Botetourt Elementary,36.708860759493675,NA,NA,NA,NA,NA,NA,NA,NA,NA
2022-2023,Gloucester County,1536,Northern Neck,school,634,260,Gloucester High,41.27604166666667,NA,NA,NA,NA,NA,NA,NA,NA,NA
2022-2023,Gloucester County,581,Northern Neck,school,259,802,Page Middle,44.57831325301205,NA,NA,NA,NA,NA,NA,NA,NA,NA
2022-2023,Gloucester County,620,Northern Neck,school,233,280,Peasley Middle,37.58064516129032,NA,NA,NA,NA,NA,NA,NA,NA,NA
2022-2023,Gloucester County,384,Northern Neck,school,168,270,Petsworth Elementary,43.75,NA,NA,NA,NA,NA,NA,NA,NA,NA
2022-2023,Goochland County,320,Central Virginia,school,155,120,Byrd Elementary,48.4375,NA,NA,NA,NA,NA,NA,NA,NA,NA
2022-2023,Goochland County,387,Central Virginia,school,113,360,Goochland Elementary,29.198966408268735,NA,NA,NA,NA,NA,NA,NA,NA,NA
2022-2023,Goochland County,890,Central Virginia,school,247,220,Goochland High,27.752808988764045,NA,NA,NA,NA,NA,NA,NA,NA,NA
2022-2023,Goochland County,574,Central Virginia,school,185,340,Goochland Middle,32.22996515679443,NA,NA,NA,NA,NA,NA,NA,NA,NA
2022-2023,Goochland County,472,Central Virginia,school,120,260,Randolph Elementary,25.423728813559322,NA,NA,NA,NA,NA,NA,NA,NA,NA
2022-2023,Grayson County,155,Southwest,school,102,480,Fairview Elementary,65.80645161290323,NA,NA,NA,NA,NA,NA,NA,NA,NA
2022-2023,Grayson County,253,Southwest,school,181,911,Fries Elementary,71.54150197628458,NA,NA,NA,NA,NA,NA,NA,NA,NA
2022-2023,Grayson County,465,Southwest,school,264,421,Grayson County High,56.774193548387096,NA,NA,NA,NA,NA,NA,NA,NA,NA
2022-2023,Grayson County,149,Southwest,school,86,430,Grayson Highlands,57.71812080536913,NA,NA,NA,NA,NA,NA,NA,NA,NA
2022-2023,Grayson County,277,Southwest,school,173,422,Independence Elementary,62.454873646209386,NA,NA,NA,NA,NA,NA,NA,NA,NA
2022-2023,Grayson County,262,Southwest,school,159,11,Independence Middle,60.68702290076335,NA,NA,NA,NA,NA,NA,NA,NA,NA
2022-2023,Greene County,353,Valley,school,193,20,Nathanael Greene Elementary,54.6742209631728,NA,NA,NA,NA,NA,NA,NA,NA,NA
2022-2023,Greene County,347,Valley,school,212,10,Nathanael Greene Primary,61.09510086455331,NA,NA,NA,NA,NA,NA,NA,NA,NA
2022-2023,Greene County,506,Valley,school,201,30,Ruckersville Elementary,39.723320158102766,NA,NA,NA,NA,NA,NA,NA,NA,NA
2022-2023,Greene County,957,Valley,school,405,72,William Monroe High,42.31974921630094,NA,NA,NA,NA,NA,NA,NA,NA,NA
2022-2023,Greene County,675,Valley,school,295,71,William Monroe Middle,43.7037037037037,NA,NA,NA,NA,NA,NA,NA,NA,NA
2022-2023,Greensville County,145,Southside,school,98,260,Belfield Elementary,67.58620689655173,NA,NA,NA,NA,NA,NA,NA,NA,NA
2022-2023,Greensville County,449,Southside,school,299,190,Edward W. Wyatt Middle,66.59242761692651,NA,NA,NA,NA,NA,NA,NA,NA,NA
2022-2023,Greensville County,607,Southside,school,440,200,Greensville County High,72.48764415156508,NA,NA,NA,NA,NA,NA,NA,NA,NA
2022-2023,Greensville County,833,Southside,school,339,50,Greensville Elementary,40.69627851140456,NA,NA,NA,NA,NA,NA,NA,NA,NA
2022-2023,Halifax County,212,Southside,school,110,1560,Clays Mill Elementary,51.886792452830186,NA,NA,NA,NA,NA,NA,NA,NA,NA
2022-2023,Halifax County,547,Southside,school,299,20,Cluster Springs Elementary,54.6617915904936,NA,NA,NA,NA,NA,NA,NA,NA,NA
2022-2023,Halifax County,1402,Southside,school,745,10,Halifax County High,53.13837375178316,NA,NA,NA,NA,NA,NA,NA,NA,NA
2022-2023,Halifax County,925,Southside,school,550,1480,Halifax County Middle,59.45945945945946,NA,NA,NA,NA,NA,NA,NA,NA,NA
2022-2023,Halifax County,162,Southside,school,89,1550,Meadville Elementary,54.93827160493827,NA,NA,NA,NA,NA,NA,NA,NA,NA
2022-2023,Halifax County,188,Southside,school,109,1510,Scottsburg Elementary,57.97872340425532,NA,NA,NA,NA,NA,NA,NA,NA,NA
2022-2023,Halifax County,220,Southside,school,160,1521,Sinai Elementary,72.72727272727273,NA,NA,NA,NA,NA,NA,NA,NA,NA
2022-2023,Halifax County,666,Southside,school,425,30,South Boston Elementary,63.813813813813816,NA,NA,NA,NA,NA,NA,NA,NA,NA
2022-2023,Halifax County,111,Southside,school,59,950,South Boston/Halifax Early Learning Center,53.153153153153156,NA,NA,NA,NA,NA,NA,NA,NA,NA
2022-2023,Halifax County,192,Southside,school,120,1490,Sydnor Jennings Elementary,62.5,NA,NA,NA,NA,NA,NA,NA,NA,NA
2022-2023,Hampton City,494,Tidewater,school,305,500,A.W.E. Bassette Elementary,61.74089068825911,NA,NA,NA,NA,NA,NA,NA,NA,NA
2022-2023,Hampton City,442,Tidewater,school,259,160,Aberdeen Elementary,58.59728506787331,NA,NA,NA,NA,NA,NA,NA,NA,NA
2022-2023,Hampton City,411,Tidewater,school,253,470,Albert W. Patrick III Elementary,61.55717761557178,NA,NA,NA,NA,NA,NA,NA,NA,NA
2022-2023,Hampton City,540,Tidewater,school,320,260,Alfred S. Forrest Elementary,59.25925925925925,NA,NA,NA,NA,NA,NA,NA,NA,NA
2022-2023,Hampton City,297,Tidewater,school,87,120,Armstrong Elementary,29.292929292929294,NA,NA,NA,NA,NA,NA,NA,NA,NA
2022-2023,Hampton City,368,Tidewater,school,141,330,Barron Elementary,38.315217391304344,NA,NA,NA,NA,NA,NA,NA,NA,NA
2022-2023,Hampton City,897,Tidewater,school,504,350,Benjamin Syms Middle,56.187290969899664,NA,NA,NA,NA,NA,NA,NA,NA,NA
2022-2023,Hampton City,1777,Tidewater,school,877,430,Bethel High,49.352841868317384,NA,NA,NA,NA,NA,NA,NA,NA,NA
2022-2023,Hampton City,707,Tidewater,school,460,450,C. Alton Lindsay Middle,65.06364922206507,NA,NA,NA,NA,NA,NA,NA,NA,NA
2022-2023,Hampton City,393,Tidewater,school,248,460,Captain John Smith Elementary,63.104325699745544,NA,NA,NA,NA,NA,NA,NA,NA,NA
2022-2023,Hampton City,676,Tidewater,school,372,300,Cesar Tarrant Middle,55.02958579881657,NA,NA,NA,NA,NA,NA,NA,NA,NA
2022-2023,Hampton City,457,Tidewater,school,267,420,Christopher C. Kraft Elementary,58.42450765864332,NA,NA,NA,NA,NA,NA,NA,NA,NA
2022-2023,Hampton City,450,Tidewater,school,189,30,Francis Asbury Elementary,42,NA,NA,NA,NA,NA,NA,NA,NA,NA
2022-2023,Hampton City,610,Tidewater,school,255,70,Francis W. Jones Magnet Middle,41.80327868852459,NA,NA,NA,NA,NA,NA,NA,NA,NA
2022-2023,Hampton City,1516,Tidewater,school,662,650,George P. Phenix Elementary,43.66754617414248,NA,NA,NA,NA,NA,NA,NA,NA,NA
2022-2023,Hampton City,1359,Tidewater,school,775,280,Hampton High,57.02722590139808,NA,NA,NA,NA,NA,NA,NA,NA,NA
2022-2023,Hampton City,1131,Tidewater,school,725,640,Hunter B. Andrews,64.1025641025641,NA,NA,NA,NA,NA,NA,NA,NA,NA
2022-2023,Hampton City,376,Tidewater,school,244,250,Jane H. Bryan Elementary,64.8936170212766,NA,NA,NA,NA,NA,NA,NA,NA,NA
2022-2023,Hampton City,1564,Tidewater,school,679,320,Kecoughtan High,43.41432225063939,NA,NA,NA,NA,NA,NA,NA,NA,NA
2022-2023,Hampton City,455,Tidewater,school,302,490,Luther W. Machen Elementary,66.37362637362637,NA,NA,NA,NA,NA,NA,NA,NA,NA
2022-2023,Hampton City,402,Tidewater,school,274,440,Mary S. Peake Elementary,68.1592039800995,NA,NA,NA,NA,NA,NA,NA,NA,NA
2022-2023,Hampton City,273,Tidewater,school,174,270,Mary T. Christian Elementary,63.73626373626373,NA,NA,NA,NA,NA,NA,NA,NA,NA
2022-2023,Hampton City,309,Tidewater,school,105,360,Mary W. Jackson Elementary,33.980582524271846,NA,NA,NA,NA,NA,NA,NA,NA,NA
2022-2023,Hampton City,248,Tidewater,school,141,210,Moton Early Childhood Center,56.85483870967742,NA,NA,NA,NA,NA,NA,NA,NA,NA
2022-2023,Hampton City,443,Tidewater,school,227,410,Paul Burbank Elementary,51.24153498871332,NA,NA,NA,NA,NA,NA,NA,NA,NA
2022-2023,Hampton City,417,Tidewater,school,205,370,Phillips Elementary,49.16067146282973,NA,NA,NA,NA,NA,NA,NA,NA,NA
2022-2023,Hampton City,1365,Tidewater,school,781,50,Phoebus High,57.21611721611721,NA,NA,NA,NA,NA,NA,NA,NA,NA
2022-2023,Hampton City,456,Tidewater,school,207,180,Samuel P. Langley Elementary,45.39473684210527,NA,NA,NA,NA,NA,NA,NA,NA,NA
2022-2023,Hampton City,577,Tidewater,school,272,380,Thomas Eaton Middle,47.14038128249567,NA,NA,NA,NA,NA,NA,NA,NA,NA
2022-2023,Hampton City,386,Tidewater,school,149,80,William Mason Cooper Elementary,38.60103626943005,NA,NA,NA,NA,NA,NA,NA,NA,NA
2022-2023,Hanover County,1526,Central Virginia,school,310,62,Atlee High,20.31454783748362,NA,NA,NA,NA,NA,NA,NA,NA,NA
2022-2023,Hanover County,404,Central Virginia,school,76,360,Battlefield Park Elementary,18.81188118811881,NA,NA,NA,NA,NA,NA,NA,NA,NA
2022-2023,Hanover County,292,Central Virginia,school,98,20,Beaverdam Elementary,33.56164383561644,NA,NA,NA,NA,NA,NA,NA,NA,NA
2022-2023,Hanover County,934,Central Virginia,school,408,440,Bell Creek Middle,43.683083511777305,NA,NA,NA,NA,NA,NA,NA,NA,NA
2022-2023,Hanover County,1131,Central Virginia,school,239,61,Chickahominy Middle,21.131741821396993,NA,NA,NA,NA,NA,NA,NA,NA,NA
2022-2023,Hanover County,527,Central Virginia,school,218,70,Cold Harbor Elementary,41.36622390891841,NA,NA,NA,NA,NA,NA,NA,NA,NA
2022-2023,Hanover County,778,Central Virginia,school,88,551,Cool Spring Elementary,11.311053984575835,NA,NA,NA,NA,NA,NA,NA,NA,NA
2022-2023,Hanover County,395,Central Virginia,school,201,430,Elmont Elementary,50.8860759493671,NA,NA,NA,NA,NA,NA,NA,NA,NA
2022-2023,Hanover County,1427,Central Virginia,school,304,554,Hanover High,21.303433777154872,NA,NA,NA,NA,NA,NA,NA,NA,NA
2022-2023,Hanover County,361,Central Virginia,school,209,150,Henry Clay Elementary,57.89473684210527,NA,NA,NA,NA,NA,NA,NA,NA,NA
2022-2023,Hanover County,322,Central Virginia,school,174,162,John M. Gandy Elementary,54.037267080745345,NA,NA,NA,NA,NA,NA,NA,NA,NA
2022-2023,Hanover County,701,Central Virginia,school,104,200,Kersey Creek Elementary,14.835948644793154,NA,NA,NA,NA,NA,NA,NA,NA,NA
2022-2023,Hanover County,569,Central Virginia,school,212,210,Laurel Meadow Elementary,37.258347978910365,NA,NA,NA,NA,NA,NA,NA,NA,NA
2022-2023,Hanover County,911,Central Virginia,school,389,450,Liberty Middle,42.700329308452254,NA,NA,NA,NA,NA,NA,NA,NA,NA
2022-2023,Hanover County,615,Central Virginia,school,370,420,Mechanicsville Elementary,60.16260162601627,NA,NA,NA,NA,NA,NA,NA,NA,NA
2022-2023,Hanover County,1354,Central Virginia,school,485,370,Mechanicsville High,35.81979320531758,NA,NA,NA,NA,NA,NA,NA,NA,NA
2022-2023,Hanover County,941,Central Virginia,school,187,553,Oak Knoll Middle,19.872476089266737,NA,NA,NA,NA,NA,NA,NA,NA,NA
2022-2023,Hanover County,1323,Central Virginia,school,518,400,Patrick Henry High,39.15343915343915,NA,NA,NA,NA,NA,NA,NA,NA,NA
2022-2023,Hanover County,575,Central Virginia,school,75,410,Pearson's Corner Elementary,13.043478260869565,NA,NA,NA,NA,NA,NA,NA,NA,NA
2022-2023,Hanover County,534,Central Virginia,school,120,552,Pole Green Elementary,22.47191011235955,NA,NA,NA,NA,NA,NA,NA,NA,NA
2022-2023,Hanover County,607,Central Virginia,school,87,30,Rural Point Elementary,14.332784184514002,NA,NA,NA,NA,NA,NA,NA,NA,NA
2022-2023,Hanover County,454,Central Virginia,school,128,40,South Anna Elementary,28.193832599118945,NA,NA,NA,NA,NA,NA,NA,NA,NA
2022-2023,Hanover County,385,Central Virginia,school,108,290,Washington-Henry Elementary,28.05194805194805,NA,NA,NA,NA,NA,NA,NA,NA,NA
2022-2023,Harrisonburg City,550,Valley,school,268,120,Bluestone Elementary,48.72727272727273,NA,NA,NA,NA,NA,NA,NA,NA,NA
2022-2023,Harrisonburg City,1953,Valley,school,939,12,Harrisonburg High,48.07987711213518,NA,NA,NA,NA,NA,NA,NA,NA,NA
2022-2023,Harrisonburg City,526,Valley,school,214,50,Keister Elementary,40.68441064638783,NA,NA,NA,NA,NA,NA,NA,NA,NA
2022-2023,Harrisonburg City,697,Valley,school,380,111,Skyline Middle,54.51936872309899,NA,NA,NA,NA,NA,NA,NA,NA,NA
2022-2023,Harrisonburg City,730,Valley,school,410,110,Smithland Elementary,56.16438356164384,NA,NA,NA,NA,NA,NA,NA,NA,NA
2022-2023,Harrisonburg City,448,Valley,school,272,60,Spotswood Elementary,60.71428571428571,NA,NA,NA,NA,NA,NA,NA,NA,NA
2022-2023,Harrisonburg City,557,Valley,school,297,191,Stone Spring Elementary,53.3213644524237,NA,NA,NA,NA,NA,NA,NA,NA,NA
2022-2023,Harrisonburg City,693,Valley,school,325,80,Thomas Harrison Middle,46.897546897546896,NA,NA,NA,NA,NA,NA,NA,NA,NA
2022-2023,Harrisonburg City,530,Valley,school,299,30,Waterman Elementary,56.41509433962264,NA,NA,NA,NA,NA,NA,NA,NA,NA
2022-2023,Henrico County,331,Central Virginia,school,184,450,Anthony P. Mehfoud Elementary,55.58912386706949,NA,NA,NA,NA,NA,NA,NA,NA,NA
2022-2023,Henrico County,491,Central Virginia,school,318,320,Arthur Ashe Jr. Elementary,64.76578411405295,NA,NA,NA,NA,NA,NA,NA,NA,NA
2022-2023,Henrico County,1074,Central Virginia,school,663,500,Brookland Middle,61.731843575419,NA,NA,NA,NA,NA,NA,NA,NA,NA
2022-2023,Henrico County,514,Central Virginia,school,342,120,Cashell Donahoe Elementary,66.53696498054474,NA,NA,NA,NA,NA,NA,NA,NA,NA
2022-2023,Henrico County,318,Central Virginia,school,178,590,Chamberlayne Elementary,55.9748427672956,NA,NA,NA,NA,NA,NA,NA,NA,NA
2022-2023,Henrico County,392,Central Virginia,school,243,530,Charles M. Johnson Elementary,61.98979591836735,NA,NA,NA,NA,NA,NA,NA,NA,NA
2022-2023,Henrico County,666,Central Virginia,school,117,93,Colonial Trail Elementary,17.56756756756757,NA,NA,NA,NA,NA,NA,NA,NA,NA
2022-2023,Henrico County,352,Central Virginia,school,147,400,Crestview Elementary,41.76136363636363,NA,NA,NA,NA,NA,NA,NA,NA,NA
2022-2023,Henrico County,493,Central Virginia,school,59,82,David A. Kaechele Elementary,11.967545638945234,NA,NA,NA,NA,NA,NA,NA,NA,NA
2022-2023,Henrico County,2027,Central Virginia,school,231,160,Deep Run High,11.39615194869265,NA,NA,NA,NA,NA,NA,NA,NA,NA
2022-2023,Henrico County,1860,Central Virginia,school,661,410,Douglas S. Freeman High,35.537634408602145,NA,NA,NA,NA,NA,NA,NA,NA,NA
2022-2023,Henrico County,598,Central Virginia,school,365,700,Dumbarton Elementary,61.03678929765886,NA,NA,NA,NA,NA,NA,NA,NA,NA
2022-2023,Henrico County,528,Central Virginia,school,156,300,Echo Lake Elementary,29.545454545454547,NA,NA,NA,NA,NA,NA,NA,NA,NA
2022-2023,Henrico County,796,Central Virginia,school,560,680,Elizabeth Holladay Elementary,70.35175879396985,NA,NA,NA,NA,NA,NA,NA,NA,NA
2022-2023,Henrico County,730,Central Virginia,school,452,92,Elko Middle,61.917808219178085,NA,NA,NA,NA,NA,NA,NA,NA,NA
2022-2023,Henrico County,379,Central Virginia,school,302,200,Fair Oaks Elementary,79.68337730870712,NA,NA,NA,NA,NA,NA,NA,NA,NA
2022-2023,Henrico County,987,Central Virginia,school,638,510,Fairfield Middle,64.6403242147923,NA,NA,NA,NA,NA,NA,NA,NA,NA
2022-2023,Henrico County,544,Central Virginia,school,83,150,Gayton Elementary,15.257352941176471,NA,NA,NA,NA,NA,NA,NA,NA,NA
2022-2023,Henrico County,410,Central Virginia,school,272,470,George F. Baker Elementary,66.34146341463415,NA,NA,NA,NA,NA,NA,NA,NA,NA
2022-2023,Henrico County,1072,Central Virginia,school,347,390,George H. Moody Middle,32.36940298507462,NA,NA,NA,NA,NA,NA,NA,NA,NA
2022-2023,Henrico County,582,Central Virginia,school,132,20,Glen Allen Elementary,22.68041237113402,NA,NA,NA,NA,NA,NA,NA,NA,NA
2022-2023,Henrico County,2006,Central Virginia,school,488,96,Glen Allen High,24.32701894317049,NA,NA,NA,NA,NA,NA,NA,NA,NA
2022-2023,Henrico County,432,Central Virginia,school,383,380,Glen Lea Elementary,88.6574074074074,NA,NA,NA,NA,NA,NA,NA,NA,NA
2022-2023,Henrico County,600,Central Virginia,school,285,260,Greenwood Elementary,47.5,NA,NA,NA,NA,NA,NA,NA,NA,NA
2022-2023,Henrico County,428,Central Virginia,school,325,420,Harold Macon Ratcliffe Elementary,75.93457943925233,NA,NA,NA,NA,NA,NA,NA,NA,NA
2022-2023,Henrico County,495,Central Virginia,school,335,94,Harvie Elementary,67.67676767676768,NA,NA,NA,NA,NA,NA,NA,NA,NA
2022-2023,Henrico County,1348,Central Virginia,school,719,610,Henrico High,53.338278931750736,NA,NA,NA,NA,NA,NA,NA,NA,NA
2022-2023,Henrico County,795,Central Virginia,school,495,83,Henrico Virtual Academy,62.264150943396224,NA,NA,NA,NA,NA,NA,NA,NA,NA
2022-2023,Henrico County,470,Central Virginia,school,297,330,Henry D. Ward Elementary,63.191489361702125,NA,NA,NA,NA,NA,NA,NA,NA,NA
2022-2023,Henrico County,1717,Central Virginia,school,873,670,Hermitage High,50.844496214327314,NA,NA,NA,NA,NA,NA,NA,NA,NA
2022-2023,Henrico County,532,Central Virginia,school,439,640,Highland Springs Elementary,82.5187969924812,NA,NA,NA,NA,NA,NA,NA,NA,NA
2022-2023,Henrico County,2089,Central Virginia,school,NA,190,Highland Springs High,NA,NA,NA,NA,NA,NA,NA,NA,NA,NA
2022-2023,Henrico County,850,Central Virginia,school,293,95,Holman Middle,34.470588235294116,NA,NA,NA,NA,NA,NA,NA,NA,NA
2022-2023,Henrico County,829,Central Virginia,school,311,100,Hungary Creek Middle,37.51507840772014,NA,NA,NA,NA,NA,NA,NA,NA,NA
2022-2023,Henrico County,518,Central Virginia,school,216,620,Jackson Davis Elementary,41.6988416988417,NA,NA,NA,NA,NA,NA,NA,NA,NA
2022-2023,Henrico County,464,Central Virginia,school,349,660,Jacob L. Adams Elementary,75.21551724137932,NA,NA,NA,NA,NA,NA,NA,NA,NA
2022-2023,Henrico County,1916,Central Virginia,school,NA,600,John Randolph Tucker High,NA,NA,NA,NA,NA,NA,NA,NA,NA,NA
2022-2023,Henrico County,764,Central Virginia,school,497,130,John Rolfe Middle,65.0523560209424,NA,NA,NA,NA,NA,NA,NA,NA,NA
2022-2023,Henrico County,761,Central Virginia,school,423,250,L. Douglas Wilder Middle,55.584756898817346,NA,NA,NA,NA,NA,NA,NA,NA,NA
2022-2023,Henrico County,456,Central Virginia,school,386,430,Laburnum Elementary,84.64912280701753,NA,NA,NA,NA,NA,NA,NA,NA,NA
2022-2023,Henrico County,438,Central Virginia,school,247,370,Lakeside Elementary,56.39269406392694,NA,NA,NA,NA,NA,NA,NA,NA,NA
2022-2023,Henrico County,474,Central Virginia,school,321,50,Longdale Elementary,67.72151898734177,NA,NA,NA,NA,NA,NA,NA,NA,NA
2022-2023,Henrico County,537,Central Virginia,school,289,490,Maude Trevvett Elementary,53.81750465549349,NA,NA,NA,NA,NA,NA,NA,NA,NA
2022-2023,Henrico County,653,Central Virginia,school,283,540,Maybeury Elementary,43.33843797856049,NA,NA,NA,NA,NA,NA,NA,NA,NA
2022-2023,Henrico County,1773,Central Virginia,school,397,140,Mills E. Godwin High,22.39142695995488,NA,NA,NA,NA,NA,NA,NA,NA,NA
2022-2023,Henrico County,311,Central Virginia,school,235,210,Montrose Elementary,75.56270096463022,NA,NA,NA,NA,NA,NA,NA,NA,NA
2022-2023,Henrico County,590,Central Virginia,school,81,270,Nuckols Farm Elementary,13.728813559322035,NA,NA,NA,NA,NA,NA,NA,NA,NA
2022-2023,Henrico County,354,Central Virginia,school,82,440,Pemberton Elementary,23.163841807909606,NA,NA,NA,NA,NA,NA,NA,NA,NA
2022-2023,Henrico County,522,Central Virginia,school,245,570,Pinchbeck Elementary,46.934865900383144,NA,NA,NA,NA,NA,NA,NA,NA,NA
2022-2023,Henrico County,825,Central Virginia,school,209,280,Pocahontas Middle,25.333333333333336,NA,NA,NA,NA,NA,NA,NA,NA,NA
2022-2023,Henrico County,1040,Central Virginia,school,468,690,Quioccasin Middle,45,NA,NA,NA,NA,NA,NA,NA,NA,NA
2022-2023,Henrico County,459,Central Virginia,school,270,630,R.C. Longan Elementary,58.82352941176471,NA,NA,NA,NA,NA,NA,NA,NA,NA
2022-2023,Henrico County,466,Central Virginia,school,275,90,Ridge Elementary,59.01287553648069,NA,NA,NA,NA,NA,NA,NA,NA,NA
2022-2023,Henrico County,748,Central Virginia,school,56,240,Rivers Edge Elementary,7.4866310160427805,NA,NA,NA,NA,NA,NA,NA,NA,NA
2022-2023,Henrico County,456,Central Virginia,school,239,650,Ruby F. Carver Elementary,52.41228070175439,NA,NA,NA,NA,NA,NA,NA,NA,NA
2022-2023,Henrico County,188,Central Virginia,school,132,220,Sandston Elementary,70.2127659574468,NA,NA,NA,NA,NA,NA,NA,NA,NA
2022-2023,Henrico County,376,Central Virginia,school,230,550,Seven Pines Elementary,61.170212765957444,NA,NA,NA,NA,NA,NA,NA,NA,NA
2022-2023,Henrico County,591,Central Virginia,school,50,710,Shady Grove Elementary,8.460236886632826,NA,NA,NA,NA,NA,NA,NA,NA,NA
2022-2023,Henrico County,558,Central Virginia,school,111,60,Short Pump Elementary,19.892473118279568,NA,NA,NA,NA,NA,NA,NA,NA,NA
2022-2023,Henrico County,1112,Central Virginia,school,146,80,Short Pump Middle,13.129496402877697,NA,NA,NA,NA,NA,NA,NA,NA,NA
2022-2023,Henrico County,508,Central Virginia,school,274,480,Skipwith Elementary,53.937007874015755,NA,NA,NA,NA,NA,NA,NA,NA,NA
2022-2023,Henrico County,632,Central Virginia,school,261,230,Springfield Park Elementary,41.29746835443038,NA,NA,NA,NA,NA,NA,NA,NA,NA
2022-2023,Henrico County,296,Central Virginia,school,117,10,Three Chopt Elementary,39.52702702702703,NA,NA,NA,NA,NA,NA,NA,NA,NA
2022-2023,Henrico County,650,Central Virginia,school,62,360,Tuckahoe Elementary,9.538461538461538,NA,NA,NA,NA,NA,NA,NA,NA,NA
2022-2023,Henrico County,1003,Central Virginia,school,379,520,Tuckahoe Middle,37.78664007976072,NA,NA,NA,NA,NA,NA,NA,NA,NA
2022-2023,Henrico County,547,Central Virginia,school,57,310,Twin Hickory Elementary,10.420475319926874,NA,NA,NA,NA,NA,NA,NA,NA,NA
2022-2023,Henrico County,263,Central Virginia,school,129,290,Varina Elementary,49.049429657794676,NA,NA,NA,NA,NA,NA,NA,NA,NA
2022-2023,Henrico County,1405,Central Virginia,school,751,580,Varina High,53.45195729537367,NA,NA,NA,NA,NA,NA,NA,NA,NA
2022-2023,Henry County,364,Western Virginia,school,249,361,Axton Elementary,68.4065934065934,NA,NA,NA,NA,NA,NA,NA,NA,NA
2022-2023,Henry County,1107,Western Virginia,school,761,10,Bassett High,68.74435411020777,NA,NA,NA,NA,NA,NA,NA,NA,NA
2022-2023,Henry County,269,Western Virginia,school,227,590,Campbell Court Elementary,84.38661710037175,NA,NA,NA,NA,NA,NA,NA,NA,NA
2022-2023,Henry County,404,Western Virginia,school,277,530,Drewry Mason Elementary,68.56435643564357,NA,NA,NA,NA,NA,NA,NA,NA,NA
2022-2023,Henry County,805,Western Virginia,school,562,620,Fieldale-Collinsville Middle,69.8136645962733,NA,NA,NA,NA,NA,NA,NA,NA,NA
2022-2023,Henry County,461,Western Virginia,school,329,480,G.W. Carver Elementary,71.36659436008676,NA,NA,NA,NA,NA,NA,NA,NA,NA
2022-2023,Henry County,786,Western Virginia,school,522,670,Laurel Park Middle,66.41221374045801,NA,NA,NA,NA,NA,NA,NA,NA,NA
2022-2023,Henry County,1104,Western Virginia,school,647,20,Magna Vista High,58.60507246376812,NA,NA,NA,NA,NA,NA,NA,NA,NA
2022-2023,Henry County,674,Western Virginia,school,471,661,Meadow View Elementary,69.8813056379822,NA,NA,NA,NA,NA,NA,NA,NA,NA
2022-2023,Henry County,280,Western Virginia,school,196,872,Mount Olivet Elementary,70,NA,NA,NA,NA,NA,NA,NA,NA,NA
2022-2023,Henry County,251,Western Virginia,school,187,740,Rich Acres Elementary,74.5019920318725,NA,NA,NA,NA,NA,NA,NA,NA,NA
2022-2023,Henry County,238,Western Virginia,school,179,220,Sanville Elementary,75.21008403361344,NA,NA,NA,NA,NA,NA,NA,NA,NA
2022-2023,Henry County,267,Western Virginia,school,183,760,Stanleytown Elementary,68.53932584269663,NA,NA,NA,NA,NA,NA,NA,NA,NA
2022-2023,Highland County,97,Valley,school,53,110,Highland Elementary,54.63917525773196,NA,NA,NA,NA,NA,NA,NA,NA,NA
2022-2023,Highland County,103,Valley,school,35,220,Highland High,33.980582524271846,NA,NA,NA,NA,NA,NA,NA,NA,NA
2022-2023,Hopewell City,826,Central Virginia,school,784,110,Carter G. Woodson Middle,94.91525423728814,NA,NA,NA,NA,NA,NA,NA,NA,NA
2022-2023,Hopewell City,633,Central Virginia,school,598,40,Dupont Elementary,94.47077409162718,NA,NA,NA,NA,NA,NA,NA,NA,NA
2022-2023,Hopewell City,481,Central Virginia,school,435,140,Harry E. James Elementary,90.43659043659044,NA,NA,NA,NA,NA,NA,NA,NA,NA
2022-2023,Hopewell City,1136,Central Virginia,school,NA,120,Hopewell High,NA,NA,NA,NA,NA,NA,NA,NA,NA,NA
2022-2023,Hopewell City,600,Central Virginia,school,549,70,Patrick Copeland Elementary,91.5,NA,NA,NA,NA,NA,NA,NA,NA,NA
2022-2023,Hopewell City,309,Central Virginia,school,205,151,Woodlawn Pre-School Learning Center,66.34304207119742,NA,NA,NA,NA,NA,NA,NA,NA,NA
2022-2023,Isle of Wight County,662,Tidewater,school,206,421,Carrollton Elementary,31.1178247734139,NA,NA,NA,NA,NA,NA,NA,NA,NA
2022-2023,Isle of Wight County,252,Tidewater,school,107,280,Carrsville Elementary,42.46031746031746,NA,NA,NA,NA,NA,NA,NA,NA,NA
2022-2023,Isle of Wight County,375,Tidewater,school,147,422,Georgie D. Tyler Middle,39.2,NA,NA,NA,NA,NA,NA,NA,NA,NA
2022-2023,Isle of Wight County,526,Tidewater,school,233,320,Hardy Elementary,44.29657794676806,NA,NA,NA,NA,NA,NA,NA,NA,NA
2022-2023,Isle of Wight County,1348,Tidewater,school,426,40,Smithfield High,31.602373887240354,NA,NA,NA,NA,NA,NA,NA,NA,NA
2022-2023,Isle of Wight County,610,Tidewater,school,231,50,Smithfield Middle,37.868852459016395,NA,NA,NA,NA,NA,NA,NA,NA,NA
2022-2023,Isle of Wight County,729,Tidewater,school,223,424,Westside Elementary,30.589849108367627,NA,NA,NA,NA,NA,NA,NA,NA,NA
2022-2023,Isle of Wight County,600,Tidewater,school,249,240,Windsor Elementary,41.5,NA,NA,NA,NA,NA,NA,NA,NA,NA
2022-2023,Isle of Wight County,527,Tidewater,school,197,250,Windsor High,37.381404174573056,NA,NA,NA,NA,NA,NA,NA,NA,NA
2022-2023,King George County,744,Northern Neck,school,305,100,King George Elementary,40.99462365591398,NA,NA,NA,NA,NA,NA,NA,NA,NA
2022-2023,King George County,1489,Northern Neck,school,464,120,King George High,31.161853593015447,NA,NA,NA,NA,NA,NA,NA,NA,NA
2022-2023,King George County,1001,Northern Neck,school,323,10,King George Middle,32.26773226773227,NA,NA,NA,NA,NA,NA,NA,NA,NA
2022-2023,King George County,533,Northern Neck,school,157,50,Potomac Elementary,29.45590994371482,NA,NA,NA,NA,NA,NA,NA,NA,NA
2022-2023,King George County,754,Northern Neck,school,265,221,Sealston Elementary,35.145888594164454,NA,NA,NA,NA,NA,NA,NA,NA,NA
2022-2023,King William County,432,Northern Neck,school,154,180,Acquinton Elementary,35.648148148148145,NA,NA,NA,NA,NA,NA,NA,NA,NA
2022-2023,King William County,506,Northern Neck,school,137,190,Cool Spring Primary,27.07509881422925,NA,NA,NA,NA,NA,NA,NA,NA,NA
2022-2023,King William County,450,Northern Neck,school,181,160,Hamilton Holmes Middle,40.22222222222222,NA,NA,NA,NA,NA,NA,NA,NA,NA
2022-2023,King William County,696,Northern Neck,school,256,130,King William High,36.7816091954023,NA,NA,NA,NA,NA,NA,NA,NA,NA
2022-2023,King and Queen County,273,Northern Neck,school,178,280,Central High,65.2014652014652,NA,NA,NA,NA,NA,NA,NA,NA,NA
2022-2023,King and Queen County,274,Northern Neck,school,158,200,King & Queen Elementary,57.66423357664233,NA,NA,NA,NA,NA,NA,NA,NA,NA
2022-2023,King and Queen County,311,Northern Neck,school,179,290,Lawson-Marriott Elementary,57.556270096463024,NA,NA,NA,NA,NA,NA,NA,NA,NA
2022-2023,Lancaster County,83,Northern Neck,school,50,310,Lancaster Early Childhood Education Center,60.24096385542169,NA,NA,NA,NA,NA,NA,NA,NA,NA
2022-2023,Lancaster County,403,Northern Neck,school,237,10,Lancaster High,58.80893300248139,NA,NA,NA,NA,NA,NA,NA,NA,NA
2022-2023,Lancaster County,237,Northern Neck,school,147,110,Lancaster Middle,62.0253164556962,NA,NA,NA,NA,NA,NA,NA,NA,NA
2022-2023,Lancaster County,316,Northern Neck,school,224,210,Lancaster Primary,70.88607594936708,NA,NA,NA,NA,NA,NA,NA,NA,NA
2022-2023,Lee County,273,Southwest,school,200,160,Dryden Elementary,73.26007326007326,NA,NA,NA,NA,NA,NA,NA,NA,NA
2022-2023,Lee County,283,Southwest,school,197,330,Elk Knob Elementary,69.6113074204947,NA,NA,NA,NA,NA,NA,NA,NA,NA
2022-2023,Lee County,139,Southwest,school,86,820,Elydale Middle,61.87050359712231,NA,NA,NA,NA,NA,NA,NA,NA,NA
2022-2023,Lee County,302,Southwest,school,197,630,Flatwoods Elementary,65.23178807947019,NA,NA,NA,NA,NA,NA,NA,NA,NA
2022-2023,Lee County,248,Southwest,school,141,470,Jonesville Middle,56.85483870967742,NA,NA,NA,NA,NA,NA,NA,NA,NA
2022-2023,Lee County,781,Southwest,school,490,300,Lee High,62.740076824583866,NA,NA,NA,NA,NA,NA,NA,NA,NA
2022-2023,Lee County,274,Southwest,school,209,290,Pennington Middle,76.27737226277372,NA,NA,NA,NA,NA,NA,NA,NA,NA
2022-2023,Lee County,251,Southwest,school,189,670,Rose Hill Elementary,75.2988047808765,NA,NA,NA,NA,NA,NA,NA,NA,NA
2022-2023,Lee County,120,Southwest,school,92,200,St. Charles Elementary,76.66666666666667,NA,NA,NA,NA,NA,NA,NA,NA,NA
2022-2023,Lee County,278,Southwest,school,158,880,Thomas Walker High,56.83453237410072,NA,NA,NA,NA,NA,NA,NA,NA,NA
2022-2023,Lexington City,324,Valley,school,97,1390,Harrington Waddell Elementary,29.938271604938272,NA,NA,NA,NA,NA,NA,NA,NA,NA
2022-2023,Lexington City,162,Valley,school,42,1440,Lylburn Downing Middle,25.925925925925924,NA,NA,NA,NA,NA,NA,NA,NA,NA
2022-2023,Lexington City,1,Valley,school,NA,22,Rockbridge County High,NA,NA,NA,NA,NA,NA,NA,NA,NA,NA
2022-2023,Loudoun County,111,Northern Virginia,school,23,510,Aldie Elementary,20.72072072072072,NA,NA,NA,NA,NA,NA,NA,NA,NA
2022-2023,Loudoun County,463,Northern Virginia,school,94,150,Algonkian Elementary,20.302375809935207,NA,NA,NA,NA,NA,NA,NA,NA,NA
2022-2023,Loudoun County,811,Northern Virginia,school,136,610,Arcola Elementary,16.769420468557335,NA,NA,NA,NA,NA,NA,NA,NA,NA
2022-2023,Loudoun County,523,Northern Virginia,school,118,170,Ashburn Elementary,22.562141491395792,NA,NA,NA,NA,NA,NA,NA,NA,NA
2022-2023,Loudoun County,465,Northern Virginia,school,140,220,Ball's Bluff Elementary,30.107526881720432,NA,NA,NA,NA,NA,NA,NA,NA,NA
2022-2023,Loudoun County,172,Northern Virginia,school,49,650,Banneker Elementary,28.488372093023255,NA,NA,NA,NA,NA,NA,NA,NA,NA
2022-2023,Loudoun County,1070,Northern Virginia,school,195,940,Belmont Ridge Middle,18.22429906542056,NA,NA,NA,NA,NA,NA,NA,NA,NA
2022-2023,Loudoun County,711,Northern Virginia,school,102,300,Belmont Station Elementary,14.345991561181433,NA,NA,NA,NA,NA,NA,NA,NA,NA
2022-2023,Loudoun County,802,Northern Virginia,school,127,790,Blue Ridge Middle,15.835411471321695,NA,NA,NA,NA,NA,NA,NA,NA,NA
2022-2023,Loudoun County,1623,Northern Virginia,school,147,1120,Brambleton Middle,9.057301293900185,NA,NA,NA,NA,NA,NA,NA,NA,NA
2022-2023,Loudoun County,1759,Northern Virginia,school,199,420,Briar Woods High,11.313246162592382,NA,NA,NA,NA,NA,NA,NA,NA,NA
2022-2023,Loudoun County,1589,Northern Virginia,school,432,740,Broad Run High,27.186910006293267,NA,NA,NA,NA,NA,NA,NA,NA,NA
2022-2023,Loudoun County,815,Northern Virginia,school,78,450,Buffalo Trail Elementary,9.570552147239264,NA,NA,NA,NA,NA,NA,NA,NA,NA
2022-2023,Loudoun County,871,Northern Virginia,school,127,460,Cardinal Ridge Elementary,14.580941446613089,NA,NA,NA,NA,NA,NA,NA,NA,NA
2022-2023,Loudoun County,601,Northern Virginia,school,179,710,Catoctin Elementary,29.783693843594012,NA,NA,NA,NA,NA,NA,NA,NA,NA
2022-2023,Loudoun County,730,Northern Virginia,school,162,840,Cedar Lane Elementary,22.19178082191781,NA,NA,NA,NA,NA,NA,NA,NA,NA
2022-2023,Loudoun County,613,Northern Virginia,school,293,160,Cool Spring Elementary,47.79771615008156,NA,NA,NA,NA,NA,NA,NA,NA,NA
2022-2023,Loudoun County,636,Northern Virginia,school,266,890,Countryside Elementary,41.82389937106918,NA,NA,NA,NA,NA,NA,NA,NA,NA
2022-2023,Loudoun County,875,Northern Virginia,school,143,540,Creighton's Corner Elementary,16.34285714285714,NA,NA,NA,NA,NA,NA,NA,NA,NA
2022-2023,Loudoun County,710,Northern Virginia,school,200,1000,Discovery Elementary,28.169014084507044,NA,NA,NA,NA,NA,NA,NA,NA,NA
2022-2023,Loudoun County,1509,Northern Virginia,school,664,31,Dominion High,44.002650762094106,NA,NA,NA,NA,NA,NA,NA,NA,NA
2022-2023,Loudoun County,587,Northern Virginia,school,231,470,Dominion Trail Elementary,39.3526405451448,NA,NA,NA,NA,NA,NA,NA,NA,NA
2022-2023,Loudoun County,1206,Northern Virginia,school,125,880,Eagle Ridge Middle,10.364842454394694,NA,NA,NA,NA,NA,NA,NA,NA,NA
2022-2023,Loudoun County,880,Northern Virginia,school,93,1151,Elaine E. Thompson Elementary,10.568181818181818,NA,NA,NA,NA,NA,NA,NA,NA,NA
2022-2023,Loudoun County,408,Northern Virginia,school,46,730,Emerick Elementary,11.27450980392157,NA,NA,NA,NA,NA,NA,NA,NA,NA
2022-2023,Loudoun County,606,Northern Virginia,school,182,190,Evergreen Mill Elementary,30.033003300330037,NA,NA,NA,NA,NA,NA,NA,NA,NA
2022-2023,Loudoun County,1026,Northern Virginia,school,304,210,Farmwell Station Middle,29.629629629629626,NA,NA,NA,NA,NA,NA,NA,NA,NA
2022-2023,Loudoun County,533,Northern Virginia,school,354,970,Forest Grove Elementary,66.41651031894934,NA,NA,NA,NA,NA,NA,NA,NA,NA
2022-2023,Loudoun County,608,Northern Virginia,school,254,91,Frances Hazel Reid Elementary,41.776315789473685,NA,NA,NA,NA,NA,NA,NA,NA,NA
2022-2023,Loudoun County,581,Northern Virginia,school,304,530,Frederick Douglass Elementary,52.323580034423415,NA,NA,NA,NA,NA,NA,NA,NA,NA
2022-2023,Loudoun County,2002,Northern Virginia,school,284,120,Freedom High,14.185814185814186,NA,NA,NA,NA,NA,NA,NA,NA,NA
2022-2023,Loudoun County,950,Northern Virginia,school,78,371,Goshen Post Elementary,8.210526315789474,NA,NA,NA,NA,NA,NA,NA,NA,NA
2022-2023,Loudoun County,541,Northern Virginia,school,458,720,Guilford Elementary,84.65804066543437,NA,NA,NA,NA,NA,NA,NA,NA,NA
2022-2023,Loudoun County,164,Northern Virginia,school,17,230,Hamilton Elementary,10.365853658536585,NA,NA,NA,NA,NA,NA,NA,NA,NA
2022-2023,Loudoun County,1086,Northern Virginia,school,130,921,Harmony Middle,11.970534069981584,NA,NA,NA,NA,NA,NA,NA,NA,NA
2022-2023,Loudoun County,846,Northern Virginia,school,266,520,Harper Park Middle,31.44208037825059,NA,NA,NA,NA,NA,NA,NA,NA,NA
2022-2023,Loudoun County,1468,Northern Virginia,school,469,900,Heritage High,31.94822888283379,NA,NA,NA,NA,NA,NA,NA,NA,NA
2022-2023,Loudoun County,143,Northern Virginia,school,NA,111,Hillsboro Charter Academy,NA,NA,NA,NA,NA,NA,NA,NA,NA,NA
2022-2023,Loudoun County,627,Northern Virginia,school,96,400,Hillside Elementary,15.311004784688995,NA,NA,NA,NA,NA,NA,NA,NA,NA
2022-2023,Loudoun County,487,Northern Virginia,school,101,820,Horizon Elementary,20.739219712525667,NA,NA,NA,NA,NA,NA,NA,NA,NA
2022-2023,Loudoun County,933,Northern Virginia,school,29,1131,Hovatter Elementary,3.1082529474812435,NA,NA,NA,NA,NA,NA,NA,NA,NA
2022-2023,Loudoun County,726,Northern Virginia,school,189,960,Hutchison Farm Elementary,26.033057851239672,NA,NA,NA,NA,NA,NA,NA,NA,NA
2022-2023,Loudoun County,2021,Northern Virginia,school,201,1110,Independence High,9.945571499257793,NA,NA,NA,NA,NA,NA,NA,NA,NA
2022-2023,Loudoun County,974,Northern Virginia,school,252,20,J. Lupton Simpson Middle,25.87268993839836,NA,NA,NA,NA,NA,NA,NA,NA,NA
2022-2023,Loudoun County,1328,Northern Virginia,school,212,580,J. Michael Lunsford Middle,15.963855421686745,NA,NA,NA,NA,NA,NA,NA,NA,NA
2022-2023,Loudoun County,1600,Northern Virginia,school,334,370,John Champe High,20.875,NA,NA,NA,NA,NA,NA,NA,NA,NA
2022-2023,Loudoun County,626,Northern Virginia,school,144,950,John W. Tolbert Jr. Elementary,23.003194888178914,NA,NA,NA,NA,NA,NA,NA,NA,NA
2022-2023,Loudoun County,430,Northern Virginia,school,44,600,Kenneth W.Culbert Elementary,10.232558139534884,NA,NA,NA,NA,NA,NA,NA,NA,NA
2022-2023,Loudoun County,428,Northern Virginia,school,194,80,Leesburg Elementary,45.32710280373832,NA,NA,NA,NA,NA,NA,NA,NA,NA
2022-2023,Loudoun County,706,Northern Virginia,school,78,430,Legacy Elementary,11.048158640226628,NA,NA,NA,NA,NA,NA,NA,NA,NA
2022-2023,Loudoun County,866,Northern Virginia,school,116,560,Liberty Elementary,13.394919168591224,NA,NA,NA,NA,NA,NA,NA,NA,NA
2022-2023,Loudoun County,1771,Northern Virginia,school,169,1130,Lightridge High,9.542631281761716,NA,NA,NA,NA,NA,NA,NA,NA,NA
2022-2023,Loudoun County,95,Northern Virginia,school,NA,290,Lincoln Elementary,NA,NA,NA,NA,NA,NA,NA,NA,NA,NA
2022-2023,Loudoun County,710,Northern Virginia,school,75,860,Little River Elementary,10.56338028169014,NA,NA,NA,NA,NA,NA,NA,NA,NA
2022-2023,Loudoun County,1537,Northern Virginia,school,404,660,Loudoun County High,26.284970722186074,NA,NA,NA,NA,NA,NA,NA,NA,NA
2022-2023,Loudoun County,1185,Northern Virginia,school,178,680,Loudoun Valley High,15.021097046413502,NA,NA,NA,NA,NA,NA,NA,NA,NA
2022-2023,Loudoun County,526,Northern Virginia,school,73,780,Lovettsville Elementary,13.878326996197718,NA,NA,NA,NA,NA,NA,NA,NA,NA
2022-2023,Loudoun County,513,Northern Virginia,school,85,500,Lowes Island Elementary,16.569200779727094,NA,NA,NA,NA,NA,NA,NA,NA,NA
2022-2023,Loudoun County,270,Northern Virginia,school,75,130,Lucketts Elementary,27.77777777777778,NA,NA,NA,NA,NA,NA,NA,NA,NA
2022-2023,Loudoun County,945,Northern Virginia,school,66,1030,Madison's Trust Elementary,6.984126984126984,NA,NA,NA,NA,NA,NA,NA,NA,NA
2022-2023,Loudoun County,454,Northern Virginia,school,242,70,Meadowland Elementary,53.30396475770925,NA,NA,NA,NA,NA,NA,NA,NA,NA
2022-2023,Loudoun County,1380,Northern Virginia,school,250,320,Mercer Middle,18.115942028985508,NA,NA,NA,NA,NA,NA,NA,NA,NA
2022-2023,Loudoun County,143,Northern Virginia,school,NA,1200,Middleburg Community Charter,NA,NA,NA,NA,NA,NA,NA,NA,NA,NA
2022-2023,Loudoun County,677,Northern Virginia,school,54,910,Mill Run Elementary,7.976366322008863,NA,NA,NA,NA,NA,NA,NA,NA,NA
2022-2023,Loudoun County,890,Northern Virginia,school,180,380,Moorefield Station Elementary,20.224719101123593,NA,NA,NA,NA,NA,NA,NA,NA,NA
2022-2023,Loudoun County,686,Northern Virginia,school,110,980,Mountain View Elementary,16.034985422740526,NA,NA,NA,NA,NA,NA,NA,NA,NA
2022-2023,Loudoun County,630,Northern Virginia,school,133,270,Newton-Lee Elementary,21.11111111111111,NA,NA,NA,NA,NA,NA,NA,NA,NA
2022-2023,Loudoun County,1457,Northern Virginia,school,NA,60,Park View High,NA,NA,NA,NA,NA,NA,NA,NA,NA,NA
2022-2023,Loudoun County,914,Northern Virginia,school,106,340,Pinebrook Elementary,11.597374179431071,NA,NA,NA,NA,NA,NA,NA,NA,NA
2022-2023,Loudoun County,1608,Northern Virginia,school,566,140,Potomac Falls High,35.199004975124375,NA,NA,NA,NA,NA,NA,NA,NA,NA
2022-2023,Loudoun County,530,Northern Virginia,school,291,250,Potowmack Elementary,54.90566037735849,NA,NA,NA,NA,NA,NA,NA,NA,NA
2022-2023,Loudoun County,1161,Northern Virginia,school,434,930,River Bend Middle,37.38156761412576,NA,NA,NA,NA,NA,NA,NA,NA,NA
2022-2023,Loudoun County,1805,Northern Virginia,school,307,1050,Riverside High,17.008310249307478,NA,NA,NA,NA,NA,NA,NA,NA,NA
2022-2023,Loudoun County,1453,Northern Virginia,school,285,1060,Rock Ridge High,19.61459050240881,NA,NA,NA,NA,NA,NA,NA,NA,NA
2022-2023,Loudoun County,565,Northern Virginia,school,391,40,Rolling Ridge Elementary,69.20353982300885,NA,NA,NA,NA,NA,NA,NA,NA,NA
2022-2023,Loudoun County,849,Northern Virginia,school,79,550,Rosa Lee Carter Elementary,9.305064782096583,NA,NA,NA,NA,NA,NA,NA,NA,NA
2022-2023,Loudoun County,586,Northern Virginia,school,66,180,Round Hill Elementary,11.262798634812286,NA,NA,NA,NA,NA,NA,NA,NA,NA
2022-2023,Loudoun County,432,Northern Virginia,school,85,240,Sanders Corner Elementary,19.675925925925927,NA,NA,NA,NA,NA,NA,NA,NA,NA
2022-2023,Loudoun County,556,Northern Virginia,school,77,870,Seldens Landing Elementary,13.848920863309353,NA,NA,NA,NA,NA,NA,NA,NA,NA
2022-2023,Loudoun County,916,Northern Virginia,school,424,30,Seneca Ridge Middle,46.288209606986904,NA,NA,NA,NA,NA,NA,NA,NA,NA
2022-2023,Loudoun County,874,Northern Virginia,school,315,90,Smart's Mill Middle,36.04118993135012,NA,NA,NA,NA,NA,NA,NA,NA,NA
2022-2023,Loudoun County,432,Northern Virginia,school,280,690,Sterling Elementary,64.81481481481481,NA,NA,NA,NA,NA,NA,NA,NA,NA
2022-2023,Loudoun County,1040,Northern Virginia,school,825,760,Sterling Middle,79.32692307692307,NA,NA,NA,NA,NA,NA,NA,NA,NA
2022-2023,Loudoun County,627,Northern Virginia,school,206,350,Steuart W. Weller Elementary,32.854864433811805,NA,NA,NA,NA,NA,NA,NA,NA,NA
2022-2023,Loudoun County,1706,Northern Virginia,school,266,850,Stone Bridge High,15.59202813599062,NA,NA,NA,NA,NA,NA,NA,NA,NA
2022-2023,Loudoun County,1110,Northern Virginia,school,168,570,Stone Hill Middle,15.135135135135137,NA,NA,NA,NA,NA,NA,NA,NA,NA
2022-2023,Loudoun County,494,Northern Virginia,school,380,10,Sugarland Elementary,76.92307692307693,NA,NA,NA,NA,NA,NA,NA,NA,NA
2022-2023,Loudoun County,462,Northern Virginia,school,382,750,Sully Elementary,82.68398268398268,NA,NA,NA,NA,NA,NA,NA,NA,NA
2022-2023,Loudoun County,506,Northern Virginia,school,39,280,Sycolin Creek Elementary,7.707509881422925,NA,NA,NA,NA,NA,NA,NA,NA,NA
2022-2023,Loudoun County,1151,Northern Virginia,school,221,1040,Trailside Middle,19.200695047784535,NA,NA,NA,NA,NA,NA,NA,NA,NA
2022-2023,Loudoun County,1417,Northern Virginia,school,515,200,Tuscarora High,36.344389555398735,NA,NA,NA,NA,NA,NA,NA,NA,NA
2022-2023,Loudoun County,31,Northern Virginia,school,29,532,W.O. Robey High,93.54838709677419,NA,NA,NA,NA,NA,NA,NA,NA,NA
2022-2023,Loudoun County,247,Northern Virginia,school,NA,700,Waterford Elementary,NA,NA,NA,NA,NA,NA,NA,NA,NA,NA
2022-2023,Loudoun County,702,Northern Virginia,school,61,1140,Waxpool Elementary,8.68945868945869,NA,NA,NA,NA,NA,NA,NA,NA,NA
2022-2023,Loudoun County,1587,Northern Virginia,school,131,360,Willard Middle,8.254568367989918,NA,NA,NA,NA,NA,NA,NA,NA,NA
2022-2023,Loudoun County,1606,Northern Virginia,school,217,590,Woodgrove High,13.511830635118308,NA,NA,NA,NA,NA,NA,NA,NA,NA
2022-2023,Louisa County,621,Valley,school,277,660,Jouett Elementary,44.605475040257645,NA,NA,NA,NA,NA,NA,NA,NA,NA
2022-2023,Louisa County,1653,Valley,school,654,602,Louisa County High,39.56442831215971,NA,NA,NA,NA,NA,NA,NA,NA,NA
2022-2023,Louisa County,1152,Valley,school,463,601,Louisa County Middle,40.19097222222222,NA,NA,NA,NA,NA,NA,NA,NA,NA
2022-2023,Louisa County,579,Valley,school,213,80,Moss-Nuckols Elementary,36.787564766839374,NA,NA,NA,NA,NA,NA,NA,NA,NA
2022-2023,Louisa County,632,Valley,school,302,610,Thomas Jefferson Elementary,47.78481012658228,NA,NA,NA,NA,NA,NA,NA,NA,NA
2022-2023,Louisa County,536,Valley,school,229,641,Trevilians Elementary,42.723880597014926,NA,NA,NA,NA,NA,NA,NA,NA,NA
2022-2023,Lunenburg County,495,Southside,school,272,560,Central High,54.94949494949495,NA,NA,NA,NA,NA,NA,NA,NA,NA
2022-2023,Lunenburg County,370,Southside,school,254,240,Kenbridge Elementary,68.64864864864865,NA,NA,NA,NA,NA,NA,NA,NA,NA
2022-2023,Lunenburg County,332,Southside,school,198,171,Lunenburg Middle,59.63855421686747,NA,NA,NA,NA,NA,NA,NA,NA,NA
2022-2023,Lunenburg County,378,Southside,school,253,140,Victoria Elementary,66.93121693121694,NA,NA,NA,NA,NA,NA,NA,NA,NA
2022-2023,Lynchburg City,389,Valley,school,202,290,Bedford Hills Elementary,51.9280205655527,NA,NA,NA,NA,NA,NA,NA,NA,NA
2022-2023,Lynchburg City,162,Valley,school,136,70,Dearington Elementary/Innovation,83.9506172839506,NA,NA,NA,NA,NA,NA,NA,NA,NA
2022-2023,Lynchburg City,1325,Valley,school,669,260,E.C. Glass High,50.49056603773585,NA,NA,NA,NA,NA,NA,NA,NA,NA
2022-2023,Lynchburg City,482,Valley,school,352,1102,Heritage Elementary,73.02904564315352,NA,NA,NA,NA,NA,NA,NA,NA,NA
2022-2023,Lynchburg City,1073,Valley,school,652,130,Heritage High,60.764212488350424,NA,NA,NA,NA,NA,NA,NA,NA,NA
2022-2023,Lynchburg City,414,Valley,school,314,360,Linkhorne Elementary,75.84541062801932,NA,NA,NA,NA,NA,NA,NA,NA,NA
2022-2023,Lynchburg City,586,Valley,school,361,350,Linkhorne Middle,61.60409556313993,NA,NA,NA,NA,NA,NA,NA,NA,NA
2022-2023,Lynchburg City,531,Valley,school,336,170,Paul Laurence Dunbar Middle for Innovation,63.2768361581921,NA,NA,NA,NA,NA,NA,NA,NA,NA
2022-2023,Lynchburg City,374,Valley,school,167,330,Paul Munro Elementary,44.6524064171123,NA,NA,NA,NA,NA,NA,NA,NA,NA
2022-2023,Lynchburg City,339,Valley,school,262,270,Perrymont Elementary,77.28613569321534,NA,NA,NA,NA,NA,NA,NA,NA,NA
2022-2023,Lynchburg City,464,Valley,school,347,190,Robert S. Payne Elementary,74.78448275862068,NA,NA,NA,NA,NA,NA,NA,NA,NA
2022-2023,Lynchburg City,357,Valley,school,214,370,Sandusky Elementary,59.943977591036415,NA,NA,NA,NA,NA,NA,NA,NA,NA
2022-2023,Lynchburg City,568,Valley,school,393,340,Sandusky Middle,69.19014084507043,NA,NA,NA,NA,NA,NA,NA,NA,NA
2022-2023,Lynchburg City,453,Valley,school,325,300,Sheffield Elementary,71.7439293598234,NA,NA,NA,NA,NA,NA,NA,NA,NA
2022-2023,Lynchburg City,208,Valley,school,117,90,T.C. Miller Elementary School for Innovation,56.25,NA,NA,NA,NA,NA,NA,NA,NA,NA
2022-2023,Lynchburg City,178,Valley,school,136,250,William M. Bass Elementary,76.40449438202246,NA,NA,NA,NA,NA,NA,NA,NA,NA
2022-2023,Madison County,560,Northern Virginia,school,254,221,Madison County High,45.357142857142854,NA,NA,NA,NA,NA,NA,NA,NA,NA
2022-2023,Madison County,392,Northern Virginia,school,193,230,Madison Primary,49.234693877551024,NA,NA,NA,NA,NA,NA,NA,NA,NA
2022-2023,Madison County,337,Northern Virginia,school,157,200,Waverly Yowell Elementary,46.58753709198813,NA,NA,NA,NA,NA,NA,NA,NA,NA
2022-2023,Madison County,394,Northern Virginia,school,180,222,William H. Wetsel Middle,45.68527918781726,NA,NA,NA,NA,NA,NA,NA,NA,NA
2022-2023,Manassas City,681,Northern Virginia,school,339,470,Baldwin Elementary,49.77973568281938,NA,NA,NA,NA,NA,NA,NA,NA,NA
2022-2023,Manassas City,260,Northern Virginia,school,123,471,Baldwin Intermediate,47.30769230769231,NA,NA,NA,NA,NA,NA,NA,NA,NA
2022-2023,Manassas City,541,Northern Virginia,school,219,60,George Carr Round Elementary,40.48059149722736,NA,NA,NA,NA,NA,NA,NA,NA,NA
2022-2023,Manassas City,1102,Northern Virginia,school,515,70,Grace E. Metz Middle,46.73321234119782,NA,NA,NA,NA,NA,NA,NA,NA,NA
2022-2023,Manassas City,655,Northern Virginia,school,299,310,Jennie Dean Elementary,45.648854961832065,NA,NA,NA,NA,NA,NA,NA,NA,NA
2022-2023,Manassas City,840,Northern Virginia,school,402,80,Mayfield Intermediate,47.85714285714286,NA,NA,NA,NA,NA,NA,NA,NA,NA
2022-2023,Manassas City,2328,Northern Virginia,school,NA,370,Osbourn High,NA,NA,NA,NA,NA,NA,NA,NA,NA,NA
2022-2023,Manassas City,675,Northern Virginia,school,263,20,Richard C. Haydon Elementary,38.96296296296296,NA,NA,NA,NA,NA,NA,NA,NA,NA
2022-2023,Manassas City,629,Northern Virginia,school,252,10,Weems Elementary,40.06359300476948,NA,NA,NA,NA,NA,NA,NA,NA,NA
2022-2023,Manassas Park City,833,Northern Virginia,school,441,522,Cougar Elementary,52.94117647058824,NA,NA,NA,NA,NA,NA,NA,NA,NA
2022-2023,Manassas Park City,721,Northern Virginia,school,373,420,Manassas Park Elementary,51.73370319001387,NA,NA,NA,NA,NA,NA,NA,NA,NA
2022-2023,Manassas Park City,1126,Northern Virginia,school,484,30,Manassas Park High,42.98401420959148,NA,NA,NA,NA,NA,NA,NA,NA,NA
2022-2023,Manassas Park City,754,Northern Virginia,school,367,31,Manassas Park Middle,48.673740053050395,NA,NA,NA,NA,NA,NA,NA,NA,NA
2022-2023,Martinsville City,403,Western Virginia,school,349,222,Albert Harris Elementary,86.60049627791562,NA,NA,NA,NA,NA,NA,NA,NA,NA
2022-2023,Martinsville City,107,Western Virginia,school,75,224,Clearview Early Learning Center,70.09345794392523,NA,NA,NA,NA,NA,NA,NA,NA,NA
2022-2023,Martinsville City,564,Western Virginia,school,385,110,Martinsville High,68.26241134751773,NA,NA,NA,NA,NA,NA,NA,NA,NA
2022-2023,Martinsville City,393,Western Virginia,school,317,10,Martinsville Middle,80.6615776081425,NA,NA,NA,NA,NA,NA,NA,NA,NA
2022-2023,Martinsville City,343,Western Virginia,school,246,223,Patrick Henry Elementary,71.7201166180758,NA,NA,NA,NA,NA,NA,NA,NA,NA
2022-2023,Mathews County,318,Northern Neck,school,144,291,Mathews Elementary,45.28301886792453,NA,NA,NA,NA,NA,NA,NA,NA,NA
2022-2023,Mathews County,310,Northern Neck,school,134,190,Mathews High,43.225806451612904,NA,NA,NA,NA,NA,NA,NA,NA,NA
2022-2023,Mathews County,283,Northern Neck,school,146,100,Thomas Hunter Middle,51.590106007067135,NA,NA,NA,NA,NA,NA,NA,NA,NA
2022-2023,Mecklenburg County,387,Southside,school,298,910,Chase City Elementary,77.00258397932816,NA,NA,NA,NA,NA,NA,NA,NA,NA
2022-2023,Mecklenburg County,455,Southside,school,232,1000,Clarksville Elementary,50.989010989010985,NA,NA,NA,NA,NA,NA,NA,NA,NA
2022-2023,Mecklenburg County,360,Southside,school,360,1020,LaCrosse Elementary,100,NA,NA,NA,NA,NA,NA,NA,NA,NA
2022-2023,Mecklenburg County,1164,Southside,school,605,1041,Mecklenburg County High,51.975945017182134,NA,NA,NA,NA,NA,NA,NA,NA,NA
2022-2023,Mecklenburg County,874,Southside,school,527,1040,Mecklenburg County Middle,60.297482837528605,NA,NA,NA,NA,NA,NA,NA,NA,NA
2022-2023,Mecklenburg County,733,Southside,school,456,190,South Hill Elementary,62.21009549795361,NA,NA,NA,NA,NA,NA,NA,NA,NA
2022-2023,Middlesex County,611,Northern Neck,school,395,291,Middlesex Elementary,64.6481178396072,NA,NA,NA,NA,NA,NA,NA,NA,NA
2022-2023,Middlesex County,346,Northern Neck,school,204,90,Middlesex High,58.95953757225434,NA,NA,NA,NA,NA,NA,NA,NA,NA
2022-2023,Middlesex County,287,Northern Neck,school,191,140,St. Clare Walker Middle,66.55052264808361,NA,NA,NA,NA,NA,NA,NA,NA,NA
2022-2023,Montgomery County,558,Western Virginia,school,268,902,Auburn Elementary,48.028673835125446,NA,NA,NA,NA,NA,NA,NA,NA,NA
2022-2023,Montgomery County,383,Western Virginia,school,167,650,Auburn High,43.60313315926893,NA,NA,NA,NA,NA,NA,NA,NA,NA
2022-2023,Montgomery County,287,Western Virginia,school,118,903,Auburn Middle,41.11498257839721,NA,NA,NA,NA,NA,NA,NA,NA,NA
2022-2023,Montgomery County,293,Western Virginia,school,151,700,Belview Elementary,51.5358361774744,NA,NA,NA,NA,NA,NA,NA,NA,NA
2022-2023,Montgomery County,1340,Western Virginia,school,293,760,Blacksburg High,21.865671641791046,NA,NA,NA,NA,NA,NA,NA,NA,NA
2022-2023,Montgomery County,955,Western Virginia,school,261,710,Blacksburg Middle,27.329842931937172,NA,NA,NA,NA,NA,NA,NA,NA,NA
2022-2023,Montgomery County,407,Western Virginia,school,161,740,Christiansburg Elementary,39.55773955773956,NA,NA,NA,NA,NA,NA,NA,NA,NA
2022-2023,Montgomery County,1120,Western Virginia,school,469,770,Christiansburg High,41.875,NA,NA,NA,NA,NA,NA,NA,NA,NA
2022-2023,Montgomery County,754,Western Virginia,school,329,671,Christiansburg Middle,43.63395225464191,NA,NA,NA,NA,NA,NA,NA,NA,NA
2022-2023,Montgomery County,405,Western Virginia,school,184,780,Christiansburg Primary,45.4320987654321,NA,NA,NA,NA,NA,NA,NA,NA,NA
2022-2023,Montgomery County,385,Western Virginia,school,284,30,Eastern Montgomery Elementary,73.76623376623377,NA,NA,NA,NA,NA,NA,NA,NA,NA
2022-2023,Montgomery County,282,Western Virginia,school,166,904,Eastern Montgomery High,58.86524822695035,NA,NA,NA,NA,NA,NA,NA,NA,NA
2022-2023,Montgomery County,576,Western Virginia,school,287,600,Falling Branch Elementary,49.82638888888889,NA,NA,NA,NA,NA,NA,NA,NA,NA
2022-2023,Montgomery County,329,Western Virginia,school,72,750,Gilbert Linkous Elementary,21.88449848024316,NA,NA,NA,NA,NA,NA,NA,NA,NA
2022-2023,Montgomery County,296,Western Virginia,school,47,10,Harding Avenue Elementary,15.878378378378377,NA,NA,NA,NA,NA,NA,NA,NA,NA
2022-2023,Montgomery County,369,Western Virginia,school,65,901,Kipps Elementary,17.615176151761517,NA,NA,NA,NA,NA,NA,NA,NA,NA
2022-2023,Montgomery County,343,Western Virginia,school,122,730,Margaret Beeks Elementary,35.56851311953353,NA,NA,NA,NA,NA,NA,NA,NA,NA
2022-2023,Montgomery County,440,Western Virginia,school,247,210,Prices Fork Elementary,56.13636363636364,NA,NA,NA,NA,NA,NA,NA,NA,NA
2022-2023,Montgomery County,208,Western Virginia,school,154,290,Shawsville Middle,74.03846153846155,NA,NA,NA,NA,NA,NA,NA,NA,NA
2022-2023,Nelson County,517,Valley,school,316,710,Nelson County High,61.12185686653772,NA,NA,NA,NA,NA,NA,NA,NA,NA
2022-2023,Nelson County,340,Valley,school,224,730,Nelson Middle,65.88235294117646,NA,NA,NA,NA,NA,NA,NA,NA,NA
2022-2023,Nelson County,268,Valley,school,163,10,Rockfish River Elementary,60.820895522388064,NA,NA,NA,NA,NA,NA,NA,NA,NA
2022-2023,Nelson County,355,Valley,school,224,20,Tye River Elementary,63.098591549295776,NA,NA,NA,NA,NA,NA,NA,NA,NA
2022-2023,New Kent County,439,Central Virginia,school,90,180,George W. Watkins Elementary,20.50113895216401,NA,NA,NA,NA,NA,NA,NA,NA,NA
2022-2023,New Kent County,615,Central Virginia,school,168,10,New Kent Elementary,27.31707317073171,NA,NA,NA,NA,NA,NA,NA,NA,NA
2022-2023,New Kent County,1121,Central Virginia,school,244,20,New Kent High,21.76628010704728,NA,NA,NA,NA,NA,NA,NA,NA,NA
2022-2023,New Kent County,770,Central Virginia,school,194,100,New Kent Middle,25.19480519480519,NA,NA,NA,NA,NA,NA,NA,NA,NA
2022-2023,New Kent County,491,Central Virginia,school,135,300,Quinton Elementary,27.494908350305497,NA,NA,NA,NA,NA,NA,NA,NA,NA
2022-2023,Newport News City,582,Tidewater,school,482,1404,Achievable Dream Academy,82.81786941580756,NA,NA,NA,NA,NA,NA,NA,NA,NA
2022-2023,Newport News City,488,Tidewater,school,359,1405,Achievable Dream Middle/High,73.5655737704918,NA,NA,NA,NA,NA,NA,NA,NA,NA
2022-2023,Newport News City,388,Tidewater,school,208,1250,B.C. Charles Elementary,53.608247422680414,NA,NA,NA,NA,NA,NA,NA,NA,NA
2022-2023,Newport News City,422,Tidewater,school,172,110,B.T. Washington Middle,40.758293838862556,NA,NA,NA,NA,NA,NA,NA,NA,NA
2022-2023,Newport News City,600,Tidewater,school,492,1170,Carver Elementary,82,NA,NA,NA,NA,NA,NA,NA,NA,NA
2022-2023,Newport News City,740,Tidewater,school,567,1393,Crittenden Middle,76.62162162162161,NA,NA,NA,NA,NA,NA,NA,NA,NA
2022-2023,Newport News City,412,Tidewater,school,264,50,David A. Dutrow Elementary,64.07766990291263,NA,NA,NA,NA,NA,NA,NA,NA,NA
2022-2023,Newport News City,519,Tidewater,school,243,1398,Deer Park Elementary,46.82080924855491,NA,NA,NA,NA,NA,NA,NA,NA,NA
2022-2023,Newport News City,391,Tidewater,school,221,1402,Denbigh Early Childhood Center,56.52173913043478,NA,NA,NA,NA,NA,NA,NA,NA,NA
2022-2023,Newport News City,1228,Tidewater,school,852,280,Denbigh High,69.38110749185668,NA,NA,NA,NA,NA,NA,NA,NA,NA
2022-2023,Newport News City,543,Tidewater,school,466,130,Discovery STEM Academy,85.8195211786372,NA,NA,NA,NA,NA,NA,NA,NA,NA
2022-2023,Newport News City,1062,Tidewater,school,654,20,Ella J. Fitzgerald Middle,61.5819209039548,NA,NA,NA,NA,NA,NA,NA,NA,NA
2022-2023,Newport News City,1132,Tidewater,school,634,1260,Ethel M. Gildersleeve Middle,56.00706713780919,NA,NA,NA,NA,NA,NA,NA,NA,NA
2022-2023,Newport News City,476,Tidewater,school,29,1407,General Stanford Elementary,6.092436974789916,NA,NA,NA,NA,NA,NA,NA,NA,NA
2022-2023,Newport News City,440,Tidewater,school,348,70,George J. McIntosh Elementary,79.0909090909091,NA,NA,NA,NA,NA,NA,NA,NA,NA
2022-2023,Newport News City,1112,Tidewater,school,857,1395,Heritage High,77.068345323741,NA,NA,NA,NA,NA,NA,NA,NA,NA
2022-2023,Newport News City,523,Tidewater,school,359,1210,Hidenwood Elementary,68.64244741873804,NA,NA,NA,NA,NA,NA,NA,NA,NA
2022-2023,Newport News City,382,Tidewater,school,167,1080,Hilton Elementary,43.717277486910994,NA,NA,NA,NA,NA,NA,NA,NA,NA
2022-2023,Newport News City,880,Tidewater,school,609,1270,Homer L. Hines Middle,69.20454545454545,NA,NA,NA,NA,NA,NA,NA,NA,NA
2022-2023,Newport News City,411,Tidewater,school,376,91,Huntington Middle,91.48418491484185,NA,NA,NA,NA,NA,NA,NA,NA,NA
2022-2023,Newport News City,234,Tidewater,school,203,1411,John Marshall Early Childhood Center,86.75213675213675,NA,NA,NA,NA,NA,NA,NA,NA,NA
2022-2023,Newport News City,622,Tidewater,school,446,300,Joseph H. Saunders Elementary,71.70418006430869,NA,NA,NA,NA,NA,NA,NA,NA,NA
2022-2023,Newport News City,525,Tidewater,school,345,1180,Katherine Johnson Elementary,65.71428571428571,NA,NA,NA,NA,NA,NA,NA,NA,NA
2022-2023,Newport News City,618,Tidewater,school,369,1290,Kiln Creek Elementary,59.70873786407766,NA,NA,NA,NA,NA,NA,NA,NA,NA
2022-2023,Newport News City,456,Tidewater,school,216,310,Knollwood Meadows Elementary,47.368421052631575,NA,NA,NA,NA,NA,NA,NA,NA,NA
2022-2023,Newport News City,433,Tidewater,school,332,200,L.F. Palmer Elementary,76.6743648960739,NA,NA,NA,NA,NA,NA,NA,NA,NA
2022-2023,Newport News City,944,Tidewater,school,586,1400,Mary Passage Middle,62.07627118644068,NA,NA,NA,NA,NA,NA,NA,NA,NA
2022-2023,Newport News City,1792,Tidewater,school,845,1220,Menchville High,47.154017857142854,NA,NA,NA,NA,NA,NA,NA,NA,NA
2022-2023,Newport News City,477,Tidewater,school,429,1120,Newsome Park Elementary,89.937106918239,NA,NA,NA,NA,NA,NA,NA,NA,NA
2022-2023,Newport News City,552,Tidewater,school,377,150,Oliver C. Greenwood Elementary,68.29710144927536,NA,NA,NA,NA,NA,NA,NA,NA,NA
2022-2023,Newport News City,440,Tidewater,school,228,270,Richard T. Yates Elementary,51.81818181818182,NA,NA,NA,NA,NA,NA,NA,NA,NA
2022-2023,Newport News City,558,Tidewater,school,338,1230,Richneck Elementary,60.57347670250897,NA,NA,NA,NA,NA,NA,NA,NA,NA
2022-2023,Newport News City,481,Tidewater,school,277,1150,Riverside Elementary,57.58835758835759,NA,NA,NA,NA,NA,NA,NA,NA,NA
2022-2023,Newport News City,469,Tidewater,school,364,250,Sedgefield Elementary,77.61194029850746,NA,NA,NA,NA,NA,NA,NA,NA,NA
2022-2023,Newport News City,462,Tidewater,school,354,1240,Stoney Run Elementary,76.62337662337663,NA,NA,NA,NA,NA,NA,NA,NA,NA
2022-2023,Newport News City,482,Tidewater,school,306,290,T. Ryland Sanford Elementary,63.48547717842323,NA,NA,NA,NA,NA,NA,NA,NA,NA
2022-2023,Newport News City,1648,Tidewater,school,NA,1070,Warwick High,NA,NA,NA,NA,NA,NA,NA,NA,NA,NA
2022-2023,Newport News City,329,Tidewater,school,199,1410,Watkins Early Childhood Center,60.48632218844985,NA,NA,NA,NA,NA,NA,NA,NA,NA
2022-2023,Newport News City,499,Tidewater,school,379,320,Willis A. Jenkins Elementary,75.95190380761522,NA,NA,NA,NA,NA,NA,NA,NA,NA
2022-2023,Newport News City,1810,Tidewater,school,940,1396,Woodside High,51.93370165745856,NA,NA,NA,NA,NA,NA,NA,NA,NA
2022-2023,Norfolk City,719,Tidewater,school,191,185,Academy for Discovery at Lakewood,26.564673157162726,NA,NA,NA,NA,NA,NA,NA,NA,NA
2022-2023,Norfolk City,848,Tidewater,school,507,760,Azalea Gardens Middle,59.7877358490566,NA,NA,NA,NA,NA,NA,NA,NA,NA
2022-2023,Norfolk City,548,Tidewater,school,316,250,Bay View Elementary,57.66423357664233,NA,NA,NA,NA,NA,NA,NA,NA,NA
2022-2023,Norfolk City,163,Tidewater,school,109,510,Berkley/Campostella Early Childhood Education Center,66.87116564417178,NA,NA,NA,NA,NA,NA,NA,NA,NA
2022-2023,Norfolk City,1149,Tidewater,school,697,20,Blair Middle,60.661444734551786,NA,NA,NA,NA,NA,NA,NA,NA,NA
2022-2023,Norfolk City,947,Tidewater,school,692,880,Booker T Washington High,73.07286166842661,NA,NA,NA,NA,NA,NA,NA,NA,NA
2022-2023,Norfolk City,417,Tidewater,school,196,40,Camp Allen Elementary,47.00239808153477,NA,NA,NA,NA,NA,NA,NA,NA,NA
2022-2023,Norfolk City,290,Tidewater,school,247,220,Chesterfield Elementary,85.17241379310346,NA,NA,NA,NA,NA,NA,NA,NA,NA
2022-2023,Norfolk City,617,Tidewater,school,398,550,Coleman Place Elementary,64.50567260940032,NA,NA,NA,NA,NA,NA,NA,NA,NA
2022-2023,Norfolk City,756,Tidewater,school,510,560,Crossroads PreK-8 School,67.46031746031747,NA,NA,NA,NA,NA,NA,NA,NA,NA
2022-2023,Norfolk City,144,Tidewater,school,71,740,Easton Preschool at Fairlawn,49.30555555555556,NA,NA,NA,NA,NA,NA,NA,NA,NA
2022-2023,Norfolk City,482,Tidewater,school,145,90,Ghent K-8,30.08298755186722,NA,NA,NA,NA,NA,NA,NA,NA,NA
2022-2023,Norfolk City,464,Tidewater,school,315,420,Granby Elementary,67.88793103448276,NA,NA,NA,NA,NA,NA,NA,NA,NA
2022-2023,Norfolk City,1837,Tidewater,school,NA,390,Granby High,NA,NA,NA,NA,NA,NA,NA,NA,NA,NA
2022-2023,Norfolk City,574,Tidewater,school,377,610,Ingleside Elementary,65.6794425087108,NA,NA,NA,NA,NA,NA,NA,NA,NA
2022-2023,Norfolk City,568,Tidewater,school,491,430,Jacox Elementary,86.44366197183099,NA,NA,NA,NA,NA,NA,NA,NA,NA
2022-2023,Norfolk City,270,Tidewater,school,215,131,James Monroe Elementary,79.62962962962963,NA,NA,NA,NA,NA,NA,NA,NA,NA
2022-2023,Norfolk City,626,Tidewater,school,413,790,Lake Taylor,65.97444089456869,NA,NA,NA,NA,NA,NA,NA,NA,NA
2022-2023,Norfolk City,1030,Tidewater,school,733,840,Lake Taylor High,71.16504854368932,NA,NA,NA,NA,NA,NA,NA,NA,NA
2022-2023,Norfolk City,473,Tidewater,school,149,210,Larchmont Elementary,31.501057082452434,NA,NA,NA,NA,NA,NA,NA,NA,NA
2022-2023,Norfolk City,592,Tidewater,school,323,670,Larrymore Elementary,54.560810810810814,NA,NA,NA,NA,NA,NA,NA,NA,NA
2022-2023,Norfolk City,262,Tidewater,school,200,520,Lindenwood Elementary,76.33587786259542,NA,NA,NA,NA,NA,NA,NA,NA,NA
2022-2023,Norfolk City,631,Tidewater,school,401,682,Little Creek Elementary,63.54992076069731,NA,NA,NA,NA,NA,NA,NA,NA,NA
2022-2023,Norfolk City,438,Tidewater,school,188,460,Mary Calcott Elementary,42.922374429223744,NA,NA,NA,NA,NA,NA,NA,NA,NA
2022-2023,Norfolk City,1697,Tidewater,school,837,10,Matthew Fontaine Maury High,49.3223335297584,NA,NA,NA,NA,NA,NA,NA,NA,NA
2022-2023,Norfolk City,763,Tidewater,school,508,490,Northside Middle,66.57929226736566,NA,NA,NA,NA,NA,NA,NA,NA,NA
2022-2023,Norfolk City,395,Tidewater,school,262,620,Norview Elementary,66.32911392405063,NA,NA,NA,NA,NA,NA,NA,NA,NA
2022-2023,Norfolk City,1915,Tidewater,school,NA,580,Norview High,NA,NA,NA,NA,NA,NA,NA,NA,NA,NA
2022-2023,Norfolk City,1259,Tidewater,school,908,570,Norview Middle,72.12073073868149,NA,NA,NA,NA,NA,NA,NA,NA,NA
2022-2023,Norfolk City,456,Tidewater,school,221,190,Ocean View Elementary,48.46491228070175,NA,NA,NA,NA,NA,NA,NA,NA,NA
2022-2023,Norfolk City,435,Tidewater,school,319,630,Oceanair Elementary,73.33333333333333,NA,NA,NA,NA,NA,NA,NA,NA,NA
2022-2023,Norfolk City,228,Tidewater,school,207,530,P.B. Young Sr. Elementary,90.78947368421053,NA,NA,NA,NA,NA,NA,NA,NA,NA
2022-2023,Norfolk City,465,Tidewater,school,355,480,Richard Bowling Elementary,76.34408602150538,NA,NA,NA,NA,NA,NA,NA,NA,NA
2022-2023,Norfolk City,552,Tidewater,school,116,850,Sewells Point Elementary,21.014492753623188,NA,NA,NA,NA,NA,NA,NA,NA,NA
2022-2023,Norfolk City,480,Tidewater,school,309,650,Sherwood Forest Elementary,64.375,NA,NA,NA,NA,NA,NA,NA,NA,NA
2022-2023,Norfolk City,737,Tidewater,school,664,770,Southside STEM Academy at Campostella,90.09497964721845,NA,NA,NA,NA,NA,NA,NA,NA,NA
2022-2023,Norfolk City,230,Tidewater,school,202,820,St. Helena Elementary,87.82608695652175,NA,NA,NA,NA,NA,NA,NA,NA,NA
2022-2023,Norfolk City,452,Tidewater,school,324,500,Suburban Park Elementary,71.68141592920354,NA,NA,NA,NA,NA,NA,NA,NA,NA
2022-2023,Norfolk City,530,Tidewater,school,344,100,Tanners Creek Elementary,64.90566037735849,NA,NA,NA,NA,NA,NA,NA,NA,NA
2022-2023,Norfolk City,316,Tidewater,school,65,800,Tarrallton Elementary,20.569620253164558,NA,NA,NA,NA,NA,NA,NA,NA,NA
2022-2023,Norfolk City,124,Tidewater,school,116,780,Tidewater Park Elementary,93.54838709677419,NA,NA,NA,NA,NA,NA,NA,NA,NA
2022-2023,Norfolk City,341,Tidewater,school,126,150,Walter Herron Taylor Elementary,36.950146627565985,NA,NA,NA,NA,NA,NA,NA,NA,NA
2022-2023,Norfolk City,506,Tidewater,school,320,471,Willard Elementary,63.24110671936759,NA,NA,NA,NA,NA,NA,NA,NA,NA
2022-2023,Norfolk City,436,Tidewater,school,388,30,William H. Ruffner Middle,88.9908256880734,NA,NA,NA,NA,NA,NA,NA,NA,NA
2022-2023,Norfolk City,147,Tidewater,school,58,860,Willoughby Early Childhood Center,39.455782312925166,NA,NA,NA,NA,NA,NA,NA,NA,NA
2022-2023,Northampton County,351,Tidewater,school,269,452,Kiptopeke Elementary,76.63817663817663,NA,NA,NA,NA,NA,NA,NA,NA,NA
2022-2023,Northampton County,433,Tidewater,school,285,350,Northampton High,65.81986143187068,NA,NA,NA,NA,NA,NA,NA,NA,NA
2022-2023,Northampton County,206,Tidewater,school,139,360,Northampton Middle,67.47572815533981,NA,NA,NA,NA,NA,NA,NA,NA,NA
2022-2023,Northampton County,369,Tidewater,school,270,451,Occohannock Elementary,73.17073170731707,NA,NA,NA,NA,NA,NA,NA,NA,NA
2022-2023,Northumberland County,541,Northern Neck,school,348,331,Northumberland Elementary,64.32532347504622,NA,NA,NA,NA,NA,NA,NA,NA,NA
2022-2023,Northumberland County,383,Northern Neck,school,222,40,Northumberland High,57.96344647519582,NA,NA,NA,NA,NA,NA,NA,NA,NA
2022-2023,Northumberland County,276,Northern Neck,school,156,210,Northumberland Middle,56.52173913043478,NA,NA,NA,NA,NA,NA,NA,NA,NA
2022-2023,Norton City,313,Southwest,school,162,20,J.I. Burton High,51.75718849840255,NA,NA,NA,NA,NA,NA,NA,NA,NA
2022-2023,Norton City,502,Southwest,school,279,40,Norton Elementary,55.57768924302788,NA,NA,NA,NA,NA,NA,NA,NA,NA
2022-2023,Nottoway County,387,Southside,school,266,340,Blackstone Primary,68.73385012919897,NA,NA,NA,NA,NA,NA,NA,NA,NA
2022-2023,Nottoway County,368,Southside,school,259,330,Crewe Primary,70.38043478260869,NA,NA,NA,NA,NA,NA,NA,NA,NA
2022-2023,Nottoway County,537,Southside,school,331,301,Nottoway High,61.63873370577281,NA,NA,NA,NA,NA,NA,NA,NA,NA
2022-2023,Nottoway County,256,Southside,school,176,300,Nottoway Intermediate,68.75,NA,NA,NA,NA,NA,NA,NA,NA,NA
2022-2023,Nottoway County,263,Southside,school,185,302,Nottoway Middle,70.34220532319392,NA,NA,NA,NA,NA,NA,NA,NA,NA
2022-2023,Orange County,321,Northern Virginia,school,174,360,Gordon-Barbour Elementary,54.20560747663551,NA,NA,NA,NA,NA,NA,NA,NA,NA
2022-2023,Orange County,237,Northern Virginia,school,127,70,Lightfoot Elementary,53.58649789029536,NA,NA,NA,NA,NA,NA,NA,NA,NA
2022-2023,Orange County,520,Northern Virginia,school,190,50,Locust Grove Elementary,36.53846153846153,NA,NA,NA,NA,NA,NA,NA,NA,NA
2022-2023,Orange County,694,Northern Virginia,school,255,471,Locust Grove Middle,36.74351585014409,NA,NA,NA,NA,NA,NA,NA,NA,NA
2022-2023,Orange County,453,Northern Virginia,school,140,51,Locust Grove Primary,30.90507726269316,NA,NA,NA,NA,NA,NA,NA,NA,NA
2022-2023,Orange County,1479,Northern Virginia,school,619,330,Orange County High,41.8526031102096,NA,NA,NA,NA,NA,NA,NA,NA,NA
2022-2023,Orange County,649,Northern Virginia,school,364,370,Orange Elementary,56.08628659476117,NA,NA,NA,NA,NA,NA,NA,NA,NA
2022-2023,Orange County,459,Northern Virginia,school,242,340,Prospect Heights Middle,52.723311546840954,NA,NA,NA,NA,NA,NA,NA,NA,NA
2022-2023,Orange County,230,Northern Virginia,school,112,350,Unionville Elementary,48.69565217391305,NA,NA,NA,NA,NA,NA,NA,NA,NA
2022-2023,Page County,475,Northern Virginia,school,261,350,Luray Elementary,54.94736842105263,NA,NA,NA,NA,NA,NA,NA,NA,NA
2022-2023,Page County,502,Northern Virginia,school,231,110,Luray High,46.015936254980076,NA,NA,NA,NA,NA,NA,NA,NA,NA
2022-2023,Page County,319,Northern Virginia,school,164,400,Luray Middle,51.410658307210035,NA,NA,NA,NA,NA,NA,NA,NA,NA
2022-2023,Page County,495,Northern Virginia,school,219,380,Page County High,44.24242424242424,NA,NA,NA,NA,NA,NA,NA,NA,NA
2022-2023,Page County,352,Northern Virginia,school,156,390,Page County Middle,44.31818181818182,NA,NA,NA,NA,NA,NA,NA,NA,NA
2022-2023,Page County,315,Northern Virginia,school,167,310,Shenandoah Elementary,53.01587301587302,NA,NA,NA,NA,NA,NA,NA,NA,NA
2022-2023,Page County,214,Northern Virginia,school,105,50,Springfield Elementary,49.06542056074766,NA,NA,NA,NA,NA,NA,NA,NA,NA
2022-2023,Page County,361,Northern Virginia,school,204,210,Stanley Elementary,56.50969529085873,NA,NA,NA,NA,NA,NA,NA,NA,NA
2022-2023,Patrick County,235,Western Virginia,school,143,440,Blue Ridge Elementary,60.851063829787236,NA,NA,NA,NA,NA,NA,NA,NA,NA
2022-2023,Patrick County,217,Western Virginia,school,129,350,Hardin Reynolds Memorial School,59.44700460829493,NA,NA,NA,NA,NA,NA,NA,NA,NA
2022-2023,Patrick County,401,Western Virginia,school,67,150,Meadows of Dan Elementary,16.708229426433917,NA,NA,NA,NA,NA,NA,NA,NA,NA
2022-2023,Patrick County,851,Western Virginia,school,423,700,Patrick County High,49.70622796709753,NA,NA,NA,NA,NA,NA,NA,NA,NA
2022-2023,Patrick County,256,Western Virginia,school,157,680,Patrick Springs Primary,61.328125,NA,NA,NA,NA,NA,NA,NA,NA,NA
2022-2023,Patrick County,381,Western Virginia,school,213,320,Stuart Elementary,55.90551181102362,NA,NA,NA,NA,NA,NA,NA,NA,NA
2022-2023,Patrick County,141,Western Virginia,school,69,80,Woolwine Elementary,48.93617021276596,NA,NA,NA,NA,NA,NA,NA,NA,NA
2022-2023,Petersburg City,530,Central Virginia,school,466,110,Cool Spring Elementary,87.9245283018868,NA,NA,NA,NA,NA,NA,NA,NA,NA
2022-2023,Petersburg City,349,Central Virginia,school,313,170,Lakemont Elementary,89.68481375358166,NA,NA,NA,NA,NA,NA,NA,NA,NA
2022-2023,Petersburg City,1080,Central Virginia,school,908,200,Petersburg High,84.07407407407408,NA,NA,NA,NA,NA,NA,NA,NA,NA
2022-2023,Petersburg City,540,Central Virginia,school,464,180,Pleasants Lane Elementary,85.92592592592592,NA,NA,NA,NA,NA,NA,NA,NA,NA
2022-2023,Petersburg City,921,Central Virginia,school,816,121,Vernon Johns Middle,88.59934853420195,NA,NA,NA,NA,NA,NA,NA,NA,NA
2022-2023,Petersburg City,515,Central Virginia,school,426,130,Walnut Hill Elementary,82.71844660194175,NA,NA,NA,NA,NA,NA,NA,NA,NA
2022-2023,Petersburg City,337,Central Virginia,school,277,160,Westview Early Childhood Education Center,82.19584569732937,NA,NA,NA,NA,NA,NA,NA,NA,NA
2022-2023,Pittsylvania County,235,Western Virginia,school,100,1853,Brosville Elementary,42.5531914893617,NA,NA,NA,NA,NA,NA,NA,NA,NA
2022-2023,Pittsylvania County,234,Western Virginia,school,94,640,Chatham Elementary,40.17094017094017,NA,NA,NA,NA,NA,NA,NA,NA,NA
2022-2023,Pittsylvania County,659,Western Virginia,school,285,1720,Chatham High,43.24734446130501,NA,NA,NA,NA,NA,NA,NA,NA,NA
2022-2023,Pittsylvania County,426,Western Virginia,school,198,1660,Chatham Middle,46.478873239436616,NA,NA,NA,NA,NA,NA,NA,NA,NA
2022-2023,Pittsylvania County,617,Western Virginia,school,288,1680,Dan River High,46.677471636953,NA,NA,NA,NA,NA,NA,NA,NA,NA
2022-2023,Pittsylvania County,434,Western Virginia,school,236,1090,Dan River Middle,54.377880184331794,NA,NA,NA,NA,NA,NA,NA,NA,NA
2022-2023,Pittsylvania County,460,Western Virginia,school,217,280,Gretna Elementary,47.17391304347826,NA,NA,NA,NA,NA,NA,NA,NA,NA
2022-2023,Pittsylvania County,536,Western Virginia,school,291,1700,Gretna High,54.2910447761194,NA,NA,NA,NA,NA,NA,NA,NA,NA
2022-2023,Pittsylvania County,397,Western Virginia,school,220,290,Gretna Middle,55.41561712846348,NA,NA,NA,NA,NA,NA,NA,NA,NA
2022-2023,Pittsylvania County,248,Western Virginia,school,122,30,John L. Hurt Elementary,49.193548387096776,NA,NA,NA,NA,NA,NA,NA,NA,NA
2022-2023,Pittsylvania County,510,Western Virginia,school,236,1690,Kentuck Elementary,46.27450980392157,NA,NA,NA,NA,NA,NA,NA,NA,NA
2022-2023,Pittsylvania County,142,Western Virginia,school,64,1750,Mount Airy Elementary,45.07042253521127,NA,NA,NA,NA,NA,NA,NA,NA,NA
2022-2023,Pittsylvania County,413,Western Virginia,school,188,1460,Southside Elementary,45.52058111380145,NA,NA,NA,NA,NA,NA,NA,NA,NA
2022-2023,Pittsylvania County,403,Western Virginia,school,168,1710,Stony Mill Elementary,41.687344913151364,NA,NA,NA,NA,NA,NA,NA,NA,NA
2022-2023,Pittsylvania County,843,Western Virginia,school,362,1730,Tunstall High,42.94187425860024,NA,NA,NA,NA,NA,NA,NA,NA,NA
2022-2023,Pittsylvania County,564,Western Virginia,school,248,1130,Tunstall Middle,43.97163120567376,NA,NA,NA,NA,NA,NA,NA,NA,NA
2022-2023,Pittsylvania County,619,Western Virginia,school,245,1851,Twin Springs Elementary,39.57996768982229,NA,NA,NA,NA,NA,NA,NA,NA,NA
2022-2023,Pittsylvania County,179,Western Virginia,school,84,1740,Union Hall Elementary,46.927374301675975,NA,NA,NA,NA,NA,NA,NA,NA,NA
2022-2023,Poquoson City,444,Tidewater,school,93,150,Poquoson Elementary,20.945945945945947,NA,NA,NA,NA,NA,NA,NA,NA,NA
2022-2023,Poquoson City,690,Tidewater,school,131,10,Poquoson High,18.985507246376812,NA,NA,NA,NA,NA,NA,NA,NA,NA
2022-2023,Poquoson City,451,Tidewater,school,101,130,Poquoson Middle,22.394678492239468,NA,NA,NA,NA,NA,NA,NA,NA,NA
2022-2023,Poquoson City,500,Tidewater,school,151,160,Poquoson Primary,30.2,NA,NA,NA,NA,NA,NA,NA,NA,NA
2022-2023,Portsmouth City,411,Tidewater,school,346,1766,Brighton Elementary,84.18491484184915,NA,NA,NA,NA,NA,NA,NA,NA,NA
2022-2023,Portsmouth City,585,Tidewater,school,403,321,Churchland Academy Elementary,68.88888888888889,NA,NA,NA,NA,NA,NA,NA,NA,NA
2022-2023,Portsmouth City,767,Tidewater,school,320,650,Churchland Elementary,41.720990873533246,NA,NA,NA,NA,NA,NA,NA,NA,NA
2022-2023,Portsmouth City,1435,Tidewater,school,735,500,Churchland High,51.21951219512195,NA,NA,NA,NA,NA,NA,NA,NA,NA
2022-2023,Portsmouth City,890,Tidewater,school,565,320,Churchland Middle,63.48314606741573,NA,NA,NA,NA,NA,NA,NA,NA,NA
2022-2023,Portsmouth City,114,Tidewater,school,60,322,Churchland Preschool Center,52.63157894736842,NA,NA,NA,NA,NA,NA,NA,NA,NA
2022-2023,Portsmouth City,541,Tidewater,school,328,160,Churchland Primary & Intermediate,60.62846580406654,NA,NA,NA,NA,NA,NA,NA,NA,NA
2022-2023,Portsmouth City,622,Tidewater,school,500,1400,Cradock Elementary,80.38585209003215,NA,NA,NA,NA,NA,NA,NA,NA,NA
2022-2023,Portsmouth City,533,Tidewater,school,421,1130,Cradock Middle,78.98686679174483,NA,NA,NA,NA,NA,NA,NA,NA,NA
2022-2023,Portsmouth City,550,Tidewater,school,473,190,Douglass Park Elementary,86,NA,NA,NA,NA,NA,NA,NA,NA,NA
2022-2023,Portsmouth City,499,Tidewater,school,368,1630,Hodges Manor Elementary,73.74749498997996,NA,NA,NA,NA,NA,NA,NA,NA,NA
2022-2023,Portsmouth City,1043,Tidewater,school,762,240,I.C. Norcom High,73.05848513902205,NA,NA,NA,NA,NA,NA,NA,NA,NA
2022-2023,Portsmouth City,419,Tidewater,school,301,1650,Lakeview Elementary,71.83770883054893,NA,NA,NA,NA,NA,NA,NA,NA,NA
2022-2023,Portsmouth City,1236,Tidewater,school,818,1660,Manor High,66.18122977346277,NA,NA,NA,NA,NA,NA,NA,NA,NA
2022-2023,Portsmouth City,256,Tidewater,school,149,1768,Mount Hermon Preschool Center,58.203125,NA,NA,NA,NA,NA,NA,NA,NA,NA
2022-2023,Portsmouth City,191,Tidewater,school,133,1770,Olive Branch Preschool Center,69.63350785340315,NA,NA,NA,NA,NA,NA,NA,NA,NA
2022-2023,Portsmouth City,463,Tidewater,school,370,60,Park View Elementary,79.91360691144709,NA,NA,NA,NA,NA,NA,NA,NA,NA
2022-2023,Portsmouth City,612,Tidewater,school,395,290,Simonsdale Elementary,64.54248366013073,NA,NA,NA,NA,NA,NA,NA,NA,NA
2022-2023,Portsmouth City,589,Tidewater,school,350,1769,Victory Elementary,59.42275042444821,NA,NA,NA,NA,NA,NA,NA,NA,NA
2022-2023,Portsmouth City,639,Tidewater,school,476,230,Waterview Elementary,74.49139280125195,NA,NA,NA,NA,NA,NA,NA,NA,NA
2022-2023,Portsmouth City,442,Tidewater,school,327,210,Westhaven Elementary,73.98190045248869,NA,NA,NA,NA,NA,NA,NA,NA,NA
2022-2023,Portsmouth City,534,Tidewater,school,375,310,William E. Waters Middle,70.2247191011236,NA,NA,NA,NA,NA,NA,NA,NA,NA
2022-2023,Powhatan County,673,Central Virginia,school,189,21,Flat Rock Elementary,28.083209509658246,NA,NA,NA,NA,NA,NA,NA,NA,NA
2022-2023,Powhatan County,766,Central Virginia,school,253,231,Pocahontas Elementary,33.02872062663185,NA,NA,NA,NA,NA,NA,NA,NA,NA
2022-2023,Powhatan County,429,Central Virginia,school,112,13,Powhatan Elementary,26.107226107226104,NA,NA,NA,NA,NA,NA,NA,NA,NA
2022-2023,Powhatan County,1412,Central Virginia,school,356,11,Powhatan High,25.21246458923513,NA,NA,NA,NA,NA,NA,NA,NA,NA
2022-2023,Powhatan County,971,Central Virginia,school,252,130,Powhatan Middle,25.952626158599383,NA,NA,NA,NA,NA,NA,NA,NA,NA
2022-2023,Prince Edward County,535,Southside,school,278,400,Prince Edward County High,51.96261682242991,NA,NA,NA,NA,NA,NA,NA,NA,NA
2022-2023,Prince Edward County,810,Southside,school,342,10,Prince Edward Elementary,42.22222222222222,NA,NA,NA,NA,NA,NA,NA,NA,NA
2022-2023,Prince Edward County,544,Southside,school,312,20,Prince Edward Middle,57.35294117647059,NA,NA,NA,NA,NA,NA,NA,NA,NA
2022-2023,Prince George County,486,Central Virginia,school,266,340,David A. Harrison Elementary,54.73251028806584,NA,NA,NA,NA,NA,NA,NA,NA,NA
2022-2023,Prince George County,1393,Central Virginia,school,724,320,J.E.J. Moore Middle,51.97415649676957,NA,NA,NA,NA,NA,NA,NA,NA,NA
2022-2023,Prince George County,584,Central Virginia,school,385,310,L.L. Beazley Elementary,65.92465753424658,NA,NA,NA,NA,NA,NA,NA,NA,NA
2022-2023,Prince George County,560,Central Virginia,school,336,280,Middle Road Elementary,60,NA,NA,NA,NA,NA,NA,NA,NA,NA
2022-2023,Prince George County,785,Central Virginia,school,465,290,North Elementary,59.23566878980891,NA,NA,NA,NA,NA,NA,NA,NA,NA
2022-2023,Prince George County,1796,Central Virginia,school,872,20,Prince George High,48.55233853006681,NA,NA,NA,NA,NA,NA,NA,NA,NA
2022-2023,Prince George County,502,Central Virginia,school,232,300,South Elementary,46.21513944223107,NA,NA,NA,NA,NA,NA,NA,NA,NA
2022-2023,Prince William County,846,Northern Virginia,school,276,330,A. Henderson Elementary,32.62411347517731,NA,NA,NA,NA,NA,NA,NA,NA,NA
2022-2023,Prince William County,752,Northern Virginia,school,354,760,Antietam Elementary,47.07446808510639,NA,NA,NA,NA,NA,NA,NA,NA,NA
2022-2023,Prince William County,767,Northern Virginia,school,139,200,Ashland Elementary,18.122555410691003,NA,NA,NA,NA,NA,NA,NA,NA,NA
2022-2023,Prince William County,2326,Northern Virginia,school,266,290,Battlefield High,11.435941530524506,NA,NA,NA,NA,NA,NA,NA,NA,NA
2022-2023,Prince William County,383,Northern Virginia,school,236,670,Bel Air Elementary,61.61879895561357,NA,NA,NA,NA,NA,NA,NA,NA,NA
2022-2023,Prince William County,516,Northern Virginia,school,303,600,Belmont Elementary,58.720930232558146,NA,NA,NA,NA,NA,NA,NA,NA,NA
2022-2023,Prince William County,745,Northern Virginia,school,243,840,Bennett Elementary,32.61744966442953,NA,NA,NA,NA,NA,NA,NA,NA,NA
2022-2023,Prince William County,884,Northern Virginia,school,174,530,Brentsville District High,19.683257918552037,NA,NA,NA,NA,NA,NA,NA,NA,NA
2022-2023,Prince William County,614,Northern Virginia,school,151,860,Bristow Run Elementary,24.592833876221498,NA,NA,NA,NA,NA,NA,NA,NA,NA
2022-2023,Prince William County,777,Northern Virginia,school,209,950,Buckland Mills Elementary,26.898326898326896,NA,NA,NA,NA,NA,NA,NA,NA,NA
2022-2023,Prince William County,1065,Northern Virginia,school,359,920,Bull Run Middle,33.70892018779343,NA,NA,NA,NA,NA,NA,NA,NA,NA
2022-2023,Prince William County,818,Northern Virginia,school,452,620,C.A. Sinclair Elementary,55.256723716381416,NA,NA,NA,NA,NA,NA,NA,NA,NA
2022-2023,Prince William County,1979,Northern Virginia,school,970,710,C.D. Hylton High,49.014653865588684,NA,NA,NA,NA,NA,NA,NA,NA,NA
2022-2023,Prince William County,506,Northern Virginia,school,95,900,Cedar Point Elementary,18.774703557312254,NA,NA,NA,NA,NA,NA,NA,NA,NA
2022-2023,Prince William County,2909,Northern Virginia,school,616,5010,Charles J. Colgan Sr. High,21.17566173942936,NA,NA,NA,NA,NA,NA,NA,NA,NA
2022-2023,Prince William County,776,Northern Virginia,school,319,970,Chris Yung Elementary,41.108247422680414,NA,NA,NA,NA,NA,NA,NA,NA,NA
2022-2023,Prince William County,412,Northern Virginia,school,163,660,Coles Elementary,39.56310679611651,NA,NA,NA,NA,NA,NA,NA,NA,NA
2022-2023,Prince William County,898,Northern Virginia,school,314,309,Covington-Harper Elementary,34.96659242761693,NA,NA,NA,NA,NA,NA,NA,NA,NA
2022-2023,Prince William County,426,Northern Virginia,school,252,610,Dale City Elementary,59.154929577464785,NA,NA,NA,NA,NA,NA,NA,NA,NA
2022-2023,Prince William County,467,Northern Virginia,school,263,280,Dumfries Elementary,56.3169164882227,NA,NA,NA,NA,NA,NA,NA,NA,NA
2022-2023,Prince William County,1174,Northern Virginia,school,236,490,E.H. Marsteller Middle,20.10221465076661,NA,NA,NA,NA,NA,NA,NA,NA,NA
2022-2023,Prince William County,564,Northern Virginia,school,375,580,Elizabeth Vaughan Elementary,66.48936170212765,NA,NA,NA,NA,NA,NA,NA,NA,NA
2022-2023,Prince William County,401,Northern Virginia,school,219,120,Enterprise Elementary,54.613466334164585,NA,NA,NA,NA,NA,NA,NA,NA,NA
2022-2023,Prince William County,972,Northern Virginia,school,492,370,Fannie W. Fitzgerald Elementary,50.617283950617285,NA,NA,NA,NA,NA,NA,NA,NA,NA
2022-2023,Prince William County,481,Northern Virginia,school,314,450,Featherstone Elementary,65.28066528066529,NA,NA,NA,NA,NA,NA,NA,NA,NA
2022-2023,Prince William County,2311,Northern Virginia,school,785,870,Forest Park High,33.96797922977066,NA,NA,NA,NA,NA,NA,NA,NA,NA
2022-2023,Prince William County,1016,Northern Virginia,school,598,520,Fred M. Lynn Middle,58.85826771653543,NA,NA,NA,NA,NA,NA,NA,NA,NA
2022-2023,Prince William County,2348,Northern Virginia,school,NA,300,Freedom High,NA,NA,NA,NA,NA,NA,NA,NA,NA,NA
2022-2023,Prince William County,2038,Northern Virginia,school,485,5130,Gainesville High,23.79784102060844,NA,NA,NA,NA,NA,NA,NA,NA,NA
2022-2023,Prince William County,1398,Northern Virginia,school,285,960,Gainesville Middle,20.386266094420602,NA,NA,NA,NA,NA,NA,NA,NA,NA
2022-2023,Prince William County,2551,Northern Virginia,school,NA,690,Gar-Field High,NA,NA,NA,NA,NA,NA,NA,NA,NA,NA
2022-2023,Prince William County,449,Northern Virginia,school,134,630,George G. Tyler Elementary,29.84409799554566,NA,NA,NA,NA,NA,NA,NA,NA,NA
2022-2023,Prince William County,937,Northern Virginia,school,616,640,George M. Hampton Middle,65.74172892209178,NA,NA,NA,NA,NA,NA,NA,NA,NA
2022-2023,Prince William County,753,Northern Virginia,school,419,770,George P. Mullen Elementary,55.644090305444884,NA,NA,NA,NA,NA,NA,NA,NA,NA
2022-2023,Prince William County,612,Northern Virginia,school,71,340,Glenkirk Elementary,11.601307189542483,NA,NA,NA,NA,NA,NA,NA,NA,NA
2022-2023,Prince William County,676,Northern Virginia,school,361,510,Graham Park Middle,53.40236686390533,NA,NA,NA,NA,NA,NA,NA,NA,NA
2022-2023,Prince William County,923,Northern Virginia,school,169,250,Haymarket Elementary,18.30985915492958,NA,NA,NA,NA,NA,NA,NA,NA,NA
2022-2023,Prince William County,1274,Northern Virginia,school,509,380,Herbert J. Saunders Middle,39.95290423861852,NA,NA,NA,NA,NA,NA,NA,NA,NA
2022-2023,Prince William County,599,Northern Virginia,school,45,220,J.W. Alvey Elementary,7.512520868113523,NA,NA,NA,NA,NA,NA,NA,NA,NA
2022-2023,Prince William County,631,Northern Virginia,school,357,319,John D. Jenkins Elementary,56.57686212361332,NA,NA,NA,NA,NA,NA,NA,NA,NA
2022-2023,Prince William County,926,Northern Virginia,school,424,130,John F. Pattie Sr. Elementary,45.78833693304535,NA,NA,NA,NA,NA,NA,NA,NA,NA
2022-2023,Prince William County,340,Northern Virginia,school,185,70,Kerrydale Elementary,54.41176470588235,NA,NA,NA,NA,NA,NA,NA,NA,NA
2022-2023,Prince William County,911,Northern Virginia,school,439,306,Kyle R. Wilson Elementary,48.188803512623494,NA,NA,NA,NA,NA,NA,NA,NA,NA
2022-2023,Prince William County,699,Northern Virginia,school,326,180,Lake Ridge Elementary,46.638054363376256,NA,NA,NA,NA,NA,NA,NA,NA,NA
2022-2023,Prince William County,1368,Northern Virginia,school,531,720,Lake Ridge Middle,38.81578947368421,NA,NA,NA,NA,NA,NA,NA,NA,NA
2022-2023,Prince William County,741,Northern Virginia,school,405,830,Leesylvania Elementary,54.655870445344135,NA,NA,NA,NA,NA,NA,NA,NA,NA
2022-2023,Prince William County,563,Northern Virginia,school,372,460,Loch Lomond Elementary,66.07460035523978,NA,NA,NA,NA,NA,NA,NA,NA,NA
2022-2023,Prince William County,1385,Northern Virginia,school,273,880,Louise A. Benton Middle,19.71119133574007,NA,NA,NA,NA,NA,NA,NA,NA,NA
2022-2023,Prince William County,407,Northern Virginia,school,189,160,Martin Luther King Jr. Elementary,46.43734643734644,NA,NA,NA,NA,NA,NA,NA,NA,NA
2022-2023,Prince William County,570,Northern Virginia,school,361,570,Marumsco Hills Elementary,63.33333333333333,NA,NA,NA,NA,NA,NA,NA,NA,NA
2022-2023,Prince William County,673,Northern Virginia,school,192,231,Mary G. Porter Traditional,28.52897473997028,NA,NA,NA,NA,NA,NA,NA,NA,NA
2022-2023,Prince William County,719,Northern Virginia,school,398,240,Mary Williams Elementary,55.354659248956885,NA,NA,NA,NA,NA,NA,NA,NA,NA
2022-2023,Prince William County,594,Northern Virginia,school,333,30,Minnieville Elementary,56.060606060606055,NA,NA,NA,NA,NA,NA,NA,NA,NA
2022-2023,Prince William County,613,Northern Virginia,school,321,800,Montclair Elementary,52.36541598694943,NA,NA,NA,NA,NA,NA,NA,NA,NA
2022-2023,Prince William County,470,Northern Virginia,school,50,810,Mountain View Elementary,10.638297872340425,NA,NA,NA,NA,NA,NA,NA,NA,NA
2022-2023,Prince William County,635,Northern Virginia,school,411,700,Neabsco Elementary,64.7244094488189,NA,NA,NA,NA,NA,NA,NA,NA,NA
2022-2023,Prince William County,624,Northern Virginia,school,341,260,Occoquan Elementary,54.64743589743589,NA,NA,NA,NA,NA,NA,NA,NA,NA
2022-2023,Prince William County,484,Northern Virginia,school,145,820,Old Bridge Elementary,29.958677685950413,NA,NA,NA,NA,NA,NA,NA,NA,NA
2022-2023,Prince William County,2759,Northern Virginia,school,NA,80,Osbourn Park High,NA,NA,NA,NA,NA,NA,NA,NA,NA,NA
2022-2023,Prince William County,1425,Northern Virginia,school,819,501,Parkside Middle,57.47368421052632,NA,NA,NA,NA,NA,NA,NA,NA,NA
2022-2023,Prince William County,2136,Northern Virginia,school,438,1060,Patriot High,20.50561797752809,NA,NA,NA,NA,NA,NA,NA,NA,NA
2022-2023,Prince William County,654,Northern Virginia,school,167,945,Pennington Traditional,25.535168195718654,NA,NA,NA,NA,NA,NA,NA,NA,NA
2022-2023,Prince William County,766,Northern Virginia,school,140,110,Piney Branch Elementary,18.27676240208877,NA,NA,NA,NA,NA,NA,NA,NA,NA
2022-2023,Prince William County,2068,Northern Virginia,school,NA,140,Potomac High,NA,NA,NA,NA,NA,NA,NA,NA,NA,NA
2022-2023,Prince William County,921,Northern Virginia,school,577,170,Potomac Middle,62.64929424538545,NA,NA,NA,NA,NA,NA,NA,NA,NA
2022-2023,Prince William County,1152,Northern Virginia,school,543,414,Potomac Shores Middle,47.13541666666667,NA,NA,NA,NA,NA,NA,NA,NA,NA
2022-2023,Prince William County,604,Northern Virginia,school,419,550,Potomac View Elementary,69.37086092715232,NA,NA,NA,NA,NA,NA,NA,NA,NA
2022-2023,Prince William County,679,Northern Virginia,school,426,440,R. Dean Kilby Elementary,62.73932253313696,NA,NA,NA,NA,NA,NA,NA,NA,NA
2022-2023,Prince William County,1178,Northern Virginia,school,800,591,Rippon Middle,67.91171477079796,NA,NA,NA,NA,NA,NA,NA,NA,NA
2022-2023,Prince William County,662,Northern Virginia,school,412,750,River Oaks Elementary,62.2356495468278,NA,NA,NA,NA,NA,NA,NA,NA,NA
2022-2023,Prince William County,510,Northern Virginia,school,273,40,Rockledge Elementary,53.529411764705884,NA,NA,NA,NA,NA,NA,NA,NA,NA
2022-2023,Prince William County,1353,Northern Virginia,school,208,310,Ronald Wilson Reagan Middle,15.373244641537326,NA,NA,NA,NA,NA,NA,NA,NA,NA
2022-2023,Prince William County,618,Northern Virginia,school,294,941,Rosa Parks Elementary,47.57281553398058,NA,NA,NA,NA,NA,NA,NA,NA,NA
2022-2023,Prince William County,794,Northern Virginia,school,101,360,Samuel L. Gravely Jr. Elementary,12.720403022670027,NA,NA,NA,NA,NA,NA,NA,NA,NA
2022-2023,Prince William County,421,Northern Virginia,school,260,730,Sharon C. McAuliffe Elementary,61.75771971496437,NA,NA,NA,NA,NA,NA,NA,NA,NA
2022-2023,Prince William County,768,Northern Virginia,school,285,500,Signal Hill Elementary,37.109375,NA,NA,NA,NA,NA,NA,NA,NA,NA
2022-2023,Prince William County,708,Northern Virginia,school,251,850,Sonnie Penn Elementary,35.451977401129945,NA,NA,NA,NA,NA,NA,NA,NA,NA
2022-2023,Prince William County,878,Northern Virginia,school,388,320,Springwoods Elementary,44.19134396355353,NA,NA,NA,NA,NA,NA,NA,NA,NA
2022-2023,Prince William County,1115,Northern Virginia,school,612,780,Stuart M. Beville Middle,54.88789237668161,NA,NA,NA,NA,NA,NA,NA,NA,NA
2022-2023,Prince William County,647,Northern Virginia,school,336,20,Sudley Elementary,51.931993817619784,NA,NA,NA,NA,NA,NA,NA,NA,NA
2022-2023,Prince William County,491,Northern Virginia,school,324,270,Suella G. Ellis Elementary,65.9877800407332,NA,NA,NA,NA,NA,NA,NA,NA,NA
2022-2023,Prince William County,616,Northern Virginia,school,333,890,Swans Creek Elementary,54.05844155844156,NA,NA,NA,NA,NA,NA,NA,NA,NA
2022-2023,Prince William County,830,Northern Virginia,school,130,470,T. Clay Wood Elementary,15.66265060240964,NA,NA,NA,NA,NA,NA,NA,NA,NA
2022-2023,Prince William County,1202,Northern Virginia,school,278,150,The Nokesville School,23.128119800332776,NA,NA,NA,NA,NA,NA,NA,NA,NA
2022-2023,Prince William County,698,Northern Virginia,school,153,790,Thurgood Marshall Elementary,21.91977077363897,NA,NA,NA,NA,NA,NA,NA,NA,NA
2022-2023,Prince William County,769,Northern Virginia,school,448,430,Triangle Elementary,58.25747724317295,NA,NA,NA,NA,NA,NA,NA,NA,NA
2022-2023,Prince William County,1116,Northern Virginia,school,575,480,Unity Braxton Middle,51.52329749103942,NA,NA,NA,NA,NA,NA,NA,NA,NA
2022-2023,Prince William County,2316,Northern Virginia,school,NA,680,Unity Reed High,NA,NA,NA,NA,NA,NA,NA,NA,NA,NA
2022-2023,Prince William County,694,Northern Virginia,school,242,390,Victory Elementary,34.87031700288185,NA,NA,NA,NA,NA,NA,NA,NA,NA
2022-2023,Prince William County,583,Northern Virginia,school,368,540,West Gate Elementary,63.12178387650086,NA,NA,NA,NA,NA,NA,NA,NA,NA
2022-2023,Prince William County,680,Northern Virginia,school,241,740,Westridge Elementary,35.44117647058824,NA,NA,NA,NA,NA,NA,NA,NA,NA
2022-2023,Prince William County,12,Northern Virginia,school,NA,190,Woodbine Pre-School Center,NA,NA,NA,NA,NA,NA,NA,NA,NA,NA
2022-2023,Prince William County,2910,Northern Virginia,school,NA,60,Woodbridge High,NA,NA,NA,NA,NA,NA,NA,NA,NA,NA
2022-2023,Prince William County,928,Northern Virginia,school,546,560,Woodbridge Middle,58.83620689655172,NA,NA,NA,NA,NA,NA,NA,NA,NA
2022-2023,Prince William County,823,Northern Virginia,school,559,350,Yorkshire Elementary,67.92223572296476,NA,NA,NA,NA,NA,NA,NA,NA,NA
2022-2023,Pulaski County,402,Southwest,school,252,20,Critzer Elementary,62.68656716417911,NA,NA,NA,NA,NA,NA,NA,NA,NA
2022-2023,Pulaski County,436,Southwest,school,213,540,Dublin Elementary,48.853211009174316,NA,NA,NA,NA,NA,NA,NA,NA,NA
2022-2023,Pulaski County,807,Southwest,school,435,560,Pulaski County Middle,53.90334572490706,NA,NA,NA,NA,NA,NA,NA,NA,NA
2022-2023,Pulaski County,1246,Southwest,school,565,10,Pulaski County Senior High,45.34510433386838,NA,NA,NA,NA,NA,NA,NA,NA,NA
2022-2023,Pulaski County,500,Southwest,school,309,230,Pulaski Elementary,61.8,NA,NA,NA,NA,NA,NA,NA,NA,NA
2022-2023,Pulaski County,382,Southwest,school,196,500,Riverlawn Elementary,51.30890052356021,NA,NA,NA,NA,NA,NA,NA,NA,NA
2022-2023,Pulaski County,215,Southwest,school,95,430,Snowville Elementary,44.18604651162791,NA,NA,NA,NA,NA,NA,NA,NA,NA
2022-2023,Radford City,492,Southwest,school,226,10,Belle Heth Elementary,45.9349593495935,NA,NA,NA,NA,NA,NA,NA,NA,NA
2022-2023,Radford City,235,Southwest,school,116,42,John N. Dalton Intermediate,49.361702127659576,NA,NA,NA,NA,NA,NA,NA,NA,NA
2022-2023,Radford City,404,Southwest,school,212,20,McHarg Elementary,52.475247524752476,NA,NA,NA,NA,NA,NA,NA,NA,NA
2022-2023,Radford City,2055,Southwest,school,831,102,Radford City Virtual,40.43795620437956,NA,NA,NA,NA,NA,NA,NA,NA,NA
2022-2023,Radford City,504,Southwest,school,211,41,Radford High,41.86507936507937,NA,NA,NA,NA,NA,NA,NA,NA,NA
2022-2023,Rappahannock County,447,Northern Virginia,school,194,240,Rappahannock County Elementary,43.40044742729307,NA,NA,NA,NA,NA,NA,NA,NA,NA
2022-2023,Rappahannock County,289,Northern Virginia,school,104,230,Rappahannock County High,35.98615916955018,NA,NA,NA,NA,NA,NA,NA,NA,NA
2022-2023,Richmond City,454,Central Virginia,school,285,30,Albert Hill Middle,62.77533039647577,NA,NA,NA,NA,NA,NA,NA,NA,NA
2022-2023,Richmond City,24,Central Virginia,school,22,750,Amelia Street Special Education,91.66666666666666,NA,NA,NA,NA,NA,NA,NA,NA,NA
2022-2023,Richmond City,747,Central Virginia,school,638,850,Armstrong High,85.40829986613119,NA,NA,NA,NA,NA,NA,NA,NA,NA
2022-2023,Richmond City,295,Central Virginia,school,212,390,Barack Obama Elementary,71.86440677966101,NA,NA,NA,NA,NA,NA,NA,NA,NA
2022-2023,Richmond City,188,Central Virginia,school,129,100,Bellevue Elementary,68.61702127659575,NA,NA,NA,NA,NA,NA,NA,NA,NA
2022-2023,Richmond City,452,Central Virginia,school,297,50,Binford Middle,65.7079646017699,NA,NA,NA,NA,NA,NA,NA,NA,NA
2022-2023,Richmond City,393,Central Virginia,school,336,170,Blackwell Elementary,85.49618320610686,NA,NA,NA,NA,NA,NA,NA,NA,NA
2022-2023,Richmond City,634,Central Virginia,school,472,1100,Broad Rock Elementary,74.44794952681389,NA,NA,NA,NA,NA,NA,NA,NA,NA
2022-2023,Richmond City,871,Central Virginia,school,469,1440,Cardinal Elementary,53.84615384615385,NA,NA,NA,NA,NA,NA,NA,NA,NA
2022-2023,Richmond City,385,Central Virginia,school,311,830,Chimborazo Elementary,80.77922077922078,NA,NA,NA,NA,NA,NA,NA,NA,NA
2022-2023,Richmond City,392,Central Virginia,school,293,1400,Elizabeth D. Redd Elementary,74.74489795918367,NA,NA,NA,NA,NA,NA,NA,NA,NA
2022-2023,Richmond City,251,Central Virginia,school,242,710,Fairfield Court Elementary,96.41434262948208,NA,NA,NA,NA,NA,NA,NA,NA,NA
2022-2023,Richmond City,293,Central Virginia,school,182,621,Franklin Military Academy,62.116040955631405,NA,NA,NA,NA,NA,NA,NA,NA,NA
2022-2023,Richmond City,637,Central Virginia,school,441,1470,G.H. Reid Elementary,69.23076923076923,NA,NA,NA,NA,NA,NA,NA,NA,NA
2022-2023,Richmond City,420,Central Virginia,school,375,311,George W. Carver Elementary,89.28571428571429,NA,NA,NA,NA,NA,NA,NA,NA,NA
2022-2023,Richmond City,1308,Central Virginia,school,786,741,George Wythe High,60.09174311926605,NA,NA,NA,NA,NA,NA,NA,NA,NA
2022-2023,Richmond City,290,Central Virginia,school,257,230,Ginter Park Elementary,88.62068965517241,NA,NA,NA,NA,NA,NA,NA,NA,NA
2022-2023,Richmond City,431,Central Virginia,school,344,470,Henderson Middle,79.81438515081206,NA,NA,NA,NA,NA,NA,NA,NA,NA
2022-2023,Richmond City,494,Central Virginia,school,453,290,Henry Marsh III Elementary,91.7004048582996,NA,NA,NA,NA,NA,NA,NA,NA,NA
2022-2023,Richmond City,1552,Central Virginia,school,974,1510,Huguenot High,62.75773195876289,NA,NA,NA,NA,NA,NA,NA,NA,NA
2022-2023,Richmond City,264,Central Virginia,school,129,1640,J.B. Fisher Elementary,48.86363636363637,NA,NA,NA,NA,NA,NA,NA,NA,NA
2022-2023,Richmond City,212,Central Virginia,school,143,3115,J.H. Blackwell Preschool,67.45283018867924,NA,NA,NA,NA,NA,NA,NA,NA,NA
2022-2023,Richmond City,536,Central Virginia,school,389,1710,J.L. Francis Elementary,72.57462686567165,NA,NA,NA,NA,NA,NA,NA,NA,NA
2022-2023,Richmond City,263,Central Virginia,school,142,600,John B. Cary Elementary,53.99239543726235,NA,NA,NA,NA,NA,NA,NA,NA,NA
2022-2023,Richmond City,600,Central Virginia,school,432,730,John Marshall High,72,NA,NA,NA,NA,NA,NA,NA,NA,NA
2022-2023,Richmond City,428,Central Virginia,school,141,3106,Linwood Holton Elementary,32.94392523364486,NA,NA,NA,NA,NA,NA,NA,NA,NA
2022-2023,Richmond City,545,Central Virginia,school,387,3105,Lucille M. Brown Middle,71.0091743119266,NA,NA,NA,NA,NA,NA,NA,NA,NA
2022-2023,Richmond City,149,Central Virginia,school,101,3114,Marry Scott Preschool,67.78523489932886,NA,NA,NA,NA,NA,NA,NA,NA,NA
2022-2023,Richmond City,204,Central Virginia,school,142,771,Martin Luther King Jr. Early Learning Center,69.6078431372549,NA,NA,NA,NA,NA,NA,NA,NA,NA
2022-2023,Richmond City,501,Central Virginia,school,470,770,Martin Luther King Jr. Middle,93.812375249501,NA,NA,NA,NA,NA,NA,NA,NA,NA
2022-2023,Richmond City,433,Central Virginia,school,52,580,Mary Munford Elementary,12.009237875288683,NA,NA,NA,NA,NA,NA,NA,NA,NA
2022-2023,Richmond City,196,Central Virginia,school,126,690,Maymont Pre-K Center,64.28571428571429,NA,NA,NA,NA,NA,NA,NA,NA,NA
2022-2023,Richmond City,559,Central Virginia,school,439,3107,Miles Jones Elementary,78.53309481216458,NA,NA,NA,NA,NA,NA,NA,NA,NA
2022-2023,Richmond City,594,Central Virginia,school,496,330,Oak Grove/Bellemeade Elementary,83.5016835016835,NA,NA,NA,NA,NA,NA,NA,NA,NA
2022-2023,Richmond City,184,Central Virginia,school,68,90,Open High,36.95652173913043,NA,NA,NA,NA,NA,NA,NA,NA,NA
2022-2023,Richmond City,268,Central Virginia,school,228,130,Overby-Sheppard Elementary,85.07462686567165,NA,NA,NA,NA,NA,NA,NA,NA,NA
2022-2023,Richmond City,309,Central Virginia,school,135,3119,Patrick Henry School Of Science And Arts,43.689320388349515,NA,NA,NA,NA,NA,NA,NA,NA,NA
2022-2023,Richmond City,162,Central Virginia,school,145,3110,Richmond Alternative,89.50617283950618,NA,NA,NA,NA,NA,NA,NA,NA,NA
2022-2023,Richmond City,27,Central Virginia,school,14,3200,Richmond Career Education and Employment Charter School,51.85185185185185,NA,NA,NA,NA,NA,NA,NA,NA,NA
2022-2023,Richmond City,200,Central Virginia,school,73,452,Richmond Community High,36.5,NA,NA,NA,NA,NA,NA,NA,NA,NA
2022-2023,Richmond City,204,Central Virginia,school,96,3113,Richmond Community Preschool,47.05882352941176,NA,NA,NA,NA,NA,NA,NA,NA,NA
2022-2023,Richmond City,1180,Central Virginia,school,801,1631,River City Middle,67.88135593220339,NA,NA,NA,NA,NA,NA,NA,NA,NA
2022-2023,Richmond City,432,Central Virginia,school,272,1480,Southampton Elementary,62.96296296296296,NA,NA,NA,NA,NA,NA,NA,NA,NA
2022-2023,Richmond City,193,Central Virginia,school,128,511,Summer Hill Preschool Center,66.32124352331607,NA,NA,NA,NA,NA,NA,NA,NA,NA
2022-2023,Richmond City,158,Central Virginia,school,127,210,Swansboro Elementary,80.37974683544303,NA,NA,NA,NA,NA,NA,NA,NA,NA
2022-2023,Richmond City,611,Central Virginia,school,458,480,Thomas C. Boushall Middle,74.95908346972176,NA,NA,NA,NA,NA,NA,NA,NA,NA
2022-2023,Richmond City,819,Central Virginia,school,505,20,Thomas Jefferson High,61.66056166056166,NA,NA,NA,NA,NA,NA,NA,NA,NA
2022-2023,Richmond City,370,Central Virginia,school,276,660,Westover Hills Elementary,74.5945945945946,NA,NA,NA,NA,NA,NA,NA,NA,NA
2022-2023,Richmond City,326,Central Virginia,school,143,200,William Fox Elementary,43.86503067484663,NA,NA,NA,NA,NA,NA,NA,NA,NA
2022-2023,Richmond City,267,Central Virginia,school,254,650,Woodville Elementary,95.13108614232209,NA,NA,NA,NA,NA,NA,NA,NA,NA
2022-2023,Richmond County,525,Northern Neck,school,252,210,Rappahannock High,48,NA,NA,NA,NA,NA,NA,NA,NA,NA
2022-2023,Richmond County,821,Northern Neck,school,438,20,Richmond County Elementary,53.349573690621185,NA,NA,NA,NA,NA,NA,NA,NA,NA
2022-2023,Roanoke City,525,Western Virginia,school,418,280,Addison Aerospace Magnet Middle,79.61904761904762,NA,NA,NA,NA,NA,NA,NA,NA,NA
2022-2023,Roanoke City,624,Western Virginia,school,429,210,Breckinridge Middle,68.75,NA,NA,NA,NA,NA,NA,NA,NA,NA
2022-2023,Roanoke City,304,Western Virginia,school,53,20,Crystal Spring Elementary,17.434210526315788,NA,NA,NA,NA,NA,NA,NA,NA,NA
2022-2023,Roanoke City,506,Western Virginia,school,383,410,Fairview Elementary,75.69169960474308,NA,NA,NA,NA,NA,NA,NA,NA,NA
2022-2023,Roanoke City,533,Western Virginia,school,378,50,Fallon Park Elementary,70.91932457786116,NA,NA,NA,NA,NA,NA,NA,NA,NA
2022-2023,Roanoke City,301,Western Virginia,school,148,380,Fishburn Park Elementary,49.16943521594684,NA,NA,NA,NA,NA,NA,NA,NA,NA
2022-2023,Roanoke City,304,Western Virginia,school,179,300,Garden City Elementary,58.88157894736842,NA,NA,NA,NA,NA,NA,NA,NA,NA
2022-2023,Roanoke City,370,Western Virginia,school,99,310,Grandin Court Elementary,26.756756756756754,NA,NA,NA,NA,NA,NA,NA,NA,NA
2022-2023,Roanoke City,398,Western Virginia,school,208,110,Highland Park Elementary,52.26130653266332,NA,NA,NA,NA,NA,NA,NA,NA,NA
2022-2023,Roanoke City,323,Western Virginia,school,252,420,Hurt Park Elementary,78.0185758513932,NA,NA,NA,NA,NA,NA,NA,NA,NA
2022-2023,Roanoke City,581,Western Virginia,school,307,450,James Madison Middle,52.83993115318416,NA,NA,NA,NA,NA,NA,NA,NA,NA
2022-2023,Roanoke City,504,Western Virginia,school,304,230,John P. Fishwick Middle,60.317460317460316,NA,NA,NA,NA,NA,NA,NA,NA,NA
2022-2023,Roanoke City,297,Western Virginia,school,204,340,Lincoln Terrace Elementary,68.68686868686868,NA,NA,NA,NA,NA,NA,NA,NA,NA
2022-2023,Roanoke City,490,Western Virginia,school,304,370,Monterey Elementary,62.04081632653061,NA,NA,NA,NA,NA,NA,NA,NA,NA
2022-2023,Roanoke City,259,Western Virginia,school,176,60,Morningside Elementary,67.95366795366795,NA,NA,NA,NA,NA,NA,NA,NA,NA
2022-2023,Roanoke City,2018,Western Virginia,school,NA,390,Patrick Henry High,NA,NA,NA,NA,NA,NA,NA,NA,NA,NA
2022-2023,Roanoke City,505,Western Virginia,school,304,240,Preston Park Elementary,60.198019801980195,NA,NA,NA,NA,NA,NA,NA,NA,NA
2022-2023,Roanoke City,435,Western Virginia,school,275,220,Roanoke Academy For Mathematics & Science Elementary,63.2183908045977,NA,NA,NA,NA,NA,NA,NA,NA,NA
2022-2023,Roanoke City,720,Western Virginia,school,497,320,Round Hill Elementary,69.02777777777777,NA,NA,NA,NA,NA,NA,NA,NA,NA
2022-2023,Roanoke City,267,Western Virginia,school,148,70,Virginia Heights Elementary,55.430711610486895,NA,NA,NA,NA,NA,NA,NA,NA,NA
2022-2023,Roanoke City,233,Western Virginia,school,125,90,Wasena Elementary,53.648068669527895,NA,NA,NA,NA,NA,NA,NA,NA,NA
2022-2023,Roanoke City,640,Western Virginia,school,437,350,Westside Elementary,68.28125,NA,NA,NA,NA,NA,NA,NA,NA,NA
2022-2023,Roanoke City,1920,Western Virginia,school,NA,400,William Fleming High,NA,NA,NA,NA,NA,NA,NA,NA,NA,NA
2022-2023,Roanoke City,650,Western Virginia,school,368,150,Woodrow Wilson Middle,56.61538461538461,NA,NA,NA,NA,NA,NA,NA,NA,NA
2022-2023,Roanoke County,294,Western Virginia,school,71,420,Back Creek Elementary,24.149659863945576,NA,NA,NA,NA,NA,NA,NA,NA,NA
2022-2023,Roanoke County,320,Western Virginia,school,84,752,Bonsack Elementary,26.25,NA,NA,NA,NA,NA,NA,NA,NA,NA
2022-2023,Roanoke County,483,Western Virginia,school,274,180,Burlington Elementary,56.7287784679089,NA,NA,NA,NA,NA,NA,NA,NA,NA
2022-2023,Roanoke County,508,Western Virginia,school,118,560,Cave Spring Elementary,23.228346456692915,NA,NA,NA,NA,NA,NA,NA,NA,NA
2022-2023,Roanoke County,1056,Western Virginia,school,228,470,Cave Spring High,21.59090909090909,NA,NA,NA,NA,NA,NA,NA,NA,NA
2022-2023,Roanoke County,766,Western Virginia,school,219,620,Cave Spring Middle,28.590078328981722,NA,NA,NA,NA,NA,NA,NA,NA,NA
2022-2023,Roanoke County,324,Western Virginia,school,109,330,Clearbrook Elementary,33.641975308641975,NA,NA,NA,NA,NA,NA,NA,NA,NA
2022-2023,Roanoke County,257,Western Virginia,school,61,40,Fort Lewis Elementary,23.73540856031128,NA,NA,NA,NA,NA,NA,NA,NA,NA
2022-2023,Roanoke County,407,Western Virginia,school,187,650,Glen Cove Elementary,45.94594594594595,NA,NA,NA,NA,NA,NA,NA,NA,NA
2022-2023,Roanoke County,348,Western Virginia,school,132,490,Glenvar Elementary,37.93103448275862,NA,NA,NA,NA,NA,NA,NA,NA,NA
2022-2023,Roanoke County,627,Western Virginia,school,186,610,Glenvar High,29.665071770334926,NA,NA,NA,NA,NA,NA,NA,NA,NA
2022-2023,Roanoke County,431,Western Virginia,school,146,751,Glenvar Middle,33.874709976798144,NA,NA,NA,NA,NA,NA,NA,NA,NA
2022-2023,Roanoke County,518,Western Virginia,school,203,600,Green Valley Elementary,39.189189189189186,NA,NA,NA,NA,NA,NA,NA,NA,NA
2022-2023,Roanoke County,407,Western Virginia,school,184,540,Herman L. Horn Elementary,45.20884520884521,NA,NA,NA,NA,NA,NA,NA,NA,NA
2022-2023,Roanoke County,832,Western Virginia,school,189,754,Hidden Valley High,22.716346153846153,NA,NA,NA,NA,NA,NA,NA,NA,NA
2022-2023,Roanoke County,578,Western Virginia,school,145,10,Hidden Valley Middle,25.08650519031142,NA,NA,NA,NA,NA,NA,NA,NA,NA
2022-2023,Roanoke County,213,Western Virginia,school,80,530,Mason's Cove Elementary,37.558685446009385,NA,NA,NA,NA,NA,NA,NA,NA,NA
2022-2023,Roanoke County,250,Western Virginia,school,130,290,Mount Pleasant Elementary,52,NA,NA,NA,NA,NA,NA,NA,NA,NA
2022-2023,Roanoke County,346,Western Virginia,school,155,500,Mountain View Elementary,44.797687861271676,NA,NA,NA,NA,NA,NA,NA,NA,NA
2022-2023,Roanoke County,950,Western Virginia,school,417,520,Northside High,43.89473684210527,NA,NA,NA,NA,NA,NA,NA,NA,NA
2022-2023,Roanoke County,628,Western Virginia,school,315,640,Northside Middle,50.15923566878981,NA,NA,NA,NA,NA,NA,NA,NA,NA
2022-2023,Roanoke County,415,Western Virginia,school,143,480,Oak Grove Elementary,34.4578313253012,NA,NA,NA,NA,NA,NA,NA,NA,NA
2022-2023,Roanoke County,400,Western Virginia,school,102,50,Penn Forest Elementary,25.5,NA,NA,NA,NA,NA,NA,NA,NA,NA
2022-2023,Roanoke County,492,Western Virginia,school,239,60,W.E. Cundiff Elementary,48.577235772357724,NA,NA,NA,NA,NA,NA,NA,NA,NA
2022-2023,Roanoke County,1142,Western Virginia,school,413,630,William Byrd High,36.1646234676007,NA,NA,NA,NA,NA,NA,NA,NA,NA
2022-2023,Roanoke County,827,Western Virginia,school,333,232,William Byrd Middle,40.26602176541717,NA,NA,NA,NA,NA,NA,NA,NA,NA
2022-2023,Rockbridge County,452,Valley,school,254,650,Central Elementary,56.19469026548673,NA,NA,NA,NA,NA,NA,NA,NA,NA
2022-2023,Rockbridge County,235,Valley,school,122,150,Fairfield Elementary,51.91489361702127,NA,NA,NA,NA,NA,NA,NA,NA,NA
2022-2023,Rockbridge County,504,Valley,school,275,678,Maury River Middle,54.563492063492056,NA,NA,NA,NA,NA,NA,NA,NA,NA
2022-2023,Rockbridge County,145,Valley,school,104,340,Mountain View Elementary,71.72413793103448,NA,NA,NA,NA,NA,NA,NA,NA,NA
2022-2023,Rockbridge County,221,Valley,school,159,641,Natural Bridge Elementary,71.94570135746606,NA,NA,NA,NA,NA,NA,NA,NA,NA
2022-2023,Rockbridge County,993,Valley,school,441,22,Rockbridge County High,44.41087613293052,NA,NA,NA,NA,NA,NA,NA,NA,NA
2022-2023,Rockingham County,926,Valley,school,433,870,Broadway High,46.76025917926566,NA,NA,NA,NA,NA,NA,NA,NA,NA
2022-2023,Rockingham County,711,Valley,school,379,861,Cub Run Elementary,53.30520393811533,NA,NA,NA,NA,NA,NA,NA,NA,NA
2022-2023,Rockingham County,780,Valley,school,356,391,East Rockingham High,45.64102564102564,NA,NA,NA,NA,NA,NA,NA,NA,NA
2022-2023,Rockingham County,279,Valley,school,158,400,Elkton Elementary,56.63082437275986,NA,NA,NA,NA,NA,NA,NA,NA,NA
2022-2023,Rockingham County,626,Valley,school,322,900,Elkton Middle,51.43769968051119,NA,NA,NA,NA,NA,NA,NA,NA,NA
2022-2023,Rockingham County,138,Valley,school,82,940,Fulks Run Elementary,59.42028985507246,NA,NA,NA,NA,NA,NA,NA,NA,NA
2022-2023,Rockingham County,666,Valley,school,335,960,J. Frank Hillyard Middle,50.30030030030031,NA,NA,NA,NA,NA,NA,NA,NA,NA
2022-2023,Rockingham County,496,Valley,school,259,1071,John C. Myers Elementary,52.21774193548387,NA,NA,NA,NA,NA,NA,NA,NA,NA
2022-2023,Rockingham County,516,Valley,school,208,970,John W. Wayland Elementary,40.310077519379846,NA,NA,NA,NA,NA,NA,NA,NA,NA
2022-2023,Rockingham County,229,Valley,school,125,500,Lacey Spring Elementary,54.58515283842795,NA,NA,NA,NA,NA,NA,NA,NA,NA
2022-2023,Rockingham County,177,Valley,school,83,360,Linville-Edom Elementary,46.89265536723164,NA,NA,NA,NA,NA,NA,NA,NA,NA
2022-2023,Rockingham County,248,Valley,school,117,600,McGaheysville Elementary,47.17741935483871,NA,NA,NA,NA,NA,NA,NA,NA,NA
2022-2023,Rockingham County,614,Valley,school,275,860,Montevideo Middle,44.78827361563518,NA,NA,NA,NA,NA,NA,NA,NA,NA
2022-2023,Rockingham County,406,Valley,school,219,520,Mountain View Elementary,53.94088669950739,NA,NA,NA,NA,NA,NA,NA,NA,NA
2022-2023,Rockingham County,192,Valley,school,104,920,Ottobine Elementary,54.166666666666664,NA,NA,NA,NA,NA,NA,NA,NA,NA
2022-2023,Rockingham County,525,Valley,school,218,1073,Peak View Elementary,41.523809523809526,NA,NA,NA,NA,NA,NA,NA,NA,NA
2022-2023,Rockingham County,456,Valley,school,251,10,Plains Elementary,55.04385964912281,NA,NA,NA,NA,NA,NA,NA,NA,NA
2022-2023,Rockingham County,229,Valley,school,137,950,Pleasant Valley Elementary,59.82532751091703,NA,NA,NA,NA,NA,NA,NA,NA,NA
2022-2023,Rockingham County,366,Valley,school,210,390,River Bend Elementary,57.377049180327866,NA,NA,NA,NA,NA,NA,NA,NA,NA
2022-2023,Rockingham County,316,Valley,school,166,830,South River Elementary,52.53164556962025,NA,NA,NA,NA,NA,NA,NA,NA,NA
2022-2023,Rockingham County,951,Valley,school,387,20,Spotswood High,40.694006309148264,NA,NA,NA,NA,NA,NA,NA,NA,NA
2022-2023,Rockingham County,1000,Valley,school,396,850,Turner Ashby High,39.6,NA,NA,NA,NA,NA,NA,NA,NA,NA
2022-2023,Rockingham County,669,Valley,school,282,890,Wilbur S. Pence Middle,42.152466367713004,NA,NA,NA,NA,NA,NA,NA,NA,NA
2022-2023,Russell County,140,Southwest,school,76,580,Belfast Elementary,54.285714285714285,NA,NA,NA,NA,NA,NA,NA,NA,NA
2022-2023,Russell County,237,Southwest,school,176,792,Castlewood Elementary,74.26160337552743,NA,NA,NA,NA,NA,NA,NA,NA,NA
2022-2023,Russell County,314,Southwest,school,198,791,Castlewood High,63.05732484076433,NA,NA,NA,NA,NA,NA,NA,NA,NA
2022-2023,Russell County,122,Southwest,school,83,820,Copper Creek Elementary,68.0327868852459,NA,NA,NA,NA,NA,NA,NA,NA,NA
2022-2023,Russell County,579,Southwest,school,415,890,Honaker Elementary,71.67530224525042,NA,NA,NA,NA,NA,NA,NA,NA,NA
2022-2023,Russell County,435,Southwest,school,272,540,Honaker High,62.52873563218391,NA,NA,NA,NA,NA,NA,NA,NA,NA
2022-2023,Russell County,307,Southwest,school,190,410,Lebanon Elementary,61.88925081433225,NA,NA,NA,NA,NA,NA,NA,NA,NA
2022-2023,Russell County,606,Southwest,school,331,140,Lebanon High,54.62046204620462,NA,NA,NA,NA,NA,NA,NA,NA,NA
2022-2023,Russell County,291,Southwest,school,173,902,Lebanon Middle,59.450171821305844,NA,NA,NA,NA,NA,NA,NA,NA,NA
2022-2023,Russell County,238,Southwest,school,158,390,Lebanon Primary,66.38655462184873,NA,NA,NA,NA,NA,NA,NA,NA,NA
2022-2023,Russell County,106,Southwest,school,83,710,Swords Creek Elementary,78.30188679245283,NA,NA,NA,NA,NA,NA,NA,NA,NA
2022-2023,Salem City,895,Western Virginia,school,413,100,Andrew Lewis Middle,46.14525139664805,NA,NA,NA,NA,NA,NA,NA,NA,NA
2022-2023,Salem City,409,Western Virginia,school,241,550,East Salem Elementary,58.924205378973106,NA,NA,NA,NA,NA,NA,NA,NA,NA
2022-2023,Salem City,432,Western Virginia,school,231,90,G.W. Carver Elementary,53.47222222222222,NA,NA,NA,NA,NA,NA,NA,NA,NA
2022-2023,Salem City,1227,Western Virginia,school,499,70,Salem High,40.66829665851671,NA,NA,NA,NA,NA,NA,NA,NA,NA
2022-2023,Salem City,388,Western Virginia,school,174,580,South Salem Elementary,44.84536082474227,NA,NA,NA,NA,NA,NA,NA,NA,NA
2022-2023,Salem City,399,Western Virginia,school,149,460,West Salem Elementary,37.34335839598997,NA,NA,NA,NA,NA,NA,NA,NA,NA
2022-2023,Scott County,286,Southwest,school,162,750,Duffield-Pattonsville Primary,56.64335664335665,NA,NA,NA,NA,NA,NA,NA,NA,NA
2022-2023,Scott County,85,Southwest,school,55,42,Dungannon Elementary School,64.70588235294117,NA,NA,NA,NA,NA,NA,NA,NA,NA
2022-2023,Scott County,89,Southwest,school,57,102,Fort Blackmore Primary,64.04494382022472,NA,NA,NA,NA,NA,NA,NA,NA,NA
2022-2023,Scott County,620,Southwest,school,350,770,Gate City High,56.451612903225815,NA,NA,NA,NA,NA,NA,NA,NA,NA
2022-2023,Scott County,333,Southwest,school,173,771,Gate City Middle,51.95195195195195,NA,NA,NA,NA,NA,NA,NA,NA,NA
2022-2023,Scott County,130,Southwest,school,69,670,Hilton Elementary,53.07692307692308,NA,NA,NA,NA,NA,NA,NA,NA,NA
2022-2023,Scott County,299,Southwest,school,192,220,Nickelsville Elementary,64.21404682274247,NA,NA,NA,NA,NA,NA,NA,NA,NA
2022-2023,Scott County,279,Southwest,school,201,260,Rye Cove High,72.04301075268818,NA,NA,NA,NA,NA,NA,NA,NA,NA
2022-2023,Scott County,153,Southwest,school,108,20,Rye Cove Intermediate,70.58823529411765,NA,NA,NA,NA,NA,NA,NA,NA,NA
2022-2023,Scott County,450,Southwest,school,247,641,Shoemaker Elementary,54.888888888888886,NA,NA,NA,NA,NA,NA,NA,NA,NA
2022-2023,Scott County,242,Southwest,school,151,780,Twin Springs High,62.396694214876035,NA,NA,NA,NA,NA,NA,NA,NA,NA
2022-2023,Scott County,513,Southwest,school,311,772,Virginia Connections Academy,60.62378167641326,NA,NA,NA,NA,NA,NA,NA,NA,NA
2022-2023,Scott County,363,Southwest,school,170,740,Weber City Elementary,46.83195592286501,NA,NA,NA,NA,NA,NA,NA,NA,NA
2022-2023,Scott County,186,Southwest,school,77,790,Yuma Elementary,41.39784946236559,NA,NA,NA,NA,NA,NA,NA,NA,NA
2022-2023,Shenandoah County,749,Northern Virginia,school,356,780,Central High,47.53004005340454,NA,NA,NA,NA,NA,NA,NA,NA,NA
2022-2023,Shenandoah County,564,Northern Virginia,school,293,820,Honey Run Elementary,51.95035460992907,NA,NA,NA,NA,NA,NA,NA,NA,NA
2022-2023,Shenandoah County,628,Northern Virginia,school,288,790,Mountain View High,45.85987261146497,NA,NA,NA,NA,NA,NA,NA,NA,NA
2022-2023,Shenandoah County,350,Northern Virginia,school,187,40,North Fork Middle,53.42857142857142,NA,NA,NA,NA,NA,NA,NA,NA,NA
2022-2023,Shenandoah County,451,Northern Virginia,school,232,30,Peter Muhlenberg Middle,51.44124168514412,NA,NA,NA,NA,NA,NA,NA,NA,NA
2022-2023,Shenandoah County,837,Northern Virginia,school,407,810,Sandy Hook Elementary,48.62604540023895,NA,NA,NA,NA,NA,NA,NA,NA,NA
2022-2023,Shenandoah County,417,Northern Virginia,school,191,50,Signal Knob Middle,45.80335731414868,NA,NA,NA,NA,NA,NA,NA,NA,NA
2022-2023,Shenandoah County,573,Northern Virginia,school,234,770,Strasburg High,40.83769633507853,NA,NA,NA,NA,NA,NA,NA,NA,NA
2022-2023,Shenandoah County,1061,Northern Virginia,school,598,20,W.W. Robinson Elementary,56.36192271442035,NA,NA,NA,NA,NA,NA,NA,NA,NA
2022-2023,Smyth County,187,Southwest,school,123,290,Atkins Elementary,65.77540106951871,NA,NA,NA,NA,NA,NA,NA,NA,NA
2022-2023,Smyth County,543,Southwest,school,282,730,Chilhowie Elementary,51.93370165745856,NA,NA,NA,NA,NA,NA,NA,NA,NA
2022-2023,Smyth County,393,Southwest,school,173,460,Chilhowie High,44.02035623409669,NA,NA,NA,NA,NA,NA,NA,NA,NA
2022-2023,Smyth County,307,Southwest,school,147,851,Chilhowie Middle,47.88273615635179,NA,NA,NA,NA,NA,NA,NA,NA,NA
2022-2023,Smyth County,307,Southwest,school,181,710,Marion Elementary,58.95765472312704,NA,NA,NA,NA,NA,NA,NA,NA,NA
2022-2023,Smyth County,431,Southwest,school,260,680,Marion Middle,60.32482598607889,NA,NA,NA,NA,NA,NA,NA,NA,NA
2022-2023,Smyth County,639,Southwest,school,350,700,Marion Senior High,54.77308294209703,NA,NA,NA,NA,NA,NA,NA,NA,NA
2022-2023,Smyth County,240,Southwest,school,135,250,Northwood High,56.25,NA,NA,NA,NA,NA,NA,NA,NA,NA
2022-2023,Smyth County,151,Southwest,school,95,120,Northwood Middle,62.913907284768214,NA,NA,NA,NA,NA,NA,NA,NA,NA
2022-2023,Smyth County,359,Southwest,school,238,690,Oak Point Elementary,66.29526462395543,NA,NA,NA,NA,NA,NA,NA,NA,NA
2022-2023,Smyth County,130,Southwest,school,75,720,Rich Valley Elementary,57.692307692307686,NA,NA,NA,NA,NA,NA,NA,NA,NA
2022-2023,Smyth County,195,Southwest,school,147,740,Saltville Elementary,75.38461538461539,NA,NA,NA,NA,NA,NA,NA,NA,NA
2022-2023,Smyth County,101,Southwest,school,60,555,Sugar Grove Elementary,59.4059405940594,NA,NA,NA,NA,NA,NA,NA,NA,NA
2022-2023,Southampton County,203,Tidewater,school,95,710,Capron Elementary,46.79802955665024,NA,NA,NA,NA,NA,NA,NA,NA,NA
2022-2023,Southampton County,244,Tidewater,school,116,20,Meherrin Elementary,47.540983606557376,NA,NA,NA,NA,NA,NA,NA,NA,NA
2022-2023,Southampton County,249,Tidewater,school,83,10,Nottoway Elementary,33.33333333333333,NA,NA,NA,NA,NA,NA,NA,NA,NA
2022-2023,Southampton County,548,Tidewater,school,243,780,Riverdale Elementary,44.34306569343065,NA,NA,NA,NA,NA,NA,NA,NA,NA
2022-2023,Southampton County,769,Tidewater,school,332,690,Southampton High,43.172951885565666,NA,NA,NA,NA,NA,NA,NA,NA,NA
2022-2023,Southampton County,566,Tidewater,school,285,700,Southampton Middle,50.35335689045937,NA,NA,NA,NA,NA,NA,NA,NA,NA
2022-2023,Spotsylvania County,681,Northern Neck,school,368,10,Battlefield Elementary,54.03817914831131,NA,NA,NA,NA,NA,NA,NA,NA,NA
2022-2023,Spotsylvania County,791,Northern Neck,school,501,50,Battlefield Middle,63.337547408343866,NA,NA,NA,NA,NA,NA,NA,NA,NA
2022-2023,Spotsylvania County,270,Northern Neck,school,155,340,Berkeley Elementary,57.407407407407405,NA,NA,NA,NA,NA,NA,NA,NA,NA
2022-2023,Spotsylvania County,700,Northern Neck,school,275,400,Brock Road Elementary,39.285714285714285,NA,NA,NA,NA,NA,NA,NA,NA,NA
2022-2023,Spotsylvania County,811,Northern Neck,school,422,511,Cedar Forest Elementary,52.034525277435264,NA,NA,NA,NA,NA,NA,NA,NA,NA
2022-2023,Spotsylvania County,467,Northern Neck,school,114,40,Chancellor Elementary,24.411134903640257,NA,NA,NA,NA,NA,NA,NA,NA,NA
2022-2023,Spotsylvania County,1400,Northern Neck,school,767,381,Chancellor High,54.785714285714285,NA,NA,NA,NA,NA,NA,NA,NA,NA
2022-2023,Spotsylvania County,854,Northern Neck,school,484,382,Chancellor Middle,56.674473067915685,NA,NA,NA,NA,NA,NA,NA,NA,NA
2022-2023,Spotsylvania County,780,Northern Neck,school,385,501,Courthouse Road Elementary,49.358974358974365,NA,NA,NA,NA,NA,NA,NA,NA,NA
2022-2023,Spotsylvania County,530,Northern Neck,school,235,22,Courtland Elementary,44.339622641509436,NA,NA,NA,NA,NA,NA,NA,NA,NA
2022-2023,Spotsylvania County,1557,Northern Neck,school,672,20,Courtland High,43.15992292870906,NA,NA,NA,NA,NA,NA,NA,NA,NA
2022-2023,Spotsylvania County,777,Northern Neck,school,400,509,Freedom Middle,51.48005148005148,NA,NA,NA,NA,NA,NA,NA,NA,NA
2022-2023,Spotsylvania County,723,Northern Neck,school,460,507,Harrison Road Elementary,63.6237897648686,NA,NA,NA,NA,NA,NA,NA,NA,NA
2022-2023,Spotsylvania County,661,Northern Neck,school,333,30,Lee Hill Elementary,50.378214826021186,NA,NA,NA,NA,NA,NA,NA,NA,NA
2022-2023,Spotsylvania County,436,Northern Neck,school,238,350,Livingston Elementary,54.58715596330275,NA,NA,NA,NA,NA,NA,NA,NA,NA
2022-2023,Spotsylvania County,1743,Northern Neck,school,841,506,Massaponax High,48.25014343086632,NA,NA,NA,NA,NA,NA,NA,NA,NA
2022-2023,Spotsylvania County,719,Northern Neck,school,238,505,Ni River Middle,33.101529902642554,NA,NA,NA,NA,NA,NA,NA,NA,NA
2022-2023,Spotsylvania County,947,Northern Neck,school,454,508,Parkside Elementary,47.94086589229145,NA,NA,NA,NA,NA,NA,NA,NA,NA
2022-2023,Spotsylvania County,665,Northern Neck,school,353,220,Post Oak Middle,53.0827067669173,NA,NA,NA,NA,NA,NA,NA,NA,NA
2022-2023,Spotsylvania County,1998,Northern Neck,school,703,510,Riverbend High,35.18518518518518,NA,NA,NA,NA,NA,NA,NA,NA,NA
2022-2023,Spotsylvania County,650,Northern Neck,school,335,503,Riverview Elementary,51.53846153846153,NA,NA,NA,NA,NA,NA,NA,NA,NA
2022-2023,Spotsylvania County,616,Northern Neck,school,382,60,Salem Elementary,62.01298701298701,NA,NA,NA,NA,NA,NA,NA,NA,NA
2022-2023,Spotsylvania County,663,Northern Neck,school,323,390,Smith Station Elementary,48.717948717948715,NA,NA,NA,NA,NA,NA,NA,NA,NA
2022-2023,Spotsylvania County,510,Northern Neck,school,322,360,Spotswood Elementary,63.13725490196078,NA,NA,NA,NA,NA,NA,NA,NA,NA
2022-2023,Spotsylvania County,588,Northern Neck,school,298,130,Spotsylvania Elementary,50.68027210884354,NA,NA,NA,NA,NA,NA,NA,NA,NA
2022-2023,Spotsylvania County,1389,Northern Neck,school,678,370,Spotsylvania High,48.81209503239741,NA,NA,NA,NA,NA,NA,NA,NA,NA
2022-2023,Spotsylvania County,982,Northern Neck,school,427,330,Spotsylvania Middle,43.4826883910387,NA,NA,NA,NA,NA,NA,NA,NA,NA
2022-2023,Spotsylvania County,696,Northern Neck,school,335,502,Thornburg Middle,48.13218390804598,NA,NA,NA,NA,NA,NA,NA,NA,NA
2022-2023,Spotsylvania County,656,Northern Neck,school,318,504,Wilderness Elementary,48.47560975609756,NA,NA,NA,NA,NA,NA,NA,NA,NA
2022-2023,Stafford County,870,Northern Neck,school,297,40,Andrew G. Wright Middle,34.13793103448276,NA,NA,NA,NA,NA,NA,NA,NA,NA
2022-2023,Stafford County,902,Northern Neck,school,560,260,Anne E. Moncure Elementary,62.08425720620843,NA,NA,NA,NA,NA,NA,NA,NA,NA
2022-2023,Stafford County,732,Northern Neck,school,346,433,Anthony Burns Elementary,47.26775956284153,NA,NA,NA,NA,NA,NA,NA,NA,NA
2022-2023,Stafford County,2158,Northern Neck,school,761,421,Brooke Point High,35.26413345690454,NA,NA,NA,NA,NA,NA,NA,NA,NA
2022-2023,Stafford County,2004,Northern Neck,school,530,424,Colonial Forge High,26.44710578842315,NA,NA,NA,NA,NA,NA,NA,NA,NA
2022-2023,Stafford County,893,Northern Neck,school,391,431,Conway Elementary,43.784994400895854,NA,NA,NA,NA,NA,NA,NA,NA,NA
2022-2023,Stafford County,899,Northern Neck,school,303,432,Donald B. Dixon-Lyle R. Smith Middle,33.70411568409344,NA,NA,NA,NA,NA,NA,NA,NA,NA
2022-2023,Stafford County,617,Northern Neck,school,286,10,Edward E. Drew Jr. Middle,46.353322528363044,NA,NA,NA,NA,NA,NA,NA,NA,NA
2022-2023,Stafford County,685,Northern Neck,school,349,280,Falmouth Elementary,50.948905109489054,NA,NA,NA,NA,NA,NA,NA,NA,NA
2022-2023,Stafford County,595,Northern Neck,school,269,230,Ferry Farm Elementary,45.21008403361345,NA,NA,NA,NA,NA,NA,NA,NA,NA
2022-2023,Stafford County,719,Northern Neck,school,244,41,Garrisonville Elementary,33.936022253129345,NA,NA,NA,NA,NA,NA,NA,NA,NA
2022-2023,Stafford County,775,Northern Neck,school,257,270,Grafton Village Elementary,33.16129032258065,NA,NA,NA,NA,NA,NA,NA,NA,NA
2022-2023,Stafford County,983,Northern Neck,school,352,422,H.H. Poole Middle,35.8087487283825,NA,NA,NA,NA,NA,NA,NA,NA,NA
2022-2023,Stafford County,894,Northern Neck,school,274,320,Hampton Oaks Elementary,30.648769574944073,NA,NA,NA,NA,NA,NA,NA,NA,NA
2022-2023,Stafford County,601,Northern Neck,school,193,250,Hartwood Elementary,32.11314475873544,NA,NA,NA,NA,NA,NA,NA,NA,NA
2022-2023,Stafford County,774,Northern Neck,school,447,427,Kate Waller Barrett Elementary,57.751937984496124,NA,NA,NA,NA,NA,NA,NA,NA,NA
2022-2023,Stafford County,806,Northern Neck,school,154,429,Margaret Brent Elementary,19.106699751861044,NA,NA,NA,NA,NA,NA,NA,NA,NA
2022-2023,Stafford County,2205,Northern Neck,school,504,430,Mountain View High,22.857142857142858,NA,NA,NA,NA,NA,NA,NA,NA,NA
2022-2023,Stafford County,1932,Northern Neck,school,858,30,North Stafford High,44.409937888198755,NA,NA,NA,NA,NA,NA,NA,NA,NA
2022-2023,Stafford County,267,Northern Neck,school,145,992,North Star Early Childhood Education Center,54.30711610486891,NA,NA,NA,NA,NA,NA,NA,NA,NA
2022-2023,Stafford County,866,Northern Neck,school,234,300,Park Ridge Elementary,27.02078521939954,NA,NA,NA,NA,NA,NA,NA,NA,NA
2022-2023,Stafford County,306,Northern Neck,school,167,920,Rising Star Early Childhood Education Center at Melchers,54.57516339869281,NA,NA,NA,NA,NA,NA,NA,NA,NA
2022-2023,Stafford County,687,Northern Neck,school,241,60,Rockhill Elementary,35.08005822416303,NA,NA,NA,NA,NA,NA,NA,NA,NA
2022-2023,Stafford County,850,Northern Neck,school,369,425,Rocky Run Elementary,43.411764705882355,NA,NA,NA,NA,NA,NA,NA,NA,NA
2022-2023,Stafford County,1018,Northern Neck,school,229,426,Rodney E. Thompson Middle,22.4950884086444,NA,NA,NA,NA,NA,NA,NA,NA,NA
2022-2023,Stafford County,983,Northern Neck,school,483,440,Shirley C. Heim Middle,49.1353001017294,NA,NA,NA,NA,NA,NA,NA,NA,NA
2022-2023,Stafford County,741,Northern Neck,school,262,111,Stafford Elementary,35.35762483130904,NA,NA,NA,NA,NA,NA,NA,NA,NA
2022-2023,Stafford County,907,Northern Neck,school,430,112,Stafford Middle,47.4090407938258,NA,NA,NA,NA,NA,NA,NA,NA,NA
2022-2023,Stafford County,2122,Northern Neck,school,812,20,Stafford Senior High,38.26578699340245,NA,NA,NA,NA,NA,NA,NA,NA,NA
2022-2023,Stafford County,903,Northern Neck,school,330,162,T. Benton Gayle Middle,36.544850498338874,NA,NA,NA,NA,NA,NA,NA,NA,NA
2022-2023,Stafford County,626,Northern Neck,school,309,50,Widewater Elementary,49.36102236421725,NA,NA,NA,NA,NA,NA,NA,NA,NA
2022-2023,Stafford County,840,Northern Neck,school,268,423,Winding Creek Elementary,31.9047619047619,NA,NA,NA,NA,NA,NA,NA,NA,NA
2022-2023,Staunton City,378,Valley,school,89,40,Arthur R. Ware Elementary,23.544973544973544,NA,NA,NA,NA,NA,NA,NA,NA,NA
2022-2023,Staunton City,369,Valley,school,98,70,Bessie Weller Elementary,26.558265582655828,NA,NA,NA,NA,NA,NA,NA,NA,NA
2022-2023,Staunton City,576,Valley,school,212,110,Shelburne Middle,36.80555555555556,NA,NA,NA,NA,NA,NA,NA,NA,NA
2022-2023,Staunton City,134,Valley,school,NA,41,Staunton City School PreSchool Programs,NA,NA,NA,NA,NA,NA,NA,NA,NA,NA
2022-2023,Staunton City,823,Valley,school,319,30,Staunton High,38.76063183475091,NA,NA,NA,NA,NA,NA,NA,NA,NA
2022-2023,Staunton City,415,Valley,school,75,90,Thomas C. McSwain Elementary,18.072289156626507,NA,NA,NA,NA,NA,NA,NA,NA,NA
2022-2023,Suffolk City,355,Tidewater,school,264,50,Booker T. Washington Elementary,74.36619718309859,NA,NA,NA,NA,NA,NA,NA,NA,NA
2022-2023,Suffolk City,755,Tidewater,school,245,397,Colonel Fred Cherry Middle,32.450331125827816,NA,NA,NA,NA,NA,NA,NA,NA,NA
2022-2023,Suffolk City,752,Tidewater,school,284,440,Creekside Elementary,37.765957446808514,NA,NA,NA,NA,NA,NA,NA,NA,NA
2022-2023,Suffolk City,599,Tidewater,school,320,210,Elephant's Fork Elementary,53.42237061769616,NA,NA,NA,NA,NA,NA,NA,NA,NA
2022-2023,Suffolk City,831,Tidewater,school,270,90,Florence Bowser Elementary,32.49097472924188,NA,NA,NA,NA,NA,NA,NA,NA,NA
2022-2023,Suffolk City,426,Tidewater,school,165,390,Forest Glen Middle,38.732394366197184,NA,NA,NA,NA,NA,NA,NA,NA,NA
2022-2023,Suffolk City,737,Tidewater,school,356,450,Hillpoint Elementary,48.30393487109905,NA,NA,NA,NA,NA,NA,NA,NA,NA
2022-2023,Suffolk City,544,Tidewater,school,323,370,John F. Kennedy Middle,59.375,NA,NA,NA,NA,NA,NA,NA,NA,NA
2022-2023,Suffolk City,506,Tidewater,school,108,380,John Yeates Middle,21.34387351778656,NA,NA,NA,NA,NA,NA,NA,NA,NA
2022-2023,Suffolk City,449,Tidewater,school,188,230,Kilby Shores Elementary,41.87082405345212,NA,NA,NA,NA,NA,NA,NA,NA,NA
2022-2023,Suffolk City,1697,Tidewater,school,730,395,King's Fork High,43.01708898055392,NA,NA,NA,NA,NA,NA,NA,NA,NA
2022-2023,Suffolk City,1031,Tidewater,school,508,393,King's Fork Middle,49.272550921435496,NA,NA,NA,NA,NA,NA,NA,NA,NA
2022-2023,Suffolk City,1083,Tidewater,school,511,300,Lakeland High,47.183748845798704,NA,NA,NA,NA,NA,NA,NA,NA,NA
2022-2023,Suffolk City,684,Tidewater,school,387,330,Mack Benn Jr. Elementary,56.57894736842105,NA,NA,NA,NA,NA,NA,NA,NA,NA
2022-2023,Suffolk City,457,Tidewater,school,182,220,Nansemond Parkway Elementary,39.82494529540481,NA,NA,NA,NA,NA,NA,NA,NA,NA
2022-2023,Suffolk City,1698,Tidewater,school,396,240,Nansemond River High,23.32155477031802,NA,NA,NA,NA,NA,NA,NA,NA,NA
2022-2023,Suffolk City,822,Tidewater,school,186,391,Northern Shores Elementary,22.62773722627737,NA,NA,NA,NA,NA,NA,NA,NA,NA
2022-2023,Suffolk City,469,Tidewater,school,180,70,Oakland Elementary,38.37953091684435,NA,NA,NA,NA,NA,NA,NA,NA,NA
2022-2023,Suffolk City,595,Tidewater,school,234,47,Southwestern Elementary,39.32773109243698,NA,NA,NA,NA,NA,NA,NA,NA,NA
2022-2023,Surry County,201,Central Virginia,school,119,30,Luther P. Jackson Middle,59.20398009950249,NA,NA,NA,NA,NA,NA,NA,NA,NA
2022-2023,Surry County,212,Central Virginia,school,101,10,Surry County High,47.64150943396226,NA,NA,NA,NA,NA,NA,NA,NA,NA
2022-2023,Surry County,272,Central Virginia,school,172,20,Surry Elementary,63.23529411764706,NA,NA,NA,NA,NA,NA,NA,NA,NA
2022-2023,Sussex County,443,Central Virginia,school,337,483,Sussex Central Elementary,76.07223476297969,NA,NA,NA,NA,NA,NA,NA,NA,NA
2022-2023,Sussex County,319,Central Virginia,school,202,340,Sussex Central High,63.322884012539184,NA,NA,NA,NA,NA,NA,NA,NA,NA
2022-2023,Sussex County,236,Central Virginia,school,171,482,Sussex Central Middle,72.45762711864407,NA,NA,NA,NA,NA,NA,NA,NA,NA
2022-2023,Tazewell County,139,Southwest,school,79,1020,Abb's Valley-Boissevain Elementary,56.83453237410072,NA,NA,NA,NA,NA,NA,NA,NA,NA
2022-2023,Tazewell County,388,Southwest,school,207,830,Cedar Bluff Elementary,53.350515463917525,NA,NA,NA,NA,NA,NA,NA,NA,NA
2022-2023,Tazewell County,357,Southwest,school,194,750,Dudley Primary,54.34173669467787,NA,NA,NA,NA,NA,NA,NA,NA,NA
2022-2023,Tazewell County,534,Southwest,school,221,940,Graham High,41.38576779026217,NA,NA,NA,NA,NA,NA,NA,NA,NA
2022-2023,Tazewell County,279,Southwest,school,151,960,Graham Intermediate,54.121863799283155,NA,NA,NA,NA,NA,NA,NA,NA,NA
2022-2023,Tazewell County,372,Southwest,school,193,10,Graham Middle,51.88172043010753,NA,NA,NA,NA,NA,NA,NA,NA,NA
2022-2023,Tazewell County,547,Southwest,school,509,822,Richlands Elementary,93.05301645338209,NA,NA,NA,NA,NA,NA,NA,NA,NA
2022-2023,Tazewell County,636,Southwest,school,354,821,Richlands High,55.660377358490564,NA,NA,NA,NA,NA,NA,NA,NA,NA
2022-2023,Tazewell County,495,Southwest,school,296,823,Richlands Middle,59.79797979797979,NA,NA,NA,NA,NA,NA,NA,NA,NA
2022-2023,Tazewell County,538,Southwest,school,291,890,Tazewell High,54.08921933085502,NA,NA,NA,NA,NA,NA,NA,NA,NA
2022-2023,Tazewell County,346,Southwest,school,225,450,Tazewell Intermediate,65.02890173410405,NA,NA,NA,NA,NA,NA,NA,NA,NA
2022-2023,Tazewell County,369,Southwest,school,223,100,Tazewell Middle,60.43360433604336,NA,NA,NA,NA,NA,NA,NA,NA,NA
2022-2023,Tazewell County,422,Southwest,school,270,1030,Tazewell Primary,63.98104265402843,NA,NA,NA,NA,NA,NA,NA,NA,NA
2022-2023,Virginia Beach City,630,Tidewater,school,300,590,Alanton Elementary,47.61904761904761,NA,NA,NA,NA,NA,NA,NA,NA,NA
2022-2023,Virginia Beach City,525,Tidewater,school,306,550,Arrowhead Elementary,58.285714285714285,NA,NA,NA,NA,NA,NA,NA,NA,NA
2022-2023,Virginia Beach City,326,Tidewater,school,244,115,Bayside 6th Grade Campus,74.84662576687117,NA,NA,NA,NA,NA,NA,NA,NA,NA
2022-2023,Virginia Beach City,480,Tidewater,school,314,280,Bayside Elementary,65.41666666666667,NA,NA,NA,NA,NA,NA,NA,NA,NA
2022-2023,Virginia Beach City,1989,Tidewater,school,NA,530,Bayside High,NA,NA,NA,NA,NA,NA,NA,NA,NA,NA
2022-2023,Virginia Beach City,702,Tidewater,school,540,700,Bayside Middle,76.92307692307693,NA,NA,NA,NA,NA,NA,NA,NA,NA
2022-2023,Virginia Beach City,647,Tidewater,school,415,60,Birdneck Elementary,64.14219474497682,NA,NA,NA,NA,NA,NA,NA,NA,NA
2022-2023,Virginia Beach City,1059,Tidewater,school,588,790,Brandon Middle,55.524079320113316,NA,NA,NA,NA,NA,NA,NA,NA,NA
2022-2023,Virginia Beach City,571,Tidewater,school,335,630,Brookwood Elementary,58.66900175131349,NA,NA,NA,NA,NA,NA,NA,NA,NA
2022-2023,Virginia Beach City,628,Tidewater,school,211,40,Centerville Elementary,33.59872611464968,NA,NA,NA,NA,NA,NA,NA,NA,NA
2022-2023,Virginia Beach City,632,Tidewater,school,224,990,Christopher Farms Elementary,35.44303797468354,NA,NA,NA,NA,NA,NA,NA,NA,NA
2022-2023,Virginia Beach City,484,Tidewater,school,361,720,College Park Elementary,74.58677685950413,NA,NA,NA,NA,NA,NA,NA,NA,NA
2022-2023,Virginia Beach City,380,Tidewater,school,213,1041,Corporate Landing Elementary,56.05263157894736,NA,NA,NA,NA,NA,NA,NA,NA,NA
2022-2023,Virginia Beach City,1056,Tidewater,school,571,980,Corporate Landing Middle,54.0719696969697,NA,NA,NA,NA,NA,NA,NA,NA,NA
2022-2023,Virginia Beach City,315,Tidewater,school,70,230,Creeds Elementary,22.22222222222222,NA,NA,NA,NA,NA,NA,NA,NA,NA
2022-2023,Virginia Beach City,484,Tidewater,school,366,106,Diamond Springs Elementary,75.6198347107438,NA,NA,NA,NA,NA,NA,NA,NA,NA
2022-2023,Virginia Beach City,477,Tidewater,school,200,780,Fairfield Elementary,41.92872117400419,NA,NA,NA,NA,NA,NA,NA,NA,NA
2022-2023,Virginia Beach City,1799,Tidewater,school,830,610,First Colonial High,46.13674263479711,NA,NA,NA,NA,NA,NA,NA,NA,NA
2022-2023,Virginia Beach City,1886,Tidewater,school,296,440,Floyd Kellam High,15.69459172852598,NA,NA,NA,NA,NA,NA,NA,NA,NA
2022-2023,Virginia Beach City,1691,Tidewater,school,562,30,Frank W. Cox High,33.2347723240686,NA,NA,NA,NA,NA,NA,NA,NA,NA
2022-2023,Virginia Beach City,986,Tidewater,school,449,870,Glenwood Elementary,45.537525354969574,NA,NA,NA,NA,NA,NA,NA,NA,NA
2022-2023,Virginia Beach City,1055,Tidewater,school,342,430,Great Neck Middle,32.41706161137441,NA,NA,NA,NA,NA,NA,NA,NA,NA
2022-2023,Virginia Beach City,371,Tidewater,school,193,1050,Green Run Collegiate,52.02156334231805,NA,NA,NA,NA,NA,NA,NA,NA,NA
2022-2023,Virginia Beach City,321,Tidewater,school,210,770,Green Run Elementary,65.42056074766354,NA,NA,NA,NA,NA,NA,NA,NA,NA
2022-2023,Virginia Beach City,1521,Tidewater,school,NA,10,Green Run High,NA,NA,NA,NA,NA,NA,NA,NA,NA,NA
2022-2023,Virginia Beach City,506,Tidewater,school,220,540,Hermitage Elementary,43.47826086956522,NA,NA,NA,NA,NA,NA,NA,NA,NA
2022-2023,Virginia Beach City,460,Tidewater,school,331,600,Holland Elementary,71.95652173913044,NA,NA,NA,NA,NA,NA,NA,NA,NA
2022-2023,Virginia Beach City,1193,Tidewater,school,670,740,Independence Middle,56.16093880972338,NA,NA,NA,NA,NA,NA,NA,NA,NA
2022-2023,Virginia Beach City,537,Tidewater,school,249,800,Indian Lakes Elementary,46.36871508379888,NA,NA,NA,NA,NA,NA,NA,NA,NA
2022-2023,Virginia Beach City,775,Tidewater,school,162,360,John B. Dey Elementary,20.903225806451616,NA,NA,NA,NA,NA,NA,NA,NA,NA
2022-2023,Virginia Beach City,470,Tidewater,school,201,450,Kempsville Elementary,42.765957446808514,NA,NA,NA,NA,NA,NA,NA,NA,NA
2022-2023,Virginia Beach City,2010,Tidewater,school,970,620,Kempsville High,48.258706467661696,NA,NA,NA,NA,NA,NA,NA,NA,NA
2022-2023,Virginia Beach City,470,Tidewater,school,232,410,Kempsville Meadows Elementary,49.361702127659576,NA,NA,NA,NA,NA,NA,NA,NA,NA
2022-2023,Virginia Beach City,740,Tidewater,school,304,690,Kempsville Middle,41.08108108108108,NA,NA,NA,NA,NA,NA,NA,NA,NA
2022-2023,Virginia Beach City,502,Tidewater,school,265,420,King's Grant Elementary,52.788844621513945,NA,NA,NA,NA,NA,NA,NA,NA,NA
2022-2023,Virginia Beach City,507,Tidewater,school,65,580,Kingston Elementary,12.82051282051282,NA,NA,NA,NA,NA,NA,NA,NA,NA
2022-2023,Virginia Beach City,676,Tidewater,school,318,932,Landstown Elementary,47.0414201183432,NA,NA,NA,NA,NA,NA,NA,NA,NA
2022-2023,Virginia Beach City,2229,Tidewater,school,980,1030,Landstown High,43.96590399282189,NA,NA,NA,NA,NA,NA,NA,NA,NA
2022-2023,Virginia Beach City,1280,Tidewater,school,579,931,Landstown Middle,45.234375,NA,NA,NA,NA,NA,NA,NA,NA,NA
2022-2023,Virginia Beach City,1538,Tidewater,school,NA,970,Larkspur Middle,NA,NA,NA,NA,NA,NA,NA,NA,NA,NA
2022-2023,Virginia Beach City,517,Tidewater,school,254,330,Linkhorn Park Elementary,49.129593810444874,NA,NA,NA,NA,NA,NA,NA,NA,NA
2022-2023,Virginia Beach City,508,Tidewater,school,299,460,Luxford Elementary,58.85826771653543,NA,NA,NA,NA,NA,NA,NA,NA,NA
2022-2023,Virginia Beach City,362,Tidewater,school,247,520,Lynnhaven Elementary,68.23204419889503,NA,NA,NA,NA,NA,NA,NA,NA,NA
2022-2023,Virginia Beach City,886,Tidewater,school,495,730,Lynnhaven Middle,55.86907449209932,NA,NA,NA,NA,NA,NA,NA,NA,NA
2022-2023,Virginia Beach City,410,Tidewater,school,224,500,Malibu Elementary,54.63414634146342,NA,NA,NA,NA,NA,NA,NA,NA,NA
2022-2023,Virginia Beach City,715,Tidewater,school,203,1020,New Castle Elementary,28.391608391608393,NA,NA,NA,NA,NA,NA,NA,NA,NA
2022-2023,Virginia Beach City,443,Tidewater,school,330,710,Newtown Elementary,74.4920993227991,NA,NA,NA,NA,NA,NA,NA,NA,NA
2022-2023,Virginia Beach City,455,Tidewater,school,78,760,North Landing Elementary,17.142857142857142,NA,NA,NA,NA,NA,NA,NA,NA,NA
2022-2023,Virginia Beach City,572,Tidewater,school,208,880,Ocean Lakes Elementary,36.36363636363637,NA,NA,NA,NA,NA,NA,NA,NA,NA
2022-2023,Virginia Beach City,1860,Tidewater,school,616,960,Ocean Lakes High,33.11827956989247,NA,NA,NA,NA,NA,NA,NA,NA,NA
2022-2023,Virginia Beach City,1335,Tidewater,school,212,80,Old Donation School,15.880149812734082,NA,NA,NA,NA,NA,NA,NA,NA,NA
2022-2023,Virginia Beach City,469,Tidewater,school,357,820,Parkway Elementary,76.11940298507463,NA,NA,NA,NA,NA,NA,NA,NA,NA
2022-2023,Virginia Beach City,522,Tidewater,school,315,490,Pembroke Elementary,60.3448275862069,NA,NA,NA,NA,NA,NA,NA,NA,NA
2022-2023,Virginia Beach City,497,Tidewater,school,255,660,Pembroke Meadows Elementary,51.30784708249497,NA,NA,NA,NA,NA,NA,NA,NA,NA
2022-2023,Virginia Beach City,1037,Tidewater,school,586,640,Plaza Middle,56.509161041465774,NA,NA,NA,NA,NA,NA,NA,NA,NA
2022-2023,Virginia Beach City,725,Tidewater,school,482,680,Point O' View Elementary,66.48275862068965,NA,NA,NA,NA,NA,NA,NA,NA,NA
2022-2023,Virginia Beach City,683,Tidewater,school,94,340,Princess Anne Elementary,13.76281112737921,NA,NA,NA,NA,NA,NA,NA,NA,NA
2022-2023,Virginia Beach City,1721,Tidewater,school,654,321,Princess Anne High,38.00116211504939,NA,NA,NA,NA,NA,NA,NA,NA,NA
2022-2023,Virginia Beach City,1401,Tidewater,school,236,750,Princess Anne Middle,16.84511063526053,NA,NA,NA,NA,NA,NA,NA,NA,NA
2022-2023,Virginia Beach City,530,Tidewater,school,231,692,Providence Elementary,43.58490566037736,NA,NA,NA,NA,NA,NA,NA,NA,NA
2022-2023,Virginia Beach City,566,Tidewater,school,90,900,Red Mill Elementary,15.901060070671377,NA,NA,NA,NA,NA,NA,NA,NA,NA
2022-2023,Virginia Beach City,431,Tidewater,school,280,810,Rosemont Elementary,64.96519721577727,NA,NA,NA,NA,NA,NA,NA,NA,NA
2022-2023,Virginia Beach City,515,Tidewater,school,168,840,Rosemont Forest Elementary,32.62135922330097,NA,NA,NA,NA,NA,NA,NA,NA,NA
2022-2023,Virginia Beach City,556,Tidewater,school,218,830,Salem Elementary,39.20863309352518,NA,NA,NA,NA,NA,NA,NA,NA,NA
2022-2023,Virginia Beach City,1655,Tidewater,school,666,850,Salem High,40.2416918429003,NA,NA,NA,NA,NA,NA,NA,NA,NA
2022-2023,Virginia Beach City,1077,Tidewater,school,444,50,Salem Middle,41.22562674094708,NA,NA,NA,NA,NA,NA,NA,NA,NA
2022-2023,Virginia Beach City,379,Tidewater,school,307,290,Seatack Elementary an Achievable Dream Academy,81.00263852242745,NA,NA,NA,NA,NA,NA,NA,NA,NA
2022-2023,Virginia Beach City,427,Tidewater,school,212,300,Shelton Park Elementary,49.64871194379391,NA,NA,NA,NA,NA,NA,NA,NA,NA
2022-2023,Virginia Beach City,620,Tidewater,school,142,940,Strawbridge Elementary,22.903225806451612,NA,NA,NA,NA,NA,NA,NA,NA,NA
2022-2023,Virginia Beach City,594,Tidewater,school,290,910,Tallwood Elementary,48.821548821548824,NA,NA,NA,NA,NA,NA,NA,NA,NA
2022-2023,Virginia Beach City,1868,Tidewater,school,932,920,Tallwood High,49.892933618843685,NA,NA,NA,NA,NA,NA,NA,NA,NA
2022-2023,Virginia Beach City,594,Tidewater,school,360,350,Thalia Elementary,60.60606060606061,NA,NA,NA,NA,NA,NA,NA,NA,NA
2022-2023,Virginia Beach City,749,Tidewater,school,156,400,Thoroughgood Elementary,20.827770360480642,NA,NA,NA,NA,NA,NA,NA,NA,NA
2022-2023,Virginia Beach City,660,Tidewater,school,135,100,Three Oaks Elementary,20.454545454545457,NA,NA,NA,NA,NA,NA,NA,NA,NA
2022-2023,Virginia Beach City,500,Tidewater,school,128,510,Trantwood Elementary,25.6,NA,NA,NA,NA,NA,NA,NA,NA,NA
2022-2023,Virginia Beach City,589,Tidewater,school,358,140,Virginia Beach Middle,60.78098471986417,NA,NA,NA,NA,NA,NA,NA,NA,NA
2022-2023,Virginia Beach City,523,Tidewater,school,265,130,W.T. Cooke Elementary,50.66921606118547,NA,NA,NA,NA,NA,NA,NA,NA,NA
2022-2023,Virginia Beach City,680,Tidewater,school,384,20,White Oaks Elementary,56.470588235294116,NA,NA,NA,NA,NA,NA,NA,NA,NA
2022-2023,Virginia Beach City,409,Tidewater,school,323,470,Williams Elementary,78.97310513447434,NA,NA,NA,NA,NA,NA,NA,NA,NA
2022-2023,Virginia Beach City,511,Tidewater,school,312,670,Windsor Oaks Elementary,61.05675146771037,NA,NA,NA,NA,NA,NA,NA,NA,NA
2022-2023,Virginia Beach City,427,Tidewater,school,223,560,Windsor Woods Elementary,52.2248243559719,NA,NA,NA,NA,NA,NA,NA,NA,NA
2022-2023,Virginia Beach City,664,Tidewater,school,354,390,Woodstock Elementary,53.31325301204819,NA,NA,NA,NA,NA,NA,NA,NA,NA
2022-2023,Warren County,274,Northern Virginia,school,88,90,A.S. Rhodes Elementary,32.11678832116788,NA,NA,NA,NA,NA,NA,NA,NA,NA
2022-2023,Warren County,449,Northern Virginia,school,278,140,E. Wilson Morrison Elementary,61.915367483296215,NA,NA,NA,NA,NA,NA,NA,NA,NA
2022-2023,Warren County,469,Northern Virginia,school,196,371,Hilda J. Barbour Elementary,41.7910447761194,NA,NA,NA,NA,NA,NA,NA,NA,NA
2022-2023,Warren County,496,Northern Virginia,school,211,20,Leslie Fox Keyser Elementary,42.54032258064516,NA,NA,NA,NA,NA,NA,NA,NA,NA
2022-2023,Warren County,639,Northern Virginia,school,326,240,Ressie Jeffries Elementary,51.01721439749609,NA,NA,NA,NA,NA,NA,NA,NA,NA
2022-2023,Warren County,894,Northern Virginia,school,382,250,Skyline High,42.72930648769575,NA,NA,NA,NA,NA,NA,NA,NA,NA
2022-2023,Warren County,569,Northern Virginia,school,277,260,Skyline Middle,48.68189806678383,NA,NA,NA,NA,NA,NA,NA,NA,NA
2022-2023,Warren County,835,Northern Virginia,school,282,230,Warren County High,33.772455089820355,NA,NA,NA,NA,NA,NA,NA,NA,NA
2022-2023,Warren County,545,Northern Virginia,school,229,280,Warren County Middle,42.018348623853214,NA,NA,NA,NA,NA,NA,NA,NA,NA
2022-2023,Washington County,423,Southwest,school,209,1080,Abingdon Elementary,49.40898345153664,NA,NA,NA,NA,NA,NA,NA,NA,NA
2022-2023,Washington County,869,Southwest,school,403,1030,Abingdon High,46.37514384349827,NA,NA,NA,NA,NA,NA,NA,NA,NA
2022-2023,Washington County,170,Southwest,school,110,40,Damascus Middle,64.70588235294117,NA,NA,NA,NA,NA,NA,NA,NA,NA
2022-2023,Washington County,644,Southwest,school,298,1110,E.B. Stanley Middle,46.273291925465834,NA,NA,NA,NA,NA,NA,NA,NA,NA
2022-2023,Washington County,254,Southwest,school,161,1090,Glade Spring Middle,63.38582677165354,NA,NA,NA,NA,NA,NA,NA,NA,NA
2022-2023,Washington County,294,Southwest,school,165,260,Greendale Elementary,56.12244897959183,NA,NA,NA,NA,NA,NA,NA,NA,NA
2022-2023,Washington County,596,Southwest,school,306,1070,High Point Elementary,51.34228187919463,NA,NA,NA,NA,NA,NA,NA,NA,NA
2022-2023,Washington County,246,Southwest,school,136,1060,Holston High,55.28455284552846,NA,NA,NA,NA,NA,NA,NA,NA,NA
2022-2023,Washington County,660,Southwest,school,302,1040,John S. Battle High,45.75757575757576,NA,NA,NA,NA,NA,NA,NA,NA,NA
2022-2023,Washington County,551,Southwest,school,329,20,Meadowview Elementary,59.70961887477314,NA,NA,NA,NA,NA,NA,NA,NA,NA
2022-2023,Washington County,369,Southwest,school,215,1050,Patrick Henry High,58.265582655826556,NA,NA,NA,NA,NA,NA,NA,NA,NA
2022-2023,Washington County,409,Southwest,school,274,50,Rhea Valley Elementary,66.99266503667481,NA,NA,NA,NA,NA,NA,NA,NA,NA
2022-2023,Washington County,277,Southwest,school,189,1020,Valley Institute Elementary,68.23104693140795,NA,NA,NA,NA,NA,NA,NA,NA,NA
2022-2023,Washington County,426,Southwest,school,224,620,Wallace Middle,52.58215962441315,NA,NA,NA,NA,NA,NA,NA,NA,NA
2022-2023,Washington County,557,Southwest,school,274,70,Watauga Elementary,49.19210053859964,NA,NA,NA,NA,NA,NA,NA,NA,NA
2022-2023,Waynesboro City,254,Valley,school,164,650,Berkeley Glenn Elementary,64.56692913385827,NA,NA,NA,NA,NA,NA,NA,NA,NA
2022-2023,Waynesboro City,644,Valley,school,407,640,Kate Collins Middle,63.19875776397515,NA,NA,NA,NA,NA,NA,NA,NA,NA
2022-2023,Waynesboro City,185,Valley,school,104,620,Wayne Hills Center,56.21621621621622,NA,NA,NA,NA,NA,NA,NA,NA,NA
2022-2023,Waynesboro City,907,Valley,school,562,600,Waynesboro High,61.9625137816979,NA,NA,NA,NA,NA,NA,NA,NA,NA
2022-2023,Waynesboro City,223,Valley,school,192,580,Wenonah Elementary,86.09865470852019,NA,NA,NA,NA,NA,NA,NA,NA,NA
2022-2023,Waynesboro City,384,Valley,school,234,630,Westwood Hills Elementary,60.9375,NA,NA,NA,NA,NA,NA,NA,NA,NA
2022-2023,Waynesboro City,446,Valley,school,328,751,William Perry Elementary,73.54260089686099,NA,NA,NA,NA,NA,NA,NA,NA,NA
2022-2023,West Point,370,Northern Neck,school,158,280,West Point Elementary,42.7027027027027,NA,NA,NA,NA,NA,NA,NA,NA,NA
2022-2023,West Point,440,Northern Neck,school,174,290,West Point Middle/High,39.54545454545455,NA,NA,NA,NA,NA,NA,NA,NA,NA
2022-2023,Westmoreland County,381,Northern Neck,school,276,210,Cople Elementary,72.44094488188976,NA,NA,NA,NA,NA,NA,NA,NA,NA
2022-2023,Westmoreland County,309,Northern Neck,school,209,300,Montross Middle,67.63754045307444,NA,NA,NA,NA,NA,NA,NA,NA,NA
2022-2023,Westmoreland County,385,Northern Neck,school,244,310,Washington District Elementary,63.37662337662338,NA,NA,NA,NA,NA,NA,NA,NA,NA
2022-2023,Westmoreland County,486,Northern Neck,school,300,120,Westmoreland High,61.72839506172839,NA,NA,NA,NA,NA,NA,NA,NA,NA
2022-2023,Williamsburg-James City County,652,Tidewater,school,253,60,Berkeley Middle,38.80368098159509,NA,NA,NA,NA,NA,NA,NA,NA,NA
2022-2023,Williamsburg-James City County,555,Tidewater,school,177,40,Clara Byrd Baker Elementary,31.891891891891895,NA,NA,NA,NA,NA,NA,NA,NA,NA
2022-2023,Williamsburg-James City County,533,Tidewater,school,174,80,D.J. Montague Elementary,32.645403377110696,NA,NA,NA,NA,NA,NA,NA,NA,NA
2022-2023,Williamsburg-James City County,549,Tidewater,school,170,190,J. Blaine Blayton Elementary,30.965391621129324,NA,NA,NA,NA,NA,NA,NA,NA,NA
2022-2023,Williamsburg-James City County,546,Tidewater,school,243,25,James Blair Middle,44.505494505494504,NA,NA,NA,NA,NA,NA,NA,NA,NA
2022-2023,Williamsburg-James City County,431,Tidewater,school,254,201,James River Elementary,58.93271461716937,NA,NA,NA,NA,NA,NA,NA,NA,NA
2022-2023,Williamsburg-James City County,1232,Tidewater,school,338,202,Jamestown High,27.435064935064936,NA,NA,NA,NA,NA,NA,NA,NA,NA
2022-2023,Williamsburg-James City County,1213,Tidewater,school,486,90,Lafayette High,40.065952184666116,NA,NA,NA,NA,NA,NA,NA,NA,NA
2022-2023,Williamsburg-James City County,564,Tidewater,school,199,50,Laurel Lane Elementary,35.28368794326241,NA,NA,NA,NA,NA,NA,NA,NA,NA
2022-2023,Williamsburg-James City County,790,Tidewater,school,291,191,Lois Hornsby Middle,36.835443037974684,NA,NA,NA,NA,NA,NA,NA,NA,NA
2022-2023,Williamsburg-James City County,642,Tidewater,school,145,205,Matoaka Elementary,22.585669781931465,NA,NA,NA,NA,NA,NA,NA,NA,NA
2022-2023,Williamsburg-James City County,435,Tidewater,school,160,10,Matthew Whaley Elementary,36.7816091954023,NA,NA,NA,NA,NA,NA,NA,NA,NA
2022-2023,Williamsburg-James City County,695,Tidewater,school,263,70,Norge Elementary,37.84172661870503,NA,NA,NA,NA,NA,NA,NA,NA,NA
2022-2023,Williamsburg-James City County,802,Tidewater,school,188,203,Stonehouse Elementary,23.44139650872818,NA,NA,NA,NA,NA,NA,NA,NA,NA
2022-2023,Williamsburg-James City County,678,Tidewater,school,234,100,Toano Middle,34.51327433628318,NA,NA,NA,NA,NA,NA,NA,NA,NA
2022-2023,Williamsburg-James City County,1325,Tidewater,school,506,204,Warhill High,38.18867924528302,NA,NA,NA,NA,NA,NA,NA,NA,NA
2022-2023,Winchester City,615,Northern Virginia,school,380,75,Daniel Morgan Intermediate,61.78861788617886,NA,NA,NA,NA,NA,NA,NA,NA,NA
2022-2023,Winchester City,613,Northern Virginia,school,414,70,Daniel Morgan Middle,67.53670473083197,NA,NA,NA,NA,NA,NA,NA,NA,NA
2022-2023,Winchester City,325,Northern Virginia,school,162,80,Frederick Douglass Elementary,49.84615384615385,NA,NA,NA,NA,NA,NA,NA,NA,NA
2022-2023,Winchester City,364,Northern Virginia,school,211,50,Garland R. Quarles Elementary,57.96703296703297,NA,NA,NA,NA,NA,NA,NA,NA,NA
2022-2023,Winchester City,1384,Northern Virginia,school,820,40,John Handley High,59.2485549132948,NA,NA,NA,NA,NA,NA,NA,NA,NA
2022-2023,Winchester City,526,Northern Virginia,school,325,90,John Kerr Elementary,61.78707224334601,NA,NA,NA,NA,NA,NA,NA,NA,NA
2022-2023,Winchester City,441,Northern Virginia,school,304,20,Virginia Avenue Charlotte Dehart Elementary,68.93424036281179,NA,NA,NA,NA,NA,NA,NA,NA,NA
2022-2023,Wise County,674,Southwest,school,337,1000,Central High,50,NA,NA,NA,NA,NA,NA,NA,NA,NA
2022-2023,Wise County,307,Southwest,school,216,651,Coeburn Middle,70.35830618892508,NA,NA,NA,NA,NA,NA,NA,NA,NA
2022-2023,Wise County,466,Southwest,school,324,653,Coeburn Primary,69.52789699570815,NA,NA,NA,NA,NA,NA,NA,NA,NA
2022-2023,Wise County,390,Southwest,school,245,652,Eastside High,62.82051282051282,NA,NA,NA,NA,NA,NA,NA,NA,NA
2022-2023,Wise County,504,Southwest,school,257,73,J.W. Adams Combined,50.99206349206349,NA,NA,NA,NA,NA,NA,NA,NA,NA
2022-2023,Wise County,451,Southwest,school,230,320,L.F. Addington Middle,50.99778270509978,NA,NA,NA,NA,NA,NA,NA,NA,NA
2022-2023,Wise County,469,Southwest,school,294,871,St. Paul Elementary,62.68656716417911,NA,NA,NA,NA,NA,NA,NA,NA,NA
2022-2023,Wise County,601,Southwest,school,370,1010,Union High,61.56405990016639,NA,NA,NA,NA,NA,NA,NA,NA,NA
2022-2023,Wise County,583,Southwest,school,369,1013,Union Middle,63.293310463121784,NA,NA,NA,NA,NA,NA,NA,NA,NA
2022-2023,Wise County,861,Southwest,school,561,1012,Union Primary,65.1567944250871,NA,NA,NA,NA,NA,NA,NA,NA,NA
2022-2023,Wise County,607,Southwest,school,345,1020,Wise Primary,56.83690280065898,NA,NA,NA,NA,NA,NA,NA,NA,NA
2022-2023,Wythe County,435,Southwest,school,183,760,Fort Chiswell High,42.06896551724138,NA,NA,NA,NA,NA,NA,NA,NA,NA
2022-2023,Wythe County,316,Southwest,school,154,1073,Fort Chiswell Middle,48.734177215189874,NA,NA,NA,NA,NA,NA,NA,NA,NA
2022-2023,Wythe County,463,Southwest,school,212,721,George Wythe High,45.78833693304535,NA,NA,NA,NA,NA,NA,NA,NA,NA
2022-2023,Wythe County,212,Southwest,school,113,730,Jackson Memorial Elementary,53.301886792452834,NA,NA,NA,NA,NA,NA,NA,NA,NA
2022-2023,Wythe County,205,Southwest,school,117,100,Max Meadows Elementary,57.073170731707314,NA,NA,NA,NA,NA,NA,NA,NA,NA
2022-2023,Wythe County,362,Southwest,school,168,201,Rural Retreat Elementary,46.408839779005525,NA,NA,NA,NA,NA,NA,NA,NA,NA
2022-2023,Wythe County,312,Southwest,school,134,202,Rural Retreat High,42.94871794871795,NA,NA,NA,NA,NA,NA,NA,NA,NA
2022-2023,Wythe County,231,Southwest,school,107,1074,Rural Retreat Middle,46.320346320346324,NA,NA,NA,NA,NA,NA,NA,NA,NA
2022-2023,Wythe County,318,Southwest,school,149,1075,Scott Memorial Middle,46.855345911949684,NA,NA,NA,NA,NA,NA,NA,NA,NA
2022-2023,Wythe County,243,Southwest,school,123,740,Sheffey Elementary,50.617283950617285,NA,NA,NA,NA,NA,NA,NA,NA,NA
2022-2023,Wythe County,158,Southwest,school,87,440,Speedwell Elementary,55.06329113924051,NA,NA,NA,NA,NA,NA,NA,NA,NA
2022-2023,Wythe County,625,Southwest,school,351,190,Spiller Elementary,56.16,NA,NA,NA,NA,NA,NA,NA,NA,NA
2022-2023,York County,622,Tidewater,school,276,180,Bethel Manor Elementary,44.37299035369775,NA,NA,NA,NA,NA,NA,NA,NA,NA
2022-2023,York County,711,Tidewater,school,221,20,Bruton High,31.08298171589311,NA,NA,NA,NA,NA,NA,NA,NA,NA
2022-2023,York County,646,Tidewater,school,157,90,Coventry Elementary,24.30340557275542,NA,NA,NA,NA,NA,NA,NA,NA,NA
2022-2023,York County,390,Tidewater,school,127,160,Dare Elementary,32.56410256410256,NA,NA,NA,NA,NA,NA,NA,NA,NA
2022-2023,York County,622,Tidewater,school,175,140,Grafton Bethel Elementary,28.135048231511256,NA,NA,NA,NA,NA,NA,NA,NA,NA
2022-2023,York County,1212,Tidewater,school,254,332,Grafton High,20.957095709570957,NA,NA,NA,NA,NA,NA,NA,NA,NA
2022-2023,York County,874,Tidewater,school,224,333,Grafton Middle,25.62929061784897,NA,NA,NA,NA,NA,NA,NA,NA,NA
2022-2023,York County,703,Tidewater,school,249,10,Magruder Elementary,35.41963015647226,NA,NA,NA,NA,NA,NA,NA,NA,NA
2022-2023,York County,578,Tidewater,school,119,80,Mount Vernon Elementary,20.588235294117645,NA,NA,NA,NA,NA,NA,NA,NA,NA
2022-2023,York County,574,Tidewater,school,178,200,Queens Lake Middle,31.010452961672474,NA,NA,NA,NA,NA,NA,NA,NA,NA
2022-2023,York County,504,Tidewater,school,149,170,Seaford Elementary,29.563492063492063,NA,NA,NA,NA,NA,NA,NA,NA,NA
2022-2023,York County,684,Tidewater,school,175,50,Tabb Elementary,25.584795321637426,NA,NA,NA,NA,NA,NA,NA,NA,NA
2022-2023,York County,1124,Tidewater,school,235,230,Tabb High,20.90747330960854,NA,NA,NA,NA,NA,NA,NA,NA,NA
2022-2023,York County,903,Tidewater,school,232,190,Tabb Middle,25.692137320044296,NA,NA,NA,NA,NA,NA,NA,NA,NA
2022-2023,York County,392,Tidewater,school,120,220,Waller Mill Elementary,30.612244897959183,NA,NA,NA,NA,NA,NA,NA,NA,NA
2022-2023,York County,1052,Tidewater,school,290,30,York High,27.566539923954377,NA,NA,NA,NA,NA,NA,NA,NA,NA
2022-2023,York County,68,Tidewater,school,28,335,York River Academy,41.17647058823529,NA,NA,NA,NA,NA,NA,NA,NA,NA
2022-2023,York County,654,Tidewater,school,309,210,Yorktown Elementary,47.24770642201835,NA,NA,NA,NA,NA,NA,NA,NA,NA
2022-2023,York County,644,Tidewater,school,204,60,Yorktown Middle,31.67701863354037,NA,NA,NA,NA,NA,NA,NA,NA,NA
2023-2024,Accomack County,426,Tidewater,school,198,701,Accawmacke Elementary,46.478873239436616,NA,NA,NA,NA,NA,NA,NA,NA,NA
2023-2024,Accomack County,695,Tidewater,school,429,540,Arcadia High,61.726618705035975,NA,NA,NA,NA,NA,NA,NA,NA,NA
2023-2024,Accomack County,487,Tidewater,school,345,704,Arcadia Middle,70.84188911704312,NA,NA,NA,NA,NA,NA,NA,NA,NA
2023-2024,Accomack County,226,Tidewater,school,68,80,Chincoteague Elementary,30.08849557522124,NA,NA,NA,NA,NA,NA,NA,NA,NA
2023-2024,Accomack County,296,Tidewater,school,124,580,Chincoteague High,41.891891891891895,NA,NA,NA,NA,NA,NA,NA,NA,NA
2023-2024,Accomack County,455,Tidewater,school,252,600,Kegotank Elementary,55.38461538461539,NA,NA,NA,NA,NA,NA,NA,NA,NA
2023-2024,Accomack County,558,Tidewater,school,254,702,Metompkin Elementary,45.51971326164875,NA,NA,NA,NA,NA,NA,NA,NA,NA
2023-2024,Accomack County,632,Tidewater,school,382,70,Nandua High,60.44303797468354,NA,NA,NA,NA,NA,NA,NA,NA,NA
2023-2024,Accomack County,468,Tidewater,school,315,703,Nandua Middle,67.3076923076923,NA,NA,NA,NA,NA,NA,NA,NA,NA
2023-2024,Accomack County,442,Tidewater,school,217,590,Pungoteague Elementary,49.095022624434385,NA,NA,NA,NA,NA,NA,NA,NA,NA
2023-2024,Accomack County,41,Tidewater,school,16,530,Tangier Combined,39.02439024390244,NA,NA,NA,NA,NA,NA,NA,NA,NA
2023-2024,Albemarle County,474,Valley,school,209,160,Agnor-Hurt Elementary,44.09282700421941,NA,NA,NA,NA,NA,NA,NA,NA,NA
2023-2024,Albemarle County,2019,Valley,school,673,880,Albemarle High,33.33333333333333,NA,NA,NA,NA,NA,NA,NA,NA,NA
2023-2024,Albemarle County,735,Valley,school,212,1053,Baker-Butler Elem,28.843537414965986,NA,NA,NA,NA,NA,NA,NA,NA,NA
2023-2024,Albemarle County,284,Valley,school,51,100,Broadus Wood Elementary,17.95774647887324,NA,NA,NA,NA,NA,NA,NA,NA,NA
2023-2024,Albemarle County,572,Valley,school,101,941,Brownsville Elementary,17.657342657342657,NA,NA,NA,NA,NA,NA,NA,NA,NA
2023-2024,Albemarle County,179,Valley,school,10,890,Community Lab School,5.58659217877095,NA,NA,NA,NA,NA,NA,NA,NA,NA
2023-2024,Albemarle County,545,Valley,school,78,340,Crozet Elementary,14.311926605504588,NA,NA,NA,NA,NA,NA,NA,NA,NA
2023-2024,Albemarle County,347,Valley,school,62,10,Hollymead Elementary,17.86743515850144,NA,NA,NA,NA,NA,NA,NA,NA,NA
2023-2024,Albemarle County,352,Valley,school,36,250,Ivy Elementary,10.227272727272728,NA,NA,NA,NA,NA,NA,NA,NA,NA
2023-2024,Albemarle County,552,Valley,school,251,69,Jackson P. Burley Middle,45.471014492753625,NA,NA,NA,NA,NA,NA,NA,NA,NA
2023-2024,Albemarle County,804,Valley,school,112,942,Joseph T. Henley Middle,13.930348258706468,NA,NA,NA,NA,NA,NA,NA,NA,NA
2023-2024,Albemarle County,608,Valley,school,297,950,Journey Middle,48.848684210526315,NA,NA,NA,NA,NA,NA,NA,NA,NA
2023-2024,Albemarle County,520,Valley,school,124,1051,Lakeside Middle,23.846153846153847,NA,NA,NA,NA,NA,NA,NA,NA,NA
2023-2024,Albemarle County,330,Valley,school,127,20,Leslie H. Walton Middle,38.484848484848484,NA,NA,NA,NA,NA,NA,NA,NA,NA
2023-2024,Albemarle County,496,Valley,school,269,40,Mary Carr Greer Elementary,54.233870967741936,NA,NA,NA,NA,NA,NA,NA,NA,NA
2023-2024,Albemarle County,1211,Valley,school,436,1052,Monticello High,36.00330305532617,NA,NA,NA,NA,NA,NA,NA,NA,NA
2023-2024,Albemarle County,756,Valley,school,306,150,Mountain View Elementary,40.476190476190474,NA,NA,NA,NA,NA,NA,NA,NA,NA
2023-2024,Albemarle County,196,Valley,school,90,540,Red Hill Elementary,45.91836734693878,NA,NA,NA,NA,NA,NA,NA,NA,NA
2023-2024,Albemarle County,211,Valley,school,97,30,Scottsville Elementary,45.97156398104265,NA,NA,NA,NA,NA,NA,NA,NA,NA
2023-2024,Albemarle County,488,Valley,school,142,920,Stone Robinson Elementary,29.098360655737704,NA,NA,NA,NA,NA,NA,NA,NA,NA
2023-2024,Albemarle County,188,Valley,school,51,240,Stony Point Elementary,27.127659574468083,NA,NA,NA,NA,NA,NA,NA,NA,NA
2023-2024,Albemarle County,277,Valley,school,26,910,Virginia L. Murray Elementary,9.386281588447654,NA,NA,NA,NA,NA,NA,NA,NA,NA
2023-2024,Albemarle County,1166,Valley,school,148,140,Western Albemarle High,12.69296740994854,NA,NA,NA,NA,NA,NA,NA,NA,NA
2023-2024,Albemarle County,525,Valley,school,289,930,Woodbrook Elementary,55.047619047619044,NA,NA,NA,NA,NA,NA,NA,NA,NA
2023-2024,Alexandria City,4563,Northern Virginia,school,NA,210,Alexandria City High School,NA,NA,NA,NA,NA,NA,NA,NA,NA,NA
2023-2024,Alexandria City,586,Northern Virginia,school,282,120,Charles Barrett Elementary,48.122866894197955,NA,NA,NA,NA,NA,NA,NA,NA,NA
2023-2024,Alexandria City,309,Northern Virginia,school,236,160,Cora Kelly School for Math Science and Technology,76.37540453074433,NA,NA,NA,NA,NA,NA,NA,NA,NA
2023-2024,Alexandria City,642,Northern Virginia,school,282,110,Douglas MacArthur Elementary,43.925233644859816,NA,NA,NA,NA,NA,NA,NA,NA,NA
2023-2024,Alexandria City,202,Northern Virginia,school,89,360,Early Childhood Center,44.05940594059406,NA,NA,NA,NA,NA,NA,NA,NA,NA
2023-2024,Alexandria City,621,Northern Virginia,school,523,350,Ferdinand T. Day Elementary,84.21900161030595,NA,NA,NA,NA,NA,NA,NA,NA,NA
2023-2024,Alexandria City,1511,Northern Virginia,school,NA,140,Francis C. Hammond Middle,NA,NA,NA,NA,NA,NA,NA,NA,NA,NA
2023-2024,Alexandria City,336,Northern Virginia,school,138,100,George Mason Elementary,41.07142857142857,NA,NA,NA,NA,NA,NA,NA,NA,NA
2023-2024,Alexandria City,1360,Northern Virginia,school,712,130,George Washington Middle,52.352941176470594,NA,NA,NA,NA,NA,NA,NA,NA,NA
2023-2024,Alexandria City,833,Northern Virginia,school,706,220,James K. Polk Elementary,84.75390156062424,NA,NA,NA,NA,NA,NA,NA,NA,NA
2023-2024,Alexandria City,591,Northern Virginia,school,478,90,Jefferson-Houston PK-8 School,80.8798646362098,NA,NA,NA,NA,NA,NA,NA,NA,NA
2023-2024,Alexandria City,746,Northern Virginia,school,612,230,John Adams Elementary,82.03753351206434,NA,NA,NA,NA,NA,NA,NA,NA,NA
2023-2024,Alexandria City,440,Northern Virginia,school,97,80,Lyles-Crouch Elementary,22.045454545454547,NA,NA,NA,NA,NA,NA,NA,NA,NA
2023-2024,Alexandria City,905,Northern Virginia,school,449,30,Mount Vernon Elementary,49.613259668508285,NA,NA,NA,NA,NA,NA,NA,NA,NA
2023-2024,Alexandria City,346,Northern Virginia,school,124,60,Naomi L. Brooks Elementary,35.83815028901734,NA,NA,NA,NA,NA,NA,NA,NA,NA
2023-2024,Alexandria City,1058,Northern Virginia,school,900,50,Patrick Henry K-8 School,85.06616257088847,NA,NA,NA,NA,NA,NA,NA,NA,NA
2023-2024,Alexandria City,736,Northern Virginia,school,409,333,Samuel W. Tucker Elementary,55.57065217391305,NA,NA,NA,NA,NA,NA,NA,NA,NA
2023-2024,Alexandria City,654,Northern Virginia,school,537,190,William Ramsay Elementary,82.11009174311926,NA,NA,NA,NA,NA,NA,NA,NA,NA
2023-2024,Alleghany Highlands,832,NA,school,355,310,Alleghany High,42.668269230769226,NA,NA,NA,NA,NA,NA,NA,NA,NA
2023-2024,Alleghany Highlands,257,NA,school,92,110,Callaghan Elementary,35.797665369649806,NA,NA,NA,NA,NA,NA,NA,NA,NA
2023-2024,Alleghany Highlands,622,NA,school,299,1040,Covington Middle,48.07073954983923,NA,NA,NA,NA,NA,NA,NA,NA,NA
2023-2024,Alleghany Highlands,502,NA,school,254,360,Jeter-Watson Elementary,50.59760956175299,NA,NA,NA,NA,NA,NA,NA,NA,NA
2023-2024,Alleghany Highlands,435,NA,school,194,1041,Mountain View Elementary,44.59770114942529,NA,NA,NA,NA,NA,NA,NA,NA,NA
2023-2024,Alleghany Highlands,188,NA,school,79,90,Sharon Elementary,42.02127659574468,NA,NA,NA,NA,NA,NA,NA,NA,NA
2023-2024,Amelia County,758,Southside,school,427,220,Amelia County Elementary,56.33245382585752,NA,NA,NA,NA,NA,NA,NA,NA,NA
2023-2024,Amelia County,497,Southside,school,235,10,Amelia County High,47.283702213279675,NA,NA,NA,NA,NA,NA,NA,NA,NA
2023-2024,Amelia County,351,Southside,school,187,210,Amelia County Middle,53.27635327635327,NA,NA,NA,NA,NA,NA,NA,NA,NA
2023-2024,Amherst County,415,Valley,school,214,780,Amelon Elementary,51.566265060240966,NA,NA,NA,NA,NA,NA,NA,NA,NA
2023-2024,Amherst County,1243,Valley,school,559,750,Amherst County High,44.97184231697506,NA,NA,NA,NA,NA,NA,NA,NA,NA
2023-2024,Amherst County,267,Valley,school,127,790,Amherst Elementary,47.565543071161045,NA,NA,NA,NA,NA,NA,NA,NA,NA
2023-2024,Amherst County,356,Valley,school,169,670,Amherst Middle,47.47191011235955,NA,NA,NA,NA,NA,NA,NA,NA,NA
2023-2024,Amherst County,323,Valley,school,238,770,Central Elementary,73.68421052631578,NA,NA,NA,NA,NA,NA,NA,NA,NA
2023-2024,Amherst County,318,Valley,school,118,760,Elon Elementary,37.10691823899371,NA,NA,NA,NA,NA,NA,NA,NA,NA
2023-2024,Amherst County,429,Valley,school,329,500,Madison Heights Elementary,76.68997668997669,NA,NA,NA,NA,NA,NA,NA,NA,NA
2023-2024,Amherst County,512,Valley,school,273,20,Monelison Middle,53.3203125,NA,NA,NA,NA,NA,NA,NA,NA,NA
2023-2024,Amherst County,102,Valley,school,35,740,Temperance Elementary,34.31372549019608,NA,NA,NA,NA,NA,NA,NA,NA,NA
2023-2024,Appomattox County,718,Southside,school,342,260,Appomattox County High,47.63231197771588,NA,NA,NA,NA,NA,NA,NA,NA,NA
2023-2024,Appomattox County,533,Southside,school,265,110,Appomattox Elementary,49.71857410881801,NA,NA,NA,NA,NA,NA,NA,NA,NA
2023-2024,Appomattox County,512,Southside,school,257,160,Appomattox Middle,50.1953125,NA,NA,NA,NA,NA,NA,NA,NA,NA
2023-2024,Appomattox County,609,Southside,school,330,250,Appomattox Primary,54.187192118226605,NA,NA,NA,NA,NA,NA,NA,NA,NA
2023-2024,Arlington County,717,Northern Virginia,school,241,350,Abingdon Elementary,33.61227336122734,NA,NA,NA,NA,NA,NA,NA,NA,NA
2023-2024,Arlington County,593,Northern Virginia,school,246,160,Alice West Fleet Elementary,41.48397976391231,NA,NA,NA,NA,NA,NA,NA,NA,NA
2023-2024,Arlington County,149,Northern Virginia,school,17,618,Arlington Community High,11.409395973154362,NA,NA,NA,NA,NA,NA,NA,NA,NA
2023-2024,Arlington County,583,Northern Virginia,school,84,629,Arlington Science Focus School,14.408233276157805,NA,NA,NA,NA,NA,NA,NA,NA,NA
2023-2024,Arlington County,663,Northern Virginia,school,258,470,Arlington Traditional,38.91402714932127,NA,NA,NA,NA,NA,NA,NA,NA,NA
2023-2024,Arlington County,530,Northern Virginia,school,101,490,Ashlawn Elementary,19.056603773584907,NA,NA,NA,NA,NA,NA,NA,NA,NA
2023-2024,Arlington County,474,Northern Virginia,school,159,150,Barcroft Elementary,33.54430379746836,NA,NA,NA,NA,NA,NA,NA,NA,NA
2023-2024,Arlington County,519,Northern Virginia,school,222,250,Barrett Elementary,42.77456647398844,NA,NA,NA,NA,NA,NA,NA,NA,NA
2023-2024,Arlington County,406,Northern Virginia,school,171,615,Campbell Elementary,42.11822660098522,NA,NA,NA,NA,NA,NA,NA,NA,NA
2023-2024,Arlington County,714,Northern Virginia,school,44,380,Cardinal Elementary,6.162464985994398,NA,NA,NA,NA,NA,NA,NA,NA,NA
2023-2024,Arlington County,547,Northern Virginia,school,305,90,Carlin Springs Elementary,55.758683729433265,NA,NA,NA,NA,NA,NA,NA,NA,NA
2023-2024,Arlington County,622,Northern Virginia,school,235,622,Claremont Immersion,37.78135048231511,NA,NA,NA,NA,NA,NA,NA,NA,NA
2023-2024,Arlington County,523,Northern Virginia,school,21,626,Discovery Elementary,4.015296367112811,NA,NA,NA,NA,NA,NA,NA,NA,NA
2023-2024,Arlington County,933,Northern Virginia,school,170,628,Dorothy Hamm Middle,18.220793140407288,NA,NA,NA,NA,NA,NA,NA,NA,NA
2023-2024,Arlington County,435,Northern Virginia,school,171,200,Dr. Charles R. Drew Elementary,39.310344827586206,NA,NA,NA,NA,NA,NA,NA,NA,NA
2023-2024,Arlington County,579,Northern Virginia,school,208,111,Escuela Key Elementary,35.92400690846287,NA,NA,NA,NA,NA,NA,NA,NA,NA
2023-2024,Arlington County,543,Northern Virginia,school,75,100,Glebe Elementary,13.812154696132598,NA,NA,NA,NA,NA,NA,NA,NA,NA
2023-2024,Arlington County,1031,Northern Virginia,school,357,611,Gunston Middle,34.62657613967022,NA,NA,NA,NA,NA,NA,NA,NA,NA
2023-2024,Arlington County,602,Northern Virginia,school,291,614,Hoffman-Boston Elementary,48.33887043189369,NA,NA,NA,NA,NA,NA,NA,NA,NA
2023-2024,Arlington County,496,Northern Virginia,school,198,613,Innovation Elementary,39.91935483870967,NA,NA,NA,NA,NA,NA,NA,NA,NA
2023-2024,Arlington County,31,Northern Virginia,school,NA,37,Integration Station,NA,NA,NA,NA,NA,NA,NA,NA,NA,NA
2023-2024,Arlington County,465,Northern Virginia,school,16,440,Jamestown Elementary,3.4408602150537635,NA,NA,NA,NA,NA,NA,NA,NA,NA
2023-2024,Arlington County,1090,Northern Virginia,school,430,180,Jefferson Middle,39.44954128440367,NA,NA,NA,NA,NA,NA,NA,NA,NA
2023-2024,Arlington County,1009,Northern Virginia,school,412,500,Kenmore Middle,40.83250743310208,NA,NA,NA,NA,NA,NA,NA,NA,NA
2023-2024,Arlington County,423,Northern Virginia,school,123,460,Long Branch Elementary,29.078014184397162,NA,NA,NA,NA,NA,NA,NA,NA,NA
2023-2024,Arlington County,517,Northern Virginia,school,151,627,Montessori Public School of Arlington,29.206963249516445,NA,NA,NA,NA,NA,NA,NA,NA,NA
2023-2024,Arlington County,374,Northern Virginia,school,10,410,Nottingham Elementary,2.6737967914438503,NA,NA,NA,NA,NA,NA,NA,NA,NA
2023-2024,Arlington County,645,Northern Virginia,school,202,360,Oakridge Elementary,31.317829457364343,NA,NA,NA,NA,NA,NA,NA,NA,NA
2023-2024,Arlington County,396,Northern Virginia,school,172,510,Randolph Elementary,43.43434343434344,NA,NA,NA,NA,NA,NA,NA,NA,NA
2023-2024,Arlington County,965,Northern Virginia,school,199,240,Swanson Middle,20.621761658031087,NA,NA,NA,NA,NA,NA,NA,NA,NA
2023-2024,Arlington County,530,Northern Virginia,school,46,420,Taylor Elementary,8.679245283018867,NA,NA,NA,NA,NA,NA,NA,NA,NA
2023-2024,Arlington County,453,Northern Virginia,school,14,211,Tuckahoe Elementary,3.090507726269316,NA,NA,NA,NA,NA,NA,NA,NA,NA
2023-2024,Arlington County,2722,Northern Virginia,school,NA,450,Wakefield High,NA,NA,NA,NA,NA,NA,NA,NA,NA,NA
2023-2024,Arlington County,2904,Northern Virginia,school,883,80,Washington-Liberty High,30.40633608815427,NA,NA,NA,NA,NA,NA,NA,NA,NA
2023-2024,Arlington County,856,Northern Virginia,school,18,480,Williamsburg Middle,2.102803738317757,NA,NA,NA,NA,NA,NA,NA,NA,NA
2023-2024,Arlington County,2497,Northern Virginia,school,355,330,Yorktown High,14.21706047256708,NA,NA,NA,NA,NA,NA,NA,NA,NA
2023-2024,Augusta County,612,Valley,school,232,212,Beverley Manor Middle,37.908496732026144,NA,NA,NA,NA,NA,NA,NA,NA,NA
2023-2024,Augusta County,416,Valley,school,167,660,Buffalo Gap High,40.144230769230774,NA,NA,NA,NA,NA,NA,NA,NA,NA
2023-2024,Augusta County,639,Valley,school,295,30,Cassell Elementary,46.165884194053206,NA,NA,NA,NA,NA,NA,NA,NA,NA
2023-2024,Augusta County,449,Valley,school,191,140,Churchville Elementary,42.53897550111358,NA,NA,NA,NA,NA,NA,NA,NA,NA
2023-2024,Augusta County,128,Valley,school,83,370,Craigsville Elementary,64.84375,NA,NA,NA,NA,NA,NA,NA,NA,NA
2023-2024,Augusta County,776,Valley,school,326,842,Edward G. Clymore Elementary,42.01030927835052,NA,NA,NA,NA,NA,NA,NA,NA,NA
2023-2024,Augusta County,738,Valley,school,320,670,Fort Defiance High,43.360433604336045,NA,NA,NA,NA,NA,NA,NA,NA,NA
2023-2024,Augusta County,453,Valley,school,179,843,Guy K. Stump Elementary,39.51434878587197,NA,NA,NA,NA,NA,NA,NA,NA,NA
2023-2024,Augusta County,237,Valley,school,125,40,North River Elementary,52.742616033755276,NA,NA,NA,NA,NA,NA,NA,NA,NA
2023-2024,Augusta County,721,Valley,school,327,740,Riverheads Elementary,45.35367545076283,NA,NA,NA,NA,NA,NA,NA,NA,NA
2023-2024,Augusta County,448,Valley,school,152,680,Riverheads High,33.92857142857143,NA,NA,NA,NA,NA,NA,NA,NA,NA
2023-2024,Augusta County,516,Valley,school,222,90,S. Gordon Stewart Middle,43.02325581395349,NA,NA,NA,NA,NA,NA,NA,NA,NA
2023-2024,Augusta County,613,Valley,school,280,440,Stuarts Draft Elementary,45.67699836867863,NA,NA,NA,NA,NA,NA,NA,NA,NA
2023-2024,Augusta County,713,Valley,school,291,730,Stuarts Draft High,40.813464235624124,NA,NA,NA,NA,NA,NA,NA,NA,NA
2023-2024,Augusta County,504,Valley,school,198,60,Stuarts Draft Middle,39.285714285714285,NA,NA,NA,NA,NA,NA,NA,NA,NA
2023-2024,Augusta County,660,Valley,school,312,640,Wilson Elementary,47.27272727272727,NA,NA,NA,NA,NA,NA,NA,NA,NA
2023-2024,Augusta County,865,Valley,school,310,720,Wilson Memorial High,35.83815028901734,NA,NA,NA,NA,NA,NA,NA,NA,NA
2023-2024,Augusta County,656,Valley,school,266,844,Wilson Middle,40.54878048780488,NA,NA,NA,NA,NA,NA,NA,NA,NA
2023-2024,Bath County,183,Valley,school,78,140,Bath County High,42.62295081967213,NA,NA,NA,NA,NA,NA,NA,NA,NA
2023-2024,Bath County,141,Valley,school,72,120,Millboro Elementary,51.06382978723404,NA,NA,NA,NA,NA,NA,NA,NA,NA
2023-2024,Bath County,185,Valley,school,121,150,Valley Elementary,65.4054054054054,NA,NA,NA,NA,NA,NA,NA,NA,NA
2023-2024,Bedford County,447,Valley,school,272,480,Bedford Elementary,60.85011185682326,NA,NA,NA,NA,NA,NA,NA,NA,NA
2023-2024,Bedford County,289,Valley,school,197,1200,Bedford Primary,68.16608996539793,NA,NA,NA,NA,NA,NA,NA,NA,NA
2023-2024,Bedford County,148,Valley,school,79,30,Big Island Elementary,53.37837837837838,NA,NA,NA,NA,NA,NA,NA,NA,NA
2023-2024,Bedford County,321,Valley,school,82,160,Boonsboro Elementary,25.54517133956386,NA,NA,NA,NA,NA,NA,NA,NA,NA
2023-2024,Bedford County,362,Valley,school,67,500,Forest Elementary,18.50828729281768,NA,NA,NA,NA,NA,NA,NA,NA,NA
2023-2024,Bedford County,890,Valley,school,196,1211,Forest Middle,22.02247191011236,NA,NA,NA,NA,NA,NA,NA,NA,NA
2023-2024,Bedford County,506,Valley,school,260,1214,Goodview Elementary,51.38339920948617,NA,NA,NA,NA,NA,NA,NA,NA,NA
2023-2024,Bedford County,223,Valley,school,144,980,Huddleston Elementary,64.57399103139014,NA,NA,NA,NA,NA,NA,NA,NA,NA
2023-2024,Bedford County,1311,Valley,school,284,1212,Jefferson Forest High,21.662852784134248,NA,NA,NA,NA,NA,NA,NA,NA,NA
2023-2024,Bedford County,727,Valley,school,333,1180,Liberty High,45.80467675378267,NA,NA,NA,NA,NA,NA,NA,NA,NA
2023-2024,Bedford County,535,Valley,school,300,490,Liberty Middle,56.074766355140184,NA,NA,NA,NA,NA,NA,NA,NA,NA
2023-2024,Bedford County,230,Valley,school,114,970,Moneta Elementary,49.56521739130435,NA,NA,NA,NA,NA,NA,NA,NA,NA
2023-2024,Bedford County,260,Valley,school,153,180,Montvale Elementary,58.84615384615385,NA,NA,NA,NA,NA,NA,NA,NA,NA
2023-2024,Bedford County,327,Valley,school,99,610,New London Academy Elementary,30.275229357798167,NA,NA,NA,NA,NA,NA,NA,NA,NA
2023-2024,Bedford County,169,Valley,school,62,1170,Otter River Elementary,36.68639053254438,NA,NA,NA,NA,NA,NA,NA,NA,NA
2023-2024,Bedford County,869,Valley,school,379,1190,Staunton River High,43.613348676639816,NA,NA,NA,NA,NA,NA,NA,NA,NA
2023-2024,Bedford County,584,Valley,school,295,1191,Staunton River Middle,50.513698630136986,NA,NA,NA,NA,NA,NA,NA,NA,NA
2023-2024,Bedford County,323,Valley,school,209,640,Stewartsville Elementary,64.70588235294117,NA,NA,NA,NA,NA,NA,NA,NA,NA
2023-2024,Bedford County,540,Valley,school,147,1213,Thomas Jefferson Elementary,27.22222222222222,NA,NA,NA,NA,NA,NA,NA,NA,NA
2023-2024,Bland County,357,Southwest,school,206,250,Bland County Elementary,57.70308123249299,NA,NA,NA,NA,NA,NA,NA,NA,NA
2023-2024,Bland County,436,Southwest,school,221,260,Bland County High,50.68807339449541,NA,NA,NA,NA,NA,NA,NA,NA,NA
2023-2024,Botetourt County,201,Western Virginia,school,63,220,Breckinridge Elementary,31.343283582089555,NA,NA,NA,NA,NA,NA,NA,NA,NA
2023-2024,Botetourt County,300,Western Virginia,school,139,20,Buchanan Elementary,46.33333333333333,NA,NA,NA,NA,NA,NA,NA,NA,NA
2023-2024,Botetourt County,362,Western Virginia,school,136,420,Central Academy Middle,37.569060773480665,NA,NA,NA,NA,NA,NA,NA,NA,NA
2023-2024,Botetourt County,243,Western Virginia,school,82,390,Cloverdale Elementary,33.744855967078195,NA,NA,NA,NA,NA,NA,NA,NA,NA
2023-2024,Botetourt County,461,Western Virginia,school,172,400,Colonial Elementary,37.310195227765725,NA,NA,NA,NA,NA,NA,NA,NA,NA
2023-2024,Botetourt County,123,Western Virginia,school,55,30,Eagle Rock Elementary,44.71544715447154,NA,NA,NA,NA,NA,NA,NA,NA,NA
2023-2024,Botetourt County,435,Western Virginia,school,147,460,Greenfield Elementary,33.793103448275865,NA,NA,NA,NA,NA,NA,NA,NA,NA
2023-2024,Botetourt County,461,Western Virginia,school,148,430,James River High,32.10412147505423,NA,NA,NA,NA,NA,NA,NA,NA,NA
2023-2024,Botetourt County,983,Western Virginia,school,274,440,Lord Botetourt High,27.87385554425229,NA,NA,NA,NA,NA,NA,NA,NA,NA
2023-2024,Botetourt County,661,Western Virginia,school,216,450,Read Mountain Middle,32.677760968229954,NA,NA,NA,NA,NA,NA,NA,NA,NA
2023-2024,Botetourt County,258,Western Virginia,school,91,40,Troutville Elementary,35.27131782945737,NA,NA,NA,NA,NA,NA,NA,NA,NA
2023-2024,Bristol City,164,Southwest,school,120,60,Highland View Elementary,73.17073170731707,NA,NA,NA,NA,NA,NA,NA,NA,NA
2023-2024,Bristol City,425,Southwest,school,243,100,Joseph Van Pelt Elementary,57.1764705882353,NA,NA,NA,NA,NA,NA,NA,NA,NA
2023-2024,Bristol City,263,Southwest,school,131,70,Stonewall Jackson Elementary,49.80988593155893,NA,NA,NA,NA,NA,NA,NA,NA,NA
2023-2024,Bristol City,625,Southwest,school,415,80,Virginia High,66.4,NA,NA,NA,NA,NA,NA,NA,NA,NA
2023-2024,Bristol City,458,Southwest,school,335,10,Virginia Middle,73.14410480349345,NA,NA,NA,NA,NA,NA,NA,NA,NA
2023-2024,Bristol City,219,Southwest,school,150,90,Washington-Lee Elementary,68.4931506849315,NA,NA,NA,NA,NA,NA,NA,NA,NA
2023-2024,Brunswick County,422,Southside,school,314,650,Brunswick High,74.40758293838863,NA,NA,NA,NA,NA,NA,NA,NA,NA
2023-2024,Brunswick County,295,Southside,school,215,660,James S. Russell Middle,72.88135593220339,NA,NA,NA,NA,NA,NA,NA,NA,NA
2023-2024,Brunswick County,184,Southside,school,142,690,Meherrin Powellton Elementary,77.17391304347827,NA,NA,NA,NA,NA,NA,NA,NA,NA
2023-2024,Brunswick County,184,Southside,school,135,700,Red Oak-Sturgeon Elementary,73.36956521739131,NA,NA,NA,NA,NA,NA,NA,NA,NA
2023-2024,Brunswick County,310,Southside,school,268,720,Totaro Elementary,86.45161290322581,NA,NA,NA,NA,NA,NA,NA,NA,NA
2023-2024,Buchanan County,194,Southwest,school,124,90,Council Elementary/Middle,63.91752577319587,NA,NA,NA,NA,NA,NA,NA,NA,NA
2023-2024,Buchanan County,111,Southwest,school,70,1000,Council High,63.06306306306306,NA,NA,NA,NA,NA,NA,NA,NA,NA
2023-2024,Buchanan County,348,Southwest,school,192,990,Grundy High,55.172413793103445,NA,NA,NA,NA,NA,NA,NA,NA,NA
2023-2024,Buchanan County,322,Southwest,school,200,120,Hurley Elementary/Middle,62.11180124223602,NA,NA,NA,NA,NA,NA,NA,NA,NA
2023-2024,Buchanan County,226,Southwest,school,141,1020,Hurley High,62.38938053097345,NA,NA,NA,NA,NA,NA,NA,NA,NA
2023-2024,Buchanan County,729,Southwest,school,366,1040,Riverview Elementary/Middle,50.20576131687243,NA,NA,NA,NA,NA,NA,NA,NA,NA
2023-2024,Buchanan County,262,Southwest,school,150,1041,Twin Valley Elementary/Middle,57.25190839694656,NA,NA,NA,NA,NA,NA,NA,NA,NA
2023-2024,Buchanan County,186,Southwest,school,116,1042,Twin Valley High,62.365591397849464,NA,NA,NA,NA,NA,NA,NA,NA,NA
2023-2024,Buckingham County,392,Southside,school,258,724,Buckingham Co Elementary,65.81632653061224,NA,NA,NA,NA,NA,NA,NA,NA,NA
2023-2024,Buckingham County,108,Southside,school,61,20,Buckingham Co Prekindergarten Center,56.481481481481474,NA,NA,NA,NA,NA,NA,NA,NA,NA
2023-2024,Buckingham County,351,Southside,school,230,723,Buckingham Co Primary,65.52706552706553,NA,NA,NA,NA,NA,NA,NA,NA,NA
2023-2024,Buckingham County,685,Southside,school,374,700,Buckingham County High,54.598540145985396,NA,NA,NA,NA,NA,NA,NA,NA,NA
2023-2024,Buckingham County,430,Southside,school,260,721,Buckingham County Middle,60.46511627906976,NA,NA,NA,NA,NA,NA,NA,NA,NA
2023-2024,Buena Vista City,247,Valley,school,145,40,Enderly Heights Elementary,58.70445344129555,NA,NA,NA,NA,NA,NA,NA,NA,NA
2023-2024,Buena Vista City,176,Valley,school,100,70,F.W. Kling Jr. Elementary,56.81818181818182,NA,NA,NA,NA,NA,NA,NA,NA,NA
2023-2024,Buena Vista City,314,Valley,school,152,62,Parry McCluer High,48.40764331210191,NA,NA,NA,NA,NA,NA,NA,NA,NA
2023-2024,Buena Vista City,119,Valley,school,66,61,Parry McCluer Middle,55.46218487394958,NA,NA,NA,NA,NA,NA,NA,NA,NA
2023-2024,Campbell County,521,Valley,school,324,560,Altavista Elementary,62.18809980806142,NA,NA,NA,NA,NA,NA,NA,NA,NA
2023-2024,Campbell County,634,Valley,school,341,200,Altavista High,53.785488958990534,NA,NA,NA,NA,NA,NA,NA,NA,NA
2023-2024,Campbell County,426,Valley,school,281,650,Brookneal Elementary,65.96244131455398,NA,NA,NA,NA,NA,NA,NA,NA,NA
2023-2024,Campbell County,1015,Valley,school,381,720,Brookville High,37.53694581280788,NA,NA,NA,NA,NA,NA,NA,NA,NA
2023-2024,Campbell County,678,Valley,school,276,20,Brookville Middle,40.707964601769916,NA,NA,NA,NA,NA,NA,NA,NA,NA
2023-2024,Campbell County,412,Valley,school,176,130,Concord Elementary,42.71844660194174,NA,NA,NA,NA,NA,NA,NA,NA,NA
2023-2024,Campbell County,642,Valley,school,307,690,Leesville Road Elementary,47.81931464174455,NA,NA,NA,NA,NA,NA,NA,NA,NA
2023-2024,Campbell County,442,Valley,school,266,821,Rustburg Elementary,60.18099547511312,NA,NA,NA,NA,NA,NA,NA,NA,NA
2023-2024,Campbell County,851,Valley,school,348,222,Rustburg High,40.8930669800235,NA,NA,NA,NA,NA,NA,NA,NA,NA
2023-2024,Campbell County,631,Valley,school,312,211,Rustburg Middle,49.44532488114105,NA,NA,NA,NA,NA,NA,NA,NA,NA
2023-2024,Campbell County,679,Valley,school,295,60,Tomahawk Elementary,43.446244477172314,NA,NA,NA,NA,NA,NA,NA,NA,NA
2023-2024,Campbell County,405,Valley,school,243,542,William Campbell High,60,NA,NA,NA,NA,NA,NA,NA,NA,NA
2023-2024,Campbell County,560,Valley,school,283,710,Yellow Branch Elementary,50.535714285714285,NA,NA,NA,NA,NA,NA,NA,NA,NA
2023-2024,Caroline County,811,Northern Neck,school,489,620,Bowling Green Elementary,60.29593094944513,NA,NA,NA,NA,NA,NA,NA,NA,NA
2023-2024,Caroline County,1278,Northern Neck,school,581,460,Caroline High,45.46165884194053,NA,NA,NA,NA,NA,NA,NA,NA,NA
2023-2024,Caroline County,1000,Northern Neck,school,484,450,Caroline Middle,48.4,NA,NA,NA,NA,NA,NA,NA,NA,NA
2023-2024,Caroline County,983,Northern Neck,school,415,9020,Lewis and Clark Elementary,42.2177009155646,NA,NA,NA,NA,NA,NA,NA,NA,NA
2023-2024,Caroline County,492,Northern Neck,school,279,630,Madison Elementary,56.70731707317073,NA,NA,NA,NA,NA,NA,NA,NA,NA
2023-2024,Carroll County,1059,Southwest,school,544,1230,Carroll County High,51.36921624173749,NA,NA,NA,NA,NA,NA,NA,NA,NA
2023-2024,Carroll County,726,Southwest,school,422,450,Carroll County Middle,58.1267217630854,NA,NA,NA,NA,NA,NA,NA,NA,NA
2023-2024,Carroll County,131,Southwest,school,71,1180,Fancy Gap Elementary,54.19847328244275,NA,NA,NA,NA,NA,NA,NA,NA,NA
2023-2024,Carroll County,93,Southwest,school,47,1150,Gladesboro Elementary,50.53763440860215,NA,NA,NA,NA,NA,NA,NA,NA,NA
2023-2024,Carroll County,259,Southwest,school,182,1210,Gladeville Elementary,70.27027027027027,NA,NA,NA,NA,NA,NA,NA,NA,NA
2023-2024,Carroll County,467,Southwest,school,271,1170,Hillsville Elementary,58.02997858672377,NA,NA,NA,NA,NA,NA,NA,NA,NA
2023-2024,Carroll County,217,Southwest,school,127,1160,Laurel Elementary,58.525345622119815,NA,NA,NA,NA,NA,NA,NA,NA,NA
2023-2024,Carroll County,187,Southwest,school,123,1130,Oakland Elementary,65.77540106951871,NA,NA,NA,NA,NA,NA,NA,NA,NA
2023-2024,Carroll County,305,Southwest,school,195,1110,St. Paul,63.934426229508205,NA,NA,NA,NA,NA,NA,NA,NA,NA
2023-2024,Charles City County,315,Central Virginia,school,154,80,Charles City County Elementary,48.888888888888886,NA,NA,NA,NA,NA,NA,NA,NA,NA
2023-2024,Charles City County,215,Central Virginia,school,128,100,Charles City County High,59.53488372093023,NA,NA,NA,NA,NA,NA,NA,NA,NA
2023-2024,Charlotte County,170,Southside,school,101,470,Bacon District Elementary,59.411764705882355,NA,NA,NA,NA,NA,NA,NA,NA,NA
2023-2024,Charlotte County,385,Southside,school,216,210,Central Middle,56.1038961038961,NA,NA,NA,NA,NA,NA,NA,NA,NA
2023-2024,Charlotte County,447,Southside,school,280,100,Eureka Elementary,62.639821029082775,NA,NA,NA,NA,NA,NA,NA,NA,NA
2023-2024,Charlotte County,226,Southside,school,133,450,Phenix Elementary,58.849557522123895,NA,NA,NA,NA,NA,NA,NA,NA,NA
2023-2024,Charlotte County,477,Southside,school,252,460,Randolph-Henry High,52.83018867924528,NA,NA,NA,NA,NA,NA,NA,NA,NA
2023-2024,Charlottesville City,561,Valley,school,318,100,Buford Middle,56.68449197860963,NA,NA,NA,NA,NA,NA,NA,NA,NA
2023-2024,Charlottesville City,285,Valley,school,90,70,Burnley-Moran Elementary,31.57894736842105,NA,NA,NA,NA,NA,NA,NA,NA,NA
2023-2024,Charlottesville City,1411,Valley,school,721,140,Charlottesville High,51.09851169383416,NA,NA,NA,NA,NA,NA,NA,NA,NA
2023-2024,Charlottesville City,308,Valley,school,306,50,Clark Elementary,99.35064935064936,NA,NA,NA,NA,NA,NA,NA,NA,NA
2023-2024,Charlottesville City,270,Valley,school,270,90,Greenbrier Elementary,100,NA,NA,NA,NA,NA,NA,NA,NA,NA
2023-2024,Charlottesville City,351,Valley,school,350,120,Jackson-Via Elementary,99.71509971509973,NA,NA,NA,NA,NA,NA,NA,NA,NA
2023-2024,Charlottesville City,329,Valley,school,326,10,Johnson Elementary,99.08814589665653,NA,NA,NA,NA,NA,NA,NA,NA,NA
2023-2024,Charlottesville City,322,Valley,school,124,40,Venable Elementary,38.50931677018634,NA,NA,NA,NA,NA,NA,NA,NA,NA
2023-2024,Charlottesville City,607,Valley,school,300,110,Walker Upper Elementary,49.42339373970346,NA,NA,NA,NA,NA,NA,NA,NA,NA
2023-2024,Chesapeake City,835,Tidewater,school,277,630,B.M. Williams Primary,33.17365269461078,NA,NA,NA,NA,NA,NA,NA,NA,NA
2023-2024,Chesapeake City,575,Tidewater,school,51,860,Butts Road Intermediate,8.869565217391303,NA,NA,NA,NA,NA,NA,NA,NA,NA
2023-2024,Chesapeake City,539,Tidewater,school,45,770,Butts Road Primary,8.348794063079778,NA,NA,NA,NA,NA,NA,NA,NA,NA
2023-2024,Chesapeake City,506,Tidewater,school,262,90,Camelot Elementary,51.77865612648221,NA,NA,NA,NA,NA,NA,NA,NA,NA
2023-2024,Chesapeake City,940,Tidewater,school,105,900,Cedar Road Elementary,11.170212765957446,NA,NA,NA,NA,NA,NA,NA,NA,NA
2023-2024,Chesapeake City,694,Tidewater,school,312,700,Crestwood Intermediate,44.95677233429395,NA,NA,NA,NA,NA,NA,NA,NA,NA
2023-2024,Chesapeake City,560,Tidewater,school,237,560,Crestwood Middle,42.32142857142857,NA,NA,NA,NA,NA,NA,NA,NA,NA
2023-2024,Chesapeake City,884,Tidewater,school,170,660,Deep Creek Central Elementary,19.230769230769234,NA,NA,NA,NA,NA,NA,NA,NA,NA
2023-2024,Chesapeake City,766,Tidewater,school,250,210,Deep Creek Elementary,32.637075718015666,NA,NA,NA,NA,NA,NA,NA,NA,NA
2023-2024,Chesapeake City,1646,Tidewater,school,588,100,Deep Creek High,35.722964763061974,NA,NA,NA,NA,NA,NA,NA,NA,NA
2023-2024,Chesapeake City,801,Tidewater,school,288,610,Deep Creek Middle,35.95505617977528,NA,NA,NA,NA,NA,NA,NA,NA,NA
2023-2024,Chesapeake City,759,Tidewater,school,128,640,Edwin W. Chittum Elementary,16.86429512516469,NA,NA,NA,NA,NA,NA,NA,NA,NA
2023-2024,Chesapeake City,403,Tidewater,school,209,720,G.A. Treakle Elementary,51.86104218362283,NA,NA,NA,NA,NA,NA,NA,NA,NA
2023-2024,Chesapeake City,524,Tidewater,school,323,50,George W. Carver Intermediate,61.641221374045806,NA,NA,NA,NA,NA,NA,NA,NA,NA
2023-2024,Chesapeake City,772,Tidewater,school,360,820,Georgetown Primary,46.63212435233161,NA,NA,NA,NA,NA,NA,NA,NA,NA
2023-2024,Chesapeake City,1348,Tidewater,school,141,950,Grassfield Elementary,10.459940652818991,NA,NA,NA,NA,NA,NA,NA,NA,NA
2023-2024,Chesapeake City,2313,Tidewater,school,272,960,Grassfield High,11.759619541720708,NA,NA,NA,NA,NA,NA,NA,NA,NA
2023-2024,Chesapeake City,1532,Tidewater,school,284,120,Great Bridge High,18.5378590078329,NA,NA,NA,NA,NA,NA,NA,NA,NA
2023-2024,Chesapeake City,727,Tidewater,school,102,850,Great Bridge Intermediate,14.030261348005501,NA,NA,NA,NA,NA,NA,NA,NA,NA
2023-2024,Chesapeake City,1297,Tidewater,school,161,590,Great Bridge Middle,12.413261372397841,NA,NA,NA,NA,NA,NA,NA,NA,NA
2023-2024,Chesapeake City,668,Tidewater,school,98,680,Great Bridge Primary,14.67065868263473,NA,NA,NA,NA,NA,NA,NA,NA,NA
2023-2024,Chesapeake City,622,Tidewater,school,208,870,Greenbrier Intermediate,33.440514469453376,NA,NA,NA,NA,NA,NA,NA,NA,NA
2023-2024,Chesapeake City,792,Tidewater,school,246,972,Greenbrier Middle,31.060606060606062,NA,NA,NA,NA,NA,NA,NA,NA,NA
2023-2024,Chesapeake City,698,Tidewater,school,198,140,Greenbrier Primary,28.36676217765043,NA,NA,NA,NA,NA,NA,NA,NA,NA
2023-2024,Chesapeake City,649,Tidewater,school,84,340,Hickory Elementary,12.942989214175654,NA,NA,NA,NA,NA,NA,NA,NA,NA
2023-2024,Chesapeake City,1606,Tidewater,school,154,890,Hickory High,9.58904109589041,NA,NA,NA,NA,NA,NA,NA,NA,NA
2023-2024,Chesapeake City,1298,Tidewater,school,140,280,Hickory Middle,10.785824345146379,NA,NA,NA,NA,NA,NA,NA,NA,NA
2023-2024,Chesapeake City,1309,Tidewater,school,282,920,Hugo A. Owens Middle,21.543162719633308,NA,NA,NA,NA,NA,NA,NA,NA,NA
2023-2024,Chesapeake City,1702,Tidewater,school,678,830,Indian River High,39.83548766157462,NA,NA,NA,NA,NA,NA,NA,NA,NA
2023-2024,Chesapeake City,764,Tidewater,school,389,710,Indian River Middle,50.916230366492144,NA,NA,NA,NA,NA,NA,NA,NA,NA
2023-2024,Chesapeake City,695,Tidewater,school,204,973,Jolliff Middle,29.35251798561151,NA,NA,NA,NA,NA,NA,NA,NA,NA
2023-2024,Chesapeake City,281,Tidewater,school,116,160,Norfolk Highlands Primary,41.281138790035584,NA,NA,NA,NA,NA,NA,NA,NA,NA
2023-2024,Chesapeake City,2318,Tidewater,school,NA,80,Oscar F. Smith High,NA,NA,NA,NA,NA,NA,NA,NA,NA,NA
2023-2024,Chesapeake City,976,Tidewater,school,624,10,Oscar Smith Middle,63.934426229508205,NA,NA,NA,NA,NA,NA,NA,NA,NA
2023-2024,Chesapeake City,547,Tidewater,school,277,730,Portlock Primary,50.6398537477148,NA,NA,NA,NA,NA,NA,NA,NA,NA
2023-2024,Chesapeake City,271,Tidewater,school,140,200,Rena B. Wright Primary,51.66051660516605,NA,NA,NA,NA,NA,NA,NA,NA,NA
2023-2024,Chesapeake City,783,Tidewater,school,101,620,Southeastern Elementary,12.899106002554278,NA,NA,NA,NA,NA,NA,NA,NA,NA
2023-2024,Chesapeake City,550,Tidewater,school,268,600,Southwestern Elementary,48.72727272727273,NA,NA,NA,NA,NA,NA,NA,NA,NA
2023-2024,Chesapeake City,433,Tidewater,school,211,750,Sparrow Road Intermediate,48.72979214780601,NA,NA,NA,NA,NA,NA,NA,NA,NA
2023-2024,Chesapeake City,407,Tidewater,school,297,40,Thurgood Marshall Elementary,72.97297297297297,NA,NA,NA,NA,NA,NA,NA,NA,NA
2023-2024,Chesapeake City,245,Tidewater,school,160,971,Truitt Intermediate,65.3061224489796,NA,NA,NA,NA,NA,NA,NA,NA,NA
2023-2024,Chesapeake City,2123,Tidewater,school,598,840,Western Branch High,28.167687235044745,NA,NA,NA,NA,NA,NA,NA,NA,NA
2023-2024,Chesapeake City,773,Tidewater,school,240,810,Western Branch Intermediate,31.047865459249675,NA,NA,NA,NA,NA,NA,NA,NA,NA
2023-2024,Chesapeake City,904,Tidewater,school,301,740,Western Branch Middle,33.29646017699115,NA,NA,NA,NA,NA,NA,NA,NA,NA
2023-2024,Chesapeake City,805,Tidewater,school,240,110,Western Branch Primary,29.81366459627329,NA,NA,NA,NA,NA,NA,NA,NA,NA
2023-2024,Chesterfield County,737,Central Virginia,school,313,620,A.M. Davis Elementary,42.469470827679785,NA,NA,NA,NA,NA,NA,NA,NA,NA
2023-2024,Chesterfield County,677,Central Virginia,school,164,861,Alberta Smith Elementary,24.224519940915805,NA,NA,NA,NA,NA,NA,NA,NA,NA
2023-2024,Chesterfield County,1444,Central Virginia,school,414,631,Bailey Bridge Middle,28.670360110803323,NA,NA,NA,NA,NA,NA,NA,NA,NA
2023-2024,Chesterfield County,486,Central Virginia,school,255,660,Bellwood Elementary,52.46913580246913,NA,NA,NA,NA,NA,NA,NA,NA,NA
2023-2024,Chesterfield County,581,Central Virginia,school,294,430,Bensley Elementary,50.602409638554214,NA,NA,NA,NA,NA,NA,NA,NA,NA
2023-2024,Chesterfield County,613,Central Virginia,school,14,510,Bettie Weaver Elementary,2.2838499184339316,NA,NA,NA,NA,NA,NA,NA,NA,NA
2023-2024,Chesterfield County,993,Central Virginia,school,466,130,Beulah Elementary,46.928499496475325,NA,NA,NA,NA,NA,NA,NA,NA,NA
2023-2024,Chesterfield County,526,Central Virginia,school,182,20,Bon Air Elementary,34.60076045627377,NA,NA,NA,NA,NA,NA,NA,NA,NA
2023-2024,Chesterfield County,582,Central Virginia,school,224,50,C.C. Wells Elementary,38.48797250859107,NA,NA,NA,NA,NA,NA,NA,NA,NA
2023-2024,Chesterfield County,772,Central Virginia,school,331,492,C.E. Curtis Elementary,42.87564766839378,NA,NA,NA,NA,NA,NA,NA,NA,NA
2023-2024,Chesterfield County,286,Central Virginia,school,186,30,Carver College and Career Academy,65.03496503496503,NA,NA,NA,NA,NA,NA,NA,NA,NA
2023-2024,Chesterfield County,1013,Central Virginia,school,502,420,Carver Middle,49.55577492596249,NA,NA,NA,NA,NA,NA,NA,NA,NA
2023-2024,Chesterfield County,378,Central Virginia,school,17,33,Chester Early Childhood Learning Academy,4.497354497354497,NA,NA,NA,NA,NA,NA,NA,NA,NA
2023-2024,Chesterfield County,570,Central Virginia,school,89,93,Chesterfield Virtual School,15.6140350877193,NA,NA,NA,NA,NA,NA,NA,NA,NA
2023-2024,Chesterfield County,877,Central Virginia,school,219,150,Clover Hill Elementary,24.9714937286203,NA,NA,NA,NA,NA,NA,NA,NA,NA
2023-2024,Chesterfield County,1803,Central Virginia,school,532,740,Clover Hill High,29.506378258458128,NA,NA,NA,NA,NA,NA,NA,NA,NA
2023-2024,Chesterfield County,2538,Central Virginia,school,363,840,Cosby High,14.30260047281324,NA,NA,NA,NA,NA,NA,NA,NA,NA
2023-2024,Chesterfield County,600,Central Virginia,school,213,560,Crestwood Elementary,35.5,NA,NA,NA,NA,NA,NA,NA,NA,NA
2023-2024,Chesterfield County,757,Central Virginia,school,312,480,Ecoff Elementary,41.21532364597093,NA,NA,NA,NA,NA,NA,NA,NA,NA
2023-2024,Chesterfield County,1325,Central Virginia,school,544,870,Elizabeth Davis Middle,41.056603773584904,NA,NA,NA,NA,NA,NA,NA,NA,NA
2023-2024,Chesterfield County,757,Central Virginia,school,347,850,Elizabeth Scott Elementary,45.83883751651255,NA,NA,NA,NA,NA,NA,NA,NA,NA
2023-2024,Chesterfield County,796,Central Virginia,school,286,390,Enon Elementary,35.92964824120603,NA,NA,NA,NA,NA,NA,NA,NA,NA
2023-2024,Chesterfield County,514,Central Virginia,school,284,350,Ettrick Elementary,55.252918287937746,NA,NA,NA,NA,NA,NA,NA,NA,NA
2023-2024,Chesterfield County,823,Central Virginia,school,201,300,Evergreen Elementary,24.4228432563791,NA,NA,NA,NA,NA,NA,NA,NA,NA
2023-2024,Chesterfield County,796,Central Virginia,school,381,590,Falling Creek Elementary,47.8643216080402,NA,NA,NA,NA,NA,NA,NA,NA,NA
2023-2024,Chesterfield County,1388,Central Virginia,school,761,670,Falling Creek Middle,54.82708933717579,NA,NA,NA,NA,NA,NA,NA,NA,NA
2023-2024,Chesterfield County,748,Central Virginia,school,95,180,Grange Hall Elementary,12.70053475935829,NA,NA,NA,NA,NA,NA,NA,NA,NA
2023-2024,Chesterfield County,485,Central Virginia,school,111,70,Greenfield Elementary,22.88659793814433,NA,NA,NA,NA,NA,NA,NA,NA,NA
2023-2024,Chesterfield County,473,Central Virginia,school,229,460,Harrowgate Elementary,48.41437632135307,NA,NA,NA,NA,NA,NA,NA,NA,NA
2023-2024,Chesterfield County,753,Central Virginia,school,357,60,Hopkins Road Elementary,47.410358565737056,NA,NA,NA,NA,NA,NA,NA,NA,NA
2023-2024,Chesterfield County,868,Central Virginia,school,439,550,J.A. Chalkley Elementary,50.576036866359445,NA,NA,NA,NA,NA,NA,NA,NA,NA
2023-2024,Chesterfield County,831,Central Virginia,school,109,650,J.B. Watkins Elementary,13.116726835138387,NA,NA,NA,NA,NA,NA,NA,NA,NA
2023-2024,Chesterfield County,877,Central Virginia,school,395,500,J.G. Hening Elementary,45.03990877993159,NA,NA,NA,NA,NA,NA,NA,NA,NA
2023-2024,Chesterfield County,742,Central Virginia,school,261,400,Jacobs Road Elementary,35.17520215633424,NA,NA,NA,NA,NA,NA,NA,NA,NA
2023-2024,Chesterfield County,1872,Central Virginia,school,557,770,James River High,29.754273504273502,NA,NA,NA,NA,NA,NA,NA,NA,NA
2023-2024,Chesterfield County,2135,Central Virginia,school,984,10,Lloyd C. Bird High,46.08899297423888,NA,NA,NA,NA,NA,NA,NA,NA,NA
2023-2024,Chesterfield County,2246,Central Virginia,school,805,632,Manchester High,35.841495992876226,NA,NA,NA,NA,NA,NA,NA,NA,NA
2023-2024,Chesterfield County,1111,Central Virginia,school,496,600,Manchester Middle,44.644464446444644,NA,NA,NA,NA,NA,NA,NA,NA,NA
2023-2024,Chesterfield County,591,Central Virginia,school,292,780,Marguerite F. Christian Elementary,49.407783417935704,NA,NA,NA,NA,NA,NA,NA,NA,NA
2023-2024,Chesterfield County,636,Central Virginia,school,243,370,Matoaca Elementary,38.20754716981132,NA,NA,NA,NA,NA,NA,NA,NA,NA
2023-2024,Chesterfield County,1657,Central Virginia,school,636,530,Matoaca High,38.382619191309594,NA,NA,NA,NA,NA,NA,NA,NA,NA
2023-2024,Chesterfield County,806,Central Virginia,school,348,110,Matoaca Middle,43.17617866004963,NA,NA,NA,NA,NA,NA,NA,NA,NA
2023-2024,Chesterfield County,1965,Central Virginia,school,973,580,Meadowbrook High,49.51653944020356,NA,NA,NA,NA,NA,NA,NA,NA,NA
2023-2024,Chesterfield County,2051,Central Virginia,school,275,320,Midlothian High,13.408093612871768,NA,NA,NA,NA,NA,NA,NA,NA,NA
2023-2024,Chesterfield County,1299,Central Virginia,school,157,40,Midlothian Middle,12.086220169361047,NA,NA,NA,NA,NA,NA,NA,NA,NA
2023-2024,Chesterfield County,1645,Central Virginia,school,527,280,Monacan High,32.036474164133736,NA,NA,NA,NA,NA,NA,NA,NA,NA
2023-2024,Chesterfield County,925,Central Virginia,school,45,92,Moseley Elementary,4.864864864864865,NA,NA,NA,NA,NA,NA,NA,NA,NA
2023-2024,Chesterfield County,617,Central Virginia,school,179,360,O.B. Gates Elementary,29.01134521880065,NA,NA,NA,NA,NA,NA,NA,NA,NA
2023-2024,Chesterfield County,972,Central Virginia,school,91,90,Old Hundred Elementary,9.362139917695474,NA,NA,NA,NA,NA,NA,NA,NA,NA
2023-2024,Chesterfield County,641,Central Virginia,school,270,380,Providence Elementary,42.12168486739469,NA,NA,NA,NA,NA,NA,NA,NA,NA
2023-2024,Chesterfield County,1025,Central Virginia,school,543,690,Providence Middle,52.97560975609756,NA,NA,NA,NA,NA,NA,NA,NA,NA
2023-2024,Chesterfield County,609,Central Virginia,school,244,700,Reams Road Elementary,40.06568144499179,NA,NA,NA,NA,NA,NA,NA,NA,NA
2023-2024,Chesterfield County,677,Central Virginia,school,108,730,Robious Elementary,15.952732644017726,NA,NA,NA,NA,NA,NA,NA,NA,NA
2023-2024,Chesterfield County,1116,Central Virginia,school,279,760,Robious Middle,25,NA,NA,NA,NA,NA,NA,NA,NA,NA
2023-2024,Chesterfield County,510,Central Virginia,school,262,720,Salem Church Elementary,51.37254901960784,NA,NA,NA,NA,NA,NA,NA,NA,NA
2023-2024,Chesterfield County,871,Central Virginia,school,485,722,Salem Church Middle,55.683122847301945,NA,NA,NA,NA,NA,NA,NA,NA,NA
2023-2024,Chesterfield County,866,Central Virginia,school,159,800,Spring Run Elementary,18.36027713625866,NA,NA,NA,NA,NA,NA,NA,NA,NA
2023-2024,Chesterfield County,737,Central Virginia,school,150,340,Swift Creek Elementary,20.352781546811396,NA,NA,NA,NA,NA,NA,NA,NA,NA
2023-2024,Chesterfield County,1135,Central Virginia,school,285,270,Swift Creek Middle,25.11013215859031,NA,NA,NA,NA,NA,NA,NA,NA,NA
2023-2024,Chesterfield County,660,Central Virginia,school,237,410,Thelma Crenshaw Elementary,35.90909090909091,NA,NA,NA,NA,NA,NA,NA,NA,NA
2023-2024,Chesterfield County,2582,Central Virginia,school,NA,610,Thomas Dale High,NA,NA,NA,NA,NA,NA,NA,NA,NA,NA
2023-2024,Chesterfield County,1612,Central Virginia,school,219,880,Tomahawk Creek Middle,13.58560794044665,NA,NA,NA,NA,NA,NA,NA,NA,NA
2023-2024,Chesterfield County,609,Central Virginia,school,74,290,W.W. Gordon Elementary,12.151067323481117,NA,NA,NA,NA,NA,NA,NA,NA,NA
2023-2024,Chesterfield County,798,Central Virginia,school,84,860,Winterpock Elementary,10.526315789473683,NA,NA,NA,NA,NA,NA,NA,NA,NA
2023-2024,Chesterfield County,798,Central Virginia,school,55,440,Woolridge Elementary,6.8922305764411025,NA,NA,NA,NA,NA,NA,NA,NA,NA
2023-2024,Clarke County,300,Northern Virginia,school,120,250,Boyce Elementary,40,NA,NA,NA,NA,NA,NA,NA,NA,NA
2023-2024,Clarke County,702,Northern Virginia,school,178,10,Clarke County High,25.356125356125357,NA,NA,NA,NA,NA,NA,NA,NA,NA
2023-2024,Clarke County,497,Northern Virginia,school,173,290,D.G. Cooley Elementary,34.80885311871227,NA,NA,NA,NA,NA,NA,NA,NA,NA
2023-2024,Clarke County,425,Northern Virginia,school,144,280,Johnson-Williams Middle,33.88235294117647,NA,NA,NA,NA,NA,NA,NA,NA,NA
2023-2024,Colonial Beach,379,Northern Neck,school,224,22,Colonial Beach Elementary,59.10290237467019,NA,NA,NA,NA,NA,NA,NA,NA,NA
2023-2024,Colonial Beach,226,Northern Neck,school,132,21,Colonial Beach High,58.4070796460177,NA,NA,NA,NA,NA,NA,NA,NA,NA
2023-2024,Colonial Heights City,857,Central Virginia,school,455,40,Colonial Heights High,53.092182030338385,NA,NA,NA,NA,NA,NA,NA,NA,NA
2023-2024,Colonial Heights City,648,Central Virginia,school,375,20,Colonial Heights Middle,57.870370370370374,NA,NA,NA,NA,NA,NA,NA,NA,NA
2023-2024,Colonial Heights City,439,Central Virginia,school,277,50,Lakeview Elementary,63.097949886104786,NA,NA,NA,NA,NA,NA,NA,NA,NA
2023-2024,Colonial Heights City,338,Central Virginia,school,243,30,North Elementary,71.89349112426035,NA,NA,NA,NA,NA,NA,NA,NA,NA
2023-2024,Colonial Heights City,649,Central Virginia,school,321,60,Tussing Elementary,49.46070878274268,NA,NA,NA,NA,NA,NA,NA,NA,NA
2023-2024,Craig County,261,Western Virginia,school,122,11,Craig County High,46.74329501915709,NA,NA,NA,NA,NA,NA,NA,NA,NA
2023-2024,Craig County,209,Western Virginia,school,124,10,McCleary Elementary,59.33014354066985,NA,NA,NA,NA,NA,NA,NA,NA,NA
2023-2024,Culpeper County,568,Northern Virginia,school,244,240,A.G. Richardson Elementary,42.95774647887324,NA,NA,NA,NA,NA,NA,NA,NA,NA
2023-2024,Culpeper County,1232,Northern Virginia,school,541,480,Culpeper County High,43.91233766233766,NA,NA,NA,NA,NA,NA,NA,NA,NA
2023-2024,Culpeper County,1059,Northern Virginia,school,444,20,Culpeper Middle,41.92634560906516,NA,NA,NA,NA,NA,NA,NA,NA,NA
2023-2024,Culpeper County,1542,Northern Virginia,school,686,50,Eastern View High,44.487678339818416,NA,NA,NA,NA,NA,NA,NA,NA,NA
2023-2024,Culpeper County,691,Northern Virginia,school,241,450,Emerald Hill Elementary,34.87698986975398,NA,NA,NA,NA,NA,NA,NA,NA,NA
2023-2024,Culpeper County,454,Northern Virginia,school,267,470,Farmington Elementary,58.81057268722467,NA,NA,NA,NA,NA,NA,NA,NA,NA
2023-2024,Culpeper County,786,Northern Virginia,school,340,581,Floyd T. Binns Middle,43.25699745547074,NA,NA,NA,NA,NA,NA,NA,NA,NA
2023-2024,Culpeper County,8,Northern Virginia,school,NA,582,Galbreath-Marshall Building,NA,NA,NA,NA,NA,NA,NA,NA,NA,NA
2023-2024,Culpeper County,653,Northern Virginia,school,316,10,Pearl Sample Elementary,48.39203675344563,NA,NA,NA,NA,NA,NA,NA,NA,NA
2023-2024,Culpeper County,700,Northern Virginia,school,378,460,Sycamore Park Elementary,54,NA,NA,NA,NA,NA,NA,NA,NA,NA
2023-2024,Culpeper County,675,Northern Virginia,school,306,40,Yowell Elementary,45.33333333333333,NA,NA,NA,NA,NA,NA,NA,NA,NA
2023-2024,Cumberland County,516,Southside,school,163,140,Cumberland Elementary,31.589147286821706,NA,NA,NA,NA,NA,NA,NA,NA,NA
2023-2024,Cumberland County,359,Southside,school,190,151,Cumberland High,52.92479108635098,NA,NA,NA,NA,NA,NA,NA,NA,NA
2023-2024,Cumberland County,358,Southside,school,183,152,Cumberland Middle,51.117318435754186,NA,NA,NA,NA,NA,NA,NA,NA,NA
2023-2024,Danville City,463,Western Virginia,school,386,490,Edwin A. Gibson Elementary,83.36933045356372,NA,NA,NA,NA,NA,NA,NA,NA,NA
2023-2024,Danville City,205,Western Virginia,school,128,20,Forest Hills Elementary,62.4390243902439,NA,NA,NA,NA,NA,NA,NA,NA,NA
2023-2024,Danville City,605,Western Virginia,school,525,190,G.L.H. Johnson Elementary,86.77685950413223,NA,NA,NA,NA,NA,NA,NA,NA,NA
2023-2024,Danville City,279,Western Virginia,school,144,1374,Galileo Magnet High,51.61290322580645,NA,NA,NA,NA,NA,NA,NA,NA,NA
2023-2024,Danville City,1288,Western Virginia,school,973,210,George Washington High,75.54347826086956,NA,NA,NA,NA,NA,NA,NA,NA,NA
2023-2024,Danville City,116,Western Virginia,school,82,200,Grove Park Preschool,70.6896551724138,NA,NA,NA,NA,NA,NA,NA,NA,NA
2023-2024,Danville City,573,Western Virginia,school,456,260,O. Trent Bonner Middle,79.58115183246073,NA,NA,NA,NA,NA,NA,NA,NA,NA
2023-2024,Danville City,340,Western Virginia,school,271,250,Park Avenue Elementary,79.70588235294119,NA,NA,NA,NA,NA,NA,NA,NA,NA
2023-2024,Danville City,128,Western Virginia,school,114,139,R.I.S.E Academy at the John M. Langston Campus,89.0625,NA,NA,NA,NA,NA,NA,NA,NA,NA
2023-2024,Danville City,529,Western Virginia,school,456,40,Schoolfield Elementary,86.20037807183365,NA,NA,NA,NA,NA,NA,NA,NA,NA
2023-2024,Danville City,122,Western Virginia,school,97,30,The Northside Preschool,79.50819672131148,NA,NA,NA,NA,NA,NA,NA,NA,NA
2023-2024,Danville City,554,Western Virginia,school,457,1372,Westwood Middle,82.49097472924187,NA,NA,NA,NA,NA,NA,NA,NA,NA
2023-2024,Danville City,378,Western Virginia,school,337,220,Woodberry Hills Elementary,89.15343915343915,NA,NA,NA,NA,NA,NA,NA,NA,NA
2023-2024,Dickenson County,273,Southwest,school,182,20,Clintwood Elementary,66.66666666666666,NA,NA,NA,NA,NA,NA,NA,NA,NA
2023-2024,Dickenson County,592,Southwest,school,422,281,Ridgeview Elementary,71.28378378378379,NA,NA,NA,NA,NA,NA,NA,NA,NA
2023-2024,Dickenson County,580,Southwest,school,339,275,Ridgeview High,58.44827586206897,NA,NA,NA,NA,NA,NA,NA,NA,NA
2023-2024,Dickenson County,438,Southwest,school,281,280,Ridgeview Middle,64.15525114155251,NA,NA,NA,NA,NA,NA,NA,NA,NA
2023-2024,Dinwiddie County,1323,Central Virginia,school,675,500,Dinwiddie County High,51.02040816326531,NA,NA,NA,NA,NA,NA,NA,NA,NA
2023-2024,Dinwiddie County,927,Central Virginia,school,548,471,Dinwiddie County Middle,59.115426105717376,NA,NA,NA,NA,NA,NA,NA,NA,NA
2023-2024,Dinwiddie County,355,Central Virginia,school,205,310,Dinwiddie Elementary,57.74647887323944,NA,NA,NA,NA,NA,NA,NA,NA,NA
2023-2024,Dinwiddie County,349,Central Virginia,school,151,250,Midway Elementary,43.26647564469914,NA,NA,NA,NA,NA,NA,NA,NA,NA
2023-2024,Dinwiddie County,468,Central Virginia,school,309,10,Southside Elementary,66.02564102564102,NA,NA,NA,NA,NA,NA,NA,NA,NA
2023-2024,Dinwiddie County,263,Central Virginia,school,177,180,Sunnyside Elementary,67.30038022813687,NA,NA,NA,NA,NA,NA,NA,NA,NA
2023-2024,Dinwiddie County,573,Central Virginia,school,366,520,Sutherland Elementary,63.87434554973822,NA,NA,NA,NA,NA,NA,NA,NA,NA
2023-2024,Essex County,410,Northern Neck,school,307,10,Essex High,74.8780487804878,NA,NA,NA,NA,NA,NA,NA,NA,NA
2023-2024,Essex County,331,Northern Neck,school,255,150,James H. Cary Intermediate,77.0392749244713,NA,NA,NA,NA,NA,NA,NA,NA,NA
2023-2024,Essex County,422,Northern Neck,school,250,160,Tappahannock Elementary,59.241706161137444,NA,NA,NA,NA,NA,NA,NA,NA,NA
2023-2024,Fairfax County,450,Northern Virginia,school,112,2203,Aldrin Elementary,24.88888888888889,NA,NA,NA,NA,NA,NA,NA,NA,NA
2023-2024,Fairfax County,2196,Northern Virginia,school,NA,660,Annandale High,NA,NA,NA,NA,NA,NA,NA,NA,NA,NA
2023-2024,Fairfax County,668,Northern Virginia,school,592,1360,Annandale Terrace Elementary,88.62275449101796,NA,NA,NA,NA,NA,NA,NA,NA,NA
2023-2024,Fairfax County,541,Northern Virginia,school,84,110,Archer Elementary,15.526802218114602,NA,NA,NA,NA,NA,NA,NA,NA,NA
2023-2024,Fairfax County,365,Northern Virginia,school,72,1530,Armstrong Elementary,19.726027397260275,NA,NA,NA,NA,NA,NA,NA,NA,NA
2023-2024,Fairfax County,817,Northern Virginia,school,665,550,Bailey's Elementary School for the Arts and Sciences,81.3953488372093,NA,NA,NA,NA,NA,NA,NA,NA,NA
2023-2024,Fairfax County,525,Northern Virginia,school,510,2459,Bailey's Upper Elementary School for the Arts and Sciences,97.14285714285714,NA,NA,NA,NA,NA,NA,NA,NA,NA
2023-2024,Fairfax County,417,Northern Virginia,school,351,1730,Beech Tree Elementary,84.17266187050359,NA,NA,NA,NA,NA,NA,NA,NA,NA
2023-2024,Fairfax County,401,Northern Virginia,school,153,560,Belle View Elementary,38.15461346633416,NA,NA,NA,NA,NA,NA,NA,NA,NA
2023-2024,Fairfax County,628,Northern Virginia,school,365,720,Belvedere Elementary,58.12101910828026,NA,NA,NA,NA,NA,NA,NA,NA,NA
2023-2024,Fairfax County,828,Northern Virginia,school,187,2000,Bonnie Brae Elementary,22.584541062801932,NA,NA,NA,NA,NA,NA,NA,NA,NA
2023-2024,Fairfax County,920,Northern Virginia,school,808,1090,Braddock Elementary,87.82608695652175,NA,NA,NA,NA,NA,NA,NA,NA,NA
2023-2024,Fairfax County,488,Northern Virginia,school,311,940,Bren Mar Park Elementary,63.729508196721305,NA,NA,NA,NA,NA,NA,NA,NA,NA
2023-2024,Fairfax County,696,Northern Virginia,school,614,1790,Brookfield Elementary,88.2183908045977,NA,NA,NA,NA,NA,NA,NA,NA,NA
2023-2024,Fairfax County,159,Northern Virginia,school,135,2201,Bryant High,84.90566037735849,NA,NA,NA,NA,NA,NA,NA,NA,NA
2023-2024,Fairfax County,279,Northern Virginia,school,179,700,Bucknell Elementary,64.15770609318996,NA,NA,NA,NA,NA,NA,NA,NA,NA
2023-2024,Fairfax County,221,Northern Virginia,school,18,2251,Bull Run Early Childhood Resource Center,8.144796380090497,NA,NA,NA,NA,NA,NA,NA,NA,NA
2023-2024,Fairfax County,796,Northern Virginia,school,388,2225,Bull Run Elementary,48.743718592964825,NA,NA,NA,NA,NA,NA,NA,NA,NA
2023-2024,Fairfax County,678,Northern Virginia,school,181,680,Bush Hill Elementary,26.696165191740413,NA,NA,NA,NA,NA,NA,NA,NA,NA
2023-2024,Fairfax County,609,Northern Virginia,school,261,1940,Camelot Elementary,42.857142857142854,NA,NA,NA,NA,NA,NA,NA,NA,NA
2023-2024,Fairfax County,534,Northern Virginia,school,460,620,Cameron Elementary,86.14232209737828,NA,NA,NA,NA,NA,NA,NA,NA,NA
2023-2024,Fairfax County,797,Northern Virginia,school,128,1590,Canterbury Woods Elementary,16.06022584692597,NA,NA,NA,NA,NA,NA,NA,NA,NA
2023-2024,Fairfax County,700,Northern Virginia,school,234,1690,Cardinal Forest Elementary,33.42857142857143,NA,NA,NA,NA,NA,NA,NA,NA,NA
2023-2024,Fairfax County,1381,Northern Virginia,school,260,2222,Carson Middle,18.82693700217234,NA,NA,NA,NA,NA,NA,NA,NA,NA
2023-2024,Fairfax County,658,Northern Virginia,school,393,2090,Centre Ridge Elementary,59.72644376899696,NA,NA,NA,NA,NA,NA,NA,NA,NA
2023-2024,Fairfax County,773,Northern Virginia,school,316,2205,Centreville Elementary,40.879689521345405,NA,NA,NA,NA,NA,NA,NA,NA,NA
2023-2024,Fairfax County,2490,Northern Virginia,school,889,200,Centreville High,35.70281124497992,NA,NA,NA,NA,NA,NA,NA,NA,NA
2023-2024,Fairfax County,3014,Northern Virginia,school,687,131,Chantilly High,22.793629727936295,NA,NA,NA,NA,NA,NA,NA,NA,NA
2023-2024,Fairfax County,461,Northern Virginia,school,28,480,Cherry Run Elementary,6.073752711496746,NA,NA,NA,NA,NA,NA,NA,NA,NA
2023-2024,Fairfax County,537,Northern Virginia,school,16,100,Chesterbrook Elementary,2.97951582867784,NA,NA,NA,NA,NA,NA,NA,NA,NA
2023-2024,Fairfax County,600,Northern Virginia,school,19,1050,Churchill Road Elementary,3.166666666666667,NA,NA,NA,NA,NA,NA,NA,NA,NA
2023-2024,Fairfax County,628,Northern Virginia,school,379,260,Clearview Elementary,60.35031847133758,NA,NA,NA,NA,NA,NA,NA,NA,NA
2023-2024,Fairfax County,537,Northern Virginia,school,88,1870,Clermont Elementary,16.387337057728118,NA,NA,NA,NA,NA,NA,NA,NA,NA
2023-2024,Fairfax County,951,Northern Virginia,school,590,2347,Coates Elementary,62.03995793901157,NA,NA,NA,NA,NA,NA,NA,NA,NA
2023-2024,Fairfax County,379,Northern Virginia,school,180,1510,Columbia Elementary,47.4934036939314,NA,NA,NA,NA,NA,NA,NA,NA,NA
2023-2024,Fairfax County,766,Northern Virginia,school,20,2234,Colvin Run Elementary,2.610966057441253,NA,NA,NA,NA,NA,NA,NA,NA,NA
2023-2024,Fairfax County,1072,Northern Virginia,school,55,1190,Cooper Middle,5.130597014925374,NA,NA,NA,NA,NA,NA,NA,NA,NA
2023-2024,Fairfax County,547,Northern Virginia,school,476,870,Crestwood Elementary,87.0201096892139,NA,NA,NA,NA,NA,NA,NA,NA,NA
2023-2024,Fairfax County,556,Northern Virginia,school,54,2020,Crossfield Elementary,9.712230215827338,NA,NA,NA,NA,NA,NA,NA,NA,NA
2023-2024,Fairfax County,571,Northern Virginia,school,152,1600,Cub Run Elementary,26.619964973730298,NA,NA,NA,NA,NA,NA,NA,NA,NA
2023-2024,Fairfax County,409,Northern Virginia,school,147,1700,Cunningham Park Elementary,35.94132029339853,NA,NA,NA,NA,NA,NA,NA,NA,NA
2023-2024,Fairfax County,819,Northern Virginia,school,324,2229,Daniels Run Elementary,39.56043956043956,NA,NA,NA,NA,NA,NA,NA,NA,NA
2023-2024,Fairfax County,553,Northern Virginia,school,210,2204,Deer Park Elementary,37.9746835443038,NA,NA,NA,NA,NA,NA,NA,NA,NA
2023-2024,Fairfax County,739,Northern Virginia,school,637,220,Dogwood Elementary,86.19756427604871,NA,NA,NA,NA,NA,NA,NA,NA,NA
2023-2024,Fairfax County,600,Northern Virginia,school,283,2010,Dranesville Elementary,47.16666666666667,NA,NA,NA,NA,NA,NA,NA,NA,NA
2023-2024,Fairfax County,237,Northern Virginia,school,29,2238,Dunn Loring Early Childhood Resource Center,12.236286919831224,NA,NA,NA,NA,NA,NA,NA,NA,NA
2023-2024,Fairfax County,673,Northern Virginia,school,307,2243,Eagle View Elementary,45.61664190193165,NA,NA,NA,NA,NA,NA,NA,NA,NA
2023-2024,Fairfax County,2293,Northern Virginia,school,NA,1270,Edison High,NA,NA,NA,NA,NA,NA,NA,NA,NA,NA
2023-2024,Fairfax County,241,Northern Virginia,school,105,190,Fairfax County Adult High,43.56846473029046,NA,NA,NA,NA,NA,NA,NA,NA,NA
2023-2024,Fairfax County,2357,Northern Virginia,school,924,20,Fairfax High,39.202375901569795,NA,NA,NA,NA,NA,NA,NA,NA,NA
2023-2024,Fairfax County,525,Northern Virginia,school,145,1480,Fairfax Villa Elementary,27.61904761904762,NA,NA,NA,NA,NA,NA,NA,NA,NA
2023-2024,Fairfax County,544,Northern Virginia,school,190,1630,Fairhill Elementary,34.92647058823529,NA,NA,NA,NA,NA,NA,NA,NA,NA
2023-2024,Fairfax County,761,Northern Virginia,school,80,290,Fairview Elementary,10.512483574244415,NA,NA,NA,NA,NA,NA,NA,NA,NA
2023-2024,Fairfax County,2158,Northern Virginia,school,NA,1100,Falls Church High,NA,NA,NA,NA,NA,NA,NA,NA,NA,NA
2023-2024,Fairfax County,609,Northern Virginia,school,55,730,Flint Hill Elementary,9.0311986863711,NA,NA,NA,NA,NA,NA,NA,NA,NA
2023-2024,Fairfax County,699,Northern Virginia,school,71,740,Floris Elementary,10.157367668097281,NA,NA,NA,NA,NA,NA,NA,NA,NA
2023-2024,Fairfax County,457,Northern Virginia,school,385,70,Forest Edge Elementary,84.24507658643327,NA,NA,NA,NA,NA,NA,NA,NA,NA
2023-2024,Fairfax County,534,Northern Virginia,school,460,1450,Forestdale Elementary,86.14232209737828,NA,NA,NA,NA,NA,NA,NA,NA,NA
2023-2024,Fairfax County,580,Northern Virginia,school,36,370,Forestville Elementary,6.206896551724138,NA,NA,NA,NA,NA,NA,NA,NA,NA
2023-2024,Fairfax County,750,Northern Virginia,school,255,2224,Fort Belvoir Elementary,34,NA,NA,NA,NA,NA,NA,NA,NA,NA
2023-2024,Fairfax County,654,Northern Virginia,school,193,2458,Fort Belvoir Upper Elementary,29.510703363914377,NA,NA,NA,NA,NA,NA,NA,NA,NA
2023-2024,Fairfax County,573,Northern Virginia,school,225,1920,Fort Hunt Elementary,39.26701570680628,NA,NA,NA,NA,NA,NA,NA,NA,NA
2023-2024,Fairfax County,645,Northern Virginia,school,68,390,Fox Mill Elementary,10.542635658914728,NA,NA,NA,NA,NA,NA,NA,NA,NA
2023-2024,Fairfax County,489,Northern Virginia,school,157,320,Franconia Elementary,32.10633946830266,NA,NA,NA,NA,NA,NA,NA,NA,NA
2023-2024,Fairfax County,825,Northern Virginia,school,174,440,Franklin Middle,21.09090909090909,NA,NA,NA,NA,NA,NA,NA,NA,NA
2023-2024,Fairfax County,529,Northern Virginia,school,228,490,Freedom Hill Elementary,43.10018903591683,NA,NA,NA,NA,NA,NA,NA,NA,NA
2023-2024,Fairfax County,1248,Northern Virginia,school,210,1410,Frost Middle,16.826923076923077,NA,NA,NA,NA,NA,NA,NA,NA,NA
2023-2024,Fairfax County,339,Northern Virginia,school,296,630,Garfield Elementary,87.31563421828909,NA,NA,NA,NA,NA,NA,NA,NA,NA
2023-2024,Fairfax County,1726,Northern Virginia,school,NA,1170,Glasgow Middle,NA,NA,NA,NA,NA,NA,NA,NA,NA,NA
2023-2024,Fairfax County,790,Northern Virginia,school,690,970,Glen Forest Elementary,87.34177215189874,NA,NA,NA,NA,NA,NA,NA,NA,NA
2023-2024,Fairfax County,408,Northern Virginia,school,367,530,Graham Road Elementary,89.95098039215686,NA,NA,NA,NA,NA,NA,NA,NA,NA
2023-2024,Fairfax County,517,Northern Virginia,school,30,570,Great Falls Elementary,5.802707930367505,NA,NA,NA,NA,NA,NA,NA,NA,NA
2023-2024,Fairfax County,911,Northern Virginia,school,338,1840,Greenbriar East Elementary,37.102085620197585,NA,NA,NA,NA,NA,NA,NA,NA,NA
2023-2024,Fairfax County,624,Northern Virginia,school,141,1500,Greenbriar West Elementary,22.596153846153847,NA,NA,NA,NA,NA,NA,NA,NA,NA
2023-2024,Fairfax County,790,Northern Virginia,school,707,330,Groveton Elementary,89.49367088607595,NA,NA,NA,NA,NA,NA,NA,NA,NA
2023-2024,Fairfax County,545,Northern Virginia,school,220,690,Gunston Elementary,40.36697247706422,NA,NA,NA,NA,NA,NA,NA,NA,NA
2023-2024,Fairfax County,616,Northern Virginia,school,270,2210,Halley Elementary,43.83116883116883,NA,NA,NA,NA,NA,NA,NA,NA,NA
2023-2024,Fairfax County,829,Northern Virginia,school,45,750,Haycock Elementary,5.42822677925211,NA,NA,NA,NA,NA,NA,NA,NA,NA
2023-2024,Fairfax County,614,Northern Virginia,school,132,1740,Hayfield Elementary,21.49837133550489,NA,NA,NA,NA,NA,NA,NA,NA,NA
2023-2024,Fairfax County,3245,Northern Virginia,school,NA,1800,Hayfield Secondary,NA,NA,NA,NA,NA,NA,NA,NA,NA,NA
2023-2024,Fairfax County,807,Northern Virginia,school,567,1250,Herndon Elementary,70.26022304832715,NA,NA,NA,NA,NA,NA,NA,NA,NA
2023-2024,Fairfax County,2369,Northern Virginia,school,NA,32,Herndon High,NA,NA,NA,NA,NA,NA,NA,NA,NA,NA
2023-2024,Fairfax County,900,Northern Virginia,school,540,33,Herndon Middle,60,NA,NA,NA,NA,NA,NA,NA,NA,NA
2023-2024,Fairfax County,622,Northern Virginia,school,533,1330,Hollin Meadows Elementary,85.69131832797427,NA,NA,NA,NA,NA,NA,NA,NA,NA
2023-2024,Fairfax County,892,Northern Virginia,school,604,1521,Holmes Middle,67.71300448430493,NA,NA,NA,NA,NA,NA,NA,NA,NA
2023-2024,Fairfax County,1008,Northern Virginia,school,481,350,Hughes Middle,47.71825396825397,NA,NA,NA,NA,NA,NA,NA,NA,NA
2023-2024,Fairfax County,747,Northern Virginia,school,85,1880,Hunt Valley Elementary,11.378848728246318,NA,NA,NA,NA,NA,NA,NA,NA,NA
2023-2024,Fairfax County,689,Northern Virginia,school,177,1950,Hunters Woods Elementary School for the Arts and Sciences,25.689404934687953,NA,NA,NA,NA,NA,NA,NA,NA,NA
2023-2024,Fairfax County,1015,Northern Virginia,school,923,1980,Hutchison Elementary,90.935960591133,NA,NA,NA,NA,NA,NA,NA,NA,NA
2023-2024,Fairfax County,891,Northern Virginia,school,834,1420,Hybla Valley Elementary,93.60269360269359,NA,NA,NA,NA,NA,NA,NA,NA,NA
2023-2024,Fairfax County,1218,Northern Virginia,school,212,1120,Irving Middle,17.4055829228243,NA,NA,NA,NA,NA,NA,NA,NA,NA
2023-2024,Fairfax County,722,Northern Virginia,school,102,2235,Island Creek Elementary,14.127423822714682,NA,NA,NA,NA,NA,NA,NA,NA,NA
2023-2024,Fairfax County,965,Northern Virginia,school,569,673,Jackson Middle,58.96373056994819,NA,NA,NA,NA,NA,NA,NA,NA,NA
2023-2024,Fairfax County,1141,Northern Virginia,school,429,1110,Johnson Middle,37.598597721297104,NA,NA,NA,NA,NA,NA,NA,NA,NA
2023-2024,Fairfax County,2406,Northern Virginia,school,NA,1070,Justice High,NA,NA,NA,NA,NA,NA,NA,NA,NA,NA
2023-2024,Fairfax County,801,Northern Virginia,school,168,1240,Keene Mill Elementary,20.973782771535582,NA,NA,NA,NA,NA,NA,NA,NA,NA
2023-2024,Fairfax County,1007,Northern Virginia,school,52,980,Kent Gardens Elementary,5.163853028798411,NA,NA,NA,NA,NA,NA,NA,NA,NA
2023-2024,Fairfax County,46,Northern Virginia,school,14,1901,Key Center,30.434782608695656,NA,NA,NA,NA,NA,NA,NA,NA,NA
2023-2024,Fairfax County,689,Northern Virginia,school,615,1900,Key Middle,89.25979680696662,NA,NA,NA,NA,NA,NA,NA,NA,NA
2023-2024,Fairfax County,59,Northern Virginia,school,23,1761,Kilmer Center,38.983050847457626,NA,NA,NA,NA,NA,NA,NA,NA,NA
2023-2024,Fairfax County,1196,Northern Virginia,school,270,1760,Kilmer Middle,22.5752508361204,NA,NA,NA,NA,NA,NA,NA,NA,NA
2023-2024,Fairfax County,466,Northern Virginia,school,126,1890,Kings Glen Elementary,27.038626609442062,NA,NA,NA,NA,NA,NA,NA,NA,NA
2023-2024,Fairfax County,666,Northern Virginia,school,162,1440,Kings Park Elementary,24.324324324324326,NA,NA,NA,NA,NA,NA,NA,NA,NA
2023-2024,Fairfax County,583,Northern Virginia,school,283,1570,Lake Anne Elementary,48.54202401372213,NA,NA,NA,NA,NA,NA,NA,NA,NA
2023-2024,Fairfax County,4418,Northern Virginia,school,NA,90,Lake Braddock Secondary,NA,NA,NA,NA,NA,NA,NA,NA,NA,NA
2023-2024,Fairfax County,752,Northern Virginia,school,188,2209,Lane Elementary,25,NA,NA,NA,NA,NA,NA,NA,NA,NA
2023-2024,Fairfax County,2142,Northern Virginia,school,94,1460,Langley High,4.3884220354808585,NA,NA,NA,NA,NA,NA,NA,NA,NA
2023-2024,Fairfax County,736,Northern Virginia,school,205,2348,Laurel Hill Elementary,27.853260869565215,NA,NA,NA,NA,NA,NA,NA,NA,NA
2023-2024,Fairfax County,804,Northern Virginia,school,70,1970,Laurel Ridge Elementary,8.706467661691542,NA,NA,NA,NA,NA,NA,NA,NA,NA
2023-2024,Fairfax County,592,Northern Virginia,school,98,1850,Lees Corner Elementary,16.554054054054053,NA,NA,NA,NA,NA,NA,NA,NA,NA
2023-2024,Fairfax County,577,Northern Virginia,school,105,770,Lemon Road Elementary,18.19757365684575,NA,NA,NA,NA,NA,NA,NA,NA,NA
2023-2024,Fairfax County,1675,Northern Virginia,school,NA,1020,Lewis High,NA,NA,NA,NA,NA,NA,NA,NA,NA,NA
2023-2024,Fairfax County,904,Northern Virginia,school,366,2233,Liberty Middle,40.48672566371682,NA,NA,NA,NA,NA,NA,NA,NA,NA
2023-2024,Fairfax County,277,Northern Virginia,school,87,1400,Little Run Elementary,31.40794223826715,NA,NA,NA,NA,NA,NA,NA,NA,NA
2023-2024,Fairfax County,686,Northern Virginia,school,416,1830,London Towne Elementary,60.64139941690962,NA,NA,NA,NA,NA,NA,NA,NA,NA
2023-2024,Fairfax County,1254,Northern Virginia,school,161,1150,Longfellow Middle,12.838915470494419,NA,NA,NA,NA,NA,NA,NA,NA,NA
2023-2024,Fairfax County,748,Northern Virginia,school,443,2236,Lorton Station Elementary,59.224598930481285,NA,NA,NA,NA,NA,NA,NA,NA,NA
2023-2024,Fairfax County,602,Northern Virginia,school,554,890,Lynbrook Elementary,92.02657807308971,NA,NA,NA,NA,NA,NA,NA,NA,NA
2023-2024,Fairfax County,2116,Northern Virginia,school,287,1060,Madison High,13.563327032136105,NA,NA,NA,NA,NA,NA,NA,NA,NA
2023-2024,Fairfax County,964,Northern Virginia,school,153,1210,Mantua Elementary,15.871369294605808,NA,NA,NA,NA,NA,NA,NA,NA,NA
2023-2024,Fairfax County,2207,Northern Virginia,school,588,1290,Marshall High,26.6425011327594,NA,NA,NA,NA,NA,NA,NA,NA,NA
2023-2024,Fairfax County,696,Northern Virginia,school,243,1200,Marshall Road Elementary,34.91379310344828,NA,NA,NA,NA,NA,NA,NA,NA,NA
2023-2024,Fairfax County,720,Northern Virginia,school,408,2410,Mason Crest Elementary,56.666666666666664,NA,NA,NA,NA,NA,NA,NA,NA,NA
2023-2024,Fairfax County,2455,Northern Virginia,school,363,790,McLean High,14.786150712830956,NA,NA,NA,NA,NA,NA,NA,NA,NA
2023-2024,Fairfax County,512,Northern Virginia,school,207,2231,McNair Elementary,40.4296875,NA,NA,NA,NA,NA,NA,NA,NA,NA
2023-2024,Fairfax County,616,Northern Virginia,school,207,2200,McNair Upper Elementary,33.603896103896105,NA,NA,NA,NA,NA,NA,NA,NA,NA
2023-2024,Fairfax County,967,Northern Virginia,school,276,1390,Mosaic Elementary,28.541882109617372,NA,NA,NA,NA,NA,NA,NA,NA,NA
2023-2024,Fairfax County,334,Northern Virginia,school,293,510,Mount Eagle Elementary,87.72455089820359,NA,NA,NA,NA,NA,NA,NA,NA,NA
2023-2024,Fairfax County,1959,Northern Virginia,school,NA,420,Mount Vernon High,NA,NA,NA,NA,NA,NA,NA,NA,NA,NA
2023-2024,Fairfax County,546,Northern Virginia,school,497,1640,Mount Vernon Woods Elementary,91.02564102564102,NA,NA,NA,NA,NA,NA,NA,NA,NA
2023-2024,Fairfax County,142,Northern Virginia,school,98,2211,Mountain View High,69.01408450704226,NA,NA,NA,NA,NA,NA,NA,NA,NA
2023-2024,Fairfax County,851,Northern Virginia,school,66,800,Navy Elementary,7.7555816686251475,NA,NA,NA,NA,NA,NA,NA,NA,NA
2023-2024,Fairfax County,580,Northern Virginia,school,167,470,Newington Forest Elementary,28.793103448275865,NA,NA,NA,NA,NA,NA,NA,NA,NA
2023-2024,Fairfax County,469,Northern Virginia,school,222,930,North Springfield Elementary,47.33475479744136,NA,NA,NA,NA,NA,NA,NA,NA,NA
2023-2024,Fairfax County,657,Northern Virginia,school,61,430,Oak Hill Elementary,9.28462709284627,NA,NA,NA,NA,NA,NA,NA,NA,NA
2023-2024,Fairfax County,775,Northern Virginia,school,85,1860,Oak View Elementary,10.967741935483872,NA,NA,NA,NA,NA,NA,NA,NA,NA
2023-2024,Fairfax County,774,Northern Virginia,school,114,140,Oakton Elementary,14.728682170542637,NA,NA,NA,NA,NA,NA,NA,NA,NA
2023-2024,Fairfax County,2627,Northern Virginia,school,438,1710,Oakton High,16.673011039208223,NA,NA,NA,NA,NA,NA,NA,NA,NA
2023-2024,Fairfax County,386,Northern Virginia,school,72,1650,Olde Creek Elementary,18.65284974093264,NA,NA,NA,NA,NA,NA,NA,NA,NA
2023-2024,Fairfax County,900,Northern Virginia,school,86,150,Orange Hunt Elementary,9.555555555555555,NA,NA,NA,NA,NA,NA,NA,NA,NA
2023-2024,Fairfax County,954,Northern Virginia,school,854,1030,Parklawn Elementary,89.51781970649894,NA,NA,NA,NA,NA,NA,NA,NA,NA
2023-2024,Fairfax County,36,Northern Virginia,school,NA,2440,Pimmit Early Childhood Resource Center,NA,NA,NA,NA,NA,NA,NA,NA,NA,NA
2023-2024,Fairfax County,617,Northern Virginia,school,539,820,Pine Spring Elementary,87.3581847649919,NA,NA,NA,NA,NA,NA,NA,NA,NA
2023-2024,Fairfax County,896,Northern Virginia,school,820,1130,Poe Middle,91.51785714285714,NA,NA,NA,NA,NA,NA,NA,NA,NA
2023-2024,Fairfax County,721,Northern Virginia,school,88,2080,Poplar Tree Elementary,12.205270457697642,NA,NA,NA,NA,NA,NA,NA,NA,NA
2023-2024,Fairfax County,876,Northern Virginia,school,204,2237,Powell Elementary,23.28767123287671,NA,NA,NA,NA,NA,NA,NA,NA,NA
2023-2024,Fairfax County,893,Northern Virginia,school,425,2230,Providence Elementary,47.59238521836507,NA,NA,NA,NA,NA,NA,NA,NA,NA
2023-2024,Fairfax County,566,Northern Virginia,school,135,1310,Ravensworth Elementary,23.851590106007066,NA,NA,NA,NA,NA,NA,NA,NA,NA
2023-2024,Fairfax County,719,Northern Virginia,school,630,1820,Riverside Elementary,87.62169680111266,NA,NA,NA,NA,NA,NA,NA,NA,NA
2023-2024,Fairfax County,3674,Northern Virginia,school,572,1960,Robinson Secondary,15.568862275449103,NA,NA,NA,NA,NA,NA,NA,NA,NA
2023-2024,Fairfax County,887,Northern Virginia,school,218,300,Rocky Run Middle,24.577226606538897,NA,NA,NA,NA,NA,NA,NA,NA,NA
2023-2024,Fairfax County,536,Northern Virginia,school,141,1770,Rolling Valley Elementary,26.30597014925373,NA,NA,NA,NA,NA,NA,NA,NA,NA
2023-2024,Fairfax County,671,Northern Virginia,school,313,950,Rose Hill Elementary,46.6467958271237,NA,NA,NA,NA,NA,NA,NA,NA,NA
2023-2024,Fairfax County,1403,Northern Virginia,school,830,1300,Sandburg Middle,59.158945117605136,NA,NA,NA,NA,NA,NA,NA,NA,NA
2023-2024,Fairfax County,899,Northern Virginia,school,43,2030,Sangster Elementary,4.78309232480534,NA,NA,NA,NA,NA,NA,NA,NA,NA
2023-2024,Fairfax County,589,Northern Virginia,school,254,2040,Saratoga Elementary,43.12393887945671,NA,NA,NA,NA,NA,NA,NA,NA,NA
2023-2024,Fairfax County,352,Northern Virginia,school,25,80,Sherman Elementary,7.1022727272727275,NA,NA,NA,NA,NA,NA,NA,NA,NA
2023-2024,Fairfax County,653,Northern Virginia,school,245,1660,Shrevewood Elementary,37.519142419601835,NA,NA,NA,NA,NA,NA,NA,NA,NA
2023-2024,Fairfax County,814,Northern Virginia,school,80,1680,Silverbrook Elementary,9.828009828009828,NA,NA,NA,NA,NA,NA,NA,NA,NA
2023-2024,Fairfax County,460,Northern Virginia,school,402,710,Sleepy Hollow Elementary,87.39130434782608,NA,NA,NA,NA,NA,NA,NA,NA,NA
2023-2024,Fairfax County,2206,Northern Virginia,school,551,2241,South County High,24.97733454215775,NA,NA,NA,NA,NA,NA,NA,NA,NA
2023-2024,Fairfax County,968,Northern Virginia,school,250,2420,South County Middle,25.826446280991732,NA,NA,NA,NA,NA,NA,NA,NA,NA
2023-2024,Fairfax County,2488,Northern Virginia,school,891,1990,South Lakes High,35.81189710610933,NA,NA,NA,NA,NA,NA,NA,NA,NA
2023-2024,Fairfax County,948,Northern Virginia,school,110,1620,Spring Hill Elementary,11.60337552742616,NA,NA,NA,NA,NA,NA,NA,NA,NA
2023-2024,Fairfax County,595,Northern Virginia,school,269,960,Springfield Estates Elementary,45.21008403361345,NA,NA,NA,NA,NA,NA,NA,NA,NA
2023-2024,Fairfax County,539,Northern Virginia,school,63,1380,Stenwood Elementary,11.688311688311687,NA,NA,NA,NA,NA,NA,NA,NA,NA
2023-2024,Fairfax County,711,Northern Virginia,school,299,2070,Stone Middle,42.05344585091421,NA,NA,NA,NA,NA,NA,NA,NA,NA
2023-2024,Fairfax County,723,Northern Virginia,school,222,1350,Stratford Landing Elementary,30.70539419087137,NA,NA,NA,NA,NA,NA,NA,NA,NA
2023-2024,Fairfax County,570,Northern Virginia,school,97,280,Sunrise Valley Elementary,17.017543859649123,NA,NA,NA,NA,NA,NA,NA,NA,NA
2023-2024,Fairfax County,626,Northern Virginia,school,85,170,Terra Centre Elementary,13.578274760383385,NA,NA,NA,NA,NA,NA,NA,NA,NA
2023-2024,Fairfax County,611,Northern Virginia,school,218,250,Terraset Elementary,35.67921440261866,NA,NA,NA,NA,NA,NA,NA,NA,NA
2023-2024,Fairfax County,2017,Northern Virginia,school,279,1371,Thomas Jefferson High for Science and Technology,13.832424392662372,NA,NA,NA,NA,NA,NA,NA,NA,NA
2023-2024,Fairfax County,1248,Northern Virginia,school,246,1140,Thoreau Middle,19.71153846153846,NA,NA,NA,NA,NA,NA,NA,NA,NA
2023-2024,Fairfax County,646,Northern Virginia,school,402,830,Timber Lane Elementary,62.22910216718266,NA,NA,NA,NA,NA,NA,NA,NA,NA
2023-2024,Fairfax County,989,Northern Virginia,school,410,1160,Twain Middle,41.45601617795754,NA,NA,NA,NA,NA,NA,NA,NA,NA
2023-2024,Fairfax County,908,Northern Virginia,school,142,1540,Union Mill Elementary,15.638766519823788,NA,NA,NA,NA,NA,NA,NA,NA,NA
2023-2024,Fairfax County,377,Northern Virginia,school,21,120,Vienna Elementary,5.570291777188329,NA,NA,NA,NA,NA,NA,NA,NA,NA
2023-2024,Fairfax County,273,Northern Virginia,school,24,2252,Virginia Hills Early Childhood Resource Center,8.791208791208792,NA,NA,NA,NA,NA,NA,NA,NA,NA
2023-2024,Fairfax County,703,Northern Virginia,school,291,2050,Virginia Run Elementary,41.39402560455192,NA,NA,NA,NA,NA,NA,NA,NA,NA
2023-2024,Fairfax County,648,Northern Virginia,school,51,850,Wakefield Forest Elementary,7.87037037037037,NA,NA,NA,NA,NA,NA,NA,NA,NA
2023-2024,Fairfax County,820,Northern Virginia,school,107,2100,Waples Mill Elementary,13.048780487804878,NA,NA,NA,NA,NA,NA,NA,NA,NA
2023-2024,Fairfax County,575,Northern Virginia,school,511,1320,Washington Mill Elementary,88.8695652173913,NA,NA,NA,NA,NA,NA,NA,NA,NA
2023-2024,Fairfax County,726,Northern Virginia,school,26,1080,Waynewood Elementary,3.581267217630854,NA,NA,NA,NA,NA,NA,NA,NA,NA
2023-2024,Fairfax County,2682,Northern Virginia,school,NA,900,West Potomac High,NA,NA,NA,NA,NA,NA,NA,NA,NA,NA
2023-2024,Fairfax County,548,Northern Virginia,school,71,1430,West Springfield Elementary,12.956204379562045,NA,NA,NA,NA,NA,NA,NA,NA,NA
2023-2024,Fairfax County,2761,Northern Virginia,school,513,1610,West Springfield High,18.580224556320175,NA,NA,NA,NA,NA,NA,NA,NA,NA
2023-2024,Fairfax County,848,Northern Virginia,school,88,1580,Westbriar Elementary,10.377358490566039,NA,NA,NA,NA,NA,NA,NA,NA,NA
2023-2024,Fairfax County,2756,Northern Virginia,school,NA,2228,Westfield High,NA,NA,NA,NA,NA,NA,NA,NA,NA,NA
2023-2024,Fairfax County,617,Northern Virginia,school,243,1670,Westgate Elementary,39.3841166936791,NA,NA,NA,NA,NA,NA,NA,NA,NA
2023-2024,Fairfax County,739,Northern Virginia,school,532,580,Westlawn Elementary,71.98917456021651,NA,NA,NA,NA,NA,NA,NA,NA,NA
2023-2024,Fairfax County,562,Northern Virginia,school,506,520,Weyanoke Elementary,90.0355871886121,NA,NA,NA,NA,NA,NA,NA,NA,NA
2023-2024,Fairfax County,724,Northern Virginia,school,198,400,White Oaks Elementary,27.348066298342545,NA,NA,NA,NA,NA,NA,NA,NA,NA
2023-2024,Fairfax County,819,Northern Virginia,school,609,1550,Whitman Middle,74.35897435897436,NA,NA,NA,NA,NA,NA,NA,NA,NA
2023-2024,Fairfax County,860,Northern Virginia,school,132,2060,Willow Springs Elementary,15.348837209302326,NA,NA,NA,NA,NA,NA,NA,NA,NA
2023-2024,Fairfax County,550,Northern Virginia,school,15,1810,Wolftrap Elementary,2.727272727272727,NA,NA,NA,NA,NA,NA,NA,NA,NA
2023-2024,Fairfax County,486,Northern Virginia,school,302,650,Woodburn Elementary,62.139917695473244,NA,NA,NA,NA,NA,NA,NA,NA,NA
2023-2024,Fairfax County,468,Northern Virginia,school,398,380,Woodlawn Elementary,85.04273504273505,NA,NA,NA,NA,NA,NA,NA,NA,NA
2023-2024,Fairfax County,520,Northern Virginia,school,451,590,Woodley Hills Elementary,86.73076923076923,NA,NA,NA,NA,NA,NA,NA,NA,NA
2023-2024,Fairfax County,2485,Northern Virginia,school,386,1260,Woodson High,15.533199195171028,NA,NA,NA,NA,NA,NA,NA,NA,NA
2023-2024,Falls Church City,75,Northern Virginia,school,14,270,Jessie Thackrey  Preschool,18.666666666666668,NA,NA,NA,NA,NA,NA,NA,NA,NA
2023-2024,Falls Church City,613,Northern Virginia,school,67,252,Mary Ellen Henderson Middle,10.929853181076671,NA,NA,NA,NA,NA,NA,NA,NA,NA
2023-2024,Falls Church City,891,Northern Virginia,school,117,251,Meridian High,13.131313131313133,NA,NA,NA,NA,NA,NA,NA,NA,NA
2023-2024,Falls Church City,481,Northern Virginia,school,58,240,Mount Daniel Elementary,12.058212058212058,NA,NA,NA,NA,NA,NA,NA,NA,NA
2023-2024,Falls Church City,556,Northern Virginia,school,49,260,Oak Street Elementary,8.81294964028777,NA,NA,NA,NA,NA,NA,NA,NA,NA
2023-2024,Fauquier County,582,Northern Virginia,school,86,854,Auburn Middle,14.776632302405499,NA,NA,NA,NA,NA,NA,NA,NA,NA
2023-2024,Fauquier County,526,Northern Virginia,school,106,460,C. Hunter Ritchie Elementary,20.15209125475285,NA,NA,NA,NA,NA,NA,NA,NA,NA
2023-2024,Fauquier County,350,Northern Virginia,school,98,730,C.M. Bradley Elementary,28.000000000000004,NA,NA,NA,NA,NA,NA,NA,NA,NA
2023-2024,Fauquier County,853,Northern Virginia,school,408,520,Cedar Lee Middle,47.83118405627198,NA,NA,NA,NA,NA,NA,NA,NA,NA
2023-2024,Fauquier County,262,Northern Virginia,school,112,120,Claude Thompson Elementary,42.74809160305343,NA,NA,NA,NA,NA,NA,NA,NA,NA
2023-2024,Fauquier County,1162,Northern Virginia,school,353,701,Fauquier High,30.37865748709122,NA,NA,NA,NA,NA,NA,NA,NA,NA
2023-2024,Fauquier County,519,Northern Virginia,school,255,450,Grace Miller Elementary,49.13294797687861,NA,NA,NA,NA,NA,NA,NA,NA,NA
2023-2024,Fauquier County,459,Northern Virginia,school,57,511,Greenville Elementary,12.418300653594772,NA,NA,NA,NA,NA,NA,NA,NA,NA
2023-2024,Fauquier County,385,Northern Virginia,school,172,750,H.M. Pearson Elementary,44.675324675324674,NA,NA,NA,NA,NA,NA,NA,NA,NA
2023-2024,Fauquier County,514,Northern Virginia,school,180,853,James G. Brumfield Elementary,35.019455252918284,NA,NA,NA,NA,NA,NA,NA,NA,NA
2023-2024,Fauquier County,1189,Northern Virginia,school,177,510,Kettle Run High,14.88645920941968,NA,NA,NA,NA,NA,NA,NA,NA,NA
2023-2024,Fauquier County,1360,Northern Virginia,school,582,851,Liberty High,42.79411764705882,NA,NA,NA,NA,NA,NA,NA,NA,NA
2023-2024,Fauquier County,542,Northern Virginia,school,239,530,Margaret M. Pierce Elementary,44.095940959409596,NA,NA,NA,NA,NA,NA,NA,NA,NA
2023-2024,Fauquier County,410,Northern Virginia,school,150,10,Marshall Middle,36.58536585365854,NA,NA,NA,NA,NA,NA,NA,NA,NA
2023-2024,Fauquier County,399,Northern Virginia,school,209,20,Mary Walter Elementary,52.38095238095239,NA,NA,NA,NA,NA,NA,NA,NA,NA
2023-2024,Fauquier County,405,Northern Virginia,school,52,720,P.B. Smith Elementary,12.839506172839506,NA,NA,NA,NA,NA,NA,NA,NA,NA
2023-2024,Fauquier County,610,Northern Virginia,school,141,670,W.C. Taylor Middle,23.114754098360656,NA,NA,NA,NA,NA,NA,NA,NA,NA
2023-2024,Fauquier County,318,Northern Virginia,school,117,740,W.G. Coleman Elementary,36.79245283018868,NA,NA,NA,NA,NA,NA,NA,NA,NA
2023-2024,Floyd County,289,Western Virginia,school,141,90,Check Elementary,48.78892733564014,NA,NA,NA,NA,NA,NA,NA,NA,NA
2023-2024,Floyd County,680,Western Virginia,school,270,660,Floyd County High,39.705882352941174,NA,NA,NA,NA,NA,NA,NA,NA,NA
2023-2024,Floyd County,445,Western Virginia,school,188,360,Floyd Elementary,42.247191011235955,NA,NA,NA,NA,NA,NA,NA,NA,NA
2023-2024,Floyd County,128,Western Virginia,school,59,650,Indian Valley Elementary,46.09375,NA,NA,NA,NA,NA,NA,NA,NA,NA
2023-2024,Floyd County,171,Western Virginia,school,86,500,Willis Elementary,50.29239766081871,NA,NA,NA,NA,NA,NA,NA,NA,NA
2023-2024,Fluvanna County,460,Valley,school,166,300,Carysbrook Elementary,36.08695652173913,NA,NA,NA,NA,NA,NA,NA,NA,NA
2023-2024,Fluvanna County,744,Valley,school,296,310,Central Elementary,39.784946236559136,NA,NA,NA,NA,NA,NA,NA,NA,NA
2023-2024,Fluvanna County,1431,Valley,school,501,260,Fluvanna County High,35.0104821802935,NA,NA,NA,NA,NA,NA,NA,NA,NA
2023-2024,Fluvanna County,737,Valley,school,267,320,Fluvanna Middle,36.22795115332429,NA,NA,NA,NA,NA,NA,NA,NA,NA
2023-2024,Franklin City,375,Tidewater,school,281,20,Franklin High,74.93333333333332,NA,NA,NA,NA,NA,NA,NA,NA,NA
2023-2024,Franklin City,155,Tidewater,school,120,561,Joseph P. King Jr. Middle,77.41935483870968,NA,NA,NA,NA,NA,NA,NA,NA,NA
2023-2024,Franklin City,485,Tidewater,school,316,10,S.P. Morton Elementary,65.15463917525773,NA,NA,NA,NA,NA,NA,NA,NA,NA
2023-2024,Franklin County,1391,Western Virginia,school,733,31,Benjamin Franklin Middle,52.69590222861251,NA,NA,NA,NA,NA,NA,NA,NA,NA
2023-2024,Franklin County,269,Western Virginia,school,108,1370,Boones Mill Elementary,40.14869888475837,NA,NA,NA,NA,NA,NA,NA,NA,NA
2023-2024,Franklin County,266,Western Virginia,school,131,1320,Burnt Chimney Elementary,49.24812030075188,NA,NA,NA,NA,NA,NA,NA,NA,NA
2023-2024,Franklin County,180,Western Virginia,school,106,350,Callaway Elementary,58.88888888888889,NA,NA,NA,NA,NA,NA,NA,NA,NA
2023-2024,Franklin County,204,Western Virginia,school,101,20,Dudley Elementary,49.50980392156863,NA,NA,NA,NA,NA,NA,NA,NA,NA
2023-2024,Franklin County,216,Western Virginia,school,134,1360,Ferrum Elementary,62.03703703703704,NA,NA,NA,NA,NA,NA,NA,NA,NA
2023-2024,Franklin County,1899,Western Virginia,school,910,1311,Franklin County High,47.9199578725645,NA,NA,NA,NA,NA,NA,NA,NA,NA
2023-2024,Franklin County,206,Western Virginia,school,133,690,Glade Hill Elementary,64.56310679611651,NA,NA,NA,NA,NA,NA,NA,NA,NA
2023-2024,Franklin County,165,Western Virginia,school,102,10,Henry Elementary,61.81818181818181,NA,NA,NA,NA,NA,NA,NA,NA,NA
2023-2024,Franklin County,403,Western Virginia,school,258,660,Lee M. Waid Elementary,64.01985111662532,NA,NA,NA,NA,NA,NA,NA,NA,NA
2023-2024,Franklin County,285,Western Virginia,school,197,1380,Rocky Mount Elementary,69.12280701754386,NA,NA,NA,NA,NA,NA,NA,NA,NA
2023-2024,Franklin County,208,Western Virginia,school,133,1170,Snow Creek Elementary,63.942307692307686,NA,NA,NA,NA,NA,NA,NA,NA,NA
2023-2024,Franklin County,216,Western Virginia,school,125,960,Sontag Elementary,57.870370370370374,NA,NA,NA,NA,NA,NA,NA,NA,NA
2023-2024,Franklin County,252,Western Virginia,school,117,980,Windy Gap Elementary,46.42857142857143,NA,NA,NA,NA,NA,NA,NA,NA,NA
2023-2024,Frederick County,808,Northern Virginia,school,276,586,Admiral Richard E. Byrd Middle,34.15841584158416,NA,NA,NA,NA,NA,NA,NA,NA,NA
2023-2024,Frederick County,427,Northern Virginia,school,196,10,Apple Pie Ridge Elementary,45.90163934426229,NA,NA,NA,NA,NA,NA,NA,NA,NA
2023-2024,Frederick County,598,Northern Virginia,school,169,320,Armel Elementary,28.26086956521739,NA,NA,NA,NA,NA,NA,NA,NA,NA
2023-2024,Frederick County,621,Northern Virginia,school,277,20,Bass-Hoover Elementary,44.605475040257645,NA,NA,NA,NA,NA,NA,NA,NA,NA
2023-2024,Frederick County,581,Northern Virginia,school,312,587,Evendale Elementary,53.700516351118765,NA,NA,NA,NA,NA,NA,NA,NA,NA
2023-2024,Frederick County,751,Northern Virginia,school,294,460,Frederick County Middle,39.14780292942743,NA,NA,NA,NA,NA,NA,NA,NA,NA
2023-2024,Frederick County,489,Northern Virginia,school,184,380,Gainesboro Elementary,37.627811860940696,NA,NA,NA,NA,NA,NA,NA,NA,NA
2023-2024,Frederick County,582,Northern Virginia,school,224,590,Greenwood Mill Elementary,38.48797250859107,NA,NA,NA,NA,NA,NA,NA,NA,NA
2023-2024,Frederick County,383,Northern Virginia,school,184,40,Indian Hollow Elementary,48.04177545691906,NA,NA,NA,NA,NA,NA,NA,NA,NA
2023-2024,Frederick County,1464,Northern Virginia,school,498,30,James Wood High,34.01639344262295,NA,NA,NA,NA,NA,NA,NA,NA,NA
2023-2024,Frederick County,834,Northern Virginia,school,402,420,James Wood Middle,48.201438848920866,NA,NA,NA,NA,NA,NA,NA,NA,NA
2023-2024,Frederick County,607,Northern Virginia,school,258,591,Jordan Springs Elementary,42.50411861614498,NA,NA,NA,NA,NA,NA,NA,NA,NA
2023-2024,Frederick County,584,Northern Virginia,school,247,340,Middletown Elementary,42.29452054794521,NA,NA,NA,NA,NA,NA,NA,NA,NA
2023-2024,Frederick County,1573,Northern Virginia,school,706,584,Millbrook High,44.88239033693579,NA,NA,NA,NA,NA,NA,NA,NA,NA
2023-2024,Frederick County,449,Northern Virginia,school,182,583,Orchard View Elementary,40.53452115812918,NA,NA,NA,NA,NA,NA,NA,NA,NA
2023-2024,Frederick County,596,Northern Virginia,school,285,582,Redbud Run Elementary,47.81879194630873,NA,NA,NA,NA,NA,NA,NA,NA,NA
2023-2024,Frederick County,798,Northern Virginia,school,336,480,Robert E. Aylor Middle,42.10526315789473,NA,NA,NA,NA,NA,NA,NA,NA,NA
2023-2024,Frederick County,1642,Northern Virginia,school,590,581,Sherando High,35.931790499390985,NA,NA,NA,NA,NA,NA,NA,NA,NA
2023-2024,Frederick County,386,Northern Virginia,school,204,410,Stonewall Elementary,52.84974093264248,NA,NA,NA,NA,NA,NA,NA,NA,NA
2023-2024,Fredericksburg City,849,Northern Neck,school,598,50,Hugh Mercer Elementary,70.43580683156655,NA,NA,NA,NA,NA,NA,NA,NA,NA
2023-2024,Fredericksburg City,1006,Northern Neck,school,510,40,James Monroe High,50.695825049701796,NA,NA,NA,NA,NA,NA,NA,NA,NA
2023-2024,Fredericksburg City,809,Northern Neck,school,449,272,Lafayette Elementary,55.500618046971574,NA,NA,NA,NA,NA,NA,NA,NA,NA
2023-2024,Fredericksburg City,138,Northern Neck,school,105,30,Walker-Grant Early Childhood Center,76.08695652173914,NA,NA,NA,NA,NA,NA,NA,NA,NA
2023-2024,Fredericksburg City,776,Northern Neck,school,483,273,Walker-Grant Middle,62.24226804123711,NA,NA,NA,NA,NA,NA,NA,NA,NA
2023-2024,Galax City,685,Southwest,school,443,10,Galax Elementary,64.67153284671532,NA,NA,NA,NA,NA,NA,NA,NA,NA
2023-2024,Galax City,404,Southwest,school,224,31,Galax High,55.44554455445545,NA,NA,NA,NA,NA,NA,NA,NA,NA
2023-2024,Galax City,329,Southwest,school,201,32,Galax Middle,61.09422492401215,NA,NA,NA,NA,NA,NA,NA,NA,NA
2023-2024,Giles County,459,Southwest,school,243,10,Eastern Elementary/Middle,52.94117647058824,NA,NA,NA,NA,NA,NA,NA,NA,NA
2023-2024,Giles County,1226,Southwest,school,161,112,Giles County K-12 Virtual School,13.132137030995105,NA,NA,NA,NA,NA,NA,NA,NA,NA
2023-2024,Giles County,554,Southwest,school,253,461,Giles High,45.667870036101085,NA,NA,NA,NA,NA,NA,NA,NA,NA
2023-2024,Giles County,462,Southwest,school,238,390,Macy Mcclaugherty Elementary/Middle,51.515151515151516,NA,NA,NA,NA,NA,NA,NA,NA,NA
2023-2024,Giles County,499,Southwest,school,247,400,Narrows Elementary/Middle,49.498997995991985,NA,NA,NA,NA,NA,NA,NA,NA,NA
2023-2024,Giles County,299,Southwest,school,154,470,Narrows High,51.50501672240802,NA,NA,NA,NA,NA,NA,NA,NA,NA
2023-2024,Gloucester County,443,Northern Neck,school,224,250,Abingdon Elementary,50.56433408577878,NA,NA,NA,NA,NA,NA,NA,NA,NA
2023-2024,Gloucester County,438,Northern Neck,school,191,240,Achilles Elementary,43.60730593607306,NA,NA,NA,NA,NA,NA,NA,NA,NA
2023-2024,Gloucester County,502,Northern Neck,school,221,381,Bethel Elementary,44.02390438247012,NA,NA,NA,NA,NA,NA,NA,NA,NA
2023-2024,Gloucester County,540,Northern Neck,school,209,100,Botetourt Elementary,38.7037037037037,NA,NA,NA,NA,NA,NA,NA,NA,NA
2023-2024,Gloucester County,1549,Northern Neck,school,602,260,Gloucester High,38.86378308586185,NA,NA,NA,NA,NA,NA,NA,NA,NA
2023-2024,Gloucester County,564,Northern Neck,school,271,802,Page Middle,48.04964539007092,NA,NA,NA,NA,NA,NA,NA,NA,NA
2023-2024,Gloucester County,593,Northern Neck,school,240,280,Peasley Middle,40.472175379426645,NA,NA,NA,NA,NA,NA,NA,NA,NA
2023-2024,Gloucester County,387,Northern Neck,school,192,270,Petsworth Elementary,49.6124031007752,NA,NA,NA,NA,NA,NA,NA,NA,NA
2023-2024,Goochland County,312,Central Virginia,school,150,120,Byrd Elementary,48.07692307692308,NA,NA,NA,NA,NA,NA,NA,NA,NA
2023-2024,Goochland County,357,Central Virginia,school,102,360,Goochland Elementary,28.57142857142857,NA,NA,NA,NA,NA,NA,NA,NA,NA
2023-2024,Goochland County,847,Central Virginia,school,252,220,Goochland High,29.75206611570248,NA,NA,NA,NA,NA,NA,NA,NA,NA
2023-2024,Goochland County,599,Central Virginia,school,189,340,Goochland Middle,31.552587646076795,NA,NA,NA,NA,NA,NA,NA,NA,NA
2023-2024,Goochland County,457,Central Virginia,school,131,260,Randolph Elementary,28.665207877461707,NA,NA,NA,NA,NA,NA,NA,NA,NA
2023-2024,Grayson County,147,Southwest,school,89,480,Fairview Elementary,60.544217687074834,NA,NA,NA,NA,NA,NA,NA,NA,NA
2023-2024,Grayson County,234,Southwest,school,157,911,Fries Elementary,67.09401709401709,NA,NA,NA,NA,NA,NA,NA,NA,NA
2023-2024,Grayson County,457,Southwest,school,235,421,Grayson County High,51.42231947483589,NA,NA,NA,NA,NA,NA,NA,NA,NA
2023-2024,Grayson County,142,Southwest,school,75,430,Grayson Highlands,52.816901408450704,NA,NA,NA,NA,NA,NA,NA,NA,NA
2023-2024,Grayson County,301,Southwest,school,174,422,Independence Elementary,57.80730897009967,NA,NA,NA,NA,NA,NA,NA,NA,NA
2023-2024,Grayson County,295,Southwest,school,151,11,Independence Middle,51.186440677966104,NA,NA,NA,NA,NA,NA,NA,NA,NA
2023-2024,Greene County,340,Valley,school,187,20,Nathanael Greene Elementary,55.00000000000001,NA,NA,NA,NA,NA,NA,NA,NA,NA
2023-2024,Greene County,371,Valley,school,205,10,Nathanael Greene Primary,55.25606469002695,NA,NA,NA,NA,NA,NA,NA,NA,NA
2023-2024,Greene County,503,Valley,school,180,30,Ruckersville Elementary,35.785288270377734,NA,NA,NA,NA,NA,NA,NA,NA,NA
2023-2024,Greene County,979,Valley,school,386,72,William Monroe High,39.42798774259448,NA,NA,NA,NA,NA,NA,NA,NA,NA
2023-2024,Greene County,625,Valley,school,267,71,William Monroe Middle,42.72,NA,NA,NA,NA,NA,NA,NA,NA,NA
2023-2024,Greensville County,437,Southside,school,315,190,Edward W. Wyatt Middle,72.08237986270024,NA,NA,NA,NA,NA,NA,NA,NA,NA
2023-2024,Greensville County,602,Southside,school,427,200,Greensville County High,70.93023255813954,NA,NA,NA,NA,NA,NA,NA,NA,NA
2023-2024,Greensville County,988,Southside,school,647,50,Greensville Elementary,65.48582995951418,NA,NA,NA,NA,NA,NA,NA,NA,NA
2023-2024,Halifax County,230,Southside,school,108,1560,Clays Mill Elementary,46.95652173913044,NA,NA,NA,NA,NA,NA,NA,NA,NA
2023-2024,Halifax County,533,Southside,school,277,20,Cluster Springs Elementary,51.969981238273924,NA,NA,NA,NA,NA,NA,NA,NA,NA
2023-2024,Halifax County,1353,Southside,school,721,10,Halifax County High,53.28898743532889,NA,NA,NA,NA,NA,NA,NA,NA,NA
2023-2024,Halifax County,871,Southside,school,493,1480,Halifax County Middle,56.601607347876005,NA,NA,NA,NA,NA,NA,NA,NA,NA
2023-2024,Halifax County,160,Southside,school,91,1550,Meadville Elementary,56.875,NA,NA,NA,NA,NA,NA,NA,NA,NA
2023-2024,Halifax County,186,Southside,school,118,1510,Scottsburg Elementary,63.44086021505376,NA,NA,NA,NA,NA,NA,NA,NA,NA
2023-2024,Halifax County,247,Southside,school,188,1521,Sinai Elementary,76.11336032388664,NA,NA,NA,NA,NA,NA,NA,NA,NA
2023-2024,Halifax County,694,Southside,school,469,30,South Boston Elementary,67.57925072046109,NA,NA,NA,NA,NA,NA,NA,NA,NA
2023-2024,Halifax County,123,Southside,school,79,950,South Boston/Halifax Early Learning Center,64.22764227642277,NA,NA,NA,NA,NA,NA,NA,NA,NA
2023-2024,Halifax County,181,Southside,school,116,1490,Sydnor Jennings Elementary,64.08839779005525,NA,NA,NA,NA,NA,NA,NA,NA,NA
2023-2024,Hampton City,499,Tidewater,school,289,500,A.W.E. Bassette Elementary,57.91583166332666,NA,NA,NA,NA,NA,NA,NA,NA,NA
2023-2024,Hampton City,452,Tidewater,school,263,160,Aberdeen Elementary,58.1858407079646,NA,NA,NA,NA,NA,NA,NA,NA,NA
2023-2024,Hampton City,385,Tidewater,school,203,470,Albert W. Patrick III Elementary,52.72727272727272,NA,NA,NA,NA,NA,NA,NA,NA,NA
2023-2024,Hampton City,532,Tidewater,school,288,260,Alfred S. Forrest Elementary,54.13533834586466,NA,NA,NA,NA,NA,NA,NA,NA,NA
2023-2024,Hampton City,278,Tidewater,school,80,120,Armstrong Elementary,28.776978417266186,NA,NA,NA,NA,NA,NA,NA,NA,NA
2023-2024,Hampton City,382,Tidewater,school,131,330,Barron Elementary,34.29319371727749,NA,NA,NA,NA,NA,NA,NA,NA,NA
2023-2024,Hampton City,866,Tidewater,school,496,350,Benjamin Syms Middle,57.27482678983834,NA,NA,NA,NA,NA,NA,NA,NA,NA
2023-2024,Hampton City,1802,Tidewater,school,932,430,Bethel High,51.72031076581576,NA,NA,NA,NA,NA,NA,NA,NA,NA
2023-2024,Hampton City,674,Tidewater,school,422,450,C. Alton Lindsay Middle,62.61127596439169,NA,NA,NA,NA,NA,NA,NA,NA,NA
2023-2024,Hampton City,384,Tidewater,school,219,460,Captain John Smith Elementary,57.03125,NA,NA,NA,NA,NA,NA,NA,NA,NA
2023-2024,Hampton City,695,Tidewater,school,397,300,Cesar Tarrant Middle,57.122302158273385,NA,NA,NA,NA,NA,NA,NA,NA,NA
2023-2024,Hampton City,449,Tidewater,school,245,420,Christopher C. Kraft Elementary,54.56570155902004,NA,NA,NA,NA,NA,NA,NA,NA,NA
2023-2024,Hampton City,435,Tidewater,school,183,30,Francis Asbury Elementary,42.06896551724138,NA,NA,NA,NA,NA,NA,NA,NA,NA
2023-2024,Hampton City,597,Tidewater,school,241,70,Francis W. Jones Magnet Middle,40.368509212730316,NA,NA,NA,NA,NA,NA,NA,NA,NA
2023-2024,Hampton City,1559,Tidewater,school,615,650,George P. Phenix Elementary,39.448364336112896,NA,NA,NA,NA,NA,NA,NA,NA,NA
2023-2024,Hampton City,1240,Tidewater,school,738,280,Hampton High,59.51612903225807,NA,NA,NA,NA,NA,NA,NA,NA,NA
2023-2024,Hampton City,1125,Tidewater,school,609,640,Hunter B. Andrews,54.13333333333333,NA,NA,NA,NA,NA,NA,NA,NA,NA
2023-2024,Hampton City,349,Tidewater,school,192,250,Jane H. Bryan Elementary,55.014326647564474,NA,NA,NA,NA,NA,NA,NA,NA,NA
2023-2024,Hampton City,1520,Tidewater,school,686,320,Kecoughtan High,45.131578947368425,NA,NA,NA,NA,NA,NA,NA,NA,NA
2023-2024,Hampton City,446,Tidewater,school,281,490,Luther W. Machen Elementary,63.00448430493274,NA,NA,NA,NA,NA,NA,NA,NA,NA
2023-2024,Hampton City,401,Tidewater,school,262,440,Mary S. Peake Elementary,65.33665835411472,NA,NA,NA,NA,NA,NA,NA,NA,NA
2023-2024,Hampton City,302,Tidewater,school,189,270,Mary T. Christian Elementary,62.58278145695364,NA,NA,NA,NA,NA,NA,NA,NA,NA
2023-2024,Hampton City,338,Tidewater,school,90,360,Mary W. Jackson Elementary,26.627218934911244,NA,NA,NA,NA,NA,NA,NA,NA,NA
2023-2024,Hampton City,224,Tidewater,school,10,210,Moton Early Childhood Center,4.464285714285714,NA,NA,NA,NA,NA,NA,NA,NA,NA
2023-2024,Hampton City,417,Tidewater,school,206,410,Paul Burbank Elementary,49.40047961630695,NA,NA,NA,NA,NA,NA,NA,NA,NA
2023-2024,Hampton City,432,Tidewater,school,200,370,Phillips Elementary,46.2962962962963,NA,NA,NA,NA,NA,NA,NA,NA,NA
2023-2024,Hampton City,1417,Tidewater,school,816,50,Phoebus High,57.58645024700071,NA,NA,NA,NA,NA,NA,NA,NA,NA
2023-2024,Hampton City,479,Tidewater,school,183,180,Samuel P. Langley Elementary,38.20459290187891,NA,NA,NA,NA,NA,NA,NA,NA,NA
2023-2024,Hampton City,600,Tidewater,school,312,380,Thomas Eaton Middle,52,NA,NA,NA,NA,NA,NA,NA,NA,NA
2023-2024,Hampton City,382,Tidewater,school,138,80,William Mason Cooper Elementary,36.12565445026178,NA,NA,NA,NA,NA,NA,NA,NA,NA
2023-2024,Hanover County,1509,Central Virginia,school,350,62,Atlee High,23.194168323392976,NA,NA,NA,NA,NA,NA,NA,NA,NA
2023-2024,Hanover County,368,Central Virginia,school,88,360,Battlefield Park Elementary,23.91304347826087,NA,NA,NA,NA,NA,NA,NA,NA,NA
2023-2024,Hanover County,311,Central Virginia,school,120,20,Beaverdam Elementary,38.58520900321543,NA,NA,NA,NA,NA,NA,NA,NA,NA
2023-2024,Hanover County,933,Central Virginia,school,436,440,Bell Creek Middle,46.730975348338696,NA,NA,NA,NA,NA,NA,NA,NA,NA
2023-2024,Hanover County,1123,Central Virginia,school,247,61,Chickahominy Middle,21.9946571682992,NA,NA,NA,NA,NA,NA,NA,NA,NA
2023-2024,Hanover County,502,Central Virginia,school,229,70,Cold Harbor Elementary,45.61752988047809,NA,NA,NA,NA,NA,NA,NA,NA,NA
2023-2024,Hanover County,803,Central Virginia,school,114,551,Cool Spring Elementary,14.196762141967623,NA,NA,NA,NA,NA,NA,NA,NA,NA
2023-2024,Hanover County,371,Central Virginia,school,204,430,Elmont Elementary,54.98652291105122,NA,NA,NA,NA,NA,NA,NA,NA,NA
2023-2024,Hanover County,1358,Central Virginia,school,303,554,Hanover High,22.312223858615614,NA,NA,NA,NA,NA,NA,NA,NA,NA
2023-2024,Hanover County,359,Central Virginia,school,223,150,Henry Clay Elementary,62.116991643454035,NA,NA,NA,NA,NA,NA,NA,NA,NA
2023-2024,Hanover County,307,Central Virginia,school,172,162,John M. Gandy Elementary,56.02605863192183,NA,NA,NA,NA,NA,NA,NA,NA,NA
2023-2024,Hanover County,679,Central Virginia,school,114,200,Kersey Creek Elementary,16.789396170839467,NA,NA,NA,NA,NA,NA,NA,NA,NA
2023-2024,Hanover County,563,Central Virginia,school,263,210,Laurel Meadow Elementary,46.714031971580816,NA,NA,NA,NA,NA,NA,NA,NA,NA
2023-2024,Hanover County,917,Central Virginia,school,409,450,Liberty Middle,44.601962922573605,NA,NA,NA,NA,NA,NA,NA,NA,NA
2023-2024,Hanover County,580,Central Virginia,school,387,420,Mechanicsville Elementary,66.72413793103448,NA,NA,NA,NA,NA,NA,NA,NA,NA
2023-2024,Hanover County,1334,Central Virginia,school,531,370,Mechanicsville High,39.805097451274364,NA,NA,NA,NA,NA,NA,NA,NA,NA
2023-2024,Hanover County,881,Central Virginia,school,187,553,Oak Knoll Middle,21.22587968217934,NA,NA,NA,NA,NA,NA,NA,NA,NA
2023-2024,Hanover County,1330,Central Virginia,school,585,400,Patrick Henry High,43.984962406015036,NA,NA,NA,NA,NA,NA,NA,NA,NA
2023-2024,Hanover County,575,Central Virginia,school,104,410,Pearson's Corner Elementary,18.086956521739133,NA,NA,NA,NA,NA,NA,NA,NA,NA
2023-2024,Hanover County,529,Central Virginia,school,129,552,Pole Green Elementary,24.38563327032136,NA,NA,NA,NA,NA,NA,NA,NA,NA
2023-2024,Hanover County,650,Central Virginia,school,104,30,Rural Point Elementary,16,NA,NA,NA,NA,NA,NA,NA,NA,NA
2023-2024,Hanover County,437,Central Virginia,school,152,40,South Anna Elementary,34.78260869565217,NA,NA,NA,NA,NA,NA,NA,NA,NA
2023-2024,Hanover County,401,Central Virginia,school,150,290,Washington-Henry Elementary,37.406483790523694,NA,NA,NA,NA,NA,NA,NA,NA,NA
2023-2024,Harrisonburg City,560,Valley,school,295,120,Bluestone Elementary,52.67857142857143,NA,NA,NA,NA,NA,NA,NA,NA,NA
2023-2024,Harrisonburg City,1998,Valley,school,978,12,Harrisonburg High,48.94894894894895,NA,NA,NA,NA,NA,NA,NA,NA,NA
2023-2024,Harrisonburg City,496,Valley,school,212,50,Keister Elementary,42.74193548387097,NA,NA,NA,NA,NA,NA,NA,NA,NA
2023-2024,Harrisonburg City,719,Valley,school,372,111,Skyline Middle,51.738525730180804,NA,NA,NA,NA,NA,NA,NA,NA,NA
2023-2024,Harrisonburg City,727,Valley,school,416,110,Smithland Elementary,57.22145804676754,NA,NA,NA,NA,NA,NA,NA,NA,NA
2023-2024,Harrisonburg City,463,Valley,school,276,60,Spotswood Elementary,59.611231101511876,NA,NA,NA,NA,NA,NA,NA,NA,NA
2023-2024,Harrisonburg City,553,Valley,school,344,191,Stone Spring Elementary,62.20614828209765,NA,NA,NA,NA,NA,NA,NA,NA,NA
2023-2024,Harrisonburg City,716,Valley,school,354,80,Thomas Harrison Middle,49.44134078212291,NA,NA,NA,NA,NA,NA,NA,NA,NA
2023-2024,Harrisonburg City,559,Valley,school,328,30,Waterman Elementary,58.67620751341681,NA,NA,NA,NA,NA,NA,NA,NA,NA
2023-2024,Henrico County,129,Central Virginia,school,95,421,An Achievable Dream Middle and High School Oak Avenue Complex,73.64341085271317,NA,NA,NA,NA,NA,NA,NA,NA,NA
2023-2024,Henrico County,339,Central Virginia,school,187,450,Anthony P. Mehfoud Elementary,55.16224188790561,NA,NA,NA,NA,NA,NA,NA,NA,NA
2023-2024,Henrico County,460,Central Virginia,school,286,320,Arthur Ashe Jr. Elementary,62.17391304347826,NA,NA,NA,NA,NA,NA,NA,NA,NA
2023-2024,Henrico County,1029,Central Virginia,school,635,500,Brookland Middle,61.710398445092316,NA,NA,NA,NA,NA,NA,NA,NA,NA
2023-2024,Henrico County,532,Central Virginia,school,341,120,Cashell Donahoe Elementary,64.09774436090225,NA,NA,NA,NA,NA,NA,NA,NA,NA
2023-2024,Henrico County,349,Central Virginia,school,211,590,Chamberlayne Elementary,60.458452722063036,NA,NA,NA,NA,NA,NA,NA,NA,NA
2023-2024,Henrico County,396,Central Virginia,school,247,530,Charles M. Johnson Elementary,62.37373737373737,NA,NA,NA,NA,NA,NA,NA,NA,NA
2023-2024,Henrico County,695,Central Virginia,school,127,93,Colonial Trail Elementary,18.27338129496403,NA,NA,NA,NA,NA,NA,NA,NA,NA
2023-2024,Henrico County,375,Central Virginia,school,155,400,Crestview Elementary,41.333333333333336,NA,NA,NA,NA,NA,NA,NA,NA,NA
2023-2024,Henrico County,496,Central Virginia,school,55,82,David A. Kaechele Elementary,11.088709677419354,NA,NA,NA,NA,NA,NA,NA,NA,NA
2023-2024,Henrico County,2039,Central Virginia,school,238,160,Deep Run High,11.672388425698871,NA,NA,NA,NA,NA,NA,NA,NA,NA
2023-2024,Henrico County,1887,Central Virginia,school,625,410,Douglas S. Freeman High,33.12135665076841,NA,NA,NA,NA,NA,NA,NA,NA,NA
2023-2024,Henrico County,620,Central Virginia,school,355,700,Dumbarton Elementary,57.25806451612904,NA,NA,NA,NA,NA,NA,NA,NA,NA
2023-2024,Henrico County,530,Central Virginia,school,157,300,Echo Lake Elementary,29.62264150943396,NA,NA,NA,NA,NA,NA,NA,NA,NA
2023-2024,Henrico County,805,Central Virginia,school,549,680,Elizabeth Holladay Elementary,68.19875776397517,NA,NA,NA,NA,NA,NA,NA,NA,NA
2023-2024,Henrico County,705,Central Virginia,school,434,92,Elko Middle,61.56028368794326,NA,NA,NA,NA,NA,NA,NA,NA,NA
2023-2024,Henrico County,357,Central Virginia,school,271,200,Fair Oaks Elementary,75.91036414565826,NA,NA,NA,NA,NA,NA,NA,NA,NA
2023-2024,Henrico County,889,Central Virginia,school,521,510,Fairfield Middle,58.60517435320585,NA,NA,NA,NA,NA,NA,NA,NA,NA
2023-2024,Henrico County,604,Central Virginia,school,94,150,Gayton Elementary,15.562913907284766,NA,NA,NA,NA,NA,NA,NA,NA,NA
2023-2024,Henrico County,452,Central Virginia,school,308,470,George F. Baker Elementary,68.14159292035397,NA,NA,NA,NA,NA,NA,NA,NA,NA
2023-2024,Henrico County,1102,Central Virginia,school,342,390,George H. Moody Middle,31.03448275862069,NA,NA,NA,NA,NA,NA,NA,NA,NA
2023-2024,Henrico County,575,Central Virginia,school,115,20,Glen Allen Elementary,20,NA,NA,NA,NA,NA,NA,NA,NA,NA
2023-2024,Henrico County,1913,Central Virginia,school,459,96,Glen Allen High,23.99372713016205,NA,NA,NA,NA,NA,NA,NA,NA,NA
2023-2024,Henrico County,430,Central Virginia,school,365,380,Glen Lea Elementary,84.88372093023256,NA,NA,NA,NA,NA,NA,NA,NA,NA
2023-2024,Henrico County,620,Central Virginia,school,265,260,Greenwood Elementary,42.74193548387097,NA,NA,NA,NA,NA,NA,NA,NA,NA
2023-2024,Henrico County,392,Central Virginia,school,297,420,Harold Macon Ratcliffe Elementary,75.76530612244898,NA,NA,NA,NA,NA,NA,NA,NA,NA
2023-2024,Henrico County,530,Central Virginia,school,363,94,Harvie Elementary,68.49056603773585,NA,NA,NA,NA,NA,NA,NA,NA,NA
2023-2024,Henrico County,1310,Central Virginia,school,722,610,Henrico High,55.11450381679389,NA,NA,NA,NA,NA,NA,NA,NA,NA
2023-2024,Henrico County,642,Central Virginia,school,396,83,Henrico Virtual Academy,61.6822429906542,NA,NA,NA,NA,NA,NA,NA,NA,NA
2023-2024,Henrico County,499,Central Virginia,school,297,330,Henry D. Ward Elementary,59.519038076152306,NA,NA,NA,NA,NA,NA,NA,NA,NA
2023-2024,Henrico County,1720,Central Virginia,school,882,670,Hermitage High,51.27906976744187,NA,NA,NA,NA,NA,NA,NA,NA,NA
2023-2024,Henrico County,483,Central Virginia,school,396,640,Highland Springs Elementary,81.98757763975155,NA,NA,NA,NA,NA,NA,NA,NA,NA
2023-2024,Henrico County,1990,Central Virginia,school,NA,190,Highland Springs High,NA,NA,NA,NA,NA,NA,NA,NA,NA,NA
2023-2024,Henrico County,862,Central Virginia,school,262,95,Holman Middle,30.39443155452436,NA,NA,NA,NA,NA,NA,NA,NA,NA
2023-2024,Henrico County,852,Central Virginia,school,294,100,Hungary Creek Middle,34.50704225352113,NA,NA,NA,NA,NA,NA,NA,NA,NA
2023-2024,Henrico County,529,Central Virginia,school,218,620,Jackson Davis Elementary,41.209829867674856,NA,NA,NA,NA,NA,NA,NA,NA,NA
2023-2024,Henrico County,469,Central Virginia,school,331,660,Jacob L. Adams Elementary,70.57569296375267,NA,NA,NA,NA,NA,NA,NA,NA,NA
2023-2024,Henrico County,2032,Central Virginia,school,848,600,John Randolph Tucker High,41.732283464566926,NA,NA,NA,NA,NA,NA,NA,NA,NA
2023-2024,Henrico County,678,Central Virginia,school,439,130,John Rolfe Middle,64.74926253687315,NA,NA,NA,NA,NA,NA,NA,NA,NA
2023-2024,Henrico County,769,Central Virginia,school,413,250,L. Douglas Wilder Middle,53.70611183355006,NA,NA,NA,NA,NA,NA,NA,NA,NA
2023-2024,Henrico County,454,Central Virginia,school,364,430,Laburnum Elementary,80.1762114537445,NA,NA,NA,NA,NA,NA,NA,NA,NA
2023-2024,Henrico County,414,Central Virginia,school,237,370,Lakeside Elementary,57.2463768115942,NA,NA,NA,NA,NA,NA,NA,NA,NA
2023-2024,Henrico County,475,Central Virginia,school,330,50,Longdale Elementary,69.47368421052632,NA,NA,NA,NA,NA,NA,NA,NA,NA
2023-2024,Henrico County,544,Central Virginia,school,288,490,Maude Trevvett Elementary,52.94117647058824,NA,NA,NA,NA,NA,NA,NA,NA,NA
2023-2024,Henrico County,662,Central Virginia,school,260,540,Maybeury Elementary,39.274924471299094,NA,NA,NA,NA,NA,NA,NA,NA,NA
2023-2024,Henrico County,1740,Central Virginia,school,372,140,Mills E. Godwin High,21.379310344827587,NA,NA,NA,NA,NA,NA,NA,NA,NA
2023-2024,Henrico County,309,Central Virginia,school,224,210,Montrose Elementary,72.49190938511327,NA,NA,NA,NA,NA,NA,NA,NA,NA
2023-2024,Henrico County,607,Central Virginia,school,69,270,Nuckols Farm Elementary,11.367380560131796,NA,NA,NA,NA,NA,NA,NA,NA,NA
2023-2024,Henrico County,370,Central Virginia,school,87,440,Pemberton Elementary,23.513513513513516,NA,NA,NA,NA,NA,NA,NA,NA,NA
2023-2024,Henrico County,539,Central Virginia,school,247,570,Pinchbeck Elementary,45.82560296846011,NA,NA,NA,NA,NA,NA,NA,NA,NA
2023-2024,Henrico County,834,Central Virginia,school,181,280,Pocahontas Middle,21.70263788968825,NA,NA,NA,NA,NA,NA,NA,NA,NA
2023-2024,Henrico County,1013,Central Virginia,school,448,690,Quioccasin Middle,44.22507403751234,NA,NA,NA,NA,NA,NA,NA,NA,NA
2023-2024,Henrico County,487,Central Virginia,school,281,630,R.C. Longan Elementary,57.70020533880903,NA,NA,NA,NA,NA,NA,NA,NA,NA
2023-2024,Henrico County,485,Central Virginia,school,278,90,Ridge Elementary,57.319587628865975,NA,NA,NA,NA,NA,NA,NA,NA,NA
2023-2024,Henrico County,725,Central Virginia,school,50,240,Rivers Edge Elementary,6.896551724137931,NA,NA,NA,NA,NA,NA,NA,NA,NA
2023-2024,Henrico County,475,Central Virginia,school,202,650,Ruby F. Carver Elementary,42.526315789473685,NA,NA,NA,NA,NA,NA,NA,NA,NA
2023-2024,Henrico County,185,Central Virginia,school,123,220,Sandston Elementary,66.48648648648648,NA,NA,NA,NA,NA,NA,NA,NA,NA
2023-2024,Henrico County,425,Central Virginia,school,263,550,Seven Pines Elementary,61.882352941176464,NA,NA,NA,NA,NA,NA,NA,NA,NA
2023-2024,Henrico County,595,Central Virginia,school,59,710,Shady Grove Elementary,9.915966386554622,NA,NA,NA,NA,NA,NA,NA,NA,NA
2023-2024,Henrico County,541,Central Virginia,school,87,60,Short Pump Elementary,16.081330868761555,NA,NA,NA,NA,NA,NA,NA,NA,NA
2023-2024,Henrico County,1082,Central Virginia,school,142,80,Short Pump Middle,13.123844731977819,NA,NA,NA,NA,NA,NA,NA,NA,NA
2023-2024,Henrico County,565,Central Virginia,school,283,480,Skipwith Elementary,50.08849557522124,NA,NA,NA,NA,NA,NA,NA,NA,NA
2023-2024,Henrico County,645,Central Virginia,school,248,230,Springfield Park Elementary,38.44961240310077,NA,NA,NA,NA,NA,NA,NA,NA,NA
2023-2024,Henrico County,299,Central Virginia,school,114,10,Three Chopt Elementary,38.12709030100335,NA,NA,NA,NA,NA,NA,NA,NA,NA
2023-2024,Henrico County,642,Central Virginia,school,58,360,Tuckahoe Elementary,9.034267912772584,NA,NA,NA,NA,NA,NA,NA,NA,NA
2023-2024,Henrico County,1057,Central Virginia,school,354,520,Tuckahoe Middle,33.49101229895932,NA,NA,NA,NA,NA,NA,NA,NA,NA
2023-2024,Henrico County,538,Central Virginia,school,77,310,Twin Hickory Elementary,14.312267657992564,NA,NA,NA,NA,NA,NA,NA,NA,NA
2023-2024,Henrico County,261,Central Virginia,school,131,290,Varina Elementary,50.191570881226056,NA,NA,NA,NA,NA,NA,NA,NA,NA
2023-2024,Henrico County,1411,Central Virginia,school,791,580,Varina High,56.059532246633594,NA,NA,NA,NA,NA,NA,NA,NA,NA
2023-2024,Henry County,358,Western Virginia,school,259,361,Axton Elementary,72.3463687150838,NA,NA,NA,NA,NA,NA,NA,NA,NA
2023-2024,Henry County,1140,Western Virginia,school,788,10,Bassett High,69.12280701754386,NA,NA,NA,NA,NA,NA,NA,NA,NA
2023-2024,Henry County,265,Western Virginia,school,226,590,Campbell Court Elementary,85.28301886792453,NA,NA,NA,NA,NA,NA,NA,NA,NA
2023-2024,Henry County,386,Western Virginia,school,272,530,Drewry Mason Elementary,70.46632124352331,NA,NA,NA,NA,NA,NA,NA,NA,NA
2023-2024,Henry County,762,Western Virginia,school,568,620,Fieldale-Collinsville Middle,74.54068241469817,NA,NA,NA,NA,NA,NA,NA,NA,NA
2023-2024,Henry County,451,Western Virginia,school,340,480,G.W. Carver Elementary,75.3880266075388,NA,NA,NA,NA,NA,NA,NA,NA,NA
2023-2024,Henry County,743,Western Virginia,school,494,670,Laurel Park Middle,66.48721399730822,NA,NA,NA,NA,NA,NA,NA,NA,NA
2023-2024,Henry County,1131,Western Virginia,school,684,20,Magna Vista High,60.47745358090185,NA,NA,NA,NA,NA,NA,NA,NA,NA
2023-2024,Henry County,647,Western Virginia,school,465,661,Meadow View Elementary,71.87017001545595,NA,NA,NA,NA,NA,NA,NA,NA,NA
2023-2024,Henry County,263,Western Virginia,school,180,872,Mount Olivet Elementary,68.44106463878326,NA,NA,NA,NA,NA,NA,NA,NA,NA
2023-2024,Henry County,270,Western Virginia,school,213,740,Rich Acres Elementary,78.88888888888889,NA,NA,NA,NA,NA,NA,NA,NA,NA
2023-2024,Henry County,248,Western Virginia,school,183,220,Sanville Elementary,73.79032258064517,NA,NA,NA,NA,NA,NA,NA,NA,NA
2023-2024,Henry County,274,Western Virginia,school,197,760,Stanleytown Elementary,71.8978102189781,NA,NA,NA,NA,NA,NA,NA,NA,NA
2023-2024,Highland County,112,Valley,school,53,110,Highland Elementary,47.32142857142857,NA,NA,NA,NA,NA,NA,NA,NA,NA
2023-2024,Highland County,100,Valley,school,39,220,Highland High,39,NA,NA,NA,NA,NA,NA,NA,NA,NA
2023-2024,Hopewell City,818,Central Virginia,school,732,110,Carter G. Woodson Middle,89.48655256723717,NA,NA,NA,NA,NA,NA,NA,NA,NA
2023-2024,Hopewell City,574,Central Virginia,school,495,40,Dupont Elementary,86.23693379790942,NA,NA,NA,NA,NA,NA,NA,NA,NA
2023-2024,Hopewell City,501,Central Virginia,school,423,140,Harry E. James Elementary,84.4311377245509,NA,NA,NA,NA,NA,NA,NA,NA,NA
2023-2024,Hopewell City,1148,Central Virginia,school,NA,120,Hopewell High,NA,NA,NA,NA,NA,NA,NA,NA,NA,NA
2023-2024,Hopewell City,596,Central Virginia,school,518,70,Patrick Copeland Elementary,86.91275167785236,NA,NA,NA,NA,NA,NA,NA,NA,NA
2023-2024,Hopewell City,309,Central Virginia,school,176,151,Woodlawn Pre-School Learning Center,56.957928802588995,NA,NA,NA,NA,NA,NA,NA,NA,NA
2023-2024,Isle of Wight County,567,Tidewater,school,193,421,Carrollton Elementary,34.038800705467374,NA,NA,NA,NA,NA,NA,NA,NA,NA
2023-2024,Isle of Wight County,234,Tidewater,school,86,280,Carrsville Elementary,36.75213675213676,NA,NA,NA,NA,NA,NA,NA,NA,NA
2023-2024,Isle of Wight County,373,Tidewater,school,124,422,Georgie D. Tyler Middle,33.24396782841823,NA,NA,NA,NA,NA,NA,NA,NA,NA
2023-2024,Isle of Wight County,632,Tidewater,school,239,320,Hardy Elementary,37.81645569620253,NA,NA,NA,NA,NA,NA,NA,NA,NA
2023-2024,Isle of Wight County,1315,Tidewater,school,427,40,Smithfield High,32.471482889733835,NA,NA,NA,NA,NA,NA,NA,NA,NA
2023-2024,Isle of Wight County,601,Tidewater,school,186,50,Smithfield Middle,30.948419301164726,NA,NA,NA,NA,NA,NA,NA,NA,NA
2023-2024,Isle of Wight County,739,Tidewater,school,220,424,Westside Elementary,29.76995940460081,NA,NA,NA,NA,NA,NA,NA,NA,NA
2023-2024,Isle of Wight County,606,Tidewater,school,232,240,Windsor Elementary,38.28382838283829,NA,NA,NA,NA,NA,NA,NA,NA,NA
2023-2024,Isle of Wight County,527,Tidewater,school,193,250,Windsor High,36.62239089184061,NA,NA,NA,NA,NA,NA,NA,NA,NA
2023-2024,King George County,733,Northern Neck,school,345,100,King George Elementary,47.0668485675307,NA,NA,NA,NA,NA,NA,NA,NA,NA
2023-2024,King George County,1494,Northern Neck,school,528,120,King George High,35.34136546184739,NA,NA,NA,NA,NA,NA,NA,NA,NA
2023-2024,King George County,1057,Northern Neck,school,406,10,King George Middle,38.41059602649007,NA,NA,NA,NA,NA,NA,NA,NA,NA
2023-2024,King George County,546,Northern Neck,school,193,50,Potomac Elementary,35.34798534798535,NA,NA,NA,NA,NA,NA,NA,NA,NA
2023-2024,King George County,714,Northern Neck,school,260,221,Sealston Elementary,36.41456582633053,NA,NA,NA,NA,NA,NA,NA,NA,NA
2023-2024,King William County,450,Northern Neck,school,203,180,Acquinton Elementary,45.111111111111114,NA,NA,NA,NA,NA,NA,NA,NA,NA
2023-2024,King William County,515,Northern Neck,school,235,190,Cool Spring Primary,45.63106796116505,NA,NA,NA,NA,NA,NA,NA,NA,NA
2023-2024,King William County,463,Northern Neck,school,203,160,Hamilton Holmes Middle,43.84449244060475,NA,NA,NA,NA,NA,NA,NA,NA,NA
2023-2024,King William County,678,Northern Neck,school,257,130,King William High,37.905604719764014,NA,NA,NA,NA,NA,NA,NA,NA,NA
2023-2024,King and Queen County,271,Northern Neck,school,150,280,Central High,55.35055350553506,NA,NA,NA,NA,NA,NA,NA,NA,NA
2023-2024,King and Queen County,281,Northern Neck,school,141,200,King & Queen Elementary,50.177935943060504,NA,NA,NA,NA,NA,NA,NA,NA,NA
2023-2024,King and Queen County,303,Northern Neck,school,161,290,Lawson-Marriott Elementary,53.135313531353134,NA,NA,NA,NA,NA,NA,NA,NA,NA
2023-2024,Lancaster County,71,Northern Neck,school,26,310,Lancaster Early Childhood Education Center,36.61971830985916,NA,NA,NA,NA,NA,NA,NA,NA,NA
2023-2024,Lancaster County,541,Northern Neck,school,352,110,Lancaster Elementary School,65.06469500924214,NA,NA,NA,NA,NA,NA,NA,NA,NA
2023-2024,Lancaster County,408,Northern Neck,school,247,10,Lancaster High,60.5392156862745,NA,NA,NA,NA,NA,NA,NA,NA,NA
2023-2024,Lee County,255,Southwest,school,151,160,Dryden Elementary,59.21568627450981,NA,NA,NA,NA,NA,NA,NA,NA,NA
2023-2024,Lee County,308,Southwest,school,161,330,Elk Knob Elementary,52.27272727272727,NA,NA,NA,NA,NA,NA,NA,NA,NA
2023-2024,Lee County,137,Southwest,school,85,820,Elydale Middle,62.04379562043796,NA,NA,NA,NA,NA,NA,NA,NA,NA
2023-2024,Lee County,333,Southwest,school,177,630,Flatwoods Elementary,53.153153153153156,NA,NA,NA,NA,NA,NA,NA,NA,NA
2023-2024,Lee County,238,Southwest,school,128,470,Jonesville Middle,53.78151260504202,NA,NA,NA,NA,NA,NA,NA,NA,NA
2023-2024,Lee County,777,Southwest,school,468,300,Lee High,60.231660231660236,NA,NA,NA,NA,NA,NA,NA,NA,NA
2023-2024,Lee County,287,Southwest,school,210,290,Pennington Middle,73.17073170731707,NA,NA,NA,NA,NA,NA,NA,NA,NA
2023-2024,Lee County,242,Southwest,school,149,670,Rose Hill Elementary,61.57024793388429,NA,NA,NA,NA,NA,NA,NA,NA,NA
2023-2024,Lee County,111,Southwest,school,63,200,St. Charles Elementary,56.75675675675676,NA,NA,NA,NA,NA,NA,NA,NA,NA
2023-2024,Lee County,283,Southwest,school,153,880,Thomas Walker High,54.06360424028268,NA,NA,NA,NA,NA,NA,NA,NA,NA
2023-2024,Lexington City,328,Valley,school,110,1390,Harrington Waddell Elementary,33.53658536585366,NA,NA,NA,NA,NA,NA,NA,NA,NA
2023-2024,Lexington City,181,Valley,school,53,1440,Lylburn Downing Middle,29.2817679558011,NA,NA,NA,NA,NA,NA,NA,NA,NA
2023-2024,Lexington City,2,Valley,school,NA,22,Rockbridge County High,NA,NA,NA,NA,NA,NA,NA,NA,NA,NA
2023-2024,Loudoun County,94,Northern Virginia,school,18,510,Aldie Elementary,19.148936170212767,NA,NA,NA,NA,NA,NA,NA,NA,NA
2023-2024,Loudoun County,446,Northern Virginia,school,90,150,Algonkian Elementary,20.179372197309416,NA,NA,NA,NA,NA,NA,NA,NA,NA
2023-2024,Loudoun County,795,Northern Virginia,school,159,610,Arcola Elementary,20,NA,NA,NA,NA,NA,NA,NA,NA,NA
2023-2024,Loudoun County,524,Northern Virginia,school,125,170,Ashburn Elementary,23.85496183206107,NA,NA,NA,NA,NA,NA,NA,NA,NA
2023-2024,Loudoun County,467,Northern Virginia,school,146,220,Ball's Bluff Elementary,31.263383297644538,NA,NA,NA,NA,NA,NA,NA,NA,NA
2023-2024,Loudoun County,144,Northern Virginia,school,59,650,Banneker Elementary,40.97222222222222,NA,NA,NA,NA,NA,NA,NA,NA,NA
2023-2024,Loudoun County,1074,Northern Virginia,school,209,940,Belmont Ridge Middle,19.45996275605214,NA,NA,NA,NA,NA,NA,NA,NA,NA
2023-2024,Loudoun County,645,Northern Virginia,school,113,300,Belmont Station Elementary,17.519379844961243,NA,NA,NA,NA,NA,NA,NA,NA,NA
2023-2024,Loudoun County,736,Northern Virginia,school,117,790,Blue Ridge Middle,15.896739130434783,NA,NA,NA,NA,NA,NA,NA,NA,NA
2023-2024,Loudoun County,1686,Northern Virginia,school,154,1120,Brambleton Middle,9.134045077105576,NA,NA,NA,NA,NA,NA,NA,NA,NA
2023-2024,Loudoun County,1765,Northern Virginia,school,214,420,Briar Woods High,12.124645892351275,NA,NA,NA,NA,NA,NA,NA,NA,NA
2023-2024,Loudoun County,1590,Northern Virginia,school,429,740,Broad Run High,26.9811320754717,NA,NA,NA,NA,NA,NA,NA,NA,NA
2023-2024,Loudoun County,810,Northern Virginia,school,96,450,Buffalo Trail Elementary,11.851851851851853,NA,NA,NA,NA,NA,NA,NA,NA,NA
2023-2024,Loudoun County,877,Northern Virginia,school,144,460,Cardinal Ridge Elementary,16.419612314709237,NA,NA,NA,NA,NA,NA,NA,NA,NA
2023-2024,Loudoun County,590,Northern Virginia,school,144,710,Catoctin Elementary,24.40677966101695,NA,NA,NA,NA,NA,NA,NA,NA,NA
2023-2024,Loudoun County,698,Northern Virginia,school,159,840,Cedar Lane Elementary,22.77936962750716,NA,NA,NA,NA,NA,NA,NA,NA,NA
2023-2024,Loudoun County,601,Northern Virginia,school,285,160,Cool Spring Elementary,47.42096505823628,NA,NA,NA,NA,NA,NA,NA,NA,NA
2023-2024,Loudoun County,641,Northern Virginia,school,289,890,Countryside Elementary,45.08580343213728,NA,NA,NA,NA,NA,NA,NA,NA,NA
2023-2024,Loudoun County,833,Northern Virginia,school,157,540,Creighton's Corner Elementary,18.847539015606245,NA,NA,NA,NA,NA,NA,NA,NA,NA
2023-2024,Loudoun County,692,Northern Virginia,school,213,1000,Discovery Elementary,30.78034682080925,NA,NA,NA,NA,NA,NA,NA,NA,NA
2023-2024,Loudoun County,1484,Northern Virginia,school,685,31,Dominion High,46.15902964959569,NA,NA,NA,NA,NA,NA,NA,NA,NA
2023-2024,Loudoun County,577,Northern Virginia,school,250,470,Dominion Trail Elementary,43.327556325823224,NA,NA,NA,NA,NA,NA,NA,NA,NA
2023-2024,Loudoun County,1279,Northern Virginia,school,140,880,Eagle Ridge Middle,10.946051602814698,NA,NA,NA,NA,NA,NA,NA,NA,NA
2023-2024,Loudoun County,1018,Northern Virginia,school,111,1151,Elaine E. Thompson Elementary,10.903732809430256,NA,NA,NA,NA,NA,NA,NA,NA,NA
2023-2024,Loudoun County,420,Northern Virginia,school,49,730,Emerick Elementary,11.666666666666666,NA,NA,NA,NA,NA,NA,NA,NA,NA
2023-2024,Loudoun County,571,Northern Virginia,school,172,190,Evergreen Mill Elementary,30.122591943957964,NA,NA,NA,NA,NA,NA,NA,NA,NA
2023-2024,Loudoun County,984,Northern Virginia,school,302,210,Farmwell Station Middle,30.691056910569102,NA,NA,NA,NA,NA,NA,NA,NA,NA
2023-2024,Loudoun County,537,Northern Virginia,school,357,970,Forest Grove Elementary,66.4804469273743,NA,NA,NA,NA,NA,NA,NA,NA,NA
2023-2024,Loudoun County,641,Northern Virginia,school,302,91,Frances Hazel Reid Elementary,47.113884555382214,NA,NA,NA,NA,NA,NA,NA,NA,NA
2023-2024,Loudoun County,564,Northern Virginia,school,295,530,Frederick Douglass Elementary,52.304964539007095,NA,NA,NA,NA,NA,NA,NA,NA,NA
2023-2024,Loudoun County,1971,Northern Virginia,school,297,120,Freedom High,15.068493150684931,NA,NA,NA,NA,NA,NA,NA,NA,NA
2023-2024,Loudoun County,976,Northern Virginia,school,74,371,Goshen Post Elementary,7.581967213114754,NA,NA,NA,NA,NA,NA,NA,NA,NA
2023-2024,Loudoun County,538,Northern Virginia,school,423,720,Guilford Elementary,78.62453531598513,NA,NA,NA,NA,NA,NA,NA,NA,NA
2023-2024,Loudoun County,168,Northern Virginia,school,19,230,Hamilton Elementary,11.30952380952381,NA,NA,NA,NA,NA,NA,NA,NA,NA
2023-2024,Loudoun County,1140,Northern Virginia,school,135,921,Harmony Middle,11.842105263157894,NA,NA,NA,NA,NA,NA,NA,NA,NA
2023-2024,Loudoun County,881,Northern Virginia,school,277,520,Harper Park Middle,31.441543700340524,NA,NA,NA,NA,NA,NA,NA,NA,NA
2023-2024,Loudoun County,1541,Northern Virginia,school,512,900,Heritage High,33.225178455548345,NA,NA,NA,NA,NA,NA,NA,NA,NA
2023-2024,Loudoun County,144,Northern Virginia,school,NA,111,Hillsboro Charter Academy,NA,NA,NA,NA,NA,NA,NA,NA,NA,NA
2023-2024,Loudoun County,685,Northern Virginia,school,103,400,Hillside Elementary,15.036496350364963,NA,NA,NA,NA,NA,NA,NA,NA,NA
2023-2024,Loudoun County,480,Northern Virginia,school,113,820,Horizon Elementary,23.541666666666668,NA,NA,NA,NA,NA,NA,NA,NA,NA
2023-2024,Loudoun County,961,Northern Virginia,school,48,1131,Hovatter Elementary,4.994797086368366,NA,NA,NA,NA,NA,NA,NA,NA,NA
2023-2024,Loudoun County,715,Northern Virginia,school,211,960,Hutchison Farm Elementary,29.510489510489514,NA,NA,NA,NA,NA,NA,NA,NA,NA
2023-2024,Loudoun County,2080,Northern Virginia,school,192,1110,Independence High,9.230769230769232,NA,NA,NA,NA,NA,NA,NA,NA,NA
2023-2024,Loudoun County,874,Northern Virginia,school,240,20,J. Lupton Simpson Middle,27.45995423340961,NA,NA,NA,NA,NA,NA,NA,NA,NA
2023-2024,Loudoun County,1236,Northern Virginia,school,203,580,J. Michael Lunsford Middle,16.423948220064723,NA,NA,NA,NA,NA,NA,NA,NA,NA
2023-2024,Loudoun County,1744,Northern Virginia,school,339,370,John Champe High,19.43807339449541,NA,NA,NA,NA,NA,NA,NA,NA,NA
2023-2024,Loudoun County,615,Northern Virginia,school,159,950,John W. Tolbert Jr. Elementary,25.853658536585368,NA,NA,NA,NA,NA,NA,NA,NA,NA
2023-2024,Loudoun County,403,Northern Virginia,school,38,600,Kenneth W.Culbert Elementary,9.429280397022332,NA,NA,NA,NA,NA,NA,NA,NA,NA
2023-2024,Loudoun County,423,Northern Virginia,school,192,80,Leesburg Elementary,45.39007092198582,NA,NA,NA,NA,NA,NA,NA,NA,NA
2023-2024,Loudoun County,636,Northern Virginia,school,72,430,Legacy Elementary,11.320754716981133,NA,NA,NA,NA,NA,NA,NA,NA,NA
2023-2024,Loudoun County,871,Northern Virginia,school,148,560,Liberty Elementary,16.991963260619976,NA,NA,NA,NA,NA,NA,NA,NA,NA
2023-2024,Loudoun County,1927,Northern Virginia,school,189,1130,Lightridge High,9.807991696938247,NA,NA,NA,NA,NA,NA,NA,NA,NA
2023-2024,Loudoun County,92,Northern Virginia,school,NA,290,Lincoln Elementary,NA,NA,NA,NA,NA,NA,NA,NA,NA,NA
2023-2024,Loudoun County,709,Northern Virginia,school,86,860,Little River Elementary,12.129760225669958,NA,NA,NA,NA,NA,NA,NA,NA,NA
2023-2024,Loudoun County,1409,Northern Virginia,school,323,660,Loudoun County High,22.924059616749467,NA,NA,NA,NA,NA,NA,NA,NA,NA
2023-2024,Loudoun County,1179,Northern Virginia,school,189,680,Loudoun Valley High,16.030534351145036,NA,NA,NA,NA,NA,NA,NA,NA,NA
2023-2024,Loudoun County,509,Northern Virginia,school,77,780,Lovettsville Elementary,15.12770137524558,NA,NA,NA,NA,NA,NA,NA,NA,NA
2023-2024,Loudoun County,541,Northern Virginia,school,106,500,Lowes Island Elementary,19.593345656192238,NA,NA,NA,NA,NA,NA,NA,NA,NA
2023-2024,Loudoun County,260,Northern Virginia,school,69,130,Lucketts Elementary,26.53846153846154,NA,NA,NA,NA,NA,NA,NA,NA,NA
2023-2024,Loudoun County,874,Northern Virginia,school,75,1030,Madison's Trust Elementary,8.581235697940503,NA,NA,NA,NA,NA,NA,NA,NA,NA
2023-2024,Loudoun County,458,Northern Virginia,school,243,70,Meadowland Elementary,53.05676855895196,NA,NA,NA,NA,NA,NA,NA,NA,NA
2023-2024,Loudoun County,1444,Northern Virginia,school,269,320,Mercer Middle,18.628808864265928,NA,NA,NA,NA,NA,NA,NA,NA,NA
2023-2024,Loudoun County,137,Northern Virginia,school,NA,1200,Middleburg Community Charter,NA,NA,NA,NA,NA,NA,NA,NA,NA,NA
2023-2024,Loudoun County,648,Northern Virginia,school,44,910,Mill Run Elementary,6.790123456790123,NA,NA,NA,NA,NA,NA,NA,NA,NA
2023-2024,Loudoun County,951,Northern Virginia,school,191,380,Moorefield Station Elementary,20.084121976866456,NA,NA,NA,NA,NA,NA,NA,NA,NA
2023-2024,Loudoun County,664,Northern Virginia,school,100,980,Mountain View Elementary,15.060240963855422,NA,NA,NA,NA,NA,NA,NA,NA,NA
2023-2024,Loudoun County,579,Northern Virginia,school,126,270,Newton-Lee Elementary,21.761658031088082,NA,NA,NA,NA,NA,NA,NA,NA,NA
2023-2024,Loudoun County,1443,Northern Virginia,school,966,60,Park View High,66.94386694386695,NA,NA,NA,NA,NA,NA,NA,NA,NA
2023-2024,Loudoun County,849,Northern Virginia,school,128,340,Pinebrook Elementary,15.076560659599528,NA,NA,NA,NA,NA,NA,NA,NA,NA
2023-2024,Loudoun County,1686,Northern Virginia,school,592,140,Potomac Falls High,35.11269276393831,NA,NA,NA,NA,NA,NA,NA,NA,NA
2023-2024,Loudoun County,582,Northern Virginia,school,334,250,Potowmack Elementary,57.388316151202744,NA,NA,NA,NA,NA,NA,NA,NA,NA
2023-2024,Loudoun County,1201,Northern Virginia,school,474,930,River Bend Middle,39.467110741049126,NA,NA,NA,NA,NA,NA,NA,NA,NA
2023-2024,Loudoun County,1755,Northern Virginia,school,304,1050,Riverside High,17.321937321937323,NA,NA,NA,NA,NA,NA,NA,NA,NA
2023-2024,Loudoun County,1537,Northern Virginia,school,303,1060,Rock Ridge High,19.71372804163956,NA,NA,NA,NA,NA,NA,NA,NA,NA
2023-2024,Loudoun County,580,Northern Virginia,school,390,40,Rolling Ridge Elementary,67.24137931034483,NA,NA,NA,NA,NA,NA,NA,NA,NA
2023-2024,Loudoun County,801,Northern Virginia,school,99,550,Rosa Lee Carter Elementary,12.359550561797752,NA,NA,NA,NA,NA,NA,NA,NA,NA
2023-2024,Loudoun County,578,Northern Virginia,school,64,180,Round Hill Elementary,11.072664359861593,NA,NA,NA,NA,NA,NA,NA,NA,NA
2023-2024,Loudoun County,459,Northern Virginia,school,105,240,Sanders Corner Elementary,22.875816993464053,NA,NA,NA,NA,NA,NA,NA,NA,NA
2023-2024,Loudoun County,527,Northern Virginia,school,77,870,Seldens Landing Elementary,14.61100569259962,NA,NA,NA,NA,NA,NA,NA,NA,NA
2023-2024,Loudoun County,868,Northern Virginia,school,374,30,Seneca Ridge Middle,43.08755760368664,NA,NA,NA,NA,NA,NA,NA,NA,NA
2023-2024,Loudoun County,869,Northern Virginia,school,303,90,Smart's Mill Middle,34.86766398158803,NA,NA,NA,NA,NA,NA,NA,NA,NA
2023-2024,Loudoun County,418,Northern Virginia,school,266,690,Sterling Elementary,63.63636363636363,NA,NA,NA,NA,NA,NA,NA,NA,NA
2023-2024,Loudoun County,947,Northern Virginia,school,653,760,Sterling Middle,68.95459345300951,NA,NA,NA,NA,NA,NA,NA,NA,NA
2023-2024,Loudoun County,688,Northern Virginia,school,245,350,Steuart W. Weller Elementary,35.61046511627907,NA,NA,NA,NA,NA,NA,NA,NA,NA
2023-2024,Loudoun County,1703,Northern Virginia,school,278,850,Stone Bridge High,16.32413388138579,NA,NA,NA,NA,NA,NA,NA,NA,NA
2023-2024,Loudoun County,1163,Northern Virginia,school,202,570,Stone Hill Middle,17.368873602751506,NA,NA,NA,NA,NA,NA,NA,NA,NA
2023-2024,Loudoun County,472,Northern Virginia,school,346,10,Sugarland Elementary,73.30508474576271,NA,NA,NA,NA,NA,NA,NA,NA,NA
2023-2024,Loudoun County,469,Northern Virginia,school,359,750,Sully Elementary,76.54584221748401,NA,NA,NA,NA,NA,NA,NA,NA,NA
2023-2024,Loudoun County,456,Northern Virginia,school,50,280,Sycolin Creek Elementary,10.964912280701753,NA,NA,NA,NA,NA,NA,NA,NA,NA
2023-2024,Loudoun County,1160,Northern Virginia,school,210,1040,Trailside Middle,18.103448275862068,NA,NA,NA,NA,NA,NA,NA,NA,NA
2023-2024,Loudoun County,1442,Northern Virginia,school,519,200,Tuscarora High,35.99167822468793,NA,NA,NA,NA,NA,NA,NA,NA,NA
2023-2024,Loudoun County,51,Northern Virginia,school,43,532,W.O. Robey High,84.31372549019608,NA,NA,NA,NA,NA,NA,NA,NA,NA
2023-2024,Loudoun County,238,Northern Virginia,school,19,700,Waterford Elementary,7.9831932773109235,NA,NA,NA,NA,NA,NA,NA,NA,NA
2023-2024,Loudoun County,665,Northern Virginia,school,75,1140,Waxpool Elementary,11.278195488721805,NA,NA,NA,NA,NA,NA,NA,NA,NA
2023-2024,Loudoun County,1626,Northern Virginia,school,141,360,Willard Middle,8.671586715867159,NA,NA,NA,NA,NA,NA,NA,NA,NA
2023-2024,Loudoun County,1549,Northern Virginia,school,211,590,Woodgrove High,13.621691413815364,NA,NA,NA,NA,NA,NA,NA,NA,NA
2023-2024,Louisa County,644,Valley,school,305,660,Jouett Elementary,47.36024844720497,NA,NA,NA,NA,NA,NA,NA,NA,NA
2023-2024,Louisa County,1617,Valley,school,664,602,Louisa County High,41.06369820655535,NA,NA,NA,NA,NA,NA,NA,NA,NA
2023-2024,Louisa County,1168,Valley,school,512,601,Louisa County Middle,43.83561643835616,NA,NA,NA,NA,NA,NA,NA,NA,NA
2023-2024,Louisa County,589,Valley,school,193,80,Moss-Nuckols Elementary,32.76740237691001,NA,NA,NA,NA,NA,NA,NA,NA,NA
2023-2024,Louisa County,648,Valley,school,351,610,Thomas Jefferson Elementary,54.166666666666664,NA,NA,NA,NA,NA,NA,NA,NA,NA
2023-2024,Louisa County,545,Valley,school,251,641,Trevilians Elementary,46.055045871559635,NA,NA,NA,NA,NA,NA,NA,NA,NA
2023-2024,Lunenburg County,490,Southside,school,269,560,Central High,54.89795918367347,NA,NA,NA,NA,NA,NA,NA,NA,NA
2023-2024,Lunenburg County,359,Southside,school,233,240,Kenbridge Elementary,64.9025069637883,NA,NA,NA,NA,NA,NA,NA,NA,NA
2023-2024,Lunenburg County,333,Southside,school,201,171,Lunenburg Middle,60.36036036036037,NA,NA,NA,NA,NA,NA,NA,NA,NA
2023-2024,Lunenburg County,400,Southside,school,276,140,Victoria Elementary,69,NA,NA,NA,NA,NA,NA,NA,NA,NA
2023-2024,Lynchburg City,421,Valley,school,224,290,Bedford Hills Elementary,53.20665083135392,NA,NA,NA,NA,NA,NA,NA,NA,NA
2023-2024,Lynchburg City,185,Valley,school,161,70,Dearington Elementary/Innovation,87.02702702702703,NA,NA,NA,NA,NA,NA,NA,NA,NA
2023-2024,Lynchburg City,1257,Valley,school,678,260,E.C. Glass High,53.93794749403341,NA,NA,NA,NA,NA,NA,NA,NA,NA
2023-2024,Lynchburg City,467,Valley,school,333,1102,Heritage Elementary,71.30620985010707,NA,NA,NA,NA,NA,NA,NA,NA,NA
2023-2024,Lynchburg City,1080,Valley,school,718,130,Heritage High,66.48148148148148,NA,NA,NA,NA,NA,NA,NA,NA,NA
2023-2024,Lynchburg City,381,Valley,school,289,360,Linkhorne Elementary,75.8530183727034,NA,NA,NA,NA,NA,NA,NA,NA,NA
2023-2024,Lynchburg City,566,Valley,school,361,350,Linkhorne Middle,63.78091872791519,NA,NA,NA,NA,NA,NA,NA,NA,NA
2023-2024,Lynchburg City,533,Valley,school,326,170,Paul Laurence Dunbar Middle for Innovation,61.16322701688556,NA,NA,NA,NA,NA,NA,NA,NA,NA
2023-2024,Lynchburg City,349,Valley,school,149,330,Paul Munro Elementary,42.693409742120345,NA,NA,NA,NA,NA,NA,NA,NA,NA
2023-2024,Lynchburg City,360,Valley,school,263,270,Perrymont Elementary,73.05555555555556,NA,NA,NA,NA,NA,NA,NA,NA,NA
2023-2024,Lynchburg City,472,Valley,school,356,190,Robert S. Payne Elementary,75.42372881355932,NA,NA,NA,NA,NA,NA,NA,NA,NA
2023-2024,Lynchburg City,345,Valley,school,214,370,Sandusky Elementary,62.02898550724638,NA,NA,NA,NA,NA,NA,NA,NA,NA
2023-2024,Lynchburg City,543,Valley,school,406,340,Sandusky Middle,74.76979742173113,NA,NA,NA,NA,NA,NA,NA,NA,NA
2023-2024,Lynchburg City,442,Valley,school,329,300,Sheffield Elementary,74.43438914027149,NA,NA,NA,NA,NA,NA,NA,NA,NA
2023-2024,Lynchburg City,194,Valley,school,120,90,T.C. Miller Elementary School for Innovation,61.855670103092784,NA,NA,NA,NA,NA,NA,NA,NA,NA
2023-2024,Lynchburg City,200,Valley,school,156,250,William M. Bass Elementary,78,NA,NA,NA,NA,NA,NA,NA,NA,NA
2023-2024,Madison County,539,Northern Virginia,school,217,221,Madison County High,40.25974025974026,NA,NA,NA,NA,NA,NA,NA,NA,NA
2023-2024,Madison County,381,Northern Virginia,school,194,230,Madison Primary,50.91863517060368,NA,NA,NA,NA,NA,NA,NA,NA,NA
2023-2024,Madison County,346,Northern Virginia,school,161,200,Waverly Yowell Elementary,46.53179190751445,NA,NA,NA,NA,NA,NA,NA,NA,NA
2023-2024,Madison County,405,Northern Virginia,school,163,222,William H. Wetsel Middle,40.24691358024691,NA,NA,NA,NA,NA,NA,NA,NA,NA
2023-2024,Manassas City,687,Northern Virginia,school,321,470,Baldwin Elementary,46.724890829694324,NA,NA,NA,NA,NA,NA,NA,NA,NA
2023-2024,Manassas City,252,Northern Virginia,school,126,471,Baldwin Intermediate,50,NA,NA,NA,NA,NA,NA,NA,NA,NA
2023-2024,Manassas City,543,Northern Virginia,school,227,60,George Carr Round Elementary,41.804788213627994,NA,NA,NA,NA,NA,NA,NA,NA,NA
2023-2024,Manassas City,1076,Northern Virginia,school,497,70,Grace E. Metz Middle,46.18959107806692,NA,NA,NA,NA,NA,NA,NA,NA,NA
2023-2024,Manassas City,651,Northern Virginia,school,312,310,Jennie Dean Elementary,47.926267281105986,NA,NA,NA,NA,NA,NA,NA,NA,NA
2023-2024,Manassas City,861,Northern Virginia,school,433,80,Mayfield Intermediate,50.29036004645761,NA,NA,NA,NA,NA,NA,NA,NA,NA
2023-2024,Manassas City,2335,Northern Virginia,school,NA,370,Osbourn High,NA,NA,NA,NA,NA,NA,NA,NA,NA,NA
2023-2024,Manassas City,654,Northern Virginia,school,284,20,Richard C. Haydon Elementary,43.425076452599384,NA,NA,NA,NA,NA,NA,NA,NA,NA
2023-2024,Manassas City,617,Northern Virginia,school,266,10,Weems Elementary,43.11183144246353,NA,NA,NA,NA,NA,NA,NA,NA,NA
2023-2024,Manassas Park City,828,Northern Virginia,school,477,522,Cougar Elementary,57.608695652173914,NA,NA,NA,NA,NA,NA,NA,NA,NA
2023-2024,Manassas Park City,695,Northern Virginia,school,353,420,Manassas Park Elementary,50.79136690647482,NA,NA,NA,NA,NA,NA,NA,NA,NA
2023-2024,Manassas Park City,1128,Northern Virginia,school,542,30,Manassas Park High,48.04964539007092,NA,NA,NA,NA,NA,NA,NA,NA,NA
2023-2024,Manassas Park City,759,Northern Virginia,school,399,31,Manassas Park Middle,52.569169960474305,NA,NA,NA,NA,NA,NA,NA,NA,NA
2023-2024,Martinsville City,402,Western Virginia,school,324,222,Albert Harris Elementary,80.59701492537313,NA,NA,NA,NA,NA,NA,NA,NA,NA
2023-2024,Martinsville City,114,Western Virginia,school,69,224,Clearview Early Learning Center,60.526315789473685,NA,NA,NA,NA,NA,NA,NA,NA,NA
2023-2024,Martinsville City,558,Western Virginia,school,385,110,Martinsville High,68.99641577060932,NA,NA,NA,NA,NA,NA,NA,NA,NA
2023-2024,Martinsville City,389,Western Virginia,school,307,10,Martinsville Middle,78.9203084832905,NA,NA,NA,NA,NA,NA,NA,NA,NA
2023-2024,Martinsville City,344,Western Virginia,school,252,223,Patrick Henry Elementary,73.25581395348837,NA,NA,NA,NA,NA,NA,NA,NA,NA
2023-2024,Mathews County,298,Northern Neck,school,135,291,Mathews Elementary,45.302013422818796,NA,NA,NA,NA,NA,NA,NA,NA,NA
2023-2024,Mathews County,298,Northern Neck,school,94,190,Mathews High,31.543624161073826,NA,NA,NA,NA,NA,NA,NA,NA,NA
2023-2024,Mathews County,245,Northern Neck,school,100,100,Thomas Hunter Middle,40.816326530612244,NA,NA,NA,NA,NA,NA,NA,NA,NA
2023-2024,Mecklenburg County,409,Southside,school,303,910,Chase City Elementary,74.08312958435208,NA,NA,NA,NA,NA,NA,NA,NA,NA
2023-2024,Mecklenburg County,430,Southside,school,220,1000,Clarksville Elementary,51.162790697674424,NA,NA,NA,NA,NA,NA,NA,NA,NA
2023-2024,Mecklenburg County,366,Southside,school,366,1020,LaCrosse Elementary,100,NA,NA,NA,NA,NA,NA,NA,NA,NA
2023-2024,Mecklenburg County,1156,Southside,school,610,1041,Mecklenburg County High,52.7681660899654,NA,NA,NA,NA,NA,NA,NA,NA,NA
2023-2024,Mecklenburg County,816,Southside,school,503,1040,Mecklenburg County Middle,61.642156862745104,NA,NA,NA,NA,NA,NA,NA,NA,NA
2023-2024,Mecklenburg County,761,Southside,school,470,190,South Hill Elementary,61.76084099868594,NA,NA,NA,NA,NA,NA,NA,NA,NA
2023-2024,Middlesex County,600,Northern Neck,school,398,291,Middlesex Elementary,66.33333333333333,NA,NA,NA,NA,NA,NA,NA,NA,NA
2023-2024,Middlesex County,356,Northern Neck,school,226,90,Middlesex High,63.48314606741573,NA,NA,NA,NA,NA,NA,NA,NA,NA
2023-2024,Middlesex County,270,Northern Neck,school,181,140,St. Clare Walker Middle,67.03703703703704,NA,NA,NA,NA,NA,NA,NA,NA,NA
2023-2024,Montgomery County,561,Western Virginia,school,252,902,Auburn Elementary,44.919786096256686,NA,NA,NA,NA,NA,NA,NA,NA,NA
2023-2024,Montgomery County,390,Western Virginia,school,161,650,Auburn High,41.28205128205128,NA,NA,NA,NA,NA,NA,NA,NA,NA
2023-2024,Montgomery County,308,Western Virginia,school,132,903,Auburn Middle,42.857142857142854,NA,NA,NA,NA,NA,NA,NA,NA,NA
2023-2024,Montgomery County,237,Western Virginia,school,107,700,Belview Elementary,45.14767932489451,NA,NA,NA,NA,NA,NA,NA,NA,NA
2023-2024,Montgomery County,1314,Western Virginia,school,269,760,Blacksburg High,20.471841704718415,NA,NA,NA,NA,NA,NA,NA,NA,NA
2023-2024,Montgomery County,995,Western Virginia,school,232,710,Blacksburg Middle,23.316582914572866,NA,NA,NA,NA,NA,NA,NA,NA,NA
2023-2024,Montgomery County,419,Western Virginia,school,168,740,Christiansburg Elementary,40.09546539379475,NA,NA,NA,NA,NA,NA,NA,NA,NA
2023-2024,Montgomery County,1069,Western Virginia,school,409,770,Christiansburg High,38.2600561272217,NA,NA,NA,NA,NA,NA,NA,NA,NA
2023-2024,Montgomery County,763,Western Virginia,school,307,671,Christiansburg Middle,40.23591087811271,NA,NA,NA,NA,NA,NA,NA,NA,NA
2023-2024,Montgomery County,389,Western Virginia,school,173,780,Christiansburg Primary,44.473007712082264,NA,NA,NA,NA,NA,NA,NA,NA,NA
2023-2024,Montgomery County,373,Western Virginia,school,240,30,Eastern Montgomery Elementary,64.343163538874,NA,NA,NA,NA,NA,NA,NA,NA,NA
2023-2024,Montgomery County,261,Western Virginia,school,152,904,Eastern Montgomery High,58.23754789272031,NA,NA,NA,NA,NA,NA,NA,NA,NA
2023-2024,Montgomery County,569,Western Virginia,school,266,600,Falling Branch Elementary,46.748681898066785,NA,NA,NA,NA,NA,NA,NA,NA,NA
2023-2024,Montgomery County,312,Western Virginia,school,73,750,Gilbert Linkous Elementary,23.397435897435898,NA,NA,NA,NA,NA,NA,NA,NA,NA
2023-2024,Montgomery County,282,Western Virginia,school,55,10,Harding Avenue Elementary,19.50354609929078,NA,NA,NA,NA,NA,NA,NA,NA,NA
2023-2024,Montgomery County,370,Western Virginia,school,69,901,Kipps Elementary,18.64864864864865,NA,NA,NA,NA,NA,NA,NA,NA,NA
2023-2024,Montgomery County,315,Western Virginia,school,96,730,Margaret Beeks Elementary,30.476190476190478,NA,NA,NA,NA,NA,NA,NA,NA,NA
2023-2024,Montgomery County,452,Western Virginia,school,213,210,Prices Fork Elementary,47.123893805309734,NA,NA,NA,NA,NA,NA,NA,NA,NA
2023-2024,Montgomery County,212,Western Virginia,school,145,290,Shawsville Middle,68.39622641509435,NA,NA,NA,NA,NA,NA,NA,NA,NA
2023-2024,Nelson County,485,Valley,school,293,710,Nelson County High,60.41237113402062,NA,NA,NA,NA,NA,NA,NA,NA,NA
2023-2024,Nelson County,359,Valley,school,229,730,Nelson Middle,63.788300835654596,NA,NA,NA,NA,NA,NA,NA,NA,NA
2023-2024,Nelson County,292,Valley,school,171,10,Rockfish River Elementary,58.56164383561644,NA,NA,NA,NA,NA,NA,NA,NA,NA
2023-2024,Nelson County,359,Valley,school,231,20,Tye River Elementary,64.34540389972145,NA,NA,NA,NA,NA,NA,NA,NA,NA
2023-2024,New Kent County,434,Central Virginia,school,124,180,George W. Watkins Elementary,28.57142857142857,NA,NA,NA,NA,NA,NA,NA,NA,NA
2023-2024,New Kent County,644,Central Virginia,school,226,10,New Kent Elementary,35.09316770186335,NA,NA,NA,NA,NA,NA,NA,NA,NA
2023-2024,New Kent County,1116,Central Virginia,school,299,20,New Kent High,26.7921146953405,NA,NA,NA,NA,NA,NA,NA,NA,NA
2023-2024,New Kent County,822,Central Virginia,school,271,100,New Kent Middle,32.968369829683695,NA,NA,NA,NA,NA,NA,NA,NA,NA
2023-2024,New Kent County,520,Central Virginia,school,195,300,Quinton Elementary,37.5,NA,NA,NA,NA,NA,NA,NA,NA,NA
2023-2024,Newport News City,621,Tidewater,school,487,1404,Achievable Dream Academy,78.4219001610306,NA,NA,NA,NA,NA,NA,NA,NA,NA
2023-2024,Newport News City,486,Tidewater,school,361,1405,Achievable Dream Middle/High,74.2798353909465,NA,NA,NA,NA,NA,NA,NA,NA,NA
2023-2024,Newport News City,397,Tidewater,school,217,1250,B.C. Charles Elementary,54.65994962216625,NA,NA,NA,NA,NA,NA,NA,NA,NA
2023-2024,Newport News City,427,Tidewater,school,182,110,B.T. Washington Middle,42.62295081967213,NA,NA,NA,NA,NA,NA,NA,NA,NA
2023-2024,Newport News City,584,Tidewater,school,399,1170,Carver Elementary,68.32191780821918,NA,NA,NA,NA,NA,NA,NA,NA,NA
2023-2024,Newport News City,851,Tidewater,school,662,1393,Crittenden Middle,77.79083431257344,NA,NA,NA,NA,NA,NA,NA,NA,NA
2023-2024,Newport News City,381,Tidewater,school,231,50,David A. Dutrow Elementary,60.629921259842526,NA,NA,NA,NA,NA,NA,NA,NA,NA
2023-2024,Newport News City,462,Tidewater,school,217,1398,Deer Park Elementary,46.96969696969697,NA,NA,NA,NA,NA,NA,NA,NA,NA
2023-2024,Newport News City,394,Tidewater,school,11,1402,Denbigh Early Childhood Center,2.7918781725888326,NA,NA,NA,NA,NA,NA,NA,NA,NA
2023-2024,Newport News City,1260,Tidewater,school,859,280,Denbigh High,68.17460317460318,NA,NA,NA,NA,NA,NA,NA,NA,NA
2023-2024,Newport News City,550,Tidewater,school,426,130,Discovery STEM Academy,77.45454545454545,NA,NA,NA,NA,NA,NA,NA,NA,NA
2023-2024,Newport News City,971,Tidewater,school,619,20,Ella J. Fitzgerald Middle,63.748712667353246,NA,NA,NA,NA,NA,NA,NA,NA,NA
2023-2024,Newport News City,1099,Tidewater,school,604,1260,Ethel M. Gildersleeve Middle,54.959053685168335,NA,NA,NA,NA,NA,NA,NA,NA,NA
2023-2024,Newport News City,468,Tidewater,school,32,1407,General Stanford Elementary,6.837606837606838,NA,NA,NA,NA,NA,NA,NA,NA,NA
2023-2024,Newport News City,462,Tidewater,school,330,70,George J. McIntosh Elementary,71.42857142857143,NA,NA,NA,NA,NA,NA,NA,NA,NA
2023-2024,Newport News City,1079,Tidewater,school,865,1395,Heritage High,80.16682113067655,NA,NA,NA,NA,NA,NA,NA,NA,NA
2023-2024,Newport News City,521,Tidewater,school,330,1210,Hidenwood Elementary,63.339731285988485,NA,NA,NA,NA,NA,NA,NA,NA,NA
2023-2024,Newport News City,401,Tidewater,school,163,1080,Hilton Elementary,40.64837905236908,NA,NA,NA,NA,NA,NA,NA,NA,NA
2023-2024,Newport News City,847,Tidewater,school,595,1270,Homer L. Hines Middle,70.24793388429752,NA,NA,NA,NA,NA,NA,NA,NA,NA
2023-2024,Newport News City,271,Tidewater,school,243,91,Huntington Middle,89.66789667896678,NA,NA,NA,NA,NA,NA,NA,NA,NA
2023-2024,Newport News City,232,Tidewater,school,53,1411,John Marshall Early Childhood Center,22.844827586206897,NA,NA,NA,NA,NA,NA,NA,NA,NA
2023-2024,Newport News City,672,Tidewater,school,437,300,Joseph H. Saunders Elementary,65.02976190476191,NA,NA,NA,NA,NA,NA,NA,NA,NA
2023-2024,Newport News City,526,Tidewater,school,314,1180,Katherine Johnson Elementary,59.6958174904943,NA,NA,NA,NA,NA,NA,NA,NA,NA
2023-2024,Newport News City,556,Tidewater,school,312,1290,Kiln Creek Elementary,56.11510791366906,NA,NA,NA,NA,NA,NA,NA,NA,NA
2023-2024,Newport News City,439,Tidewater,school,209,310,Knollwood Meadows Elementary,47.60820045558087,NA,NA,NA,NA,NA,NA,NA,NA,NA
2023-2024,Newport News City,477,Tidewater,school,307,200,L.F. Palmer Elementary,64.36058700209644,NA,NA,NA,NA,NA,NA,NA,NA,NA
2023-2024,Newport News City,976,Tidewater,school,607,1400,Mary Passage Middle,62.192622950819676,NA,NA,NA,NA,NA,NA,NA,NA,NA
2023-2024,Newport News City,1761,Tidewater,school,857,1220,Menchville High,48.665530948324815,NA,NA,NA,NA,NA,NA,NA,NA,NA
2023-2024,Newport News City,435,Tidewater,school,368,1120,Newsome Park Elementary,84.59770114942529,NA,NA,NA,NA,NA,NA,NA,NA,NA
2023-2024,Newport News City,541,Tidewater,school,346,150,Oliver C. Greenwood Elementary,63.95563770794824,NA,NA,NA,NA,NA,NA,NA,NA,NA
2023-2024,Newport News City,422,Tidewater,school,212,270,Richard T. Yates Elementary,50.23696682464455,NA,NA,NA,NA,NA,NA,NA,NA,NA
2023-2024,Newport News City,513,Tidewater,school,271,1230,Richneck Elementary,52.826510721247566,NA,NA,NA,NA,NA,NA,NA,NA,NA
2023-2024,Newport News City,496,Tidewater,school,258,1150,Riverside Elementary,52.016129032258064,NA,NA,NA,NA,NA,NA,NA,NA,NA
2023-2024,Newport News City,458,Tidewater,school,315,250,Sedgefield Elementary,68.77729257641921,NA,NA,NA,NA,NA,NA,NA,NA,NA
2023-2024,Newport News City,512,Tidewater,school,345,1240,Stoney Run Elementary,67.3828125,NA,NA,NA,NA,NA,NA,NA,NA,NA
2023-2024,Newport News City,454,Tidewater,school,240,290,T. Ryland Sanford Elementary,52.863436123348016,NA,NA,NA,NA,NA,NA,NA,NA,NA
2023-2024,Newport News City,1607,Tidewater,school,NA,1070,Warwick High,NA,NA,NA,NA,NA,NA,NA,NA,NA,NA
2023-2024,Newport News City,322,Tidewater,school,13,1410,Watkins Early Childhood Center,4.037267080745342,NA,NA,NA,NA,NA,NA,NA,NA,NA
2023-2024,Newport News City,472,Tidewater,school,320,320,Willis A. Jenkins Elementary,67.79661016949152,NA,NA,NA,NA,NA,NA,NA,NA,NA
2023-2024,Newport News City,1816,Tidewater,school,966,1396,Woodside High,53.19383259911894,NA,NA,NA,NA,NA,NA,NA,NA,NA
2023-2024,Norfolk City,730,Tidewater,school,220,185,Academy for Discovery at Lakewood,30.136986301369863,NA,NA,NA,NA,NA,NA,NA,NA,NA
2023-2024,Norfolk City,808,Tidewater,school,497,760,Azalea Gardens Middle,61.50990099009901,NA,NA,NA,NA,NA,NA,NA,NA,NA
2023-2024,Norfolk City,502,Tidewater,school,299,250,Bay View Elementary,59.561752988047814,NA,NA,NA,NA,NA,NA,NA,NA,NA
2023-2024,Norfolk City,172,Tidewater,school,119,510,Berkley/Campostella Early Childhood Education Center,69.18604651162791,NA,NA,NA,NA,NA,NA,NA,NA,NA
2023-2024,Norfolk City,1072,Tidewater,school,663,20,Blair Middle,61.84701492537313,NA,NA,NA,NA,NA,NA,NA,NA,NA
2023-2024,Norfolk City,955,Tidewater,school,685,880,Booker T Washington High,71.72774869109948,NA,NA,NA,NA,NA,NA,NA,NA,NA
2023-2024,Norfolk City,401,Tidewater,school,180,40,Camp Allen Elementary,44.88778054862843,NA,NA,NA,NA,NA,NA,NA,NA,NA
2023-2024,Norfolk City,302,Tidewater,school,249,220,Chesterfield Elementary,82.45033112582782,NA,NA,NA,NA,NA,NA,NA,NA,NA
2023-2024,Norfolk City,560,Tidewater,school,380,550,Coleman Place Elementary,67.85714285714286,NA,NA,NA,NA,NA,NA,NA,NA,NA
2023-2024,Norfolk City,750,Tidewater,school,475,560,Crossroads PreK-8 School,63.33333333333333,NA,NA,NA,NA,NA,NA,NA,NA,NA
2023-2024,Norfolk City,165,Tidewater,school,93,740,Easton Preschool at Fairlawn,56.36363636363636,NA,NA,NA,NA,NA,NA,NA,NA,NA
2023-2024,Norfolk City,501,Tidewater,school,172,90,Ghent K-8,34.3313373253493,NA,NA,NA,NA,NA,NA,NA,NA,NA
2023-2024,Norfolk City,486,Tidewater,school,336,420,Granby Elementary,69.1358024691358,NA,NA,NA,NA,NA,NA,NA,NA,NA
2023-2024,Norfolk City,1850,Tidewater,school,NA,390,Granby High,NA,NA,NA,NA,NA,NA,NA,NA,NA,NA
2023-2024,Norfolk City,558,Tidewater,school,441,610,Ingleside Elementary,79.03225806451613,NA,NA,NA,NA,NA,NA,NA,NA,NA
2023-2024,Norfolk City,568,Tidewater,school,506,430,Jacox Elementary,89.08450704225352,NA,NA,NA,NA,NA,NA,NA,NA,NA
2023-2024,Norfolk City,262,Tidewater,school,190,131,James Monroe Elementary,72.51908396946564,NA,NA,NA,NA,NA,NA,NA,NA,NA
2023-2024,Norfolk City,681,Tidewater,school,476,790,Lake Taylor,69.89720998531571,NA,NA,NA,NA,NA,NA,NA,NA,NA
2023-2024,Norfolk City,1136,Tidewater,school,803,840,Lake Taylor High,70.68661971830986,NA,NA,NA,NA,NA,NA,NA,NA,NA
2023-2024,Norfolk City,490,Tidewater,school,153,210,Larchmont Elementary,31.22448979591837,NA,NA,NA,NA,NA,NA,NA,NA,NA
2023-2024,Norfolk City,576,Tidewater,school,349,670,Larrymore Elementary,60.59027777777778,NA,NA,NA,NA,NA,NA,NA,NA,NA
2023-2024,Norfolk City,242,Tidewater,school,183,520,Lindenwood Elementary,75.6198347107438,NA,NA,NA,NA,NA,NA,NA,NA,NA
2023-2024,Norfolk City,592,Tidewater,school,382,682,Little Creek Elementary,64.52702702702703,NA,NA,NA,NA,NA,NA,NA,NA,NA
2023-2024,Norfolk City,426,Tidewater,school,200,460,Mary Calcott Elementary,46.948356807511736,NA,NA,NA,NA,NA,NA,NA,NA,NA
2023-2024,Norfolk City,1737,Tidewater,school,870,10,Matthew Fontaine Maury High,50.086355785837654,NA,NA,NA,NA,NA,NA,NA,NA,NA
2023-2024,Norfolk City,767,Tidewater,school,520,490,Northside Middle,67.79661016949152,NA,NA,NA,NA,NA,NA,NA,NA,NA
2023-2024,Norfolk City,375,Tidewater,school,272,620,Norview Elementary,72.53333333333333,NA,NA,NA,NA,NA,NA,NA,NA,NA
2023-2024,Norfolk City,1822,Tidewater,school,NA,580,Norview High,NA,NA,NA,NA,NA,NA,NA,NA,NA,NA
2023-2024,Norfolk City,1152,Tidewater,school,838,570,Norview Middle,72.74305555555556,NA,NA,NA,NA,NA,NA,NA,NA,NA
2023-2024,Norfolk City,504,Tidewater,school,247,190,Ocean View Elementary,49.007936507936506,NA,NA,NA,NA,NA,NA,NA,NA,NA
2023-2024,Norfolk City,422,Tidewater,school,327,630,Oceanair Elementary,77.48815165876776,NA,NA,NA,NA,NA,NA,NA,NA,NA
2023-2024,Norfolk City,217,Tidewater,school,185,530,P.B. Young Sr. Elementary,85.25345622119815,NA,NA,NA,NA,NA,NA,NA,NA,NA
2023-2024,Norfolk City,462,Tidewater,school,341,480,Richard Bowling Elementary,73.80952380952381,NA,NA,NA,NA,NA,NA,NA,NA,NA
2023-2024,Norfolk City,540,Tidewater,school,481,30,Ruffner School,89.07407407407408,NA,NA,NA,NA,NA,NA,NA,NA,NA
2023-2024,Norfolk City,523,Tidewater,school,97,850,Sewells Point Elementary,18.54684512428298,NA,NA,NA,NA,NA,NA,NA,NA,NA
2023-2024,Norfolk City,439,Tidewater,school,284,650,Sherwood Forest Elementary,64.69248291571755,NA,NA,NA,NA,NA,NA,NA,NA,NA
2023-2024,Norfolk City,701,Tidewater,school,636,770,Southside STEM Academy at Campostella,90.72753209700429,NA,NA,NA,NA,NA,NA,NA,NA,NA
2023-2024,Norfolk City,230,Tidewater,school,202,820,St. Helena Elementary,87.82608695652175,NA,NA,NA,NA,NA,NA,NA,NA,NA
2023-2024,Norfolk City,447,Tidewater,school,315,500,Suburban Park Elementary,70.46979865771812,NA,NA,NA,NA,NA,NA,NA,NA,NA
2023-2024,Norfolk City,517,Tidewater,school,370,100,Tanners Creek Elementary,71.56673114119923,NA,NA,NA,NA,NA,NA,NA,NA,NA
2023-2024,Norfolk City,300,Tidewater,school,57,800,Tarrallton Elementary,19,NA,NA,NA,NA,NA,NA,NA,NA,NA
2023-2024,Norfolk City,343,Tidewater,school,140,150,Walter Herron Taylor Elementary,40.816326530612244,NA,NA,NA,NA,NA,NA,NA,NA,NA
2023-2024,Norfolk City,449,Tidewater,school,288,471,Willard Elementary,64.14253897550111,NA,NA,NA,NA,NA,NA,NA,NA,NA
2023-2024,Norfolk City,152,Tidewater,school,52,860,Willoughby Early Childhood Center,34.21052631578947,NA,NA,NA,NA,NA,NA,NA,NA,NA
2023-2024,Northampton County,325,Tidewater,school,227,452,Kiptopeke Elementary,69.84615384615384,NA,NA,NA,NA,NA,NA,NA,NA,NA
2023-2024,Northampton County,420,Tidewater,school,263,350,Northampton High,62.61904761904762,NA,NA,NA,NA,NA,NA,NA,NA,NA
2023-2024,Northampton County,221,Tidewater,school,154,360,Northampton Middle,69.68325791855203,NA,NA,NA,NA,NA,NA,NA,NA,NA
2023-2024,Northampton County,368,Tidewater,school,254,451,Occohannock Elementary,69.02173913043478,NA,NA,NA,NA,NA,NA,NA,NA,NA
2023-2024,Northumberland County,533,Northern Neck,school,328,331,Northumberland Elementary,61.53846153846154,NA,NA,NA,NA,NA,NA,NA,NA,NA
2023-2024,Northumberland County,379,Northern Neck,school,206,40,Northumberland High,54.35356200527705,NA,NA,NA,NA,NA,NA,NA,NA,NA
2023-2024,Northumberland County,251,Northern Neck,school,151,210,Northumberland Middle,60.1593625498008,NA,NA,NA,NA,NA,NA,NA,NA,NA
2023-2024,Norton City,316,Southwest,school,193,20,J.I. Burton High,61.07594936708861,NA,NA,NA,NA,NA,NA,NA,NA,NA
2023-2024,Norton City,491,Southwest,school,340,40,Norton Elementary,69.24643584521385,NA,NA,NA,NA,NA,NA,NA,NA,NA
2023-2024,Nottoway County,373,Southside,school,276,340,Blackstone Primary,73.9946380697051,NA,NA,NA,NA,NA,NA,NA,NA,NA
2023-2024,Nottoway County,376,Southside,school,268,330,Crewe Primary,71.27659574468085,NA,NA,NA,NA,NA,NA,NA,NA,NA
2023-2024,Nottoway County,537,Southside,school,361,301,Nottoway High,67.22532588454376,NA,NA,NA,NA,NA,NA,NA,NA,NA
2023-2024,Nottoway County,284,Southside,school,224,300,Nottoway Intermediate,78.87323943661971,NA,NA,NA,NA,NA,NA,NA,NA,NA
2023-2024,Nottoway County,248,Southside,school,176,302,Nottoway Middle,70.96774193548387,NA,NA,NA,NA,NA,NA,NA,NA,NA
2023-2024,Orange County,344,Northern Virginia,school,219,360,Gordon-Barbour Elementary,63.662790697674424,NA,NA,NA,NA,NA,NA,NA,NA,NA
2023-2024,Orange County,249,Northern Virginia,school,120,70,Lightfoot Elementary,48.19277108433735,NA,NA,NA,NA,NA,NA,NA,NA,NA
2023-2024,Orange County,518,Northern Virginia,school,219,50,Locust Grove Elementary,42.277992277992276,NA,NA,NA,NA,NA,NA,NA,NA,NA
2023-2024,Orange County,680,Northern Virginia,school,255,471,Locust Grove Middle,37.5,NA,NA,NA,NA,NA,NA,NA,NA,NA
2023-2024,Orange County,484,Northern Virginia,school,196,51,Locust Grove Primary,40.49586776859504,NA,NA,NA,NA,NA,NA,NA,NA,NA
2023-2024,Orange County,1464,Northern Virginia,school,673,330,Orange County High,45.96994535519126,NA,NA,NA,NA,NA,NA,NA,NA,NA
2023-2024,Orange County,644,Northern Virginia,school,391,370,Orange Elementary,60.71428571428571,NA,NA,NA,NA,NA,NA,NA,NA,NA
2023-2024,Orange County,448,Northern Virginia,school,248,340,Prospect Heights Middle,55.35714285714286,NA,NA,NA,NA,NA,NA,NA,NA,NA
2023-2024,Orange County,251,Northern Virginia,school,127,350,Unionville Elementary,50.59760956175299,NA,NA,NA,NA,NA,NA,NA,NA,NA
2023-2024,Page County,482,Northern Virginia,school,295,350,Luray Elementary,61.20331950207469,NA,NA,NA,NA,NA,NA,NA,NA,NA
2023-2024,Page County,485,Northern Virginia,school,253,110,Luray High,52.164948453608254,NA,NA,NA,NA,NA,NA,NA,NA,NA
2023-2024,Page County,299,Northern Virginia,school,168,400,Luray Middle,56.187290969899664,NA,NA,NA,NA,NA,NA,NA,NA,NA
2023-2024,Page County,513,Northern Virginia,school,248,380,Page County High,48.343079922027286,NA,NA,NA,NA,NA,NA,NA,NA,NA
2023-2024,Page County,333,Northern Virginia,school,187,390,Page County Middle,56.15615615615616,NA,NA,NA,NA,NA,NA,NA,NA,NA
2023-2024,Page County,329,Northern Virginia,school,200,310,Shenandoah Elementary,60.790273556231,NA,NA,NA,NA,NA,NA,NA,NA,NA
2023-2024,Page County,222,Northern Virginia,school,107,50,Springfield Elementary,48.1981981981982,NA,NA,NA,NA,NA,NA,NA,NA,NA
2023-2024,Page County,348,Northern Virginia,school,204,210,Stanley Elementary,58.620689655172406,NA,NA,NA,NA,NA,NA,NA,NA,NA
2023-2024,Patrick County,226,Western Virginia,school,141,440,Blue Ridge Elementary,62.38938053097345,NA,NA,NA,NA,NA,NA,NA,NA,NA
2023-2024,Patrick County,199,Western Virginia,school,125,350,Hardin Reynolds Memorial School,62.8140703517588,NA,NA,NA,NA,NA,NA,NA,NA,NA
2023-2024,Patrick County,334,Western Virginia,school,72,150,Meadows of Dan Elementary,21.55688622754491,NA,NA,NA,NA,NA,NA,NA,NA,NA
2023-2024,Patrick County,830,Western Virginia,school,428,700,Patrick County High,51.566265060240966,NA,NA,NA,NA,NA,NA,NA,NA,NA
2023-2024,Patrick County,245,Western Virginia,school,147,680,Patrick Springs Primary,60,NA,NA,NA,NA,NA,NA,NA,NA,NA
2023-2024,Patrick County,386,Western Virginia,school,206,320,Stuart Elementary,53.36787564766839,NA,NA,NA,NA,NA,NA,NA,NA,NA
2023-2024,Patrick County,159,Western Virginia,school,75,80,Woolwine Elementary,47.16981132075472,NA,NA,NA,NA,NA,NA,NA,NA,NA
2023-2024,Petersburg City,529,Central Virginia,school,462,110,Cool Spring Elementary,87.33459357277883,NA,NA,NA,NA,NA,NA,NA,NA,NA
2023-2024,Petersburg City,404,Central Virginia,school,354,170,Lakemont Elementary,87.62376237623762,NA,NA,NA,NA,NA,NA,NA,NA,NA
2023-2024,Petersburg City,1171,Central Virginia,school,986,200,Petersburg High,84.20153714773699,NA,NA,NA,NA,NA,NA,NA,NA,NA
2023-2024,Petersburg City,515,Central Virginia,school,444,180,Pleasants Lane Elementary,86.2135922330097,NA,NA,NA,NA,NA,NA,NA,NA,NA
2023-2024,Petersburg City,901,Central Virginia,school,787,121,Vernon Johns Middle,87.34739178690344,NA,NA,NA,NA,NA,NA,NA,NA,NA
2023-2024,Petersburg City,539,Central Virginia,school,445,130,Walnut Hill Elementary,82.56029684601113,NA,NA,NA,NA,NA,NA,NA,NA,NA
2023-2024,Petersburg City,405,Central Virginia,school,236,160,Westview Early Childhood Education Center,58.2716049382716,NA,NA,NA,NA,NA,NA,NA,NA,NA
2023-2024,Pittsylvania County,226,Western Virginia,school,73,1853,Brosville Elementary,32.30088495575221,NA,NA,NA,NA,NA,NA,NA,NA,NA
2023-2024,Pittsylvania County,235,Western Virginia,school,74,640,Chatham Elementary,31.48936170212766,NA,NA,NA,NA,NA,NA,NA,NA,NA
2023-2024,Pittsylvania County,617,Western Virginia,school,264,1720,Chatham High,42.78768233387358,NA,NA,NA,NA,NA,NA,NA,NA,NA
2023-2024,Pittsylvania County,411,Western Virginia,school,178,1660,Chatham Middle,43.30900243309003,NA,NA,NA,NA,NA,NA,NA,NA,NA
2023-2024,Pittsylvania County,589,Western Virginia,school,274,1680,Dan River High,46.5195246179966,NA,NA,NA,NA,NA,NA,NA,NA,NA
2023-2024,Pittsylvania County,449,Western Virginia,school,228,1090,Dan River Middle,50.779510022271715,NA,NA,NA,NA,NA,NA,NA,NA,NA
2023-2024,Pittsylvania County,453,Western Virginia,school,169,280,Gretna Elementary,37.30684326710817,NA,NA,NA,NA,NA,NA,NA,NA,NA
2023-2024,Pittsylvania County,540,Western Virginia,school,285,1700,Gretna High,52.77777777777778,NA,NA,NA,NA,NA,NA,NA,NA,NA
2023-2024,Pittsylvania County,398,Western Virginia,school,211,290,Gretna Middle,53.015075376884425,NA,NA,NA,NA,NA,NA,NA,NA,NA
2023-2024,Pittsylvania County,253,Western Virginia,school,102,30,John L. Hurt Elementary,40.316205533596836,NA,NA,NA,NA,NA,NA,NA,NA,NA
2023-2024,Pittsylvania County,477,Western Virginia,school,184,1690,Kentuck Elementary,38.57442348008386,NA,NA,NA,NA,NA,NA,NA,NA,NA
2023-2024,Pittsylvania County,142,Western Virginia,school,51,1750,Mount Airy Elementary,35.91549295774648,NA,NA,NA,NA,NA,NA,NA,NA,NA
2023-2024,Pittsylvania County,422,Western Virginia,school,152,1460,Southside Elementary,36.018957345971565,NA,NA,NA,NA,NA,NA,NA,NA,NA
2023-2024,Pittsylvania County,405,Western Virginia,school,130,1710,Stony Mill Elementary,32.098765432098766,NA,NA,NA,NA,NA,NA,NA,NA,NA
2023-2024,Pittsylvania County,850,Western Virginia,school,345,1730,Tunstall High,40.588235294117645,NA,NA,NA,NA,NA,NA,NA,NA,NA
2023-2024,Pittsylvania County,566,Western Virginia,school,248,1130,Tunstall Middle,43.81625441696113,NA,NA,NA,NA,NA,NA,NA,NA,NA
2023-2024,Pittsylvania County,643,Western Virginia,school,191,1851,Twin Springs Elementary,29.704510108864696,NA,NA,NA,NA,NA,NA,NA,NA,NA
2023-2024,Pittsylvania County,185,Western Virginia,school,63,1740,Union Hall Elementary,34.054054054054056,NA,NA,NA,NA,NA,NA,NA,NA,NA
2023-2024,Poquoson City,452,Tidewater,school,108,150,Poquoson Elementary,23.893805309734514,NA,NA,NA,NA,NA,NA,NA,NA,NA
2023-2024,Poquoson City,669,Tidewater,school,133,10,Poquoson High,19.880418535127056,NA,NA,NA,NA,NA,NA,NA,NA,NA
2023-2024,Poquoson City,487,Tidewater,school,95,130,Poquoson Middle,19.50718685831622,NA,NA,NA,NA,NA,NA,NA,NA,NA
2023-2024,Poquoson City,462,Tidewater,school,119,160,Poquoson Primary,25.757575757575758,NA,NA,NA,NA,NA,NA,NA,NA,NA
2023-2024,Portsmouth City,445,Tidewater,school,388,1766,Brighton Elementary,87.19101123595505,NA,NA,NA,NA,NA,NA,NA,NA,NA
2023-2024,Portsmouth City,600,Tidewater,school,415,321,Churchland Academy Elementary,69.16666666666667,NA,NA,NA,NA,NA,NA,NA,NA,NA
2023-2024,Portsmouth City,760,Tidewater,school,356,650,Churchland Elementary,46.8421052631579,NA,NA,NA,NA,NA,NA,NA,NA,NA
2023-2024,Portsmouth City,1452,Tidewater,school,778,500,Churchland High,53.58126721763086,NA,NA,NA,NA,NA,NA,NA,NA,NA
2023-2024,Portsmouth City,840,Tidewater,school,541,320,Churchland Middle,64.40476190476191,NA,NA,NA,NA,NA,NA,NA,NA,NA
2023-2024,Portsmouth City,114,Tidewater,school,63,322,Churchland Preschool Center,55.26315789473685,NA,NA,NA,NA,NA,NA,NA,NA,NA
2023-2024,Portsmouth City,511,Tidewater,school,293,160,Churchland Primary & Intermediate,57.33855185909981,NA,NA,NA,NA,NA,NA,NA,NA,NA
2023-2024,Portsmouth City,606,Tidewater,school,485,1400,Cradock Elementary,80.03300330033002,NA,NA,NA,NA,NA,NA,NA,NA,NA
2023-2024,Portsmouth City,526,Tidewater,school,428,1130,Cradock Middle,81.36882129277566,NA,NA,NA,NA,NA,NA,NA,NA,NA
2023-2024,Portsmouth City,528,Tidewater,school,438,190,Douglass Park Elementary,82.95454545454545,NA,NA,NA,NA,NA,NA,NA,NA,NA
2023-2024,Portsmouth City,457,Tidewater,school,328,1630,Hodges Manor Elementary,71.77242888402627,NA,NA,NA,NA,NA,NA,NA,NA,NA
2023-2024,Portsmouth City,1027,Tidewater,school,775,240,I.C. Norcom High,75.46251217137294,NA,NA,NA,NA,NA,NA,NA,NA,NA
2023-2024,Portsmouth City,405,Tidewater,school,310,1650,Lakeview Elementary,76.5432098765432,NA,NA,NA,NA,NA,NA,NA,NA,NA
2023-2024,Portsmouth City,1167,Tidewater,school,797,1660,Manor High,68.29477292202229,NA,NA,NA,NA,NA,NA,NA,NA,NA
2023-2024,Portsmouth City,227,Tidewater,school,123,1768,Mount Hermon Preschool Center,54.18502202643172,NA,NA,NA,NA,NA,NA,NA,NA,NA
2023-2024,Portsmouth City,194,Tidewater,school,132,1770,Olive Branch Preschool Center,68.04123711340206,NA,NA,NA,NA,NA,NA,NA,NA,NA
2023-2024,Portsmouth City,473,Tidewater,school,380,60,Park View Elementary,80.33826638477801,NA,NA,NA,NA,NA,NA,NA,NA,NA
2023-2024,Portsmouth City,609,Tidewater,school,398,290,Simonsdale Elementary,65.35303776683087,NA,NA,NA,NA,NA,NA,NA,NA,NA
2023-2024,Portsmouth City,570,Tidewater,school,335,1769,Victory Elementary,58.77192982456141,NA,NA,NA,NA,NA,NA,NA,NA,NA
2023-2024,Portsmouth City,615,Tidewater,school,483,230,Waterview Elementary,78.53658536585367,NA,NA,NA,NA,NA,NA,NA,NA,NA
2023-2024,Portsmouth City,474,Tidewater,school,358,210,Westhaven Elementary,75.52742616033755,NA,NA,NA,NA,NA,NA,NA,NA,NA
2023-2024,Portsmouth City,562,Tidewater,school,402,310,William E. Waters Middle,71.53024911032028,NA,NA,NA,NA,NA,NA,NA,NA,NA
2023-2024,Powhatan County,664,Central Virginia,school,198,21,Flat Rock Elementary,29.819277108433734,NA,NA,NA,NA,NA,NA,NA,NA,NA
2023-2024,Powhatan County,747,Central Virginia,school,241,231,Pocahontas Elementary,32.26238286479251,NA,NA,NA,NA,NA,NA,NA,NA,NA
2023-2024,Powhatan County,444,Central Virginia,school,129,13,Powhatan Elementary,29.054054054054053,NA,NA,NA,NA,NA,NA,NA,NA,NA
2023-2024,Powhatan County,1385,Central Virginia,school,358,11,Powhatan High,25.84837545126354,NA,NA,NA,NA,NA,NA,NA,NA,NA
2023-2024,Powhatan County,982,Central Virginia,school,272,130,Powhatan Middle,27.698574338085542,NA,NA,NA,NA,NA,NA,NA,NA,NA
2023-2024,Prince Edward County,525,Southside,school,255,400,Prince Edward County High,48.57142857142857,NA,NA,NA,NA,NA,NA,NA,NA,NA
2023-2024,Prince Edward County,778,Southside,school,251,10,Prince Edward Elementary,32.26221079691517,NA,NA,NA,NA,NA,NA,NA,NA,NA
2023-2024,Prince Edward County,513,Southside,school,286,20,Prince Edward Middle,55.7504873294347,NA,NA,NA,NA,NA,NA,NA,NA,NA
2023-2024,Prince George County,581,Central Virginia,school,333,340,David A. Harrison Elementary,57.31497418244407,NA,NA,NA,NA,NA,NA,NA,NA,NA
2023-2024,Prince George County,1395,Central Virginia,school,760,320,J.E.J. Moore Middle,54.48028673835126,NA,NA,NA,NA,NA,NA,NA,NA,NA
2023-2024,Prince George County,496,Central Virginia,school,300,310,L.L. Beazley Elementary,60.483870967741936,NA,NA,NA,NA,NA,NA,NA,NA,NA
2023-2024,Prince George County,741,Central Virginia,school,423,280,Middle Road Elementary,57.08502024291497,NA,NA,NA,NA,NA,NA,NA,NA,NA
2023-2024,Prince George County,720,Central Virginia,school,407,290,North Elementary,56.52777777777778,NA,NA,NA,NA,NA,NA,NA,NA,NA
2023-2024,Prince George County,1818,Central Virginia,school,885,20,Prince George High,48.67986798679868,NA,NA,NA,NA,NA,NA,NA,NA,NA
2023-2024,Prince George County,430,Central Virginia,school,184,300,South Elementary,42.7906976744186,NA,NA,NA,NA,NA,NA,NA,NA,NA
2023-2024,Prince William County,820,Northern Virginia,school,250,330,A. Henderson Elementary,30.48780487804878,NA,NA,NA,NA,NA,NA,NA,NA,NA
2023-2024,Prince William County,744,Northern Virginia,school,312,760,Antietam Elementary,41.935483870967744,NA,NA,NA,NA,NA,NA,NA,NA,NA
2023-2024,Prince William County,768,Northern Virginia,school,138,200,Ashland Elementary,17.96875,NA,NA,NA,NA,NA,NA,NA,NA,NA
2023-2024,Prince William County,2139,Northern Virginia,school,237,290,Battlefield High,11.079943899018232,NA,NA,NA,NA,NA,NA,NA,NA,NA
2023-2024,Prince William County,418,Northern Virginia,school,239,670,Bel Air Elementary,57.17703349282297,NA,NA,NA,NA,NA,NA,NA,NA,NA
2023-2024,Prince William County,504,Northern Virginia,school,295,600,Belmont Elementary,58.53174603174603,NA,NA,NA,NA,NA,NA,NA,NA,NA
2023-2024,Prince William County,744,Northern Virginia,school,212,840,Bennett Elementary,28.49462365591398,NA,NA,NA,NA,NA,NA,NA,NA,NA
2023-2024,Prince William County,863,Northern Virginia,school,172,530,Brentsville District High,19.930475086906142,NA,NA,NA,NA,NA,NA,NA,NA,NA
2023-2024,Prince William County,595,Northern Virginia,school,153,860,Bristow Run Elementary,25.71428571428571,NA,NA,NA,NA,NA,NA,NA,NA,NA
2023-2024,Prince William County,757,Northern Virginia,school,199,950,Buckland Mills Elementary,26.28797886393659,NA,NA,NA,NA,NA,NA,NA,NA,NA
2023-2024,Prince William County,1094,Northern Virginia,school,353,920,Bull Run Middle,32.26691042047532,NA,NA,NA,NA,NA,NA,NA,NA,NA
2023-2024,Prince William County,673,Northern Virginia,school,376,620,C.A. Sinclair Elementary,55.86924219910847,NA,NA,NA,NA,NA,NA,NA,NA,NA
2023-2024,Prince William County,1912,Northern Virginia,school,840,710,C.D. Hylton High,43.93305439330544,NA,NA,NA,NA,NA,NA,NA,NA,NA
2023-2024,Prince William County,510,Northern Virginia,school,110,900,Cedar Point Elementary,21.568627450980394,NA,NA,NA,NA,NA,NA,NA,NA,NA
2023-2024,Prince William County,2950,Northern Virginia,school,598,5010,Charles J. Colgan Sr. High,20.271186440677965,NA,NA,NA,NA,NA,NA,NA,NA,NA
2023-2024,Prince William County,778,Northern Virginia,school,336,970,Chris Yung Elementary,43.18766066838046,NA,NA,NA,NA,NA,NA,NA,NA,NA
2023-2024,Prince William County,413,Northern Virginia,school,179,660,Coles Elementary,43.341404358353515,NA,NA,NA,NA,NA,NA,NA,NA,NA
2023-2024,Prince William County,948,Northern Virginia,school,313,309,Covington-Harper Elementary,33.016877637130804,NA,NA,NA,NA,NA,NA,NA,NA,NA
2023-2024,Prince William County,422,Northern Virginia,school,260,610,Dale City Elementary,61.61137440758294,NA,NA,NA,NA,NA,NA,NA,NA,NA
2023-2024,Prince William County,468,Northern Virginia,school,259,280,Dumfries Elementary,55.34188034188035,NA,NA,NA,NA,NA,NA,NA,NA,NA
2023-2024,Prince William County,1182,Northern Virginia,school,237,490,E.H. Marsteller Middle,20.050761421319795,NA,NA,NA,NA,NA,NA,NA,NA,NA
2023-2024,Prince William County,577,Northern Virginia,school,362,580,Elizabeth Vaughan Elementary,62.738301559792035,NA,NA,NA,NA,NA,NA,NA,NA,NA
2023-2024,Prince William County,391,Northern Virginia,school,216,120,Enterprise Elementary,55.24296675191815,NA,NA,NA,NA,NA,NA,NA,NA,NA
2023-2024,Prince William County,883,Northern Virginia,school,421,370,Fannie W. Fitzgerald Elementary,47.67836919592299,NA,NA,NA,NA,NA,NA,NA,NA,NA
2023-2024,Prince William County,471,Northern Virginia,school,281,450,Featherstone Elementary,59.660297239915074,NA,NA,NA,NA,NA,NA,NA,NA,NA
2023-2024,Prince William County,2328,Northern Virginia,school,743,870,Forest Park High,31.915807560137456,NA,NA,NA,NA,NA,NA,NA,NA,NA
2023-2024,Prince William County,971,Northern Virginia,school,566,520,Fred M. Lynn Middle,58.29042224510813,NA,NA,NA,NA,NA,NA,NA,NA,NA
2023-2024,Prince William County,2349,Northern Virginia,school,NA,300,Freedom High,NA,NA,NA,NA,NA,NA,NA,NA,NA,NA
2023-2024,Prince William County,2440,Northern Virginia,school,558,5130,Gainesville High,22.86885245901639,NA,NA,NA,NA,NA,NA,NA,NA,NA
2023-2024,Prince William County,1364,Northern Virginia,school,262,960,Gainesville Middle,19.208211143695014,NA,NA,NA,NA,NA,NA,NA,NA,NA
2023-2024,Prince William County,2568,Northern Virginia,school,NA,690,Gar-Field High,NA,NA,NA,NA,NA,NA,NA,NA,NA,NA
2023-2024,Prince William County,468,Northern Virginia,school,147,630,George G. Tyler Elementary,31.41025641025641,NA,NA,NA,NA,NA,NA,NA,NA,NA
2023-2024,Prince William County,847,Northern Virginia,school,489,640,George M. Hampton Middle,57.73317591499409,NA,NA,NA,NA,NA,NA,NA,NA,NA
2023-2024,Prince William County,662,Northern Virginia,school,338,770,George P. Mullen Elementary,51.057401812688816,NA,NA,NA,NA,NA,NA,NA,NA,NA
2023-2024,Prince William County,568,Northern Virginia,school,84,340,Glenkirk Elementary,14.788732394366196,NA,NA,NA,NA,NA,NA,NA,NA,NA
2023-2024,Prince William County,685,Northern Virginia,school,344,510,Graham Park Middle,50.21897810218978,NA,NA,NA,NA,NA,NA,NA,NA,NA
2023-2024,Prince William County,969,Northern Virginia,school,182,250,Haymarket Elementary,18.78224974200206,NA,NA,NA,NA,NA,NA,NA,NA,NA
2023-2024,Prince William County,1202,Northern Virginia,school,430,380,Herbert J. Saunders Middle,35.77371048252912,NA,NA,NA,NA,NA,NA,NA,NA,NA
2023-2024,Prince William County,478,Northern Virginia,school,302,317,Innovation Elementary,63.17991631799163,NA,NA,NA,NA,NA,NA,NA,NA,NA
2023-2024,Prince William County,570,Northern Virginia,school,38,220,J.W. Alvey Elementary,6.666666666666667,NA,NA,NA,NA,NA,NA,NA,NA,NA
2023-2024,Prince William County,645,Northern Virginia,school,347,319,John D. Jenkins Elementary,53.7984496124031,NA,NA,NA,NA,NA,NA,NA,NA,NA
2023-2024,Prince William County,895,Northern Virginia,school,417,130,John F. Pattie Sr. Elementary,46.59217877094972,NA,NA,NA,NA,NA,NA,NA,NA,NA
2023-2024,Prince William County,334,Northern Virginia,school,189,70,Kerrydale Elementary,56.58682634730538,NA,NA,NA,NA,NA,NA,NA,NA,NA
2023-2024,Prince William County,885,Northern Virginia,school,406,306,Kyle R. Wilson Elementary,45.87570621468927,NA,NA,NA,NA,NA,NA,NA,NA,NA
2023-2024,Prince William County,706,Northern Virginia,school,304,180,Lake Ridge Elementary,43.05949008498583,NA,NA,NA,NA,NA,NA,NA,NA,NA
2023-2024,Prince William County,1406,Northern Virginia,school,531,720,Lake Ridge Middle,37.766714082503555,NA,NA,NA,NA,NA,NA,NA,NA,NA
2023-2024,Prince William County,756,Northern Virginia,school,316,830,Leesylvania Elementary,41.7989417989418,NA,NA,NA,NA,NA,NA,NA,NA,NA
2023-2024,Prince William County,497,Northern Virginia,school,308,460,Loch Lomond Elementary,61.97183098591549,NA,NA,NA,NA,NA,NA,NA,NA,NA
2023-2024,Prince William County,1359,Northern Virginia,school,259,880,Louise A. Benton Middle,19.05813097866078,NA,NA,NA,NA,NA,NA,NA,NA,NA
2023-2024,Prince William County,424,Northern Virginia,school,217,160,Martin Luther King Jr. Elementary,51.17924528301887,NA,NA,NA,NA,NA,NA,NA,NA,NA
2023-2024,Prince William County,558,Northern Virginia,school,349,570,Marumsco Hills Elementary,62.54480286738351,NA,NA,NA,NA,NA,NA,NA,NA,NA
2023-2024,Prince William County,675,Northern Virginia,school,198,231,Mary G. Porter Traditional,29.333333333333332,NA,NA,NA,NA,NA,NA,NA,NA,NA
2023-2024,Prince William County,698,Northern Virginia,school,360,240,Mary Williams Elementary,51.57593123209169,NA,NA,NA,NA,NA,NA,NA,NA,NA
2023-2024,Prince William County,597,Northern Virginia,school,343,30,Minnieville Elementary,57.45393634840871,NA,NA,NA,NA,NA,NA,NA,NA,NA
2023-2024,Prince William County,603,Northern Virginia,school,282,800,Montclair Elementary,46.766169154228855,NA,NA,NA,NA,NA,NA,NA,NA,NA
2023-2024,Prince William County,451,Northern Virginia,school,54,810,Mountain View Elementary,11.973392461197339,NA,NA,NA,NA,NA,NA,NA,NA,NA
2023-2024,Prince William County,631,Northern Virginia,school,372,700,Neabsco Elementary,58.9540412044374,NA,NA,NA,NA,NA,NA,NA,NA,NA
2023-2024,Prince William County,584,Northern Virginia,school,308,260,Occoquan Elementary,52.73972602739726,NA,NA,NA,NA,NA,NA,NA,NA,NA
2023-2024,Prince William County,494,Northern Virginia,school,135,820,Old Bridge Elementary,27.327935222672068,NA,NA,NA,NA,NA,NA,NA,NA,NA
2023-2024,Prince William County,2744,Northern Virginia,school,NA,80,Osbourn Park High,NA,NA,NA,NA,NA,NA,NA,NA,NA,NA
2023-2024,Prince William County,1399,Northern Virginia,school,710,501,Parkside Middle,50.7505360972123,NA,NA,NA,NA,NA,NA,NA,NA,NA
2023-2024,Prince William County,2073,Northern Virginia,school,414,1060,Patriot High,19.971056439942114,NA,NA,NA,NA,NA,NA,NA,NA,NA
2023-2024,Prince William County,651,Northern Virginia,school,157,945,Pennington Traditional,24.11674347158218,NA,NA,NA,NA,NA,NA,NA,NA,NA
2023-2024,Prince William County,777,Northern Virginia,school,132,110,Piney Branch Elementary,16.988416988416986,NA,NA,NA,NA,NA,NA,NA,NA,NA
2023-2024,Prince William County,2174,Northern Virginia,school,NA,140,Potomac High,NA,NA,NA,NA,NA,NA,NA,NA,NA,NA
2023-2024,Prince William County,986,Northern Virginia,school,500,170,Potomac Middle,50.709939148073026,NA,NA,NA,NA,NA,NA,NA,NA,NA
2023-2024,Prince William County,1227,Northern Virginia,school,526,414,Potomac Shores Middle,42.868785656071715,NA,NA,NA,NA,NA,NA,NA,NA,NA
2023-2024,Prince William County,558,Northern Virginia,school,387,550,Potomac View Elementary,69.35483870967742,NA,NA,NA,NA,NA,NA,NA,NA,NA
2023-2024,Prince William County,605,Northern Virginia,school,393,440,R. Dean Kilby Elementary,64.95867768595042,NA,NA,NA,NA,NA,NA,NA,NA,NA
2023-2024,Prince William County,1176,Northern Virginia,school,583,591,Rippon Middle,49.57482993197279,NA,NA,NA,NA,NA,NA,NA,NA,NA
2023-2024,Prince William County,671,Northern Virginia,school,383,750,River Oaks Elementary,57.07898658718331,NA,NA,NA,NA,NA,NA,NA,NA,NA
2023-2024,Prince William County,492,Northern Virginia,school,220,40,Rockledge Elementary,44.71544715447154,NA,NA,NA,NA,NA,NA,NA,NA,NA
2023-2024,Prince William County,1344,Northern Virginia,school,213,310,Ronald Wilson Reagan Middle,15.848214285714285,NA,NA,NA,NA,NA,NA,NA,NA,NA
2023-2024,Prince William County,617,Northern Virginia,school,295,941,Rosa Parks Elementary,47.811993517017825,NA,NA,NA,NA,NA,NA,NA,NA,NA
2023-2024,Prince William County,796,Northern Virginia,school,104,360,Samuel L. Gravely Jr. Elementary,13.06532663316583,NA,NA,NA,NA,NA,NA,NA,NA,NA
2023-2024,Prince William County,394,Northern Virginia,school,192,730,Sharon C. McAuliffe Elementary,48.73096446700508,NA,NA,NA,NA,NA,NA,NA,NA,NA
2023-2024,Prince William County,793,Northern Virginia,school,306,500,Signal Hill Elementary,38.587641866330394,NA,NA,NA,NA,NA,NA,NA,NA,NA
2023-2024,Prince William County,715,Northern Virginia,school,245,850,Sonnie Penn Elementary,34.26573426573427,NA,NA,NA,NA,NA,NA,NA,NA,NA
2023-2024,Prince William County,902,Northern Virginia,school,365,320,Springwoods Elementary,40.465631929046566,NA,NA,NA,NA,NA,NA,NA,NA,NA
2023-2024,Prince William County,1125,Northern Virginia,school,579,780,Stuart M. Beville Middle,51.46666666666667,NA,NA,NA,NA,NA,NA,NA,NA,NA
2023-2024,Prince William County,610,Northern Virginia,school,315,20,Sudley Elementary,51.63934426229508,NA,NA,NA,NA,NA,NA,NA,NA,NA
2023-2024,Prince William County,381,Northern Virginia,school,211,270,Suella G. Ellis Elementary,55.38057742782152,NA,NA,NA,NA,NA,NA,NA,NA,NA
2023-2024,Prince William County,630,Northern Virginia,school,303,890,Swans Creek Elementary,48.095238095238095,NA,NA,NA,NA,NA,NA,NA,NA,NA
2023-2024,Prince William County,778,Northern Virginia,school,117,470,T. Clay Wood Elementary,15.038560411311053,NA,NA,NA,NA,NA,NA,NA,NA,NA
2023-2024,Prince William County,1176,Northern Virginia,school,292,150,The Nokesville School,24.829931972789115,NA,NA,NA,NA,NA,NA,NA,NA,NA
2023-2024,Prince William County,656,Northern Virginia,school,136,790,Thurgood Marshall Elementary,20.73170731707317,NA,NA,NA,NA,NA,NA,NA,NA,NA
2023-2024,Prince William County,827,Northern Virginia,school,469,430,Triangle Elementary,56.71100362756953,NA,NA,NA,NA,NA,NA,NA,NA,NA
2023-2024,Prince William County,1028,Northern Virginia,school,529,480,Unity Braxton Middle,51.45914396887159,NA,NA,NA,NA,NA,NA,NA,NA,NA
2023-2024,Prince William County,2174,Northern Virginia,school,NA,680,Unity Reed High,NA,NA,NA,NA,NA,NA,NA,NA,NA,NA
2023-2024,Prince William County,657,Northern Virginia,school,207,390,Victory Elementary,31.506849315068493,NA,NA,NA,NA,NA,NA,NA,NA,NA
2023-2024,Prince William County,521,Northern Virginia,school,326,540,West Gate Elementary,62.571976967370446,NA,NA,NA,NA,NA,NA,NA,NA,NA
2023-2024,Prince William County,655,Northern Virginia,school,221,740,Westridge Elementary,33.74045801526718,NA,NA,NA,NA,NA,NA,NA,NA,NA
2023-2024,Prince William County,NA,Northern Virginia,school,NA,190,Woodbine Pre-School Center,NA,NA,NA,NA,NA,NA,NA,NA,NA,NA
2023-2024,Prince William County,2923,Northern Virginia,school,NA,60,Woodbridge High,NA,NA,NA,NA,NA,NA,NA,NA,NA,NA
2023-2024,Prince William County,897,Northern Virginia,school,417,560,Woodbridge Middle,46.48829431438127,NA,NA,NA,NA,NA,NA,NA,NA,NA
2023-2024,Prince William County,831,Northern Virginia,school,529,350,Yorkshire Elementary,63.65824308062575,NA,NA,NA,NA,NA,NA,NA,NA,NA
2023-2024,Pulaski County,390,Southwest,school,229,20,Critzer Elementary,58.71794871794872,NA,NA,NA,NA,NA,NA,NA,NA,NA
2023-2024,Pulaski County,414,Southwest,school,178,540,Dublin Elementary,42.99516908212561,NA,NA,NA,NA,NA,NA,NA,NA,NA
2023-2024,Pulaski County,797,Southwest,school,409,560,Pulaski County Middle,51.31744040150564,NA,NA,NA,NA,NA,NA,NA,NA,NA
2023-2024,Pulaski County,483,Southwest,school,300,101,Pulaski County Public Schools Virtual School K-12,62.11180124223602,NA,NA,NA,NA,NA,NA,NA,NA,NA
2023-2024,Pulaski County,1191,Southwest,school,530,10,Pulaski County Senior High,44.500419815281276,NA,NA,NA,NA,NA,NA,NA,NA,NA
2023-2024,Pulaski County,492,Southwest,school,274,230,Pulaski Elementary,55.6910569105691,NA,NA,NA,NA,NA,NA,NA,NA,NA
2023-2024,Pulaski County,381,Southwest,school,189,500,Riverlawn Elementary,49.60629921259843,NA,NA,NA,NA,NA,NA,NA,NA,NA
2023-2024,Pulaski County,213,Southwest,school,85,430,Snowville Elementary,39.906103286384976,NA,NA,NA,NA,NA,NA,NA,NA,NA
2023-2024,Radford City,482,Southwest,school,204,10,Belle Heth Elementary,42.32365145228216,NA,NA,NA,NA,NA,NA,NA,NA,NA
2023-2024,Radford City,240,Southwest,school,91,42,John N. Dalton Intermediate,37.916666666666664,NA,NA,NA,NA,NA,NA,NA,NA,NA
2023-2024,Radford City,391,Southwest,school,133,20,McHarg Elementary,34.015345268542205,NA,NA,NA,NA,NA,NA,NA,NA,NA
2023-2024,Radford City,1589,Southwest,school,626,102,Radford City Virtual,39.395846444304595,NA,NA,NA,NA,NA,NA,NA,NA,NA
2023-2024,Radford City,505,Southwest,school,204,41,Radford High,40.396039603960396,NA,NA,NA,NA,NA,NA,NA,NA,NA
2023-2024,Rappahannock County,466,Northern Virginia,school,181,240,Rappahannock County Elementary,38.8412017167382,NA,NA,NA,NA,NA,NA,NA,NA,NA
2023-2024,Rappahannock County,308,Northern Virginia,school,108,230,Rappahannock County High,35.064935064935064,NA,NA,NA,NA,NA,NA,NA,NA,NA
2023-2024,Richmond City,494,Central Virginia,school,298,30,Albert Hill Middle,60.32388663967612,NA,NA,NA,NA,NA,NA,NA,NA,NA
2023-2024,Richmond City,27,Central Virginia,school,19,750,Amelia Street Special Education,70.37037037037037,NA,NA,NA,NA,NA,NA,NA,NA,NA
2023-2024,Richmond City,690,Central Virginia,school,576,850,Armstrong High,83.47826086956522,NA,NA,NA,NA,NA,NA,NA,NA,NA
2023-2024,Richmond City,280,Central Virginia,school,178,390,Barack Obama Elementary,63.57142857142857,NA,NA,NA,NA,NA,NA,NA,NA,NA
2023-2024,Richmond City,195,Central Virginia,school,126,100,Bellevue Elementary,64.61538461538461,NA,NA,NA,NA,NA,NA,NA,NA,NA
2023-2024,Richmond City,378,Central Virginia,school,298,170,Blackwell Elementary,78.83597883597884,NA,NA,NA,NA,NA,NA,NA,NA,NA
2023-2024,Richmond City,581,Central Virginia,school,427,1100,Broad Rock Elementary,73.49397590361446,NA,NA,NA,NA,NA,NA,NA,NA,NA
2023-2024,Richmond City,849,Central Virginia,school,448,1440,Cardinal Elementary,52.76796230859835,NA,NA,NA,NA,NA,NA,NA,NA,NA
2023-2024,Richmond City,388,Central Virginia,school,302,830,Chimborazo Elementary,77.83505154639175,NA,NA,NA,NA,NA,NA,NA,NA,NA
2023-2024,Richmond City,391,Central Virginia,school,265,50,Dogwood Middle,67.77493606138107,NA,NA,NA,NA,NA,NA,NA,NA,NA
2023-2024,Richmond City,344,Central Virginia,school,256,1400,Elizabeth D. Redd Elementary,74.4186046511628,NA,NA,NA,NA,NA,NA,NA,NA,NA
2023-2024,Richmond City,227,Central Virginia,school,221,710,Fairfield Court Elementary,97.3568281938326,NA,NA,NA,NA,NA,NA,NA,NA,NA
2023-2024,Richmond City,281,Central Virginia,school,248,230,Frances W. McClenney Elementary,88.25622775800713,NA,NA,NA,NA,NA,NA,NA,NA,NA
2023-2024,Richmond City,314,Central Virginia,school,185,621,Franklin Military Academy,58.917197452229296,NA,NA,NA,NA,NA,NA,NA,NA,NA
2023-2024,Richmond City,660,Central Virginia,school,453,1470,G.H. Reid Elementary,68.63636363636364,NA,NA,NA,NA,NA,NA,NA,NA,NA
2023-2024,Richmond City,374,Central Virginia,school,328,311,George W. Carver Elementary,87.70053475935828,NA,NA,NA,NA,NA,NA,NA,NA,NA
2023-2024,Richmond City,451,Central Virginia,school,339,470,Henderson Middle,75.16629711751663,NA,NA,NA,NA,NA,NA,NA,NA,NA
2023-2024,Richmond City,523,Central Virginia,school,480,290,Henry Marsh III Elementary,91.77820267686424,NA,NA,NA,NA,NA,NA,NA,NA,NA
2023-2024,Richmond City,1509,Central Virginia,school,931,1510,Huguenot High,61.696487740225315,NA,NA,NA,NA,NA,NA,NA,NA,NA
2023-2024,Richmond City,278,Central Virginia,school,139,1640,J.B. Fisher Elementary,50,NA,NA,NA,NA,NA,NA,NA,NA,NA
2023-2024,Richmond City,166,Central Virginia,school,121,3115,J.H. Blackwell Preschool,72.89156626506023,NA,NA,NA,NA,NA,NA,NA,NA,NA
2023-2024,Richmond City,509,Central Virginia,school,346,1710,J.L. Francis Elementary,67.97642436149313,NA,NA,NA,NA,NA,NA,NA,NA,NA
2023-2024,Richmond City,623,Central Virginia,school,410,730,John Marshall High,65.81059390048154,NA,NA,NA,NA,NA,NA,NA,NA,NA
2023-2024,Richmond City,442,Central Virginia,school,149,3106,Linwood Holton Elementary,33.710407239819006,NA,NA,NA,NA,NA,NA,NA,NA,NA
2023-2024,Richmond City,232,Central Virginia,school,113,600,Lois Harrison-Jones Elementary,48.706896551724135,NA,NA,NA,NA,NA,NA,NA,NA,NA
2023-2024,Richmond City,542,Central Virginia,school,375,3105,Lucille M. Brown Middle,69.18819188191881,NA,NA,NA,NA,NA,NA,NA,NA,NA
2023-2024,Richmond City,164,Central Virginia,school,110,3114,Marry Scott Preschool,67.07317073170732,NA,NA,NA,NA,NA,NA,NA,NA,NA
2023-2024,Richmond City,204,Central Virginia,school,164,771,Martin Luther King Jr. Early Learning Center,80.3921568627451,NA,NA,NA,NA,NA,NA,NA,NA,NA
2023-2024,Richmond City,496,Central Virginia,school,441,770,Martin Luther King Jr. Middle,88.91129032258065,NA,NA,NA,NA,NA,NA,NA,NA,NA
2023-2024,Richmond City,471,Central Virginia,school,63,580,Mary Munford Elementary,13.375796178343949,NA,NA,NA,NA,NA,NA,NA,NA,NA
2023-2024,Richmond City,152,Central Virginia,school,87,690,Maymont Pre-K Center,57.23684210526315,NA,NA,NA,NA,NA,NA,NA,NA,NA
2023-2024,Richmond City,506,Central Virginia,school,391,3107,Miles Jones Elementary,77.27272727272727,NA,NA,NA,NA,NA,NA,NA,NA,NA
2023-2024,Richmond City,523,Central Virginia,school,405,330,Oak Grove/Bellemeade Elementary,77.43785850860421,NA,NA,NA,NA,NA,NA,NA,NA,NA
2023-2024,Richmond City,175,Central Virginia,school,55,90,Open High,31.428571428571427,NA,NA,NA,NA,NA,NA,NA,NA,NA
2023-2024,Richmond City,254,Central Virginia,school,211,130,Overby-Sheppard Elementary,83.07086614173228,NA,NA,NA,NA,NA,NA,NA,NA,NA
2023-2024,Richmond City,328,Central Virginia,school,146,3119,Patrick Henry School Of Science And Arts,44.51219512195122,NA,NA,NA,NA,NA,NA,NA,NA,NA
2023-2024,Richmond City,134,Central Virginia,school,114,3110,Richmond Alternative,85.07462686567165,NA,NA,NA,NA,NA,NA,NA,NA,NA
2023-2024,Richmond City,38,Central Virginia,school,22,3200,Richmond Career Education and Employment Charter School,57.89473684210527,NA,NA,NA,NA,NA,NA,NA,NA,NA
2023-2024,Richmond City,198,Central Virginia,school,76,452,Richmond Community High,38.38383838383838,NA,NA,NA,NA,NA,NA,NA,NA,NA
2023-2024,Richmond City,96,Central Virginia,school,96,3113,Richmond Community Preschool,100,NA,NA,NA,NA,NA,NA,NA,NA,NA
2023-2024,Richmond City,1292,Central Virginia,school,734,741,Richmond High School for the Arts,56.811145510835914,NA,NA,NA,NA,NA,NA,NA,NA,NA
2023-2024,Richmond City,183,Central Virginia,school,153,1322,Richmond Virtual Academy,83.60655737704919,NA,NA,NA,NA,NA,NA,NA,NA,NA
2023-2024,Richmond City,1177,Central Virginia,school,784,1631,River City Middle,66.61002548853017,NA,NA,NA,NA,NA,NA,NA,NA,NA
2023-2024,Richmond City,432,Central Virginia,school,283,1480,Southampton Elementary,65.50925925925925,NA,NA,NA,NA,NA,NA,NA,NA,NA
2023-2024,Richmond City,211,Central Virginia,school,147,511,Summer Hill Preschool Center,69.66824644549763,NA,NA,NA,NA,NA,NA,NA,NA,NA
2023-2024,Richmond City,152,Central Virginia,school,107,210,Swansboro Elementary,70.39473684210526,NA,NA,NA,NA,NA,NA,NA,NA,NA
2023-2024,Richmond City,617,Central Virginia,school,445,480,Thomas C. Boushall Middle,72.12317666126418,NA,NA,NA,NA,NA,NA,NA,NA,NA
2023-2024,Richmond City,781,Central Virginia,school,478,20,Thomas Jefferson High,61.20358514724712,NA,NA,NA,NA,NA,NA,NA,NA,NA
2023-2024,Richmond City,365,Central Virginia,school,253,660,Westover Hills Elementary,69.31506849315069,NA,NA,NA,NA,NA,NA,NA,NA,NA
2023-2024,Richmond City,334,Central Virginia,school,144,200,William Fox Elementary,43.11377245508982,NA,NA,NA,NA,NA,NA,NA,NA,NA
2023-2024,Richmond City,228,Central Virginia,school,203,650,Woodville Elementary,89.03508771929825,NA,NA,NA,NA,NA,NA,NA,NA,NA
2023-2024,Richmond County,544,Northern Neck,school,247,210,Rappahannock High,45.404411764705884,NA,NA,NA,NA,NA,NA,NA,NA,NA
2023-2024,Richmond County,830,Northern Neck,school,448,20,Richmond County Elementary,53.975903614457835,NA,NA,NA,NA,NA,NA,NA,NA,NA
2023-2024,Roanoke City,485,Western Virginia,school,391,280,Addison Aerospace Magnet Middle,80.61855670103093,NA,NA,NA,NA,NA,NA,NA,NA,NA
2023-2024,Roanoke City,596,Western Virginia,school,414,210,Breckinridge Middle,69.46308724832215,NA,NA,NA,NA,NA,NA,NA,NA,NA
2023-2024,Roanoke City,305,Western Virginia,school,54,20,Crystal Spring Elementary,17.704918032786885,NA,NA,NA,NA,NA,NA,NA,NA,NA
2023-2024,Roanoke City,477,Western Virginia,school,327,410,Fairview Elementary,68.55345911949685,NA,NA,NA,NA,NA,NA,NA,NA,NA
2023-2024,Roanoke City,577,Western Virginia,school,365,50,Fallon Park Elementary,63.258232235701904,NA,NA,NA,NA,NA,NA,NA,NA,NA
2023-2024,Roanoke City,299,Western Virginia,school,151,380,Fishburn Park Elementary,50.50167224080268,NA,NA,NA,NA,NA,NA,NA,NA,NA
2023-2024,Roanoke City,312,Western Virginia,school,202,300,Garden City Elementary,64.74358974358975,NA,NA,NA,NA,NA,NA,NA,NA,NA
2023-2024,Roanoke City,361,Western Virginia,school,105,310,Grandin Court Elementary,29.085872576177284,NA,NA,NA,NA,NA,NA,NA,NA,NA
2023-2024,Roanoke City,384,Western Virginia,school,188,110,Highland Park Elementary,48.95833333333333,NA,NA,NA,NA,NA,NA,NA,NA,NA
2023-2024,Roanoke City,334,Western Virginia,school,242,420,Hurt Park Elementary,72.45508982035929,NA,NA,NA,NA,NA,NA,NA,NA,NA
2023-2024,Roanoke City,560,Western Virginia,school,308,450,James Madison Middle,55.00000000000001,NA,NA,NA,NA,NA,NA,NA,NA,NA
2023-2024,Roanoke City,582,Western Virginia,school,352,230,John P. Fishwick Middle,60.48109965635739,NA,NA,NA,NA,NA,NA,NA,NA,NA
2023-2024,Roanoke City,252,Western Virginia,school,182,340,Lincoln Terrace Elementary,72.22222222222221,NA,NA,NA,NA,NA,NA,NA,NA,NA
2023-2024,Roanoke City,493,Western Virginia,school,298,370,Monterey Elementary,60.446247464503045,NA,NA,NA,NA,NA,NA,NA,NA,NA
2023-2024,Roanoke City,237,Western Virginia,school,174,60,Morningside Elementary,73.41772151898735,NA,NA,NA,NA,NA,NA,NA,NA,NA
2023-2024,Roanoke City,2032,Western Virginia,school,NA,390,Patrick Henry High,NA,NA,NA,NA,NA,NA,NA,NA,NA,NA
2023-2024,Roanoke City,513,Western Virginia,school,326,240,Preston Park Elementary,63.547758284600384,NA,NA,NA,NA,NA,NA,NA,NA,NA
2023-2024,Roanoke City,428,Western Virginia,school,268,220,Roanoke Academy For Mathematics & Science Elementary,62.616822429906534,NA,NA,NA,NA,NA,NA,NA,NA,NA
2023-2024,Roanoke City,709,Western Virginia,school,475,320,Round Hill Elementary,66.99576868829337,NA,NA,NA,NA,NA,NA,NA,NA,NA
2023-2024,Roanoke City,260,Western Virginia,school,138,70,Virginia Heights Elementary,53.07692307692308,NA,NA,NA,NA,NA,NA,NA,NA,NA
2023-2024,Roanoke City,252,Western Virginia,school,137,90,Wasena Elementary,54.36507936507936,NA,NA,NA,NA,NA,NA,NA,NA,NA
2023-2024,Roanoke City,647,Western Virginia,school,433,350,Westside Elementary,66.9242658423493,NA,NA,NA,NA,NA,NA,NA,NA,NA
2023-2024,Roanoke City,1921,Western Virginia,school,NA,400,William Fleming High,NA,NA,NA,NA,NA,NA,NA,NA,NA,NA
2023-2024,Roanoke City,693,Western Virginia,school,385,150,Woodrow Wilson Middle,55.55555555555556,NA,NA,NA,NA,NA,NA,NA,NA,NA
2023-2024,Roanoke County,274,Western Virginia,school,62,420,Back Creek Elementary,22.62773722627737,NA,NA,NA,NA,NA,NA,NA,NA,NA
2023-2024,Roanoke County,314,Western Virginia,school,75,752,Bonsack Elementary,23.88535031847134,NA,NA,NA,NA,NA,NA,NA,NA,NA
2023-2024,Roanoke County,510,Western Virginia,school,298,180,Burlington Elementary,58.43137254901961,NA,NA,NA,NA,NA,NA,NA,NA,NA
2023-2024,Roanoke County,502,Western Virginia,school,126,560,Cave Spring Elementary,25.099601593625497,NA,NA,NA,NA,NA,NA,NA,NA,NA
2023-2024,Roanoke County,1075,Western Virginia,school,315,470,Cave Spring High,29.30232558139535,NA,NA,NA,NA,NA,NA,NA,NA,NA
2023-2024,Roanoke County,751,Western Virginia,school,217,620,Cave Spring Middle,28.894806924101196,NA,NA,NA,NA,NA,NA,NA,NA,NA
2023-2024,Roanoke County,306,Western Virginia,school,103,330,Clearbrook Elementary,33.66013071895425,NA,NA,NA,NA,NA,NA,NA,NA,NA
2023-2024,Roanoke County,247,Western Virginia,school,56,40,Fort Lewis Elementary,22.672064777327936,NA,NA,NA,NA,NA,NA,NA,NA,NA
2023-2024,Roanoke County,437,Western Virginia,school,212,650,Glen Cove Elementary,48.51258581235698,NA,NA,NA,NA,NA,NA,NA,NA,NA
2023-2024,Roanoke County,376,Western Virginia,school,162,490,Glenvar Elementary,43.08510638297872,NA,NA,NA,NA,NA,NA,NA,NA,NA
2023-2024,Roanoke County,622,Western Virginia,school,215,610,Glenvar High,34.565916398713824,NA,NA,NA,NA,NA,NA,NA,NA,NA
2023-2024,Roanoke County,424,Western Virginia,school,155,751,Glenvar Middle,36.556603773584904,NA,NA,NA,NA,NA,NA,NA,NA,NA
2023-2024,Roanoke County,493,Western Virginia,school,228,600,Green Valley Elementary,46.24746450304259,NA,NA,NA,NA,NA,NA,NA,NA,NA
2023-2024,Roanoke County,425,Western Virginia,school,208,540,Herman L. Horn Elementary,48.94117647058824,NA,NA,NA,NA,NA,NA,NA,NA,NA
2023-2024,Roanoke County,851,Western Virginia,school,228,754,Hidden Valley High,26.79200940070505,NA,NA,NA,NA,NA,NA,NA,NA,NA
2023-2024,Roanoke County,568,Western Virginia,school,146,10,Hidden Valley Middle,25.704225352112676,NA,NA,NA,NA,NA,NA,NA,NA,NA
2023-2024,Roanoke County,210,Western Virginia,school,81,530,Mason's Cove Elementary,38.57142857142858,NA,NA,NA,NA,NA,NA,NA,NA,NA
2023-2024,Roanoke County,258,Western Virginia,school,142,290,Mount Pleasant Elementary,55.03875968992248,NA,NA,NA,NA,NA,NA,NA,NA,NA
2023-2024,Roanoke County,378,Western Virginia,school,166,500,Mountain View Elementary,43.91534391534391,NA,NA,NA,NA,NA,NA,NA,NA,NA
2023-2024,Roanoke County,923,Western Virginia,school,389,520,Northside High,42.145178764897075,NA,NA,NA,NA,NA,NA,NA,NA,NA
2023-2024,Roanoke County,611,Western Virginia,school,283,640,Northside Middle,46.317512274959086,NA,NA,NA,NA,NA,NA,NA,NA,NA
2023-2024,Roanoke County,395,Western Virginia,school,170,480,Oak Grove Elementary,43.037974683544306,NA,NA,NA,NA,NA,NA,NA,NA,NA
2023-2024,Roanoke County,406,Western Virginia,school,109,50,Penn Forest Elementary,26.84729064039409,NA,NA,NA,NA,NA,NA,NA,NA,NA
2023-2024,Roanoke County,498,Western Virginia,school,242,60,W.E. Cundiff Elementary,48.59437751004016,NA,NA,NA,NA,NA,NA,NA,NA,NA
2023-2024,Roanoke County,1128,Western Virginia,school,435,630,William Byrd High,38.56382978723404,NA,NA,NA,NA,NA,NA,NA,NA,NA
2023-2024,Roanoke County,821,Western Virginia,school,393,232,William Byrd Middle,47.868453105968335,NA,NA,NA,NA,NA,NA,NA,NA,NA
2023-2024,Rockbridge County,460,Valley,school,247,650,Central Elementary,53.69565217391305,NA,NA,NA,NA,NA,NA,NA,NA,NA
2023-2024,Rockbridge County,224,Valley,school,110,150,Fairfield Elementary,49.107142857142854,NA,NA,NA,NA,NA,NA,NA,NA,NA
2023-2024,Rockbridge County,459,Valley,school,219,678,Maury River Middle,47.712418300653596,NA,NA,NA,NA,NA,NA,NA,NA,NA
2023-2024,Rockbridge County,140,Valley,school,82,340,Mountain View Elementary,58.57142857142858,NA,NA,NA,NA,NA,NA,NA,NA,NA
2023-2024,Rockbridge County,247,Valley,school,172,641,Natural Bridge Elementary,69.63562753036437,NA,NA,NA,NA,NA,NA,NA,NA,NA
2023-2024,Rockbridge County,966,Valley,school,372,22,Rockbridge County High,38.50931677018634,NA,NA,NA,NA,NA,NA,NA,NA,NA
2023-2024,Rockingham County,912,Valley,school,410,870,Broadway High,44.95614035087719,NA,NA,NA,NA,NA,NA,NA,NA,NA
2023-2024,Rockingham County,751,Valley,school,400,861,Cub Run Elementary,53.26231691078562,NA,NA,NA,NA,NA,NA,NA,NA,NA
2023-2024,Rockingham County,798,Valley,school,379,391,East Rockingham High,47.4937343358396,NA,NA,NA,NA,NA,NA,NA,NA,NA
2023-2024,Rockingham County,293,Valley,school,157,400,Elkton Elementary,53.58361774744027,NA,NA,NA,NA,NA,NA,NA,NA,NA
2023-2024,Rockingham County,608,Valley,school,306,900,Elkton Middle,50.32894736842105,NA,NA,NA,NA,NA,NA,NA,NA,NA
2023-2024,Rockingham County,154,Valley,school,87,940,Fulks Run Elementary,56.493506493506494,NA,NA,NA,NA,NA,NA,NA,NA,NA
2023-2024,Rockingham County,644,Valley,school,337,960,J. Frank Hillyard Middle,52.32919254658385,NA,NA,NA,NA,NA,NA,NA,NA,NA
2023-2024,Rockingham County,482,Valley,school,248,1071,John C. Myers Elementary,51.45228215767634,NA,NA,NA,NA,NA,NA,NA,NA,NA
2023-2024,Rockingham County,500,Valley,school,204,970,John W. Wayland Elementary,40.8,NA,NA,NA,NA,NA,NA,NA,NA,NA
2023-2024,Rockingham County,225,Valley,school,118,500,Lacey Spring Elementary,52.44444444444445,NA,NA,NA,NA,NA,NA,NA,NA,NA
2023-2024,Rockingham County,179,Valley,school,79,360,Linville-Edom Elementary,44.134078212290504,NA,NA,NA,NA,NA,NA,NA,NA,NA
2023-2024,Rockingham County,243,Valley,school,106,600,McGaheysville Elementary,43.62139917695473,NA,NA,NA,NA,NA,NA,NA,NA,NA
2023-2024,Rockingham County,619,Valley,school,290,860,Montevideo Middle,46.849757673667206,NA,NA,NA,NA,NA,NA,NA,NA,NA
2023-2024,Rockingham County,443,Valley,school,240,520,Mountain View Elementary,54.176072234762984,NA,NA,NA,NA,NA,NA,NA,NA,NA
2023-2024,Rockingham County,189,Valley,school,95,920,Ottobine Elementary,50.264550264550266,NA,NA,NA,NA,NA,NA,NA,NA,NA
2023-2024,Rockingham County,536,Valley,school,224,1073,Peak View Elementary,41.7910447761194,NA,NA,NA,NA,NA,NA,NA,NA,NA
2023-2024,Rockingham County,466,Valley,school,250,10,Plains Elementary,53.648068669527895,NA,NA,NA,NA,NA,NA,NA,NA,NA
2023-2024,Rockingham County,248,Valley,school,140,950,Pleasant Valley Elementary,56.451612903225815,NA,NA,NA,NA,NA,NA,NA,NA,NA
2023-2024,Rockingham County,342,Valley,school,199,390,River Bend Elementary,58.187134502923975,NA,NA,NA,NA,NA,NA,NA,NA,NA
2023-2024,Rockingham County,314,Valley,school,170,830,South River Elementary,54.14012738853503,NA,NA,NA,NA,NA,NA,NA,NA,NA
2023-2024,Rockingham County,935,Valley,school,385,20,Spotswood High,41.17647058823529,NA,NA,NA,NA,NA,NA,NA,NA,NA
2023-2024,Rockingham County,1018,Valley,school,406,850,Turner Ashby High,39.88212180746562,NA,NA,NA,NA,NA,NA,NA,NA,NA
2023-2024,Rockingham County,671,Valley,school,302,890,Wilbur S. Pence Middle,45.007451564828614,NA,NA,NA,NA,NA,NA,NA,NA,NA
2023-2024,Russell County,142,Southwest,school,62,580,Belfast Elementary,43.66197183098591,NA,NA,NA,NA,NA,NA,NA,NA,NA
2023-2024,Russell County,229,Southwest,school,155,792,Castlewood Elementary,67.68558951965066,NA,NA,NA,NA,NA,NA,NA,NA,NA
2023-2024,Russell County,295,Southwest,school,NA,791,Castlewood High,NA,NA,NA,NA,NA,NA,NA,NA,NA,NA
2023-2024,Russell County,145,Southwest,school,89,820,Copper Creek Elementary,61.37931034482759,NA,NA,NA,NA,NA,NA,NA,NA,NA
2023-2024,Russell County,626,Southwest,school,344,890,Honaker Elementary,54.9520766773163,NA,NA,NA,NA,NA,NA,NA,NA,NA
2023-2024,Russell County,437,Southwest,school,217,540,Honaker High,49.65675057208238,NA,NA,NA,NA,NA,NA,NA,NA,NA
2023-2024,Russell County,295,Southwest,school,168,410,Lebanon Elementary,56.949152542372886,NA,NA,NA,NA,NA,NA,NA,NA,NA
2023-2024,Russell County,598,Southwest,school,270,140,Lebanon High,45.1505016722408,NA,NA,NA,NA,NA,NA,NA,NA,NA
2023-2024,Russell County,305,Southwest,school,149,902,Lebanon Middle,48.85245901639344,NA,NA,NA,NA,NA,NA,NA,NA,NA
2023-2024,Russell County,289,Southwest,school,144,390,Lebanon Primary,49.82698961937716,NA,NA,NA,NA,NA,NA,NA,NA,NA
2023-2024,Russell County,93,Southwest,school,65,710,Swords Creek Elementary,69.89247311827957,NA,NA,NA,NA,NA,NA,NA,NA,NA
2023-2024,Salem City,850,Western Virginia,school,402,100,Andrew Lewis Middle,47.294117647058826,NA,NA,NA,NA,NA,NA,NA,NA,NA
2023-2024,Salem City,366,Western Virginia,school,210,550,East Salem Elementary,57.377049180327866,NA,NA,NA,NA,NA,NA,NA,NA,NA
2023-2024,Salem City,426,Western Virginia,school,226,90,G.W. Carver Elementary,53.051643192488264,NA,NA,NA,NA,NA,NA,NA,NA,NA
2023-2024,Salem City,1213,Western Virginia,school,499,70,Salem High,41.13767518549052,NA,NA,NA,NA,NA,NA,NA,NA,NA
2023-2024,Salem City,389,Western Virginia,school,167,580,South Salem Elementary,42.9305912596401,NA,NA,NA,NA,NA,NA,NA,NA,NA
2023-2024,Salem City,667,Western Virginia,school,244,350,Virginia Virtual Academy at Salem,36.58170914542729,NA,NA,NA,NA,NA,NA,NA,NA,NA
2023-2024,Salem City,407,Western Virginia,school,167,460,West Salem Elementary,41.03194103194103,NA,NA,NA,NA,NA,NA,NA,NA,NA
2023-2024,Scott County,294,Southwest,school,155,750,Duffield-Pattonsville Primary,52.721088435374156,NA,NA,NA,NA,NA,NA,NA,NA,NA
2023-2024,Scott County,137,Southwest,school,87,42,Dungannon Elementary School,63.503649635036496,NA,NA,NA,NA,NA,NA,NA,NA,NA
2023-2024,Scott County,607,Southwest,school,290,770,Gate City High,47.77594728171334,NA,NA,NA,NA,NA,NA,NA,NA,NA
2023-2024,Scott County,311,Southwest,school,146,771,Gate City Middle,46.94533762057878,NA,NA,NA,NA,NA,NA,NA,NA,NA
2023-2024,Scott County,153,Southwest,school,75,670,Hilton Elementary,49.01960784313725,NA,NA,NA,NA,NA,NA,NA,NA,NA
2023-2024,Scott County,294,Southwest,school,160,220,Nickelsville Elementary,54.421768707483,NA,NA,NA,NA,NA,NA,NA,NA,NA
2023-2024,Scott County,308,Southwest,school,195,260,Rye Cove High,63.31168831168831,NA,NA,NA,NA,NA,NA,NA,NA,NA
2023-2024,Scott County,155,Southwest,school,110,20,Rye Cove Intermediate,70.96774193548387,NA,NA,NA,NA,NA,NA,NA,NA,NA
2023-2024,Scott County,479,Southwest,school,242,641,Shoemaker Elementary,50.52192066805845,NA,NA,NA,NA,NA,NA,NA,NA,NA
2023-2024,Scott County,242,Southwest,school,135,780,Twin Springs High,55.78512396694215,NA,NA,NA,NA,NA,NA,NA,NA,NA
2023-2024,Scott County,735,Southwest,school,393,772,Virginia Connections Academy,53.46938775510204,NA,NA,NA,NA,NA,NA,NA,NA,NA
2023-2024,Scott County,367,Southwest,school,141,740,Weber City Elementary,38.41961852861036,NA,NA,NA,NA,NA,NA,NA,NA,NA
2023-2024,Scott County,192,Southwest,school,65,790,Yuma Elementary,33.85416666666667,NA,NA,NA,NA,NA,NA,NA,NA,NA
2023-2024,Shenandoah County,726,Northern Virginia,school,343,780,Central High,47.24517906336088,NA,NA,NA,NA,NA,NA,NA,NA,NA
2023-2024,Shenandoah County,678,Northern Virginia,school,379,820,Honey Run Elementary,55.899705014749266,NA,NA,NA,NA,NA,NA,NA,NA,NA
2023-2024,Shenandoah County,508,Northern Virginia,school,262,790,Mountain View High,51.574803149606296,NA,NA,NA,NA,NA,NA,NA,NA,NA
2023-2024,Shenandoah County,359,Northern Virginia,school,197,40,North Fork Middle,54.874651810584965,NA,NA,NA,NA,NA,NA,NA,NA,NA
2023-2024,Shenandoah County,499,Northern Virginia,school,260,30,Peter Muhlenberg Middle,52.104208416833664,NA,NA,NA,NA,NA,NA,NA,NA,NA
2023-2024,Shenandoah County,859,Northern Virginia,school,430,810,Sandy Hook Elementary,50.05820721769499,NA,NA,NA,NA,NA,NA,NA,NA,NA
2023-2024,Shenandoah County,402,Northern Virginia,school,184,50,Signal Knob Middle,45.77114427860697,NA,NA,NA,NA,NA,NA,NA,NA,NA
2023-2024,Shenandoah County,611,Northern Virginia,school,259,770,Strasburg High,42.38952536824877,NA,NA,NA,NA,NA,NA,NA,NA,NA
2023-2024,Shenandoah County,1051,Northern Virginia,school,611,20,W.W. Robinson Elementary,58.13510941960038,NA,NA,NA,NA,NA,NA,NA,NA,NA
2023-2024,Smyth County,171,Southwest,school,123,290,Atkins Elementary,71.9298245614035,NA,NA,NA,NA,NA,NA,NA,NA,NA
2023-2024,Smyth County,544,Southwest,school,303,730,Chilhowie Elementary,55.69852941176471,NA,NA,NA,NA,NA,NA,NA,NA,NA
2023-2024,Smyth County,401,Southwest,school,190,460,Chilhowie High,47.381546134663346,NA,NA,NA,NA,NA,NA,NA,NA,NA
2023-2024,Smyth County,295,Southwest,school,151,851,Chilhowie Middle,51.186440677966104,NA,NA,NA,NA,NA,NA,NA,NA,NA
2023-2024,Smyth County,309,Southwest,school,180,710,Marion Elementary,58.252427184466015,NA,NA,NA,NA,NA,NA,NA,NA,NA
2023-2024,Smyth County,389,Southwest,school,246,680,Marion Middle,63.239074550128535,NA,NA,NA,NA,NA,NA,NA,NA,NA
2023-2024,Smyth County,597,Southwest,school,324,700,Marion Senior High,54.2713567839196,NA,NA,NA,NA,NA,NA,NA,NA,NA
2023-2024,Smyth County,230,Southwest,school,132,250,Northwood High,57.391304347826086,NA,NA,NA,NA,NA,NA,NA,NA,NA
2023-2024,Smyth County,164,Southwest,school,107,120,Northwood Middle,65.2439024390244,NA,NA,NA,NA,NA,NA,NA,NA,NA
2023-2024,Smyth County,375,Southwest,school,245,690,Oak Point Elementary,65.33333333333333,NA,NA,NA,NA,NA,NA,NA,NA,NA
2023-2024,Smyth County,129,Southwest,school,70,720,Rich Valley Elementary,54.263565891472865,NA,NA,NA,NA,NA,NA,NA,NA,NA
2023-2024,Smyth County,190,Southwest,school,143,740,Saltville Elementary,75.26315789473685,NA,NA,NA,NA,NA,NA,NA,NA,NA
2023-2024,Smyth County,100,Southwest,school,60,555,Sugar Grove Elementary,60,NA,NA,NA,NA,NA,NA,NA,NA,NA
2023-2024,Southampton County,186,Tidewater,school,89,710,Capron Elementary,47.8494623655914,NA,NA,NA,NA,NA,NA,NA,NA,NA
2023-2024,Southampton County,235,Tidewater,school,114,20,Meherrin Elementary,48.51063829787234,NA,NA,NA,NA,NA,NA,NA,NA,NA
2023-2024,Southampton County,249,Tidewater,school,95,10,Nottoway Elementary,38.152610441767074,NA,NA,NA,NA,NA,NA,NA,NA,NA
2023-2024,Southampton County,569,Tidewater,school,275,780,Riverdale Elementary,48.33040421792619,NA,NA,NA,NA,NA,NA,NA,NA,NA
2023-2024,Southampton County,752,Tidewater,school,375,690,Southampton High,49.86702127659575,NA,NA,NA,NA,NA,NA,NA,NA,NA
2023-2024,Southampton County,532,Tidewater,school,275,700,Southampton Middle,51.691729323308266,NA,NA,NA,NA,NA,NA,NA,NA,NA
2023-2024,Spotsylvania County,668,Northern Neck,school,365,10,Battlefield Elementary,54.64071856287425,NA,NA,NA,NA,NA,NA,NA,NA,NA
2023-2024,Spotsylvania County,765,Northern Neck,school,494,50,Battlefield Middle,64.57516339869281,NA,NA,NA,NA,NA,NA,NA,NA,NA
2023-2024,Spotsylvania County,282,Northern Neck,school,158,340,Berkeley Elementary,56.02836879432624,NA,NA,NA,NA,NA,NA,NA,NA,NA
2023-2024,Spotsylvania County,691,Northern Neck,school,297,400,Brock Road Elementary,42.98118668596238,NA,NA,NA,NA,NA,NA,NA,NA,NA
2023-2024,Spotsylvania County,782,Northern Neck,school,409,511,Cedar Forest Elementary,52.30179028132992,NA,NA,NA,NA,NA,NA,NA,NA,NA
2023-2024,Spotsylvania County,439,Northern Neck,school,118,40,Chancellor Elementary,26.879271070615037,NA,NA,NA,NA,NA,NA,NA,NA,NA
2023-2024,Spotsylvania County,1379,Northern Neck,school,808,381,Chancellor High,58.59318346627991,NA,NA,NA,NA,NA,NA,NA,NA,NA
2023-2024,Spotsylvania County,791,Northern Neck,school,458,382,Chancellor Middle,57.901390644753484,NA,NA,NA,NA,NA,NA,NA,NA,NA
2023-2024,Spotsylvania County,769,Northern Neck,school,422,501,Courthouse Road Elementary,54.876462938881666,NA,NA,NA,NA,NA,NA,NA,NA,NA
2023-2024,Spotsylvania County,564,Northern Neck,school,282,22,Courtland Elementary,50,NA,NA,NA,NA,NA,NA,NA,NA,NA
2023-2024,Spotsylvania County,1498,Northern Neck,school,754,20,Courtland High,50.33377837116155,NA,NA,NA,NA,NA,NA,NA,NA,NA
2023-2024,Spotsylvania County,753,Northern Neck,school,473,509,Freedom Middle,62.81540504648074,NA,NA,NA,NA,NA,NA,NA,NA,NA
2023-2024,Spotsylvania County,732,Northern Neck,school,458,507,Harrison Road Elementary,62.568306010928964,NA,NA,NA,NA,NA,NA,NA,NA,NA
2023-2024,Spotsylvania County,683,Northern Neck,school,355,30,Lee Hill Elementary,51.97657393850659,NA,NA,NA,NA,NA,NA,NA,NA,NA
2023-2024,Spotsylvania County,448,Northern Neck,school,243,350,Livingston Elementary,54.24107142857143,NA,NA,NA,NA,NA,NA,NA,NA,NA
2023-2024,Spotsylvania County,1715,Northern Neck,school,853,506,Massaponax High,49.737609329446066,NA,NA,NA,NA,NA,NA,NA,NA,NA
2023-2024,Spotsylvania County,715,Northern Neck,school,293,505,Ni River Middle,40.97902097902098,NA,NA,NA,NA,NA,NA,NA,NA,NA
2023-2024,Spotsylvania County,925,Northern Neck,school,522,508,Parkside Elementary,56.432432432432435,NA,NA,NA,NA,NA,NA,NA,NA,NA
2023-2024,Spotsylvania County,711,Northern Neck,school,382,220,Post Oak Middle,53.727144866385366,NA,NA,NA,NA,NA,NA,NA,NA,NA
2023-2024,Spotsylvania County,1953,Northern Neck,school,767,510,Riverbend High,39.27291346646186,NA,NA,NA,NA,NA,NA,NA,NA,NA
2023-2024,Spotsylvania County,679,Northern Neck,school,326,503,Riverview Elementary,48.01178203240059,NA,NA,NA,NA,NA,NA,NA,NA,NA
2023-2024,Spotsylvania County,582,Northern Neck,school,351,60,Salem Elementary,60.30927835051546,NA,NA,NA,NA,NA,NA,NA,NA,NA
2023-2024,Spotsylvania County,704,Northern Neck,school,371,390,Smith Station Elementary,52.69886363636363,NA,NA,NA,NA,NA,NA,NA,NA,NA
2023-2024,Spotsylvania County,524,Northern Neck,school,338,360,Spotswood Elementary,64.50381679389314,NA,NA,NA,NA,NA,NA,NA,NA,NA
2023-2024,Spotsylvania County,594,Northern Neck,school,300,130,Spotsylvania Elementary,50.505050505050505,NA,NA,NA,NA,NA,NA,NA,NA,NA
2023-2024,Spotsylvania County,1328,Northern Neck,school,642,370,Spotsylvania High,48.3433734939759,NA,NA,NA,NA,NA,NA,NA,NA,NA
2023-2024,Spotsylvania County,1005,Northern Neck,school,506,330,Spotsylvania Middle,50.34825870646766,NA,NA,NA,NA,NA,NA,NA,NA,NA
2023-2024,Spotsylvania County,735,Northern Neck,school,422,502,Thornburg Middle,57.41496598639456,NA,NA,NA,NA,NA,NA,NA,NA,NA
2023-2024,Spotsylvania County,650,Northern Neck,school,321,504,Wilderness Elementary,49.38461538461538,NA,NA,NA,NA,NA,NA,NA,NA,NA
2023-2024,Stafford County,842,Northern Neck,school,295,40,Andrew G. Wright Middle,35.03562945368171,NA,NA,NA,NA,NA,NA,NA,NA,NA
2023-2024,Stafford County,841,Northern Neck,school,526,260,Anne E. Moncure Elementary,62.544589774078474,NA,NA,NA,NA,NA,NA,NA,NA,NA
2023-2024,Stafford County,747,Northern Neck,school,335,433,Anthony Burns Elementary,44.84605087014726,NA,NA,NA,NA,NA,NA,NA,NA,NA
2023-2024,Stafford County,2242,Northern Neck,school,871,421,Brooke Point High,38.84924174843889,NA,NA,NA,NA,NA,NA,NA,NA,NA
2023-2024,Stafford County,1991,Northern Neck,school,560,424,Colonial Forge High,28.126569563033648,NA,NA,NA,NA,NA,NA,NA,NA,NA
2023-2024,Stafford County,918,Northern Neck,school,464,431,Conway Elementary,50.54466230936819,NA,NA,NA,NA,NA,NA,NA,NA,NA
2023-2024,Stafford County,879,Northern Neck,school,317,432,Donald B. Dixon-Lyle R. Smith Middle,36.063708759954494,NA,NA,NA,NA,NA,NA,NA,NA,NA
2023-2024,Stafford County,601,Northern Neck,school,296,10,Edward E. Drew Jr. Middle,49.25124792013311,NA,NA,NA,NA,NA,NA,NA,NA,NA
2023-2024,Stafford County,728,Northern Neck,school,366,280,Falmouth Elementary,50.27472527472527,NA,NA,NA,NA,NA,NA,NA,NA,NA
2023-2024,Stafford County,551,Northern Neck,school,266,230,Ferry Farm Elementary,48.275862068965516,NA,NA,NA,NA,NA,NA,NA,NA,NA
2023-2024,Stafford County,752,Northern Neck,school,284,41,Garrisonville Elementary,37.765957446808514,NA,NA,NA,NA,NA,NA,NA,NA,NA
2023-2024,Stafford County,744,Northern Neck,school,262,270,Grafton Village Elementary,35.215053763440864,NA,NA,NA,NA,NA,NA,NA,NA,NA
2023-2024,Stafford County,1026,Northern Neck,school,415,422,H.H. Poole Middle,40.448343079922026,NA,NA,NA,NA,NA,NA,NA,NA,NA
2023-2024,Stafford County,904,Northern Neck,school,290,320,Hampton Oaks Elementary,32.07964601769911,NA,NA,NA,NA,NA,NA,NA,NA,NA
2023-2024,Stafford County,610,Northern Neck,school,187,250,Hartwood Elementary,30.655737704918035,NA,NA,NA,NA,NA,NA,NA,NA,NA
2023-2024,Stafford County,787,Northern Neck,school,468,427,Kate Waller Barrett Elementary,59.46632782719187,NA,NA,NA,NA,NA,NA,NA,NA,NA
2023-2024,Stafford County,807,Northern Neck,school,195,429,Margaret Brent Elementary,24.1635687732342,NA,NA,NA,NA,NA,NA,NA,NA,NA
2023-2024,Stafford County,2208,Northern Neck,school,549,430,Mountain View High,24.86413043478261,NA,NA,NA,NA,NA,NA,NA,NA,NA
2023-2024,Stafford County,2054,Northern Neck,school,959,30,North Stafford High,46.68938656280429,NA,NA,NA,NA,NA,NA,NA,NA,NA
2023-2024,Stafford County,281,Northern Neck,school,148,992,North Star Early Childhood Education Center,52.66903914590747,NA,NA,NA,NA,NA,NA,NA,NA,NA
2023-2024,Stafford County,881,Northern Neck,school,289,300,Park Ridge Elementary,32.803632236095346,NA,NA,NA,NA,NA,NA,NA,NA,NA
2023-2024,Stafford County,346,Northern Neck,school,201,920,Rising Star Early Childhood Education Center at Melchers,58.092485549132945,NA,NA,NA,NA,NA,NA,NA,NA,NA
2023-2024,Stafford County,646,Northern Neck,school,239,60,Rockhill Elementary,36.9969040247678,NA,NA,NA,NA,NA,NA,NA,NA,NA
2023-2024,Stafford County,906,Northern Neck,school,427,425,Rocky Run Elementary,47.13024282560706,NA,NA,NA,NA,NA,NA,NA,NA,NA
2023-2024,Stafford County,1033,Northern Neck,school,260,426,Rodney E. Thompson Middle,25.169409486931265,NA,NA,NA,NA,NA,NA,NA,NA,NA
2023-2024,Stafford County,952,Northern Neck,school,530,440,Shirley C. Heim Middle,55.67226890756303,NA,NA,NA,NA,NA,NA,NA,NA,NA
2023-2024,Stafford County,815,Northern Neck,school,332,111,Stafford Elementary,40.736196319018404,NA,NA,NA,NA,NA,NA,NA,NA,NA
2023-2024,Stafford County,931,Northern Neck,school,477,112,Stafford Middle,51.23523093447906,NA,NA,NA,NA,NA,NA,NA,NA,NA
2023-2024,Stafford County,2229,Northern Neck,school,901,20,Stafford Senior High,40.421713772992376,NA,NA,NA,NA,NA,NA,NA,NA,NA
2023-2024,Stafford County,929,Northern Neck,school,362,162,T. Benton Gayle Middle,38.966630785791175,NA,NA,NA,NA,NA,NA,NA,NA,NA
2023-2024,Stafford County,680,Northern Neck,school,346,50,Widewater Elementary,50.882352941176464,NA,NA,NA,NA,NA,NA,NA,NA,NA
2023-2024,Stafford County,839,Northern Neck,school,300,423,Winding Creek Elementary,35.75685339690107,NA,NA,NA,NA,NA,NA,NA,NA,NA
2023-2024,Staunton City,370,Valley,school,178,40,Arthur R. Ware Elementary,48.10810810810811,NA,NA,NA,NA,NA,NA,NA,NA,NA
2023-2024,Staunton City,377,Valley,school,228,70,Bessie Weller Elementary,60.47745358090185,NA,NA,NA,NA,NA,NA,NA,NA,NA
2023-2024,Staunton City,589,Valley,school,302,110,Shelburne Middle,51.273344651952456,NA,NA,NA,NA,NA,NA,NA,NA,NA
2023-2024,Staunton City,143,Valley,school,86,41,Staunton City School PreSchool Programs,60.13986013986013,NA,NA,NA,NA,NA,NA,NA,NA,NA
2023-2024,Staunton City,790,Valley,school,331,30,Staunton High,41.89873417721519,NA,NA,NA,NA,NA,NA,NA,NA,NA
2023-2024,Staunton City,429,Valley,school,187,90,Thomas C. McSwain Elementary,43.58974358974359,NA,NA,NA,NA,NA,NA,NA,NA,NA
2023-2024,Suffolk City,342,Tidewater,school,260,50,Booker T. Washington Elementary,76.0233918128655,NA,NA,NA,NA,NA,NA,NA,NA,NA
2023-2024,Suffolk City,728,Tidewater,school,282,397,Colonel Fred Cherry Middle,38.73626373626374,NA,NA,NA,NA,NA,NA,NA,NA,NA
2023-2024,Suffolk City,747,Tidewater,school,299,440,Creekside Elementary,40.02677376171352,NA,NA,NA,NA,NA,NA,NA,NA,NA
2023-2024,Suffolk City,644,Tidewater,school,392,210,Elephant's Fork Elementary,60.86956521739131,NA,NA,NA,NA,NA,NA,NA,NA,NA
2023-2024,Suffolk City,874,Tidewater,school,311,90,Florence Bowser Elementary,35.58352402745996,NA,NA,NA,NA,NA,NA,NA,NA,NA
2023-2024,Suffolk City,444,Tidewater,school,184,390,Forest Glen Middle,41.44144144144144,NA,NA,NA,NA,NA,NA,NA,NA,NA
2023-2024,Suffolk City,739,Tidewater,school,373,450,Hillpoint Elementary,50.47361299052774,NA,NA,NA,NA,NA,NA,NA,NA,NA
2023-2024,Suffolk City,546,Tidewater,school,346,370,John F. Kennedy Middle,63.369963369963365,NA,NA,NA,NA,NA,NA,NA,NA,NA
2023-2024,Suffolk City,517,Tidewater,school,100,380,John Yeates Middle,19.342359767891683,NA,NA,NA,NA,NA,NA,NA,NA,NA
2023-2024,Suffolk City,460,Tidewater,school,220,230,Kilby Shores Elementary,47.82608695652174,NA,NA,NA,NA,NA,NA,NA,NA,NA
2023-2024,Suffolk City,1666,Tidewater,school,767,395,King's Fork High,46.03841536614646,NA,NA,NA,NA,NA,NA,NA,NA,NA
2023-2024,Suffolk City,984,Tidewater,school,548,393,King's Fork Middle,55.6910569105691,NA,NA,NA,NA,NA,NA,NA,NA,NA
2023-2024,Suffolk City,1067,Tidewater,school,548,300,Lakeland High,51.35895032802249,NA,NA,NA,NA,NA,NA,NA,NA,NA
2023-2024,Suffolk City,704,Tidewater,school,472,330,Mack Benn Jr. Elementary,67.04545454545455,NA,NA,NA,NA,NA,NA,NA,NA,NA
2023-2024,Suffolk City,448,Tidewater,school,205,220,Nansemond Parkway Elementary,45.75892857142857,NA,NA,NA,NA,NA,NA,NA,NA,NA
2023-2024,Suffolk City,1681,Tidewater,school,478,240,Nansemond River High,28.435455086258184,NA,NA,NA,NA,NA,NA,NA,NA,NA
2023-2024,Suffolk City,837,Tidewater,school,246,391,Northern Shores Elementary,29.39068100358423,NA,NA,NA,NA,NA,NA,NA,NA,NA
2023-2024,Suffolk City,483,Tidewater,school,194,70,Oakland Elementary,40.165631469979296,NA,NA,NA,NA,NA,NA,NA,NA,NA
2023-2024,Suffolk City,609,Tidewater,school,270,47,Southwestern Elementary,44.33497536945813,NA,NA,NA,NA,NA,NA,NA,NA,NA
2023-2024,Surry County,208,Central Virginia,school,114,30,Luther P. Jackson Middle,54.807692307692314,NA,NA,NA,NA,NA,NA,NA,NA,NA
2023-2024,Surry County,203,Central Virginia,school,101,10,Surry County High,49.75369458128079,NA,NA,NA,NA,NA,NA,NA,NA,NA
2023-2024,Surry County,283,Central Virginia,school,169,20,Surry Elementary,59.717314487632514,NA,NA,NA,NA,NA,NA,NA,NA,NA
2023-2024,Sussex County,448,Central Virginia,school,355,483,Sussex Central Elementary,79.24107142857143,NA,NA,NA,NA,NA,NA,NA,NA,NA
2023-2024,Sussex County,321,Central Virginia,school,217,340,Sussex Central High,67.601246105919,NA,NA,NA,NA,NA,NA,NA,NA,NA
2023-2024,Sussex County,225,Central Virginia,school,165,482,Sussex Central Middle,73.33333333333333,NA,NA,NA,NA,NA,NA,NA,NA,NA
2023-2024,Tazewell County,155,Southwest,school,91,1020,Abb's Valley-Boissevain Elementary,58.70967741935483,NA,NA,NA,NA,NA,NA,NA,NA,NA
2023-2024,Tazewell County,349,Southwest,school,192,830,Cedar Bluff Elementary,55.014326647564474,NA,NA,NA,NA,NA,NA,NA,NA,NA
2023-2024,Tazewell County,242,Southwest,school,122,750,Dudley Primary,50.413223140495866,NA,NA,NA,NA,NA,NA,NA,NA,NA
2023-2024,Tazewell County,535,Southwest,school,221,940,Graham High,41.308411214953274,NA,NA,NA,NA,NA,NA,NA,NA,NA
2023-2024,Tazewell County,383,Southwest,school,196,960,Graham Intermediate,51.174934725848566,NA,NA,NA,NA,NA,NA,NA,NA,NA
2023-2024,Tazewell County,325,Southwest,school,145,10,Graham Middle,44.61538461538462,NA,NA,NA,NA,NA,NA,NA,NA,NA
2023-2024,Tazewell County,561,Southwest,school,393,822,Richlands Elementary,70.05347593582889,NA,NA,NA,NA,NA,NA,NA,NA,NA
2023-2024,Tazewell County,600,Southwest,school,344,821,Richlands High,57.333333333333336,NA,NA,NA,NA,NA,NA,NA,NA,NA
2023-2024,Tazewell County,471,Southwest,school,296,823,Richlands Middle,62.84501061571125,NA,NA,NA,NA,NA,NA,NA,NA,NA
2023-2024,Tazewell County,509,Southwest,school,275,890,Tazewell High,54.02750491159135,NA,NA,NA,NA,NA,NA,NA,NA,NA
2023-2024,Tazewell County,364,Southwest,school,236,450,Tazewell Intermediate,64.83516483516483,NA,NA,NA,NA,NA,NA,NA,NA,NA
2023-2024,Tazewell County,378,Southwest,school,236,100,Tazewell Middle,62.43386243386243,NA,NA,NA,NA,NA,NA,NA,NA,NA
2023-2024,Tazewell County,435,Southwest,school,294,1030,Tazewell Primary,67.58620689655173,NA,NA,NA,NA,NA,NA,NA,NA,NA
2023-2024,Virginia Beach City,627,Tidewater,school,294,590,Alanton Elementary,46.889952153110045,NA,NA,NA,NA,NA,NA,NA,NA,NA
2023-2024,Virginia Beach City,537,Tidewater,school,313,550,Arrowhead Elementary,58.28677839851024,NA,NA,NA,NA,NA,NA,NA,NA,NA
2023-2024,Virginia Beach City,316,Tidewater,school,234,115,Bayside 6th Grade Campus,74.0506329113924,NA,NA,NA,NA,NA,NA,NA,NA,NA
2023-2024,Virginia Beach City,500,Tidewater,school,338,280,Bayside Elementary,67.60000000000001,NA,NA,NA,NA,NA,NA,NA,NA,NA
2023-2024,Virginia Beach City,1994,Tidewater,school,NA,530,Bayside High,NA,NA,NA,NA,NA,NA,NA,NA,NA,NA
2023-2024,Virginia Beach City,702,Tidewater,school,525,700,Bayside Middle,74.78632478632478,NA,NA,NA,NA,NA,NA,NA,NA,NA
2023-2024,Virginia Beach City,627,Tidewater,school,404,60,Birdneck Elementary,64.43381180223285,NA,NA,NA,NA,NA,NA,NA,NA,NA
2023-2024,Virginia Beach City,1024,Tidewater,school,569,790,Brandon Middle,55.56640625,NA,NA,NA,NA,NA,NA,NA,NA,NA
2023-2024,Virginia Beach City,579,Tidewater,school,337,630,Brookwood Elementary,58.20379965457686,NA,NA,NA,NA,NA,NA,NA,NA,NA
2023-2024,Virginia Beach City,568,Tidewater,school,184,40,Centerville Elementary,32.3943661971831,NA,NA,NA,NA,NA,NA,NA,NA,NA
2023-2024,Virginia Beach City,616,Tidewater,school,221,990,Christopher Farms Elementary,35.87662337662338,NA,NA,NA,NA,NA,NA,NA,NA,NA
2023-2024,Virginia Beach City,479,Tidewater,school,364,720,College Park Elementary,75.99164926931107,NA,NA,NA,NA,NA,NA,NA,NA,NA
2023-2024,Virginia Beach City,400,Tidewater,school,238,1041,Corporate Landing Elementary,59.5,NA,NA,NA,NA,NA,NA,NA,NA,NA
2023-2024,Virginia Beach City,1040,Tidewater,school,541,980,Corporate Landing Middle,52.019230769230774,NA,NA,NA,NA,NA,NA,NA,NA,NA
2023-2024,Virginia Beach City,323,Tidewater,school,74,230,Creeds Elementary,22.910216718266255,NA,NA,NA,NA,NA,NA,NA,NA,NA
2023-2024,Virginia Beach City,499,Tidewater,school,378,106,Diamond Springs Elementary,75.75150300601202,NA,NA,NA,NA,NA,NA,NA,NA,NA
2023-2024,Virginia Beach City,471,Tidewater,school,207,780,Fairfield Elementary,43.94904458598726,NA,NA,NA,NA,NA,NA,NA,NA,NA
2023-2024,Virginia Beach City,1735,Tidewater,school,800,610,First Colonial High,46.10951008645533,NA,NA,NA,NA,NA,NA,NA,NA,NA
2023-2024,Virginia Beach City,1896,Tidewater,school,300,440,Floyd Kellam High,15.822784810126583,NA,NA,NA,NA,NA,NA,NA,NA,NA
2023-2024,Virginia Beach City,1655,Tidewater,school,553,30,Frank W. Cox High,33.41389728096677,NA,NA,NA,NA,NA,NA,NA,NA,NA
2023-2024,Virginia Beach City,979,Tidewater,school,448,870,Glenwood Elementary,45.76098059244127,NA,NA,NA,NA,NA,NA,NA,NA,NA
2023-2024,Virginia Beach City,1059,Tidewater,school,347,430,Great Neck Middle,32.76676109537299,NA,NA,NA,NA,NA,NA,NA,NA,NA
2023-2024,Virginia Beach City,377,Tidewater,school,191,1050,Green Run Collegiate,50.663129973474796,NA,NA,NA,NA,NA,NA,NA,NA,NA
2023-2024,Virginia Beach City,326,Tidewater,school,210,770,Green Run Elementary,64.41717791411043,NA,NA,NA,NA,NA,NA,NA,NA,NA
2023-2024,Virginia Beach City,1452,Tidewater,school,937,10,Green Run High,64.53168044077135,NA,NA,NA,NA,NA,NA,NA,NA,NA
2023-2024,Virginia Beach City,549,Tidewater,school,258,540,Hermitage Elementary,46.994535519125684,NA,NA,NA,NA,NA,NA,NA,NA,NA
2023-2024,Virginia Beach City,458,Tidewater,school,349,600,Holland Elementary,76.2008733624454,NA,NA,NA,NA,NA,NA,NA,NA,NA
2023-2024,Virginia Beach City,1211,Tidewater,school,669,740,Independence Middle,55.24360033030553,NA,NA,NA,NA,NA,NA,NA,NA,NA
2023-2024,Virginia Beach City,494,Tidewater,school,221,800,Indian Lakes Elementary,44.73684210526316,NA,NA,NA,NA,NA,NA,NA,NA,NA
2023-2024,Virginia Beach City,734,Tidewater,school,169,360,John B. Dey Elementary,23.024523160762943,NA,NA,NA,NA,NA,NA,NA,NA,NA
2023-2024,Virginia Beach City,482,Tidewater,school,205,450,Kempsville Elementary,42.531120331950206,NA,NA,NA,NA,NA,NA,NA,NA,NA
2023-2024,Virginia Beach City,2058,Tidewater,school,969,620,Kempsville High,47.08454810495627,NA,NA,NA,NA,NA,NA,NA,NA,NA
2023-2024,Virginia Beach City,442,Tidewater,school,217,410,Kempsville Meadows Elementary,49.095022624434385,NA,NA,NA,NA,NA,NA,NA,NA,NA
2023-2024,Virginia Beach City,703,Tidewater,school,309,690,Kempsville Middle,43.95448079658606,NA,NA,NA,NA,NA,NA,NA,NA,NA
2023-2024,Virginia Beach City,486,Tidewater,school,227,420,King's Grant Elementary,46.70781893004115,NA,NA,NA,NA,NA,NA,NA,NA,NA
2023-2024,Virginia Beach City,517,Tidewater,school,63,580,Kingston Elementary,12.18568665377176,NA,NA,NA,NA,NA,NA,NA,NA,NA
2023-2024,Virginia Beach City,624,Tidewater,school,277,932,Landstown Elementary,44.391025641025635,NA,NA,NA,NA,NA,NA,NA,NA,NA
2023-2024,Virginia Beach City,2216,Tidewater,school,970,1030,Landstown High,43.772563176895304,NA,NA,NA,NA,NA,NA,NA,NA,NA
2023-2024,Virginia Beach City,1268,Tidewater,school,558,931,Landstown Middle,44.00630914826498,NA,NA,NA,NA,NA,NA,NA,NA,NA
2023-2024,Virginia Beach City,1483,Tidewater,school,998,970,Larkspur Middle,67.29602157788267,NA,NA,NA,NA,NA,NA,NA,NA,NA
2023-2024,Virginia Beach City,526,Tidewater,school,269,330,Linkhorn Park Elementary,51.14068441064639,NA,NA,NA,NA,NA,NA,NA,NA,NA
2023-2024,Virginia Beach City,515,Tidewater,school,312,460,Luxford Elementary,60.58252427184466,NA,NA,NA,NA,NA,NA,NA,NA,NA
2023-2024,Virginia Beach City,374,Tidewater,school,252,520,Lynnhaven Elementary,67.37967914438502,NA,NA,NA,NA,NA,NA,NA,NA,NA
2023-2024,Virginia Beach City,724,Tidewater,school,392,730,Lynnhaven Middle,54.14364640883977,NA,NA,NA,NA,NA,NA,NA,NA,NA
2023-2024,Virginia Beach City,421,Tidewater,school,220,500,Malibu Elementary,52.25653206650831,NA,NA,NA,NA,NA,NA,NA,NA,NA
2023-2024,Virginia Beach City,723,Tidewater,school,191,1020,New Castle Elementary,26.41770401106501,NA,NA,NA,NA,NA,NA,NA,NA,NA
2023-2024,Virginia Beach City,430,Tidewater,school,341,710,Newtown Elementary,79.30232558139535,NA,NA,NA,NA,NA,NA,NA,NA,NA
2023-2024,Virginia Beach City,446,Tidewater,school,94,760,North Landing Elementary,21.076233183856502,NA,NA,NA,NA,NA,NA,NA,NA,NA
2023-2024,Virginia Beach City,565,Tidewater,school,199,880,Ocean Lakes Elementary,35.2212389380531,NA,NA,NA,NA,NA,NA,NA,NA,NA
2023-2024,Virginia Beach City,1819,Tidewater,school,616,960,Ocean Lakes High,33.86476085761407,NA,NA,NA,NA,NA,NA,NA,NA,NA
2023-2024,Virginia Beach City,1346,Tidewater,school,239,80,Old Donation School,17.75631500742942,NA,NA,NA,NA,NA,NA,NA,NA,NA
2023-2024,Virginia Beach City,456,Tidewater,school,347,820,Parkway Elementary,76.09649122807018,NA,NA,NA,NA,NA,NA,NA,NA,NA
2023-2024,Virginia Beach City,539,Tidewater,school,341,490,Pembroke Elementary,63.26530612244898,NA,NA,NA,NA,NA,NA,NA,NA,NA
2023-2024,Virginia Beach City,495,Tidewater,school,242,660,Pembroke Meadows Elementary,48.888888888888886,NA,NA,NA,NA,NA,NA,NA,NA,NA
2023-2024,Virginia Beach City,1056,Tidewater,school,570,640,Plaza Middle,53.97727272727273,NA,NA,NA,NA,NA,NA,NA,NA,NA
2023-2024,Virginia Beach City,733,Tidewater,school,489,680,Point O' View Elementary,66.71214188267395,NA,NA,NA,NA,NA,NA,NA,NA,NA
2023-2024,Virginia Beach City,626,Tidewater,school,70,340,Princess Anne Elementary,11.182108626198083,NA,NA,NA,NA,NA,NA,NA,NA,NA
2023-2024,Virginia Beach City,1720,Tidewater,school,653,321,Princess Anne High,37.96511627906977,NA,NA,NA,NA,NA,NA,NA,NA,NA
2023-2024,Virginia Beach City,1333,Tidewater,school,224,750,Princess Anne Middle,16.804201050262566,NA,NA,NA,NA,NA,NA,NA,NA,NA
2023-2024,Virginia Beach City,542,Tidewater,school,239,692,Providence Elementary,44.095940959409596,NA,NA,NA,NA,NA,NA,NA,NA,NA
2023-2024,Virginia Beach City,557,Tidewater,school,83,900,Red Mill Elementary,14.90125673249551,NA,NA,NA,NA,NA,NA,NA,NA,NA
2023-2024,Virginia Beach City,388,Tidewater,school,242,810,Rosemont Elementary,62.371134020618555,NA,NA,NA,NA,NA,NA,NA,NA,NA
2023-2024,Virginia Beach City,504,Tidewater,school,166,840,Rosemont Forest Elementary,32.93650793650794,NA,NA,NA,NA,NA,NA,NA,NA,NA
2023-2024,Virginia Beach City,572,Tidewater,school,221,830,Salem Elementary,38.63636363636363,NA,NA,NA,NA,NA,NA,NA,NA,NA
2023-2024,Virginia Beach City,1684,Tidewater,school,676,850,Salem High,40.142517814726844,NA,NA,NA,NA,NA,NA,NA,NA,NA
2023-2024,Virginia Beach City,1101,Tidewater,school,446,50,Salem Middle,40.508628519527704,NA,NA,NA,NA,NA,NA,NA,NA,NA
2023-2024,Virginia Beach City,404,Tidewater,school,326,290,Seatack Elementary an Achievable Dream Academy,80.6930693069307,NA,NA,NA,NA,NA,NA,NA,NA,NA
2023-2024,Virginia Beach City,462,Tidewater,school,231,300,Shelton Park Elementary,50,NA,NA,NA,NA,NA,NA,NA,NA,NA
2023-2024,Virginia Beach City,615,Tidewater,school,142,940,Strawbridge Elementary,23.089430894308943,NA,NA,NA,NA,NA,NA,NA,NA,NA
2023-2024,Virginia Beach City,539,Tidewater,school,266,910,Tallwood Elementary,49.35064935064935,NA,NA,NA,NA,NA,NA,NA,NA,NA
2023-2024,Virginia Beach City,1882,Tidewater,school,897,920,Tallwood High,47.66206163655685,NA,NA,NA,NA,NA,NA,NA,NA,NA
2023-2024,Virginia Beach City,584,Tidewater,school,350,350,Thalia Elementary,59.93150684931506,NA,NA,NA,NA,NA,NA,NA,NA,NA
2023-2024,Virginia Beach City,754,Tidewater,school,164,400,Thoroughgood Elementary,21.750663129973475,NA,NA,NA,NA,NA,NA,NA,NA,NA
2023-2024,Virginia Beach City,710,Tidewater,school,141,100,Three Oaks Elementary,19.859154929577468,NA,NA,NA,NA,NA,NA,NA,NA,NA
2023-2024,Virginia Beach City,526,Tidewater,school,143,510,Trantwood Elementary,27.186311787072242,NA,NA,NA,NA,NA,NA,NA,NA,NA
2023-2024,Virginia Beach City,637,Tidewater,school,403,140,Virginia Beach Middle,63.26530612244898,NA,NA,NA,NA,NA,NA,NA,NA,NA
2023-2024,Virginia Beach City,559,Tidewater,school,255,130,W.T. Cooke Elementary,45.61717352415027,NA,NA,NA,NA,NA,NA,NA,NA,NA
2023-2024,Virginia Beach City,645,Tidewater,school,398,20,White Oaks Elementary,61.70542635658914,NA,NA,NA,NA,NA,NA,NA,NA,NA
2023-2024,Virginia Beach City,440,Tidewater,school,340,470,Williams Elementary,77.27272727272727,NA,NA,NA,NA,NA,NA,NA,NA,NA
2023-2024,Virginia Beach City,492,Tidewater,school,292,670,Windsor Oaks Elementary,59.34959349593496,NA,NA,NA,NA,NA,NA,NA,NA,NA
2023-2024,Virginia Beach City,437,Tidewater,school,219,560,Windsor Woods Elementary,50.11441647597255,NA,NA,NA,NA,NA,NA,NA,NA,NA
2023-2024,Virginia Beach City,691,Tidewater,school,378,390,Woodstock Elementary,54.70332850940666,NA,NA,NA,NA,NA,NA,NA,NA,NA
2023-2024,Warren County,265,Northern Virginia,school,93,90,A.S. Rhodes Elementary,35.094339622641506,NA,NA,NA,NA,NA,NA,NA,NA,NA
2023-2024,Warren County,439,Northern Virginia,school,276,140,E. Wilson Morrison Elementary,62.87015945330297,NA,NA,NA,NA,NA,NA,NA,NA,NA
2023-2024,Warren County,470,Northern Virginia,school,196,371,Hilda J. Barbour Elementary,41.702127659574465,NA,NA,NA,NA,NA,NA,NA,NA,NA
2023-2024,Warren County,510,Northern Virginia,school,222,20,Leslie Fox Keyser Elementary,43.529411764705884,NA,NA,NA,NA,NA,NA,NA,NA,NA
2023-2024,Warren County,643,Northern Virginia,school,326,240,Ressie Jeffries Elementary,50.69984447900466,NA,NA,NA,NA,NA,NA,NA,NA,NA
2023-2024,Warren County,882,Northern Virginia,school,399,250,Skyline High,45.23809523809524,NA,NA,NA,NA,NA,NA,NA,NA,NA
2023-2024,Warren County,579,Northern Virginia,school,278,260,Skyline Middle,48.01381692573403,NA,NA,NA,NA,NA,NA,NA,NA,NA
2023-2024,Warren County,818,Northern Virginia,school,313,230,Warren County High,38.2640586797066,NA,NA,NA,NA,NA,NA,NA,NA,NA
2023-2024,Warren County,530,Northern Virginia,school,201,280,Warren County Middle,37.924528301886795,NA,NA,NA,NA,NA,NA,NA,NA,NA
2023-2024,Washington County,410,Southwest,school,190,1080,Abingdon Elementary,46.34146341463415,NA,NA,NA,NA,NA,NA,NA,NA,NA
2023-2024,Washington County,879,Southwest,school,396,1030,Abingdon High,45.051194539249146,NA,NA,NA,NA,NA,NA,NA,NA,NA
2023-2024,Washington County,162,Southwest,school,101,40,Damascus Middle,62.34567901234568,NA,NA,NA,NA,NA,NA,NA,NA,NA
2023-2024,Washington County,664,Southwest,school,295,1110,E.B. Stanley Middle,44.42771084337349,NA,NA,NA,NA,NA,NA,NA,NA,NA
2023-2024,Washington County,234,Southwest,school,131,1090,Glade Spring Middle,55.98290598290598,NA,NA,NA,NA,NA,NA,NA,NA,NA
2023-2024,Washington County,285,Southwest,school,159,260,Greendale Elementary,55.78947368421052,NA,NA,NA,NA,NA,NA,NA,NA,NA
2023-2024,Washington County,568,Southwest,school,265,1070,High Point Elementary,46.654929577464785,NA,NA,NA,NA,NA,NA,NA,NA,NA
2023-2024,Washington County,251,Southwest,school,141,1060,Holston High,56.17529880478087,NA,NA,NA,NA,NA,NA,NA,NA,NA
2023-2024,Washington County,649,Southwest,school,315,1040,John S. Battle High,48.536209553158706,NA,NA,NA,NA,NA,NA,NA,NA,NA
2023-2024,Washington County,534,Southwest,school,279,20,Meadowview Elementary,52.24719101123596,NA,NA,NA,NA,NA,NA,NA,NA,NA
2023-2024,Washington County,392,Southwest,school,234,1050,Patrick Henry High,59.693877551020414,NA,NA,NA,NA,NA,NA,NA,NA,NA
2023-2024,Washington County,420,Southwest,school,283,50,Rhea Valley Elementary,67.38095238095238,NA,NA,NA,NA,NA,NA,NA,NA,NA
2023-2024,Washington County,270,Southwest,school,173,1020,Valley Institute Elementary,64.07407407407408,NA,NA,NA,NA,NA,NA,NA,NA,NA
2023-2024,Washington County,427,Southwest,school,226,620,Wallace Middle,52.92740046838408,NA,NA,NA,NA,NA,NA,NA,NA,NA
2023-2024,Washington County,568,Southwest,school,254,70,Watauga Elementary,44.71830985915493,NA,NA,NA,NA,NA,NA,NA,NA,NA
2023-2024,Waynesboro City,257,Valley,school,149,650,Berkeley Glenn Elementary,57.97665369649806,NA,NA,NA,NA,NA,NA,NA,NA,NA
2023-2024,Waynesboro City,624,Valley,school,346,640,Kate Collins Middle,55.44871794871795,NA,NA,NA,NA,NA,NA,NA,NA,NA
2023-2024,Waynesboro City,195,Valley,school,118,620,Wayne Hills Center,60.51282051282051,NA,NA,NA,NA,NA,NA,NA,NA,NA
2023-2024,Waynesboro City,917,Valley,school,455,600,Waynesboro High,49.61832061068702,NA,NA,NA,NA,NA,NA,NA,NA,NA
2023-2024,Waynesboro City,214,Valley,school,165,580,Wenonah Elementary,77.10280373831776,NA,NA,NA,NA,NA,NA,NA,NA,NA
2023-2024,Waynesboro City,381,Valley,school,195,630,Westwood Hills Elementary,51.181102362204726,NA,NA,NA,NA,NA,NA,NA,NA,NA
2023-2024,Waynesboro City,472,Valley,school,321,751,William Perry Elementary,68.00847457627118,NA,NA,NA,NA,NA,NA,NA,NA,NA
2023-2024,West Point,389,Northern Neck,school,134,280,West Point Elementary,34.447300771208226,NA,NA,NA,NA,NA,NA,NA,NA,NA
2023-2024,West Point,451,Northern Neck,school,183,290,West Point Middle/High,40.57649667405765,NA,NA,NA,NA,NA,NA,NA,NA,NA
2023-2024,Westmoreland County,362,Northern Neck,school,261,210,Cople Elementary,72.09944751381215,NA,NA,NA,NA,NA,NA,NA,NA,NA
2023-2024,Westmoreland County,336,Northern Neck,school,219,300,Montross Middle,65.17857142857143,NA,NA,NA,NA,NA,NA,NA,NA,NA
2023-2024,Westmoreland County,387,Northern Neck,school,243,310,Washington District Elementary,62.7906976744186,NA,NA,NA,NA,NA,NA,NA,NA,NA
2023-2024,Westmoreland County,494,Northern Neck,school,317,120,Westmoreland High,64.17004048582996,NA,NA,NA,NA,NA,NA,NA,NA,NA
2023-2024,Williamsburg-James City County,665,Tidewater,school,248,60,Berkeley Middle,37.29323308270677,NA,NA,NA,NA,NA,NA,NA,NA,NA
2023-2024,Williamsburg-James City County,550,Tidewater,school,232,40,Clara Byrd Baker Elementary,42.18181818181818,NA,NA,NA,NA,NA,NA,NA,NA,NA
2023-2024,Williamsburg-James City County,539,Tidewater,school,204,80,D.J. Montague Elementary,37.84786641929499,NA,NA,NA,NA,NA,NA,NA,NA,NA
2023-2024,Williamsburg-James City County,573,Tidewater,school,197,190,J. Blaine Blayton Elementary,34.3804537521815,NA,NA,NA,NA,NA,NA,NA,NA,NA
2023-2024,Williamsburg-James City County,520,Tidewater,school,213,25,James Blair Middle,40.96153846153846,NA,NA,NA,NA,NA,NA,NA,NA,NA
2023-2024,Williamsburg-James City County,445,Tidewater,school,298,201,James River Elementary,66.96629213483146,NA,NA,NA,NA,NA,NA,NA,NA,NA
2023-2024,Williamsburg-James City County,1233,Tidewater,school,329,202,Jamestown High,26.682887266828875,NA,NA,NA,NA,NA,NA,NA,NA,NA
2023-2024,Williamsburg-James City County,1248,Tidewater,school,414,90,Lafayette High,33.17307692307692,NA,NA,NA,NA,NA,NA,NA,NA,NA
2023-2024,Williamsburg-James City County,557,Tidewater,school,212,50,Laurel Lane Elementary,38.06104129263914,NA,NA,NA,NA,NA,NA,NA,NA,NA
2023-2024,Williamsburg-James City County,807,Tidewater,school,274,191,Lois Hornsby Middle,33.95291201982652,NA,NA,NA,NA,NA,NA,NA,NA,NA
2023-2024,Williamsburg-James City County,601,Tidewater,school,149,205,Matoaka Elementary,24.792013311148086,NA,NA,NA,NA,NA,NA,NA,NA,NA
2023-2024,Williamsburg-James City County,454,Tidewater,school,191,10,Matthew Whaley Elementary,42.070484581497794,NA,NA,NA,NA,NA,NA,NA,NA,NA
2023-2024,Williamsburg-James City County,677,Tidewater,school,251,70,Norge Elementary,37.07533234859675,NA,NA,NA,NA,NA,NA,NA,NA,NA
2023-2024,Williamsburg-James City County,827,Tidewater,school,223,203,Stonehouse Elementary,26.964933494558647,NA,NA,NA,NA,NA,NA,NA,NA,NA
2023-2024,Williamsburg-James City County,700,Tidewater,school,229,100,Toano Middle,32.714285714285715,NA,NA,NA,NA,NA,NA,NA,NA,NA
2023-2024,Williamsburg-James City County,1298,Tidewater,school,421,204,Warhill High,32.434514637904464,NA,NA,NA,NA,NA,NA,NA,NA,NA
2023-2024,Winchester City,600,Northern Virginia,school,362,75,Daniel Morgan Intermediate,60.333333333333336,NA,NA,NA,NA,NA,NA,NA,NA,NA
2023-2024,Winchester City,589,Northern Virginia,school,385,70,Daniel Morgan Middle,65.36502546689303,NA,NA,NA,NA,NA,NA,NA,NA,NA
2023-2024,Winchester City,286,Northern Virginia,school,152,80,Frederick Douglass Elementary,53.14685314685315,NA,NA,NA,NA,NA,NA,NA,NA,NA
2023-2024,Winchester City,388,Northern Virginia,school,220,50,Garland R. Quarles Elementary,56.70103092783505,NA,NA,NA,NA,NA,NA,NA,NA,NA
2023-2024,Winchester City,1355,Northern Virginia,school,825,40,John Handley High,60.88560885608856,NA,NA,NA,NA,NA,NA,NA,NA,NA
2023-2024,Winchester City,604,Northern Virginia,school,338,90,John Kerr Elementary,55.960264900662246,NA,NA,NA,NA,NA,NA,NA,NA,NA
2023-2024,Winchester City,414,Northern Virginia,school,279,20,Virginia Avenue Charlotte Dehart Elementary,67.3913043478261,NA,NA,NA,NA,NA,NA,NA,NA,NA
2023-2024,Wise County,663,Southwest,school,367,1000,Central High,55.35444947209653,NA,NA,NA,NA,NA,NA,NA,NA,NA
2023-2024,Wise County,338,Southwest,school,241,651,Coeburn Middle,71.30177514792899,NA,NA,NA,NA,NA,NA,NA,NA,NA
2023-2024,Wise County,443,Southwest,school,319,653,Coeburn Primary,72.00902934537245,NA,NA,NA,NA,NA,NA,NA,NA,NA
2023-2024,Wise County,394,Southwest,school,263,652,Eastside High,66.75126903553299,NA,NA,NA,NA,NA,NA,NA,NA,NA
2023-2024,Wise County,512,Southwest,school,284,73,J.W. Adams Combined,55.46875,NA,NA,NA,NA,NA,NA,NA,NA,NA
2023-2024,Wise County,409,Southwest,school,215,320,L.F. Addington Middle,52.567237163814184,NA,NA,NA,NA,NA,NA,NA,NA,NA
2023-2024,Wise County,542,Southwest,school,359,871,St. Paul Elementary,66.23616236162361,NA,NA,NA,NA,NA,NA,NA,NA,NA
2023-2024,Wise County,567,Southwest,school,368,1010,Union High,64.90299823633157,NA,NA,NA,NA,NA,NA,NA,NA,NA
2023-2024,Wise County,569,Southwest,school,373,1013,Union Middle,65.5536028119508,NA,NA,NA,NA,NA,NA,NA,NA,NA
2023-2024,Wise County,830,Southwest,school,591,1012,Union Primary,71.20481927710843,NA,NA,NA,NA,NA,NA,NA,NA,NA
2023-2024,Wise County,616,Southwest,school,371,1020,Wise Primary,60.22727272727273,NA,NA,NA,NA,NA,NA,NA,NA,NA
2023-2024,Wythe County,431,Southwest,school,176,760,Fort Chiswell High,40.835266821345705,NA,NA,NA,NA,NA,NA,NA,NA,NA
2023-2024,Wythe County,306,Southwest,school,155,1073,Fort Chiswell Middle,50.65359477124183,NA,NA,NA,NA,NA,NA,NA,NA,NA
2023-2024,Wythe County,450,Southwest,school,214,721,George Wythe High,47.55555555555556,NA,NA,NA,NA,NA,NA,NA,NA,NA
2023-2024,Wythe County,220,Southwest,school,132,730,Jackson Memorial Elementary,60,NA,NA,NA,NA,NA,NA,NA,NA,NA
2023-2024,Wythe County,201,Southwest,school,106,100,Max Meadows Elementary,52.736318407960205,NA,NA,NA,NA,NA,NA,NA,NA,NA
2023-2024,Wythe County,361,Southwest,school,166,201,Rural Retreat Elementary,45.98337950138504,NA,NA,NA,NA,NA,NA,NA,NA,NA
2023-2024,Wythe County,310,Southwest,school,146,202,Rural Retreat High,47.096774193548384,NA,NA,NA,NA,NA,NA,NA,NA,NA
2023-2024,Wythe County,229,Southwest,school,109,1074,Rural Retreat Middle,47.59825327510917,NA,NA,NA,NA,NA,NA,NA,NA,NA
2023-2024,Wythe County,305,Southwest,school,139,1075,Scott Memorial Middle,45.57377049180328,NA,NA,NA,NA,NA,NA,NA,NA,NA
2023-2024,Wythe County,221,Southwest,school,103,740,Sheffey Elementary,46.60633484162896,NA,NA,NA,NA,NA,NA,NA,NA,NA
2023-2024,Wythe County,134,Southwest,school,76,440,Speedwell Elementary,56.71641791044776,NA,NA,NA,NA,NA,NA,NA,NA,NA
2023-2024,Wythe County,635,Southwest,school,373,190,Spiller Elementary,58.740157480314956,NA,NA,NA,NA,NA,NA,NA,NA,NA
2023-2024,York County,629,Tidewater,school,253,180,Bethel Manor Elementary,40.22257551669316,NA,NA,NA,NA,NA,NA,NA,NA,NA
2023-2024,York County,737,Tidewater,school,229,20,Bruton High,31.071913161465396,NA,NA,NA,NA,NA,NA,NA,NA,NA
2023-2024,York County,659,Tidewater,school,184,90,Coventry Elementary,27.921092564491655,NA,NA,NA,NA,NA,NA,NA,NA,NA
2023-2024,York County,411,Tidewater,school,135,160,Dare Elementary,32.846715328467155,NA,NA,NA,NA,NA,NA,NA,NA,NA
2023-2024,York County,629,Tidewater,school,193,140,Grafton Bethel Elementary,30.683624801271858,NA,NA,NA,NA,NA,NA,NA,NA,NA
2023-2024,York County,1229,Tidewater,school,286,332,Grafton High,23.270951993490645,NA,NA,NA,NA,NA,NA,NA,NA,NA
2023-2024,York County,913,Tidewater,school,240,333,Grafton Middle,26.286966046002192,NA,NA,NA,NA,NA,NA,NA,NA,NA
2023-2024,York County,713,Tidewater,school,265,10,Magruder Elementary,37.166900420757365,NA,NA,NA,NA,NA,NA,NA,NA,NA
2023-2024,York County,567,Tidewater,school,112,80,Mount Vernon Elementary,19.753086419753085,NA,NA,NA,NA,NA,NA,NA,NA,NA
2023-2024,York County,567,Tidewater,school,192,200,Queens Lake Middle,33.86243386243386,NA,NA,NA,NA,NA,NA,NA,NA,NA
2023-2024,York County,504,Tidewater,school,150,170,Seaford Elementary,29.761904761904763,NA,NA,NA,NA,NA,NA,NA,NA,NA
2023-2024,York County,702,Tidewater,school,187,50,Tabb Elementary,26.638176638176635,NA,NA,NA,NA,NA,NA,NA,NA,NA
2023-2024,York County,1131,Tidewater,school,239,230,Tabb High,21.131741821396993,NA,NA,NA,NA,NA,NA,NA,NA,NA
2023-2024,York County,971,Tidewater,school,267,190,Tabb Middle,27.497425334706488,NA,NA,NA,NA,NA,NA,NA,NA,NA
2023-2024,York County,390,Tidewater,school,121,220,Waller Mill Elementary,31.025641025641026,NA,NA,NA,NA,NA,NA,NA,NA,NA
2023-2024,York County,988,Tidewater,school,267,30,York High,27.02429149797571,NA,NA,NA,NA,NA,NA,NA,NA,NA
2023-2024,York County,71,Tidewater,school,24,335,York River Academy,33.80281690140845,NA,NA,NA,NA,NA,NA,NA,NA,NA
2023-2024,York County,647,Tidewater,school,311,210,Yorktown Elementary,48.068006182380216,NA,NA,NA,NA,NA,NA,NA,NA,NA
2023-2024,York County,652,Tidewater,school,208,60,Yorktown Middle,31.901840490797547,NA,NA,NA,NA,NA,NA,NA,NA,NA
2024-2025,Accomack County,453,Tidewater,school,289,701,Accawmacke Elementary,63.796909492273734,NA,NA,NA,NA,NA,NA,NA,NA,NA
2024-2025,Accomack County,688,Tidewater,school,489,540,Arcadia High,71.07558139534885,NA,NA,NA,NA,NA,NA,NA,NA,NA
2024-2025,Accomack County,469,Tidewater,school,381,704,Arcadia Middle,81.2366737739872,NA,NA,NA,NA,NA,NA,NA,NA,NA
2024-2025,Accomack County,241,Tidewater,school,114,80,Chincoteague Elementary,47.30290456431535,NA,NA,NA,NA,NA,NA,NA,NA,NA
2024-2025,Accomack County,271,Tidewater,school,134,580,Chincoteague High,49.44649446494465,NA,NA,NA,NA,NA,NA,NA,NA,NA
2024-2025,Accomack County,501,Tidewater,school,350,600,Kegotank Elementary,69.86027944111777,NA,NA,NA,NA,NA,NA,NA,NA,NA
2024-2025,Accomack County,435,Tidewater,school,295,702,Metompkin Elementary,67.81609195402298,NA,NA,NA,NA,NA,NA,NA,NA,NA
2024-2025,Accomack County,621,Tidewater,school,429,70,Nandua High,69.08212560386472,NA,NA,NA,NA,NA,NA,NA,NA,NA
2024-2025,Accomack County,454,Tidewater,school,328,703,Nandua Middle,72.24669603524228,NA,NA,NA,NA,NA,NA,NA,NA,NA
2024-2025,Accomack County,452,Tidewater,school,283,590,Pungoteague Elementary,62.61061946902655,NA,NA,NA,NA,NA,NA,NA,NA,NA
2024-2025,Accomack County,38,Tidewater,school,18,530,Tangier Combined,47.368421052631575,NA,NA,NA,NA,NA,NA,NA,NA,NA
2024-2025,Albemarle County,523,Valley,school,197,160,Agnor Elementary,37.66730401529637,NA,NA,NA,NA,NA,NA,NA,NA,NA
2024-2025,Albemarle County,1975,Valley,school,585,880,Albemarle High,29.620253164556964,NA,NA,NA,NA,NA,NA,NA,NA,NA
2024-2025,Albemarle County,692,Valley,school,201,1053,Baker-Butler Elementary,29.046242774566473,NA,NA,NA,NA,NA,NA,NA,NA,NA
2024-2025,Albemarle County,282,Valley,school,49,100,Broadus Wood Elementary,17.375886524822697,NA,NA,NA,NA,NA,NA,NA,NA,NA
2024-2025,Albemarle County,530,Valley,school,68,941,Brownsville Elementary,12.830188679245284,NA,NA,NA,NA,NA,NA,NA,NA,NA
2024-2025,Albemarle County,177,Valley,school,NA,890,Community Lab School,NA,NA,NA,NA,NA,NA,NA,NA,NA,NA
2024-2025,Albemarle County,571,Valley,school,84,340,Crozet Elementary,14.711033274956216,NA,NA,NA,NA,NA,NA,NA,NA,NA
2024-2025,Albemarle County,452,Valley,school,97,10,Hollymead Elementary,21.460176991150444,NA,NA,NA,NA,NA,NA,NA,NA,NA
2024-2025,Albemarle County,358,Valley,school,31,250,Ivy Elementary,8.659217877094973,NA,NA,NA,NA,NA,NA,NA,NA,NA
2024-2025,Albemarle County,535,Valley,school,199,69,Jackson P. Burley Middle,37.19626168224299,NA,NA,NA,NA,NA,NA,NA,NA,NA
2024-2025,Albemarle County,847,Valley,school,109,942,Joseph T. Henley Middle,12.868949232585598,NA,NA,NA,NA,NA,NA,NA,NA,NA
2024-2025,Albemarle County,648,Valley,school,291,950,Journey Middle,44.907407407407405,NA,NA,NA,NA,NA,NA,NA,NA,NA
2024-2025,Albemarle County,575,Valley,school,145,1051,Lakeside Middle,25.217391304347824,NA,NA,NA,NA,NA,NA,NA,NA,NA
2024-2025,Albemarle County,339,Valley,school,111,20,Leslie H. Walton Middle,32.743362831858406,NA,NA,NA,NA,NA,NA,NA,NA,NA
2024-2025,Albemarle County,520,Valley,school,270,40,Mary Carr Greer Elementary,51.92307692307693,NA,NA,NA,NA,NA,NA,NA,NA,NA
2024-2025,Albemarle County,1191,Valley,school,373,1052,Monticello High,31.318219983207392,NA,NA,NA,NA,NA,NA,NA,NA,NA
2024-2025,Albemarle County,770,Valley,school,270,150,Mountain View Elementary,35.064935064935064,NA,NA,NA,NA,NA,NA,NA,NA,NA
2024-2025,Albemarle County,210,Valley,school,76,540,Red Hill Elementary,36.19047619047619,NA,NA,NA,NA,NA,NA,NA,NA,NA
2024-2025,Albemarle County,216,Valley,school,81,30,Scottsville Elementary,37.5,NA,NA,NA,NA,NA,NA,NA,NA,NA
2024-2025,Albemarle County,476,Valley,school,133,920,Stone Robinson Elementary,27.941176470588236,NA,NA,NA,NA,NA,NA,NA,NA,NA
2024-2025,Albemarle County,217,Valley,school,54,240,Stony Point Elementary,24.88479262672811,NA,NA,NA,NA,NA,NA,NA,NA,NA
2024-2025,Albemarle County,273,Valley,school,32,910,Virginia L. Murray Elementary,11.72161172161172,NA,NA,NA,NA,NA,NA,NA,NA,NA
2024-2025,Albemarle County,1274,Valley,school,151,140,Western Albemarle High,11.852433281004709,NA,NA,NA,NA,NA,NA,NA,NA,NA
2024-2025,Albemarle County,522,Valley,school,292,930,Woodbrook Elementary,55.938697318007655,NA,NA,NA,NA,NA,NA,NA,NA,NA
2024-2025,Alexandria City,4672,Northern Virginia,school,NA,210,Alexandria City High School,NA,NA,NA,NA,NA,NA,NA,NA,NA,NA
2024-2025,Alexandria City,550,Northern Virginia,school,277,120,Charles Barrett Elementary,50.36363636363637,NA,NA,NA,NA,NA,NA,NA,NA,NA
2024-2025,Alexandria City,337,Northern Virginia,school,144,160,Cora Kelly School for Math Science and Technology,42.72997032640949,NA,NA,NA,NA,NA,NA,NA,NA,NA
2024-2025,Alexandria City,681,Northern Virginia,school,275,110,Douglas MacArthur Elementary,40.38179148311307,NA,NA,NA,NA,NA,NA,NA,NA,NA
2024-2025,Alexandria City,198,Northern Virginia,school,76,360,Early Childhood Center,38.38383838383838,NA,NA,NA,NA,NA,NA,NA,NA,NA
2024-2025,Alexandria City,589,Northern Virginia,school,409,350,Ferdinand T. Day Elementary,69.43972835314092,NA,NA,NA,NA,NA,NA,NA,NA,NA
2024-2025,Alexandria City,1597,Northern Virginia,school,845,140,Francis C. Hammond Middle,52.911709455228554,NA,NA,NA,NA,NA,NA,NA,NA,NA
2024-2025,Alexandria City,332,Northern Virginia,school,130,100,George Mason Elementary,39.1566265060241,NA,NA,NA,NA,NA,NA,NA,NA,NA
2024-2025,Alexandria City,1462,Northern Virginia,school,642,130,George Washington Middle,43.912448700410394,NA,NA,NA,NA,NA,NA,NA,NA,NA
2024-2025,Alexandria City,804,Northern Virginia,school,380,220,James K. Polk Elementary,47.2636815920398,NA,NA,NA,NA,NA,NA,NA,NA,NA
2024-2025,Alexandria City,510,Northern Virginia,school,245,90,Jefferson-Houston PK-8 School,48.03921568627451,NA,NA,NA,NA,NA,NA,NA,NA,NA
2024-2025,Alexandria City,743,Northern Virginia,school,349,230,John Adams Elementary,46.97173620457604,NA,NA,NA,NA,NA,NA,NA,NA,NA
2024-2025,Alexandria City,384,Northern Virginia,school,81,80,Lyles-Crouch Elementary,21.09375,NA,NA,NA,NA,NA,NA,NA,NA,NA
2024-2025,Alexandria City,935,Northern Virginia,school,372,30,Mount Vernon Elementary,39.786096256684495,NA,NA,NA,NA,NA,NA,NA,NA,NA
2024-2025,Alexandria City,320,Northern Virginia,school,119,60,Naomi L. Brooks Elementary,37.1875,NA,NA,NA,NA,NA,NA,NA,NA,NA
2024-2025,Alexandria City,1075,Northern Virginia,school,587,50,Patrick Henry K-8 School,54.604651162790695,NA,NA,NA,NA,NA,NA,NA,NA,NA
2024-2025,Alexandria City,735,Northern Virginia,school,320,333,Samuel W. Tucker Elementary,43.53741496598639,NA,NA,NA,NA,NA,NA,NA,NA,NA
2024-2025,Alexandria City,689,Northern Virginia,school,489,190,William Ramsay Elementary,70.97242380261248,NA,NA,NA,NA,NA,NA,NA,NA,NA
2024-2025,Alleghany Highlands,819,NA,school,378,310,Alleghany High,46.15384615384615,NA,NA,NA,NA,NA,NA,NA,NA,NA
2024-2025,Alleghany Highlands,270,NA,school,90,110,Callaghan Elementary,33.33333333333333,NA,NA,NA,NA,NA,NA,NA,NA,NA
2024-2025,Alleghany Highlands,594,NA,school,276,1040,Covington Middle,46.464646464646464,NA,NA,NA,NA,NA,NA,NA,NA,NA
2024-2025,Alleghany Highlands,491,NA,school,267,360,Jeter-Watson Elementary,54.378818737270876,NA,NA,NA,NA,NA,NA,NA,NA,NA
2024-2025,Alleghany Highlands,415,NA,school,214,1041,Mountain View Elementary,51.566265060240966,NA,NA,NA,NA,NA,NA,NA,NA,NA
2024-2025,Alleghany Highlands,216,NA,school,92,90,Sharon Elementary,42.592592592592595,NA,NA,NA,NA,NA,NA,NA,NA,NA
2024-2025,Amelia County,778,Southside,school,365,220,Amelia County Elementary,46.91516709511568,NA,NA,NA,NA,NA,NA,NA,NA,NA
2024-2025,Amelia County,516,Southside,school,260,10,Amelia County High,50.3875968992248,NA,NA,NA,NA,NA,NA,NA,NA,NA
2024-2025,Amelia County,306,Southside,school,167,210,Amelia County Middle,54.57516339869281,NA,NA,NA,NA,NA,NA,NA,NA,NA
2024-2025,Amherst County,415,Valley,school,219,780,Amelon Elementary,52.77108433734939,NA,NA,NA,NA,NA,NA,NA,NA,NA
2024-2025,Amherst County,1240,Valley,school,738,750,Amherst County High,59.51612903225807,NA,NA,NA,NA,NA,NA,NA,NA,NA
2024-2025,Amherst County,307,Valley,school,153,790,Amherst Elementary,49.8371335504886,NA,NA,NA,NA,NA,NA,NA,NA,NA
2024-2025,Amherst County,371,Valley,school,188,670,Amherst Middle,50.673854447439346,NA,NA,NA,NA,NA,NA,NA,NA,NA
2024-2025,Amherst County,268,Valley,school,198,770,Central Elementary,73.88059701492537,NA,NA,NA,NA,NA,NA,NA,NA,NA
2024-2025,Amherst County,288,Valley,school,110,760,Elon Elementary,38.19444444444444,NA,NA,NA,NA,NA,NA,NA,NA,NA
2024-2025,Amherst County,449,Valley,school,336,500,Madison Heights Elementary,74.83296213808464,NA,NA,NA,NA,NA,NA,NA,NA,NA
2024-2025,Amherst County,469,Valley,school,273,20,Monelison Middle,58.2089552238806,NA,NA,NA,NA,NA,NA,NA,NA,NA
2024-2025,Amherst County,93,Valley,school,38,740,Temperance Elementary,40.86021505376344,NA,NA,NA,NA,NA,NA,NA,NA,NA
2024-2025,Appomattox County,731,Southside,school,301,260,Appomattox County High,41.17647058823529,NA,NA,NA,NA,NA,NA,NA,NA,NA
2024-2025,Appomattox County,539,Southside,school,239,110,Appomattox Elementary,44.34137291280148,NA,NA,NA,NA,NA,NA,NA,NA,NA
2024-2025,Appomattox County,542,Southside,school,228,160,Appomattox Middle,42.066420664206646,NA,NA,NA,NA,NA,NA,NA,NA,NA
2024-2025,Appomattox County,609,Southside,school,296,250,Appomattox Primary,48.60426929392447,NA,NA,NA,NA,NA,NA,NA,NA,NA
2024-2025,Arlington County,768,Northern Virginia,school,160,350,Abingdon Elementary,20.833333333333336,NA,NA,NA,NA,NA,NA,NA,NA,NA
2024-2025,Arlington County,629,Northern Virginia,school,262,160,Alice West Fleet Elementary,41.65341812400636,NA,NA,NA,NA,NA,NA,NA,NA,NA
2024-2025,Arlington County,156,Northern Virginia,school,25,618,Arlington Community High,16.025641025641026,NA,NA,NA,NA,NA,NA,NA,NA,NA
2024-2025,Arlington County,632,Northern Virginia,school,102,629,Arlington Science Focus School,16.139240506329113,NA,NA,NA,NA,NA,NA,NA,NA,NA
2024-2025,Arlington County,624,Northern Virginia,school,225,470,Arlington Traditional,36.05769230769231,NA,NA,NA,NA,NA,NA,NA,NA,NA
2024-2025,Arlington County,556,Northern Virginia,school,133,490,Ashlawn Elementary,23.92086330935252,NA,NA,NA,NA,NA,NA,NA,NA,NA
2024-2025,Arlington County,495,Northern Virginia,school,125,150,Barcroft Elementary,25.252525252525253,NA,NA,NA,NA,NA,NA,NA,NA,NA
2024-2025,Arlington County,501,Northern Virginia,school,182,250,Barrett Elementary,36.327345309381236,NA,NA,NA,NA,NA,NA,NA,NA,NA
2024-2025,Arlington County,403,Northern Virginia,school,102,615,Campbell Elementary,25.31017369727047,NA,NA,NA,NA,NA,NA,NA,NA,NA
2024-2025,Arlington County,682,Northern Virginia,school,45,380,Cardinal Elementary,6.598240469208211,NA,NA,NA,NA,NA,NA,NA,NA,NA
2024-2025,Arlington County,534,Northern Virginia,school,224,90,Carlin Springs Elementary,41.947565543071164,NA,NA,NA,NA,NA,NA,NA,NA,NA
2024-2025,Arlington County,597,Northern Virginia,school,230,622,Claremont Immersion,38.52596314907873,NA,NA,NA,NA,NA,NA,NA,NA,NA
2024-2025,Arlington County,489,Northern Virginia,school,19,626,Discovery Elementary,3.885480572597137,NA,NA,NA,NA,NA,NA,NA,NA,NA
2024-2025,Arlington County,991,Northern Virginia,school,194,628,Dorothy Hamm Middle,19.576185671039354,NA,NA,NA,NA,NA,NA,NA,NA,NA
2024-2025,Arlington County,417,Northern Virginia,school,129,200,Dr. Charles R. Drew Elementary,30.935251798561154,NA,NA,NA,NA,NA,NA,NA,NA,NA
2024-2025,Arlington County,572,Northern Virginia,school,167,111,Escuela Key Elementary,29.195804195804197,NA,NA,NA,NA,NA,NA,NA,NA,NA
2024-2025,Arlington County,574,Northern Virginia,school,85,100,Glebe Elementary,14.80836236933798,NA,NA,NA,NA,NA,NA,NA,NA,NA
2024-2025,Arlington County,1074,Northern Virginia,school,358,611,Gunston Middle,33.33333333333333,NA,NA,NA,NA,NA,NA,NA,NA,NA
2024-2025,Arlington County,592,Northern Virginia,school,264,614,Hoffman-Boston Elementary,44.5945945945946,NA,NA,NA,NA,NA,NA,NA,NA,NA
2024-2025,Arlington County,483,Northern Virginia,school,208,613,Innovation Elementary,43.064182194616976,NA,NA,NA,NA,NA,NA,NA,NA,NA
2024-2025,Arlington County,34,Northern Virginia,school,NA,37,Integration Station,NA,NA,NA,NA,NA,NA,NA,NA,NA,NA
2024-2025,Arlington County,456,Northern Virginia,school,12,440,Jamestown Elementary,2.631578947368421,NA,NA,NA,NA,NA,NA,NA,NA,NA
2024-2025,Arlington County,1121,Northern Virginia,school,512,180,Jefferson Middle,45.673505798394295,NA,NA,NA,NA,NA,NA,NA,NA,NA
2024-2025,Arlington County,1055,Northern Virginia,school,351,500,Kenmore Middle,33.27014218009479,NA,NA,NA,NA,NA,NA,NA,NA,NA
2024-2025,Arlington County,442,Northern Virginia,school,147,460,Long Branch Elementary,33.257918552036195,NA,NA,NA,NA,NA,NA,NA,NA,NA
2024-2025,Arlington County,528,Northern Virginia,school,158,627,Montessori Public School of Arlington,29.924242424242426,NA,NA,NA,NA,NA,NA,NA,NA,NA
2024-2025,Arlington County,382,Northern Virginia,school,17,410,Nottingham Elementary,4.450261780104712,NA,NA,NA,NA,NA,NA,NA,NA,NA
2024-2025,Arlington County,638,Northern Virginia,school,206,360,Oakridge Elementary,32.288401253918494,NA,NA,NA,NA,NA,NA,NA,NA,NA
2024-2025,Arlington County,430,Northern Virginia,school,113,510,Randolph Elementary,26.27906976744186,NA,NA,NA,NA,NA,NA,NA,NA,NA
2024-2025,Arlington County,994,Northern Virginia,school,211,240,Swanson Middle,21.227364185110666,NA,NA,NA,NA,NA,NA,NA,NA,NA
2024-2025,Arlington County,530,Northern Virginia,school,47,420,Taylor Elementary,8.867924528301886,NA,NA,NA,NA,NA,NA,NA,NA,NA
2024-2025,Arlington County,448,Northern Virginia,school,13,211,Tuckahoe Elementary,2.9017857142857144,NA,NA,NA,NA,NA,NA,NA,NA,NA
2024-2025,Arlington County,2652,Northern Virginia,school,787,450,Wakefield High,29.675716440422324,NA,NA,NA,NA,NA,NA,NA,NA,NA
2024-2025,Arlington County,3050,Northern Virginia,school,899,80,Washington-Liberty High,29.475409836065573,NA,NA,NA,NA,NA,NA,NA,NA,NA
2024-2025,Arlington County,857,Northern Virginia,school,23,480,Williamsburg Middle,2.6837806301050176,NA,NA,NA,NA,NA,NA,NA,NA,NA
2024-2025,Arlington County,2600,Northern Virginia,school,420,330,Yorktown High,16.153846153846153,NA,NA,NA,NA,NA,NA,NA,NA,NA
2024-2025,Augusta County,410,Valley,school,126,660,Buffalo Gap High,30.73170731707317,NA,NA,NA,NA,NA,NA,NA,NA,NA
2024-2025,Augusta County,285,Valley,school,95,650,Buffalo Gap Middle School,33.33333333333333,NA,NA,NA,NA,NA,NA,NA,NA,NA
2024-2025,Augusta County,635,Valley,school,256,30,Cassell Elementary,40.31496062992126,NA,NA,NA,NA,NA,NA,NA,NA,NA
2024-2025,Augusta County,448,Valley,school,162,140,Churchville Elementary,36.160714285714285,NA,NA,NA,NA,NA,NA,NA,NA,NA
2024-2025,Augusta County,117,Valley,school,83,370,Craigsville Elementary,70.94017094017094,NA,NA,NA,NA,NA,NA,NA,NA,NA
2024-2025,Augusta County,803,Valley,school,302,842,Edward G. Clymore Elementary,37.60896637608966,NA,NA,NA,NA,NA,NA,NA,NA,NA
2024-2025,Augusta County,731,Valley,school,264,670,Fort Defiance High,36.11491108071135,NA,NA,NA,NA,NA,NA,NA,NA,NA
2024-2025,Augusta County,457,Valley,school,164,843,Guy K. Stump Elementary,35.886214442013134,NA,NA,NA,NA,NA,NA,NA,NA,NA
2024-2025,Augusta County,222,Valley,school,106,40,North River Elementary,47.74774774774775,NA,NA,NA,NA,NA,NA,NA,NA,NA
2024-2025,Augusta County,714,Valley,school,301,740,Riverheads Elementary,42.15686274509804,NA,NA,NA,NA,NA,NA,NA,NA,NA
2024-2025,Augusta County,467,Valley,school,155,680,Riverheads High,33.190578158458244,NA,NA,NA,NA,NA,NA,NA,NA,NA
2024-2025,Augusta County,366,Valley,school,115,70,Riverheads Middle School,31.420765027322407,NA,NA,NA,NA,NA,NA,NA,NA,NA
2024-2025,Augusta County,516,Valley,school,180,90,S. Gordon Stewart Middle,34.883720930232556,NA,NA,NA,NA,NA,NA,NA,NA,NA
2024-2025,Augusta County,646,Valley,school,255,440,Stuarts Draft Elementary,39.473684210526315,NA,NA,NA,NA,NA,NA,NA,NA,NA
2024-2025,Augusta County,668,Valley,school,235,730,Stuarts Draft High,35.17964071856288,NA,NA,NA,NA,NA,NA,NA,NA,NA
2024-2025,Augusta County,514,Valley,school,178,60,Stuarts Draft Middle,34.63035019455253,NA,NA,NA,NA,NA,NA,NA,NA,NA
2024-2025,Augusta County,655,Valley,school,283,640,Wilson Elementary,43.20610687022901,NA,NA,NA,NA,NA,NA,NA,NA,NA
2024-2025,Augusta County,837,Valley,school,263,720,Wilson Memorial High,31.42174432497013,NA,NA,NA,NA,NA,NA,NA,NA,NA
2024-2025,Augusta County,641,Valley,school,256,844,Wilson Middle,39.93759750390016,NA,NA,NA,NA,NA,NA,NA,NA,NA
2024-2025,Bath County,182,Valley,school,70,140,Bath County High,38.46153846153847,NA,NA,NA,NA,NA,NA,NA,NA,NA
2024-2025,Bath County,143,Valley,school,71,120,Millboro Elementary,49.65034965034965,NA,NA,NA,NA,NA,NA,NA,NA,NA
2024-2025,Bath County,184,Valley,school,107,150,Valley Elementary,58.152173913043484,NA,NA,NA,NA,NA,NA,NA,NA,NA
2024-2025,Bedford County,448,Valley,school,261,480,Bedford Elementary,58.25892857142857,NA,NA,NA,NA,NA,NA,NA,NA,NA
2024-2025,Bedford County,266,Valley,school,153,1200,Bedford Primary,57.5187969924812,NA,NA,NA,NA,NA,NA,NA,NA,NA
2024-2025,Bedford County,182,Valley,school,65,30,Big Island Elementary,35.714285714285715,NA,NA,NA,NA,NA,NA,NA,NA,NA
2024-2025,Bedford County,309,Valley,school,67,160,Boonsboro Elementary,21.68284789644013,NA,NA,NA,NA,NA,NA,NA,NA,NA
2024-2025,Bedford County,384,Valley,school,60,500,Forest Elementary,15.625,NA,NA,NA,NA,NA,NA,NA,NA,NA
2024-2025,Bedford County,854,Valley,school,155,1211,Forest Middle,18.149882903981265,NA,NA,NA,NA,NA,NA,NA,NA,NA
2024-2025,Bedford County,504,Valley,school,234,1214,Goodview Elementary,46.42857142857143,NA,NA,NA,NA,NA,NA,NA,NA,NA
2024-2025,Bedford County,221,Valley,school,117,980,Huddleston Elementary,52.94117647058824,NA,NA,NA,NA,NA,NA,NA,NA,NA
2024-2025,Bedford County,1282,Valley,school,252,1212,Jefferson Forest High,19.65678627145086,NA,NA,NA,NA,NA,NA,NA,NA,NA
2024-2025,Bedford County,708,Valley,school,297,1180,Liberty High,41.94915254237288,NA,NA,NA,NA,NA,NA,NA,NA,NA
2024-2025,Bedford County,518,Valley,school,276,490,Liberty Middle,53.28185328185329,NA,NA,NA,NA,NA,NA,NA,NA,NA
2024-2025,Bedford County,218,Valley,school,106,970,Moneta Elementary,48.62385321100918,NA,NA,NA,NA,NA,NA,NA,NA,NA
2024-2025,Bedford County,252,Valley,school,140,180,Montvale Elementary,55.55555555555556,NA,NA,NA,NA,NA,NA,NA,NA,NA
2024-2025,Bedford County,330,Valley,school,96,610,New London Academy Elementary,29.09090909090909,NA,NA,NA,NA,NA,NA,NA,NA,NA
2024-2025,Bedford County,167,Valley,school,59,1170,Otter River Elementary,35.32934131736527,NA,NA,NA,NA,NA,NA,NA,NA,NA
2024-2025,Bedford County,818,Valley,school,323,1190,Staunton River High,39.48655256723717,NA,NA,NA,NA,NA,NA,NA,NA,NA
2024-2025,Bedford County,612,Valley,school,277,1191,Staunton River Middle,45.26143790849673,NA,NA,NA,NA,NA,NA,NA,NA,NA
2024-2025,Bedford County,292,Valley,school,167,640,Stewartsville Elementary,57.1917808219178,NA,NA,NA,NA,NA,NA,NA,NA,NA
2024-2025,Bedford County,567,Valley,school,127,1213,Thomas Jefferson Elementary,22.39858906525573,NA,NA,NA,NA,NA,NA,NA,NA,NA
2024-2025,Bland County,301,Southwest,school,163,250,Bland County Elementary,54.15282392026578,NA,NA,NA,NA,NA,NA,NA,NA,NA
2024-2025,Bland County,517,Southwest,school,265,260,Bland County High,51.25725338491296,NA,NA,NA,NA,NA,NA,NA,NA,NA
2024-2025,Botetourt County,211,Western Virginia,school,71,220,Breckinridge Elementary,33.649289099526065,NA,NA,NA,NA,NA,NA,NA,NA,NA
2024-2025,Botetourt County,276,Western Virginia,school,115,20,Buchanan Elementary,41.66666666666667,NA,NA,NA,NA,NA,NA,NA,NA,NA
2024-2025,Botetourt County,364,Western Virginia,school,120,420,Central Academy Middle,32.967032967032964,NA,NA,NA,NA,NA,NA,NA,NA,NA
2024-2025,Botetourt County,234,Western Virginia,school,71,390,Cloverdale Elementary,30.34188034188034,NA,NA,NA,NA,NA,NA,NA,NA,NA
2024-2025,Botetourt County,439,Western Virginia,school,154,400,Colonial Elementary,35.079726651480634,NA,NA,NA,NA,NA,NA,NA,NA,NA
2024-2025,Botetourt County,121,Western Virginia,school,49,30,Eagle Rock Elementary,40.49586776859504,NA,NA,NA,NA,NA,NA,NA,NA,NA
2024-2025,Botetourt County,435,Western Virginia,school,148,460,Greenfield Elementary,34.02298850574713,NA,NA,NA,NA,NA,NA,NA,NA,NA
2024-2025,Botetourt County,464,Western Virginia,school,163,430,James River High,35.12931034482759,NA,NA,NA,NA,NA,NA,NA,NA,NA
2024-2025,Botetourt County,963,Western Virginia,school,262,440,Lord Botetourt High,27.206645898234683,NA,NA,NA,NA,NA,NA,NA,NA,NA
2024-2025,Botetourt County,670,Western Virginia,school,227,450,Read Mountain Middle,33.88059701492537,NA,NA,NA,NA,NA,NA,NA,NA,NA
2024-2025,Botetourt County,247,Western Virginia,school,80,40,Troutville Elementary,32.388663967611336,NA,NA,NA,NA,NA,NA,NA,NA,NA
2024-2025,Bristol City,638,Southwest,school,414,80,Virginia High,64.89028213166145,NA,NA,NA,NA,NA,NA,NA,NA,NA
2024-2025,Bristol City,655,Southwest,school,429,202,Virginia Intermediate School,65.49618320610688,NA,NA,NA,NA,NA,NA,NA,NA,NA
2024-2025,Bristol City,452,Southwest,school,311,10,Virginia Middle,68.80530973451327,NA,NA,NA,NA,NA,NA,NA,NA,NA
2024-2025,Bristol City,422,Southwest,school,70,100,Virginia Primary School,16.587677725118482,NA,NA,NA,NA,NA,NA,NA,NA,NA
2024-2025,Brunswick County,404,Southside,school,269,650,Brunswick High,66.58415841584159,NA,NA,NA,NA,NA,NA,NA,NA,NA
2024-2025,Brunswick County,288,Southside,school,194,660,James S. Russell Middle,67.36111111111111,NA,NA,NA,NA,NA,NA,NA,NA,NA
2024-2025,Brunswick County,177,Southside,school,123,690,Meherrin Powellton Elementary,69.49152542372882,NA,NA,NA,NA,NA,NA,NA,NA,NA
2024-2025,Brunswick County,205,Southside,school,135,700,Red Oak-Sturgeon Elementary,65.85365853658537,NA,NA,NA,NA,NA,NA,NA,NA,NA
2024-2025,Brunswick County,295,Southside,school,232,720,Totaro Elementary,78.64406779661017,NA,NA,NA,NA,NA,NA,NA,NA,NA
2024-2025,Buchanan County,194,Southwest,school,99,90,Council Elementary/Middle,51.03092783505154,NA,NA,NA,NA,NA,NA,NA,NA,NA
2024-2025,Buchanan County,115,Southwest,school,77,1000,Council High,66.95652173913044,NA,NA,NA,NA,NA,NA,NA,NA,NA
2024-2025,Buchanan County,352,Southwest,school,195,990,Grundy High,55.39772727272727,NA,NA,NA,NA,NA,NA,NA,NA,NA
2024-2025,Buchanan County,323,Southwest,school,165,120,Hurley Elementary/Middle,51.08359133126935,NA,NA,NA,NA,NA,NA,NA,NA,NA
2024-2025,Buchanan County,194,Southwest,school,128,1020,Hurley High,65.97938144329896,NA,NA,NA,NA,NA,NA,NA,NA,NA
2024-2025,Buchanan County,719,Southwest,school,311,1040,Riverview Elementary/Middle,43.254520166898466,NA,NA,NA,NA,NA,NA,NA,NA,NA
2024-2025,Buchanan County,240,Southwest,school,120,1041,Twin Valley Elementary/Middle,50,NA,NA,NA,NA,NA,NA,NA,NA,NA
2024-2025,Buchanan County,179,Southwest,school,102,1042,Twin Valley High,56.98324022346368,NA,NA,NA,NA,NA,NA,NA,NA,NA
2024-2025,Buckingham County,351,Southside,school,197,724,Buckingham Co Elementary,56.12535612535613,NA,NA,NA,NA,NA,NA,NA,NA,NA
2024-2025,Buckingham County,103,Southside,school,11,20,Buckingham Co Prekindergarten Center,10.679611650485436,NA,NA,NA,NA,NA,NA,NA,NA,NA
2024-2025,Buckingham County,361,Southside,school,182,723,Buckingham Co Primary,50.41551246537396,NA,NA,NA,NA,NA,NA,NA,NA,NA
2024-2025,Buckingham County,646,Southside,school,323,700,Buckingham County High,50,NA,NA,NA,NA,NA,NA,NA,NA,NA
2024-2025,Buckingham County,407,Southside,school,219,721,Buckingham County Middle,53.8083538083538,NA,NA,NA,NA,NA,NA,NA,NA,NA
2024-2025,Buena Vista City,268,Valley,school,137,40,Enderly Heights Elementary,51.11940298507462,NA,NA,NA,NA,NA,NA,NA,NA,NA
2024-2025,Buena Vista City,177,Valley,school,56,70,F.W. Kling Jr. Elementary,31.63841807909605,NA,NA,NA,NA,NA,NA,NA,NA,NA
2024-2025,Buena Vista City,315,Valley,school,144,62,Parry McCluer High,45.714285714285715,NA,NA,NA,NA,NA,NA,NA,NA,NA
2024-2025,Buena Vista City,126,Valley,school,56,61,Parry McCluer Middle School,44.44444444444444,NA,NA,NA,NA,NA,NA,NA,NA,NA
2024-2025,Campbell County,497,Valley,school,293,560,Altavista Elementary,58.95372233400402,NA,NA,NA,NA,NA,NA,NA,NA,NA
2024-2025,Campbell County,606,Valley,school,309,200,Altavista High,50.99009900990099,NA,NA,NA,NA,NA,NA,NA,NA,NA
2024-2025,Campbell County,410,Valley,school,251,650,Brookneal Elementary,61.21951219512195,NA,NA,NA,NA,NA,NA,NA,NA,NA
2024-2025,Campbell County,1017,Valley,school,348,720,Brookville High,34.21828908554572,NA,NA,NA,NA,NA,NA,NA,NA,NA
2024-2025,Campbell County,648,Valley,school,250,20,Brookville Middle,38.58024691358025,NA,NA,NA,NA,NA,NA,NA,NA,NA
2024-2025,Campbell County,406,Valley,school,176,130,Concord Elementary,43.34975369458128,NA,NA,NA,NA,NA,NA,NA,NA,NA
2024-2025,Campbell County,646,Valley,school,280,690,Leesville Road Elementary,43.343653250774,NA,NA,NA,NA,NA,NA,NA,NA,NA
2024-2025,Campbell County,450,Valley,school,265,821,Rustburg Elementary,58.88888888888889,NA,NA,NA,NA,NA,NA,NA,NA,NA
2024-2025,Campbell County,836,Valley,school,343,222,Rustburg High,41.02870813397129,NA,NA,NA,NA,NA,NA,NA,NA,NA
2024-2025,Campbell County,626,Valley,school,291,211,Rustburg Middle,46.48562300319489,NA,NA,NA,NA,NA,NA,NA,NA,NA
2024-2025,Campbell County,667,Valley,school,272,60,Tomahawk Elementary,40.779610194902546,NA,NA,NA,NA,NA,NA,NA,NA,NA
2024-2025,Campbell County,384,Valley,school,208,542,William Campbell High,54.166666666666664,NA,NA,NA,NA,NA,NA,NA,NA,NA
2024-2025,Campbell County,584,Valley,school,294,710,Yellow Branch Elementary,50.34246575342466,NA,NA,NA,NA,NA,NA,NA,NA,NA
2024-2025,Caroline County,828,Northern Neck,school,476,620,Bowling Green Elementary,57.48792270531401,NA,NA,NA,NA,NA,NA,NA,NA,NA
2024-2025,Caroline County,1311,Northern Neck,school,562,460,Caroline High,42.86803966437834,NA,NA,NA,NA,NA,NA,NA,NA,NA
2024-2025,Caroline County,982,Northern Neck,school,420,450,Caroline Middle,42.769857433808554,NA,NA,NA,NA,NA,NA,NA,NA,NA
2024-2025,Caroline County,1003,Northern Neck,school,405,9020,Lewis and Clark Elementary,40.37886340977069,NA,NA,NA,NA,NA,NA,NA,NA,NA
2024-2025,Caroline County,452,Northern Neck,school,253,630,Madison Elementary,55.97345132743363,NA,NA,NA,NA,NA,NA,NA,NA,NA
2024-2025,Carroll County,1034,Southwest,school,575,1230,Carroll County High,55.60928433268859,NA,NA,NA,NA,NA,NA,NA,NA,NA
2024-2025,Carroll County,747,Southwest,school,449,450,Carroll County Middle,60.107095046854084,NA,NA,NA,NA,NA,NA,NA,NA,NA
2024-2025,Carroll County,130,Southwest,school,72,1180,Fancy Gap Elementary,55.38461538461539,NA,NA,NA,NA,NA,NA,NA,NA,NA
2024-2025,Carroll County,108,Southwest,school,58,1150,Gladesboro Elementary,53.70370370370371,NA,NA,NA,NA,NA,NA,NA,NA,NA
2024-2025,Carroll County,259,Southwest,school,167,1210,Gladeville Elementary,64.47876447876449,NA,NA,NA,NA,NA,NA,NA,NA,NA
2024-2025,Carroll County,461,Southwest,school,253,1170,Hillsville Elementary,54.880694143167034,NA,NA,NA,NA,NA,NA,NA,NA,NA
2024-2025,Carroll County,199,Southwest,school,116,1160,Laurel Elementary,58.291457286432156,NA,NA,NA,NA,NA,NA,NA,NA,NA
2024-2025,Carroll County,196,Southwest,school,120,1130,Oakland Elementary,61.224489795918366,NA,NA,NA,NA,NA,NA,NA,NA,NA
2024-2025,Carroll County,304,Southwest,school,184,1110,St. Paul,60.526315789473685,NA,NA,NA,NA,NA,NA,NA,NA,NA
2024-2025,Charles City County,302,Central Virginia,school,199,80,Charles City County Elementary,65.89403973509934,NA,NA,NA,NA,NA,NA,NA,NA,NA
2024-2025,Charles City County,221,Central Virginia,school,140,100,Charles City County High,63.348416289592755,NA,NA,NA,NA,NA,NA,NA,NA,NA
2024-2025,Charlotte County,169,Southside,school,93,470,Bacon District Elementary,55.02958579881657,NA,NA,NA,NA,NA,NA,NA,NA,NA
2024-2025,Charlotte County,381,Southside,school,197,210,Central Middle,51.70603674540683,NA,NA,NA,NA,NA,NA,NA,NA,NA
2024-2025,Charlotte County,471,Southside,school,269,100,Eureka Elementary,57.11252653927813,NA,NA,NA,NA,NA,NA,NA,NA,NA
2024-2025,Charlotte County,226,Southside,school,139,450,Phenix Elementary,61.504424778761056,NA,NA,NA,NA,NA,NA,NA,NA,NA
2024-2025,Charlotte County,460,Southside,school,213,460,Randolph-Henry High,46.30434782608695,NA,NA,NA,NA,NA,NA,NA,NA,NA
2024-2025,Charlottesville City,564,Valley,school,319,100,Buford Middle,56.560283687943254,NA,NA,NA,NA,NA,NA,NA,NA,NA
2024-2025,Charlottesville City,299,Valley,school,97,70,Burnley-Moran Elementary,32.441471571906355,NA,NA,NA,NA,NA,NA,NA,NA,NA
2024-2025,Charlottesville City,1441,Valley,school,724,140,Charlottesville High,50.24288688410826,NA,NA,NA,NA,NA,NA,NA,NA,NA
2024-2025,Charlottesville City,267,Valley,school,122,90,Greenbrier Elementary,45.69288389513109,NA,NA,NA,NA,NA,NA,NA,NA,NA
2024-2025,Charlottesville City,370,Valley,school,226,120,Jackson-Via Elementary,61.08108108108108,NA,NA,NA,NA,NA,NA,NA,NA,NA
2024-2025,Charlottesville City,327,Valley,school,196,10,Johnson Elementary,59.9388379204893,NA,NA,NA,NA,NA,NA,NA,NA,NA
2024-2025,Charlottesville City,285,Valley,school,207,50,Summit Elementary School,72.63157894736842,NA,NA,NA,NA,NA,NA,NA,NA,NA
2024-2025,Charlottesville City,320,Valley,school,138,40,Trailblazer Elementary School,43.125,NA,NA,NA,NA,NA,NA,NA,NA,NA
2024-2025,Charlottesville City,570,Valley,school,299,110,Walker Upper Elementary,52.45614035087719,NA,NA,NA,NA,NA,NA,NA,NA,NA
2024-2025,Chesapeake City,829,Tidewater,school,381,630,B.M. Williams Primary,45.958986731001204,NA,NA,NA,NA,NA,NA,NA,NA,NA
2024-2025,Chesapeake City,579,Tidewater,school,69,860,Butts Road Intermediate,11.917098445595855,NA,NA,NA,NA,NA,NA,NA,NA,NA
2024-2025,Chesapeake City,498,Tidewater,school,60,770,Butts Road Primary,12.048192771084338,NA,NA,NA,NA,NA,NA,NA,NA,NA
2024-2025,Chesapeake City,494,Tidewater,school,277,90,Camelot Elementary,56.07287449392713,NA,NA,NA,NA,NA,NA,NA,NA,NA
2024-2025,Chesapeake City,988,Tidewater,school,168,900,Cedar Road Elementary,17.00404858299595,NA,NA,NA,NA,NA,NA,NA,NA,NA
2024-2025,Chesapeake City,737,Tidewater,school,355,700,Crestwood Intermediate,48.16824966078697,NA,NA,NA,NA,NA,NA,NA,NA,NA
2024-2025,Chesapeake City,559,Tidewater,school,253,560,Crestwood Middle,45.25939177101968,NA,NA,NA,NA,NA,NA,NA,NA,NA
2024-2025,Chesapeake City,888,Tidewater,school,180,660,Deep Creek Central Elementary,20.27027027027027,NA,NA,NA,NA,NA,NA,NA,NA,NA
2024-2025,Chesapeake City,770,Tidewater,school,264,210,Deep Creek Elementary,34.285714285714285,NA,NA,NA,NA,NA,NA,NA,NA,NA
2024-2025,Chesapeake City,1698,Tidewater,school,643,100,Deep Creek High,37.8680800942285,NA,NA,NA,NA,NA,NA,NA,NA,NA
2024-2025,Chesapeake City,764,Tidewater,school,315,610,Deep Creek Middle,41.2303664921466,NA,NA,NA,NA,NA,NA,NA,NA,NA
2024-2025,Chesapeake City,762,Tidewater,school,142,640,Edwin W. Chittum Elementary,18.635170603674542,NA,NA,NA,NA,NA,NA,NA,NA,NA
2024-2025,Chesapeake City,441,Tidewater,school,269,720,G.A. Treakle Elementary,60.997732426303855,NA,NA,NA,NA,NA,NA,NA,NA,NA
2024-2025,Chesapeake City,535,Tidewater,school,338,50,George W. Carver Intermediate,63.177570093457945,NA,NA,NA,NA,NA,NA,NA,NA,NA
2024-2025,Chesapeake City,804,Tidewater,school,411,820,Georgetown Primary,51.11940298507462,NA,NA,NA,NA,NA,NA,NA,NA,NA
2024-2025,Chesapeake City,1307,Tidewater,school,193,950,Grassfield Elementary,14.76664116296863,NA,NA,NA,NA,NA,NA,NA,NA,NA
2024-2025,Chesapeake City,2352,Tidewater,school,293,960,Grassfield High,12.45748299319728,NA,NA,NA,NA,NA,NA,NA,NA,NA
2024-2025,Chesapeake City,1492,Tidewater,school,285,120,Great Bridge High,19.101876675603215,NA,NA,NA,NA,NA,NA,NA,NA,NA
2024-2025,Chesapeake City,728,Tidewater,school,107,850,Great Bridge Intermediate,14.697802197802199,NA,NA,NA,NA,NA,NA,NA,NA,NA
2024-2025,Chesapeake City,1312,Tidewater,school,179,590,Great Bridge Middle,13.64329268292683,NA,NA,NA,NA,NA,NA,NA,NA,NA
2024-2025,Chesapeake City,612,Tidewater,school,125,680,Great Bridge Primary,20.424836601307188,NA,NA,NA,NA,NA,NA,NA,NA,NA
2024-2025,Chesapeake City,657,Tidewater,school,199,870,Greenbrier Intermediate,30.28919330289193,NA,NA,NA,NA,NA,NA,NA,NA,NA
2024-2025,Chesapeake City,791,Tidewater,school,237,972,Greenbrier Middle,29.96207332490518,NA,NA,NA,NA,NA,NA,NA,NA,NA
2024-2025,Chesapeake City,679,Tidewater,school,185,140,Greenbrier Primary,27.245949926362297,NA,NA,NA,NA,NA,NA,NA,NA,NA
2024-2025,Chesapeake City,695,Tidewater,school,95,340,Hickory Elementary,13.66906474820144,NA,NA,NA,NA,NA,NA,NA,NA,NA
2024-2025,Chesapeake City,1602,Tidewater,school,171,890,Hickory High,10.674157303370785,NA,NA,NA,NA,NA,NA,NA,NA,NA
2024-2025,Chesapeake City,1285,Tidewater,school,170,280,Hickory Middle,13.229571984435799,NA,NA,NA,NA,NA,NA,NA,NA,NA
2024-2025,Chesapeake City,1288,Tidewater,school,296,920,Hugo A. Owens Middle,22.981366459627328,NA,NA,NA,NA,NA,NA,NA,NA,NA
2024-2025,Chesapeake City,1643,Tidewater,school,713,830,Indian River High,43.39622641509434,NA,NA,NA,NA,NA,NA,NA,NA,NA
2024-2025,Chesapeake City,744,Tidewater,school,393,710,Indian River Middle,52.82258064516129,NA,NA,NA,NA,NA,NA,NA,NA,NA
2024-2025,Chesapeake City,754,Tidewater,school,249,973,Jolliff Middle,33.02387267904509,NA,NA,NA,NA,NA,NA,NA,NA,NA
2024-2025,Chesapeake City,294,Tidewater,school,150,160,Norfolk Highlands Primary,51.02040816326531,NA,NA,NA,NA,NA,NA,NA,NA,NA
2024-2025,Chesapeake City,2268,Tidewater,school,NA,80,Oscar F. Smith High,NA,NA,NA,NA,NA,NA,NA,NA,NA,NA
2024-2025,Chesapeake City,973,Tidewater,school,641,10,Oscar Smith Middle,65.87872559095581,NA,NA,NA,NA,NA,NA,NA,NA,NA
2024-2025,Chesapeake City,518,Tidewater,school,302,730,Portlock Primary,58.301158301158296,NA,NA,NA,NA,NA,NA,NA,NA,NA
2024-2025,Chesapeake City,301,Tidewater,school,196,200,Rena B. Wright Primary,65.11627906976744,NA,NA,NA,NA,NA,NA,NA,NA,NA
2024-2025,Chesapeake City,828,Tidewater,school,110,620,Southeastern Elementary,13.285024154589372,NA,NA,NA,NA,NA,NA,NA,NA,NA
2024-2025,Chesapeake City,549,Tidewater,school,286,600,Southwestern Elementary,52.09471766848816,NA,NA,NA,NA,NA,NA,NA,NA,NA
2024-2025,Chesapeake City,413,Tidewater,school,195,750,Sparrow Road Intermediate,47.21549636803874,NA,NA,NA,NA,NA,NA,NA,NA,NA
2024-2025,Chesapeake City,395,Tidewater,school,293,40,Thurgood Marshall Elementary,74.17721518987341,NA,NA,NA,NA,NA,NA,NA,NA,NA
2024-2025,Chesapeake City,258,Tidewater,school,171,971,Truitt Intermediate,66.27906976744185,NA,NA,NA,NA,NA,NA,NA,NA,NA
2024-2025,Chesapeake City,2145,Tidewater,school,698,840,Western Branch High,32.54079254079254,NA,NA,NA,NA,NA,NA,NA,NA,NA
2024-2025,Chesapeake City,796,Tidewater,school,292,810,Western Branch Intermediate,36.68341708542713,NA,NA,NA,NA,NA,NA,NA,NA,NA
2024-2025,Chesapeake City,858,Tidewater,school,298,740,Western Branch Middle,34.731934731934736,NA,NA,NA,NA,NA,NA,NA,NA,NA
2024-2025,Chesapeake City,802,Tidewater,school,277,110,Western Branch Primary,34.538653366583546,NA,NA,NA,NA,NA,NA,NA,NA,NA
2024-2025,Chesterfield County,708,Central Virginia,school,417,620,A.M. Davis Elementary,58.89830508474576,NA,NA,NA,NA,NA,NA,NA,NA,NA
2024-2025,Chesterfield County,671,Central Virginia,school,219,861,Alberta Smith Elementary,32.63785394932936,NA,NA,NA,NA,NA,NA,NA,NA,NA
2024-2025,Chesterfield County,1498,Central Virginia,school,555,631,Bailey Bridge Middle,37.04939919893191,NA,NA,NA,NA,NA,NA,NA,NA,NA
2024-2025,Chesterfield County,493,Central Virginia,school,341,660,Bellwood Elementary,69.1683569979716,NA,NA,NA,NA,NA,NA,NA,NA,NA
2024-2025,Chesterfield County,615,Central Virginia,school,372,430,Bensley Elementary,60.48780487804878,NA,NA,NA,NA,NA,NA,NA,NA,NA
2024-2025,Chesterfield County,605,Central Virginia,school,25,510,Bettie Weaver Elementary,4.132231404958678,NA,NA,NA,NA,NA,NA,NA,NA,NA
2024-2025,Chesterfield County,902,Central Virginia,school,545,130,Beulah Elementary,60.42128603104213,NA,NA,NA,NA,NA,NA,NA,NA,NA
2024-2025,Chesterfield County,488,Central Virginia,school,182,20,Bon Air Elementary,37.295081967213115,NA,NA,NA,NA,NA,NA,NA,NA,NA
2024-2025,Chesterfield County,606,Central Virginia,school,292,50,C.C. Wells Elementary,48.18481848184818,NA,NA,NA,NA,NA,NA,NA,NA,NA
2024-2025,Chesterfield County,767,Central Virginia,school,383,492,C.E. Curtis Elementary,49.934810951760106,NA,NA,NA,NA,NA,NA,NA,NA,NA
2024-2025,Chesterfield County,273,Central Virginia,school,190,30,Carver College and Career Academy,69.59706959706959,NA,NA,NA,NA,NA,NA,NA,NA,NA
2024-2025,Chesterfield County,971,Central Virginia,school,567,420,Carver Middle,58.39340885684861,NA,NA,NA,NA,NA,NA,NA,NA,NA
2024-2025,Chesterfield County,326,Central Virginia,school,128,33,Chester Early Childhood Learning Academy,39.263803680981596,NA,NA,NA,NA,NA,NA,NA,NA,NA
2024-2025,Chesterfield County,441,Central Virginia,school,55,93,Chesterfield Virtual School,12.471655328798185,NA,NA,NA,NA,NA,NA,NA,NA,NA
2024-2025,Chesterfield County,866,Central Virginia,school,324,150,Clover Hill Elementary,37.41339491916859,NA,NA,NA,NA,NA,NA,NA,NA,NA
2024-2025,Chesterfield County,1746,Central Virginia,school,658,740,Clover Hill High,37.68613974799542,NA,NA,NA,NA,NA,NA,NA,NA,NA
2024-2025,Chesterfield County,2516,Central Virginia,school,474,840,Cosby High,18.839427662957075,NA,NA,NA,NA,NA,NA,NA,NA,NA
2024-2025,Chesterfield County,635,Central Virginia,school,313,560,Crestwood Elementary,49.29133858267716,NA,NA,NA,NA,NA,NA,NA,NA,NA
2024-2025,Chesterfield County,764,Central Virginia,school,400,480,Ecoff Elementary,52.35602094240838,NA,NA,NA,NA,NA,NA,NA,NA,NA
2024-2025,Chesterfield County,1367,Central Virginia,school,608,870,Elizabeth Davis Middle,44.47695683979517,NA,NA,NA,NA,NA,NA,NA,NA,NA
2024-2025,Chesterfield County,729,Central Virginia,school,394,850,Elizabeth Scott Elementary,54.046639231824415,NA,NA,NA,NA,NA,NA,NA,NA,NA
2024-2025,Chesterfield County,691,Central Virginia,school,289,390,Enon Elementary,41.823444283646886,NA,NA,NA,NA,NA,NA,NA,NA,NA
2024-2025,Chesterfield County,560,Central Virginia,school,379,350,Ettrick Elementary,67.67857142857143,NA,NA,NA,NA,NA,NA,NA,NA,NA
2024-2025,Chesterfield County,797,Central Virginia,school,272,300,Evergreen Elementary,34.12797992471769,NA,NA,NA,NA,NA,NA,NA,NA,NA
2024-2025,Chesterfield County,823,Central Virginia,school,572,590,Falling Creek Elementary,69.50182260024302,NA,NA,NA,NA,NA,NA,NA,NA,NA
2024-2025,Chesterfield County,1443,Central Virginia,school,923,670,Falling Creek Middle,63.96396396396396,NA,NA,NA,NA,NA,NA,NA,NA,NA
2024-2025,Chesterfield County,724,Central Virginia,school,128,180,Grange Hall Elementary,17.67955801104972,NA,NA,NA,NA,NA,NA,NA,NA,NA
2024-2025,Chesterfield County,519,Central Virginia,school,174,70,Greenfield Elementary,33.52601156069364,NA,NA,NA,NA,NA,NA,NA,NA,NA
2024-2025,Chesterfield County,486,Central Virginia,school,335,460,Harrowgate Elementary,68.93004115226337,NA,NA,NA,NA,NA,NA,NA,NA,NA
2024-2025,Chesterfield County,776,Central Virginia,school,480,60,Hopkins Road Elementary,61.855670103092784,NA,NA,NA,NA,NA,NA,NA,NA,NA
2024-2025,Chesterfield County,835,Central Virginia,school,615,550,J.A. Chalkley Elementary,73.65269461077844,NA,NA,NA,NA,NA,NA,NA,NA,NA
2024-2025,Chesterfield County,913,Central Virginia,school,180,650,J.B. Watkins Elementary,19.715224534501644,NA,NA,NA,NA,NA,NA,NA,NA,NA
2024-2025,Chesterfield County,877,Central Virginia,school,527,500,J.G. Hening Elementary,60.091220068415055,NA,NA,NA,NA,NA,NA,NA,NA,NA
2024-2025,Chesterfield County,716,Central Virginia,school,353,400,Jacobs Road Elementary,49.30167597765363,NA,NA,NA,NA,NA,NA,NA,NA,NA
2024-2025,Chesterfield County,1843,Central Virginia,school,680,770,James River High,36.89636462289745,NA,NA,NA,NA,NA,NA,NA,NA,NA
2024-2025,Chesterfield County,2134,Central Virginia,school,NA,10,Lloyd C. Bird High,NA,NA,NA,NA,NA,NA,NA,NA,NA,NA
2024-2025,Chesterfield County,2243,Central Virginia,school,895,632,Manchester High,39.90191707534552,NA,NA,NA,NA,NA,NA,NA,NA,NA
2024-2025,Chesterfield County,1109,Central Virginia,school,584,600,Manchester Middle,52.66005410279531,NA,NA,NA,NA,NA,NA,NA,NA,NA
2024-2025,Chesterfield County,642,Central Virginia,school,375,780,Marguerite F. Christian Elementary,58.41121495327103,NA,NA,NA,NA,NA,NA,NA,NA,NA
2024-2025,Chesterfield County,676,Central Virginia,school,331,370,Matoaca Elementary,48.96449704142012,NA,NA,NA,NA,NA,NA,NA,NA,NA
2024-2025,Chesterfield County,1628,Central Virginia,school,710,530,Matoaca High,43.611793611793615,NA,NA,NA,NA,NA,NA,NA,NA,NA
2024-2025,Chesterfield County,776,Central Virginia,school,349,110,Matoaca Middle,44.97422680412371,NA,NA,NA,NA,NA,NA,NA,NA,NA
2024-2025,Chesterfield County,1955,Central Virginia,school,NA,580,Meadowbrook High,NA,NA,NA,NA,NA,NA,NA,NA,NA,NA
2024-2025,Chesterfield County,2052,Central Virginia,school,341,320,Midlothian High,16.61793372319688,NA,NA,NA,NA,NA,NA,NA,NA,NA
2024-2025,Chesterfield County,1331,Central Virginia,school,213,40,Midlothian Middle,16.003005259203608,NA,NA,NA,NA,NA,NA,NA,NA,NA
2024-2025,Chesterfield County,1644,Central Virginia,school,635,280,Monacan High,38.62530413625304,NA,NA,NA,NA,NA,NA,NA,NA,NA
2024-2025,Chesterfield County,972,Central Virginia,school,126,92,Moseley Elementary,12.962962962962962,NA,NA,NA,NA,NA,NA,NA,NA,NA
2024-2025,Chesterfield County,620,Central Virginia,school,220,360,O.B. Gates Elementary,35.483870967741936,NA,NA,NA,NA,NA,NA,NA,NA,NA
2024-2025,Chesterfield County,981,Central Virginia,school,139,90,Old Hundred Elementary,14.169215086646277,NA,NA,NA,NA,NA,NA,NA,NA,NA
2024-2025,Chesterfield County,682,Central Virginia,school,382,380,Providence Elementary,56.01173020527859,NA,NA,NA,NA,NA,NA,NA,NA,NA
2024-2025,Chesterfield County,1034,Central Virginia,school,648,690,Providence Middle,62.66924564796905,NA,NA,NA,NA,NA,NA,NA,NA,NA
2024-2025,Chesterfield County,612,Central Virginia,school,312,700,Reams Road Elementary,50.98039215686274,NA,NA,NA,NA,NA,NA,NA,NA,NA
2024-2025,Chesterfield County,660,Central Virginia,school,168,730,Robious Elementary,25.454545454545453,NA,NA,NA,NA,NA,NA,NA,NA,NA
2024-2025,Chesterfield County,1081,Central Virginia,school,324,760,Robious Middle,29.972247918593897,NA,NA,NA,NA,NA,NA,NA,NA,NA
2024-2025,Chesterfield County,574,Central Virginia,school,339,720,Salem Church Elementary,59.059233449477354,NA,NA,NA,NA,NA,NA,NA,NA,NA
2024-2025,Chesterfield County,877,Central Virginia,school,544,722,Salem Church Middle,62.02964652223489,NA,NA,NA,NA,NA,NA,NA,NA,NA
2024-2025,Chesterfield County,848,Central Virginia,school,246,800,Spring Run Elementary,29.009433962264154,NA,NA,NA,NA,NA,NA,NA,NA,NA
2024-2025,Chesterfield County,724,Central Virginia,school,215,340,Swift Creek Elementary,29.696132596685082,NA,NA,NA,NA,NA,NA,NA,NA,NA
2024-2025,Chesterfield County,1183,Central Virginia,school,373,270,Swift Creek Middle,31.53000845308538,NA,NA,NA,NA,NA,NA,NA,NA,NA
2024-2025,Chesterfield County,708,Central Virginia,school,345,410,Thelma Crenshaw Elementary,48.728813559322035,NA,NA,NA,NA,NA,NA,NA,NA,NA
2024-2025,Chesterfield County,2593,Central Virginia,school,NA,610,Thomas Dale High,NA,NA,NA,NA,NA,NA,NA,NA,NA,NA
2024-2025,Chesterfield County,1650,Central Virginia,school,266,880,Tomahawk Creek Middle,16.12121212121212,NA,NA,NA,NA,NA,NA,NA,NA,NA
2024-2025,Chesterfield County,628,Central Virginia,school,124,290,W.W. Gordon Elementary,19.745222929936308,NA,NA,NA,NA,NA,NA,NA,NA,NA
2024-2025,Chesterfield County,834,Central Virginia,school,142,860,Winterpock Elementary,17.026378896882495,NA,NA,NA,NA,NA,NA,NA,NA,NA
2024-2025,Chesterfield County,813,Central Virginia,school,99,440,Woolridge Elementary,12.177121771217712,NA,NA,NA,NA,NA,NA,NA,NA,NA
2024-2025,Clarke County,281,Northern Virginia,school,109,250,Boyce Elementary,38.79003558718861,NA,NA,NA,NA,NA,NA,NA,NA,NA
2024-2025,Clarke County,683,Northern Virginia,school,203,10,Clarke County High,29.721815519765737,NA,NA,NA,NA,NA,NA,NA,NA,NA
2024-2025,Clarke County,509,Northern Virginia,school,173,290,D.G. Cooley Elementary,33.988212180746565,NA,NA,NA,NA,NA,NA,NA,NA,NA
2024-2025,Clarke County,415,Northern Virginia,school,149,280,Johnson-Williams Middle,35.903614457831324,NA,NA,NA,NA,NA,NA,NA,NA,NA
2024-2025,Colonial Beach,367,Northern Neck,school,216,22,Colonial Beach Elementary,58.855585831062676,NA,NA,NA,NA,NA,NA,NA,NA,NA
2024-2025,Colonial Beach,226,Northern Neck,school,138,21,Colonial Beach High,61.06194690265486,NA,NA,NA,NA,NA,NA,NA,NA,NA
2024-2025,Colonial Heights City,886,Central Virginia,school,500,40,Colonial Heights High,56.43340857787811,NA,NA,NA,NA,NA,NA,NA,NA,NA
2024-2025,Colonial Heights City,700,Central Virginia,school,448,20,Colonial Heights Middle,64,NA,NA,NA,NA,NA,NA,NA,NA,NA
2024-2025,Colonial Heights City,422,Central Virginia,school,280,50,Lakeview Elementary,66.35071090047393,NA,NA,NA,NA,NA,NA,NA,NA,NA
2024-2025,Colonial Heights City,311,Central Virginia,school,238,30,North Elementary,76.52733118971061,NA,NA,NA,NA,NA,NA,NA,NA,NA
2024-2025,Colonial Heights City,652,Central Virginia,school,353,60,Tussing Elementary,54.141104294478524,NA,NA,NA,NA,NA,NA,NA,NA,NA
2024-2025,Craig County,278,Western Virginia,school,123,11,Craig County High,44.24460431654676,NA,NA,NA,NA,NA,NA,NA,NA,NA
2024-2025,Craig County,229,Western Virginia,school,111,10,McCleary Elementary,48.47161572052402,NA,NA,NA,NA,NA,NA,NA,NA,NA
2024-2025,Culpeper County,563,Northern Virginia,school,192,240,A.G. Richardson Elementary,34.10301953818828,NA,NA,NA,NA,NA,NA,NA,NA,NA
2024-2025,Culpeper County,1204,Northern Virginia,school,446,480,Culpeper County High,37.04318936877076,NA,NA,NA,NA,NA,NA,NA,NA,NA
2024-2025,Culpeper County,1040,Northern Virginia,school,421,20,Culpeper Middle,40.48076923076923,NA,NA,NA,NA,NA,NA,NA,NA,NA
2024-2025,Culpeper County,1529,Northern Virginia,school,597,50,Eastern View High,39.04512753433617,NA,NA,NA,NA,NA,NA,NA,NA,NA
2024-2025,Culpeper County,702,Northern Virginia,school,227,450,Emerald Hill Elementary,32.33618233618233,NA,NA,NA,NA,NA,NA,NA,NA,NA
2024-2025,Culpeper County,453,Northern Virginia,school,244,470,Farmington Elementary,53.86313465783664,NA,NA,NA,NA,NA,NA,NA,NA,NA
2024-2025,Culpeper County,825,Northern Virginia,school,338,581,Floyd T. Binns Middle,40.96969696969697,NA,NA,NA,NA,NA,NA,NA,NA,NA
2024-2025,Culpeper County,9,Northern Virginia,school,NA,582,Galbreath-Marshall Building,NA,NA,NA,NA,NA,NA,NA,NA,NA,NA
2024-2025,Culpeper County,680,Northern Virginia,school,312,10,Pearl Sample Elementary,45.88235294117647,NA,NA,NA,NA,NA,NA,NA,NA,NA
2024-2025,Culpeper County,689,Northern Virginia,school,388,460,Sycamore Park Elementary,56.313497822931794,NA,NA,NA,NA,NA,NA,NA,NA,NA
2024-2025,Culpeper County,687,Northern Virginia,school,296,40,Yowell Elementary,43.085880640465795,NA,NA,NA,NA,NA,NA,NA,NA,NA
2024-2025,Cumberland County,530,Southside,school,303,140,Cumberland Elementary,57.16981132075472,NA,NA,NA,NA,NA,NA,NA,NA,NA
2024-2025,Cumberland County,374,Southside,school,200,151,Cumberland High,53.475935828877006,NA,NA,NA,NA,NA,NA,NA,NA,NA
2024-2025,Cumberland County,374,Southside,school,238,152,Cumberland Middle,63.63636363636363,NA,NA,NA,NA,NA,NA,NA,NA,NA
2024-2025,Danville City,466,Western Virginia,school,406,490,Edwin A. Gibson Elementary,87.1244635193133,NA,NA,NA,NA,NA,NA,NA,NA,NA
2024-2025,Danville City,201,Western Virginia,school,135,20,Forest Hills Elementary,67.16417910447761,NA,NA,NA,NA,NA,NA,NA,NA,NA
2024-2025,Danville City,571,Western Virginia,school,514,190,G.L.H. Johnson Elementary,90.01751313485113,NA,NA,NA,NA,NA,NA,NA,NA,NA
2024-2025,Danville City,260,Western Virginia,school,156,1374,Galileo Magnet High,60,NA,NA,NA,NA,NA,NA,NA,NA,NA
2024-2025,Danville City,1248,Western Virginia,school,990,210,George Washington High,79.32692307692307,NA,NA,NA,NA,NA,NA,NA,NA,NA
2024-2025,Danville City,122,Western Virginia,school,80,200,Grove Park Preschool,65.57377049180327,NA,NA,NA,NA,NA,NA,NA,NA,NA
2024-2025,Danville City,501,Western Virginia,school,375,260,O. Trent Bonner Middle,74.8502994011976,NA,NA,NA,NA,NA,NA,NA,NA,NA
2024-2025,Danville City,361,Western Virginia,school,292,250,Park Avenue Elementary,80.88642659279779,NA,NA,NA,NA,NA,NA,NA,NA,NA
2024-2025,Danville City,163,Western Virginia,school,154,139,R.I.S.E Academy at the John M. Langston Campus,94.47852760736197,NA,NA,NA,NA,NA,NA,NA,NA,NA
2024-2025,Danville City,516,Western Virginia,school,439,40,Schoolfield Elementary,85.07751937984496,NA,NA,NA,NA,NA,NA,NA,NA,NA
2024-2025,Danville City,137,Western Virginia,school,NA,30,The Northside Preschool,NA,NA,NA,NA,NA,NA,NA,NA,NA,NA
2024-2025,Danville City,642,Western Virginia,school,551,1372,Westwood Middle,85.82554517133957,NA,NA,NA,NA,NA,NA,NA,NA,NA
2024-2025,Danville City,377,Western Virginia,school,336,220,Woodberry Hills Elementary,89.12466843501326,NA,NA,NA,NA,NA,NA,NA,NA,NA
2024-2025,Dickenson County,667,Southwest,school,391,281,Ridgeview Elementary,58.620689655172406,NA,NA,NA,NA,NA,NA,NA,NA,NA
2024-2025,Dickenson County,548,Southwest,school,251,275,Ridgeview High,45.8029197080292,NA,NA,NA,NA,NA,NA,NA,NA,NA
2024-2025,Dickenson County,586,Southwest,school,296,280,Ridgeview Middle,50.51194539249146,NA,NA,NA,NA,NA,NA,NA,NA,NA
2024-2025,Dinwiddie County,1261,Central Virginia,school,532,500,Dinwiddie County High,42.18873909595559,NA,NA,NA,NA,NA,NA,NA,NA,NA
2024-2025,Dinwiddie County,920,Central Virginia,school,462,471,Dinwiddie County Middle,50.21739130434783,NA,NA,NA,NA,NA,NA,NA,NA,NA
2024-2025,Dinwiddie County,341,Central Virginia,school,166,310,Dinwiddie Elementary,48.68035190615836,NA,NA,NA,NA,NA,NA,NA,NA,NA
2024-2025,Dinwiddie County,352,Central Virginia,school,136,250,Midway Elementary,38.63636363636363,NA,NA,NA,NA,NA,NA,NA,NA,NA
2024-2025,Dinwiddie County,446,Central Virginia,school,244,10,Southside Elementary,54.7085201793722,NA,NA,NA,NA,NA,NA,NA,NA,NA
2024-2025,Dinwiddie County,281,Central Virginia,school,168,180,Sunnyside Elementary,59.7864768683274,NA,NA,NA,NA,NA,NA,NA,NA,NA
2024-2025,Dinwiddie County,548,Central Virginia,school,302,520,Sutherland Elementary,55.1094890510949,NA,NA,NA,NA,NA,NA,NA,NA,NA
2024-2025,Essex County,393,Northern Neck,school,211,10,Essex High,53.68956743002544,NA,NA,NA,NA,NA,NA,NA,NA,NA
2024-2025,Essex County,299,Northern Neck,school,173,150,James H. Cary Intermediate,57.859531772575245,NA,NA,NA,NA,NA,NA,NA,NA,NA
2024-2025,Essex County,400,Northern Neck,school,240,160,Tappahannock Elementary,60,NA,NA,NA,NA,NA,NA,NA,NA,NA
2024-2025,Fairfax County,459,Northern Virginia,school,120,2203,Aldrin Elementary,26.143790849673206,NA,NA,NA,NA,NA,NA,NA,NA,NA
2024-2025,Fairfax County,2163,Northern Virginia,school,NA,660,Annandale High,NA,NA,NA,NA,NA,NA,NA,NA,NA,NA
2024-2025,Fairfax County,682,Northern Virginia,school,631,1360,Annandale Terrace Elementary,92.52199413489735,NA,NA,NA,NA,NA,NA,NA,NA,NA
2024-2025,Fairfax County,545,Northern Virginia,school,82,110,Archer Elementary,15.045871559633028,NA,NA,NA,NA,NA,NA,NA,NA,NA
2024-2025,Fairfax County,357,Northern Virginia,school,84,1530,Armstrong Elementary,23.52941176470588,NA,NA,NA,NA,NA,NA,NA,NA,NA
2024-2025,Fairfax County,820,Northern Virginia,school,675,550,Bailey's Elementary School for the Arts and Sciences,82.3170731707317,NA,NA,NA,NA,NA,NA,NA,NA,NA
2024-2025,Fairfax County,540,Northern Virginia,school,533,2459,Bailey's Upper Elementary School for the Arts and Sciences,98.70370370370371,NA,NA,NA,NA,NA,NA,NA,NA,NA
2024-2025,Fairfax County,369,Northern Virginia,school,327,1730,Beech Tree Elementary,88.6178861788618,NA,NA,NA,NA,NA,NA,NA,NA,NA
2024-2025,Fairfax County,420,Northern Virginia,school,165,560,Belle View Elementary,39.285714285714285,NA,NA,NA,NA,NA,NA,NA,NA,NA
2024-2025,Fairfax County,612,Northern Virginia,school,369,720,Belvedere Elementary,60.29411764705882,NA,NA,NA,NA,NA,NA,NA,NA,NA
2024-2025,Fairfax County,786,Northern Virginia,school,191,2000,Bonnie Brae Elementary,24.30025445292621,NA,NA,NA,NA,NA,NA,NA,NA,NA
2024-2025,Fairfax County,956,Northern Virginia,school,879,1090,Braddock Elementary,91.94560669456067,NA,NA,NA,NA,NA,NA,NA,NA,NA
2024-2025,Fairfax County,500,Northern Virginia,school,419,940,Bren Mar Park Elementary,83.8,NA,NA,NA,NA,NA,NA,NA,NA,NA
2024-2025,Fairfax County,685,Northern Virginia,school,624,1790,Brookfield Elementary,91.0948905109489,NA,NA,NA,NA,NA,NA,NA,NA,NA
2024-2025,Fairfax County,154,Northern Virginia,school,134,2201,Bryant High,87.01298701298701,NA,NA,NA,NA,NA,NA,NA,NA,NA
2024-2025,Fairfax County,334,Northern Virginia,school,291,700,Bucknell Elementary,87.12574850299401,NA,NA,NA,NA,NA,NA,NA,NA,NA
2024-2025,Fairfax County,236,Northern Virginia,school,17,2251,Bull Run Early Childhood Resource Center,7.203389830508475,NA,NA,NA,NA,NA,NA,NA,NA,NA
2024-2025,Fairfax County,769,Northern Virginia,school,402,2225,Bull Run Elementary,52.275682704811445,NA,NA,NA,NA,NA,NA,NA,NA,NA
2024-2025,Fairfax County,686,Northern Virginia,school,195,680,Bush Hill Elementary,28.425655976676385,NA,NA,NA,NA,NA,NA,NA,NA,NA
2024-2025,Fairfax County,611,Northern Virginia,school,262,1940,Camelot Elementary,42.88052373158756,NA,NA,NA,NA,NA,NA,NA,NA,NA
2024-2025,Fairfax County,608,Northern Virginia,school,522,620,Cameron Elementary,85.85526315789474,NA,NA,NA,NA,NA,NA,NA,NA,NA
2024-2025,Fairfax County,737,Northern Virginia,school,120,1590,Canterbury Woods Elementary,16.28222523744912,NA,NA,NA,NA,NA,NA,NA,NA,NA
2024-2025,Fairfax County,711,Northern Virginia,school,227,1690,Cardinal Forest Elementary,31.926863572433195,NA,NA,NA,NA,NA,NA,NA,NA,NA
2024-2025,Fairfax County,1360,Northern Virginia,school,305,2222,Carson Middle,22.426470588235293,NA,NA,NA,NA,NA,NA,NA,NA,NA
2024-2025,Fairfax County,675,Northern Virginia,school,595,2090,Centre Ridge Elementary,88.14814814814815,NA,NA,NA,NA,NA,NA,NA,NA,NA
2024-2025,Fairfax County,746,Northern Virginia,school,304,2205,Centreville Elementary,40.75067024128686,NA,NA,NA,NA,NA,NA,NA,NA,NA
2024-2025,Fairfax County,2350,Northern Virginia,school,843,200,Centreville High,35.87234042553191,NA,NA,NA,NA,NA,NA,NA,NA,NA
2024-2025,Fairfax County,2945,Northern Virginia,school,691,131,Chantilly High,23.463497453310698,NA,NA,NA,NA,NA,NA,NA,NA,NA
2024-2025,Fairfax County,500,Northern Virginia,school,37,480,Cherry Run Elementary,7.3999999999999995,NA,NA,NA,NA,NA,NA,NA,NA,NA
2024-2025,Fairfax County,565,Northern Virginia,school,16,100,Chesterbrook Elementary,2.831858407079646,NA,NA,NA,NA,NA,NA,NA,NA,NA
2024-2025,Fairfax County,635,Northern Virginia,school,17,1050,Churchill Road Elementary,2.677165354330709,NA,NA,NA,NA,NA,NA,NA,NA,NA
2024-2025,Fairfax County,606,Northern Virginia,school,377,260,Clearview Elementary,62.211221122112214,NA,NA,NA,NA,NA,NA,NA,NA,NA
2024-2025,Fairfax County,549,Northern Virginia,school,87,1870,Clermont Elementary,15.846994535519126,NA,NA,NA,NA,NA,NA,NA,NA,NA
2024-2025,Fairfax County,996,Northern Virginia,school,629,2347,Coates Elementary,63.15261044176707,NA,NA,NA,NA,NA,NA,NA,NA,NA
2024-2025,Fairfax County,393,Northern Virginia,school,171,1510,Columbia Elementary,43.51145038167939,NA,NA,NA,NA,NA,NA,NA,NA,NA
2024-2025,Fairfax County,761,Northern Virginia,school,30,2234,Colvin Run Elementary,3.942181340341656,NA,NA,NA,NA,NA,NA,NA,NA,NA
2024-2025,Fairfax County,1000,Northern Virginia,school,39,1190,Cooper Middle,3.9,NA,NA,NA,NA,NA,NA,NA,NA,NA
2024-2025,Fairfax County,582,Northern Virginia,school,524,870,Crestwood Elementary,90.03436426116839,NA,NA,NA,NA,NA,NA,NA,NA,NA
2024-2025,Fairfax County,529,Northern Virginia,school,43,2020,Crossfield Elementary,8.128544423440454,NA,NA,NA,NA,NA,NA,NA,NA,NA
2024-2025,Fairfax County,631,Northern Virginia,school,178,1600,Cub Run Elementary,28.209191759112517,NA,NA,NA,NA,NA,NA,NA,NA,NA
2024-2025,Fairfax County,416,Northern Virginia,school,151,1700,Cunningham Park Elementary,36.29807692307692,NA,NA,NA,NA,NA,NA,NA,NA,NA
2024-2025,Fairfax County,832,Northern Virginia,school,337,2229,Daniels Run Elementary,40.50480769230769,NA,NA,NA,NA,NA,NA,NA,NA,NA
2024-2025,Fairfax County,532,Northern Virginia,school,215,2204,Deer Park Elementary,40.41353383458647,NA,NA,NA,NA,NA,NA,NA,NA,NA
2024-2025,Fairfax County,753,Northern Virginia,school,691,220,Dogwood Elementary,91.76626826029216,NA,NA,NA,NA,NA,NA,NA,NA,NA
2024-2025,Fairfax County,619,Northern Virginia,school,296,2010,Dranesville Elementary,47.81906300484653,NA,NA,NA,NA,NA,NA,NA,NA,NA
2024-2025,Fairfax County,266,Northern Virginia,school,19,2238,Dunn Loring Early Childhood Resource Center,7.142857142857142,NA,NA,NA,NA,NA,NA,NA,NA,NA
2024-2025,Fairfax County,684,Northern Virginia,school,337,2243,Eagle View Elementary,49.26900584795322,NA,NA,NA,NA,NA,NA,NA,NA,NA
2024-2025,Fairfax County,2301,Northern Virginia,school,NA,1270,Edison High,NA,NA,NA,NA,NA,NA,NA,NA,NA,NA
2024-2025,Fairfax County,226,Northern Virginia,school,131,190,Fairfax County Adult High,57.9646017699115,NA,NA,NA,NA,NA,NA,NA,NA,NA
2024-2025,Fairfax County,2408,Northern Virginia,school,971,20,Fairfax High,40.323920265780735,NA,NA,NA,NA,NA,NA,NA,NA,NA
2024-2025,Fairfax County,535,Northern Virginia,school,169,1480,Fairfax Villa Elementary,31.588785046728972,NA,NA,NA,NA,NA,NA,NA,NA,NA
2024-2025,Fairfax County,567,Northern Virginia,school,209,1630,Fairhill Elementary,36.860670194003525,NA,NA,NA,NA,NA,NA,NA,NA,NA
2024-2025,Fairfax County,752,Northern Virginia,school,81,290,Fairview Elementary,10.77127659574468,NA,NA,NA,NA,NA,NA,NA,NA,NA
2024-2025,Fairfax County,2175,Northern Virginia,school,NA,1100,Falls Church High,NA,NA,NA,NA,NA,NA,NA,NA,NA,NA
2024-2025,Fairfax County,614,Northern Virginia,school,50,730,Flint Hill Elementary,8.143322475570033,NA,NA,NA,NA,NA,NA,NA,NA,NA
2024-2025,Fairfax County,667,Northern Virginia,school,85,740,Floris Elementary,12.743628185907047,NA,NA,NA,NA,NA,NA,NA,NA,NA
2024-2025,Fairfax County,458,Northern Virginia,school,392,70,Forest Edge Elementary,85.58951965065502,NA,NA,NA,NA,NA,NA,NA,NA,NA
2024-2025,Fairfax County,546,Northern Virginia,school,482,1450,Forestdale Elementary,88.27838827838828,NA,NA,NA,NA,NA,NA,NA,NA,NA
2024-2025,Fairfax County,573,Northern Virginia,school,38,370,Forestville Elementary,6.631762652705062,NA,NA,NA,NA,NA,NA,NA,NA,NA
2024-2025,Fairfax County,713,Northern Virginia,school,260,2224,Fort Belvoir Elementary,36.4656381486676,NA,NA,NA,NA,NA,NA,NA,NA,NA
2024-2025,Fairfax County,769,Northern Virginia,school,274,2458,Fort Belvoir Upper Elementary,35.63068920676203,NA,NA,NA,NA,NA,NA,NA,NA,NA
2024-2025,Fairfax County,553,Northern Virginia,school,192,1920,Fort Hunt Elementary,34.719710669077756,NA,NA,NA,NA,NA,NA,NA,NA,NA
2024-2025,Fairfax County,651,Northern Virginia,school,65,390,Fox Mill Elementary,9.984639016897082,NA,NA,NA,NA,NA,NA,NA,NA,NA
2024-2025,Fairfax County,493,Northern Virginia,school,167,320,Franconia Elementary,33.874239350912774,NA,NA,NA,NA,NA,NA,NA,NA,NA
2024-2025,Fairfax County,801,Northern Virginia,school,183,440,Franklin Middle,22.846441947565545,NA,NA,NA,NA,NA,NA,NA,NA,NA
2024-2025,Fairfax County,519,Northern Virginia,school,238,490,Freedom Hill Elementary,45.857418111753375,NA,NA,NA,NA,NA,NA,NA,NA,NA
2024-2025,Fairfax County,1279,Northern Virginia,school,230,1410,Frost Middle,17.982799061767004,NA,NA,NA,NA,NA,NA,NA,NA,NA
2024-2025,Fairfax County,319,Northern Virginia,school,303,630,Garfield Elementary,94.98432601880877,NA,NA,NA,NA,NA,NA,NA,NA,NA
2024-2025,Fairfax County,1705,Northern Virginia,school,NA,1170,Glasgow Middle,NA,NA,NA,NA,NA,NA,NA,NA,NA,NA
2024-2025,Fairfax County,797,Northern Virginia,school,714,970,Glen Forest Elementary,89.58594730238394,NA,NA,NA,NA,NA,NA,NA,NA,NA
2024-2025,Fairfax County,439,Northern Virginia,school,405,530,Graham Road Elementary,92.25512528473804,NA,NA,NA,NA,NA,NA,NA,NA,NA
2024-2025,Fairfax County,513,Northern Virginia,school,40,570,Great Falls Elementary,7.797270955165692,NA,NA,NA,NA,NA,NA,NA,NA,NA
2024-2025,Fairfax County,942,Northern Virginia,school,385,1840,Greenbriar East Elementary,40.87048832271763,NA,NA,NA,NA,NA,NA,NA,NA,NA
2024-2025,Fairfax County,631,Northern Virginia,school,152,1500,Greenbriar West Elementary,24.088748019017434,NA,NA,NA,NA,NA,NA,NA,NA,NA
2024-2025,Fairfax County,765,Northern Virginia,school,712,330,Groveton Elementary,93.0718954248366,NA,NA,NA,NA,NA,NA,NA,NA,NA
2024-2025,Fairfax County,541,Northern Virginia,school,223,690,Gunston Elementary,41.21996303142329,NA,NA,NA,NA,NA,NA,NA,NA,NA
2024-2025,Fairfax County,624,Northern Virginia,school,278,2210,Halley Elementary,44.55128205128205,NA,NA,NA,NA,NA,NA,NA,NA,NA
2024-2025,Fairfax County,838,Northern Virginia,school,41,750,Haycock Elementary,4.892601431980907,NA,NA,NA,NA,NA,NA,NA,NA,NA
2024-2025,Fairfax County,601,Northern Virginia,school,133,1740,Hayfield Elementary,22.129783693843592,NA,NA,NA,NA,NA,NA,NA,NA,NA
2024-2025,Fairfax County,3267,Northern Virginia,school,NA,1800,Hayfield Secondary,NA,NA,NA,NA,NA,NA,NA,NA,NA,NA
2024-2025,Fairfax County,792,Northern Virginia,school,751,1250,Herndon Elementary,94.82323232323232,NA,NA,NA,NA,NA,NA,NA,NA,NA
2024-2025,Fairfax County,2267,Northern Virginia,school,NA,32,Herndon High,NA,NA,NA,NA,NA,NA,NA,NA,NA,NA
2024-2025,Fairfax County,907,Northern Virginia,school,778,33,Herndon Middle,85.77728776185226,NA,NA,NA,NA,NA,NA,NA,NA,NA
2024-2025,Fairfax County,594,Northern Virginia,school,538,1330,Hollin Meadows Elementary,90.57239057239057,NA,NA,NA,NA,NA,NA,NA,NA,NA
2024-2025,Fairfax County,883,Northern Virginia,school,804,1521,Holmes Middle,91.05322763306908,NA,NA,NA,NA,NA,NA,NA,NA,NA
2024-2025,Fairfax County,1016,Northern Virginia,school,491,350,Hughes Middle,48.326771653543304,NA,NA,NA,NA,NA,NA,NA,NA,NA
2024-2025,Fairfax County,737,Northern Virginia,school,100,1880,Hunt Valley Elementary,13.568521031207597,NA,NA,NA,NA,NA,NA,NA,NA,NA
2024-2025,Fairfax County,727,Northern Virginia,school,184,1950,Hunters Woods Elementary School for the Arts and Sciences,25.30949105914718,NA,NA,NA,NA,NA,NA,NA,NA,NA
2024-2025,Fairfax County,973,Northern Virginia,school,913,1980,Hutchison Elementary,93.83350462487154,NA,NA,NA,NA,NA,NA,NA,NA,NA
2024-2025,Fairfax County,879,Northern Virginia,school,845,1420,Hybla Valley Elementary,96.13196814562002,NA,NA,NA,NA,NA,NA,NA,NA,NA
2024-2025,Fairfax County,1214,Northern Virginia,school,212,1120,Irving Middle,17.462932454695224,NA,NA,NA,NA,NA,NA,NA,NA,NA
2024-2025,Fairfax County,694,Northern Virginia,school,111,2235,Island Creek Elementary,15.994236311239193,NA,NA,NA,NA,NA,NA,NA,NA,NA
2024-2025,Fairfax County,994,Northern Virginia,school,597,673,Jackson Middle,60.06036217303823,NA,NA,NA,NA,NA,NA,NA,NA,NA
2024-2025,Fairfax County,1173,Northern Virginia,school,456,1110,Johnson Middle,38.87468030690537,NA,NA,NA,NA,NA,NA,NA,NA,NA
2024-2025,Fairfax County,2359,Northern Virginia,school,NA,1070,Justice High,NA,NA,NA,NA,NA,NA,NA,NA,NA,NA
2024-2025,Fairfax County,815,Northern Virginia,school,179,1240,Keene Mill Elementary,21.96319018404908,NA,NA,NA,NA,NA,NA,NA,NA,NA
2024-2025,Fairfax County,921,Northern Virginia,school,40,980,Kent Gardens Elementary,4.3431053203040175,NA,NA,NA,NA,NA,NA,NA,NA,NA
2024-2025,Fairfax County,43,Northern Virginia,school,42,1901,Key Center,97.67441860465115,NA,NA,NA,NA,NA,NA,NA,NA,NA
2024-2025,Fairfax County,703,Northern Virginia,school,630,1900,Key Middle,89.61593172119487,NA,NA,NA,NA,NA,NA,NA,NA,NA
2024-2025,Fairfax County,58,Northern Virginia,school,28,1761,Kilmer Center,48.275862068965516,NA,NA,NA,NA,NA,NA,NA,NA,NA
2024-2025,Fairfax County,1211,Northern Virginia,school,283,1760,Kilmer Middle,23.36911643270025,NA,NA,NA,NA,NA,NA,NA,NA,NA
2024-2025,Fairfax County,477,Northern Virginia,school,137,1890,Kings Glen Elementary,28.721174004192875,NA,NA,NA,NA,NA,NA,NA,NA,NA
2024-2025,Fairfax County,673,Northern Virginia,school,163,1440,Kings Park Elementary,24.219910846953937,NA,NA,NA,NA,NA,NA,NA,NA,NA
2024-2025,Fairfax County,620,Northern Virginia,school,322,1570,Lake Anne Elementary,51.935483870967744,NA,NA,NA,NA,NA,NA,NA,NA,NA
2024-2025,Fairfax County,4429,Northern Virginia,school,NA,90,Lake Braddock Secondary,NA,NA,NA,NA,NA,NA,NA,NA,NA,NA
2024-2025,Fairfax County,717,Northern Virginia,school,207,2209,Lane Elementary,28.870292887029287,NA,NA,NA,NA,NA,NA,NA,NA,NA
2024-2025,Fairfax County,2184,Northern Virginia,school,120,1460,Langley High,5.4945054945054945,NA,NA,NA,NA,NA,NA,NA,NA,NA
2024-2025,Fairfax County,745,Northern Virginia,school,233,2348,Laurel Hill Elementary,31.2751677852349,NA,NA,NA,NA,NA,NA,NA,NA,NA
2024-2025,Fairfax County,841,Northern Virginia,school,86,1970,Laurel Ridge Elementary,10.225921521997622,NA,NA,NA,NA,NA,NA,NA,NA,NA
2024-2025,Fairfax County,547,Northern Virginia,school,103,1850,Lees Corner Elementary,18.82998171846435,NA,NA,NA,NA,NA,NA,NA,NA,NA
2024-2025,Fairfax County,599,Northern Virginia,school,119,770,Lemon Road Elementary,19.86644407345576,NA,NA,NA,NA,NA,NA,NA,NA,NA
2024-2025,Fairfax County,1659,Northern Virginia,school,NA,1020,Lewis High,NA,NA,NA,NA,NA,NA,NA,NA,NA,NA
2024-2025,Fairfax County,916,Northern Virginia,school,406,2233,Liberty Middle,44.32314410480349,NA,NA,NA,NA,NA,NA,NA,NA,NA
2024-2025,Fairfax County,272,Northern Virginia,school,87,1400,Little Run Elementary,31.985294117647058,NA,NA,NA,NA,NA,NA,NA,NA,NA
2024-2025,Fairfax County,666,Northern Virginia,school,600,1830,London Towne Elementary,90.09009009009009,NA,NA,NA,NA,NA,NA,NA,NA,NA
2024-2025,Fairfax County,1227,Northern Virginia,school,139,1150,Longfellow Middle,11.328443357783211,NA,NA,NA,NA,NA,NA,NA,NA,NA
2024-2025,Fairfax County,745,Northern Virginia,school,659,2236,Lorton Station Elementary,88.45637583892618,NA,NA,NA,NA,NA,NA,NA,NA,NA
2024-2025,Fairfax County,595,Northern Virginia,school,557,890,Lynbrook Elementary,93.61344537815125,NA,NA,NA,NA,NA,NA,NA,NA,NA
2024-2025,Fairfax County,2094,Northern Virginia,school,280,1060,Madison High,13.371537726838586,NA,NA,NA,NA,NA,NA,NA,NA,NA
2024-2025,Fairfax County,921,Northern Virginia,school,175,1210,Mantua Elementary,19.001085776330076,NA,NA,NA,NA,NA,NA,NA,NA,NA
2024-2025,Fairfax County,2218,Northern Virginia,school,627,1290,Marshall High,28.268710550045085,NA,NA,NA,NA,NA,NA,NA,NA,NA
2024-2025,Fairfax County,691,Northern Virginia,school,248,1200,Marshall Road Elementary,35.89001447178003,NA,NA,NA,NA,NA,NA,NA,NA,NA
2024-2025,Fairfax County,707,Northern Virginia,school,426,2410,Mason Crest Elementary,60.25459688826026,NA,NA,NA,NA,NA,NA,NA,NA,NA
2024-2025,Fairfax County,2438,Northern Virginia,school,362,790,McLean High,14.848236259228875,NA,NA,NA,NA,NA,NA,NA,NA,NA
2024-2025,Fairfax County,540,Northern Virginia,school,258,2231,McNair Elementary,47.77777777777778,NA,NA,NA,NA,NA,NA,NA,NA,NA
2024-2025,Fairfax County,606,Northern Virginia,school,219,2200,McNair Upper Elementary,36.13861386138614,NA,NA,NA,NA,NA,NA,NA,NA,NA
2024-2025,Fairfax County,928,Northern Virginia,school,274,1390,Mosaic Elementary,29.52586206896552,NA,NA,NA,NA,NA,NA,NA,NA,NA
2024-2025,Fairfax County,361,Northern Virginia,school,324,510,Mount Eagle Elementary,89.75069252077562,NA,NA,NA,NA,NA,NA,NA,NA,NA
2024-2025,Fairfax County,1864,Northern Virginia,school,NA,420,Mount Vernon High,NA,NA,NA,NA,NA,NA,NA,NA,NA,NA
2024-2025,Fairfax County,518,Northern Virginia,school,471,1640,Mount Vernon Woods Elementary,90.92664092664093,NA,NA,NA,NA,NA,NA,NA,NA,NA
2024-2025,Fairfax County,145,Northern Virginia,school,103,2211,Mountain View High,71.03448275862068,NA,NA,NA,NA,NA,NA,NA,NA,NA
2024-2025,Fairfax County,848,Northern Virginia,school,67,800,Navy Elementary,7.900943396226415,NA,NA,NA,NA,NA,NA,NA,NA,NA
2024-2025,Fairfax County,581,Northern Virginia,school,159,470,Newington Forest Elementary,27.36660929432014,NA,NA,NA,NA,NA,NA,NA,NA,NA
2024-2025,Fairfax County,481,Northern Virginia,school,253,930,North Springfield Elementary,52.5987525987526,NA,NA,NA,NA,NA,NA,NA,NA,NA
2024-2025,Fairfax County,639,Northern Virginia,school,55,430,Oak Hill Elementary,8.607198748043817,NA,NA,NA,NA,NA,NA,NA,NA,NA
2024-2025,Fairfax County,778,Northern Virginia,school,94,1860,Oak View Elementary,12.082262210796916,NA,NA,NA,NA,NA,NA,NA,NA,NA
2024-2025,Fairfax County,795,Northern Virginia,school,121,140,Oakton Elementary,15.220125786163521,NA,NA,NA,NA,NA,NA,NA,NA,NA
2024-2025,Fairfax County,2624,Northern Virginia,school,469,1710,Oakton High,17.8734756097561,NA,NA,NA,NA,NA,NA,NA,NA,NA
2024-2025,Fairfax County,361,Northern Virginia,school,63,1650,Olde Creek Elementary,17.451523545706372,NA,NA,NA,NA,NA,NA,NA,NA,NA
2024-2025,Fairfax County,876,Northern Virginia,school,94,150,Orange Hunt Elementary,10.730593607305936,NA,NA,NA,NA,NA,NA,NA,NA,NA
2024-2025,Fairfax County,964,Northern Virginia,school,873,1030,Parklawn Elementary,90.56016597510373,NA,NA,NA,NA,NA,NA,NA,NA,NA
2024-2025,Fairfax County,38,Northern Virginia,school,NA,2440,Pimmit Early Childhood Resource Center,NA,NA,NA,NA,NA,NA,NA,NA,NA,NA
2024-2025,Fairfax County,617,Northern Virginia,school,541,820,Pine Spring Elementary,87.68233387358185,NA,NA,NA,NA,NA,NA,NA,NA,NA
2024-2025,Fairfax County,880,Northern Virginia,school,833,1130,Poe Middle,94.6590909090909,NA,NA,NA,NA,NA,NA,NA,NA,NA
2024-2025,Fairfax County,701,Northern Virginia,school,78,2080,Poplar Tree Elementary,11.126961483594865,NA,NA,NA,NA,NA,NA,NA,NA,NA
2024-2025,Fairfax County,875,Northern Virginia,school,213,2237,Powell Elementary,24.342857142857145,NA,NA,NA,NA,NA,NA,NA,NA,NA
2024-2025,Fairfax County,956,Northern Virginia,school,494,2230,Providence Elementary,51.67364016736402,NA,NA,NA,NA,NA,NA,NA,NA,NA
2024-2025,Fairfax County,576,Northern Virginia,school,116,1310,Ravensworth Elementary,20.13888888888889,NA,NA,NA,NA,NA,NA,NA,NA,NA
2024-2025,Fairfax County,749,Northern Virginia,school,668,1820,Riverside Elementary,89.18558077436583,NA,NA,NA,NA,NA,NA,NA,NA,NA
2024-2025,Fairfax County,3722,Northern Virginia,school,578,1960,Robinson Secondary,15.529285330467491,NA,NA,NA,NA,NA,NA,NA,NA,NA
2024-2025,Fairfax County,896,Northern Virginia,school,219,300,Rocky Run Middle,24.441964285714285,NA,NA,NA,NA,NA,NA,NA,NA,NA
2024-2025,Fairfax County,522,Northern Virginia,school,130,1770,Rolling Valley Elementary,24.904214559386972,NA,NA,NA,NA,NA,NA,NA,NA,NA
2024-2025,Fairfax County,684,Northern Virginia,school,303,950,Rose Hill Elementary,44.29824561403509,NA,NA,NA,NA,NA,NA,NA,NA,NA
2024-2025,Fairfax County,1406,Northern Virginia,school,824,1300,Sandburg Middle,58.60597439544808,NA,NA,NA,NA,NA,NA,NA,NA,NA
2024-2025,Fairfax County,928,Northern Virginia,school,42,2030,Sangster Elementary,4.525862068965517,NA,NA,NA,NA,NA,NA,NA,NA,NA
2024-2025,Fairfax County,612,Northern Virginia,school,269,2040,Saratoga Elementary,43.95424836601307,NA,NA,NA,NA,NA,NA,NA,NA,NA
2024-2025,Fairfax County,290,Northern Virginia,school,23,80,Sherman Elementary,7.931034482758621,NA,NA,NA,NA,NA,NA,NA,NA,NA
2024-2025,Fairfax County,583,Northern Virginia,school,237,1660,Shrevewood Elementary,40.651801029159515,NA,NA,NA,NA,NA,NA,NA,NA,NA
2024-2025,Fairfax County,805,Northern Virginia,school,74,1680,Silverbrook Elementary,9.192546583850932,NA,NA,NA,NA,NA,NA,NA,NA,NA
2024-2025,Fairfax County,477,Northern Virginia,school,413,710,Sleepy Hollow Elementary,86.58280922431865,NA,NA,NA,NA,NA,NA,NA,NA,NA
2024-2025,Fairfax County,2107,Northern Virginia,school,554,2241,South County High,26.293308020882773,NA,NA,NA,NA,NA,NA,NA,NA,NA
2024-2025,Fairfax County,944,Northern Virginia,school,250,2420,South County Middle,26.48305084745763,NA,NA,NA,NA,NA,NA,NA,NA,NA
2024-2025,Fairfax County,2450,Northern Virginia,school,931,1990,South Lakes High,38,NA,NA,NA,NA,NA,NA,NA,NA,NA
2024-2025,Fairfax County,981,Northern Virginia,school,125,1620,Spring Hill Elementary,12.7420998980632,NA,NA,NA,NA,NA,NA,NA,NA,NA
2024-2025,Fairfax County,605,Northern Virginia,school,281,960,Springfield Estates Elementary,46.44628099173554,NA,NA,NA,NA,NA,NA,NA,NA,NA
2024-2025,Fairfax County,550,Northern Virginia,school,63,1380,Stenwood Elementary,11.454545454545455,NA,NA,NA,NA,NA,NA,NA,NA,NA
2024-2025,Fairfax County,722,Northern Virginia,school,327,2070,Stone Middle,45.29085872576177,NA,NA,NA,NA,NA,NA,NA,NA,NA
2024-2025,Fairfax County,680,Northern Virginia,school,203,1350,Stratford Landing Elementary,29.852941176470587,NA,NA,NA,NA,NA,NA,NA,NA,NA
2024-2025,Fairfax County,558,Northern Virginia,school,95,280,Sunrise Valley Elementary,17.025089605734767,NA,NA,NA,NA,NA,NA,NA,NA,NA
2024-2025,Fairfax County,599,Northern Virginia,school,94,170,Terra Centre Elementary,15.692821368948248,NA,NA,NA,NA,NA,NA,NA,NA,NA
2024-2025,Fairfax County,603,Northern Virginia,school,220,250,Terraset Elementary,36.48424543946932,NA,NA,NA,NA,NA,NA,NA,NA,NA
2024-2025,Fairfax County,2111,Northern Virginia,school,355,1371,Thomas Jefferson High for Science and Technology,16.816674561819042,NA,NA,NA,NA,NA,NA,NA,NA,NA
2024-2025,Fairfax County,1250,Northern Virginia,school,255,1140,Thoreau Middle,20.4,NA,NA,NA,NA,NA,NA,NA,NA,NA
2024-2025,Fairfax County,601,Northern Virginia,school,380,830,Timber Lane Elementary,63.2279534109817,NA,NA,NA,NA,NA,NA,NA,NA,NA
2024-2025,Fairfax County,1030,Northern Virginia,school,412,1160,Twain Middle,40,NA,NA,NA,NA,NA,NA,NA,NA,NA
2024-2025,Fairfax County,874,Northern Virginia,school,125,1540,Union Mill Elementary,14.302059496567507,NA,NA,NA,NA,NA,NA,NA,NA,NA
2024-2025,Fairfax County,361,Northern Virginia,school,27,120,Vienna Elementary,7.479224376731302,NA,NA,NA,NA,NA,NA,NA,NA,NA
2024-2025,Fairfax County,249,Northern Virginia,school,25,2252,Virginia Hills Early Childhood Resource Center,10.040160642570282,NA,NA,NA,NA,NA,NA,NA,NA,NA
2024-2025,Fairfax County,731,Northern Virginia,school,315,2050,Virginia Run Elementary,43.09165526675787,NA,NA,NA,NA,NA,NA,NA,NA,NA
2024-2025,Fairfax County,627,Northern Virginia,school,64,850,Wakefield Forest Elementary,10.207336523125997,NA,NA,NA,NA,NA,NA,NA,NA,NA
2024-2025,Fairfax County,760,Northern Virginia,school,102,2100,Waples Mill Elementary,13.421052631578947,NA,NA,NA,NA,NA,NA,NA,NA,NA
2024-2025,Fairfax County,592,Northern Virginia,school,531,1320,Washington Mill Elementary,89.69594594594594,NA,NA,NA,NA,NA,NA,NA,NA,NA
2024-2025,Fairfax County,739,Northern Virginia,school,34,1080,Waynewood Elementary,4.600811907983761,NA,NA,NA,NA,NA,NA,NA,NA,NA
2024-2025,Fairfax County,2712,Northern Virginia,school,NA,900,West Potomac High,NA,NA,NA,NA,NA,NA,NA,NA,NA,NA
2024-2025,Fairfax County,543,Northern Virginia,school,76,1430,West Springfield Elementary,13.996316758747698,NA,NA,NA,NA,NA,NA,NA,NA,NA
2024-2025,Fairfax County,2809,Northern Virginia,school,529,1610,West Springfield High,18.83232467070132,NA,NA,NA,NA,NA,NA,NA,NA,NA
2024-2025,Fairfax County,845,Northern Virginia,school,99,1580,Westbriar Elementary,11.715976331360947,NA,NA,NA,NA,NA,NA,NA,NA,NA
2024-2025,Fairfax County,2750,Northern Virginia,school,NA,2228,Westfield High,NA,NA,NA,NA,NA,NA,NA,NA,NA,NA
2024-2025,Fairfax County,614,Northern Virginia,school,233,1670,Westgate Elementary,37.94788273615635,NA,NA,NA,NA,NA,NA,NA,NA,NA
2024-2025,Fairfax County,789,Northern Virginia,school,700,580,Westlawn Elementary,88.71989860583017,NA,NA,NA,NA,NA,NA,NA,NA,NA
2024-2025,Fairfax County,590,Northern Virginia,school,532,520,Weyanoke Elementary,90.16949152542372,NA,NA,NA,NA,NA,NA,NA,NA,NA
2024-2025,Fairfax County,710,Northern Virginia,school,196,400,White Oaks Elementary,27.605633802816904,NA,NA,NA,NA,NA,NA,NA,NA,NA
2024-2025,Fairfax County,831,Northern Virginia,school,623,1550,Whitman Middle,74.9699157641396,NA,NA,NA,NA,NA,NA,NA,NA,NA
2024-2025,Fairfax County,820,Northern Virginia,school,136,2060,Willow Springs Elementary,16.585365853658537,NA,NA,NA,NA,NA,NA,NA,NA,NA
2024-2025,Fairfax County,529,Northern Virginia,school,NA,1810,Wolftrap Elementary,NA,NA,NA,NA,NA,NA,NA,NA,NA,NA
2024-2025,Fairfax County,483,Northern Virginia,school,332,650,Woodburn Elementary,68.73706004140787,NA,NA,NA,NA,NA,NA,NA,NA,NA
2024-2025,Fairfax County,449,Northern Virginia,school,412,380,Woodlawn Elementary,91.75946547884188,NA,NA,NA,NA,NA,NA,NA,NA,NA
2024-2025,Fairfax County,499,Northern Virginia,school,453,590,Woodley Hills Elementary,90.78156312625251,NA,NA,NA,NA,NA,NA,NA,NA,NA
2024-2025,Fairfax County,2447,Northern Virginia,school,412,1260,Woodson High,16.8369431957499,NA,NA,NA,NA,NA,NA,NA,NA,NA
2024-2025,Falls Church City,73,Northern Virginia,school,NA,270,Jessie Thackrey  Preschool,NA,NA,NA,NA,NA,NA,NA,NA,NA,NA
2024-2025,Falls Church City,634,Northern Virginia,school,63,252,Mary Ellen Henderson Middle,9.936908517350158,NA,NA,NA,NA,NA,NA,NA,NA,NA
2024-2025,Falls Church City,897,Northern Virginia,school,113,251,Meridian High,12.597547380156076,NA,NA,NA,NA,NA,NA,NA,NA,NA
2024-2025,Falls Church City,486,Northern Virginia,school,40,240,Mount Daniel Elementary,8.23045267489712,NA,NA,NA,NA,NA,NA,NA,NA,NA
2024-2025,Falls Church City,587,Northern Virginia,school,59,260,Oak Street Elementary,10.051107325383304,NA,NA,NA,NA,NA,NA,NA,NA,NA
2024-2025,Fauquier County,570,Northern Virginia,school,70,854,Auburn Middle,12.280701754385964,NA,NA,NA,NA,NA,NA,NA,NA,NA
2024-2025,Fauquier County,525,Northern Virginia,school,80,460,C. Hunter Ritchie Elementary,15.238095238095239,NA,NA,NA,NA,NA,NA,NA,NA,NA
2024-2025,Fauquier County,362,Northern Virginia,school,86,730,C.M. Bradley Elementary,23.756906077348066,NA,NA,NA,NA,NA,NA,NA,NA,NA
2024-2025,Fauquier County,861,Northern Virginia,school,293,520,Cedar Lee Middle,34.030197444831586,NA,NA,NA,NA,NA,NA,NA,NA,NA
2024-2025,Fauquier County,254,Northern Virginia,school,87,120,Claude Thompson Elementary,34.25196850393701,NA,NA,NA,NA,NA,NA,NA,NA,NA
2024-2025,Fauquier County,1156,Northern Virginia,school,267,701,Fauquier High,23.09688581314879,NA,NA,NA,NA,NA,NA,NA,NA,NA
2024-2025,Fauquier County,528,Northern Virginia,school,189,450,Grace Miller Elementary,35.79545454545455,NA,NA,NA,NA,NA,NA,NA,NA,NA
2024-2025,Fauquier County,449,Northern Virginia,school,33,511,Greenville Elementary,7.349665924276169,NA,NA,NA,NA,NA,NA,NA,NA,NA
2024-2025,Fauquier County,388,Northern Virginia,school,148,750,H.M. Pearson Elementary,38.144329896907216,NA,NA,NA,NA,NA,NA,NA,NA,NA
2024-2025,Fauquier County,496,Northern Virginia,school,134,853,James G. Brumfield Elementary,27.016129032258064,NA,NA,NA,NA,NA,NA,NA,NA,NA
2024-2025,Fauquier County,1175,Northern Virginia,school,128,510,Kettle Run High,10.893617021276595,NA,NA,NA,NA,NA,NA,NA,NA,NA
2024-2025,Fauquier County,1313,Northern Virginia,school,416,851,Liberty High,31.683168316831683,NA,NA,NA,NA,NA,NA,NA,NA,NA
2024-2025,Fauquier County,543,Northern Virginia,school,178,530,Margaret M. Pierce Elementary,32.78084714548803,NA,NA,NA,NA,NA,NA,NA,NA,NA
2024-2025,Fauquier County,426,Northern Virginia,school,111,10,Marshall Middle,26.056338028169012,NA,NA,NA,NA,NA,NA,NA,NA,NA
2024-2025,Fauquier County,397,Northern Virginia,school,156,20,Mary Walter Elementary,39.29471032745592,NA,NA,NA,NA,NA,NA,NA,NA,NA
2024-2025,Fauquier County,440,Northern Virginia,school,44,720,P.B. Smith Elementary,10,NA,NA,NA,NA,NA,NA,NA,NA,NA
2024-2025,Fauquier County,623,Northern Virginia,school,123,670,W.C. Taylor Middle,19.743178170144464,NA,NA,NA,NA,NA,NA,NA,NA,NA
2024-2025,Fauquier County,355,Northern Virginia,school,103,740,W.G. Coleman Elementary,29.014084507042252,NA,NA,NA,NA,NA,NA,NA,NA,NA
2024-2025,Floyd County,277,Western Virginia,school,128,90,Check Elementary,46.20938628158845,NA,NA,NA,NA,NA,NA,NA,NA,NA
2024-2025,Floyd County,668,Western Virginia,school,253,660,Floyd County High,37.87425149700599,NA,NA,NA,NA,NA,NA,NA,NA,NA
2024-2025,Floyd County,448,Western Virginia,school,191,360,Floyd Elementary,42.63392857142857,NA,NA,NA,NA,NA,NA,NA,NA,NA
2024-2025,Floyd County,110,Western Virginia,school,49,650,Indian Valley Elementary,44.54545454545455,NA,NA,NA,NA,NA,NA,NA,NA,NA
2024-2025,Floyd County,163,Western Virginia,school,78,500,Willis Elementary,47.85276073619632,NA,NA,NA,NA,NA,NA,NA,NA,NA
2024-2025,Fluvanna County,457,Valley,school,183,300,Carysbrook Elementary,40.0437636761488,NA,NA,NA,NA,NA,NA,NA,NA,NA
2024-2025,Fluvanna County,751,Valley,school,314,310,Central Elementary,41.81091877496671,NA,NA,NA,NA,NA,NA,NA,NA,NA
2024-2025,Fluvanna County,1362,Valley,school,442,260,Fluvanna County High,32.45227606461087,NA,NA,NA,NA,NA,NA,NA,NA,NA
2024-2025,Fluvanna County,747,Valley,school,238,320,Fluvanna Middle,31.860776439089694,NA,NA,NA,NA,NA,NA,NA,NA,NA
2024-2025,Franklin City,504,Tidewater,school,337,20,Franklin High,66.86507936507937,NA,NA,NA,NA,NA,NA,NA,NA,NA
2024-2025,Franklin City,621,Tidewater,school,290,10,S.P. Morton Elementary,46.69887278582931,NA,NA,NA,NA,NA,NA,NA,NA,NA
2024-2025,Franklin County,1382,Western Virginia,school,682,31,Benjamin Franklin Middle,49.34876989869754,NA,NA,NA,NA,NA,NA,NA,NA,NA
2024-2025,Franklin County,290,Western Virginia,school,103,1370,Boones Mill Elementary,35.51724137931034,NA,NA,NA,NA,NA,NA,NA,NA,NA
2024-2025,Franklin County,185,Western Virginia,school,97,350,Callaway Elementary,52.43243243243243,NA,NA,NA,NA,NA,NA,NA,NA,NA
2024-2025,Franklin County,317,Western Virginia,school,151,20,Dudley Elementary,47.634069400630914,NA,NA,NA,NA,NA,NA,NA,NA,NA
2024-2025,Franklin County,281,Western Virginia,school,174,1360,Ferrum Elementary,61.92170818505338,NA,NA,NA,NA,NA,NA,NA,NA,NA
2024-2025,Franklin County,1880,Western Virginia,school,877,1311,Franklin County High,46.64893617021277,NA,NA,NA,NA,NA,NA,NA,NA,NA
2024-2025,Franklin County,227,Western Virginia,school,115,690,Glade Hill Elementary,50.66079295154186,NA,NA,NA,NA,NA,NA,NA,NA,NA
2024-2025,Franklin County,386,Western Virginia,school,243,660,Lee M. Waid Elementary,62.95336787564767,NA,NA,NA,NA,NA,NA,NA,NA,NA
2024-2025,Franklin County,296,Western Virginia,school,191,1380,Rocky Mount Elementary,64.52702702702703,NA,NA,NA,NA,NA,NA,NA,NA,NA
2024-2025,Franklin County,226,Western Virginia,school,128,1170,Snow Creek Elementary,56.63716814159292,NA,NA,NA,NA,NA,NA,NA,NA,NA
2024-2025,Franklin County,248,Western Virginia,school,165,960,Sontag Elementary,66.53225806451613,NA,NA,NA,NA,NA,NA,NA,NA,NA
2024-2025,Franklin County,391,Western Virginia,school,181,980,Windy Gap Elementary,46.29156010230179,NA,NA,NA,NA,NA,NA,NA,NA,NA
2024-2025,Frederick County,853,Northern Virginia,school,343,586,Admiral Richard E. Byrd Middle,40.211019929660026,NA,NA,NA,NA,NA,NA,NA,NA,NA
2024-2025,Frederick County,393,Northern Virginia,school,195,10,Apple Pie Ridge Elementary,49.61832061068702,NA,NA,NA,NA,NA,NA,NA,NA,NA
2024-2025,Frederick County,589,Northern Virginia,school,183,320,Armel Elementary,31.069609507640067,NA,NA,NA,NA,NA,NA,NA,NA,NA
2024-2025,Frederick County,615,Northern Virginia,school,296,20,Bass-Hoover Elementary,48.13008130081301,NA,NA,NA,NA,NA,NA,NA,NA,NA
2024-2025,Frederick County,618,Northern Virginia,school,339,587,Evendale Elementary,54.85436893203883,NA,NA,NA,NA,NA,NA,NA,NA,NA
2024-2025,Frederick County,732,Northern Virginia,school,305,460,Frederick County Middle,41.66666666666667,NA,NA,NA,NA,NA,NA,NA,NA,NA
2024-2025,Frederick County,483,Northern Virginia,school,207,380,Gainesboro Elementary,42.857142857142854,NA,NA,NA,NA,NA,NA,NA,NA,NA
2024-2025,Frederick County,599,Northern Virginia,school,250,590,Greenwood Mill Elementary,41.736227045075125,NA,NA,NA,NA,NA,NA,NA,NA,NA
2024-2025,Frederick County,398,Northern Virginia,school,198,40,Indian Hollow Elementary,49.74874371859296,NA,NA,NA,NA,NA,NA,NA,NA,NA
2024-2025,Frederick County,1464,Northern Virginia,school,534,30,James Wood High,36.47540983606557,NA,NA,NA,NA,NA,NA,NA,NA,NA
2024-2025,Frederick County,873,Northern Virginia,school,431,420,James Wood Middle,49.36998854524628,NA,NA,NA,NA,NA,NA,NA,NA,NA
2024-2025,Frederick County,668,Northern Virginia,school,292,591,Jordan Springs Elementary,43.712574850299404,NA,NA,NA,NA,NA,NA,NA,NA,NA
2024-2025,Frederick County,648,Northern Virginia,school,293,340,Middletown Elementary,45.21604938271605,NA,NA,NA,NA,NA,NA,NA,NA,NA
2024-2025,Frederick County,1550,Northern Virginia,school,823,584,Millbrook High,53.09677419354839,NA,NA,NA,NA,NA,NA,NA,NA,NA
2024-2025,Frederick County,469,Northern Virginia,school,210,583,Orchard View Elementary,44.776119402985074,NA,NA,NA,NA,NA,NA,NA,NA,NA
2024-2025,Frederick County,614,Northern Virginia,school,322,582,Redbud Run Elementary,52.44299674267101,NA,NA,NA,NA,NA,NA,NA,NA,NA
2024-2025,Frederick County,861,Northern Virginia,school,374,480,Robert E. Aylor Middle,43.43786295005807,NA,NA,NA,NA,NA,NA,NA,NA,NA
2024-2025,Frederick County,1631,Northern Virginia,school,672,581,Sherando High,41.201716738197426,NA,NA,NA,NA,NA,NA,NA,NA,NA
2024-2025,Frederick County,391,Northern Virginia,school,229,410,Stonewall Elementary,58.567774936061376,NA,NA,NA,NA,NA,NA,NA,NA,NA
2024-2025,Fredericksburg City,859,Northern Neck,school,510,50,Hugh Mercer Elementary,59.37136204889406,NA,NA,NA,NA,NA,NA,NA,NA,NA
2024-2025,Fredericksburg City,1014,Northern Neck,school,501,40,James Monroe High,49.40828402366864,NA,NA,NA,NA,NA,NA,NA,NA,NA
2024-2025,Fredericksburg City,812,Northern Neck,school,370,272,Lafayette Elementary,45.566502463054185,NA,NA,NA,NA,NA,NA,NA,NA,NA
2024-2025,Fredericksburg City,149,Northern Neck,school,38,30,Walker-Grant Early Childhood Center,25.503355704697988,NA,NA,NA,NA,NA,NA,NA,NA,NA
2024-2025,Fredericksburg City,798,Northern Neck,school,501,273,Walker-Grant Middle,62.78195488721805,NA,NA,NA,NA,NA,NA,NA,NA,NA
2024-2025,Galax City,667,Southwest,school,427,10,Galax Elementary,64.01799100449776,NA,NA,NA,NA,NA,NA,NA,NA,NA
2024-2025,Galax City,432,Southwest,school,240,31,Galax High,55.55555555555556,NA,NA,NA,NA,NA,NA,NA,NA,NA
2024-2025,Galax City,335,Southwest,school,195,32,Galax Middle,58.2089552238806,NA,NA,NA,NA,NA,NA,NA,NA,NA
2024-2025,Giles County,433,Southwest,school,156,10,Eastern Elementary/Middle,36.027713625866056,NA,NA,NA,NA,NA,NA,NA,NA,NA
2024-2025,Giles County,1358,Southwest,school,609,112,Giles County K-12 Virtual School,44.84536082474227,NA,NA,NA,NA,NA,NA,NA,NA,NA
2024-2025,Giles County,530,Southwest,school,182,461,Giles High,34.33962264150943,NA,NA,NA,NA,NA,NA,NA,NA,NA
2024-2025,Giles County,440,Southwest,school,189,390,Macy Mcclaugherty Elementary/Middle,42.95454545454545,NA,NA,NA,NA,NA,NA,NA,NA,NA
2024-2025,Giles County,514,Southwest,school,202,400,Narrows Elementary/Middle,39.29961089494164,NA,NA,NA,NA,NA,NA,NA,NA,NA
2024-2025,Giles County,300,Southwest,school,117,470,Narrows High,39,NA,NA,NA,NA,NA,NA,NA,NA,NA
2024-2025,Gloucester County,463,Northern Neck,school,233,250,Abingdon Elementary,50.323974082073434,NA,NA,NA,NA,NA,NA,NA,NA,NA
2024-2025,Gloucester County,405,Northern Neck,school,165,240,Achilles Elementary,40.74074074074074,NA,NA,NA,NA,NA,NA,NA,NA,NA
2024-2025,Gloucester County,504,Northern Neck,school,206,381,Bethel Elementary,40.87301587301587,NA,NA,NA,NA,NA,NA,NA,NA,NA
2024-2025,Gloucester County,513,Northern Neck,school,233,100,Botetourt Elementary,45.419103313840154,NA,NA,NA,NA,NA,NA,NA,NA,NA
2024-2025,Gloucester County,1548,Northern Neck,school,659,260,Gloucester High,42.571059431524546,NA,NA,NA,NA,NA,NA,NA,NA,NA
2024-2025,Gloucester County,573,Northern Neck,school,287,802,Page Middle,50.08726003490401,NA,NA,NA,NA,NA,NA,NA,NA,NA
2024-2025,Gloucester County,565,Northern Neck,school,257,280,Peasley Middle,45.48672566371682,NA,NA,NA,NA,NA,NA,NA,NA,NA
2024-2025,Gloucester County,385,Northern Neck,school,192,270,Petsworth Elementary,49.87012987012987,NA,NA,NA,NA,NA,NA,NA,NA,NA
2024-2025,Goochland County,281,Central Virginia,school,106,120,Byrd Elementary,37.72241992882562,NA,NA,NA,NA,NA,NA,NA,NA,NA
2024-2025,Goochland County,509,Central Virginia,school,140,360,Goochland Elementary,27.5049115913556,NA,NA,NA,NA,NA,NA,NA,NA,NA
2024-2025,Goochland County,850,Central Virginia,school,233,220,Goochland High,27.41176470588235,NA,NA,NA,NA,NA,NA,NA,NA,NA
2024-2025,Goochland County,616,Central Virginia,school,188,340,Goochland Middle,30.519480519480517,NA,NA,NA,NA,NA,NA,NA,NA,NA
2024-2025,Goochland County,387,Central Virginia,school,101,260,Randolph Elementary,26.098191214470283,NA,NA,NA,NA,NA,NA,NA,NA,NA
2024-2025,Grayson County,146,Southwest,school,92,480,Fairview Elementary,63.013698630136986,NA,NA,NA,NA,NA,NA,NA,NA,NA
2024-2025,Grayson County,231,Southwest,school,162,911,Fries Elementary,70.12987012987013,NA,NA,NA,NA,NA,NA,NA,NA,NA
2024-2025,Grayson County,461,Southwest,school,254,421,Grayson County High,55.09761388286334,NA,NA,NA,NA,NA,NA,NA,NA,NA
2024-2025,Grayson County,156,Southwest,school,96,430,Grayson Highlands,61.53846153846154,NA,NA,NA,NA,NA,NA,NA,NA,NA
2024-2025,Grayson County,287,Southwest,school,175,422,Independence Elementary,60.97560975609756,NA,NA,NA,NA,NA,NA,NA,NA,NA
2024-2025,Grayson County,280,Southwest,school,171,11,Independence Middle,61.07142857142858,NA,NA,NA,NA,NA,NA,NA,NA,NA
2024-2025,Greene County,326,Valley,school,201,20,Nathanael Greene Elementary,61.65644171779141,NA,NA,NA,NA,NA,NA,NA,NA,NA
2024-2025,Greene County,367,Valley,school,133,10,Nathanael Greene Primary,36.23978201634878,NA,NA,NA,NA,NA,NA,NA,NA,NA
2024-2025,Greene County,540,Valley,school,188,30,Ruckersville Elementary,34.81481481481482,NA,NA,NA,NA,NA,NA,NA,NA,NA
2024-2025,Greene County,953,Valley,school,418,72,William Monroe High,43.86149003147954,NA,NA,NA,NA,NA,NA,NA,NA,NA
2024-2025,Greene County,596,Valley,school,298,71,William Monroe Middle,50,NA,NA,NA,NA,NA,NA,NA,NA,NA
2024-2025,Greensville County,448,Southside,school,342,190,Edward W. Wyatt Middle,76.33928571428571,NA,NA,NA,NA,NA,NA,NA,NA,NA
2024-2025,Greensville County,584,Southside,school,445,200,Greensville County High,76.1986301369863,NA,NA,NA,NA,NA,NA,NA,NA,NA
2024-2025,Greensville County,985,Southside,school,803,50,Greensville Elementary,81.5228426395939,NA,NA,NA,NA,NA,NA,NA,NA,NA
2024-2025,Halifax County,236,Southside,school,119,1560,Clays Mill Elementary,50.42372881355932,NA,NA,NA,NA,NA,NA,NA,NA,NA
2024-2025,Halifax County,572,Southside,school,302,20,Cluster Springs Elementary,52.7972027972028,NA,NA,NA,NA,NA,NA,NA,NA,NA
2024-2025,Halifax County,1284,Southside,school,660,10,Halifax County High,51.4018691588785,NA,NA,NA,NA,NA,NA,NA,NA,NA
2024-2025,Halifax County,847,Southside,school,474,1480,Halifax County Middle,55.96221959858324,NA,NA,NA,NA,NA,NA,NA,NA,NA
2024-2025,Halifax County,173,Southside,school,105,1550,Meadville Elementary,60.69364161849711,NA,NA,NA,NA,NA,NA,NA,NA,NA
2024-2025,Halifax County,187,Southside,school,115,1510,Scottsburg Elementary,61.49732620320856,NA,NA,NA,NA,NA,NA,NA,NA,NA
2024-2025,Halifax County,243,Southside,school,191,1521,Sinai Elementary,78.60082304526749,NA,NA,NA,NA,NA,NA,NA,NA,NA
2024-2025,Halifax County,683,Southside,school,455,30,South Boston Elementary,66.61786237188872,NA,NA,NA,NA,NA,NA,NA,NA,NA
2024-2025,Halifax County,116,Southside,school,57,950,South Boston/Halifax Early Learning Center,49.137931034482754,NA,NA,NA,NA,NA,NA,NA,NA,NA
2024-2025,Halifax County,157,Southside,school,104,1490,Sydnor Jennings Elementary,66.2420382165605,NA,NA,NA,NA,NA,NA,NA,NA,NA
2024-2025,Hampton City,486,Tidewater,school,291,500,A.W.E. Bassette Elementary,59.876543209876544,NA,NA,NA,NA,NA,NA,NA,NA,NA
2024-2025,Hampton City,482,Tidewater,school,292,160,Aberdeen Elementary,60.58091286307054,NA,NA,NA,NA,NA,NA,NA,NA,NA
2024-2025,Hampton City,394,Tidewater,school,234,470,Albert W. Patrick III Elementary,59.390862944162436,NA,NA,NA,NA,NA,NA,NA,NA,NA
2024-2025,Hampton City,499,Tidewater,school,295,260,Alfred S. Forrest Elementary,59.118236472945895,NA,NA,NA,NA,NA,NA,NA,NA,NA
2024-2025,Hampton City,288,Tidewater,school,87,120,Armstrong Elementary,30.208333333333332,NA,NA,NA,NA,NA,NA,NA,NA,NA
2024-2025,Hampton City,397,Tidewater,school,154,330,Barron Elementary,38.79093198992443,NA,NA,NA,NA,NA,NA,NA,NA,NA
2024-2025,Hampton City,851,Tidewater,school,507,350,Benjamin Syms Middle,59.57696827262045,NA,NA,NA,NA,NA,NA,NA,NA,NA
2024-2025,Hampton City,1769,Tidewater,school,976,430,Bethel High,55.172413793103445,NA,NA,NA,NA,NA,NA,NA,NA,NA
2024-2025,Hampton City,612,Tidewater,school,403,450,C. Alton Lindsay Middle,65.84967320261438,NA,NA,NA,NA,NA,NA,NA,NA,NA
2024-2025,Hampton City,374,Tidewater,school,225,460,Captain John Smith Elementary,60.16042780748663,NA,NA,NA,NA,NA,NA,NA,NA,NA
2024-2025,Hampton City,737,Tidewater,school,466,300,Cesar Tarrant Middle,63.22930800542741,NA,NA,NA,NA,NA,NA,NA,NA,NA
2024-2025,Hampton City,452,Tidewater,school,263,420,Christopher C. Kraft Elementary,58.1858407079646,NA,NA,NA,NA,NA,NA,NA,NA,NA
2024-2025,Hampton City,409,Tidewater,school,198,30,Francis Asbury Elementary,48.41075794621027,NA,NA,NA,NA,NA,NA,NA,NA,NA
2024-2025,Hampton City,613,Tidewater,school,266,70,Francis W. Jones Magnet Middle,43.3931484502447,NA,NA,NA,NA,NA,NA,NA,NA,NA
2024-2025,Hampton City,1438,Tidewater,school,644,650,George P. Phenix Elementary,44.78442280945758,NA,NA,NA,NA,NA,NA,NA,NA,NA
2024-2025,Hampton City,1302,Tidewater,school,819,280,Hampton High,62.903225806451616,NA,NA,NA,NA,NA,NA,NA,NA,NA
2024-2025,Hampton City,1081,Tidewater,school,631,640,Hunter B. Andrews,58.371877890841816,NA,NA,NA,NA,NA,NA,NA,NA,NA
2024-2025,Hampton City,367,Tidewater,school,204,250,Jane H. Bryan Elementary,55.5858310626703,NA,NA,NA,NA,NA,NA,NA,NA,NA
2024-2025,Hampton City,1554,Tidewater,school,724,320,Kecoughtan High,46.58944658944659,NA,NA,NA,NA,NA,NA,NA,NA,NA
2024-2025,Hampton City,430,Tidewater,school,275,490,Luther W. Machen Elementary,63.95348837209303,NA,NA,NA,NA,NA,NA,NA,NA,NA
2024-2025,Hampton City,404,Tidewater,school,278,440,Mary S. Peake Elementary,68.8118811881188,NA,NA,NA,NA,NA,NA,NA,NA,NA
2024-2025,Hampton City,313,Tidewater,school,188,270,Mary T. Christian Elementary,60.063897763578275,NA,NA,NA,NA,NA,NA,NA,NA,NA
2024-2025,Hampton City,343,Tidewater,school,139,360,Mary W. Jackson Elementary,40.524781341107875,NA,NA,NA,NA,NA,NA,NA,NA,NA
2024-2025,Hampton City,226,Tidewater,school,76,210,Moton Early Childhood Center,33.6283185840708,NA,NA,NA,NA,NA,NA,NA,NA,NA
2024-2025,Hampton City,432,Tidewater,school,238,410,Paul Burbank Elementary,55.092592592592595,NA,NA,NA,NA,NA,NA,NA,NA,NA
2024-2025,Hampton City,435,Tidewater,school,210,370,Phillips Elementary,48.275862068965516,NA,NA,NA,NA,NA,NA,NA,NA,NA
2024-2025,Hampton City,1391,Tidewater,school,807,50,Phoebus High,58.01581595974119,NA,NA,NA,NA,NA,NA,NA,NA,NA
2024-2025,Hampton City,429,Tidewater,school,166,180,Samuel P. Langley Elementary,38.6946386946387,NA,NA,NA,NA,NA,NA,NA,NA,NA
2024-2025,Hampton City,581,Tidewater,school,331,380,Thomas Eaton Middle,56.970740103270224,NA,NA,NA,NA,NA,NA,NA,NA,NA
2024-2025,Hampton City,386,Tidewater,school,183,80,William Mason Cooper Elementary,47.40932642487047,NA,NA,NA,NA,NA,NA,NA,NA,NA
2024-2025,Hanover County,675,Central Virginia,school,326,160,Ashland Elementary School,48.2962962962963,NA,NA,NA,NA,NA,NA,NA,NA,NA
2024-2025,Hanover County,1470,Central Virginia,school,253,62,Atlee High,17.210884353741495,NA,NA,NA,NA,NA,NA,NA,NA,NA
2024-2025,Hanover County,407,Central Virginia,school,99,360,Battlefield Park Elementary,24.324324324324326,NA,NA,NA,NA,NA,NA,NA,NA,NA
2024-2025,Hanover County,339,Central Virginia,school,131,20,Beaverdam Elementary,38.64306784660767,NA,NA,NA,NA,NA,NA,NA,NA,NA
2024-2025,Hanover County,903,Central Virginia,school,322,440,Bell Creek Middle,35.65891472868217,NA,NA,NA,NA,NA,NA,NA,NA,NA
2024-2025,Hanover County,1199,Central Virginia,school,210,61,Chickahominy Middle,17.514595496246873,NA,NA,NA,NA,NA,NA,NA,NA,NA
2024-2025,Hanover County,495,Central Virginia,school,205,70,Cold Harbor Elementary,41.41414141414141,NA,NA,NA,NA,NA,NA,NA,NA,NA
2024-2025,Hanover County,852,Central Virginia,school,97,551,Cool Spring Elementary,11.384976525821596,NA,NA,NA,NA,NA,NA,NA,NA,NA
2024-2025,Hanover County,383,Central Virginia,school,180,430,Elmont Elementary,46.99738903394256,NA,NA,NA,NA,NA,NA,NA,NA,NA
2024-2025,Hanover County,1349,Central Virginia,school,191,554,Hanover High,14.158636026686434,NA,NA,NA,NA,NA,NA,NA,NA,NA
2024-2025,Hanover County,672,Central Virginia,school,91,200,Kersey Creek Elementary,13.541666666666666,NA,NA,NA,NA,NA,NA,NA,NA,NA
2024-2025,Hanover County,591,Central Virginia,school,227,210,Laurel Meadow Elementary,38.40947546531303,NA,NA,NA,NA,NA,NA,NA,NA,NA
2024-2025,Hanover County,910,Central Virginia,school,365,450,Liberty Middle,40.10989010989011,NA,NA,NA,NA,NA,NA,NA,NA,NA
2024-2025,Hanover County,572,Central Virginia,school,327,420,Mechanicsville Elementary,57.16783216783217,NA,NA,NA,NA,NA,NA,NA,NA,NA
2024-2025,Hanover County,1245,Central Virginia,school,380,370,Mechanicsville High,30.522088353413658,NA,NA,NA,NA,NA,NA,NA,NA,NA
2024-2025,Hanover County,862,Central Virginia,school,127,553,Oak Knoll Middle,14.733178654292342,NA,NA,NA,NA,NA,NA,NA,NA,NA
2024-2025,Hanover County,1294,Central Virginia,school,445,400,Patrick Henry High,34.38948995363214,NA,NA,NA,NA,NA,NA,NA,NA,NA
2024-2025,Hanover County,571,Central Virginia,school,74,410,Pearson's Corner Elementary,12.95971978984238,NA,NA,NA,NA,NA,NA,NA,NA,NA
2024-2025,Hanover County,527,Central Virginia,school,98,552,Pole Green Elementary,18.59582542694497,NA,NA,NA,NA,NA,NA,NA,NA,NA
2024-2025,Hanover County,627,Central Virginia,school,80,30,Rural Point Elementary,12.759170653907494,NA,NA,NA,NA,NA,NA,NA,NA,NA
2024-2025,Hanover County,439,Central Virginia,school,145,40,South Anna Elementary,33.029612756264235,NA,NA,NA,NA,NA,NA,NA,NA,NA
2024-2025,Hanover County,386,Central Virginia,school,118,290,Washington-Henry Elementary,30.569948186528496,NA,NA,NA,NA,NA,NA,NA,NA,NA
2024-2025,Harrisonburg City,566,Valley,school,311,120,Bluestone Elementary,54.946996466431095,NA,NA,NA,NA,NA,NA,NA,NA,NA
2024-2025,Harrisonburg City,170,Valley,school,97,450,Elon Rhodes Early Learning Center,57.05882352941176,NA,NA,NA,NA,NA,NA,NA,NA,NA
2024-2025,Harrisonburg City,998,Valley,school,477,12,Harrisonburg High,47.795591182364724,NA,NA,NA,NA,NA,NA,NA,NA,NA
2024-2025,Harrisonburg City,475,Valley,school,182,50,Keister Elementary,38.315789473684205,NA,NA,NA,NA,NA,NA,NA,NA,NA
2024-2025,Harrisonburg City,1012,Valley,school,497,20,Rocktown High School,49.11067193675889,NA,NA,NA,NA,NA,NA,NA,NA,NA
2024-2025,Harrisonburg City,738,Valley,school,400,111,Skyline Middle,54.20054200542005,NA,NA,NA,NA,NA,NA,NA,NA,NA
2024-2025,Harrisonburg City,514,Valley,school,281,110,Smithland Elementary,54.6692607003891,NA,NA,NA,NA,NA,NA,NA,NA,NA
2024-2025,Harrisonburg City,468,Valley,school,247,60,Spotswood Elementary,52.77777777777778,NA,NA,NA,NA,NA,NA,NA,NA,NA
2024-2025,Harrisonburg City,554,Valley,school,338,191,Stone Spring Elementary,61.01083032490975,NA,NA,NA,NA,NA,NA,NA,NA,NA
2024-2025,Harrisonburg City,771,Valley,school,337,80,Thomas Harrison Middle,43.7094682230869,NA,NA,NA,NA,NA,NA,NA,NA,NA
2024-2025,Harrisonburg City,557,Valley,school,331,30,Waterman Elementary,59.42549371633752,NA,NA,NA,NA,NA,NA,NA,NA,NA
2024-2025,Henrico County,330,Central Virginia,school,150,450,Anthony P. Mehfoud Elementary,45.45454545454545,NA,NA,NA,NA,NA,NA,NA,NA,NA
2024-2025,Henrico County,425,Central Virginia,school,259,320,Arthur Ashe Jr. Elementary,60.94117647058823,NA,NA,NA,NA,NA,NA,NA,NA,NA
2024-2025,Henrico County,1034,Central Virginia,school,589,500,Brookland Middle,56.963249516441,NA,NA,NA,NA,NA,NA,NA,NA,NA
2024-2025,Henrico County,526,Central Virginia,school,319,120,Cashell Donahoe Elementary,60.646387832699624,NA,NA,NA,NA,NA,NA,NA,NA,NA
2024-2025,Henrico County,389,Central Virginia,school,233,590,Chamberlayne Elementary,59.89717223650386,NA,NA,NA,NA,NA,NA,NA,NA,NA
2024-2025,Henrico County,423,Central Virginia,school,236,530,Charles M. Johnson Elementary,55.7919621749409,NA,NA,NA,NA,NA,NA,NA,NA,NA
2024-2025,Henrico County,710,Central Virginia,school,153,93,Colonial Trail Elementary,21.549295774647888,NA,NA,NA,NA,NA,NA,NA,NA,NA
2024-2025,Henrico County,388,Central Virginia,school,134,400,Crestview Elementary,34.5360824742268,NA,NA,NA,NA,NA,NA,NA,NA,NA
2024-2025,Henrico County,455,Central Virginia,school,47,82,David A. Kaechele Elementary,10.329670329670328,NA,NA,NA,NA,NA,NA,NA,NA,NA
2024-2025,Henrico County,1992,Central Virginia,school,236,160,Deep Run High,11.847389558232932,NA,NA,NA,NA,NA,NA,NA,NA,NA
2024-2025,Henrico County,1881,Central Virginia,school,681,410,Douglas S. Freeman High,36.20414673046252,NA,NA,NA,NA,NA,NA,NA,NA,NA
2024-2025,Henrico County,684,Central Virginia,school,382,700,Dumbarton Elementary,55.84795321637427,NA,NA,NA,NA,NA,NA,NA,NA,NA
2024-2025,Henrico County,506,Central Virginia,school,144,300,Echo Lake Elementary,28.458498023715418,NA,NA,NA,NA,NA,NA,NA,NA,NA
2024-2025,Henrico County,859,Central Virginia,school,489,680,Elizabeth Holladay Elementary,56.92665890570431,NA,NA,NA,NA,NA,NA,NA,NA,NA
2024-2025,Henrico County,695,Central Virginia,school,408,92,Elko Middle,58.70503597122302,NA,NA,NA,NA,NA,NA,NA,NA,NA
2024-2025,Henrico County,330,Central Virginia,school,237,200,Fair Oaks Elementary,71.81818181818181,NA,NA,NA,NA,NA,NA,NA,NA,NA
2024-2025,Henrico County,936,Central Virginia,school,573,510,Fairfield Middle,61.21794871794872,NA,NA,NA,NA,NA,NA,NA,NA,NA
2024-2025,Henrico County,605,Central Virginia,school,91,150,Gayton Elementary,15.041322314049587,NA,NA,NA,NA,NA,NA,NA,NA,NA
2024-2025,Henrico County,462,Central Virginia,school,298,470,George F. Baker Elementary,64.5021645021645,NA,NA,NA,NA,NA,NA,NA,NA,NA
2024-2025,Henrico County,1086,Central Virginia,school,327,390,George H. Moody Middle,30.11049723756906,NA,NA,NA,NA,NA,NA,NA,NA,NA
2024-2025,Henrico County,578,Central Virginia,school,132,20,Glen Allen Elementary,22.837370242214533,NA,NA,NA,NA,NA,NA,NA,NA,NA
2024-2025,Henrico County,1939,Central Virginia,school,512,96,Glen Allen High,26.405363589479116,NA,NA,NA,NA,NA,NA,NA,NA,NA
2024-2025,Henrico County,461,Central Virginia,school,379,380,Glen Lea Elementary,82.21258134490239,NA,NA,NA,NA,NA,NA,NA,NA,NA
2024-2025,Henrico County,649,Central Virginia,school,266,260,Greenwood Elementary,40.98613251155624,NA,NA,NA,NA,NA,NA,NA,NA,NA
2024-2025,Henrico County,417,Central Virginia,school,292,420,Harold Macon Ratcliffe Elementary,70.02398081534771,NA,NA,NA,NA,NA,NA,NA,NA,NA
2024-2025,Henrico County,497,Central Virginia,school,315,94,Harvie Elementary,63.38028169014085,NA,NA,NA,NA,NA,NA,NA,NA,NA
2024-2025,Henrico County,1300,Central Virginia,school,713,610,Henrico High,54.84615384615385,NA,NA,NA,NA,NA,NA,NA,NA,NA
2024-2025,Henrico County,526,Central Virginia,school,310,83,Henrico Virtual Academy,58.935361216730044,NA,NA,NA,NA,NA,NA,NA,NA,NA
2024-2025,Henrico County,526,Central Virginia,school,303,330,Henry D. Ward Elementary,57.60456273764258,NA,NA,NA,NA,NA,NA,NA,NA,NA
2024-2025,Henrico County,1719,Central Virginia,school,882,670,Hermitage High,51.30890052356021,NA,NA,NA,NA,NA,NA,NA,NA,NA
2024-2025,Henrico County,469,Central Virginia,school,382,640,Highland Springs Elementary,81.4498933901919,NA,NA,NA,NA,NA,NA,NA,NA,NA
2024-2025,Henrico County,1928,Central Virginia,school,NA,190,Highland Springs High,NA,NA,NA,NA,NA,NA,NA,NA,NA,NA
2024-2025,Henrico County,862,Central Virginia,school,287,95,Holman Middle,33.29466357308585,NA,NA,NA,NA,NA,NA,NA,NA,NA
2024-2025,Henrico County,834,Central Virginia,school,248,100,Hungary Creek Middle,29.73621103117506,NA,NA,NA,NA,NA,NA,NA,NA,NA
2024-2025,Henrico County,535,Central Virginia,school,211,620,Jackson Davis Elementary,39.4392523364486,NA,NA,NA,NA,NA,NA,NA,NA,NA
2024-2025,Henrico County,453,Central Virginia,school,307,660,Jacob L. Adams Elementary,67.77041942604856,NA,NA,NA,NA,NA,NA,NA,NA,NA
2024-2025,Henrico County,2132,Central Virginia,school,847,600,John Randolph Tucker High,39.72795497185741,NA,NA,NA,NA,NA,NA,NA,NA,NA
2024-2025,Henrico County,874,Central Virginia,school,538,130,John Rolfe Middle,61.556064073226544,NA,NA,NA,NA,NA,NA,NA,NA,NA
2024-2025,Henrico County,758,Central Virginia,school,401,250,L. Douglas Wilder Middle,52.90237467018469,NA,NA,NA,NA,NA,NA,NA,NA,NA
2024-2025,Henrico County,466,Central Virginia,school,384,430,Laburnum Elementary,82.40343347639485,NA,NA,NA,NA,NA,NA,NA,NA,NA
2024-2025,Henrico County,397,Central Virginia,school,232,370,Lakeside Elementary,58.43828715365239,NA,NA,NA,NA,NA,NA,NA,NA,NA
2024-2025,Henrico County,476,Central Virginia,school,302,50,Longdale Elementary,63.4453781512605,NA,NA,NA,NA,NA,NA,NA,NA,NA
2024-2025,Henrico County,578,Central Virginia,school,292,490,Maude Trevvett Elementary,50.51903114186851,NA,NA,NA,NA,NA,NA,NA,NA,NA
2024-2025,Henrico County,691,Central Virginia,school,224,540,Maybeury Elementary,32.41678726483357,NA,NA,NA,NA,NA,NA,NA,NA,NA
2024-2025,Henrico County,1702,Central Virginia,school,381,140,Mills E. Godwin High,22.385428907168038,NA,NA,NA,NA,NA,NA,NA,NA,NA
2024-2025,Henrico County,341,Central Virginia,school,253,210,Montrose Elementary,74.19354838709677,NA,NA,NA,NA,NA,NA,NA,NA,NA
2024-2025,Henrico County,627,Central Virginia,school,69,270,Nuckols Farm Elementary,11.004784688995215,NA,NA,NA,NA,NA,NA,NA,NA,NA
2024-2025,Henrico County,344,Central Virginia,school,75,440,Pemberton Elementary,21.802325581395348,NA,NA,NA,NA,NA,NA,NA,NA,NA
2024-2025,Henrico County,539,Central Virginia,school,219,570,Pinchbeck Elementary,40.63079777365491,NA,NA,NA,NA,NA,NA,NA,NA,NA
2024-2025,Henrico County,914,Central Virginia,school,228,280,Pocahontas Middle,24.945295404814004,NA,NA,NA,NA,NA,NA,NA,NA,NA
2024-2025,Henrico County,1053,Central Virginia,school,449,690,Quioccasin Middle,42.64007597340931,NA,NA,NA,NA,NA,NA,NA,NA,NA
2024-2025,Henrico County,491,Central Virginia,school,284,630,R.C. Longan Elementary,57.841140529531565,NA,NA,NA,NA,NA,NA,NA,NA,NA
2024-2025,Henrico County,512,Central Virginia,school,292,90,Ridge Elementary,57.03125,NA,NA,NA,NA,NA,NA,NA,NA,NA
2024-2025,Henrico County,735,Central Virginia,school,66,240,Rivers Edge Elementary,8.979591836734693,NA,NA,NA,NA,NA,NA,NA,NA,NA
2024-2025,Henrico County,509,Central Virginia,school,208,650,Ruby F. Carver Elementary,40.86444007858546,NA,NA,NA,NA,NA,NA,NA,NA,NA
2024-2025,Henrico County,201,Central Virginia,school,126,220,Sandston Elementary,62.68656716417911,NA,NA,NA,NA,NA,NA,NA,NA,NA
2024-2025,Henrico County,399,Central Virginia,school,222,550,Seven Pines Elementary,55.639097744360896,NA,NA,NA,NA,NA,NA,NA,NA,NA
2024-2025,Henrico County,600,Central Virginia,school,67,710,Shady Grove Elementary,11.166666666666666,NA,NA,NA,NA,NA,NA,NA,NA,NA
2024-2025,Henrico County,545,Central Virginia,school,99,60,Short Pump Elementary,18.1651376146789,NA,NA,NA,NA,NA,NA,NA,NA,NA
2024-2025,Henrico County,1056,Central Virginia,school,156,80,Short Pump Middle,14.772727272727273,NA,NA,NA,NA,NA,NA,NA,NA,NA
2024-2025,Henrico County,603,Central Virginia,school,315,480,Skipwith Elementary,52.23880597014925,NA,NA,NA,NA,NA,NA,NA,NA,NA
2024-2025,Henrico County,652,Central Virginia,school,229,230,Springfield Park Elementary,35.12269938650307,NA,NA,NA,NA,NA,NA,NA,NA,NA
2024-2025,Henrico County,306,Central Virginia,school,91,10,Three Chopt Elementary,29.73856209150327,NA,NA,NA,NA,NA,NA,NA,NA,NA
2024-2025,Henrico County,682,Central Virginia,school,58,360,Tuckahoe Elementary,8.504398826979472,NA,NA,NA,NA,NA,NA,NA,NA,NA
2024-2025,Henrico County,1114,Central Virginia,school,331,520,Tuckahoe Middle,29.71274685816876,NA,NA,NA,NA,NA,NA,NA,NA,NA
2024-2025,Henrico County,516,Central Virginia,school,93,310,Twin Hickory Elementary,18.023255813953487,NA,NA,NA,NA,NA,NA,NA,NA,NA
2024-2025,Henrico County,274,Central Virginia,school,140,290,Varina Elementary,51.09489051094891,NA,NA,NA,NA,NA,NA,NA,NA,NA
2024-2025,Henrico County,1420,Central Virginia,school,790,580,Varina High,55.633802816901415,NA,NA,NA,NA,NA,NA,NA,NA,NA
2024-2025,Henry County,371,Western Virginia,school,226,361,Axton Elementary,60.91644204851752,NA,NA,NA,NA,NA,NA,NA,NA,NA
2024-2025,Henry County,1098,Western Virginia,school,757,10,Bassett High,68.94353369763205,NA,NA,NA,NA,NA,NA,NA,NA,NA
2024-2025,Henry County,249,Western Virginia,school,171,590,Campbell Court Elementary,68.67469879518072,NA,NA,NA,NA,NA,NA,NA,NA,NA
2024-2025,Henry County,382,Western Virginia,school,228,530,Drewry Mason Elementary,59.68586387434554,NA,NA,NA,NA,NA,NA,NA,NA,NA
2024-2025,Henry County,792,Western Virginia,school,568,620,Fieldale-Collinsville Middle,71.71717171717171,NA,NA,NA,NA,NA,NA,NA,NA,NA
2024-2025,Henry County,460,Western Virginia,school,294,480,G.W. Carver Elementary,63.91304347826087,NA,NA,NA,NA,NA,NA,NA,NA,NA
2024-2025,Henry County,734,Western Virginia,school,490,670,Laurel Park Middle,66.7574931880109,NA,NA,NA,NA,NA,NA,NA,NA,NA
2024-2025,Henry County,1147,Western Virginia,school,721,20,Magna Vista High,62.85963382737576,NA,NA,NA,NA,NA,NA,NA,NA,NA
2024-2025,Henry County,659,Western Virginia,school,397,661,Meadow View Elementary,60.24279210925645,NA,NA,NA,NA,NA,NA,NA,NA,NA
2024-2025,Henry County,271,Western Virginia,school,155,872,Mount Olivet Elementary,57.19557195571956,NA,NA,NA,NA,NA,NA,NA,NA,NA
2024-2025,Henry County,253,Western Virginia,school,171,740,Rich Acres Elementary,67.58893280632411,NA,NA,NA,NA,NA,NA,NA,NA,NA
2024-2025,Henry County,250,Western Virginia,school,158,220,Sanville Elementary,63.2,NA,NA,NA,NA,NA,NA,NA,NA,NA
2024-2025,Henry County,250,Western Virginia,school,148,760,Stanleytown Elementary,59.199999999999996,NA,NA,NA,NA,NA,NA,NA,NA,NA
2024-2025,Highland County,105,Valley,school,53,110,Highland Elementary,50.476190476190474,NA,NA,NA,NA,NA,NA,NA,NA,NA
2024-2025,Highland County,103,Valley,school,43,220,Highland High,41.74757281553398,NA,NA,NA,NA,NA,NA,NA,NA,NA
2024-2025,Hopewell City,803,Central Virginia,school,653,110,Carter G. Woodson Middle,81.3200498132005,NA,NA,NA,NA,NA,NA,NA,NA,NA
2024-2025,Hopewell City,589,Central Virginia,school,478,40,Dupont Elementary,81.15449915110356,NA,NA,NA,NA,NA,NA,NA,NA,NA
2024-2025,Hopewell City,535,Central Virginia,school,420,140,Harry E. James Elementary,78.50467289719626,NA,NA,NA,NA,NA,NA,NA,NA,NA
2024-2025,Hopewell City,1138,Central Virginia,school,841,120,Hopewell High,73.90158172231986,NA,NA,NA,NA,NA,NA,NA,NA,NA
2024-2025,Hopewell City,579,Central Virginia,school,458,70,Patrick Copeland Elementary,79.10189982728842,NA,NA,NA,NA,NA,NA,NA,NA,NA
2024-2025,Hopewell City,307,Central Virginia,school,219,151,Woodlawn Pre-School Learning Center,71.33550488599349,NA,NA,NA,NA,NA,NA,NA,NA,NA
2024-2025,Isle of Wight County,569,Tidewater,school,162,421,Carrollton Elementary,28.471001757469246,NA,NA,NA,NA,NA,NA,NA,NA,NA
2024-2025,Isle of Wight County,232,Tidewater,school,82,280,Carrsville Elementary,35.3448275862069,NA,NA,NA,NA,NA,NA,NA,NA,NA
2024-2025,Isle of Wight County,368,Tidewater,school,118,422,Georgie D. Tyler Middle,32.065217391304344,NA,NA,NA,NA,NA,NA,NA,NA,NA
2024-2025,Isle of Wight County,649,Tidewater,school,222,320,Hardy Elementary,34.20647149460709,NA,NA,NA,NA,NA,NA,NA,NA,NA
2024-2025,Isle of Wight County,1322,Tidewater,school,407,40,Smithfield High,30.786686838124055,NA,NA,NA,NA,NA,NA,NA,NA,NA
2024-2025,Isle of Wight County,565,Tidewater,school,160,50,Smithfield Middle,28.31858407079646,NA,NA,NA,NA,NA,NA,NA,NA,NA
2024-2025,Isle of Wight County,682,Tidewater,school,259,424,Westside Elementary,37.976539589442815,NA,NA,NA,NA,NA,NA,NA,NA,NA
2024-2025,Isle of Wight County,624,Tidewater,school,204,240,Windsor Elementary,32.69230769230769,NA,NA,NA,NA,NA,NA,NA,NA,NA
2024-2025,Isle of Wight County,508,Tidewater,school,158,250,Windsor High,31.10236220472441,NA,NA,NA,NA,NA,NA,NA,NA,NA
2024-2025,King George County,683,Northern Neck,school,250,100,King George Elementary,36.603221083455345,NA,NA,NA,NA,NA,NA,NA,NA,NA
2024-2025,King George County,1495,Northern Neck,school,423,120,King George High,28.2943143812709,NA,NA,NA,NA,NA,NA,NA,NA,NA
2024-2025,King George County,1098,Northern Neck,school,347,10,King George Middle,31.602914389799636,NA,NA,NA,NA,NA,NA,NA,NA,NA
2024-2025,King George County,566,Northern Neck,school,202,50,Potomac Elementary,35.68904593639576,NA,NA,NA,NA,NA,NA,NA,NA,NA
2024-2025,King George County,753,Northern Neck,school,215,221,Sealston Elementary,28.552456839309432,NA,NA,NA,NA,NA,NA,NA,NA,NA
2024-2025,King William County,472,Northern Neck,school,223,180,Acquinton Elementary,47.24576271186441,NA,NA,NA,NA,NA,NA,NA,NA,NA
2024-2025,King William County,512,Northern Neck,school,226,190,Cool Spring Primary,44.140625,NA,NA,NA,NA,NA,NA,NA,NA,NA
2024-2025,King William County,445,Northern Neck,school,178,160,Hamilton Holmes Middle,40,NA,NA,NA,NA,NA,NA,NA,NA,NA
2024-2025,King William County,685,Northern Neck,school,279,130,King William High,40.729927007299274,NA,NA,NA,NA,NA,NA,NA,NA,NA
2024-2025,King and Queen County,265,Northern Neck,school,115,280,Central High,43.39622641509434,NA,NA,NA,NA,NA,NA,NA,NA,NA
2024-2025,King and Queen County,168,Northern Neck,school,80,200,King & Queen Elementary,47.61904761904761,NA,NA,NA,NA,NA,NA,NA,NA,NA
2024-2025,King and Queen County,178,Northern Neck,school,82,290,Lawson-Marriott Elementary,46.06741573033708,NA,NA,NA,NA,NA,NA,NA,NA,NA
2024-2025,Lancaster County,74,Northern Neck,school,NA,310,Lancaster Early Childhood Education Center,NA,NA,NA,NA,NA,NA,NA,NA,NA,NA
2024-2025,Lancaster County,542,Northern Neck,school,331,110,Lancaster Elementary School,61.07011070110702,NA,NA,NA,NA,NA,NA,NA,NA,NA
2024-2025,Lancaster County,402,Northern Neck,school,242,10,Lancaster High,60.19900497512438,NA,NA,NA,NA,NA,NA,NA,NA,NA
2024-2025,Lee County,237,Southwest,school,160,160,Dryden Elementary,67.51054852320675,NA,NA,NA,NA,NA,NA,NA,NA,NA
2024-2025,Lee County,291,Southwest,school,184,330,Elk Knob Elementary,63.230240549828174,NA,NA,NA,NA,NA,NA,NA,NA,NA
2024-2025,Lee County,133,Southwest,school,95,820,Elydale Middle,71.42857142857143,NA,NA,NA,NA,NA,NA,NA,NA,NA
2024-2025,Lee County,336,Southwest,school,193,630,Flatwoods Elementary,57.44047619047619,NA,NA,NA,NA,NA,NA,NA,NA,NA
2024-2025,Lee County,231,Southwest,school,135,470,Jonesville Middle,58.44155844155844,NA,NA,NA,NA,NA,NA,NA,NA,NA
2024-2025,Lee County,803,Southwest,school,533,300,Lee High,66.3760896637609,NA,NA,NA,NA,NA,NA,NA,NA,NA
2024-2025,Lee County,278,Southwest,school,216,290,Pennington Middle,77.6978417266187,NA,NA,NA,NA,NA,NA,NA,NA,NA
2024-2025,Lee County,256,Southwest,school,164,670,Rose Hill Elementary,64.0625,NA,NA,NA,NA,NA,NA,NA,NA,NA
2024-2025,Lee County,110,Southwest,school,73,200,St. Charles Elementary,66.36363636363637,NA,NA,NA,NA,NA,NA,NA,NA,NA
2024-2025,Lee County,291,Southwest,school,176,880,Thomas Walker High,60.48109965635739,NA,NA,NA,NA,NA,NA,NA,NA,NA
2024-2025,Lexington City,350,Valley,school,104,1390,Harrington Waddell Elementary,29.714285714285715,NA,NA,NA,NA,NA,NA,NA,NA,NA
2024-2025,Lexington City,187,Valley,school,60,1440,Lylburn Downing Middle,32.085561497326204,NA,NA,NA,NA,NA,NA,NA,NA,NA
2024-2025,Lexington City,1,Valley,school,NA,22,Rockbridge County High,NA,NA,NA,NA,NA,NA,NA,NA,NA,NA
2024-2025,Loudoun County,90,Northern Virginia,school,21,510,Aldie Elementary,23.333333333333332,NA,NA,NA,NA,NA,NA,NA,NA,NA
2024-2025,Loudoun County,457,Northern Virginia,school,98,150,Algonkian Elementary,21.444201312910284,NA,NA,NA,NA,NA,NA,NA,NA,NA
2024-2025,Loudoun County,748,Northern Virginia,school,166,610,Arcola Elementary,22.192513368983956,NA,NA,NA,NA,NA,NA,NA,NA,NA
2024-2025,Loudoun County,513,Northern Virginia,school,106,170,Ashburn Elementary,20.66276803118908,NA,NA,NA,NA,NA,NA,NA,NA,NA
2024-2025,Loudoun County,465,Northern Virginia,school,143,220,Ball's Bluff Elementary,30.752688172043012,NA,NA,NA,NA,NA,NA,NA,NA,NA
2024-2025,Loudoun County,139,Northern Virginia,school,54,650,Banneker Elementary,38.84892086330935,NA,NA,NA,NA,NA,NA,NA,NA,NA
2024-2025,Loudoun County,1073,Northern Virginia,school,223,940,Belmont Ridge Middle,20.782851817334578,NA,NA,NA,NA,NA,NA,NA,NA,NA
2024-2025,Loudoun County,605,Northern Virginia,school,107,300,Belmont Station Elementary,17.68595041322314,NA,NA,NA,NA,NA,NA,NA,NA,NA
2024-2025,Loudoun County,718,Northern Virginia,school,114,790,Blue Ridge Middle,15.87743732590529,NA,NA,NA,NA,NA,NA,NA,NA,NA
2024-2025,Loudoun County,1165,Northern Virginia,school,127,1120,Brambleton Middle,10.90128755364807,NA,NA,NA,NA,NA,NA,NA,NA,NA
2024-2025,Loudoun County,1865,Northern Virginia,school,220,420,Briar Woods High,11.796246648793565,NA,NA,NA,NA,NA,NA,NA,NA,NA
2024-2025,Loudoun County,1562,Northern Virginia,school,441,740,Broad Run High,28.233034571062742,NA,NA,NA,NA,NA,NA,NA,NA,NA
2024-2025,Loudoun County,756,Northern Virginia,school,91,450,Buffalo Trail Elementary,12.037037037037036,NA,NA,NA,NA,NA,NA,NA,NA,NA
2024-2025,Loudoun County,834,Northern Virginia,school,135,460,Cardinal Ridge Elementary,16.18705035971223,NA,NA,NA,NA,NA,NA,NA,NA,NA
2024-2025,Loudoun County,602,Northern Virginia,school,157,710,Catoctin Elementary,26.079734219269103,NA,NA,NA,NA,NA,NA,NA,NA,NA
2024-2025,Loudoun County,701,Northern Virginia,school,155,840,Cedar Lane Elementary,22.111269614835948,NA,NA,NA,NA,NA,NA,NA,NA,NA
2024-2025,Loudoun County,591,Northern Virginia,school,280,160,Cool Spring Elementary,47.377326565143825,NA,NA,NA,NA,NA,NA,NA,NA,NA
2024-2025,Loudoun County,648,Northern Virginia,school,313,890,Countryside Elementary,48.30246913580247,NA,NA,NA,NA,NA,NA,NA,NA,NA
2024-2025,Loudoun County,825,Northern Virginia,school,153,540,Creighton's Corner Elementary,18.545454545454547,NA,NA,NA,NA,NA,NA,NA,NA,NA
2024-2025,Loudoun County,639,Northern Virginia,school,201,1000,Discovery Elementary,31.455399061032864,NA,NA,NA,NA,NA,NA,NA,NA,NA
2024-2025,Loudoun County,1456,Northern Virginia,school,665,31,Dominion High,45.67307692307692,NA,NA,NA,NA,NA,NA,NA,NA,NA
2024-2025,Loudoun County,566,Northern Virginia,school,244,470,Dominion Trail Elementary,43.109540636042404,NA,NA,NA,NA,NA,NA,NA,NA,NA
2024-2025,Loudoun County,1259,Northern Virginia,school,145,880,Eagle Ridge Middle,11.517077045274027,NA,NA,NA,NA,NA,NA,NA,NA,NA
2024-2025,Loudoun County,756,Northern Virginia,school,117,1151,Elaine E. Thompson Elementary,15.476190476190476,NA,NA,NA,NA,NA,NA,NA,NA,NA
2024-2025,Loudoun County,416,Northern Virginia,school,45,730,Emerick Elementary,10.817307692307693,NA,NA,NA,NA,NA,NA,NA,NA,NA
2024-2025,Loudoun County,569,Northern Virginia,school,177,190,Evergreen Mill Elementary,31.107205623901578,NA,NA,NA,NA,NA,NA,NA,NA,NA
2024-2025,Loudoun County,983,Northern Virginia,school,304,210,Farmwell Station Middle,30.925737538148525,NA,NA,NA,NA,NA,NA,NA,NA,NA
2024-2025,Loudoun County,529,Northern Virginia,school,342,970,Forest Grove Elementary,64.65028355387523,NA,NA,NA,NA,NA,NA,NA,NA,NA
2024-2025,Loudoun County,648,Northern Virginia,school,304,91,Frances Hazel Reid Elementary,46.913580246913575,NA,NA,NA,NA,NA,NA,NA,NA,NA
2024-2025,Loudoun County,581,Northern Virginia,school,303,530,Frederick Douglass Elementary,52.151462994836486,NA,NA,NA,NA,NA,NA,NA,NA,NA
2024-2025,Loudoun County,1888,Northern Virginia,school,310,120,Freedom High,16.41949152542373,NA,NA,NA,NA,NA,NA,NA,NA,NA
2024-2025,Loudoun County,851,Northern Virginia,school,63,371,Goshen Post Elementary,7.403055229142186,NA,NA,NA,NA,NA,NA,NA,NA,NA
2024-2025,Loudoun County,504,Northern Virginia,school,396,720,Guilford Elementary,78.57142857142857,NA,NA,NA,NA,NA,NA,NA,NA,NA
2024-2025,Loudoun County,170,Northern Virginia,school,22,230,Hamilton Elementary,12.941176470588237,NA,NA,NA,NA,NA,NA,NA,NA,NA
2024-2025,Loudoun County,1116,Northern Virginia,school,129,921,Harmony Middle,11.559139784946236,NA,NA,NA,NA,NA,NA,NA,NA,NA
2024-2025,Loudoun County,858,Northern Virginia,school,268,520,Harper Park Middle,31.23543123543124,NA,NA,NA,NA,NA,NA,NA,NA,NA
2024-2025,Loudoun County,780,Northern Virginia,school,65,116,Henrietta Lacks Elementary,8.333333333333332,NA,NA,NA,NA,NA,NA,NA,NA,NA
2024-2025,Loudoun County,1478,Northern Virginia,school,490,900,Heritage High,33.15290933694182,NA,NA,NA,NA,NA,NA,NA,NA,NA
2024-2025,Loudoun County,144,Northern Virginia,school,14,111,Hillsboro Charter Academy,9.722222222222223,NA,NA,NA,NA,NA,NA,NA,NA,NA
2024-2025,Loudoun County,656,Northern Virginia,school,102,400,Hillside Elementary,15.548780487804878,NA,NA,NA,NA,NA,NA,NA,NA,NA
2024-2025,Loudoun County,510,Northern Virginia,school,146,820,Horizon Elementary,28.627450980392155,NA,NA,NA,NA,NA,NA,NA,NA,NA
2024-2025,Loudoun County,810,Northern Virginia,school,31,1131,Hovatter Elementary,3.8271604938271606,NA,NA,NA,NA,NA,NA,NA,NA,NA
2024-2025,Loudoun County,672,Northern Virginia,school,188,960,Hutchison Farm Elementary,27.976190476190478,NA,NA,NA,NA,NA,NA,NA,NA,NA
2024-2025,Loudoun County,2172,Northern Virginia,school,218,1110,Independence High,10.036832412523019,NA,NA,NA,NA,NA,NA,NA,NA,NA
2024-2025,Loudoun County,874,Northern Virginia,school,240,20,J. Lupton Simpson Middle,27.45995423340961,NA,NA,NA,NA,NA,NA,NA,NA,NA
2024-2025,Loudoun County,1182,Northern Virginia,school,197,580,J. Michael Lunsford Middle,16.666666666666664,NA,NA,NA,NA,NA,NA,NA,NA,NA
2024-2025,Loudoun County,1855,Northern Virginia,school,380,370,John Champe High,20.485175202156334,NA,NA,NA,NA,NA,NA,NA,NA,NA
2024-2025,Loudoun County,617,Northern Virginia,school,149,950,John W. Tolbert Jr. Elementary,24.149108589951375,NA,NA,NA,NA,NA,NA,NA,NA,NA
2024-2025,Loudoun County,417,Northern Virginia,school,38,600,Kenneth W.Culbert Elementary,9.112709832134293,NA,NA,NA,NA,NA,NA,NA,NA,NA
2024-2025,Loudoun County,428,Northern Virginia,school,190,80,Leesburg Elementary,44.39252336448598,NA,NA,NA,NA,NA,NA,NA,NA,NA
2024-2025,Loudoun County,627,Northern Virginia,school,93,430,Legacy Elementary,14.832535885167463,NA,NA,NA,NA,NA,NA,NA,NA,NA
2024-2025,Loudoun County,813,Northern Virginia,school,137,560,Liberty Elementary,16.851168511685117,NA,NA,NA,NA,NA,NA,NA,NA,NA
2024-2025,Loudoun County,2032,Northern Virginia,school,199,1130,Lightridge High,9.793307086614174,NA,NA,NA,NA,NA,NA,NA,NA,NA
2024-2025,Loudoun County,91,Northern Virginia,school,NA,290,Lincoln Elementary,NA,NA,NA,NA,NA,NA,NA,NA,NA,NA
2024-2025,Loudoun County,701,Northern Virginia,school,106,860,Little River Elementary,15.121255349500714,NA,NA,NA,NA,NA,NA,NA,NA,NA
2024-2025,Loudoun County,1334,Northern Virginia,school,326,660,Loudoun County High,24.43778110944528,NA,NA,NA,NA,NA,NA,NA,NA,NA
2024-2025,Loudoun County,1154,Northern Virginia,school,173,680,Loudoun Valley High,14.991334488734836,NA,NA,NA,NA,NA,NA,NA,NA,NA
2024-2025,Loudoun County,510,Northern Virginia,school,79,780,Lovettsville Elementary,15.490196078431373,NA,NA,NA,NA,NA,NA,NA,NA,NA
2024-2025,Loudoun County,528,Northern Virginia,school,99,500,Lowes Island Elementary,18.75,NA,NA,NA,NA,NA,NA,NA,NA,NA
2024-2025,Loudoun County,242,Northern Virginia,school,69,130,Lucketts Elementary,28.512396694214875,NA,NA,NA,NA,NA,NA,NA,NA,NA
2024-2025,Loudoun County,1004,Northern Virginia,school,142,1030,Madison's Trust Elementary,14.143426294820719,NA,NA,NA,NA,NA,NA,NA,NA,NA
2024-2025,Loudoun County,403,Northern Virginia,school,191,70,Meadowland Elementary,47.39454094292804,NA,NA,NA,NA,NA,NA,NA,NA,NA
2024-2025,Loudoun County,1459,Northern Virginia,school,267,320,Mercer Middle,18.30020562028787,NA,NA,NA,NA,NA,NA,NA,NA,NA
2024-2025,Loudoun County,145,Northern Virginia,school,NA,1200,Middleburg Community Charter,NA,NA,NA,NA,NA,NA,NA,NA,NA,NA
2024-2025,Loudoun County,636,Northern Virginia,school,62,910,Mill Run Elementary,9.748427672955975,NA,NA,NA,NA,NA,NA,NA,NA,NA
2024-2025,Loudoun County,963,Northern Virginia,school,210,380,Moorefield Station Elementary,21.806853582554517,NA,NA,NA,NA,NA,NA,NA,NA,NA
2024-2025,Loudoun County,649,Northern Virginia,school,95,980,Mountain View Elementary,14.637904468412943,NA,NA,NA,NA,NA,NA,NA,NA,NA
2024-2025,Loudoun County,505,Northern Virginia,school,100,270,Newton-Lee Elementary,19.801980198019802,NA,NA,NA,NA,NA,NA,NA,NA,NA
2024-2025,Loudoun County,1412,Northern Virginia,school,919,60,Park View High,65.08498583569406,NA,NA,NA,NA,NA,NA,NA,NA,NA
2024-2025,Loudoun County,699,Northern Virginia,school,145,340,Pinebrook Elementary,20.74391988555079,NA,NA,NA,NA,NA,NA,NA,NA,NA
2024-2025,Loudoun County,1664,Northern Virginia,school,570,140,Potomac Falls High,34.25480769230769,NA,NA,NA,NA,NA,NA,NA,NA,NA
2024-2025,Loudoun County,569,Northern Virginia,school,299,250,Potowmack Elementary,52.54833040421792,NA,NA,NA,NA,NA,NA,NA,NA,NA
2024-2025,Loudoun County,1137,Northern Virginia,school,440,930,River Bend Middle,38.698328935795956,NA,NA,NA,NA,NA,NA,NA,NA,NA
2024-2025,Loudoun County,1717,Northern Virginia,school,305,1050,Riverside High,17.763541059988352,NA,NA,NA,NA,NA,NA,NA,NA,NA
2024-2025,Loudoun County,1606,Northern Virginia,school,304,1060,Rock Ridge High,18.929016189290163,NA,NA,NA,NA,NA,NA,NA,NA,NA
2024-2025,Loudoun County,562,Northern Virginia,school,358,40,Rolling Ridge Elementary,63.70106761565836,NA,NA,NA,NA,NA,NA,NA,NA,NA
2024-2025,Loudoun County,793,Northern Virginia,school,100,550,Rosa Lee Carter Elementary,12.610340479192939,NA,NA,NA,NA,NA,NA,NA,NA,NA
2024-2025,Loudoun County,521,Northern Virginia,school,49,180,Round Hill Elementary,9.404990403071018,NA,NA,NA,NA,NA,NA,NA,NA,NA
2024-2025,Loudoun County,503,Northern Virginia,school,120,240,Sanders Corner Elementary,23.856858846918488,NA,NA,NA,NA,NA,NA,NA,NA,NA
2024-2025,Loudoun County,508,Northern Virginia,school,76,870,Seldens Landing Elementary,14.960629921259844,NA,NA,NA,NA,NA,NA,NA,NA,NA
2024-2025,Loudoun County,862,Northern Virginia,school,401,30,Seneca Ridge Middle,46.51972157772622,NA,NA,NA,NA,NA,NA,NA,NA,NA
2024-2025,Loudoun County,886,Northern Virginia,school,306,90,Smart's Mill Middle,34.537246049661405,NA,NA,NA,NA,NA,NA,NA,NA,NA
2024-2025,Loudoun County,430,Northern Virginia,school,279,690,Sterling Elementary,64.88372093023256,NA,NA,NA,NA,NA,NA,NA,NA,NA
2024-2025,Loudoun County,969,Northern Virginia,school,653,760,Sterling Middle,67.3890608875129,NA,NA,NA,NA,NA,NA,NA,NA,NA
2024-2025,Loudoun County,710,Northern Virginia,school,266,350,Steuart W. Weller Elementary,37.46478873239437,NA,NA,NA,NA,NA,NA,NA,NA,NA
2024-2025,Loudoun County,1636,Northern Virginia,school,308,850,Stone Bridge High,18.82640586797066,NA,NA,NA,NA,NA,NA,NA,NA,NA
2024-2025,Loudoun County,1146,Northern Virginia,school,201,570,Stone Hill Middle,17.539267015706805,NA,NA,NA,NA,NA,NA,NA,NA,NA
2024-2025,Loudoun County,502,Northern Virginia,school,370,10,Sugarland Elementary,73.70517928286853,NA,NA,NA,NA,NA,NA,NA,NA,NA
2024-2025,Loudoun County,476,Northern Virginia,school,353,750,Sully Elementary,74.15966386554622,NA,NA,NA,NA,NA,NA,NA,NA,NA
2024-2025,Loudoun County,452,Northern Virginia,school,41,280,Sycolin Creek Elementary,9.070796460176991,NA,NA,NA,NA,NA,NA,NA,NA,NA
2024-2025,Loudoun County,1131,Northern Virginia,school,222,1040,Trailside Middle,19.628647214854112,NA,NA,NA,NA,NA,NA,NA,NA,NA
2024-2025,Loudoun County,1380,Northern Virginia,school,504,200,Tuscarora High,36.52173913043478,NA,NA,NA,NA,NA,NA,NA,NA,NA
2024-2025,Loudoun County,59,Northern Virginia,school,55,532,W.O. Robey High,93.22033898305084,NA,NA,NA,NA,NA,NA,NA,NA,NA
2024-2025,Loudoun County,243,Northern Virginia,school,12,700,Waterford Elementary,4.938271604938271,NA,NA,NA,NA,NA,NA,NA,NA,NA
2024-2025,Loudoun County,533,Northern Virginia,school,63,117,Watson Mountain Middle,11.819887429643527,NA,NA,NA,NA,NA,NA,NA,NA,NA
2024-2025,Loudoun County,678,Northern Virginia,school,109,1140,Waxpool Elementary,16.07669616519174,NA,NA,NA,NA,NA,NA,NA,NA,NA
2024-2025,Loudoun County,1684,Northern Virginia,school,139,360,Willard Middle,8.2541567695962,NA,NA,NA,NA,NA,NA,NA,NA,NA
2024-2025,Loudoun County,1573,Northern Virginia,school,192,590,Woodgrove High,12.205975842339479,NA,NA,NA,NA,NA,NA,NA,NA,NA
2024-2025,Louisa County,647,Valley,school,291,660,Jouett Elementary,44.97681607418856,NA,NA,NA,NA,NA,NA,NA,NA,NA
2024-2025,Louisa County,1601,Valley,school,727,602,Louisa County High,45.409119300437226,NA,NA,NA,NA,NA,NA,NA,NA,NA
2024-2025,Louisa County,1231,Valley,school,555,601,Louisa County Middle,45.08529650690495,NA,NA,NA,NA,NA,NA,NA,NA,NA
2024-2025,Louisa County,637,Valley,school,241,80,Moss-Nuckols Elementary,37.83359497645212,NA,NA,NA,NA,NA,NA,NA,NA,NA
2024-2025,Louisa County,672,Valley,school,328,610,Thomas Jefferson Elementary,48.80952380952381,NA,NA,NA,NA,NA,NA,NA,NA,NA
2024-2025,Louisa County,546,Valley,school,264,641,Trevilians Elementary,48.35164835164835,NA,NA,NA,NA,NA,NA,NA,NA,NA
2024-2025,Lunenburg County,464,Southside,school,244,560,Central High,52.58620689655172,NA,NA,NA,NA,NA,NA,NA,NA,NA
2024-2025,Lunenburg County,372,Southside,school,223,240,Kenbridge Elementary,59.946236559139784,NA,NA,NA,NA,NA,NA,NA,NA,NA
2024-2025,Lunenburg County,341,Southside,school,187,171,Lunenburg Middle,54.83870967741935,NA,NA,NA,NA,NA,NA,NA,NA,NA
2024-2025,Lunenburg County,400,Southside,school,267,140,Victoria Elementary,66.75,NA,NA,NA,NA,NA,NA,NA,NA,NA
2024-2025,Lynchburg City,403,Valley,school,225,290,Bedford Hills Elementary,55.831265508684865,NA,NA,NA,NA,NA,NA,NA,NA,NA
2024-2025,Lynchburg City,181,Valley,school,146,70,Dearington Elementary/Innovation,80.66298342541437,NA,NA,NA,NA,NA,NA,NA,NA,NA
2024-2025,Lynchburg City,1220,Valley,school,673,260,E.C. Glass High,55.16393442622951,NA,NA,NA,NA,NA,NA,NA,NA,NA
2024-2025,Lynchburg City,456,Valley,school,310,1102,Heritage Elementary,67.98245614035088,NA,NA,NA,NA,NA,NA,NA,NA,NA
2024-2025,Lynchburg City,1113,Valley,school,753,130,Heritage High,67.65498652291106,NA,NA,NA,NA,NA,NA,NA,NA,NA
2024-2025,Lynchburg City,381,Valley,school,303,360,Linkhorne Elementary,79.52755905511812,NA,NA,NA,NA,NA,NA,NA,NA,NA
2024-2025,Lynchburg City,519,Valley,school,330,350,Linkhorne Middle,63.58381502890174,NA,NA,NA,NA,NA,NA,NA,NA,NA
2024-2025,Lynchburg City,531,Valley,school,327,170,Paul Laurence Dunbar Middle for Innovation,61.5819209039548,NA,NA,NA,NA,NA,NA,NA,NA,NA
2024-2025,Lynchburg City,357,Valley,school,165,330,Paul Munro Elementary,46.21848739495798,NA,NA,NA,NA,NA,NA,NA,NA,NA
2024-2025,Lynchburg City,388,Valley,school,284,270,Perrymont Elementary,73.19587628865979,NA,NA,NA,NA,NA,NA,NA,NA,NA
2024-2025,Lynchburg City,438,Valley,school,347,190,Robert S. Payne Elementary,79.22374429223744,NA,NA,NA,NA,NA,NA,NA,NA,NA
2024-2025,Lynchburg City,322,Valley,school,209,370,Sandusky Elementary,64.90683229813664,NA,NA,NA,NA,NA,NA,NA,NA,NA
2024-2025,Lynchburg City,583,Valley,school,457,340,Sandusky Middle,78.3876500857633,NA,NA,NA,NA,NA,NA,NA,NA,NA
2024-2025,Lynchburg City,449,Valley,school,333,300,Sheffield Elementary,74.16481069042317,NA,NA,NA,NA,NA,NA,NA,NA,NA
2024-2025,Lynchburg City,168,Valley,school,117,90,T.C. Miller Elementary School for Innovation,69.64285714285714,NA,NA,NA,NA,NA,NA,NA,NA,NA
2024-2025,Lynchburg City,194,Valley,school,127,250,William M. Bass Elementary,65.4639175257732,NA,NA,NA,NA,NA,NA,NA,NA,NA
2024-2025,Madison County,530,Northern Virginia,school,173,221,Madison County High,32.64150943396226,NA,NA,NA,NA,NA,NA,NA,NA,NA
2024-2025,Madison County,366,Northern Virginia,school,152,230,Madison Primary,41.53005464480874,NA,NA,NA,NA,NA,NA,NA,NA,NA
2024-2025,Madison County,334,Northern Virginia,school,134,200,Waverly Yowell Elementary,40.119760479041915,NA,NA,NA,NA,NA,NA,NA,NA,NA
2024-2025,Madison County,356,Northern Virginia,school,130,222,William H. Wetsel Middle,36.51685393258427,NA,NA,NA,NA,NA,NA,NA,NA,NA
2024-2025,Manassas City,692,Northern Virginia,school,332,470,Baldwin Elementary,47.97687861271676,NA,NA,NA,NA,NA,NA,NA,NA,NA
2024-2025,Manassas City,260,Northern Virginia,school,134,471,Baldwin Intermediate,51.53846153846153,NA,NA,NA,NA,NA,NA,NA,NA,NA
2024-2025,Manassas City,584,Northern Virginia,school,251,60,George Carr Round Elementary,42.97945205479452,NA,NA,NA,NA,NA,NA,NA,NA,NA
2024-2025,Manassas City,1111,Northern Virginia,school,502,70,Grace E. Metz Middle,45.184518451845186,NA,NA,NA,NA,NA,NA,NA,NA,NA
2024-2025,Manassas City,649,Northern Virginia,school,305,310,Jennie Dean Elementary,46.99537750385208,NA,NA,NA,NA,NA,NA,NA,NA,NA
2024-2025,Manassas City,840,Northern Virginia,school,363,80,Mayfield Intermediate,43.214285714285715,NA,NA,NA,NA,NA,NA,NA,NA,NA
2024-2025,Manassas City,2302,Northern Virginia,school,921,370,Osbourn High,40.00868809730669,NA,NA,NA,NA,NA,NA,NA,NA,NA
2024-2025,Manassas City,610,Northern Virginia,school,267,20,Richard C. Haydon Elementary,43.77049180327869,NA,NA,NA,NA,NA,NA,NA,NA,NA
2024-2025,Manassas City,615,Northern Virginia,school,274,10,Weems Elementary,44.552845528455286,NA,NA,NA,NA,NA,NA,NA,NA,NA
2024-2025,Manassas Park City,857,Northern Virginia,school,500,522,Cougar Elementary,58.343057176196034,NA,NA,NA,NA,NA,NA,NA,NA,NA
2024-2025,Manassas Park City,712,Northern Virginia,school,397,420,Manassas Park Elementary,55.75842696629213,NA,NA,NA,NA,NA,NA,NA,NA,NA
2024-2025,Manassas Park City,1071,Northern Virginia,school,552,30,Manassas Park High,51.540616246498594,NA,NA,NA,NA,NA,NA,NA,NA,NA
2024-2025,Manassas Park City,753,Northern Virginia,school,414,31,Manassas Park Middle,54.980079681274894,NA,NA,NA,NA,NA,NA,NA,NA,NA
2024-2025,Martinsville City,399,Western Virginia,school,294,222,Albert Harris Elementary,73.68421052631578,NA,NA,NA,NA,NA,NA,NA,NA,NA
2024-2025,Martinsville City,110,Western Virginia,school,62,224,Clearview Early Learning Center,56.36363636363636,NA,NA,NA,NA,NA,NA,NA,NA,NA
2024-2025,Martinsville City,540,Western Virginia,school,364,110,Martinsville High,67.4074074074074,NA,NA,NA,NA,NA,NA,NA,NA,NA
2024-2025,Martinsville City,387,Western Virginia,school,281,10,Martinsville Middle,72.60981912144703,NA,NA,NA,NA,NA,NA,NA,NA,NA
2024-2025,Martinsville City,357,Western Virginia,school,251,223,Patrick Henry Elementary,70.30812324929971,NA,NA,NA,NA,NA,NA,NA,NA,NA
2024-2025,Mathews County,281,Northern Neck,school,131,291,Mathews Elementary,46.619217081850536,NA,NA,NA,NA,NA,NA,NA,NA,NA
2024-2025,Mathews County,334,Northern Neck,school,115,190,Mathews High,34.4311377245509,NA,NA,NA,NA,NA,NA,NA,NA,NA
2024-2025,Mathews County,176,Northern Neck,school,80,100,Thomas Hunter Middle,45.45454545454545,NA,NA,NA,NA,NA,NA,NA,NA,NA
2024-2025,Mecklenburg County,396,Southside,school,270,910,Chase City Elementary,68.18181818181817,NA,NA,NA,NA,NA,NA,NA,NA,NA
2024-2025,Mecklenburg County,432,Southside,school,204,1000,Clarksville Elementary,47.22222222222222,NA,NA,NA,NA,NA,NA,NA,NA,NA
2024-2025,Mecklenburg County,353,Southside,school,185,1020,LaCrosse Elementary,52.40793201133145,NA,NA,NA,NA,NA,NA,NA,NA,NA
2024-2025,Mecklenburg County,1140,Southside,school,549,1041,Mecklenburg County High,48.1578947368421,NA,NA,NA,NA,NA,NA,NA,NA,NA
2024-2025,Mecklenburg County,819,Southside,school,459,1040,Mecklenburg County Middle,56.043956043956044,NA,NA,NA,NA,NA,NA,NA,NA,NA
2024-2025,Mecklenburg County,767,Southside,school,420,190,South Hill Elementary,54.758800521512384,NA,NA,NA,NA,NA,NA,NA,NA,NA
2024-2025,Middlesex County,620,Northern Neck,school,391,291,Middlesex Elementary,63.064516129032256,NA,NA,NA,NA,NA,NA,NA,NA,NA
2024-2025,Middlesex County,370,Northern Neck,school,231,90,Middlesex High,62.43243243243243,NA,NA,NA,NA,NA,NA,NA,NA,NA
2024-2025,Middlesex County,259,Northern Neck,school,172,140,St. Clare Walker Middle,66.40926640926641,NA,NA,NA,NA,NA,NA,NA,NA,NA
2024-2025,Montgomery County,544,Western Virginia,school,254,902,Auburn Elementary,46.69117647058824,NA,NA,NA,NA,NA,NA,NA,NA,NA
2024-2025,Montgomery County,393,Western Virginia,school,159,650,Auburn High,40.458015267175576,NA,NA,NA,NA,NA,NA,NA,NA,NA
2024-2025,Montgomery County,309,Western Virginia,school,131,903,Auburn Middle,42.394822006472495,NA,NA,NA,NA,NA,NA,NA,NA,NA
2024-2025,Montgomery County,245,Western Virginia,school,139,700,Belview Elementary,56.734693877551024,NA,NA,NA,NA,NA,NA,NA,NA,NA
2024-2025,Montgomery County,1342,Western Virginia,school,294,760,Blacksburg High,21.90760059612519,NA,NA,NA,NA,NA,NA,NA,NA,NA
2024-2025,Montgomery County,961,Western Virginia,school,241,710,Blacksburg Middle,25.078043704474506,NA,NA,NA,NA,NA,NA,NA,NA,NA
2024-2025,Montgomery County,401,Western Virginia,school,162,740,Christiansburg Elementary,40.399002493765586,NA,NA,NA,NA,NA,NA,NA,NA,NA
2024-2025,Montgomery County,1073,Western Virginia,school,398,770,Christiansburg High,37.09226467847158,NA,NA,NA,NA,NA,NA,NA,NA,NA
2024-2025,Montgomery County,780,Western Virginia,school,293,671,Christiansburg Middle,37.56410256410256,NA,NA,NA,NA,NA,NA,NA,NA,NA
2024-2025,Montgomery County,346,Western Virginia,school,165,780,Christiansburg Primary,47.687861271676304,NA,NA,NA,NA,NA,NA,NA,NA,NA
2024-2025,Montgomery County,376,Western Virginia,school,238,30,Eastern Montgomery Elementary,63.297872340425535,NA,NA,NA,NA,NA,NA,NA,NA,NA
2024-2025,Montgomery County,254,Western Virginia,school,135,904,Eastern Montgomery High,53.14960629921261,NA,NA,NA,NA,NA,NA,NA,NA,NA
2024-2025,Montgomery County,535,Western Virginia,school,258,600,Falling Branch Elementary,48.22429906542056,NA,NA,NA,NA,NA,NA,NA,NA,NA
2024-2025,Montgomery County,292,Western Virginia,school,77,750,Gilbert Linkous Elementary,26.36986301369863,NA,NA,NA,NA,NA,NA,NA,NA,NA
2024-2025,Montgomery County,279,Western Virginia,school,64,10,Harding Avenue Elementary,22.939068100358423,NA,NA,NA,NA,NA,NA,NA,NA,NA
2024-2025,Montgomery County,358,Western Virginia,school,76,901,Kipps Elementary,21.22905027932961,NA,NA,NA,NA,NA,NA,NA,NA,NA
2024-2025,Montgomery County,346,Western Virginia,school,131,730,Margaret Beeks Elementary,37.861271676300575,NA,NA,NA,NA,NA,NA,NA,NA,NA
2024-2025,Montgomery County,457,Western Virginia,school,218,210,Prices Fork Elementary,47.70240700218819,NA,NA,NA,NA,NA,NA,NA,NA,NA
2024-2025,Montgomery County,193,Western Virginia,school,127,290,Shawsville Middle,65.80310880829016,NA,NA,NA,NA,NA,NA,NA,NA,NA
2024-2025,Nelson County,486,Valley,school,226,710,Nelson County High,46.502057613168724,NA,NA,NA,NA,NA,NA,NA,NA,NA
2024-2025,Nelson County,329,Valley,school,166,730,Nelson Middle,50.455927051671736,NA,NA,NA,NA,NA,NA,NA,NA,NA
2024-2025,Nelson County,318,Valley,school,177,10,Rockfish River Elementary,55.660377358490564,NA,NA,NA,NA,NA,NA,NA,NA,NA
2024-2025,Nelson County,360,Valley,school,208,20,Tye River Elementary,57.77777777777777,NA,NA,NA,NA,NA,NA,NA,NA,NA
2024-2025,New Kent County,510,Central Virginia,school,143,180,George W. Watkins Elementary,28.03921568627451,NA,NA,NA,NA,NA,NA,NA,NA,NA
2024-2025,New Kent County,601,Central Virginia,school,188,10,New Kent Elementary,31.281198003327788,NA,NA,NA,NA,NA,NA,NA,NA,NA
2024-2025,New Kent County,1073,Central Virginia,school,269,20,New Kent High,25.06989748369059,NA,NA,NA,NA,NA,NA,NA,NA,NA
2024-2025,New Kent County,829,Central Virginia,school,235,100,New Kent Middle,28.347406513872137,NA,NA,NA,NA,NA,NA,NA,NA,NA
2024-2025,New Kent County,559,Central Virginia,school,185,300,Quinton Elementary,33.09481216457961,NA,NA,NA,NA,NA,NA,NA,NA,NA
2024-2025,Newport News City,641,Tidewater,school,512,1404,Achievable Dream Academy,79.87519500780031,NA,NA,NA,NA,NA,NA,NA,NA,NA
2024-2025,Newport News City,498,Tidewater,school,319,1405,Achievable Dream Middle/High,64.05622489959839,NA,NA,NA,NA,NA,NA,NA,NA,NA
2024-2025,Newport News City,388,Tidewater,school,183,1250,B.C. Charles Elementary,47.16494845360825,NA,NA,NA,NA,NA,NA,NA,NA,NA
2024-2025,Newport News City,414,Tidewater,school,168,110,B.T. Washington Middle,40.57971014492754,NA,NA,NA,NA,NA,NA,NA,NA,NA
2024-2025,Newport News City,637,Tidewater,school,452,1170,Carver Elementary,70.95761381475667,NA,NA,NA,NA,NA,NA,NA,NA,NA
2024-2025,Newport News City,785,Tidewater,school,553,1393,Crittenden Middle,70.44585987261146,NA,NA,NA,NA,NA,NA,NA,NA,NA
2024-2025,Newport News City,341,Tidewater,school,181,50,David A. Dutrow Elementary,53.0791788856305,NA,NA,NA,NA,NA,NA,NA,NA,NA
2024-2025,Newport News City,437,Tidewater,school,194,1398,Deer Park Elementary,44.39359267734554,NA,NA,NA,NA,NA,NA,NA,NA,NA
2024-2025,Newport News City,397,Tidewater,school,227,1402,Denbigh Early Childhood Center,57.17884130982368,NA,NA,NA,NA,NA,NA,NA,NA,NA
2024-2025,Newport News City,1270,Tidewater,school,748,280,Denbigh High,58.89763779527559,NA,NA,NA,NA,NA,NA,NA,NA,NA
2024-2025,Newport News City,562,Tidewater,school,463,130,Discovery STEM Academy,82.38434163701068,NA,NA,NA,NA,NA,NA,NA,NA,NA
2024-2025,Newport News City,994,Tidewater,school,567,20,Ella J. Fitzgerald Middle,57.04225352112676,NA,NA,NA,NA,NA,NA,NA,NA,NA
2024-2025,Newport News City,1089,Tidewater,school,519,1260,Ethel M. Gildersleeve Middle,47.658402203856745,NA,NA,NA,NA,NA,NA,NA,NA,NA
2024-2025,Newport News City,430,Tidewater,school,31,1407,General Stanford Elementary,7.209302325581396,NA,NA,NA,NA,NA,NA,NA,NA,NA
2024-2025,Newport News City,446,Tidewater,school,300,70,George J. McIntosh Elementary,67.2645739910314,NA,NA,NA,NA,NA,NA,NA,NA,NA
2024-2025,Newport News City,1108,Tidewater,school,778,1395,Heritage High,70.21660649819495,NA,NA,NA,NA,NA,NA,NA,NA,NA
2024-2025,Newport News City,477,Tidewater,school,302,1210,Hidenwood Elementary,63.312368972746334,NA,NA,NA,NA,NA,NA,NA,NA,NA
2024-2025,Newport News City,368,Tidewater,school,115,1080,Hilton Elementary,31.25,NA,NA,NA,NA,NA,NA,NA,NA,NA
2024-2025,Newport News City,848,Tidewater,school,550,1270,Homer L. Hines Middle,64.85849056603774,NA,NA,NA,NA,NA,NA,NA,NA,NA
2024-2025,Newport News City,293,Tidewater,school,257,91,Huntington Middle,87.71331058020478,NA,NA,NA,NA,NA,NA,NA,NA,NA
2024-2025,Newport News City,213,Tidewater,school,164,1411,John Marshall Early Childhood Center,76.99530516431925,NA,NA,NA,NA,NA,NA,NA,NA,NA
2024-2025,Newport News City,664,Tidewater,school,416,300,Joseph H. Saunders Elementary,62.65060240963856,NA,NA,NA,NA,NA,NA,NA,NA,NA
2024-2025,Newport News City,554,Tidewater,school,339,1180,Katherine Johnson Elementary,61.191335740072205,NA,NA,NA,NA,NA,NA,NA,NA,NA
2024-2025,Newport News City,553,Tidewater,school,301,1290,Kiln Creek Elementary,54.43037974683544,NA,NA,NA,NA,NA,NA,NA,NA,NA
2024-2025,Newport News City,460,Tidewater,school,216,310,Knollwood Meadows Elementary,46.95652173913044,NA,NA,NA,NA,NA,NA,NA,NA,NA
2024-2025,Newport News City,465,Tidewater,school,335,200,L.F. Palmer Elementary,72.04301075268818,NA,NA,NA,NA,NA,NA,NA,NA,NA
2024-2025,Newport News City,933,Tidewater,school,498,1400,Mary Passage Middle,53.37620578778135,NA,NA,NA,NA,NA,NA,NA,NA,NA
2024-2025,Newport News City,1709,Tidewater,school,741,1220,Menchville High,43.358689291983616,NA,NA,NA,NA,NA,NA,NA,NA,NA
2024-2025,Newport News City,386,Tidewater,school,325,1120,Newsome Park Elementary,84.19689119170984,NA,NA,NA,NA,NA,NA,NA,NA,NA
2024-2025,Newport News City,549,Tidewater,school,350,150,Oliver C. Greenwood Elementary,63.752276867030965,NA,NA,NA,NA,NA,NA,NA,NA,NA
2024-2025,Newport News City,449,Tidewater,school,224,270,Richard T. Yates Elementary,49.88864142538976,NA,NA,NA,NA,NA,NA,NA,NA,NA
2024-2025,Newport News City,503,Tidewater,school,259,1230,Richneck Elementary,51.491053677932406,NA,NA,NA,NA,NA,NA,NA,NA,NA
2024-2025,Newport News City,506,Tidewater,school,289,1150,Riverside Elementary,57.11462450592886,NA,NA,NA,NA,NA,NA,NA,NA,NA
2024-2025,Newport News City,425,Tidewater,school,282,250,Sedgefield Elementary,66.3529411764706,NA,NA,NA,NA,NA,NA,NA,NA,NA
2024-2025,Newport News City,454,Tidewater,school,317,1240,Stoney Run Elementary,69.8237885462555,NA,NA,NA,NA,NA,NA,NA,NA,NA
2024-2025,Newport News City,499,Tidewater,school,291,290,T. Ryland Sanford Elementary,58.31663326653307,NA,NA,NA,NA,NA,NA,NA,NA,NA
2024-2025,Newport News City,1625,Tidewater,school,953,1070,Warwick High,58.64615384615385,NA,NA,NA,NA,NA,NA,NA,NA,NA
2024-2025,Newport News City,326,Tidewater,school,186,1410,Watkins Early Childhood Center,57.05521472392638,NA,NA,NA,NA,NA,NA,NA,NA,NA
2024-2025,Newport News City,509,Tidewater,school,359,320,Willis A. Jenkins Elementary,70.53045186640472,NA,NA,NA,NA,NA,NA,NA,NA,NA
2024-2025,Newport News City,1728,Tidewater,school,712,1396,Woodside High,41.2037037037037,NA,NA,NA,NA,NA,NA,NA,NA,NA
2024-2025,Norfolk City,739,Tidewater,school,194,185,Academy for Discovery at Lakewood,26.251691474966172,NA,NA,NA,NA,NA,NA,NA,NA,NA
2024-2025,Norfolk City,792,Tidewater,school,462,760,Azalea Gardens Middle,58.333333333333336,NA,NA,NA,NA,NA,NA,NA,NA,NA
2024-2025,Norfolk City,500,Tidewater,school,267,250,Bay View Elementary,53.400000000000006,NA,NA,NA,NA,NA,NA,NA,NA,NA
2024-2025,Norfolk City,165,Tidewater,school,101,510,Berkley/Campostella Early Childhood Education Center,61.212121212121204,NA,NA,NA,NA,NA,NA,NA,NA,NA
2024-2025,Norfolk City,1141,Tidewater,school,668,20,Blair Middle,58.54513584574934,NA,NA,NA,NA,NA,NA,NA,NA,NA
2024-2025,Norfolk City,904,Tidewater,school,623,880,Booker T Washington High,68.91592920353983,NA,NA,NA,NA,NA,NA,NA,NA,NA
2024-2025,Norfolk City,405,Tidewater,school,169,40,Camp Allen Elementary,41.7283950617284,NA,NA,NA,NA,NA,NA,NA,NA,NA
2024-2025,Norfolk City,325,Tidewater,school,264,220,Chesterfield Elementary,81.23076923076923,NA,NA,NA,NA,NA,NA,NA,NA,NA
2024-2025,Norfolk City,551,Tidewater,school,344,550,Coleman Place Elementary,62.43194192377496,NA,NA,NA,NA,NA,NA,NA,NA,NA
2024-2025,Norfolk City,790,Tidewater,school,496,560,Crossroads PreK-8 School,62.78481012658228,NA,NA,NA,NA,NA,NA,NA,NA,NA
2024-2025,Norfolk City,123,Tidewater,school,70,740,Easton Preschool at Fairlawn,56.91056910569105,NA,NA,NA,NA,NA,NA,NA,NA,NA
2024-2025,Norfolk City,501,Tidewater,school,154,90,Ghent K-8,30.738522954091817,NA,NA,NA,NA,NA,NA,NA,NA,NA
2024-2025,Norfolk City,464,Tidewater,school,295,420,Granby Elementary,63.577586206896555,NA,NA,NA,NA,NA,NA,NA,NA,NA
2024-2025,Norfolk City,1980,Tidewater,school,NA,390,Granby High,NA,NA,NA,NA,NA,NA,NA,NA,NA,NA
2024-2025,Norfolk City,574,Tidewater,school,445,610,Ingleside Elementary,77.52613240418118,NA,NA,NA,NA,NA,NA,NA,NA,NA
2024-2025,Norfolk City,596,Tidewater,school,506,430,Jacox Elementary,84.8993288590604,NA,NA,NA,NA,NA,NA,NA,NA,NA
2024-2025,Norfolk City,299,Tidewater,school,209,131,James Monroe Elementary,69.89966555183946,NA,NA,NA,NA,NA,NA,NA,NA,NA
2024-2025,Norfolk City,664,Tidewater,school,432,790,Lake Taylor,65.06024096385542,NA,NA,NA,NA,NA,NA,NA,NA,NA
2024-2025,Norfolk City,1107,Tidewater,school,766,840,Lake Taylor High,69.19602529358627,NA,NA,NA,NA,NA,NA,NA,NA,NA
2024-2025,Norfolk City,455,Tidewater,school,149,210,Larchmont Elementary,32.747252747252745,NA,NA,NA,NA,NA,NA,NA,NA,NA
2024-2025,Norfolk City,584,Tidewater,school,326,670,Larrymore Elementary,55.821917808219176,NA,NA,NA,NA,NA,NA,NA,NA,NA
2024-2025,Norfolk City,243,Tidewater,school,168,520,Lindenwood Elementary,69.1358024691358,NA,NA,NA,NA,NA,NA,NA,NA,NA
2024-2025,Norfolk City,583,Tidewater,school,334,682,Little Creek Elementary,57.289879931389365,NA,NA,NA,NA,NA,NA,NA,NA,NA
2024-2025,Norfolk City,404,Tidewater,school,189,460,Mary Calcott Elementary,46.78217821782179,NA,NA,NA,NA,NA,NA,NA,NA,NA
2024-2025,Norfolk City,1713,Tidewater,school,825,10,Matthew Fontaine Maury High,48.161120840630474,NA,NA,NA,NA,NA,NA,NA,NA,NA
2024-2025,Norfolk City,732,Tidewater,school,435,490,Northside Middle,59.42622950819673,NA,NA,NA,NA,NA,NA,NA,NA,NA
2024-2025,Norfolk City,412,Tidewater,school,282,620,Norview Elementary,68.44660194174757,NA,NA,NA,NA,NA,NA,NA,NA,NA
2024-2025,Norfolk City,1585,Tidewater,school,882,580,Norview High,55.64668769716088,NA,NA,NA,NA,NA,NA,NA,NA,NA
2024-2025,Norfolk City,1196,Tidewater,school,802,570,Norview Middle,67.05685618729098,NA,NA,NA,NA,NA,NA,NA,NA,NA
2024-2025,Norfolk City,512,Tidewater,school,236,190,Ocean View Elementary,46.09375,NA,NA,NA,NA,NA,NA,NA,NA,NA
2024-2025,Norfolk City,400,Tidewater,school,307,630,Oceanair Elementary,76.75,NA,NA,NA,NA,NA,NA,NA,NA,NA
2024-2025,Norfolk City,241,Tidewater,school,195,530,P.B. Young Sr. Elementary,80.91286307053942,NA,NA,NA,NA,NA,NA,NA,NA,NA
2024-2025,Norfolk City,492,Tidewater,school,376,480,Richard Bowling Elementary,76.42276422764228,NA,NA,NA,NA,NA,NA,NA,NA,NA
2024-2025,Norfolk City,576,Tidewater,school,504,30,Ruffner School,87.5,NA,NA,NA,NA,NA,NA,NA,NA,NA
2024-2025,Norfolk City,495,Tidewater,school,100,850,Sewells Point Elementary,20.2020202020202,NA,NA,NA,NA,NA,NA,NA,NA,NA
2024-2025,Norfolk City,406,Tidewater,school,229,650,Sherwood Forest Elementary,56.40394088669951,NA,NA,NA,NA,NA,NA,NA,NA,NA
2024-2025,Norfolk City,686,Tidewater,school,598,770,Southside STEM Academy at Campostella,87.17201166180757,NA,NA,NA,NA,NA,NA,NA,NA,NA
2024-2025,Norfolk City,229,Tidewater,school,179,820,St. Helena Elementary,78.16593886462883,NA,NA,NA,NA,NA,NA,NA,NA,NA
2024-2025,Norfolk City,415,Tidewater,school,283,500,Suburban Park Elementary,68.19277108433735,NA,NA,NA,NA,NA,NA,NA,NA,NA
2024-2025,Norfolk City,517,Tidewater,school,352,100,Tanners Creek Elementary,68.08510638297872,NA,NA,NA,NA,NA,NA,NA,NA,NA
2024-2025,Norfolk City,286,Tidewater,school,55,800,Tarrallton Elementary,19.230769230769234,NA,NA,NA,NA,NA,NA,NA,NA,NA
2024-2025,Norfolk City,403,Tidewater,school,169,150,Walter Herron Taylor Elementary,41.935483870967744,NA,NA,NA,NA,NA,NA,NA,NA,NA
2024-2025,Norfolk City,441,Tidewater,school,267,471,Willard Elementary,60.544217687074834,NA,NA,NA,NA,NA,NA,NA,NA,NA
2024-2025,Norfolk City,181,Tidewater,school,70,860,Willoughby Early Childhood Center,38.67403314917127,NA,NA,NA,NA,NA,NA,NA,NA,NA
2024-2025,Northampton County,300,Tidewater,school,213,452,Kiptopeke Elementary,71,NA,NA,NA,NA,NA,NA,NA,NA,NA
2024-2025,Northampton County,401,Tidewater,school,244,350,Northampton High,60.84788029925187,NA,NA,NA,NA,NA,NA,NA,NA,NA
2024-2025,Northampton County,214,Tidewater,school,141,360,Northampton Middle,65.88785046728972,NA,NA,NA,NA,NA,NA,NA,NA,NA
2024-2025,Northampton County,385,Tidewater,school,269,451,Occohannock Elementary,69.87012987012987,NA,NA,NA,NA,NA,NA,NA,NA,NA
2024-2025,Northumberland County,503,Northern Neck,school,283,331,Northumberland Elementary,56.2624254473161,NA,NA,NA,NA,NA,NA,NA,NA,NA
2024-2025,Northumberland County,380,Northern Neck,school,207,40,Northumberland High,54.473684210526315,NA,NA,NA,NA,NA,NA,NA,NA,NA
2024-2025,Northumberland County,279,Northern Neck,school,148,210,Northumberland Middle,53.04659498207885,NA,NA,NA,NA,NA,NA,NA,NA,NA
2024-2025,Norton City,328,Southwest,school,187,20,J.I. Burton High,57.012195121951216,NA,NA,NA,NA,NA,NA,NA,NA,NA
2024-2025,Norton City,527,Southwest,school,285,40,Norton Elementary,54.079696394686906,NA,NA,NA,NA,NA,NA,NA,NA,NA
2024-2025,Nottoway County,371,Southside,school,280,340,Blackstone Primary,75.47169811320755,NA,NA,NA,NA,NA,NA,NA,NA,NA
2024-2025,Nottoway County,370,Southside,school,266,330,Crewe Primary,71.89189189189189,NA,NA,NA,NA,NA,NA,NA,NA,NA
2024-2025,Nottoway County,511,Southside,school,360,301,Nottoway High,70.45009784735812,NA,NA,NA,NA,NA,NA,NA,NA,NA
2024-2025,Nottoway County,272,Southside,school,217,300,Nottoway Intermediate,79.77941176470588,NA,NA,NA,NA,NA,NA,NA,NA,NA
2024-2025,Nottoway County,269,Southside,school,203,302,Nottoway Middle,75.46468401486989,NA,NA,NA,NA,NA,NA,NA,NA,NA
2024-2025,Orange County,326,Northern Virginia,school,178,360,Gordon-Barbour Elementary,54.601226993865026,NA,NA,NA,NA,NA,NA,NA,NA,NA
2024-2025,Orange County,224,Northern Virginia,school,106,70,Lightfoot Elementary,47.32142857142857,NA,NA,NA,NA,NA,NA,NA,NA,NA
2024-2025,Orange County,519,Northern Virginia,school,191,50,Locust Grove Elementary,36.80154142581888,NA,NA,NA,NA,NA,NA,NA,NA,NA
2024-2025,Orange County,686,Northern Virginia,school,269,471,Locust Grove Middle,39.2128279883382,NA,NA,NA,NA,NA,NA,NA,NA,NA
2024-2025,Orange County,500,Northern Virginia,school,146,51,Locust Grove Primary,29.2,NA,NA,NA,NA,NA,NA,NA,NA,NA
2024-2025,Orange County,1482,Northern Virginia,school,663,330,Orange County High,44.73684210526316,NA,NA,NA,NA,NA,NA,NA,NA,NA
2024-2025,Orange County,621,Northern Virginia,school,331,370,Orange Elementary,53.3011272141707,NA,NA,NA,NA,NA,NA,NA,NA,NA
2024-2025,Orange County,466,Northern Virginia,school,239,340,Prospect Heights Middle,51.28755364806867,NA,NA,NA,NA,NA,NA,NA,NA,NA
2024-2025,Orange County,256,Northern Virginia,school,97,350,Unionville Elementary,37.890625,NA,NA,NA,NA,NA,NA,NA,NA,NA
2024-2025,Page County,474,Northern Virginia,school,224,350,Luray Elementary,47.257383966244724,NA,NA,NA,NA,NA,NA,NA,NA,NA
2024-2025,Page County,453,Northern Virginia,school,196,110,Luray High,43.26710816777042,NA,NA,NA,NA,NA,NA,NA,NA,NA
2024-2025,Page County,315,Northern Virginia,school,157,400,Luray Middle,49.84126984126984,NA,NA,NA,NA,NA,NA,NA,NA,NA
2024-2025,Page County,473,Northern Virginia,school,203,380,Page County High,42.917547568710354,NA,NA,NA,NA,NA,NA,NA,NA,NA
2024-2025,Page County,318,Northern Virginia,school,153,390,Page County Middle,48.113207547169814,NA,NA,NA,NA,NA,NA,NA,NA,NA
2024-2025,Page County,351,Northern Virginia,school,181,310,Shenandoah Elementary,51.566951566951566,NA,NA,NA,NA,NA,NA,NA,NA,NA
2024-2025,Page County,208,Northern Virginia,school,89,50,Springfield Elementary,42.78846153846153,NA,NA,NA,NA,NA,NA,NA,NA,NA
2024-2025,Page County,337,Northern Virginia,school,172,210,Stanley Elementary,51.038575667655785,NA,NA,NA,NA,NA,NA,NA,NA,NA
2024-2025,Patrick County,223,Western Virginia,school,139,440,Blue Ridge Elementary,62.33183856502242,NA,NA,NA,NA,NA,NA,NA,NA,NA
2024-2025,Patrick County,203,Western Virginia,school,129,350,Hardin Reynolds Memorial School,63.54679802955665,NA,NA,NA,NA,NA,NA,NA,NA,NA
2024-2025,Patrick County,300,Western Virginia,school,130,150,Meadows of Dan Elementary,43.333333333333336,NA,NA,NA,NA,NA,NA,NA,NA,NA
2024-2025,Patrick County,797,Western Virginia,school,382,700,Patrick County High,47.9297365119197,NA,NA,NA,NA,NA,NA,NA,NA,NA
2024-2025,Patrick County,241,Western Virginia,school,149,680,Patrick Springs Primary,61.82572614107884,NA,NA,NA,NA,NA,NA,NA,NA,NA
2024-2025,Patrick County,361,Western Virginia,school,173,320,Stuart Elementary,47.92243767313019,NA,NA,NA,NA,NA,NA,NA,NA,NA
2024-2025,Patrick County,153,Western Virginia,school,70,80,Woolwine Elementary,45.751633986928105,NA,NA,NA,NA,NA,NA,NA,NA,NA
2024-2025,Petersburg City,540,Central Virginia,school,390,110,Cool Spring Elementary,72.22222222222221,NA,NA,NA,NA,NA,NA,NA,NA,NA
2024-2025,Petersburg City,393,Central Virginia,school,307,170,Lakemont Elementary,78.11704834605598,NA,NA,NA,NA,NA,NA,NA,NA,NA
2024-2025,Petersburg City,1215,Central Virginia,school,969,200,Petersburg High,79.75308641975309,NA,NA,NA,NA,NA,NA,NA,NA,NA
2024-2025,Petersburg City,493,Central Virginia,school,346,180,Pleasants Lane Elementary,70.18255578093306,NA,NA,NA,NA,NA,NA,NA,NA,NA
2024-2025,Petersburg City,949,Central Virginia,school,728,121,Vernon Johns Middle,76.71232876712328,NA,NA,NA,NA,NA,NA,NA,NA,NA
2024-2025,Petersburg City,574,Central Virginia,school,398,130,Walnut Hill Elementary,69.33797909407666,NA,NA,NA,NA,NA,NA,NA,NA,NA
2024-2025,Petersburg City,418,Central Virginia,school,41,160,Westview Early Childhood Education Center,9.808612440191387,NA,NA,NA,NA,NA,NA,NA,NA,NA
2024-2025,Pittsylvania County,219,Western Virginia,school,54,1853,Brosville Elementary,24.65753424657534,NA,NA,NA,NA,NA,NA,NA,NA,NA
2024-2025,Pittsylvania County,236,Western Virginia,school,54,640,Chatham Elementary,22.88135593220339,NA,NA,NA,NA,NA,NA,NA,NA,NA
2024-2025,Pittsylvania County,609,Western Virginia,school,262,1720,Chatham High,43.02134646962233,NA,NA,NA,NA,NA,NA,NA,NA,NA
2024-2025,Pittsylvania County,406,Western Virginia,school,168,1660,Chatham Middle,41.37931034482759,NA,NA,NA,NA,NA,NA,NA,NA,NA
2024-2025,Pittsylvania County,583,Western Virginia,school,258,1680,Dan River High,44.25385934819897,NA,NA,NA,NA,NA,NA,NA,NA,NA
2024-2025,Pittsylvania County,439,Western Virginia,school,220,1090,Dan River Middle,50.11389521640092,NA,NA,NA,NA,NA,NA,NA,NA,NA
2024-2025,Pittsylvania County,493,Western Virginia,school,131,280,Gretna Elementary,26.57200811359026,NA,NA,NA,NA,NA,NA,NA,NA,NA
2024-2025,Pittsylvania County,507,Western Virginia,school,263,1700,Gretna High,51.87376725838264,NA,NA,NA,NA,NA,NA,NA,NA,NA
2024-2025,Pittsylvania County,385,Western Virginia,school,189,290,Gretna Middle,49.09090909090909,NA,NA,NA,NA,NA,NA,NA,NA,NA
2024-2025,Pittsylvania County,257,Western Virginia,school,80,30,John L. Hurt Elementary,31.1284046692607,NA,NA,NA,NA,NA,NA,NA,NA,NA
2024-2025,Pittsylvania County,478,Western Virginia,school,150,1690,Kentuck Elementary,31.380753138075313,NA,NA,NA,NA,NA,NA,NA,NA,NA
2024-2025,Pittsylvania County,141,Western Virginia,school,31,1750,Mount Airy Elementary,21.98581560283688,NA,NA,NA,NA,NA,NA,NA,NA,NA
2024-2025,Pittsylvania County,428,Western Virginia,school,104,1460,Southside Elementary,24.299065420560748,NA,NA,NA,NA,NA,NA,NA,NA,NA
2024-2025,Pittsylvania County,440,Western Virginia,school,109,1710,Stony Mill Elementary,24.772727272727273,NA,NA,NA,NA,NA,NA,NA,NA,NA
2024-2025,Pittsylvania County,800,Western Virginia,school,326,1730,Tunstall High,40.75,NA,NA,NA,NA,NA,NA,NA,NA,NA
2024-2025,Pittsylvania County,609,Western Virginia,school,242,1130,Tunstall Middle,39.737274220032845,NA,NA,NA,NA,NA,NA,NA,NA,NA
2024-2025,Pittsylvania County,618,Western Virginia,school,131,1851,Twin Springs Elementary,21.197411003236247,NA,NA,NA,NA,NA,NA,NA,NA,NA
2024-2025,Pittsylvania County,183,Western Virginia,school,48,1740,Union Hall Elementary,26.229508196721312,NA,NA,NA,NA,NA,NA,NA,NA,NA
2024-2025,Poquoson City,475,Tidewater,school,139,150,Poquoson Elementary,29.263157894736842,NA,NA,NA,NA,NA,NA,NA,NA,NA
2024-2025,Poquoson City,647,Tidewater,school,140,10,Poquoson High,21.638330757341574,NA,NA,NA,NA,NA,NA,NA,NA,NA
2024-2025,Poquoson City,491,Tidewater,school,114,130,Poquoson Middle,23.217922606924642,NA,NA,NA,NA,NA,NA,NA,NA,NA
2024-2025,Poquoson City,452,Tidewater,school,131,160,Poquoson Primary,28.98230088495575,NA,NA,NA,NA,NA,NA,NA,NA,NA
2024-2025,Portsmouth City,483,Tidewater,school,386,1766,Brighton Elementary,79.91718426501035,NA,NA,NA,NA,NA,NA,NA,NA,NA
2024-2025,Portsmouth City,626,Tidewater,school,442,321,Churchland Academy Elementary,70.6070287539936,NA,NA,NA,NA,NA,NA,NA,NA,NA
2024-2025,Portsmouth City,721,Tidewater,school,350,650,Churchland Elementary,48.54368932038835,NA,NA,NA,NA,NA,NA,NA,NA,NA
2024-2025,Portsmouth City,1455,Tidewater,school,847,500,Churchland High,58.21305841924399,NA,NA,NA,NA,NA,NA,NA,NA,NA
2024-2025,Portsmouth City,798,Tidewater,school,510,320,Churchland Middle,63.90977443609023,NA,NA,NA,NA,NA,NA,NA,NA,NA
2024-2025,Portsmouth City,112,Tidewater,school,69,322,Churchland Preschool Center,61.60714285714286,NA,NA,NA,NA,NA,NA,NA,NA,NA
2024-2025,Portsmouth City,503,Tidewater,school,292,160,Churchland Primary & Intermediate,58.05168986083499,NA,NA,NA,NA,NA,NA,NA,NA,NA
2024-2025,Portsmouth City,616,Tidewater,school,455,1400,Cradock Elementary,73.86363636363636,NA,NA,NA,NA,NA,NA,NA,NA,NA
2024-2025,Portsmouth City,517,Tidewater,school,409,1130,Cradock Middle,79.11025145067698,NA,NA,NA,NA,NA,NA,NA,NA,NA
2024-2025,Portsmouth City,510,Tidewater,school,399,190,Douglass Park Elementary,78.23529411764706,NA,NA,NA,NA,NA,NA,NA,NA,NA
2024-2025,Portsmouth City,466,Tidewater,school,320,1630,Hodges Manor Elementary,68.6695278969957,NA,NA,NA,NA,NA,NA,NA,NA,NA
2024-2025,Portsmouth City,1009,Tidewater,school,786,240,I.C. Norcom High,77.89890981169475,NA,NA,NA,NA,NA,NA,NA,NA,NA
2024-2025,Portsmouth City,439,Tidewater,school,322,1650,Lakeview Elementary,73.34851936218679,NA,NA,NA,NA,NA,NA,NA,NA,NA
2024-2025,Portsmouth City,1149,Tidewater,school,791,1660,Manor High,68.84247171453438,NA,NA,NA,NA,NA,NA,NA,NA,NA
2024-2025,Portsmouth City,208,Tidewater,school,106,1768,Mount Hermon Preschool Center,50.96153846153846,NA,NA,NA,NA,NA,NA,NA,NA,NA
2024-2025,Portsmouth City,171,Tidewater,school,102,1770,Olive Branch Preschool Center,59.64912280701754,NA,NA,NA,NA,NA,NA,NA,NA,NA
2024-2025,Portsmouth City,401,Tidewater,school,288,60,Park View Elementary,71.82044887780549,NA,NA,NA,NA,NA,NA,NA,NA,NA
2024-2025,Portsmouth City,613,Tidewater,school,406,290,Simonsdale Elementary,66.23164763458401,NA,NA,NA,NA,NA,NA,NA,NA,NA
2024-2025,Portsmouth City,586,Tidewater,school,363,1769,Victory Elementary,61.94539249146758,NA,NA,NA,NA,NA,NA,NA,NA,NA
2024-2025,Portsmouth City,576,Tidewater,school,447,230,Waterview Elementary,77.60416666666666,NA,NA,NA,NA,NA,NA,NA,NA,NA
2024-2025,Portsmouth City,402,Tidewater,school,298,210,Westhaven Elementary,74.12935323383084,NA,NA,NA,NA,NA,NA,NA,NA,NA
2024-2025,Portsmouth City,550,Tidewater,school,392,310,William E. Waters Middle,71.27272727272728,NA,NA,NA,NA,NA,NA,NA,NA,NA
2024-2025,Powhatan County,654,Central Virginia,school,167,21,Flat Rock Elementary,25.535168195718654,NA,NA,NA,NA,NA,NA,NA,NA,NA
2024-2025,Powhatan County,668,Central Virginia,school,202,231,Pocahontas Elementary,30.239520958083833,NA,NA,NA,NA,NA,NA,NA,NA,NA
2024-2025,Powhatan County,477,Central Virginia,school,127,13,Powhatan Elementary,26.62473794549266,NA,NA,NA,NA,NA,NA,NA,NA,NA
2024-2025,Powhatan County,1330,Central Virginia,school,287,11,Powhatan High,21.578947368421055,NA,NA,NA,NA,NA,NA,NA,NA,NA
2024-2025,Powhatan County,952,Central Virginia,school,245,130,Powhatan Middle,25.735294117647058,NA,NA,NA,NA,NA,NA,NA,NA,NA
2024-2025,Prince Edward County,502,Southside,school,237,400,Prince Edward County High,47.211155378486055,NA,NA,NA,NA,NA,NA,NA,NA,NA
2024-2025,Prince Edward County,823,Southside,school,170,10,Prince Edward Elementary,20.65613608748481,NA,NA,NA,NA,NA,NA,NA,NA,NA
2024-2025,Prince Edward County,520,Southside,school,281,20,Prince Edward Middle,54.03846153846153,NA,NA,NA,NA,NA,NA,NA,NA,NA
2024-2025,Prince George County,630,Central Virginia,school,392,340,David A. Harrison Elementary,62.22222222222222,NA,NA,NA,NA,NA,NA,NA,NA,NA
2024-2025,Prince George County,1387,Central Virginia,school,765,320,J.E.J. Moore Middle,55.15501081470801,NA,NA,NA,NA,NA,NA,NA,NA,NA
2024-2025,Prince George County,507,Central Virginia,school,326,310,L.L. Beazley Elementary,64.29980276134121,NA,NA,NA,NA,NA,NA,NA,NA,NA
2024-2025,Prince George County,769,Central Virginia,school,460,280,Middle Road Elementary,59.81794538361509,NA,NA,NA,NA,NA,NA,NA,NA,NA
2024-2025,Prince George County,720,Central Virginia,school,435,290,North Elementary,60.416666666666664,NA,NA,NA,NA,NA,NA,NA,NA,NA
2024-2025,Prince George County,1790,Central Virginia,school,877,20,Prince George High,48.99441340782123,NA,NA,NA,NA,NA,NA,NA,NA,NA
2024-2025,Prince George County,418,Central Virginia,school,212,300,South Elementary,50.717703349282296,NA,NA,NA,NA,NA,NA,NA,NA,NA
2024-2025,Prince William County,818,Northern Virginia,school,227,330,A. Henderson Elementary,27.750611246943762,NA,NA,NA,NA,NA,NA,NA,NA,NA
2024-2025,Prince William County,757,Northern Virginia,school,261,760,Antietam Elementary,34.47820343461031,NA,NA,NA,NA,NA,NA,NA,NA,NA
2024-2025,Prince William County,741,Northern Virginia,school,121,200,Ashland Elementary,16.32928475033738,NA,NA,NA,NA,NA,NA,NA,NA,NA
2024-2025,Prince William County,2067,Northern Virginia,school,232,290,Battlefield High,11.223996129656506,NA,NA,NA,NA,NA,NA,NA,NA,NA
2024-2025,Prince William County,393,Northern Virginia,school,201,670,Bel Air Elementary,51.14503816793893,NA,NA,NA,NA,NA,NA,NA,NA,NA
2024-2025,Prince William County,498,Northern Virginia,school,266,600,Belmont Elementary,53.41365461847389,NA,NA,NA,NA,NA,NA,NA,NA,NA
2024-2025,Prince William County,752,Northern Virginia,school,245,840,Bennett Elementary,32.57978723404255,NA,NA,NA,NA,NA,NA,NA,NA,NA
2024-2025,Prince William County,857,Northern Virginia,school,189,530,Brentsville District High,22.0536756126021,NA,NA,NA,NA,NA,NA,NA,NA,NA
2024-2025,Prince William County,565,Northern Virginia,school,144,860,Bristow Run Elementary,25.486725663716815,NA,NA,NA,NA,NA,NA,NA,NA,NA
2024-2025,Prince William County,738,Northern Virginia,school,194,950,Buckland Mills Elementary,26.287262872628723,NA,NA,NA,NA,NA,NA,NA,NA,NA
2024-2025,Prince William County,1129,Northern Virginia,school,344,920,Bull Run Middle,30.46944198405669,NA,NA,NA,NA,NA,NA,NA,NA,NA
2024-2025,Prince William County,639,Northern Virginia,school,309,620,C.A. Sinclair Elementary,48.35680751173709,NA,NA,NA,NA,NA,NA,NA,NA,NA
2024-2025,Prince William County,1865,Northern Virginia,school,607,710,C.D. Hylton High,32.54691689008043,NA,NA,NA,NA,NA,NA,NA,NA,NA
2024-2025,Prince William County,513,Northern Virginia,school,93,900,Cedar Point Elementary,18.128654970760234,NA,NA,NA,NA,NA,NA,NA,NA,NA
2024-2025,Prince William County,2966,Northern Virginia,school,661,5010,Charles J. Colgan Sr. High,22.285906945380983,NA,NA,NA,NA,NA,NA,NA,NA,NA
2024-2025,Prince William County,721,Northern Virginia,school,254,970,Chris Yung Elementary,35.22884882108183,NA,NA,NA,NA,NA,NA,NA,NA,NA
2024-2025,Prince William County,434,Northern Virginia,school,163,660,Coles Elementary,37.55760368663594,NA,NA,NA,NA,NA,NA,NA,NA,NA
2024-2025,Prince William County,1032,Northern Virginia,school,261,309,Covington-Harper Elementary,25.290697674418606,NA,NA,NA,NA,NA,NA,NA,NA,NA
2024-2025,Prince William County,445,Northern Virginia,school,235,610,Dale City Elementary,52.80898876404494,NA,NA,NA,NA,NA,NA,NA,NA,NA
2024-2025,Prince William County,445,Northern Virginia,school,215,280,Dumfries Elementary,48.31460674157304,NA,NA,NA,NA,NA,NA,NA,NA,NA
2024-2025,Prince William County,1154,Northern Virginia,school,233,490,E.H. Marsteller Middle,20.19064124783362,NA,NA,NA,NA,NA,NA,NA,NA,NA
2024-2025,Prince William County,602,Northern Virginia,school,366,580,Elizabeth Vaughan Elementary,60.797342192691026,NA,NA,NA,NA,NA,NA,NA,NA,NA
2024-2025,Prince William County,414,Northern Virginia,school,215,120,Enterprise Elementary,51.93236714975845,NA,NA,NA,NA,NA,NA,NA,NA,NA
2024-2025,Prince William County,842,Northern Virginia,school,372,370,Fannie W. Fitzgerald Elementary,44.180522565320665,NA,NA,NA,NA,NA,NA,NA,NA,NA
2024-2025,Prince William County,453,Northern Virginia,school,237,450,Featherstone Elementary,52.317880794701985,NA,NA,NA,NA,NA,NA,NA,NA,NA
2024-2025,Prince William County,2346,Northern Virginia,school,779,870,Forest Park High,33.20545609548167,NA,NA,NA,NA,NA,NA,NA,NA,NA
2024-2025,Prince William County,974,Northern Virginia,school,486,520,Fred M. Lynn Middle,49.89733059548255,NA,NA,NA,NA,NA,NA,NA,NA,NA
2024-2025,Prince William County,2311,Northern Virginia,school,NA,300,Freedom High,NA,NA,NA,NA,NA,NA,NA,NA,NA,NA
2024-2025,Prince William County,2653,Northern Virginia,school,641,5130,Gainesville High,24.161326799849228,NA,NA,NA,NA,NA,NA,NA,NA,NA
2024-2025,Prince William County,1403,Northern Virginia,school,293,960,Gainesville Middle,20.883820384889525,NA,NA,NA,NA,NA,NA,NA,NA,NA
2024-2025,Prince William County,2530,Northern Virginia,school,NA,690,Gar-Field High,NA,NA,NA,NA,NA,NA,NA,NA,NA,NA
2024-2025,Prince William County,494,Northern Virginia,school,141,630,George G. Tyler Elementary,28.542510121457486,NA,NA,NA,NA,NA,NA,NA,NA,NA
2024-2025,Prince William County,895,Northern Virginia,school,418,640,George M. Hampton Middle,46.70391061452514,NA,NA,NA,NA,NA,NA,NA,NA,NA
2024-2025,Prince William County,670,Northern Virginia,school,335,770,George P. Mullen Elementary,50,NA,NA,NA,NA,NA,NA,NA,NA,NA
2024-2025,Prince William County,559,Northern Virginia,school,88,340,Glenkirk Elementary,15.742397137745975,NA,NA,NA,NA,NA,NA,NA,NA,NA
2024-2025,Prince William County,716,Northern Virginia,school,319,510,Graham Park Middle,44.55307262569833,NA,NA,NA,NA,NA,NA,NA,NA,NA
2024-2025,Prince William County,968,Northern Virginia,school,185,250,Haymarket Elementary,19.111570247933884,NA,NA,NA,NA,NA,NA,NA,NA,NA
2024-2025,Prince William County,1199,Northern Virginia,school,303,380,Herbert J. Saunders Middle,25.27105921601334,NA,NA,NA,NA,NA,NA,NA,NA,NA
2024-2025,Prince William County,574,Northern Virginia,school,327,317,Innovation Elementary,56.968641114982574,NA,NA,NA,NA,NA,NA,NA,NA,NA
2024-2025,Prince William County,526,Northern Virginia,school,39,220,J.W. Alvey Elementary,7.41444866920152,NA,NA,NA,NA,NA,NA,NA,NA,NA
2024-2025,Prince William County,643,Northern Virginia,school,317,319,John D. Jenkins Elementary,49.30015552099534,NA,NA,NA,NA,NA,NA,NA,NA,NA
2024-2025,Prince William County,950,Northern Virginia,school,332,130,John F. Pattie Sr. Elementary,34.94736842105263,NA,NA,NA,NA,NA,NA,NA,NA,NA
2024-2025,Prince William County,304,Northern Virginia,school,158,70,Kerrydale Elementary,51.973684210526315,NA,NA,NA,NA,NA,NA,NA,NA,NA
2024-2025,Prince William County,885,Northern Virginia,school,324,306,Kyle R. Wilson Elementary,36.610169491525426,NA,NA,NA,NA,NA,NA,NA,NA,NA
2024-2025,Prince William County,676,Northern Virginia,school,229,180,Lake Ridge Elementary,33.875739644970416,NA,NA,NA,NA,NA,NA,NA,NA,NA
2024-2025,Prince William County,1489,Northern Virginia,school,409,720,Lake Ridge Middle,27.468099395567496,NA,NA,NA,NA,NA,NA,NA,NA,NA
2024-2025,Prince William County,765,Northern Virginia,school,312,830,Leesylvania Elementary,40.78431372549019,NA,NA,NA,NA,NA,NA,NA,NA,NA
2024-2025,Prince William County,483,Northern Virginia,school,265,460,Loch Lomond Elementary,54.865424430641816,NA,NA,NA,NA,NA,NA,NA,NA,NA
2024-2025,Prince William County,1340,Northern Virginia,school,284,880,Louise A. Benton Middle,21.19402985074627,NA,NA,NA,NA,NA,NA,NA,NA,NA
2024-2025,Prince William County,455,Northern Virginia,school,211,160,Martin Luther King Jr. Elementary,46.37362637362637,NA,NA,NA,NA,NA,NA,NA,NA,NA
2024-2025,Prince William County,565,Northern Virginia,school,321,570,Marumsco Hills Elementary,56.81415929203539,NA,NA,NA,NA,NA,NA,NA,NA,NA
2024-2025,Prince William County,679,Northern Virginia,school,171,231,Mary G. Porter Traditional,25.184094256259204,NA,NA,NA,NA,NA,NA,NA,NA,NA
2024-2025,Prince William County,676,Northern Virginia,school,266,240,Mary Williams Elementary,39.349112426035504,NA,NA,NA,NA,NA,NA,NA,NA,NA
2024-2025,Prince William County,589,Northern Virginia,school,296,30,Minnieville Elementary,50.25466893039049,NA,NA,NA,NA,NA,NA,NA,NA,NA
2024-2025,Prince William County,598,Northern Virginia,school,185,800,Montclair Elementary,30.93645484949833,NA,NA,NA,NA,NA,NA,NA,NA,NA
2024-2025,Prince William County,420,Northern Virginia,school,50,810,Mountain View Elementary,11.904761904761903,NA,NA,NA,NA,NA,NA,NA,NA,NA
2024-2025,Prince William County,642,Northern Virginia,school,317,700,Neabsco Elementary,49.37694704049844,NA,NA,NA,NA,NA,NA,NA,NA,NA
2024-2025,Prince William County,572,Northern Virginia,school,258,260,Occoquan Elementary,45.10489510489511,NA,NA,NA,NA,NA,NA,NA,NA,NA
2024-2025,Prince William County,507,Northern Virginia,school,164,820,Old Bridge Elementary,32.34714003944773,NA,NA,NA,NA,NA,NA,NA,NA,NA
2024-2025,Prince William County,2669,Northern Virginia,school,788,80,Osbourn Park High,29.524166354439863,NA,NA,NA,NA,NA,NA,NA,NA,NA
2024-2025,Prince William County,1356,Northern Virginia,school,517,501,Parkside Middle,38.12684365781711,NA,NA,NA,NA,NA,NA,NA,NA,NA
2024-2025,Prince William County,2024,Northern Virginia,school,415,1060,Patriot High,20.50395256916996,NA,NA,NA,NA,NA,NA,NA,NA,NA
2024-2025,Prince William County,651,Northern Virginia,school,161,945,Pennington Traditional,24.731182795698924,NA,NA,NA,NA,NA,NA,NA,NA,NA
2024-2025,Prince William County,762,Northern Virginia,school,140,110,Piney Branch Elementary,18.37270341207349,NA,NA,NA,NA,NA,NA,NA,NA,NA
2024-2025,Prince William County,2202,Northern Virginia,school,814,140,Potomac High,36.96639418710264,NA,NA,NA,NA,NA,NA,NA,NA,NA
2024-2025,Prince William County,933,Northern Virginia,school,401,170,Potomac Middle,42.97963558413719,NA,NA,NA,NA,NA,NA,NA,NA,NA
2024-2025,Prince William County,1231,Northern Virginia,school,367,414,Potomac Shores Middle,29.813160032493908,NA,NA,NA,NA,NA,NA,NA,NA,NA
2024-2025,Prince William County,561,Northern Virginia,school,345,550,Potomac View Elementary,61.49732620320856,NA,NA,NA,NA,NA,NA,NA,NA,NA
2024-2025,Prince William County,623,Northern Virginia,school,382,440,R. Dean Kilby Elementary,61.31621187800963,NA,NA,NA,NA,NA,NA,NA,NA,NA
2024-2025,Prince William County,1203,Northern Virginia,school,536,591,Rippon Middle,44.55527847049044,NA,NA,NA,NA,NA,NA,NA,NA,NA
2024-2025,Prince William County,665,Northern Virginia,school,350,750,River Oaks Elementary,52.63157894736842,NA,NA,NA,NA,NA,NA,NA,NA,NA
2024-2025,Prince William County,497,Northern Virginia,school,174,40,Rockledge Elementary,35.01006036217304,NA,NA,NA,NA,NA,NA,NA,NA,NA
2024-2025,Prince William County,1441,Northern Virginia,school,215,310,Ronald Wilson Reagan Middle,14.920194309507288,NA,NA,NA,NA,NA,NA,NA,NA,NA
2024-2025,Prince William County,550,Northern Virginia,school,208,941,Rosa Parks Elementary,37.81818181818182,NA,NA,NA,NA,NA,NA,NA,NA,NA
2024-2025,Prince William County,814,Northern Virginia,school,103,360,Samuel L. Gravely Jr. Elementary,12.653562653562652,NA,NA,NA,NA,NA,NA,NA,NA,NA
2024-2025,Prince William County,379,Northern Virginia,school,137,730,Sharon C. McAuliffe Elementary,36.147757255936675,NA,NA,NA,NA,NA,NA,NA,NA,NA
2024-2025,Prince William County,810,Northern Virginia,school,241,500,Signal Hill Elementary,29.75308641975309,NA,NA,NA,NA,NA,NA,NA,NA,NA
2024-2025,Prince William County,749,Northern Virginia,school,225,850,Sonnie Penn Elementary,30.040053404539385,NA,NA,NA,NA,NA,NA,NA,NA,NA
2024-2025,Prince William County,848,Northern Virginia,school,226,320,Springwoods Elementary,26.650943396226417,NA,NA,NA,NA,NA,NA,NA,NA,NA
2024-2025,Prince William County,1182,Northern Virginia,school,560,780,Stuart M. Beville Middle,47.377326565143825,NA,NA,NA,NA,NA,NA,NA,NA,NA
2024-2025,Prince William County,624,Northern Virginia,school,307,20,Sudley Elementary,49.19871794871795,NA,NA,NA,NA,NA,NA,NA,NA,NA
2024-2025,Prince William County,408,Northern Virginia,school,213,270,Suella G. Ellis Elementary,52.20588235294118,NA,NA,NA,NA,NA,NA,NA,NA,NA
2024-2025,Prince William County,623,Northern Virginia,school,285,890,Swans Creek Elementary,45.74638844301766,NA,NA,NA,NA,NA,NA,NA,NA,NA
2024-2025,Prince William County,755,Northern Virginia,school,139,470,T. Clay Wood Elementary,18.41059602649007,NA,NA,NA,NA,NA,NA,NA,NA,NA
2024-2025,Prince William County,1202,Northern Virginia,school,297,150,The Nokesville School,24.708818635607322,NA,NA,NA,NA,NA,NA,NA,NA,NA
2024-2025,Prince William County,647,Northern Virginia,school,147,790,Thurgood Marshall Elementary,22.720247295208658,NA,NA,NA,NA,NA,NA,NA,NA,NA
2024-2025,Prince William County,802,Northern Virginia,school,387,430,Triangle Elementary,48.25436408977556,NA,NA,NA,NA,NA,NA,NA,NA,NA
2024-2025,Prince William County,1056,Northern Virginia,school,487,480,Unity Braxton Middle,46.11742424242424,NA,NA,NA,NA,NA,NA,NA,NA,NA
2024-2025,Prince William County,2047,Northern Virginia,school,904,680,Unity Reed High,44.16218856863703,NA,NA,NA,NA,NA,NA,NA,NA,NA
2024-2025,Prince William County,662,Northern Virginia,school,176,390,Victory Elementary,26.586102719033235,NA,NA,NA,NA,NA,NA,NA,NA,NA
2024-2025,Prince William County,484,Northern Virginia,school,276,540,West Gate Elementary,57.02479338842975,NA,NA,NA,NA,NA,NA,NA,NA,NA
2024-2025,Prince William County,642,Northern Virginia,school,160,740,Westridge Elementary,24.922118380062305,NA,NA,NA,NA,NA,NA,NA,NA,NA
2024-2025,Prince William County,2904,Northern Virginia,school,904,60,Woodbridge High,31.129476584022036,NA,NA,NA,NA,NA,NA,NA,NA,NA
2024-2025,Prince William County,873,Northern Virginia,school,330,560,Woodbridge Middle,37.80068728522337,NA,NA,NA,NA,NA,NA,NA,NA,NA
2024-2025,Prince William County,854,Northern Virginia,school,474,350,Yorkshire Elementary,55.503512880562056,NA,NA,NA,NA,NA,NA,NA,NA,NA
2024-2025,Pulaski County,416,Southwest,school,240,20,Critzer Elementary,57.692307692307686,NA,NA,NA,NA,NA,NA,NA,NA,NA
2024-2025,Pulaski County,411,Southwest,school,170,540,Dublin Elementary,41.3625304136253,NA,NA,NA,NA,NA,NA,NA,NA,NA
2024-2025,Pulaski County,825,Southwest,school,385,560,Pulaski County Middle,46.666666666666664,NA,NA,NA,NA,NA,NA,NA,NA,NA
2024-2025,Pulaski County,521,Southwest,school,172,101,Pulaski County Public Schools Virtual School K-12,33.01343570057582,NA,NA,NA,NA,NA,NA,NA,NA,NA
2024-2025,Pulaski County,1159,Southwest,school,458,10,Pulaski County Senior High,39.51682484900776,NA,NA,NA,NA,NA,NA,NA,NA,NA
2024-2025,Pulaski County,472,Southwest,school,248,230,Pulaski Elementary,52.54237288135594,NA,NA,NA,NA,NA,NA,NA,NA,NA
2024-2025,Pulaski County,380,Southwest,school,163,500,Riverlawn Elementary,42.89473684210526,NA,NA,NA,NA,NA,NA,NA,NA,NA
2024-2025,Pulaski County,201,Southwest,school,77,430,Snowville Elementary,38.308457711442784,NA,NA,NA,NA,NA,NA,NA,NA,NA
2024-2025,Radford City,473,Southwest,school,221,10,Belle Heth Elementary,46.723044397463006,NA,NA,NA,NA,NA,NA,NA,NA,NA
2024-2025,Radford City,265,Southwest,school,116,42,John N. Dalton Intermediate,43.77358490566038,NA,NA,NA,NA,NA,NA,NA,NA,NA
2024-2025,Radford City,395,Southwest,school,165,20,McHarg Elementary,41.77215189873418,NA,NA,NA,NA,NA,NA,NA,NA,NA
2024-2025,Radford City,1694,Southwest,school,756,102,Radford City Virtual,44.62809917355372,NA,NA,NA,NA,NA,NA,NA,NA,NA
2024-2025,Radford City,506,Southwest,school,229,41,Radford High,45.25691699604743,NA,NA,NA,NA,NA,NA,NA,NA,NA
2024-2025,Rappahannock County,457,Northern Virginia,school,170,240,Rappahannock County Elementary,37.199124726477024,NA,NA,NA,NA,NA,NA,NA,NA,NA
2024-2025,Rappahannock County,317,Northern Virginia,school,98,230,Rappahannock County High,30.914826498422716,NA,NA,NA,NA,NA,NA,NA,NA,NA
2024-2025,Richmond City,505,Central Virginia,school,299,30,Albert Hill Middle,59.20792079207921,NA,NA,NA,NA,NA,NA,NA,NA,NA
2024-2025,Richmond City,709,Central Virginia,school,579,850,Armstrong High,81.66431593794076,NA,NA,NA,NA,NA,NA,NA,NA,NA
2024-2025,Richmond City,274,Central Virginia,school,176,390,Barack Obama Elementary,64.23357664233576,NA,NA,NA,NA,NA,NA,NA,NA,NA
2024-2025,Richmond City,206,Central Virginia,school,133,100,Bellevue Elementary,64.56310679611651,NA,NA,NA,NA,NA,NA,NA,NA,NA
2024-2025,Richmond City,420,Central Virginia,school,336,170,Blackwell Elementary,80,NA,NA,NA,NA,NA,NA,NA,NA,NA
2024-2025,Richmond City,612,Central Virginia,school,415,1100,Broad Rock Elementary,67.81045751633987,NA,NA,NA,NA,NA,NA,NA,NA,NA
2024-2025,Richmond City,821,Central Virginia,school,428,1440,Cardinal Elementary,52.131546894031665,NA,NA,NA,NA,NA,NA,NA,NA,NA
2024-2025,Richmond City,403,Central Virginia,school,313,830,Chimborazo Elementary,77.66749379652606,NA,NA,NA,NA,NA,NA,NA,NA,NA
2024-2025,Richmond City,372,Central Virginia,school,266,50,Dogwood Middle,71.50537634408603,NA,NA,NA,NA,NA,NA,NA,NA,NA
2024-2025,Richmond City,355,Central Virginia,school,257,1400,Elizabeth D. Redd Elementary,72.3943661971831,NA,NA,NA,NA,NA,NA,NA,NA,NA
2024-2025,Richmond City,222,Central Virginia,school,211,710,Fairfield Court Elementary,95.04504504504504,NA,NA,NA,NA,NA,NA,NA,NA,NA
2024-2025,Richmond City,302,Central Virginia,school,274,230,Frances W. McClenney Elementary,90.72847682119205,NA,NA,NA,NA,NA,NA,NA,NA,NA
2024-2025,Richmond City,335,Central Virginia,school,166,621,Franklin Military Academy,49.55223880597015,NA,NA,NA,NA,NA,NA,NA,NA,NA
2024-2025,Richmond City,671,Central Virginia,school,457,1470,G.H. Reid Elementary,68.10730253353205,NA,NA,NA,NA,NA,NA,NA,NA,NA
2024-2025,Richmond City,404,Central Virginia,school,372,311,George W. Carver Elementary,92.07920792079209,NA,NA,NA,NA,NA,NA,NA,NA,NA
2024-2025,Richmond City,512,Central Virginia,school,471,290,Henry Marsh III Elementary,91.9921875,NA,NA,NA,NA,NA,NA,NA,NA,NA
2024-2025,Richmond City,1471,Central Virginia,school,915,1510,Huguenot High,62.20258327668253,NA,NA,NA,NA,NA,NA,NA,NA,NA
2024-2025,Richmond City,285,Central Virginia,school,165,1640,J.B. Fisher Elementary,57.89473684210527,NA,NA,NA,NA,NA,NA,NA,NA,NA
2024-2025,Richmond City,156,Central Virginia,school,104,3115,J.H. Blackwell Preschool,66.66666666666666,NA,NA,NA,NA,NA,NA,NA,NA,NA
2024-2025,Richmond City,526,Central Virginia,school,355,1710,J.L. Francis Elementary,67.49049429657795,NA,NA,NA,NA,NA,NA,NA,NA,NA
2024-2025,Richmond City,646,Central Virginia,school,441,730,John Marshall High,68.26625386996903,NA,NA,NA,NA,NA,NA,NA,NA,NA
2024-2025,Richmond City,437,Central Virginia,school,136,3106,Linwood Holton Elementary,31.12128146453089,NA,NA,NA,NA,NA,NA,NA,NA,NA
2024-2025,Richmond City,262,Central Virginia,school,127,600,Lois Harrison-Jones Elementary,48.473282442748086,NA,NA,NA,NA,NA,NA,NA,NA,NA
2024-2025,Richmond City,606,Central Virginia,school,435,3105,Lucille M. Brown Middle,71.78217821782178,NA,NA,NA,NA,NA,NA,NA,NA,NA
2024-2025,Richmond City,500,Central Virginia,school,453,770,Martin Luther King Jr. Middle,90.60000000000001,NA,NA,NA,NA,NA,NA,NA,NA,NA
2024-2025,Richmond City,185,Central Virginia,school,139,771,Martin Luther King Jr. Preschool,75.13513513513513,NA,NA,NA,NA,NA,NA,NA,NA,NA
2024-2025,Richmond City,476,Central Virginia,school,58,580,Mary Munford Elementary,12.184873949579831,NA,NA,NA,NA,NA,NA,NA,NA,NA
2024-2025,Richmond City,145,Central Virginia,school,90,3114,Mary Scott Preschool,62.06896551724138,NA,NA,NA,NA,NA,NA,NA,NA,NA
2024-2025,Richmond City,143,Central Virginia,school,92,690,Maymont Preschool,64.33566433566433,NA,NA,NA,NA,NA,NA,NA,NA,NA
2024-2025,Richmond City,505,Central Virginia,school,382,3107,Miles Jones Elementary,75.64356435643565,NA,NA,NA,NA,NA,NA,NA,NA,NA
2024-2025,Richmond City,551,Central Virginia,school,409,330,Oak Grove/Bellemeade Elementary,74.22867513611615,NA,NA,NA,NA,NA,NA,NA,NA,NA
2024-2025,Richmond City,174,Central Virginia,school,53,90,Open High,30.45977011494253,NA,NA,NA,NA,NA,NA,NA,NA,NA
2024-2025,Richmond City,256,Central Virginia,school,209,130,Overby-Sheppard Elementary,81.640625,NA,NA,NA,NA,NA,NA,NA,NA,NA
2024-2025,Richmond City,310,Central Virginia,school,120,3119,Patrick Henry School Of Science And Arts,38.70967741935484,NA,NA,NA,NA,NA,NA,NA,NA,NA
2024-2025,Richmond City,277,Central Virginia,school,196,3110,Richmond Alternative School,70.7581227436823,NA,NA,NA,NA,NA,NA,NA,NA,NA
2024-2025,Richmond City,32,Central Virginia,school,25,3200,Richmond Career Education and Employment Charter School,78.125,NA,NA,NA,NA,NA,NA,NA,NA,NA
2024-2025,Richmond City,211,Central Virginia,school,85,452,Richmond Community High,40.28436018957346,NA,NA,NA,NA,NA,NA,NA,NA,NA
2024-2025,Richmond City,148,Central Virginia,school,121,3113,Richmond Community Preschool,81.75675675675676,NA,NA,NA,NA,NA,NA,NA,NA,NA
2024-2025,Richmond City,1116,Central Virginia,school,677,741,Richmond High School for the Arts,60.66308243727598,NA,NA,NA,NA,NA,NA,NA,NA,NA
2024-2025,Richmond City,136,Central Virginia,school,107,1322,Richmond Virtual Academy,78.67647058823529,NA,NA,NA,NA,NA,NA,NA,NA,NA
2024-2025,Richmond City,1150,Central Virginia,school,730,1631,River City Middle,63.47826086956522,NA,NA,NA,NA,NA,NA,NA,NA,NA
2024-2025,Richmond City,473,Central Virginia,school,328,1480,Southampton Elementary,69.3446088794926,NA,NA,NA,NA,NA,NA,NA,NA,NA
2024-2025,Richmond City,192,Central Virginia,school,128,511,Summer Hill Preschool Center,66.66666666666666,NA,NA,NA,NA,NA,NA,NA,NA,NA
2024-2025,Richmond City,172,Central Virginia,school,120,210,Swansboro Elementary,69.76744186046511,NA,NA,NA,NA,NA,NA,NA,NA,NA
2024-2025,Richmond City,621,Central Virginia,school,418,480,Thomas C. Boushall Middle,67.31078904991948,NA,NA,NA,NA,NA,NA,NA,NA,NA
2024-2025,Richmond City,432,Central Virginia,school,320,470,Thomas H. Henderson Middle School,74.07407407407408,NA,NA,NA,NA,NA,NA,NA,NA,NA
2024-2025,Richmond City,751,Central Virginia,school,469,20,Thomas Jefferson High,62.45006657789614,NA,NA,NA,NA,NA,NA,NA,NA,NA
2024-2025,Richmond City,375,Central Virginia,school,242,660,Westover Hills Elementary,64.53333333333333,NA,NA,NA,NA,NA,NA,NA,NA,NA
2024-2025,Richmond City,367,Central Virginia,school,165,200,William Fox Elementary,44.95912806539509,NA,NA,NA,NA,NA,NA,NA,NA,NA
2024-2025,Richmond City,217,Central Virginia,school,191,650,Woodville Elementary,88.0184331797235,NA,NA,NA,NA,NA,NA,NA,NA,NA
2024-2025,Richmond County,546,Northern Neck,school,257,210,Rappahannock High,47.069597069597066,NA,NA,NA,NA,NA,NA,NA,NA,NA
2024-2025,Richmond County,854,Northern Neck,school,446,20,Richmond County Elementary,52.2248243559719,NA,NA,NA,NA,NA,NA,NA,NA,NA
2024-2025,Roanoke City,542,Western Virginia,school,399,280,Addison Aerospace Magnet Middle,73.61623616236163,NA,NA,NA,NA,NA,NA,NA,NA,NA
2024-2025,Roanoke City,734,Western Virginia,school,457,210,Breckinridge Middle,62.26158038147139,NA,NA,NA,NA,NA,NA,NA,NA,NA
2024-2025,Roanoke City,323,Western Virginia,school,44,20,Crystal Spring Elementary,13.622291021671826,NA,NA,NA,NA,NA,NA,NA,NA,NA
2024-2025,Roanoke City,481,Western Virginia,school,354,410,Fairview Elementary,73.5966735966736,NA,NA,NA,NA,NA,NA,NA,NA,NA
2024-2025,Roanoke City,591,Western Virginia,school,454,50,Fallon Park Elementary,76.81895093062606,NA,NA,NA,NA,NA,NA,NA,NA,NA
2024-2025,Roanoke City,280,Western Virginia,school,163,380,Fishburn Park Elementary,58.214285714285715,NA,NA,NA,NA,NA,NA,NA,NA,NA
2024-2025,Roanoke City,304,Western Virginia,school,215,300,Garden City Elementary,70.72368421052632,NA,NA,NA,NA,NA,NA,NA,NA,NA
2024-2025,Roanoke City,332,Western Virginia,school,108,310,Grandin Court Elementary,32.53012048192771,NA,NA,NA,NA,NA,NA,NA,NA,NA
2024-2025,Roanoke City,362,Western Virginia,school,178,110,Highland Park Elementary,49.171270718232044,NA,NA,NA,NA,NA,NA,NA,NA,NA
2024-2025,Roanoke City,321,Western Virginia,school,264,420,Hurt Park Elementary,82.2429906542056,NA,NA,NA,NA,NA,NA,NA,NA,NA
2024-2025,Roanoke City,601,Western Virginia,school,349,450,James Madison Middle,58.069883527454245,NA,NA,NA,NA,NA,NA,NA,NA,NA
2024-2025,Roanoke City,457,Western Virginia,school,326,230,John P. Fishwick Middle,71.33479212253829,NA,NA,NA,NA,NA,NA,NA,NA,NA
2024-2025,Roanoke City,287,Western Virginia,school,217,340,Lincoln Terrace Elementary,75.60975609756098,NA,NA,NA,NA,NA,NA,NA,NA,NA
2024-2025,Roanoke City,508,Western Virginia,school,333,370,Monterey Elementary,65.5511811023622,NA,NA,NA,NA,NA,NA,NA,NA,NA
2024-2025,Roanoke City,279,Western Virginia,school,205,60,Morningside Elementary,73.47670250896059,NA,NA,NA,NA,NA,NA,NA,NA,NA
2024-2025,Roanoke City,2055,Western Virginia,school,NA,390,Patrick Henry High,NA,NA,NA,NA,NA,NA,NA,NA,NA,NA
2024-2025,Roanoke City,535,Western Virginia,school,298,240,Preston Park Elementary,55.700934579439256,NA,NA,NA,NA,NA,NA,NA,NA,NA
2024-2025,Roanoke City,466,Western Virginia,school,312,220,Roanoke Academy For Mathematics & Science Elementary,66.95278969957081,NA,NA,NA,NA,NA,NA,NA,NA,NA
2024-2025,Roanoke City,725,Western Virginia,school,512,320,Round Hill Elementary,70.62068965517241,NA,NA,NA,NA,NA,NA,NA,NA,NA
2024-2025,Roanoke City,247,Western Virginia,school,119,70,Virginia Heights Elementary,48.178137651821864,NA,NA,NA,NA,NA,NA,NA,NA,NA
2024-2025,Roanoke City,247,Western Virginia,school,126,90,Wasena Elementary,51.012145748987855,NA,NA,NA,NA,NA,NA,NA,NA,NA
2024-2025,Roanoke City,626,Western Virginia,school,433,350,Westside Elementary,69.16932907348243,NA,NA,NA,NA,NA,NA,NA,NA,NA
2024-2025,Roanoke City,1970,Western Virginia,school,NA,400,William Fleming High,NA,NA,NA,NA,NA,NA,NA,NA,NA,NA
2024-2025,Roanoke City,610,Western Virginia,school,327,150,Woodrow Wilson Middle,53.60655737704918,NA,NA,NA,NA,NA,NA,NA,NA,NA
2024-2025,Roanoke County,274,Western Virginia,school,62,420,Back Creek Elementary,22.62773722627737,NA,NA,NA,NA,NA,NA,NA,NA,NA
2024-2025,Roanoke County,311,Western Virginia,school,72,752,Bonsack Elementary,23.15112540192926,NA,NA,NA,NA,NA,NA,NA,NA,NA
2024-2025,Roanoke County,530,Western Virginia,school,283,180,Burlington Elementary,53.39622641509434,NA,NA,NA,NA,NA,NA,NA,NA,NA
2024-2025,Roanoke County,489,Western Virginia,school,116,560,Cave Spring Elementary,23.721881390593047,NA,NA,NA,NA,NA,NA,NA,NA,NA
2024-2025,Roanoke County,1046,Western Virginia,school,279,470,Cave Spring High,26.673040152963672,NA,NA,NA,NA,NA,NA,NA,NA,NA
2024-2025,Roanoke County,746,Western Virginia,school,225,620,Cave Spring Middle,30.160857908847184,NA,NA,NA,NA,NA,NA,NA,NA,NA
2024-2025,Roanoke County,320,Western Virginia,school,126,330,Clearbrook Elementary,39.375,NA,NA,NA,NA,NA,NA,NA,NA,NA
2024-2025,Roanoke County,250,Western Virginia,school,55,40,Fort Lewis Elementary,22,NA,NA,NA,NA,NA,NA,NA,NA,NA
2024-2025,Roanoke County,425,Western Virginia,school,165,650,Glen Cove Elementary,38.82352941176471,NA,NA,NA,NA,NA,NA,NA,NA,NA
2024-2025,Roanoke County,372,Western Virginia,school,159,490,Glenvar Elementary,42.74193548387097,NA,NA,NA,NA,NA,NA,NA,NA,NA
2024-2025,Roanoke County,621,Western Virginia,school,216,610,Glenvar High,34.78260869565217,NA,NA,NA,NA,NA,NA,NA,NA,NA
2024-2025,Roanoke County,433,Western Virginia,school,159,751,Glenvar Middle,36.72055427251732,NA,NA,NA,NA,NA,NA,NA,NA,NA
2024-2025,Roanoke County,483,Western Virginia,school,209,600,Green Valley Elementary,43.2712215320911,NA,NA,NA,NA,NA,NA,NA,NA,NA
2024-2025,Roanoke County,399,Western Virginia,school,190,540,Herman L. Horn Elementary,47.61904761904761,NA,NA,NA,NA,NA,NA,NA,NA,NA
2024-2025,Roanoke County,832,Western Virginia,school,214,754,Hidden Valley High,25.721153846153843,NA,NA,NA,NA,NA,NA,NA,NA,NA
2024-2025,Roanoke County,581,Western Virginia,school,172,10,Hidden Valley Middle,29.604130808950085,NA,NA,NA,NA,NA,NA,NA,NA,NA
2024-2025,Roanoke County,204,Western Virginia,school,78,530,Mason's Cove Elementary,38.23529411764706,NA,NA,NA,NA,NA,NA,NA,NA,NA
2024-2025,Roanoke County,246,Western Virginia,school,123,290,Mount Pleasant Elementary,50,NA,NA,NA,NA,NA,NA,NA,NA,NA
2024-2025,Roanoke County,377,Western Virginia,school,151,500,Mountain View Elementary,40.05305039787798,NA,NA,NA,NA,NA,NA,NA,NA,NA
2024-2025,Roanoke County,919,Western Virginia,school,368,520,Northside High,40.04352557127312,NA,NA,NA,NA,NA,NA,NA,NA,NA
2024-2025,Roanoke County,648,Western Virginia,school,293,640,Northside Middle,45.21604938271605,NA,NA,NA,NA,NA,NA,NA,NA,NA
2024-2025,Roanoke County,400,Western Virginia,school,182,480,Oak Grove Elementary,45.5,NA,NA,NA,NA,NA,NA,NA,NA,NA
2024-2025,Roanoke County,408,Western Virginia,school,116,50,Penn Forest Elementary,28.431372549019606,NA,NA,NA,NA,NA,NA,NA,NA,NA
2024-2025,Roanoke County,486,Western Virginia,school,217,60,W.E. Cundiff Elementary,44.650205761316876,NA,NA,NA,NA,NA,NA,NA,NA,NA
2024-2025,Roanoke County,1134,Western Virginia,school,416,630,William Byrd High,36.68430335097001,NA,NA,NA,NA,NA,NA,NA,NA,NA
2024-2025,Roanoke County,802,Western Virginia,school,312,232,William Byrd Middle,38.90274314214464,NA,NA,NA,NA,NA,NA,NA,NA,NA
2024-2025,Rockbridge County,466,Valley,school,209,650,Central Elementary,44.84978540772532,NA,NA,NA,NA,NA,NA,NA,NA,NA
2024-2025,Rockbridge County,241,Valley,school,101,150,Fairfield Elementary,41.90871369294606,NA,NA,NA,NA,NA,NA,NA,NA,NA
2024-2025,Rockbridge County,481,Valley,school,218,678,Maury River Middle,45.32224532224532,NA,NA,NA,NA,NA,NA,NA,NA,NA
2024-2025,Rockbridge County,154,Valley,school,81,340,Mountain View Elementary,52.5974025974026,NA,NA,NA,NA,NA,NA,NA,NA,NA
2024-2025,Rockbridge County,230,Valley,school,150,641,Natural Bridge Elementary,65.21739130434783,NA,NA,NA,NA,NA,NA,NA,NA,NA
2024-2025,Rockbridge County,917,Valley,school,324,22,Rockbridge County High,35.33260632497274,NA,NA,NA,NA,NA,NA,NA,NA,NA
2024-2025,Rockingham County,943,Valley,school,405,870,Broadway High,42.94803817603394,NA,NA,NA,NA,NA,NA,NA,NA,NA
2024-2025,Rockingham County,614,Valley,school,240,861,Cub Run Elementary,39.08794788273616,NA,NA,NA,NA,NA,NA,NA,NA,NA
2024-2025,Rockingham County,821,Valley,school,346,391,East Rockingham High,42.14372716199756,NA,NA,NA,NA,NA,NA,NA,NA,NA
2024-2025,Rockingham County,269,Valley,school,134,400,Elkton Elementary,49.814126394052046,NA,NA,NA,NA,NA,NA,NA,NA,NA
2024-2025,Rockingham County,561,Valley,school,234,900,Elkton Middle,41.711229946524064,NA,NA,NA,NA,NA,NA,NA,NA,NA
2024-2025,Rockingham County,198,Valley,school,93,940,Fulks Run Elementary,46.96969696969697,NA,NA,NA,NA,NA,NA,NA,NA,NA
2024-2025,Rockingham County,727,Valley,school,286,960,J. Frank Hillyard Middle,39.33975240715269,NA,NA,NA,NA,NA,NA,NA,NA,NA
2024-2025,Rockingham County,473,Valley,school,183,1071,John C. Myers Elementary,38.6892177589852,NA,NA,NA,NA,NA,NA,NA,NA,NA
2024-2025,Rockingham County,526,Valley,school,225,970,John W. Wayland Elementary,42.77566539923954,NA,NA,NA,NA,NA,NA,NA,NA,NA
2024-2025,Rockingham County,350,Valley,school,172,500,Lacey Spring Elementary,49.142857142857146,NA,NA,NA,NA,NA,NA,NA,NA,NA
2024-2025,Rockingham County,209,Valley,school,74,360,Linville-Edom Elementary,35.406698564593306,NA,NA,NA,NA,NA,NA,NA,NA,NA
2024-2025,Rockingham County,262,Valley,school,109,600,McGaheysville Elementary,41.603053435114504,NA,NA,NA,NA,NA,NA,NA,NA,NA
2024-2025,Rockingham County,593,Valley,school,223,860,Montevideo Middle,37.60539629005059,NA,NA,NA,NA,NA,NA,NA,NA,NA
2024-2025,Rockingham County,411,Valley,school,171,520,Mountain View Elementary,41.605839416058394,NA,NA,NA,NA,NA,NA,NA,NA,NA
2024-2025,Rockingham County,248,Valley,school,107,920,Ottobine Elementary,43.145161290322584,NA,NA,NA,NA,NA,NA,NA,NA,NA
2024-2025,Rockingham County,538,Valley,school,235,1073,Peak View Elementary,43.68029739776952,NA,NA,NA,NA,NA,NA,NA,NA,NA
2024-2025,Rockingham County,460,Valley,school,199,10,Plains Elementary,43.26086956521739,NA,NA,NA,NA,NA,NA,NA,NA,NA
2024-2025,Rockingham County,282,Valley,school,144,950,Pleasant Valley Elementary,51.06382978723404,NA,NA,NA,NA,NA,NA,NA,NA,NA
2024-2025,Rockingham County,341,Valley,school,164,390,River Bend Elementary,48.09384164222874,NA,NA,NA,NA,NA,NA,NA,NA,NA
2024-2025,Rockingham County,316,Valley,school,135,830,South River Elementary,42.721518987341774,NA,NA,NA,NA,NA,NA,NA,NA,NA
2024-2025,Rockingham County,885,Valley,school,344,20,Spotswood High,38.87005649717514,NA,NA,NA,NA,NA,NA,NA,NA,NA
2024-2025,Rockingham County,1008,Valley,school,390,850,Turner Ashby High,38.69047619047619,NA,NA,NA,NA,NA,NA,NA,NA,NA
2024-2025,Rockingham County,672,Valley,school,290,890,Wilbur S. Pence Middle,43.154761904761905,NA,NA,NA,NA,NA,NA,NA,NA,NA
2024-2025,Russell County,141,Southwest,school,67,580,Belfast Elementary,47.5177304964539,NA,NA,NA,NA,NA,NA,NA,NA,NA
2024-2025,Russell County,354,Southwest,school,238,792,Castlewood Elementary,67.2316384180791,NA,NA,NA,NA,NA,NA,NA,NA,NA
2024-2025,Russell County,285,Southwest,school,165,791,Castlewood High,57.89473684210527,NA,NA,NA,NA,NA,NA,NA,NA,NA
2024-2025,Russell County,712,Southwest,school,377,890,Honaker Elementary,52.94943820224719,NA,NA,NA,NA,NA,NA,NA,NA,NA
2024-2025,Russell County,422,Southwest,school,211,540,Honaker High,50,NA,NA,NA,NA,NA,NA,NA,NA,NA
2024-2025,Russell County,292,Southwest,school,161,410,Lebanon Elementary,55.13698630136986,NA,NA,NA,NA,NA,NA,NA,NA,NA
2024-2025,Russell County,571,Southwest,school,253,140,Lebanon High,44.30823117338004,NA,NA,NA,NA,NA,NA,NA,NA,NA
2024-2025,Russell County,301,Southwest,school,140,902,Lebanon Middle,46.51162790697674,NA,NA,NA,NA,NA,NA,NA,NA,NA
2024-2025,Russell County,267,Southwest,school,133,390,Lebanon Primary,49.812734082397,NA,NA,NA,NA,NA,NA,NA,NA,NA
2024-2025,Salem City,839,Western Virginia,school,375,100,Andrew Lewis Middle,44.69606674612634,NA,NA,NA,NA,NA,NA,NA,NA,NA
2024-2025,Salem City,378,Western Virginia,school,229,550,East Salem Elementary,60.58201058201058,NA,NA,NA,NA,NA,NA,NA,NA,NA
2024-2025,Salem City,404,Western Virginia,school,201,90,G.W. Carver Elementary,49.75247524752475,NA,NA,NA,NA,NA,NA,NA,NA,NA
2024-2025,Salem City,1202,Western Virginia,school,488,70,Salem High,40.59900166389351,NA,NA,NA,NA,NA,NA,NA,NA,NA
2024-2025,Salem City,371,Western Virginia,school,148,580,South Salem Elementary,39.892183288409704,NA,NA,NA,NA,NA,NA,NA,NA,NA
2024-2025,Salem City,415,Western Virginia,school,217,350,Virginia Virtual Academy at Salem,52.28915662650603,NA,NA,NA,NA,NA,NA,NA,NA,NA
2024-2025,Salem City,375,Western Virginia,school,138,460,West Salem Elementary,36.8,NA,NA,NA,NA,NA,NA,NA,NA,NA
2024-2025,Scott County,308,Southwest,school,176,750,Duffield-Pattonsville Primary,57.14285714285714,NA,NA,NA,NA,NA,NA,NA,NA,NA
2024-2025,Scott County,131,Southwest,school,89,42,Dungannon Elementary School,67.93893129770993,NA,NA,NA,NA,NA,NA,NA,NA,NA
2024-2025,Scott County,607,Southwest,school,288,770,Gate City High,47.44645799011532,NA,NA,NA,NA,NA,NA,NA,NA,NA
2024-2025,Scott County,276,Southwest,school,128,771,Gate City Middle,46.3768115942029,NA,NA,NA,NA,NA,NA,NA,NA,NA
2024-2025,Scott County,159,Southwest,school,76,670,Hilton Elementary,47.79874213836478,NA,NA,NA,NA,NA,NA,NA,NA,NA
2024-2025,Scott County,302,Southwest,school,177,220,Nickelsville Elementary,58.609271523178805,NA,NA,NA,NA,NA,NA,NA,NA,NA
2024-2025,Scott County,292,Southwest,school,197,260,Rye Cove High,67.46575342465754,NA,NA,NA,NA,NA,NA,NA,NA,NA
2024-2025,Scott County,138,Southwest,school,97,20,Rye Cove Intermediate,70.28985507246377,NA,NA,NA,NA,NA,NA,NA,NA,NA
2024-2025,Scott County,419,Southwest,school,229,641,Shoemaker Elementary,54.653937947494036,NA,NA,NA,NA,NA,NA,NA,NA,NA
2024-2025,Scott County,242,Southwest,school,140,780,Twin Springs High,57.85123966942148,NA,NA,NA,NA,NA,NA,NA,NA,NA
2024-2025,Scott County,728,Southwest,school,110,772,Virginia Connections Academy,15.10989010989011,NA,NA,NA,NA,NA,NA,NA,NA,NA
2024-2025,Scott County,380,Southwest,school,134,740,Weber City Elementary,35.26315789473684,NA,NA,NA,NA,NA,NA,NA,NA,NA
2024-2025,Scott County,199,Southwest,school,61,790,Yuma Elementary,30.65326633165829,NA,NA,NA,NA,NA,NA,NA,NA,NA
2024-2025,Shenandoah County,692,Northern Virginia,school,417,820,Ashby-Lee Elementary School,60.26011560693642,NA,NA,NA,NA,NA,NA,NA,NA,NA
2024-2025,Shenandoah County,729,Northern Virginia,school,385,780,Central High,52.81207133058985,NA,NA,NA,NA,NA,NA,NA,NA,NA
2024-2025,Shenandoah County,362,Northern Virginia,school,197,40,North Fork Middle,54.41988950276243,NA,NA,NA,NA,NA,NA,NA,NA,NA
2024-2025,Shenandoah County,535,Northern Virginia,school,287,30,Peter Muhlenberg Middle,53.64485981308411,NA,NA,NA,NA,NA,NA,NA,NA,NA
2024-2025,Shenandoah County,829,Northern Virginia,school,421,810,Sandy Hook Elementary,50.78407720144753,NA,NA,NA,NA,NA,NA,NA,NA,NA
2024-2025,Shenandoah County,413,Northern Virginia,school,204,50,Signal Knob Middle,49.39467312348668,NA,NA,NA,NA,NA,NA,NA,NA,NA
2024-2025,Shenandoah County,501,Northern Virginia,school,278,790,Stonewall Jackson High School,55.489021956087825,NA,NA,NA,NA,NA,NA,NA,NA,NA
2024-2025,Shenandoah County,617,Northern Virginia,school,277,770,Strasburg High,44.89465153970826,NA,NA,NA,NA,NA,NA,NA,NA,NA
2024-2025,Shenandoah County,1035,Northern Virginia,school,615,20,W.W. Robinson Elementary,59.42028985507246,NA,NA,NA,NA,NA,NA,NA,NA,NA
2024-2025,Smyth County,168,Southwest,school,113,290,Atkins Elementary,67.26190476190477,NA,NA,NA,NA,NA,NA,NA,NA,NA
2024-2025,Smyth County,589,Southwest,school,295,730,Chilhowie Elementary,50.08488964346349,NA,NA,NA,NA,NA,NA,NA,NA,NA
2024-2025,Smyth County,384,Southwest,school,164,460,Chilhowie High,42.70833333333333,NA,NA,NA,NA,NA,NA,NA,NA,NA
2024-2025,Smyth County,273,Southwest,school,120,851,Chilhowie Middle,43.956043956043956,NA,NA,NA,NA,NA,NA,NA,NA,NA
2024-2025,Smyth County,298,Southwest,school,174,710,Marion Elementary,58.38926174496645,NA,NA,NA,NA,NA,NA,NA,NA,NA
2024-2025,Smyth County,401,Southwest,school,230,680,Marion Middle,57.356608478803,NA,NA,NA,NA,NA,NA,NA,NA,NA
2024-2025,Smyth County,564,Southwest,school,309,700,Marion Senior High,54.78723404255319,NA,NA,NA,NA,NA,NA,NA,NA,NA
2024-2025,Smyth County,204,Southwest,school,118,250,Northwood High,57.84313725490197,NA,NA,NA,NA,NA,NA,NA,NA,NA
2024-2025,Smyth County,158,Southwest,school,96,120,Northwood Middle,60.75949367088608,NA,NA,NA,NA,NA,NA,NA,NA,NA
2024-2025,Smyth County,352,Southwest,school,226,690,Oak Point Elementary,64.20454545454545,NA,NA,NA,NA,NA,NA,NA,NA,NA
2024-2025,Smyth County,126,Southwest,school,67,720,Rich Valley Elementary,53.17460317460318,NA,NA,NA,NA,NA,NA,NA,NA,NA
2024-2025,Smyth County,189,Southwest,school,143,740,Saltville Elementary,75.66137566137566,NA,NA,NA,NA,NA,NA,NA,NA,NA
2024-2025,Smyth County,339,Southwest,school,207,770,Smyth County Virtual,61.06194690265486,NA,NA,NA,NA,NA,NA,NA,NA,NA
2024-2025,Smyth County,88,Southwest,school,46,555,Sugar Grove Elementary,52.27272727272727,NA,NA,NA,NA,NA,NA,NA,NA,NA
2024-2025,Southampton County,176,Tidewater,school,76,710,Capron Elementary,43.18181818181818,NA,NA,NA,NA,NA,NA,NA,NA,NA
2024-2025,Southampton County,218,Tidewater,school,107,20,Meherrin Elementary,49.08256880733945,NA,NA,NA,NA,NA,NA,NA,NA,NA
2024-2025,Southampton County,235,Tidewater,school,95,10,Nottoway Elementary,40.42553191489361,NA,NA,NA,NA,NA,NA,NA,NA,NA
2024-2025,Southampton County,533,Tidewater,school,266,780,Riverdale Elementary,49.906191369606,NA,NA,NA,NA,NA,NA,NA,NA,NA
2024-2025,Southampton County,704,Tidewater,school,306,690,Southampton High,43.465909090909086,NA,NA,NA,NA,NA,NA,NA,NA,NA
2024-2025,Southampton County,497,Tidewater,school,220,700,Southampton Middle,44.26559356136821,NA,NA,NA,NA,NA,NA,NA,NA,NA
2024-2025,Spotsylvania County,665,Northern Neck,school,338,10,Battlefield Elementary,50.82706766917293,NA,NA,NA,NA,NA,NA,NA,NA,NA
2024-2025,Spotsylvania County,780,Northern Neck,school,430,50,Battlefield Middle,55.12820512820513,NA,NA,NA,NA,NA,NA,NA,NA,NA
2024-2025,Spotsylvania County,275,Northern Neck,school,144,340,Berkeley Elementary,52.36363636363637,NA,NA,NA,NA,NA,NA,NA,NA,NA
2024-2025,Spotsylvania County,651,Northern Neck,school,260,400,Brock Road Elementary,39.93855606758833,NA,NA,NA,NA,NA,NA,NA,NA,NA
2024-2025,Spotsylvania County,793,Northern Neck,school,395,511,Cedar Forest Elementary,49.810844892812106,NA,NA,NA,NA,NA,NA,NA,NA,NA
2024-2025,Spotsylvania County,440,Northern Neck,school,106,40,Chancellor Elementary,24.09090909090909,NA,NA,NA,NA,NA,NA,NA,NA,NA
2024-2025,Spotsylvania County,1326,Northern Neck,school,664,381,Chancellor High,50.075414781297134,NA,NA,NA,NA,NA,NA,NA,NA,NA
2024-2025,Spotsylvania County,801,Northern Neck,school,409,382,Chancellor Middle,51.06117353308365,NA,NA,NA,NA,NA,NA,NA,NA,NA
2024-2025,Spotsylvania County,762,Northern Neck,school,380,501,Courthouse Road Elementary,49.86876640419948,NA,NA,NA,NA,NA,NA,NA,NA,NA
2024-2025,Spotsylvania County,559,Northern Neck,school,257,22,Courtland Elementary,45.97495527728086,NA,NA,NA,NA,NA,NA,NA,NA,NA
2024-2025,Spotsylvania County,1499,Northern Neck,school,609,20,Courtland High,40.62708472314876,NA,NA,NA,NA,NA,NA,NA,NA,NA
2024-2025,Spotsylvania County,764,Northern Neck,school,365,509,Freedom Middle,47.774869109947645,NA,NA,NA,NA,NA,NA,NA,NA,NA
2024-2025,Spotsylvania County,733,Northern Neck,school,440,507,Harrison Road Elementary,60.027285129604365,NA,NA,NA,NA,NA,NA,NA,NA,NA
2024-2025,Spotsylvania County,680,Northern Neck,school,352,30,Lee Hill Elementary,51.76470588235295,NA,NA,NA,NA,NA,NA,NA,NA,NA
2024-2025,Spotsylvania County,479,Northern Neck,school,242,350,Livingston Elementary,50.52192066805845,NA,NA,NA,NA,NA,NA,NA,NA,NA
2024-2025,Spotsylvania County,1696,Northern Neck,school,763,506,Massaponax High,44.988207547169814,NA,NA,NA,NA,NA,NA,NA,NA,NA
2024-2025,Spotsylvania County,692,Northern Neck,school,204,505,Ni River Middle,29.47976878612717,NA,NA,NA,NA,NA,NA,NA,NA,NA
2024-2025,Spotsylvania County,946,Northern Neck,school,477,508,Parkside Elementary,50.42283298097252,NA,NA,NA,NA,NA,NA,NA,NA,NA
2024-2025,Spotsylvania County,679,Northern Neck,school,323,220,Post Oak Middle,47.56995581737849,NA,NA,NA,NA,NA,NA,NA,NA,NA
2024-2025,Spotsylvania County,1916,Northern Neck,school,646,510,Riverbend High,33.7160751565762,NA,NA,NA,NA,NA,NA,NA,NA,NA
2024-2025,Spotsylvania County,701,Northern Neck,school,327,503,Riverview Elementary,46.64764621968616,NA,NA,NA,NA,NA,NA,NA,NA,NA
2024-2025,Spotsylvania County,573,Northern Neck,school,344,60,Salem Elementary,60.03490401396161,NA,NA,NA,NA,NA,NA,NA,NA,NA
2024-2025,Spotsylvania County,715,Northern Neck,school,365,390,Smith Station Elementary,51.048951048951054,NA,NA,NA,NA,NA,NA,NA,NA,NA
2024-2025,Spotsylvania County,526,Northern Neck,school,317,360,Spotswood Elementary,60.26615969581749,NA,NA,NA,NA,NA,NA,NA,NA,NA
2024-2025,Spotsylvania County,623,Northern Neck,school,284,130,Spotsylvania Elementary,45.585874799357946,NA,NA,NA,NA,NA,NA,NA,NA,NA
2024-2025,Spotsylvania County,1401,Northern Neck,school,572,370,Spotsylvania High,40.82798001427552,NA,NA,NA,NA,NA,NA,NA,NA,NA
2024-2025,Spotsylvania County,1010,Northern Neck,school,433,330,Spotsylvania Middle,42.87128712871287,NA,NA,NA,NA,NA,NA,NA,NA,NA
2024-2025,Spotsylvania County,755,Northern Neck,school,325,502,Thornburg Middle,43.04635761589404,NA,NA,NA,NA,NA,NA,NA,NA,NA
2024-2025,Spotsylvania County,655,Northern Neck,school,310,504,Wilderness Elementary,47.32824427480916,NA,NA,NA,NA,NA,NA,NA,NA,NA
2024-2025,Stafford County,857,Northern Neck,school,320,40,Andrew G. Wright Middle,37.33955659276546,NA,NA,NA,NA,NA,NA,NA,NA,NA
2024-2025,Stafford County,852,Northern Neck,school,550,260,Anne E. Moncure Elementary,64.55399061032864,NA,NA,NA,NA,NA,NA,NA,NA,NA
2024-2025,Stafford County,735,Northern Neck,school,360,433,Anthony Burns Elementary,48.97959183673469,NA,NA,NA,NA,NA,NA,NA,NA,NA
2024-2025,Stafford County,2209,Northern Neck,school,NA,421,Brooke Point High,NA,NA,NA,NA,NA,NA,NA,NA,NA,NA
2024-2025,Stafford County,2129,Northern Neck,school,719,424,Colonial Forge High,33.771723813997184,NA,NA,NA,NA,NA,NA,NA,NA,NA
2024-2025,Stafford County,904,Northern Neck,school,482,431,Conway Elementary,53.31858407079646,NA,NA,NA,NA,NA,NA,NA,NA,NA
2024-2025,Stafford County,891,Northern Neck,school,365,432,Donald B. Dixon-Lyle R. Smith Middle,40.9652076318743,NA,NA,NA,NA,NA,NA,NA,NA,NA
2024-2025,Stafford County,625,Northern Neck,school,333,10,Edward E. Drew Jr. Middle,53.28000000000001,NA,NA,NA,NA,NA,NA,NA,NA,NA
2024-2025,Stafford County,725,Northern Neck,school,385,280,Falmouth Elementary,53.103448275862064,NA,NA,NA,NA,NA,NA,NA,NA,NA
2024-2025,Stafford County,555,Northern Neck,school,276,230,Ferry Farm Elementary,49.72972972972973,NA,NA,NA,NA,NA,NA,NA,NA,NA
2024-2025,Stafford County,735,Northern Neck,school,310,41,Garrisonville Elementary,42.17687074829932,NA,NA,NA,NA,NA,NA,NA,NA,NA
2024-2025,Stafford County,739,Northern Neck,school,296,270,Grafton Village Elementary,40.054127198917456,NA,NA,NA,NA,NA,NA,NA,NA,NA
2024-2025,Stafford County,996,Northern Neck,school,471,422,H.H. Poole Middle,47.28915662650602,NA,NA,NA,NA,NA,NA,NA,NA,NA
2024-2025,Stafford County,891,Northern Neck,school,339,320,Hampton Oaks Elementary,38.04713804713805,NA,NA,NA,NA,NA,NA,NA,NA,NA
2024-2025,Stafford County,627,Northern Neck,school,209,250,Hartwood Elementary,33.33333333333333,NA,NA,NA,NA,NA,NA,NA,NA,NA
2024-2025,Stafford County,841,Northern Neck,school,534,427,Kate Waller Barrett Elementary,63.49583828775267,NA,NA,NA,NA,NA,NA,NA,NA,NA
2024-2025,Stafford County,796,Northern Neck,school,210,429,Margaret Brent Elementary,26.38190954773869,NA,NA,NA,NA,NA,NA,NA,NA,NA
2024-2025,Stafford County,2239,Northern Neck,school,652,430,Mountain View High,29.12014292094685,NA,NA,NA,NA,NA,NA,NA,NA,NA
2024-2025,Stafford County,1995,Northern Neck,school,NA,30,North Stafford High,NA,NA,NA,NA,NA,NA,NA,NA,NA,NA
2024-2025,Stafford County,313,Northern Neck,school,152,992,North Star Early Childhood Education Center,48.56230031948881,NA,NA,NA,NA,NA,NA,NA,NA,NA
2024-2025,Stafford County,910,Northern Neck,school,336,300,Park Ridge Elementary,36.92307692307693,NA,NA,NA,NA,NA,NA,NA,NA,NA
2024-2025,Stafford County,320,Northern Neck,school,184,920,Rising Star Early Childhood Education Center at Melchers,57.49999999999999,NA,NA,NA,NA,NA,NA,NA,NA,NA
2024-2025,Stafford County,640,Northern Neck,school,297,60,Rockhill Elementary,46.40625,NA,NA,NA,NA,NA,NA,NA,NA,NA
2024-2025,Stafford County,913,Northern Neck,school,459,425,Rocky Run Elementary,50.273822562979184,NA,NA,NA,NA,NA,NA,NA,NA,NA
2024-2025,Stafford County,1071,Northern Neck,school,335,426,Rodney E. Thompson Middle,31.279178338001866,NA,NA,NA,NA,NA,NA,NA,NA,NA
2024-2025,Stafford County,955,Northern Neck,school,600,440,Shirley C. Heim Middle,62.82722513089005,NA,NA,NA,NA,NA,NA,NA,NA,NA
2024-2025,Stafford County,879,Northern Neck,school,418,111,Stafford Elementary,47.55403868031854,NA,NA,NA,NA,NA,NA,NA,NA,NA
2024-2025,Stafford County,963,Northern Neck,school,535,112,Stafford Middle,55.55555555555556,NA,NA,NA,NA,NA,NA,NA,NA,NA
2024-2025,Stafford County,2202,Northern Neck,school,NA,20,Stafford Senior High,NA,NA,NA,NA,NA,NA,NA,NA,NA,NA
2024-2025,Stafford County,945,Northern Neck,school,476,162,T. Benton Gayle Middle,50.37037037037037,NA,NA,NA,NA,NA,NA,NA,NA,NA
2024-2025,Stafford County,699,Northern Neck,school,382,50,Widewater Elementary,54.64949928469242,NA,NA,NA,NA,NA,NA,NA,NA,NA
2024-2025,Stafford County,841,Northern Neck,school,332,423,Winding Creek Elementary,39.47681331747919,NA,NA,NA,NA,NA,NA,NA,NA,NA
2024-2025,Staunton City,372,Valley,school,168,40,Arthur R. Ware Elementary,45.16129032258064,NA,NA,NA,NA,NA,NA,NA,NA,NA
2024-2025,Staunton City,373,Valley,school,213,70,Bessie Weller Elementary,57.10455764075068,NA,NA,NA,NA,NA,NA,NA,NA,NA
2024-2025,Staunton City,583,Valley,school,273,110,Shelburne Middle,46.82675814751286,NA,NA,NA,NA,NA,NA,NA,NA,NA
2024-2025,Staunton City,149,Valley,school,105,41,Staunton City School PreSchool Programs,70.46979865771812,NA,NA,NA,NA,NA,NA,NA,NA,NA
2024-2025,Staunton City,768,Valley,school,320,30,Staunton High,41.66666666666667,NA,NA,NA,NA,NA,NA,NA,NA,NA
2024-2025,Staunton City,449,Valley,school,204,90,Thomas C. McSwain Elementary,45.43429844097995,NA,NA,NA,NA,NA,NA,NA,NA,NA
2024-2025,Suffolk City,362,Tidewater,school,214,50,Booker T. Washington Elementary,59.11602209944752,NA,NA,NA,NA,NA,NA,NA,NA,NA
2024-2025,Suffolk City,736,Tidewater,school,266,397,Colonel Fred Cherry Middle,36.141304347826086,NA,NA,NA,NA,NA,NA,NA,NA,NA
2024-2025,Suffolk City,764,Tidewater,school,289,440,Creekside Elementary,37.82722513089005,NA,NA,NA,NA,NA,NA,NA,NA,NA
2024-2025,Suffolk City,653,Tidewater,school,362,210,Elephant's Fork Elementary,55.4364471669219,NA,NA,NA,NA,NA,NA,NA,NA,NA
2024-2025,Suffolk City,926,Tidewater,school,265,90,Florence Bowser Elementary,28.61771058315335,NA,NA,NA,NA,NA,NA,NA,NA,NA
2024-2025,Suffolk City,433,Tidewater,school,178,390,Forest Glen Middle,41.10854503464203,NA,NA,NA,NA,NA,NA,NA,NA,NA
2024-2025,Suffolk City,780,Tidewater,school,369,450,Hillpoint Elementary,47.30769230769231,NA,NA,NA,NA,NA,NA,NA,NA,NA
2024-2025,Suffolk City,498,Tidewater,school,304,370,John F. Kennedy Middle,61.044176706827315,NA,NA,NA,NA,NA,NA,NA,NA,NA
2024-2025,Suffolk City,509,Tidewater,school,108,380,John Yeates Middle,21.218074656188605,NA,NA,NA,NA,NA,NA,NA,NA,NA
2024-2025,Suffolk City,494,Tidewater,school,196,230,Kilby Shores Elementary,39.67611336032389,NA,NA,NA,NA,NA,NA,NA,NA,NA
2024-2025,Suffolk City,1686,Tidewater,school,790,395,King's Fork High,46.8564650059312,NA,NA,NA,NA,NA,NA,NA,NA,NA
2024-2025,Suffolk City,986,Tidewater,school,507,393,King's Fork Middle,51.41987829614605,NA,NA,NA,NA,NA,NA,NA,NA,NA
2024-2025,Suffolk City,1048,Tidewater,school,523,300,Lakeland High,49.904580152671755,NA,NA,NA,NA,NA,NA,NA,NA,NA
2024-2025,Suffolk City,713,Tidewater,school,422,330,Mack Benn Jr. Elementary,59.18653576437588,NA,NA,NA,NA,NA,NA,NA,NA,NA
2024-2025,Suffolk City,456,Tidewater,school,193,220,Nansemond Parkway Elementary,42.32456140350877,NA,NA,NA,NA,NA,NA,NA,NA,NA
2024-2025,Suffolk City,1683,Tidewater,school,473,240,Nansemond River High,28.104575163398692,NA,NA,NA,NA,NA,NA,NA,NA,NA
2024-2025,Suffolk City,798,Tidewater,school,196,391,Northern Shores Elementary,24.561403508771928,NA,NA,NA,NA,NA,NA,NA,NA,NA
2024-2025,Suffolk City,464,Tidewater,school,171,70,Oakland Elementary,36.853448275862064,NA,NA,NA,NA,NA,NA,NA,NA,NA
2024-2025,Suffolk City,579,Tidewater,school,229,47,Southwestern Elementary,39.55094991364421,NA,NA,NA,NA,NA,NA,NA,NA,NA
2024-2025,Surry County,201,Central Virginia,school,119,30,Luther P. Jackson Middle,59.20398009950249,NA,NA,NA,NA,NA,NA,NA,NA,NA
2024-2025,Surry County,201,Central Virginia,school,97,10,Surry County High,48.258706467661696,NA,NA,NA,NA,NA,NA,NA,NA,NA
2024-2025,Surry County,292,Central Virginia,school,164,20,Surry Elementary,56.16438356164384,NA,NA,NA,NA,NA,NA,NA,NA,NA
2024-2025,Sussex County,478,Central Virginia,school,369,483,Sussex Central Elementary,77.19665271966527,NA,NA,NA,NA,NA,NA,NA,NA,NA
2024-2025,Sussex County,331,Central Virginia,school,211,340,Sussex Central High,63.74622356495468,NA,NA,NA,NA,NA,NA,NA,NA,NA
2024-2025,Sussex County,238,Central Virginia,school,172,482,Sussex Central Middle,72.26890756302521,NA,NA,NA,NA,NA,NA,NA,NA,NA
2024-2025,Tazewell County,144,Southwest,school,91,1020,Abb's Valley-Boissevain Elementary,63.19444444444444,NA,NA,NA,NA,NA,NA,NA,NA,NA
2024-2025,Tazewell County,308,Southwest,school,187,830,Cedar Bluff Elementary,60.71428571428571,NA,NA,NA,NA,NA,NA,NA,NA,NA
2024-2025,Tazewell County,208,Southwest,school,121,750,Dudley Primary,58.17307692307693,NA,NA,NA,NA,NA,NA,NA,NA,NA
2024-2025,Tazewell County,494,Southwest,school,221,940,Graham High,44.73684210526316,NA,NA,NA,NA,NA,NA,NA,NA,NA
2024-2025,Tazewell County,404,Southwest,school,203,960,Graham Intermediate,50.24752475247525,NA,NA,NA,NA,NA,NA,NA,NA,NA
2024-2025,Tazewell County,339,Southwest,school,160,10,Graham Middle,47.1976401179941,NA,NA,NA,NA,NA,NA,NA,NA,NA
2024-2025,Tazewell County,576,Southwest,school,375,822,Richlands Elementary,65.10416666666666,NA,NA,NA,NA,NA,NA,NA,NA,NA
2024-2025,Tazewell County,557,Southwest,school,326,821,Richlands High,58.52782764811491,NA,NA,NA,NA,NA,NA,NA,NA,NA
2024-2025,Tazewell County,447,Southwest,school,265,823,Richlands Middle,59.28411633109619,NA,NA,NA,NA,NA,NA,NA,NA,NA
2024-2025,Tazewell County,509,Southwest,school,275,890,Tazewell High,54.02750491159135,NA,NA,NA,NA,NA,NA,NA,NA,NA
2024-2025,Tazewell County,371,Southwest,school,247,450,Tazewell Intermediate,66.57681940700809,NA,NA,NA,NA,NA,NA,NA,NA,NA
2024-2025,Tazewell County,377,Southwest,school,242,100,Tazewell Middle,64.19098143236074,NA,NA,NA,NA,NA,NA,NA,NA,NA
2024-2025,Tazewell County,405,Southwest,school,264,1030,Tazewell Primary,65.18518518518519,NA,NA,NA,NA,NA,NA,NA,NA,NA
2024-2025,Virginia Beach City,633,Tidewater,school,269,590,Alanton Elementary,42.49605055292259,NA,NA,NA,NA,NA,NA,NA,NA,NA
2024-2025,Virginia Beach City,500,Tidewater,school,268,550,Arrowhead Elementary,53.6,NA,NA,NA,NA,NA,NA,NA,NA,NA
2024-2025,Virginia Beach City,330,Tidewater,school,239,115,Bayside 6th Grade Campus,72.42424242424242,NA,NA,NA,NA,NA,NA,NA,NA,NA
2024-2025,Virginia Beach City,546,Tidewater,school,339,280,Bayside Elementary,62.08791208791209,NA,NA,NA,NA,NA,NA,NA,NA,NA
2024-2025,Virginia Beach City,1988,Tidewater,school,NA,530,Bayside High,NA,NA,NA,NA,NA,NA,NA,NA,NA,NA
2024-2025,Virginia Beach City,628,Tidewater,school,440,700,Bayside Middle,70.06369426751591,NA,NA,NA,NA,NA,NA,NA,NA,NA
2024-2025,Virginia Beach City,584,Tidewater,school,367,60,Birdneck Elementary,62.84246575342466,NA,NA,NA,NA,NA,NA,NA,NA,NA
2024-2025,Virginia Beach City,1053,Tidewater,school,555,790,Brandon Middle,52.70655270655271,NA,NA,NA,NA,NA,NA,NA,NA,NA
2024-2025,Virginia Beach City,574,Tidewater,school,324,630,Brookwood Elementary,56.44599303135889,NA,NA,NA,NA,NA,NA,NA,NA,NA
2024-2025,Virginia Beach City,570,Tidewater,school,178,40,Centerville Elementary,31.2280701754386,NA,NA,NA,NA,NA,NA,NA,NA,NA
2024-2025,Virginia Beach City,626,Tidewater,school,235,990,Christopher Farms Elementary,37.53993610223642,NA,NA,NA,NA,NA,NA,NA,NA,NA
2024-2025,Virginia Beach City,496,Tidewater,school,350,720,College Park Elementary,70.56451612903226,NA,NA,NA,NA,NA,NA,NA,NA,NA
2024-2025,Virginia Beach City,416,Tidewater,school,251,1041,Corporate Landing Elementary,60.33653846153846,NA,NA,NA,NA,NA,NA,NA,NA,NA
2024-2025,Virginia Beach City,998,Tidewater,school,523,980,Corporate Landing Middle,52.40480961923848,NA,NA,NA,NA,NA,NA,NA,NA,NA
2024-2025,Virginia Beach City,333,Tidewater,school,83,230,Creeds Elementary,24.924924924924923,NA,NA,NA,NA,NA,NA,NA,NA,NA
2024-2025,Virginia Beach City,467,Tidewater,school,341,106,Diamond Springs Elementary,73.01927194860814,NA,NA,NA,NA,NA,NA,NA,NA,NA
2024-2025,Virginia Beach City,478,Tidewater,school,213,780,Fairfield Elementary,44.56066945606695,NA,NA,NA,NA,NA,NA,NA,NA,NA
2024-2025,Virginia Beach City,1727,Tidewater,school,824,610,First Colonial High,47.71279675738275,NA,NA,NA,NA,NA,NA,NA,NA,NA
2024-2025,Virginia Beach City,1846,Tidewater,school,295,440,Floyd Kellam High,15.98049837486457,NA,NA,NA,NA,NA,NA,NA,NA,NA
2024-2025,Virginia Beach City,1642,Tidewater,school,559,30,Frank W. Cox High,34.04384896467722,NA,NA,NA,NA,NA,NA,NA,NA,NA
2024-2025,Virginia Beach City,896,Tidewater,school,424,870,Glenwood Elementary,47.32142857142857,NA,NA,NA,NA,NA,NA,NA,NA,NA
2024-2025,Virginia Beach City,1039,Tidewater,school,376,430,Great Neck Middle,36.18864292589028,NA,NA,NA,NA,NA,NA,NA,NA,NA
2024-2025,Virginia Beach City,391,Tidewater,school,214,1050,Green Run Collegiate,54.73145780051151,NA,NA,NA,NA,NA,NA,NA,NA,NA
2024-2025,Virginia Beach City,350,Tidewater,school,230,770,Green Run Elementary,65.71428571428571,NA,NA,NA,NA,NA,NA,NA,NA,NA
2024-2025,Virginia Beach City,1472,Tidewater,school,954,10,Green Run High,64.80978260869566,NA,NA,NA,NA,NA,NA,NA,NA,NA
2024-2025,Virginia Beach City,552,Tidewater,school,252,540,Hermitage Elementary,45.65217391304348,NA,NA,NA,NA,NA,NA,NA,NA,NA
2024-2025,Virginia Beach City,435,Tidewater,school,331,600,Holland Elementary,76.0919540229885,NA,NA,NA,NA,NA,NA,NA,NA,NA
2024-2025,Virginia Beach City,1193,Tidewater,school,696,740,Independence Middle,58.34031852472757,NA,NA,NA,NA,NA,NA,NA,NA,NA
2024-2025,Virginia Beach City,516,Tidewater,school,235,800,Indian Lakes Elementary,45.542635658914726,NA,NA,NA,NA,NA,NA,NA,NA,NA
2024-2025,Virginia Beach City,745,Tidewater,school,171,360,John B. Dey Elementary,22.95302013422819,NA,NA,NA,NA,NA,NA,NA,NA,NA
2024-2025,Virginia Beach City,498,Tidewater,school,200,450,Kempsville Elementary,40.16064257028113,NA,NA,NA,NA,NA,NA,NA,NA,NA
2024-2025,Virginia Beach City,2057,Tidewater,school,NA,620,Kempsville High,NA,NA,NA,NA,NA,NA,NA,NA,NA,NA
2024-2025,Virginia Beach City,438,Tidewater,school,206,410,Kempsville Meadows Elementary,47.03196347031963,NA,NA,NA,NA,NA,NA,NA,NA,NA
2024-2025,Virginia Beach City,728,Tidewater,school,365,690,Kempsville Middle,50.137362637362635,NA,NA,NA,NA,NA,NA,NA,NA,NA
2024-2025,Virginia Beach City,475,Tidewater,school,212,420,King's Grant Elementary,44.631578947368425,NA,NA,NA,NA,NA,NA,NA,NA,NA
2024-2025,Virginia Beach City,518,Tidewater,school,70,580,Kingston Elementary,13.513513513513514,NA,NA,NA,NA,NA,NA,NA,NA,NA
2024-2025,Virginia Beach City,632,Tidewater,school,281,932,Landstown Elementary,44.462025316455694,NA,NA,NA,NA,NA,NA,NA,NA,NA
2024-2025,Virginia Beach City,2157,Tidewater,school,940,1030,Landstown High,43.579044969865556,NA,NA,NA,NA,NA,NA,NA,NA,NA
2024-2025,Virginia Beach City,1272,Tidewater,school,560,931,Landstown Middle,44.0251572327044,NA,NA,NA,NA,NA,NA,NA,NA,NA
2024-2025,Virginia Beach City,1491,Tidewater,school,929,970,Larkspur Middle,62.30717639168344,NA,NA,NA,NA,NA,NA,NA,NA,NA
2024-2025,Virginia Beach City,514,Tidewater,school,246,330,Linkhorn Park Elementary,47.85992217898833,NA,NA,NA,NA,NA,NA,NA,NA,NA
2024-2025,Virginia Beach City,476,Tidewater,school,281,460,Luxford Elementary,59.03361344537815,NA,NA,NA,NA,NA,NA,NA,NA,NA
2024-2025,Virginia Beach City,340,Tidewater,school,234,520,Lynnhaven Elementary,68.82352941176471,NA,NA,NA,NA,NA,NA,NA,NA,NA
2024-2025,Virginia Beach City,727,Tidewater,school,386,730,Lynnhaven Middle,53.0949105914718,NA,NA,NA,NA,NA,NA,NA,NA,NA
2024-2025,Virginia Beach City,398,Tidewater,school,198,500,Malibu Elementary,49.74874371859296,NA,NA,NA,NA,NA,NA,NA,NA,NA
2024-2025,Virginia Beach City,728,Tidewater,school,191,1020,New Castle Elementary,26.236263736263737,NA,NA,NA,NA,NA,NA,NA,NA,NA
2024-2025,Virginia Beach City,409,Tidewater,school,330,710,Newtown Elementary,80.68459657701712,NA,NA,NA,NA,NA,NA,NA,NA,NA
2024-2025,Virginia Beach City,463,Tidewater,school,110,760,North Landing Elementary,23.758099352051836,NA,NA,NA,NA,NA,NA,NA,NA,NA
2024-2025,Virginia Beach City,530,Tidewater,school,180,880,Ocean Lakes Elementary,33.9622641509434,NA,NA,NA,NA,NA,NA,NA,NA,NA
2024-2025,Virginia Beach City,1839,Tidewater,school,649,960,Ocean Lakes High,35.290918977705275,NA,NA,NA,NA,NA,NA,NA,NA,NA
2024-2025,Virginia Beach City,1377,Tidewater,school,282,80,Old Donation School,20.47930283224401,NA,NA,NA,NA,NA,NA,NA,NA,NA
2024-2025,Virginia Beach City,465,Tidewater,school,335,820,Parkway Elementary,72.04301075268818,NA,NA,NA,NA,NA,NA,NA,NA,NA
2024-2025,Virginia Beach City,529,Tidewater,school,313,490,Pembroke Elementary,59.168241965973536,NA,NA,NA,NA,NA,NA,NA,NA,NA
2024-2025,Virginia Beach City,485,Tidewater,school,217,660,Pembroke Meadows Elementary,44.74226804123712,NA,NA,NA,NA,NA,NA,NA,NA,NA
2024-2025,Virginia Beach City,1033,Tidewater,school,563,640,Plaza Middle,54.50145208131656,NA,NA,NA,NA,NA,NA,NA,NA,NA
2024-2025,Virginia Beach City,692,Tidewater,school,446,680,Point O' View Elementary,64.45086705202311,NA,NA,NA,NA,NA,NA,NA,NA,NA
2024-2025,Virginia Beach City,654,Tidewater,school,82,340,Princess Anne Elementary,12.538226299694188,NA,NA,NA,NA,NA,NA,NA,NA,NA
2024-2025,Virginia Beach City,1629,Tidewater,school,619,321,Princess Anne High,37.9987722529159,NA,NA,NA,NA,NA,NA,NA,NA,NA
2024-2025,Virginia Beach City,1358,Tidewater,school,235,750,Princess Anne Middle,17.304860088365242,NA,NA,NA,NA,NA,NA,NA,NA,NA
2024-2025,Virginia Beach City,547,Tidewater,school,241,692,Providence Elementary,44.05850091407678,NA,NA,NA,NA,NA,NA,NA,NA,NA
2024-2025,Virginia Beach City,586,Tidewater,school,100,900,Red Mill Elementary,17.064846416382252,NA,NA,NA,NA,NA,NA,NA,NA,NA
2024-2025,Virginia Beach City,387,Tidewater,school,224,810,Rosemont Elementary,57.88113695090439,NA,NA,NA,NA,NA,NA,NA,NA,NA
2024-2025,Virginia Beach City,497,Tidewater,school,167,840,Rosemont Forest Elementary,33.601609657947684,NA,NA,NA,NA,NA,NA,NA,NA,NA
2024-2025,Virginia Beach City,541,Tidewater,school,211,830,Salem Elementary,39.00184842883549,NA,NA,NA,NA,NA,NA,NA,NA,NA
2024-2025,Virginia Beach City,1700,Tidewater,school,685,850,Salem High,40.294117647058826,NA,NA,NA,NA,NA,NA,NA,NA,NA
2024-2025,Virginia Beach City,1072,Tidewater,school,450,50,Salem Middle,41.97761194029851,NA,NA,NA,NA,NA,NA,NA,NA,NA
2024-2025,Virginia Beach City,393,Tidewater,school,317,290,Seatack Elementary an Achievable Dream Academy,80.6615776081425,NA,NA,NA,NA,NA,NA,NA,NA,NA
2024-2025,Virginia Beach City,416,Tidewater,school,210,300,Shelton Park Elementary,50.480769230769226,NA,NA,NA,NA,NA,NA,NA,NA,NA
2024-2025,Virginia Beach City,610,Tidewater,school,144,940,Strawbridge Elementary,23.60655737704918,NA,NA,NA,NA,NA,NA,NA,NA,NA
2024-2025,Virginia Beach City,601,Tidewater,school,280,910,Tallwood Elementary,46.58901830282861,NA,NA,NA,NA,NA,NA,NA,NA,NA
2024-2025,Virginia Beach City,1899,Tidewater,school,NA,920,Tallwood High,NA,NA,NA,NA,NA,NA,NA,NA,NA,NA
2024-2025,Virginia Beach City,590,Tidewater,school,330,350,Thalia Elementary,55.932203389830505,NA,NA,NA,NA,NA,NA,NA,NA,NA
2024-2025,Virginia Beach City,768,Tidewater,school,165,400,Thoroughgood Elementary,21.484375,NA,NA,NA,NA,NA,NA,NA,NA,NA
2024-2025,Virginia Beach City,706,Tidewater,school,138,100,Three Oaks Elementary,19.54674220963173,NA,NA,NA,NA,NA,NA,NA,NA,NA
2024-2025,Virginia Beach City,561,Tidewater,school,150,510,Trantwood Elementary,26.737967914438503,NA,NA,NA,NA,NA,NA,NA,NA,NA
2024-2025,Virginia Beach City,686,Tidewater,school,346,140,Virginia Beach Middle,50.437317784256564,NA,NA,NA,NA,NA,NA,NA,NA,NA
2024-2025,Virginia Beach City,555,Tidewater,school,227,130,W.T. Cooke Elementary,40.9009009009009,NA,NA,NA,NA,NA,NA,NA,NA,NA
2024-2025,Virginia Beach City,654,Tidewater,school,378,20,White Oaks Elementary,57.798165137614674,NA,NA,NA,NA,NA,NA,NA,NA,NA
2024-2025,Virginia Beach City,444,Tidewater,school,334,470,Williams Elementary,75.22522522522522,NA,NA,NA,NA,NA,NA,NA,NA,NA
2024-2025,Virginia Beach City,497,Tidewater,school,274,670,Windsor Oaks Elementary,55.13078470824949,NA,NA,NA,NA,NA,NA,NA,NA,NA
2024-2025,Virginia Beach City,487,Tidewater,school,248,560,Windsor Woods Elementary,50.92402464065708,NA,NA,NA,NA,NA,NA,NA,NA,NA
2024-2025,Virginia Beach City,690,Tidewater,school,374,390,Woodstock Elementary,54.20289855072464,NA,NA,NA,NA,NA,NA,NA,NA,NA
2024-2025,Warren County,265,Northern Virginia,school,106,90,A.S. Rhodes Elementary,40,NA,NA,NA,NA,NA,NA,NA,NA,NA
2024-2025,Warren County,458,Northern Virginia,school,263,140,E. Wilson Morrison Elementary,57.42358078602619,NA,NA,NA,NA,NA,NA,NA,NA,NA
2024-2025,Warren County,453,Northern Virginia,school,172,371,Hilda J. Barbour Elementary,37.969094922737305,NA,NA,NA,NA,NA,NA,NA,NA,NA
2024-2025,Warren County,474,Northern Virginia,school,201,20,Leslie Fox Keyser Elementary,42.405063291139236,NA,NA,NA,NA,NA,NA,NA,NA,NA
2024-2025,Warren County,650,Northern Virginia,school,332,240,Ressie Jeffries Elementary,51.07692307692307,NA,NA,NA,NA,NA,NA,NA,NA,NA
2024-2025,Warren County,850,Northern Virginia,school,365,250,Skyline High,42.94117647058823,NA,NA,NA,NA,NA,NA,NA,NA,NA
2024-2025,Warren County,537,Northern Virginia,school,242,260,Skyline Middle,45.06517690875233,NA,NA,NA,NA,NA,NA,NA,NA,NA
2024-2025,Warren County,774,Northern Virginia,school,274,230,Warren County High,35.400516795865634,NA,NA,NA,NA,NA,NA,NA,NA,NA
2024-2025,Warren County,570,Northern Virginia,school,209,280,Warren County Middle,36.666666666666664,NA,NA,NA,NA,NA,NA,NA,NA,NA
2024-2025,Washington County,426,Southwest,school,161,1080,Abingdon Elementary,37.79342723004695,NA,NA,NA,NA,NA,NA,NA,NA,NA
2024-2025,Washington County,919,Southwest,school,333,1030,Abingdon High,36.235038084874866,NA,NA,NA,NA,NA,NA,NA,NA,NA
2024-2025,Washington County,188,Southwest,school,100,40,Damascus Middle,53.191489361702125,NA,NA,NA,NA,NA,NA,NA,NA,NA
2024-2025,Washington County,659,Southwest,school,222,1110,E.B. Stanley Middle,33.68740515933232,NA,NA,NA,NA,NA,NA,NA,NA,NA
2024-2025,Washington County,228,Southwest,school,118,1090,Glade Spring Middle,51.75438596491229,NA,NA,NA,NA,NA,NA,NA,NA,NA
2024-2025,Washington County,257,Southwest,school,131,260,Greendale Elementary,50.97276264591439,NA,NA,NA,NA,NA,NA,NA,NA,NA
2024-2025,Washington County,582,Southwest,school,195,1070,High Point Elementary,33.50515463917525,NA,NA,NA,NA,NA,NA,NA,NA,NA
2024-2025,Washington County,256,Southwest,school,120,1060,Holston High,46.875,NA,NA,NA,NA,NA,NA,NA,NA,NA
2024-2025,Washington County,614,Southwest,school,200,1040,John S. Battle High,32.57328990228013,NA,NA,NA,NA,NA,NA,NA,NA,NA
2024-2025,Washington County,545,Southwest,school,182,20,Meadowview Elementary,33.39449541284404,NA,NA,NA,NA,NA,NA,NA,NA,NA
2024-2025,Washington County,395,Southwest,school,183,1050,Patrick Henry High,46.32911392405064,NA,NA,NA,NA,NA,NA,NA,NA,NA
2024-2025,Washington County,404,Southwest,school,205,50,Rhea Valley Elementary,50.742574257425744,NA,NA,NA,NA,NA,NA,NA,NA,NA
2024-2025,Washington County,250,Southwest,school,147,1020,Valley Institute Elementary,58.8,NA,NA,NA,NA,NA,NA,NA,NA,NA
2024-2025,Washington County,443,Southwest,school,190,620,Wallace Middle,42.88939051918736,NA,NA,NA,NA,NA,NA,NA,NA,NA
2024-2025,Washington County,581,Southwest,school,168,70,Watauga Elementary,28.915662650602407,NA,NA,NA,NA,NA,NA,NA,NA,NA
2024-2025,Waynesboro City,256,Valley,school,139,650,Berkeley Glenn Elementary,54.296875,NA,NA,NA,NA,NA,NA,NA,NA,NA
2024-2025,Waynesboro City,602,Valley,school,302,640,Kate Collins Middle,50.16611295681063,NA,NA,NA,NA,NA,NA,NA,NA,NA
2024-2025,Waynesboro City,184,Valley,school,100,620,Wayne Hills Center,54.347826086956516,NA,NA,NA,NA,NA,NA,NA,NA,NA
2024-2025,Waynesboro City,927,Valley,school,445,600,Waynesboro High,48.004314994606254,NA,NA,NA,NA,NA,NA,NA,NA,NA
2024-2025,Waynesboro City,246,Valley,school,178,580,Wenonah Elementary,72.35772357723577,NA,NA,NA,NA,NA,NA,NA,NA,NA
2024-2025,Waynesboro City,382,Valley,school,196,630,Westwood Hills Elementary,51.30890052356021,NA,NA,NA,NA,NA,NA,NA,NA,NA
2024-2025,Waynesboro City,447,Valley,school,279,751,William Perry Elementary,62.41610738255034,NA,NA,NA,NA,NA,NA,NA,NA,NA
2024-2025,West Point,409,Northern Neck,school,139,280,West Point Elementary,33.98533007334964,NA,NA,NA,NA,NA,NA,NA,NA,NA
2024-2025,West Point,434,Northern Neck,school,174,290,West Point Middle/High,40.09216589861751,NA,NA,NA,NA,NA,NA,NA,NA,NA
2024-2025,Westmoreland County,337,Northern Neck,school,202,210,Cople Elementary,59.940652818991104,NA,NA,NA,NA,NA,NA,NA,NA,NA
2024-2025,Westmoreland County,334,Northern Neck,school,176,300,Montross Middle,52.69461077844312,NA,NA,NA,NA,NA,NA,NA,NA,NA
2024-2025,Westmoreland County,415,Northern Neck,school,233,310,Washington District Elementary,56.144578313253014,NA,NA,NA,NA,NA,NA,NA,NA,NA
2024-2025,Westmoreland County,488,Northern Neck,school,251,120,Westmoreland High,51.434426229508205,NA,NA,NA,NA,NA,NA,NA,NA,NA
2024-2025,Williamsburg-James City County,666,Tidewater,school,231,60,Berkeley Middle,34.68468468468468,NA,NA,NA,NA,NA,NA,NA,NA,NA
2024-2025,Williamsburg-James City County,520,Tidewater,school,179,40,Clara Byrd Baker Elementary,34.42307692307692,NA,NA,NA,NA,NA,NA,NA,NA,NA
2024-2025,Williamsburg-James City County,538,Tidewater,school,201,80,D.J. Montague Elementary,37.36059479553903,NA,NA,NA,NA,NA,NA,NA,NA,NA
2024-2025,Williamsburg-James City County,566,Tidewater,school,175,190,J. Blaine Blayton Elementary,30.918727915194346,NA,NA,NA,NA,NA,NA,NA,NA,NA
2024-2025,Williamsburg-James City County,506,Tidewater,school,203,25,James Blair Middle,40.11857707509881,NA,NA,NA,NA,NA,NA,NA,NA,NA
2024-2025,Williamsburg-James City County,449,Tidewater,school,269,201,James River Elementary,59.910913140311806,NA,NA,NA,NA,NA,NA,NA,NA,NA
2024-2025,Williamsburg-James City County,1244,Tidewater,school,324,202,Jamestown High,26.04501607717042,NA,NA,NA,NA,NA,NA,NA,NA,NA
2024-2025,Williamsburg-James City County,1251,Tidewater,school,459,90,Lafayette High,36.69064748201439,NA,NA,NA,NA,NA,NA,NA,NA,NA
2024-2025,Williamsburg-James City County,600,Tidewater,school,199,50,Laurel Lane Elementary,33.166666666666664,NA,NA,NA,NA,NA,NA,NA,NA,NA
2024-2025,Williamsburg-James City County,805,Tidewater,school,276,191,Lois Hornsby Middle,34.285714285714285,NA,NA,NA,NA,NA,NA,NA,NA,NA
2024-2025,Williamsburg-James City County,595,Tidewater,school,128,205,Matoaka Elementary,21.51260504201681,NA,NA,NA,NA,NA,NA,NA,NA,NA
2024-2025,Williamsburg-James City County,485,Tidewater,school,209,10,Matthew Whaley Elementary,43.09278350515464,NA,NA,NA,NA,NA,NA,NA,NA,NA
2024-2025,Williamsburg-James City County,683,Tidewater,school,232,70,Norge Elementary,33.96778916544656,NA,NA,NA,NA,NA,NA,NA,NA,NA
2024-2025,Williamsburg-James City County,838,Tidewater,school,207,203,Stonehouse Elementary,24.701670644391406,NA,NA,NA,NA,NA,NA,NA,NA,NA
2024-2025,Williamsburg-James City County,704,Tidewater,school,231,100,Toano Middle,32.8125,NA,NA,NA,NA,NA,NA,NA,NA,NA
2024-2025,Williamsburg-James City County,1279,Tidewater,school,465,204,Warhill High,36.356528537920255,NA,NA,NA,NA,NA,NA,NA,NA,NA
2024-2025,Winchester City,575,Northern Virginia,school,350,75,Daniel Morgan Intermediate,60.86956521739131,NA,NA,NA,NA,NA,NA,NA,NA,NA
2024-2025,Winchester City,642,Northern Virginia,school,395,70,Daniel Morgan Middle,61.52647975077882,NA,NA,NA,NA,NA,NA,NA,NA,NA
2024-2025,Winchester City,376,Northern Virginia,school,177,80,Frederick Douglass Elementary,47.07446808510639,NA,NA,NA,NA,NA,NA,NA,NA,NA
2024-2025,Winchester City,410,Northern Virginia,school,216,50,Garland R. Quarles Elementary,52.6829268292683,NA,NA,NA,NA,NA,NA,NA,NA,NA
2024-2025,Winchester City,1361,Northern Virginia,school,848,40,John Handley High,62.30712711241734,NA,NA,NA,NA,NA,NA,NA,NA,NA
2024-2025,Winchester City,583,Northern Virginia,school,316,90,John Kerr Elementary,54.20240137221269,NA,NA,NA,NA,NA,NA,NA,NA,NA
2024-2025,Winchester City,415,Northern Virginia,school,262,20,Virginia Avenue Charlotte Dehart Elementary,63.132530120481924,NA,NA,NA,NA,NA,NA,NA,NA,NA
2024-2025,Wise County,676,Southwest,school,375,1000,Central High,55.47337278106509,NA,NA,NA,NA,NA,NA,NA,NA,NA
2024-2025,Wise County,304,Southwest,school,227,651,Coeburn Middle,74.67105263157895,NA,NA,NA,NA,NA,NA,NA,NA,NA
2024-2025,Wise County,420,Southwest,school,320,653,Coeburn Primary,76.19047619047619,NA,NA,NA,NA,NA,NA,NA,NA,NA
2024-2025,Wise County,418,Southwest,school,275,652,Eastside High,65.78947368421053,NA,NA,NA,NA,NA,NA,NA,NA,NA
2024-2025,Wise County,523,Southwest,school,304,73,J.W. Adams Combined,58.12619502868069,NA,NA,NA,NA,NA,NA,NA,NA,NA
2024-2025,Wise County,387,Southwest,school,219,320,L.F. Addington Middle,56.58914728682171,NA,NA,NA,NA,NA,NA,NA,NA,NA
2024-2025,Wise County,514,Southwest,school,336,871,St. Paul Elementary,65.36964980544747,NA,NA,NA,NA,NA,NA,NA,NA,NA
2024-2025,Wise County,564,Southwest,school,367,1010,Union High,65.0709219858156,NA,NA,NA,NA,NA,NA,NA,NA,NA
2024-2025,Wise County,561,Southwest,school,388,1013,Union Middle,69.16221033868094,NA,NA,NA,NA,NA,NA,NA,NA,NA
2024-2025,Wise County,809,Southwest,school,567,1012,Union Primary,70.08652657601978,NA,NA,NA,NA,NA,NA,NA,NA,NA
2024-2025,Wise County,603,Southwest,school,362,1020,Wise Primary,60.033167495854066,NA,NA,NA,NA,NA,NA,NA,NA,NA
2024-2025,Wythe County,411,Southwest,school,161,760,Fort Chiswell High,39.17274939172749,NA,NA,NA,NA,NA,NA,NA,NA,NA
2024-2025,Wythe County,319,Southwest,school,155,1073,Fort Chiswell Middle,48.589341692789965,NA,NA,NA,NA,NA,NA,NA,NA,NA
2024-2025,Wythe County,424,Southwest,school,189,721,George Wythe High,44.575471698113205,NA,NA,NA,NA,NA,NA,NA,NA,NA
2024-2025,Wythe County,229,Southwest,school,138,730,Jackson Memorial Elementary,60.26200873362445,NA,NA,NA,NA,NA,NA,NA,NA,NA
2024-2025,Wythe County,201,Southwest,school,104,100,Max Meadows Elementary,51.741293532338304,NA,NA,NA,NA,NA,NA,NA,NA,NA
2024-2025,Wythe County,350,Southwest,school,160,201,Rural Retreat Elementary,45.714285714285715,NA,NA,NA,NA,NA,NA,NA,NA,NA
2024-2025,Wythe County,300,Southwest,school,124,202,Rural Retreat High,41.333333333333336,NA,NA,NA,NA,NA,NA,NA,NA,NA
2024-2025,Wythe County,236,Southwest,school,103,1074,Rural Retreat Middle,43.64406779661017,NA,NA,NA,NA,NA,NA,NA,NA,NA
2024-2025,Wythe County,305,Southwest,school,140,1075,Scott Memorial Middle,45.90163934426229,NA,NA,NA,NA,NA,NA,NA,NA,NA
2024-2025,Wythe County,224,Southwest,school,108,740,Sheffey Elementary,48.214285714285715,NA,NA,NA,NA,NA,NA,NA,NA,NA
2024-2025,Wythe County,123,Southwest,school,62,440,Speedwell Elementary,50.40650406504065,NA,NA,NA,NA,NA,NA,NA,NA,NA
2024-2025,Wythe County,616,Southwest,school,333,190,Spiller Elementary,54.05844155844156,NA,NA,NA,NA,NA,NA,NA,NA,NA
2024-2025,York County,651,Tidewater,school,280,180,Bethel Manor Elementary,43.01075268817204,NA,NA,NA,NA,NA,NA,NA,NA,NA
2024-2025,York County,723,Tidewater,school,223,20,Bruton High,30.843706777316736,NA,NA,NA,NA,NA,NA,NA,NA,NA
2024-2025,York County,635,Tidewater,school,193,90,Coventry Elementary,30.393700787401574,NA,NA,NA,NA,NA,NA,NA,NA,NA
2024-2025,York County,404,Tidewater,school,125,160,Dare Elementary,30.94059405940594,NA,NA,NA,NA,NA,NA,NA,NA,NA
2024-2025,York County,653,Tidewater,school,188,140,Grafton Bethel Elementary,28.79019908116386,NA,NA,NA,NA,NA,NA,NA,NA,NA
2024-2025,York County,1235,Tidewater,school,311,332,Grafton High,25.182186234817816,NA,NA,NA,NA,NA,NA,NA,NA,NA
2024-2025,York County,937,Tidewater,school,243,333,Grafton Middle,25.933831376734258,NA,NA,NA,NA,NA,NA,NA,NA,NA
2024-2025,York County,620,Tidewater,school,227,10,Magruder Elementary,36.612903225806456,NA,NA,NA,NA,NA,NA,NA,NA,NA
2024-2025,York County,574,Tidewater,school,109,80,Mount Vernon Elementary,18.989547038327526,NA,NA,NA,NA,NA,NA,NA,NA,NA
2024-2025,York County,554,Tidewater,school,178,200,Queens Lake Middle,32.12996389891697,NA,NA,NA,NA,NA,NA,NA,NA,NA
2024-2025,York County,563,Tidewater,school,173,170,Seaford Elementary,30.728241563055064,NA,NA,NA,NA,NA,NA,NA,NA,NA
2024-2025,York County,731,Tidewater,school,203,50,Tabb Elementary,27.770177838577293,NA,NA,NA,NA,NA,NA,NA,NA,NA
2024-2025,York County,1154,Tidewater,school,252,230,Tabb High,21.837088388214905,NA,NA,NA,NA,NA,NA,NA,NA,NA
2024-2025,York County,968,Tidewater,school,269,190,Tabb Middle,27.789256198347108,NA,NA,NA,NA,NA,NA,NA,NA,NA
2024-2025,York County,463,Tidewater,school,154,220,Waller Mill Elementary,33.261339092872575,NA,NA,NA,NA,NA,NA,NA,NA,NA
2024-2025,York County,947,Tidewater,school,253,30,York High,26.715945089757128,NA,NA,NA,NA,NA,NA,NA,NA,NA
2024-2025,York County,72,Tidewater,school,22,335,York River Academy,30.555555555555557,NA,NA,NA,NA,NA,NA,NA,NA,NA
2024-2025,York County,624,Tidewater,school,293,210,Yorktown Elementary,46.955128205128204,NA,NA,NA,NA,NA,NA,NA,NA,NA
2024-2025,York County,717,Tidewater,school,242,60,Yorktown Middle,33.751743375174335,NA,NA,NA,NA,NA,NA,NA,NA,NA
